sample_index,time_s,displacement_mm,force_N,analysis_window,formulation_number,replicate_id,source_file_hash
0,0.0,0.0,-0.0065,False,12,mechanical_001,79d0085777a69b241e0aecfb8f846de17ec9f872695857e4dba45a777a7b9804
1,0.025,-0.0003,-0.0083,False,12,mechanical_001,79d0085777a69b241e0aecfb8f846de17ec9f872695857e4dba45a777a7b9804
2,0.05,-0.0018,-0.0046,False,12,mechanical_001,79d0085777a69b241e0aecfb8f846de17ec9f872695857e4dba45a777a7b9804
3,0.075,-0.0023,-0.0056,False,12,mechanical_001,79d0085777a69b241e0aecfb8f846de17ec9f872695857e4dba45a777a7b9804
4,0.1,-0.0023,-0.0056,False,12,mechanical_001,79d0085777a69b241e0aecfb8f846de17ec9f872695857e4dba45a777a7b9804
5,0.125,-0.0021,-0.0043,False,12,mechanical_001,79d0085777a69b241e0aecfb8f846de17ec9f872695857e4dba45a777a7b9804
6,0.15,-0.002,-0.007,False,12,mechanical_001,79d0085777a69b241e0aecfb8f846de17ec9f872695857e4dba45a777a7b9804
7,0.175,-0.0019,-0.0082,False,12,mechanical_001,79d0085777a69b241e0aecfb8f846de17ec9f872695857e4dba45a777a7b9804
8,0.2,-0.0018,-0.006,False,12,mechanical_001,79d0085777a69b241e0aecfb8f846de17ec9f872695857e4dba45a777a7b9804
9,0.225,-0.0016,-0.005,False,12,mechanical_001,79d0085777a69b241e0aecfb8f846de17ec9f872695857e4dba45a777a7b9804
10,0.25,-0.0013,-0.0046,False,12,mechanical_001,79d0085777a69b241e0aecfb8f846de17ec9f872695857e4dba45a777a7b9804
11,0.275,-0.001,-0.0044,False,12,mechanical_001,79d0085777a69b241e0aecfb8f846de17ec9f872695857e4dba45a777a7b9804
12,0.3,-0.0006,-0.0052,False,12,mechanical_001,79d0085777a69b241e0aecfb8f846de17ec9f872695857e4dba45a777a7b9804
13,0.325,-0.0002,-0.0058,False,12,mechanical_001,79d0085777a69b241e0aecfb8f846de17ec9f872695857e4dba45a777a7b9804
14,0.35,0.0004,-0.0044,False,12,mechanical_001,79d0085777a69b241e0aecfb8f846de17ec9f872695857e4dba45a777a7b9804
15,0.375,0.0011,-0.0039,False,12,mechanical_001,79d0085777a69b241e0aecfb8f846de17ec9f872695857e4dba45a777a7b9804
16,0.4,0.0019,-0.0048,False,12,mechanical_001,79d0085777a69b241e0aecfb8f846de17ec9f872695857e4dba45a777a7b9804
17,0.425,0.0027,-0.0073,False,12,mechanical_001,79d0085777a69b241e0aecfb8f846de17ec9f872695857e4dba45a777a7b9804
18,0.45,0.0036,-0.0077,False,12,mechanical_001,79d0085777a69b241e0aecfb8f846de17ec9f872695857e4dba45a777a7b9804
19,0.475,0.0044,-0.0062,False,12,mechanical_001,79d0085777a69b241e0aecfb8f846de17ec9f872695857e4dba45a777a7b9804
20,0.5,0.0052,-0.0061,False,12,mechanical_001,79d0085777a69b241e0aecfb8f846de17ec9f872695857e4dba45a777a7b9804
21,0.525,0.0059,-0.0071,False,12,mechanical_001,79d0085777a69b241e0aecfb8f846de17ec9f872695857e4dba45a777a7b9804
22,0.55,0.0065,-0.0062,False,12,mechanical_001,79d0085777a69b241e0aecfb8f846de17ec9f872695857e4dba45a777a7b9804
23,0.575,0.0069,-0.0065,False,12,mechanical_001,79d0085777a69b241e0aecfb8f846de17ec9f872695857e4dba45a777a7b9804
24,0.6,0.0073,-0.0087,False,12,mechanical_001,79d0085777a69b241e0aecfb8f846de17ec9f872695857e4dba45a777a7b9804
25,0.625,0.0077,-0.0071,False,12,mechanical_001,79d0085777a69b241e0aecfb8f846de17ec9f872695857e4dba45a777a7b9804
26,0.65,0.008,-0.0059,False,12,mechanical_001,79d0085777a69b241e0aecfb8f846de17ec9f872695857e4dba45a777a7b9804
27,0.675,0.0083,-0.0059,False,12,mechanical_001,79d0085777a69b241e0aecfb8f846de17ec9f872695857e4dba45a777a7b9804
28,0.7,0.0085,-0.0056,False,12,mechanical_001,79d0085777a69b241e0aecfb8f846de17ec9f872695857e4dba45a777a7b9804
29,0.725,0.0088,-0.0072,False,12,mechanical_001,79d0085777a69b241e0aecfb8f846de17ec9f872695857e4dba45a777a7b9804
30,0.75,0.0091,-0.0067,False,12,mechanical_001,79d0085777a69b241e0aecfb8f846de17ec9f872695857e4dba45a777a7b9804
31,0.775,0.0094,-0.0063,False,12,mechanical_001,79d0085777a69b241e0aecfb8f846de17ec9f872695857e4dba45a777a7b9804
32,0.8,0.0097,-0.0064,False,12,mechanical_001,79d0085777a69b241e0aecfb8f846de17ec9f872695857e4dba45a777a7b9804
33,0.825,0.01,-0.0069,False,12,mechanical_001,79d0085777a69b241e0aecfb8f846de17ec9f872695857e4dba45a777a7b9804
34,0.85,0.0103,-0.0069,False,12,mechanical_001,79d0085777a69b241e0aecfb8f846de17ec9f872695857e4dba45a777a7b9804
35,0.875,0.0107,-0.0065,False,12,mechanical_001,79d0085777a69b241e0aecfb8f846de17ec9f872695857e4dba45a777a7b9804
36,0.9,0.011,-0.0054,False,12,mechanical_001,79d0085777a69b241e0aecfb8f846de17ec9f872695857e4dba45a777a7b9804
37,0.925,0.0114,-0.0068,False,12,mechanical_001,79d0085777a69b241e0aecfb8f846de17ec9f872695857e4dba45a777a7b9804
38,0.95,0.0117,-0.005,False,12,mechanical_001,79d0085777a69b241e0aecfb8f846de17ec9f872695857e4dba45a777a7b9804
39,0.975,0.012,-0.0032,False,12,mechanical_001,79d0085777a69b241e0aecfb8f846de17ec9f872695857e4dba45a777a7b9804
40,1.0,0.0123,-0.0044,False,12,mechanical_001,79d0085777a69b241e0aecfb8f846de17ec9f872695857e4dba45a777a7b9804
41,1.025,0.0126,-0.0035,False,12,mechanical_001,79d0085777a69b241e0aecfb8f846de17ec9f872695857e4dba45a777a7b9804
42,1.05,0.0129,-0.0047,False,12,mechanical_001,79d0085777a69b241e0aecfb8f846de17ec9f872695857e4dba45a777a7b9804
43,1.075,0.0132,-0.006,False,12,mechanical_001,79d0085777a69b241e0aecfb8f846de17ec9f872695857e4dba45a777a7b9804
44,1.1,0.0135,-0.0063,False,12,mechanical_001,79d0085777a69b241e0aecfb8f846de17ec9f872695857e4dba45a777a7b9804
45,1.125,0.0138,-0.0079,False,12,mechanical_001,79d0085777a69b241e0aecfb8f846de17ec9f872695857e4dba45a777a7b9804
46,1.15,0.0141,-0.0064,False,12,mechanical_001,79d0085777a69b241e0aecfb8f846de17ec9f872695857e4dba45a777a7b9804
47,1.175,0.0145,-0.0054,False,12,mechanical_001,79d0085777a69b241e0aecfb8f846de17ec9f872695857e4dba45a777a7b9804
48,1.2,0.0148,-0.0057,False,12,mechanical_001,79d0085777a69b241e0aecfb8f846de17ec9f872695857e4dba45a777a7b9804
49,1.225,0.0151,-0.006,False,12,mechanical_001,79d0085777a69b241e0aecfb8f846de17ec9f872695857e4dba45a777a7b9804
50,1.25,0.0154,-0.0052,False,12,mechanical_001,79d0085777a69b241e0aecfb8f846de17ec9f872695857e4dba45a777a7b9804
51,1.275,0.0158,-0.0054,False,12,mechanical_001,79d0085777a69b241e0aecfb8f846de17ec9f872695857e4dba45a777a7b9804
52,1.3,0.0161,-0.006,False,12,mechanical_001,79d0085777a69b241e0aecfb8f846de17ec9f872695857e4dba45a777a7b9804
53,1.325,0.0164,-0.0057,False,12,mechanical_001,79d0085777a69b241e0aecfb8f846de17ec9f872695857e4dba45a777a7b9804
54,1.35,0.0167,-0.0048,False,12,mechanical_001,79d0085777a69b241e0aecfb8f846de17ec9f872695857e4dba45a777a7b9804
55,1.375,0.017,-0.0053,False,12,mechanical_001,79d0085777a69b241e0aecfb8f846de17ec9f872695857e4dba45a777a7b9804
56,1.4,0.0174,-0.0057,False,12,mechanical_001,79d0085777a69b241e0aecfb8f846de17ec9f872695857e4dba45a777a7b9804
57,1.425,0.0177,-0.0056,False,12,mechanical_001,79d0085777a69b241e0aecfb8f846de17ec9f872695857e4dba45a777a7b9804
58,1.45,0.018,-0.0054,False,12,mechanical_001,79d0085777a69b241e0aecfb8f846de17ec9f872695857e4dba45a777a7b9804
59,1.475,0.0183,-0.0049,False,12,mechanical_001,79d0085777a69b241e0aecfb8f846de17ec9f872695857e4dba45a777a7b9804
60,1.5,0.0186,-0.0066,False,12,mechanical_001,79d0085777a69b241e0aecfb8f846de17ec9f872695857e4dba45a777a7b9804
61,1.525,0.0189,-0.0061,False,12,mechanical_001,79d0085777a69b241e0aecfb8f846de17ec9f872695857e4dba45a777a7b9804
62,1.55,0.0193,-0.0061,False,12,mechanical_001,79d0085777a69b241e0aecfb8f846de17ec9f872695857e4dba45a777a7b9804
63,1.575,0.0196,-0.0052,False,12,mechanical_001,79d0085777a69b241e0aecfb8f846de17ec9f872695857e4dba45a777a7b9804
64,1.6,0.0199,-0.0043,False,12,mechanical_001,79d0085777a69b241e0aecfb8f846de17ec9f872695857e4dba45a777a7b9804
65,1.625,0.0202,-0.0053,False,12,mechanical_001,79d0085777a69b241e0aecfb8f846de17ec9f872695857e4dba45a777a7b9804
66,1.65,0.0206,-0.0052,False,12,mechanical_001,79d0085777a69b241e0aecfb8f846de17ec9f872695857e4dba45a777a7b9804
67,1.675,0.0209,-0.0063,False,12,mechanical_001,79d0085777a69b241e0aecfb8f846de17ec9f872695857e4dba45a777a7b9804
68,1.7,0.0212,-0.0061,False,12,mechanical_001,79d0085777a69b241e0aecfb8f846de17ec9f872695857e4dba45a777a7b9804
69,1.725,0.0215,-0.0046,False,12,mechanical_001,79d0085777a69b241e0aecfb8f846de17ec9f872695857e4dba45a777a7b9804
70,1.75,0.0219,-0.0052,False,12,mechanical_001,79d0085777a69b241e0aecfb8f846de17ec9f872695857e4dba45a777a7b9804
71,1.775,0.0221,-0.0061,False,12,mechanical_001,79d0085777a69b241e0aecfb8f846de17ec9f872695857e4dba45a777a7b9804
72,1.8,0.0224,-0.0051,False,12,mechanical_001,79d0085777a69b241e0aecfb8f846de17ec9f872695857e4dba45a777a7b9804
73,1.825,0.0227,-0.0041,False,12,mechanical_001,79d0085777a69b241e0aecfb8f846de17ec9f872695857e4dba45a777a7b9804
74,1.85,0.023,-0.0037,False,12,mechanical_001,79d0085777a69b241e0aecfb8f846de17ec9f872695857e4dba45a777a7b9804
75,1.875,0.0233,-0.0052,False,12,mechanical_001,79d0085777a69b241e0aecfb8f846de17ec9f872695857e4dba45a777a7b9804
76,1.9,0.0236,-0.0053,False,12,mechanical_001,79d0085777a69b241e0aecfb8f846de17ec9f872695857e4dba45a777a7b9804
77,1.925,0.024,-0.0051,False,12,mechanical_001,79d0085777a69b241e0aecfb8f846de17ec9f872695857e4dba45a777a7b9804
78,1.95,0.0243,-0.0054,False,12,mechanical_001,79d0085777a69b241e0aecfb8f846de17ec9f872695857e4dba45a777a7b9804
79,1.975,0.0246,-0.0052,False,12,mechanical_001,79d0085777a69b241e0aecfb8f846de17ec9f872695857e4dba45a777a7b9804
80,2.0,0.0249,-0.0042,False,12,mechanical_001,79d0085777a69b241e0aecfb8f846de17ec9f872695857e4dba45a777a7b9804
81,2.025,0.0252,-0.0036,False,12,mechanical_001,79d0085777a69b241e0aecfb8f846de17ec9f872695857e4dba45a777a7b9804
82,2.05,0.0255,-0.0049,False,12,mechanical_001,79d0085777a69b241e0aecfb8f846de17ec9f872695857e4dba45a777a7b9804
83,2.075,0.0258,-0.006,False,12,mechanical_001,79d0085777a69b241e0aecfb8f846de17ec9f872695857e4dba45a777a7b9804
84,2.1,0.0261,-0.0061,False,12,mechanical_001,79d0085777a69b241e0aecfb8f846de17ec9f872695857e4dba45a777a7b9804
85,2.125,0.0264,-0.0049,False,12,mechanical_001,79d0085777a69b241e0aecfb8f846de17ec9f872695857e4dba45a777a7b9804
86,2.15,0.0267,-0.0044,False,12,mechanical_001,79d0085777a69b241e0aecfb8f846de17ec9f872695857e4dba45a777a7b9804
87,2.175,0.027,-0.0058,False,12,mechanical_001,79d0085777a69b241e0aecfb8f846de17ec9f872695857e4dba45a777a7b9804
88,2.2,0.0273,-0.0052,False,12,mechanical_001,79d0085777a69b241e0aecfb8f846de17ec9f872695857e4dba45a777a7b9804
89,2.225,0.0276,-0.005,False,12,mechanical_001,79d0085777a69b241e0aecfb8f846de17ec9f872695857e4dba45a777a7b9804
90,2.25,0.0279,-0.0053,False,12,mechanical_001,79d0085777a69b241e0aecfb8f846de17ec9f872695857e4dba45a777a7b9804
91,2.275,0.0282,-0.0062,False,12,mechanical_001,79d0085777a69b241e0aecfb8f846de17ec9f872695857e4dba45a777a7b9804
92,2.3,0.0285,-0.0055,False,12,mechanical_001,79d0085777a69b241e0aecfb8f846de17ec9f872695857e4dba45a777a7b9804
93,2.325,0.0288,-0.004,False,12,mechanical_001,79d0085777a69b241e0aecfb8f846de17ec9f872695857e4dba45a777a7b9804
94,2.35,0.0292,-0.0047,False,12,mechanical_001,79d0085777a69b241e0aecfb8f846de17ec9f872695857e4dba45a777a7b9804
95,2.375,0.0295,-0.0054,False,12,mechanical_001,79d0085777a69b241e0aecfb8f846de17ec9f872695857e4dba45a777a7b9804
96,2.4,0.0298,-0.0048,False,12,mechanical_001,79d0085777a69b241e0aecfb8f846de17ec9f872695857e4dba45a777a7b9804
97,2.425,0.0301,-0.0045,False,12,mechanical_001,79d0085777a69b241e0aecfb8f846de17ec9f872695857e4dba45a777a7b9804
98,2.45,0.0304,-0.0051,False,12,mechanical_001,79d0085777a69b241e0aecfb8f846de17ec9f872695857e4dba45a777a7b9804
99,2.475,0.0307,-0.0067,False,12,mechanical_001,79d0085777a69b241e0aecfb8f846de17ec9f872695857e4dba45a777a7b9804
100,2.5,0.031,-0.0056,False,12,mechanical_001,79d0085777a69b241e0aecfb8f846de17ec9f872695857e4dba45a777a7b9804
101,2.525,0.0313,-0.0056,False,12,mechanical_001,79d0085777a69b241e0aecfb8f846de17ec9f872695857e4dba45a777a7b9804
102,2.55,0.0316,-0.0053,False,12,mechanical_001,79d0085777a69b241e0aecfb8f846de17ec9f872695857e4dba45a777a7b9804
103,2.575,0.0319,-0.0056,False,12,mechanical_001,79d0085777a69b241e0aecfb8f846de17ec9f872695857e4dba45a777a7b9804
104,2.6,0.0322,-0.0065,False,12,mechanical_001,79d0085777a69b241e0aecfb8f846de17ec9f872695857e4dba45a777a7b9804
105,2.625,0.0326,-0.0061,False,12,mechanical_001,79d0085777a69b241e0aecfb8f846de17ec9f872695857e4dba45a777a7b9804
106,2.65,0.0329,-0.0062,False,12,mechanical_001,79d0085777a69b241e0aecfb8f846de17ec9f872695857e4dba45a777a7b9804
107,2.675,0.0332,-0.0062,False,12,mechanical_001,79d0085777a69b241e0aecfb8f846de17ec9f872695857e4dba45a777a7b9804
108,2.7,0.0335,-0.0042,False,12,mechanical_001,79d0085777a69b241e0aecfb8f846de17ec9f872695857e4dba45a777a7b9804
109,2.725,0.0338,-0.0056,False,12,mechanical_001,79d0085777a69b241e0aecfb8f846de17ec9f872695857e4dba45a777a7b9804
110,2.75,0.0341,-0.0067,False,12,mechanical_001,79d0085777a69b241e0aecfb8f846de17ec9f872695857e4dba45a777a7b9804
111,2.775,0.0344,-0.0065,False,12,mechanical_001,79d0085777a69b241e0aecfb8f846de17ec9f872695857e4dba45a777a7b9804
112,2.8,0.0347,-0.0051,False,12,mechanical_001,79d0085777a69b241e0aecfb8f846de17ec9f872695857e4dba45a777a7b9804
113,2.825,0.035,-0.005,False,12,mechanical_001,79d0085777a69b241e0aecfb8f846de17ec9f872695857e4dba45a777a7b9804
114,2.85,0.0353,-0.005,False,12,mechanical_001,79d0085777a69b241e0aecfb8f846de17ec9f872695857e4dba45a777a7b9804
115,2.875,0.0356,-0.0043,False,12,mechanical_001,79d0085777a69b241e0aecfb8f846de17ec9f872695857e4dba45a777a7b9804
116,2.9,0.0359,-0.0044,False,12,mechanical_001,79d0085777a69b241e0aecfb8f846de17ec9f872695857e4dba45a777a7b9804
117,2.925,0.0362,-0.006,False,12,mechanical_001,79d0085777a69b241e0aecfb8f846de17ec9f872695857e4dba45a777a7b9804
118,2.95,0.0365,-0.0059,False,12,mechanical_001,79d0085777a69b241e0aecfb8f846de17ec9f872695857e4dba45a777a7b9804
119,2.975,0.0368,-0.0066,False,12,mechanical_001,79d0085777a69b241e0aecfb8f846de17ec9f872695857e4dba45a777a7b9804
120,3.0,0.0371,-0.0063,False,12,mechanical_001,79d0085777a69b241e0aecfb8f846de17ec9f872695857e4dba45a777a7b9804
121,3.025,0.0374,-0.0047,False,12,mechanical_001,79d0085777a69b241e0aecfb8f846de17ec9f872695857e4dba45a777a7b9804
122,3.05,0.0377,-0.0043,False,12,mechanical_001,79d0085777a69b241e0aecfb8f846de17ec9f872695857e4dba45a777a7b9804
123,3.075,0.038,-0.0049,False,12,mechanical_001,79d0085777a69b241e0aecfb8f846de17ec9f872695857e4dba45a777a7b9804
124,3.1,0.0383,-0.0038,False,12,mechanical_001,79d0085777a69b241e0aecfb8f846de17ec9f872695857e4dba45a777a7b9804
125,3.125,0.0386,-0.0048,False,12,mechanical_001,79d0085777a69b241e0aecfb8f846de17ec9f872695857e4dba45a777a7b9804
126,3.15,0.0389,-0.0064,False,12,mechanical_001,79d0085777a69b241e0aecfb8f846de17ec9f872695857e4dba45a777a7b9804
127,3.175,0.0393,-0.0058,False,12,mechanical_001,79d0085777a69b241e0aecfb8f846de17ec9f872695857e4dba45a777a7b9804
128,3.2,0.0396,-0.0048,False,12,mechanical_001,79d0085777a69b241e0aecfb8f846de17ec9f872695857e4dba45a777a7b9804
129,3.225,0.0399,-0.0048,False,12,mechanical_001,79d0085777a69b241e0aecfb8f846de17ec9f872695857e4dba45a777a7b9804
130,3.25,0.0403,-0.0046,False,12,mechanical_001,79d0085777a69b241e0aecfb8f846de17ec9f872695857e4dba45a777a7b9804
131,3.275,0.0406,-0.0054,False,12,mechanical_001,79d0085777a69b241e0aecfb8f846de17ec9f872695857e4dba45a777a7b9804
132,3.3,0.0409,-0.0073,False,12,mechanical_001,79d0085777a69b241e0aecfb8f846de17ec9f872695857e4dba45a777a7b9804
133,3.325,0.0413,-0.0063,False,12,mechanical_001,79d0085777a69b241e0aecfb8f846de17ec9f872695857e4dba45a777a7b9804
134,3.35,0.0416,-0.0056,False,12,mechanical_001,79d0085777a69b241e0aecfb8f846de17ec9f872695857e4dba45a777a7b9804
135,3.375,0.0419,-0.005,False,12,mechanical_001,79d0085777a69b241e0aecfb8f846de17ec9f872695857e4dba45a777a7b9804
136,3.4,0.0423,-0.0053,False,12,mechanical_001,79d0085777a69b241e0aecfb8f846de17ec9f872695857e4dba45a777a7b9804
137,3.425,0.0426,-0.0056,False,12,mechanical_001,79d0085777a69b241e0aecfb8f846de17ec9f872695857e4dba45a777a7b9804
138,3.45,0.0429,-0.0061,False,12,mechanical_001,79d0085777a69b241e0aecfb8f846de17ec9f872695857e4dba45a777a7b9804
139,3.475,0.0432,-0.0061,False,12,mechanical_001,79d0085777a69b241e0aecfb8f846de17ec9f872695857e4dba45a777a7b9804
140,3.5,0.0435,-0.0039,False,12,mechanical_001,79d0085777a69b241e0aecfb8f846de17ec9f872695857e4dba45a777a7b9804
141,3.525,0.0438,-0.0043,False,12,mechanical_001,79d0085777a69b241e0aecfb8f846de17ec9f872695857e4dba45a777a7b9804
142,3.55,0.0441,-0.0001,False,12,mechanical_001,79d0085777a69b241e0aecfb8f846de17ec9f872695857e4dba45a777a7b9804
143,3.575,0.0444,0.0055,False,12,mechanical_001,79d0085777a69b241e0aecfb8f846de17ec9f872695857e4dba45a777a7b9804
144,3.6,0.0448,-0.0023,False,12,mechanical_001,79d0085777a69b241e0aecfb8f846de17ec9f872695857e4dba45a777a7b9804
145,3.625,0.0451,-0.0195,False,12,mechanical_001,79d0085777a69b241e0aecfb8f846de17ec9f872695857e4dba45a777a7b9804
146,3.65,0.0454,-0.0235,False,12,mechanical_001,79d0085777a69b241e0aecfb8f846de17ec9f872695857e4dba45a777a7b9804
147,3.675,0.0457,-0.0173,False,12,mechanical_001,79d0085777a69b241e0aecfb8f846de17ec9f872695857e4dba45a777a7b9804
148,3.7,0.046,-0.0073,False,12,mechanical_001,79d0085777a69b241e0aecfb8f846de17ec9f872695857e4dba45a777a7b9804
149,3.725,0.0463,0.0016,False,12,mechanical_001,79d0085777a69b241e0aecfb8f846de17ec9f872695857e4dba45a777a7b9804
150,3.75,0.0466,0.0076,False,12,mechanical_001,79d0085777a69b241e0aecfb8f846de17ec9f872695857e4dba45a777a7b9804
151,3.775,0.0469,0.0107,False,12,mechanical_001,79d0085777a69b241e0aecfb8f846de17ec9f872695857e4dba45a777a7b9804
152,3.8,0.0472,0.0064,False,12,mechanical_001,79d0085777a69b241e0aecfb8f846de17ec9f872695857e4dba45a777a7b9804
153,3.825,0.0475,-0.0002,False,12,mechanical_001,79d0085777a69b241e0aecfb8f846de17ec9f872695857e4dba45a777a7b9804
154,3.85,0.0478,-0.0042,False,12,mechanical_001,79d0085777a69b241e0aecfb8f846de17ec9f872695857e4dba45a777a7b9804
155,3.875,0.0482,-0.0083,False,12,mechanical_001,79d0085777a69b241e0aecfb8f846de17ec9f872695857e4dba45a777a7b9804
156,3.9,0.0485,-0.009,False,12,mechanical_001,79d0085777a69b241e0aecfb8f846de17ec9f872695857e4dba45a777a7b9804
157,3.925,0.0488,-0.0082,False,12,mechanical_001,79d0085777a69b241e0aecfb8f846de17ec9f872695857e4dba45a777a7b9804
158,3.95,0.0491,-0.0058,False,12,mechanical_001,79d0085777a69b241e0aecfb8f846de17ec9f872695857e4dba45a777a7b9804
159,3.975,0.0494,-0.0037,False,12,mechanical_001,79d0085777a69b241e0aecfb8f846de17ec9f872695857e4dba45a777a7b9804
160,4.0,0.0497,-0.0014,False,12,mechanical_001,79d0085777a69b241e0aecfb8f846de17ec9f872695857e4dba45a777a7b9804
161,4.025,0.05,0.001,False,12,mechanical_001,79d0085777a69b241e0aecfb8f846de17ec9f872695857e4dba45a777a7b9804
162,4.05,0.0504,0.002,False,12,mechanical_001,79d0085777a69b241e0aecfb8f846de17ec9f872695857e4dba45a777a7b9804
163,4.075,0.0507,-0.0012,False,12,mechanical_001,79d0085777a69b241e0aecfb8f846de17ec9f872695857e4dba45a777a7b9804
164,4.1,0.051,-0.0046,False,12,mechanical_001,79d0085777a69b241e0aecfb8f846de17ec9f872695857e4dba45a777a7b9804
165,4.125,0.0513,-0.004,False,12,mechanical_001,79d0085777a69b241e0aecfb8f846de17ec9f872695857e4dba45a777a7b9804
166,4.15,0.0516,-0.0058,False,12,mechanical_001,79d0085777a69b241e0aecfb8f846de17ec9f872695857e4dba45a777a7b9804
167,4.175,0.0519,-0.0045,False,12,mechanical_001,79d0085777a69b241e0aecfb8f846de17ec9f872695857e4dba45a777a7b9804
168,4.2,0.0522,-0.0017,False,12,mechanical_001,79d0085777a69b241e0aecfb8f846de17ec9f872695857e4dba45a777a7b9804
169,4.225,0.0525,-0.0001,False,12,mechanical_001,79d0085777a69b241e0aecfb8f846de17ec9f872695857e4dba45a777a7b9804
170,4.25,0.0527,-0.0005,False,12,mechanical_001,79d0085777a69b241e0aecfb8f846de17ec9f872695857e4dba45a777a7b9804
171,4.275,0.053,0.0006,False,12,mechanical_001,79d0085777a69b241e0aecfb8f846de17ec9f872695857e4dba45a777a7b9804
172,4.3,0.0533,0.001,False,12,mechanical_001,79d0085777a69b241e0aecfb8f846de17ec9f872695857e4dba45a777a7b9804
173,4.325,0.0536,0.0027,False,12,mechanical_001,79d0085777a69b241e0aecfb8f846de17ec9f872695857e4dba45a777a7b9804
174,4.35,0.0539,0.0063,False,12,mechanical_001,79d0085777a69b241e0aecfb8f846de17ec9f872695857e4dba45a777a7b9804
175,4.375,0.0542,0.0013,False,12,mechanical_001,79d0085777a69b241e0aecfb8f846de17ec9f872695857e4dba45a777a7b9804
176,4.4,0.0545,-0.0094,False,12,mechanical_001,79d0085777a69b241e0aecfb8f846de17ec9f872695857e4dba45a777a7b9804
177,4.425,0.0549,-0.0128,False,12,mechanical_001,79d0085777a69b241e0aecfb8f846de17ec9f872695857e4dba45a777a7b9804
178,4.45,0.0552,-0.0137,False,12,mechanical_001,79d0085777a69b241e0aecfb8f846de17ec9f872695857e4dba45a777a7b9804
179,4.475,0.0555,-0.0083,False,12,mechanical_001,79d0085777a69b241e0aecfb8f846de17ec9f872695857e4dba45a777a7b9804
180,4.5,0.0558,-0.0029,False,12,mechanical_001,79d0085777a69b241e0aecfb8f846de17ec9f872695857e4dba45a777a7b9804
181,4.525,0.0561,0.0018,False,12,mechanical_001,79d0085777a69b241e0aecfb8f846de17ec9f872695857e4dba45a777a7b9804
182,4.55,0.0564,0.009,False,12,mechanical_001,79d0085777a69b241e0aecfb8f846de17ec9f872695857e4dba45a777a7b9804
183,4.575,0.0567,0.0111,False,12,mechanical_001,79d0085777a69b241e0aecfb8f846de17ec9f872695857e4dba45a777a7b9804
184,4.6,0.057,0.0045,False,12,mechanical_001,79d0085777a69b241e0aecfb8f846de17ec9f872695857e4dba45a777a7b9804
185,4.625,0.0574,-0.0063,False,12,mechanical_001,79d0085777a69b241e0aecfb8f846de17ec9f872695857e4dba45a777a7b9804
186,4.65,0.0577,-0.0125,False,12,mechanical_001,79d0085777a69b241e0aecfb8f846de17ec9f872695857e4dba45a777a7b9804
187,4.675,0.058,-0.0139,False,12,mechanical_001,79d0085777a69b241e0aecfb8f846de17ec9f872695857e4dba45a777a7b9804
188,4.7,0.0583,-0.005,False,12,mechanical_001,79d0085777a69b241e0aecfb8f846de17ec9f872695857e4dba45a777a7b9804
189,4.725,0.0586,0.0053,False,12,mechanical_001,79d0085777a69b241e0aecfb8f846de17ec9f872695857e4dba45a777a7b9804
190,4.75,0.0589,0.0063,False,12,mechanical_001,79d0085777a69b241e0aecfb8f846de17ec9f872695857e4dba45a777a7b9804
191,4.775,0.0593,0.002,False,12,mechanical_001,79d0085777a69b241e0aecfb8f846de17ec9f872695857e4dba45a777a7b9804
192,4.8,0.0595,-0.001,False,12,mechanical_001,79d0085777a69b241e0aecfb8f846de17ec9f872695857e4dba45a777a7b9804
193,4.825,0.0598,-0.0029,False,12,mechanical_001,79d0085777a69b241e0aecfb8f846de17ec9f872695857e4dba45a777a7b9804
194,4.85,0.0601,-0.0075,False,12,mechanical_001,79d0085777a69b241e0aecfb8f846de17ec9f872695857e4dba45a777a7b9804
195,4.875,0.0604,-0.0078,False,12,mechanical_001,79d0085777a69b241e0aecfb8f846de17ec9f872695857e4dba45a777a7b9804
196,4.9,0.0608,-0.0017,False,12,mechanical_001,79d0085777a69b241e0aecfb8f846de17ec9f872695857e4dba45a777a7b9804
197,4.925,0.0611,0.0039,False,12,mechanical_001,79d0085777a69b241e0aecfb8f846de17ec9f872695857e4dba45a777a7b9804
198,4.95,0.0614,0.0053,False,12,mechanical_001,79d0085777a69b241e0aecfb8f846de17ec9f872695857e4dba45a777a7b9804
199,4.975,0.0617,-0.0054,False,12,mechanical_001,79d0085777a69b241e0aecfb8f846de17ec9f872695857e4dba45a777a7b9804
200,5.0,0.0621,-0.0204,False,12,mechanical_001,79d0085777a69b241e0aecfb8f846de17ec9f872695857e4dba45a777a7b9804
201,5.025,0.0624,-0.0358,False,12,mechanical_001,79d0085777a69b241e0aecfb8f846de17ec9f872695857e4dba45a777a7b9804
202,5.05,0.0627,-0.0449,False,12,mechanical_001,79d0085777a69b241e0aecfb8f846de17ec9f872695857e4dba45a777a7b9804
203,5.075,0.063,-0.0371,False,12,mechanical_001,79d0085777a69b241e0aecfb8f846de17ec9f872695857e4dba45a777a7b9804
204,5.1,0.0633,-0.0119,False,12,mechanical_001,79d0085777a69b241e0aecfb8f846de17ec9f872695857e4dba45a777a7b9804
205,5.125,0.0636,0.0118,False,12,mechanical_001,79d0085777a69b241e0aecfb8f846de17ec9f872695857e4dba45a777a7b9804
206,5.15,0.0639,0.0285,False,12,mechanical_001,79d0085777a69b241e0aecfb8f846de17ec9f872695857e4dba45a777a7b9804
207,5.175,0.0642,0.0324,False,12,mechanical_001,79d0085777a69b241e0aecfb8f846de17ec9f872695857e4dba45a777a7b9804
208,5.2,0.0645,0.0288,False,12,mechanical_001,79d0085777a69b241e0aecfb8f846de17ec9f872695857e4dba45a777a7b9804
209,5.225,0.0649,0.0176,False,12,mechanical_001,79d0085777a69b241e0aecfb8f846de17ec9f872695857e4dba45a777a7b9804
210,5.25,0.0652,0.0058,False,12,mechanical_001,79d0085777a69b241e0aecfb8f846de17ec9f872695857e4dba45a777a7b9804
211,5.275,0.0655,-0.0056,False,12,mechanical_001,79d0085777a69b241e0aecfb8f846de17ec9f872695857e4dba45a777a7b9804
212,5.3,0.0658,-0.0131,False,12,mechanical_001,79d0085777a69b241e0aecfb8f846de17ec9f872695857e4dba45a777a7b9804
213,5.325,0.0661,-0.0176,False,12,mechanical_001,79d0085777a69b241e0aecfb8f846de17ec9f872695857e4dba45a777a7b9804
214,5.35,0.0664,-0.0173,False,12,mechanical_001,79d0085777a69b241e0aecfb8f846de17ec9f872695857e4dba45a777a7b9804
215,5.375,0.0667,-0.0136,False,12,mechanical_001,79d0085777a69b241e0aecfb8f846de17ec9f872695857e4dba45a777a7b9804
216,5.4,0.067,-0.0076,False,12,mechanical_001,79d0085777a69b241e0aecfb8f846de17ec9f872695857e4dba45a777a7b9804
217,5.425,0.0673,-0.0026,False,12,mechanical_001,79d0085777a69b241e0aecfb8f846de17ec9f872695857e4dba45a777a7b9804
218,5.45,0.0676,0.0025,False,12,mechanical_001,79d0085777a69b241e0aecfb8f846de17ec9f872695857e4dba45a777a7b9804
219,5.475,0.068,0.0049,False,12,mechanical_001,79d0085777a69b241e0aecfb8f846de17ec9f872695857e4dba45a777a7b9804
220,5.5,0.0683,0.0043,False,12,mechanical_001,79d0085777a69b241e0aecfb8f846de17ec9f872695857e4dba45a777a7b9804
221,5.525,0.0686,0.0011,False,12,mechanical_001,79d0085777a69b241e0aecfb8f846de17ec9f872695857e4dba45a777a7b9804
222,5.55,0.0689,-0.0003,False,12,mechanical_001,79d0085777a69b241e0aecfb8f846de17ec9f872695857e4dba45a777a7b9804
223,5.575,0.0692,-0.0028,False,12,mechanical_001,79d0085777a69b241e0aecfb8f846de17ec9f872695857e4dba45a777a7b9804
224,5.6,0.0695,-0.0057,False,12,mechanical_001,79d0085777a69b241e0aecfb8f846de17ec9f872695857e4dba45a777a7b9804
225,5.625,0.0698,-0.0069,False,12,mechanical_001,79d0085777a69b241e0aecfb8f846de17ec9f872695857e4dba45a777a7b9804
226,5.65,0.0701,-0.0053,False,12,mechanical_001,79d0085777a69b241e0aecfb8f846de17ec9f872695857e4dba45a777a7b9804
227,5.675,0.0705,-0.0033,False,12,mechanical_001,79d0085777a69b241e0aecfb8f846de17ec9f872695857e4dba45a777a7b9804
228,5.7,0.0708,-0.0001,False,12,mechanical_001,79d0085777a69b241e0aecfb8f846de17ec9f872695857e4dba45a777a7b9804
229,5.725,0.0711,0.0026,False,12,mechanical_001,79d0085777a69b241e0aecfb8f846de17ec9f872695857e4dba45a777a7b9804
230,5.75,0.0714,0.0021,False,12,mechanical_001,79d0085777a69b241e0aecfb8f846de17ec9f872695857e4dba45a777a7b9804
231,5.775,0.0717,0.0015,False,12,mechanical_001,79d0085777a69b241e0aecfb8f846de17ec9f872695857e4dba45a777a7b9804
232,5.8,0.0721,0.0023,False,12,mechanical_001,79d0085777a69b241e0aecfb8f846de17ec9f872695857e4dba45a777a7b9804
233,5.825,0.0724,0.0012,False,12,mechanical_001,79d0085777a69b241e0aecfb8f846de17ec9f872695857e4dba45a777a7b9804
234,5.85,0.0727,0.0,False,12,mechanical_001,79d0085777a69b241e0aecfb8f846de17ec9f872695857e4dba45a777a7b9804
235,5.875,0.073,-0.0015,False,12,mechanical_001,79d0085777a69b241e0aecfb8f846de17ec9f872695857e4dba45a777a7b9804
236,5.9,0.0733,-0.0009,False,12,mechanical_001,79d0085777a69b241e0aecfb8f846de17ec9f872695857e4dba45a777a7b9804
237,5.925,0.0736,0.0001,False,12,mechanical_001,79d0085777a69b241e0aecfb8f846de17ec9f872695857e4dba45a777a7b9804
238,5.95,0.0739,0.0016,False,12,mechanical_001,79d0085777a69b241e0aecfb8f846de17ec9f872695857e4dba45a777a7b9804
239,5.975,0.0742,0.0012,False,12,mechanical_001,79d0085777a69b241e0aecfb8f846de17ec9f872695857e4dba45a777a7b9804
240,6.0,0.0746,-0.0001,False,12,mechanical_001,79d0085777a69b241e0aecfb8f846de17ec9f872695857e4dba45a777a7b9804
241,6.025,0.0749,0.0006,False,12,mechanical_001,79d0085777a69b241e0aecfb8f846de17ec9f872695857e4dba45a777a7b9804
242,6.05,0.0752,0.0019,False,12,mechanical_001,79d0085777a69b241e0aecfb8f846de17ec9f872695857e4dba45a777a7b9804
243,6.075,0.0755,0.0013,False,12,mechanical_001,79d0085777a69b241e0aecfb8f846de17ec9f872695857e4dba45a777a7b9804
244,6.1,0.0758,0.0009,False,12,mechanical_001,79d0085777a69b241e0aecfb8f846de17ec9f872695857e4dba45a777a7b9804
245,6.125,0.0761,0.0011,False,12,mechanical_001,79d0085777a69b241e0aecfb8f846de17ec9f872695857e4dba45a777a7b9804
246,6.15,0.0764,0.0011,False,12,mechanical_001,79d0085777a69b241e0aecfb8f846de17ec9f872695857e4dba45a777a7b9804
247,6.175,0.0767,0.0013,False,12,mechanical_001,79d0085777a69b241e0aecfb8f846de17ec9f872695857e4dba45a777a7b9804
248,6.2,0.0771,0.0024,False,12,mechanical_001,79d0085777a69b241e0aecfb8f846de17ec9f872695857e4dba45a777a7b9804
249,6.225,0.0774,0.001,False,12,mechanical_001,79d0085777a69b241e0aecfb8f846de17ec9f872695857e4dba45a777a7b9804
250,6.25,0.0777,0.0009,False,12,mechanical_001,79d0085777a69b241e0aecfb8f846de17ec9f872695857e4dba45a777a7b9804
251,6.275,0.078,0.002,False,12,mechanical_001,79d0085777a69b241e0aecfb8f846de17ec9f872695857e4dba45a777a7b9804
252,6.3,0.0783,0.0023,False,12,mechanical_001,79d0085777a69b241e0aecfb8f846de17ec9f872695857e4dba45a777a7b9804
253,6.325,0.0786,0.0009,False,12,mechanical_001,79d0085777a69b241e0aecfb8f846de17ec9f872695857e4dba45a777a7b9804
254,6.35,0.0789,0.0022,False,12,mechanical_001,79d0085777a69b241e0aecfb8f846de17ec9f872695857e4dba45a777a7b9804
255,6.375,0.0793,0.005,False,12,mechanical_001,79d0085777a69b241e0aecfb8f846de17ec9f872695857e4dba45a777a7b9804
256,6.4,0.0796,0.0051,False,12,mechanical_001,79d0085777a69b241e0aecfb8f846de17ec9f872695857e4dba45a777a7b9804
257,6.425,0.0799,0.0047,False,12,mechanical_001,79d0085777a69b241e0aecfb8f846de17ec9f872695857e4dba45a777a7b9804
258,6.45,0.0802,0.0049,False,12,mechanical_001,79d0085777a69b241e0aecfb8f846de17ec9f872695857e4dba45a777a7b9804
259,6.475,0.0805,0.0035,False,12,mechanical_001,79d0085777a69b241e0aecfb8f846de17ec9f872695857e4dba45a777a7b9804
260,6.5,0.0808,0.0039,False,12,mechanical_001,79d0085777a69b241e0aecfb8f846de17ec9f872695857e4dba45a777a7b9804
261,6.525,0.0811,0.0051,False,12,mechanical_001,79d0085777a69b241e0aecfb8f846de17ec9f872695857e4dba45a777a7b9804
262,6.55,0.0814,0.0059,False,12,mechanical_001,79d0085777a69b241e0aecfb8f846de17ec9f872695857e4dba45a777a7b9804
263,6.575,0.0817,0.007,False,12,mechanical_001,79d0085777a69b241e0aecfb8f846de17ec9f872695857e4dba45a777a7b9804
264,6.6,0.0821,0.0066,False,12,mechanical_001,79d0085777a69b241e0aecfb8f846de17ec9f872695857e4dba45a777a7b9804
265,6.625,0.0824,0.0076,False,12,mechanical_001,79d0085777a69b241e0aecfb8f846de17ec9f872695857e4dba45a777a7b9804
266,6.65,0.0827,0.0086,False,12,mechanical_001,79d0085777a69b241e0aecfb8f846de17ec9f872695857e4dba45a777a7b9804
267,6.675,0.083,0.0078,False,12,mechanical_001,79d0085777a69b241e0aecfb8f846de17ec9f872695857e4dba45a777a7b9804
268,6.7,0.0833,0.008,False,12,mechanical_001,79d0085777a69b241e0aecfb8f846de17ec9f872695857e4dba45a777a7b9804
269,6.725,0.0836,0.0091,False,12,mechanical_001,79d0085777a69b241e0aecfb8f846de17ec9f872695857e4dba45a777a7b9804
270,6.75,0.084,0.0111,False,12,mechanical_001,79d0085777a69b241e0aecfb8f846de17ec9f872695857e4dba45a777a7b9804
271,6.775,0.0843,0.0119,False,12,mechanical_001,79d0085777a69b241e0aecfb8f846de17ec9f872695857e4dba45a777a7b9804
272,6.8,0.0846,0.0101,False,12,mechanical_001,79d0085777a69b241e0aecfb8f846de17ec9f872695857e4dba45a777a7b9804
273,6.825,0.0849,0.0113,False,12,mechanical_001,79d0085777a69b241e0aecfb8f846de17ec9f872695857e4dba45a777a7b9804
274,6.85,0.0852,0.0125,False,12,mechanical_001,79d0085777a69b241e0aecfb8f846de17ec9f872695857e4dba45a777a7b9804
275,6.875,0.0855,0.0134,False,12,mechanical_001,79d0085777a69b241e0aecfb8f846de17ec9f872695857e4dba45a777a7b9804
276,6.9,0.0858,0.0147,False,12,mechanical_001,79d0085777a69b241e0aecfb8f846de17ec9f872695857e4dba45a777a7b9804
277,6.925,0.0862,0.0146,False,12,mechanical_001,79d0085777a69b241e0aecfb8f846de17ec9f872695857e4dba45a777a7b9804
278,6.95,0.0865,0.0156,False,12,mechanical_001,79d0085777a69b241e0aecfb8f846de17ec9f872695857e4dba45a777a7b9804
279,6.975,0.0868,0.0163,False,12,mechanical_001,79d0085777a69b241e0aecfb8f846de17ec9f872695857e4dba45a777a7b9804
280,7.0,0.0871,0.0111,False,12,mechanical_001,79d0085777a69b241e0aecfb8f846de17ec9f872695857e4dba45a777a7b9804
281,7.025,0.0874,0.009,False,12,mechanical_001,79d0085777a69b241e0aecfb8f846de17ec9f872695857e4dba45a777a7b9804
282,7.05,0.0878,0.0096,False,12,mechanical_001,79d0085777a69b241e0aecfb8f846de17ec9f872695857e4dba45a777a7b9804
283,7.075,0.0881,0.0098,False,12,mechanical_001,79d0085777a69b241e0aecfb8f846de17ec9f872695857e4dba45a777a7b9804
284,7.1,0.0884,0.0103,False,12,mechanical_001,79d0085777a69b241e0aecfb8f846de17ec9f872695857e4dba45a777a7b9804
285,7.125,0.0887,0.012,False,12,mechanical_001,79d0085777a69b241e0aecfb8f846de17ec9f872695857e4dba45a777a7b9804
286,7.15,0.089,0.0119,False,12,mechanical_001,79d0085777a69b241e0aecfb8f846de17ec9f872695857e4dba45a777a7b9804
287,7.175,0.0893,0.0124,False,12,mechanical_001,79d0085777a69b241e0aecfb8f846de17ec9f872695857e4dba45a777a7b9804
288,7.2,0.0896,0.0121,False,12,mechanical_001,79d0085777a69b241e0aecfb8f846de17ec9f872695857e4dba45a777a7b9804
289,7.225,0.09,0.013,False,12,mechanical_001,79d0085777a69b241e0aecfb8f846de17ec9f872695857e4dba45a777a7b9804
290,7.25,0.0903,0.0142,False,12,mechanical_001,79d0085777a69b241e0aecfb8f846de17ec9f872695857e4dba45a777a7b9804
291,7.275,0.0906,0.0138,False,12,mechanical_001,79d0085777a69b241e0aecfb8f846de17ec9f872695857e4dba45a777a7b9804
292,7.3,0.0909,0.0169,False,12,mechanical_001,79d0085777a69b241e0aecfb8f846de17ec9f872695857e4dba45a777a7b9804
293,7.325,0.0912,0.0178,False,12,mechanical_001,79d0085777a69b241e0aecfb8f846de17ec9f872695857e4dba45a777a7b9804
294,7.35,0.0915,0.0183,False,12,mechanical_001,79d0085777a69b241e0aecfb8f846de17ec9f872695857e4dba45a777a7b9804
295,7.375,0.0918,0.0195,False,12,mechanical_001,79d0085777a69b241e0aecfb8f846de17ec9f872695857e4dba45a777a7b9804
296,7.4,0.0921,0.0219,False,12,mechanical_001,79d0085777a69b241e0aecfb8f846de17ec9f872695857e4dba45a777a7b9804
297,7.425,0.0924,0.0229,False,12,mechanical_001,79d0085777a69b241e0aecfb8f846de17ec9f872695857e4dba45a777a7b9804
298,7.45,0.0927,0.0249,False,12,mechanical_001,79d0085777a69b241e0aecfb8f846de17ec9f872695857e4dba45a777a7b9804
299,7.475,0.093,0.0267,False,12,mechanical_001,79d0085777a69b241e0aecfb8f846de17ec9f872695857e4dba45a777a7b9804
300,7.5,0.0933,0.0276,False,12,mechanical_001,79d0085777a69b241e0aecfb8f846de17ec9f872695857e4dba45a777a7b9804
301,7.525,0.0936,0.0287,False,12,mechanical_001,79d0085777a69b241e0aecfb8f846de17ec9f872695857e4dba45a777a7b9804
302,7.55,0.0939,0.0301,False,12,mechanical_001,79d0085777a69b241e0aecfb8f846de17ec9f872695857e4dba45a777a7b9804
303,7.575,0.0942,0.0309,False,12,mechanical_001,79d0085777a69b241e0aecfb8f846de17ec9f872695857e4dba45a777a7b9804
304,7.6,0.0946,0.0331,False,12,mechanical_001,79d0085777a69b241e0aecfb8f846de17ec9f872695857e4dba45a777a7b9804
305,7.625,0.0949,0.0342,False,12,mechanical_001,79d0085777a69b241e0aecfb8f846de17ec9f872695857e4dba45a777a7b9804
306,7.65,0.0952,0.0362,False,12,mechanical_001,79d0085777a69b241e0aecfb8f846de17ec9f872695857e4dba45a777a7b9804
307,7.675,0.0955,0.0362,False,12,mechanical_001,79d0085777a69b241e0aecfb8f846de17ec9f872695857e4dba45a777a7b9804
308,7.7,0.0958,0.0351,False,12,mechanical_001,79d0085777a69b241e0aecfb8f846de17ec9f872695857e4dba45a777a7b9804
309,7.725,0.0961,0.0366,False,12,mechanical_001,79d0085777a69b241e0aecfb8f846de17ec9f872695857e4dba45a777a7b9804
310,7.75,0.0964,0.037,False,12,mechanical_001,79d0085777a69b241e0aecfb8f846de17ec9f872695857e4dba45a777a7b9804
311,7.775,0.0967,0.0377,False,12,mechanical_001,79d0085777a69b241e0aecfb8f846de17ec9f872695857e4dba45a777a7b9804
312,7.8,0.097,0.0378,False,12,mechanical_001,79d0085777a69b241e0aecfb8f846de17ec9f872695857e4dba45a777a7b9804
313,7.825,0.0973,0.0394,False,12,mechanical_001,79d0085777a69b241e0aecfb8f846de17ec9f872695857e4dba45a777a7b9804
314,7.85,0.0976,0.0398,False,12,mechanical_001,79d0085777a69b241e0aecfb8f846de17ec9f872695857e4dba45a777a7b9804
315,7.875,0.098,0.0402,False,12,mechanical_001,79d0085777a69b241e0aecfb8f846de17ec9f872695857e4dba45a777a7b9804
316,7.9,0.0983,0.0422,False,12,mechanical_001,79d0085777a69b241e0aecfb8f846de17ec9f872695857e4dba45a777a7b9804
317,7.925,0.0986,0.0427,False,12,mechanical_001,79d0085777a69b241e0aecfb8f846de17ec9f872695857e4dba45a777a7b9804
318,7.95,0.0989,0.0428,False,12,mechanical_001,79d0085777a69b241e0aecfb8f846de17ec9f872695857e4dba45a777a7b9804
319,7.975,0.0992,0.044,False,12,mechanical_001,79d0085777a69b241e0aecfb8f846de17ec9f872695857e4dba45a777a7b9804
320,8.0,0.0995,0.0457,False,12,mechanical_001,79d0085777a69b241e0aecfb8f846de17ec9f872695857e4dba45a777a7b9804
321,8.025,0.0999,0.0461,False,12,mechanical_001,79d0085777a69b241e0aecfb8f846de17ec9f872695857e4dba45a777a7b9804
322,8.05,0.1002,0.0468,False,12,mechanical_001,79d0085777a69b241e0aecfb8f846de17ec9f872695857e4dba45a777a7b9804
323,8.075,0.1005,0.0477,False,12,mechanical_001,79d0085777a69b241e0aecfb8f846de17ec9f872695857e4dba45a777a7b9804
324,8.1,0.1008,0.0467,False,12,mechanical_001,79d0085777a69b241e0aecfb8f846de17ec9f872695857e4dba45a777a7b9804
325,8.125,0.1011,0.0475,False,12,mechanical_001,79d0085777a69b241e0aecfb8f846de17ec9f872695857e4dba45a777a7b9804
326,8.15,0.1014,0.05,False,12,mechanical_001,79d0085777a69b241e0aecfb8f846de17ec9f872695857e4dba45a777a7b9804
327,8.175,0.1017,0.0516,False,12,mechanical_001,79d0085777a69b241e0aecfb8f846de17ec9f872695857e4dba45a777a7b9804
328,8.2,0.102,0.0527,False,12,mechanical_001,79d0085777a69b241e0aecfb8f846de17ec9f872695857e4dba45a777a7b9804
329,8.225,0.1024,0.0521,False,12,mechanical_001,79d0085777a69b241e0aecfb8f846de17ec9f872695857e4dba45a777a7b9804
330,8.25,0.1027,0.0528,False,12,mechanical_001,79d0085777a69b241e0aecfb8f846de17ec9f872695857e4dba45a777a7b9804
331,8.275,0.103,0.0536,False,12,mechanical_001,79d0085777a69b241e0aecfb8f846de17ec9f872695857e4dba45a777a7b9804
332,8.3,0.1033,0.0567,False,12,mechanical_001,79d0085777a69b241e0aecfb8f846de17ec9f872695857e4dba45a777a7b9804
333,8.325,0.1036,0.0568,False,12,mechanical_001,79d0085777a69b241e0aecfb8f846de17ec9f872695857e4dba45a777a7b9804
334,8.35,0.1039,0.0578,False,12,mechanical_001,79d0085777a69b241e0aecfb8f846de17ec9f872695857e4dba45a777a7b9804
335,8.375,0.1042,0.0584,False,12,mechanical_001,79d0085777a69b241e0aecfb8f846de17ec9f872695857e4dba45a777a7b9804
336,8.4,0.1046,0.0597,False,12,mechanical_001,79d0085777a69b241e0aecfb8f846de17ec9f872695857e4dba45a777a7b9804
337,8.425,0.1049,0.0603,False,12,mechanical_001,79d0085777a69b241e0aecfb8f846de17ec9f872695857e4dba45a777a7b9804
338,8.45,0.1052,0.0614,False,12,mechanical_001,79d0085777a69b241e0aecfb8f846de17ec9f872695857e4dba45a777a7b9804
339,8.475,0.1055,0.0626,False,12,mechanical_001,79d0085777a69b241e0aecfb8f846de17ec9f872695857e4dba45a777a7b9804
340,8.5,0.1058,0.0623,False,12,mechanical_001,79d0085777a69b241e0aecfb8f846de17ec9f872695857e4dba45a777a7b9804
341,8.525,0.1062,0.0651,False,12,mechanical_001,79d0085777a69b241e0aecfb8f846de17ec9f872695857e4dba45a777a7b9804
342,8.55,0.1065,0.0662,False,12,mechanical_001,79d0085777a69b241e0aecfb8f846de17ec9f872695857e4dba45a777a7b9804
343,8.575,0.1068,0.0665,False,12,mechanical_001,79d0085777a69b241e0aecfb8f846de17ec9f872695857e4dba45a777a7b9804
344,8.6,0.1072,0.0663,False,12,mechanical_001,79d0085777a69b241e0aecfb8f846de17ec9f872695857e4dba45a777a7b9804
345,8.625,0.1075,0.0666,False,12,mechanical_001,79d0085777a69b241e0aecfb8f846de17ec9f872695857e4dba45a777a7b9804
346,8.65,0.1079,0.0677,False,12,mechanical_001,79d0085777a69b241e0aecfb8f846de17ec9f872695857e4dba45a777a7b9804
347,8.675,0.1082,0.0696,False,12,mechanical_001,79d0085777a69b241e0aecfb8f846de17ec9f872695857e4dba45a777a7b9804
348,8.7,0.1085,0.0702,False,12,mechanical_001,79d0085777a69b241e0aecfb8f846de17ec9f872695857e4dba45a777a7b9804
349,8.725,0.1089,0.0705,False,12,mechanical_001,79d0085777a69b241e0aecfb8f846de17ec9f872695857e4dba45a777a7b9804
350,8.75,0.1092,0.0704,False,12,mechanical_001,79d0085777a69b241e0aecfb8f846de17ec9f872695857e4dba45a777a7b9804
351,8.775,0.1095,0.0698,False,12,mechanical_001,79d0085777a69b241e0aecfb8f846de17ec9f872695857e4dba45a777a7b9804
352,8.8,0.1098,0.0708,False,12,mechanical_001,79d0085777a69b241e0aecfb8f846de17ec9f872695857e4dba45a777a7b9804
353,8.825,0.1101,0.071,False,12,mechanical_001,79d0085777a69b241e0aecfb8f846de17ec9f872695857e4dba45a777a7b9804
354,8.85,0.1104,0.0675,False,12,mechanical_001,79d0085777a69b241e0aecfb8f846de17ec9f872695857e4dba45a777a7b9804
355,8.875,0.1107,0.066,False,12,mechanical_001,79d0085777a69b241e0aecfb8f846de17ec9f872695857e4dba45a777a7b9804
356,8.9,0.111,0.0659,False,12,mechanical_001,79d0085777a69b241e0aecfb8f846de17ec9f872695857e4dba45a777a7b9804
357,8.925,0.1113,0.0675,False,12,mechanical_001,79d0085777a69b241e0aecfb8f846de17ec9f872695857e4dba45a777a7b9804
358,8.95,0.1116,0.07,False,12,mechanical_001,79d0085777a69b241e0aecfb8f846de17ec9f872695857e4dba45a777a7b9804
359,8.975,0.1119,0.0705,False,12,mechanical_001,79d0085777a69b241e0aecfb8f846de17ec9f872695857e4dba45a777a7b9804
360,9.0,0.1123,0.0697,False,12,mechanical_001,79d0085777a69b241e0aecfb8f846de17ec9f872695857e4dba45a777a7b9804
361,9.025,0.1126,0.0701,False,12,mechanical_001,79d0085777a69b241e0aecfb8f846de17ec9f872695857e4dba45a777a7b9804
362,9.05,0.1129,0.0723,False,12,mechanical_001,79d0085777a69b241e0aecfb8f846de17ec9f872695857e4dba45a777a7b9804
363,9.075,0.1132,0.0735,False,12,mechanical_001,79d0085777a69b241e0aecfb8f846de17ec9f872695857e4dba45a777a7b9804
364,9.1,0.1136,0.0715,False,12,mechanical_001,79d0085777a69b241e0aecfb8f846de17ec9f872695857e4dba45a777a7b9804
365,9.125,0.1139,0.0701,False,12,mechanical_001,79d0085777a69b241e0aecfb8f846de17ec9f872695857e4dba45a777a7b9804
366,9.15,0.1142,0.0699,False,12,mechanical_001,79d0085777a69b241e0aecfb8f846de17ec9f872695857e4dba45a777a7b9804
367,9.175,0.1145,0.0696,False,12,mechanical_001,79d0085777a69b241e0aecfb8f846de17ec9f872695857e4dba45a777a7b9804
368,9.2,0.1148,0.0722,False,12,mechanical_001,79d0085777a69b241e0aecfb8f846de17ec9f872695857e4dba45a777a7b9804
369,9.225,0.1152,0.0712,False,12,mechanical_001,79d0085777a69b241e0aecfb8f846de17ec9f872695857e4dba45a777a7b9804
370,9.25,0.1155,0.0709,False,12,mechanical_001,79d0085777a69b241e0aecfb8f846de17ec9f872695857e4dba45a777a7b9804
371,9.275,0.1158,0.0708,False,12,mechanical_001,79d0085777a69b241e0aecfb8f846de17ec9f872695857e4dba45a777a7b9804
372,9.3,0.1161,0.07,False,12,mechanical_001,79d0085777a69b241e0aecfb8f846de17ec9f872695857e4dba45a777a7b9804
373,9.325,0.1164,0.0712,False,12,mechanical_001,79d0085777a69b241e0aecfb8f846de17ec9f872695857e4dba45a777a7b9804
374,9.35,0.1167,0.0725,False,12,mechanical_001,79d0085777a69b241e0aecfb8f846de17ec9f872695857e4dba45a777a7b9804
375,9.375,0.117,0.0721,False,12,mechanical_001,79d0085777a69b241e0aecfb8f846de17ec9f872695857e4dba45a777a7b9804
376,9.4,0.1173,0.0715,False,12,mechanical_001,79d0085777a69b241e0aecfb8f846de17ec9f872695857e4dba45a777a7b9804
377,9.425,0.1177,0.0703,False,12,mechanical_001,79d0085777a69b241e0aecfb8f846de17ec9f872695857e4dba45a777a7b9804
378,9.45,0.118,0.0688,False,12,mechanical_001,79d0085777a69b241e0aecfb8f846de17ec9f872695857e4dba45a777a7b9804
379,9.475,0.1183,0.0691,False,12,mechanical_001,79d0085777a69b241e0aecfb8f846de17ec9f872695857e4dba45a777a7b9804
380,9.5,0.1186,0.0688,False,12,mechanical_001,79d0085777a69b241e0aecfb8f846de17ec9f872695857e4dba45a777a7b9804
381,9.525,0.1189,0.0679,False,12,mechanical_001,79d0085777a69b241e0aecfb8f846de17ec9f872695857e4dba45a777a7b9804
382,9.55,0.1192,0.0663,False,12,mechanical_001,79d0085777a69b241e0aecfb8f846de17ec9f872695857e4dba45a777a7b9804
383,9.575,0.1195,0.0682,False,12,mechanical_001,79d0085777a69b241e0aecfb8f846de17ec9f872695857e4dba45a777a7b9804
384,9.6,0.1198,0.0684,False,12,mechanical_001,79d0085777a69b241e0aecfb8f846de17ec9f872695857e4dba45a777a7b9804
385,9.625,0.1202,0.0685,False,12,mechanical_001,79d0085777a69b241e0aecfb8f846de17ec9f872695857e4dba45a777a7b9804
386,9.65,0.1205,0.0698,False,12,mechanical_001,79d0085777a69b241e0aecfb8f846de17ec9f872695857e4dba45a777a7b9804
387,9.675,0.1208,0.0711,False,12,mechanical_001,79d0085777a69b241e0aecfb8f846de17ec9f872695857e4dba45a777a7b9804
388,9.7,0.1211,0.0718,False,12,mechanical_001,79d0085777a69b241e0aecfb8f846de17ec9f872695857e4dba45a777a7b9804
389,9.725,0.1214,0.07,False,12,mechanical_001,79d0085777a69b241e0aecfb8f846de17ec9f872695857e4dba45a777a7b9804
390,9.75,0.1217,0.0677,False,12,mechanical_001,79d0085777a69b241e0aecfb8f846de17ec9f872695857e4dba45a777a7b9804
391,9.775,0.122,0.0671,False,12,mechanical_001,79d0085777a69b241e0aecfb8f846de17ec9f872695857e4dba45a777a7b9804
392,9.8,0.1224,0.0676,False,12,mechanical_001,79d0085777a69b241e0aecfb8f846de17ec9f872695857e4dba45a777a7b9804
393,9.825,0.1227,0.0688,False,12,mechanical_001,79d0085777a69b241e0aecfb8f846de17ec9f872695857e4dba45a777a7b9804
394,9.85,0.1229,0.0688,False,12,mechanical_001,79d0085777a69b241e0aecfb8f846de17ec9f872695857e4dba45a777a7b9804
395,9.875,0.1233,0.0678,False,12,mechanical_001,79d0085777a69b241e0aecfb8f846de17ec9f872695857e4dba45a777a7b9804
396,9.9,0.1236,0.0667,False,12,mechanical_001,79d0085777a69b241e0aecfb8f846de17ec9f872695857e4dba45a777a7b9804
397,9.925,0.1239,0.0661,False,12,mechanical_001,79d0085777a69b241e0aecfb8f846de17ec9f872695857e4dba45a777a7b9804
398,9.95,0.1242,0.0661,False,12,mechanical_001,79d0085777a69b241e0aecfb8f846de17ec9f872695857e4dba45a777a7b9804
399,9.975,0.1245,0.0643,False,12,mechanical_001,79d0085777a69b241e0aecfb8f846de17ec9f872695857e4dba45a777a7b9804
400,10.0,0.1248,0.0652,False,12,mechanical_001,79d0085777a69b241e0aecfb8f846de17ec9f872695857e4dba45a777a7b9804
401,10.025,0.1251,0.0657,False,12,mechanical_001,79d0085777a69b241e0aecfb8f846de17ec9f872695857e4dba45a777a7b9804
402,10.05,0.1254,0.065,False,12,mechanical_001,79d0085777a69b241e0aecfb8f846de17ec9f872695857e4dba45a777a7b9804
403,10.075,0.1257,0.0652,False,12,mechanical_001,79d0085777a69b241e0aecfb8f846de17ec9f872695857e4dba45a777a7b9804
404,10.1,0.126,0.0658,False,12,mechanical_001,79d0085777a69b241e0aecfb8f846de17ec9f872695857e4dba45a777a7b9804
405,10.125,0.1263,0.0664,False,12,mechanical_001,79d0085777a69b241e0aecfb8f846de17ec9f872695857e4dba45a777a7b9804
406,10.15,0.1266,0.0653,False,12,mechanical_001,79d0085777a69b241e0aecfb8f846de17ec9f872695857e4dba45a777a7b9804
407,10.175,0.127,0.0651,False,12,mechanical_001,79d0085777a69b241e0aecfb8f846de17ec9f872695857e4dba45a777a7b9804
408,10.2,0.1273,0.0664,False,12,mechanical_001,79d0085777a69b241e0aecfb8f846de17ec9f872695857e4dba45a777a7b9804
409,10.225,0.1276,0.0663,False,12,mechanical_001,79d0085777a69b241e0aecfb8f846de17ec9f872695857e4dba45a777a7b9804
410,10.25,0.1279,0.0663,False,12,mechanical_001,79d0085777a69b241e0aecfb8f846de17ec9f872695857e4dba45a777a7b9804
411,10.275,0.1282,0.0662,False,12,mechanical_001,79d0085777a69b241e0aecfb8f846de17ec9f872695857e4dba45a777a7b9804
412,10.3,0.1285,0.0658,False,12,mechanical_001,79d0085777a69b241e0aecfb8f846de17ec9f872695857e4dba45a777a7b9804
413,10.325,0.1288,0.0682,False,12,mechanical_001,79d0085777a69b241e0aecfb8f846de17ec9f872695857e4dba45a777a7b9804
414,10.35,0.1291,0.0699,False,12,mechanical_001,79d0085777a69b241e0aecfb8f846de17ec9f872695857e4dba45a777a7b9804
415,10.375,0.1294,0.0699,False,12,mechanical_001,79d0085777a69b241e0aecfb8f846de17ec9f872695857e4dba45a777a7b9804
416,10.4,0.1298,0.0718,False,12,mechanical_001,79d0085777a69b241e0aecfb8f846de17ec9f872695857e4dba45a777a7b9804
417,10.425,0.1301,0.0728,False,12,mechanical_001,79d0085777a69b241e0aecfb8f846de17ec9f872695857e4dba45a777a7b9804
418,10.45,0.1304,0.0733,False,12,mechanical_001,79d0085777a69b241e0aecfb8f846de17ec9f872695857e4dba45a777a7b9804
419,10.475,0.1307,0.0732,False,12,mechanical_001,79d0085777a69b241e0aecfb8f846de17ec9f872695857e4dba45a777a7b9804
420,10.5,0.131,0.0722,False,12,mechanical_001,79d0085777a69b241e0aecfb8f846de17ec9f872695857e4dba45a777a7b9804
421,10.525,0.1313,0.0741,False,12,mechanical_001,79d0085777a69b241e0aecfb8f846de17ec9f872695857e4dba45a777a7b9804
422,10.55,0.1317,0.0762,False,12,mechanical_001,79d0085777a69b241e0aecfb8f846de17ec9f872695857e4dba45a777a7b9804
423,10.575,0.132,0.0792,False,12,mechanical_001,79d0085777a69b241e0aecfb8f846de17ec9f872695857e4dba45a777a7b9804
424,10.6,0.1323,0.0797,False,12,mechanical_001,79d0085777a69b241e0aecfb8f846de17ec9f872695857e4dba45a777a7b9804
425,10.625,0.1326,0.0796,False,12,mechanical_001,79d0085777a69b241e0aecfb8f846de17ec9f872695857e4dba45a777a7b9804
426,10.65,0.1329,0.0801,False,12,mechanical_001,79d0085777a69b241e0aecfb8f846de17ec9f872695857e4dba45a777a7b9804
427,10.675,0.1332,0.0809,False,12,mechanical_001,79d0085777a69b241e0aecfb8f846de17ec9f872695857e4dba45a777a7b9804
428,10.7,0.1336,0.083,False,12,mechanical_001,79d0085777a69b241e0aecfb8f846de17ec9f872695857e4dba45a777a7b9804
429,10.725,0.1339,0.0848,False,12,mechanical_001,79d0085777a69b241e0aecfb8f846de17ec9f872695857e4dba45a777a7b9804
430,10.75,0.1342,0.085,False,12,mechanical_001,79d0085777a69b241e0aecfb8f846de17ec9f872695857e4dba45a777a7b9804
431,10.775,0.1345,0.0866,False,12,mechanical_001,79d0085777a69b241e0aecfb8f846de17ec9f872695857e4dba45a777a7b9804
432,10.8,0.1349,0.0873,False,12,mechanical_001,79d0085777a69b241e0aecfb8f846de17ec9f872695857e4dba45a777a7b9804
433,10.825,0.1352,0.0873,False,12,mechanical_001,79d0085777a69b241e0aecfb8f846de17ec9f872695857e4dba45a777a7b9804
434,10.85,0.1355,0.0889,False,12,mechanical_001,79d0085777a69b241e0aecfb8f846de17ec9f872695857e4dba45a777a7b9804
435,10.875,0.1358,0.0904,False,12,mechanical_001,79d0085777a69b241e0aecfb8f846de17ec9f872695857e4dba45a777a7b9804
436,10.9,0.1361,0.0891,False,12,mechanical_001,79d0085777a69b241e0aecfb8f846de17ec9f872695857e4dba45a777a7b9804
437,10.925,0.1365,0.0903,False,12,mechanical_001,79d0085777a69b241e0aecfb8f846de17ec9f872695857e4dba45a777a7b9804
438,10.95,0.1368,0.0915,False,12,mechanical_001,79d0085777a69b241e0aecfb8f846de17ec9f872695857e4dba45a777a7b9804
439,10.975,0.1371,0.0923,False,12,mechanical_001,79d0085777a69b241e0aecfb8f846de17ec9f872695857e4dba45a777a7b9804
440,11.0,0.1374,0.0931,False,12,mechanical_001,79d0085777a69b241e0aecfb8f846de17ec9f872695857e4dba45a777a7b9804
441,11.025,0.1377,0.0956,False,12,mechanical_001,79d0085777a69b241e0aecfb8f846de17ec9f872695857e4dba45a777a7b9804
442,11.05,0.138,0.0963,False,12,mechanical_001,79d0085777a69b241e0aecfb8f846de17ec9f872695857e4dba45a777a7b9804
443,11.075,0.1384,0.0981,False,12,mechanical_001,79d0085777a69b241e0aecfb8f846de17ec9f872695857e4dba45a777a7b9804
444,11.1,0.1387,0.1,False,12,mechanical_001,79d0085777a69b241e0aecfb8f846de17ec9f872695857e4dba45a777a7b9804
445,11.125,0.1391,0.1013,False,12,mechanical_001,79d0085777a69b241e0aecfb8f846de17ec9f872695857e4dba45a777a7b9804
446,11.15,0.1394,0.1015,False,12,mechanical_001,79d0085777a69b241e0aecfb8f846de17ec9f872695857e4dba45a777a7b9804
447,11.175,0.1397,0.1017,False,12,mechanical_001,79d0085777a69b241e0aecfb8f846de17ec9f872695857e4dba45a777a7b9804
448,11.2,0.14,0.1022,False,12,mechanical_001,79d0085777a69b241e0aecfb8f846de17ec9f872695857e4dba45a777a7b9804
449,11.225,0.1404,0.1038,False,12,mechanical_001,79d0085777a69b241e0aecfb8f846de17ec9f872695857e4dba45a777a7b9804
450,11.25,0.1407,0.1055,False,12,mechanical_001,79d0085777a69b241e0aecfb8f846de17ec9f872695857e4dba45a777a7b9804
451,11.275,0.141,0.1073,False,12,mechanical_001,79d0085777a69b241e0aecfb8f846de17ec9f872695857e4dba45a777a7b9804
452,11.3,0.1413,0.108,False,12,mechanical_001,79d0085777a69b241e0aecfb8f846de17ec9f872695857e4dba45a777a7b9804
453,11.325,0.1417,0.1102,False,12,mechanical_001,79d0085777a69b241e0aecfb8f846de17ec9f872695857e4dba45a777a7b9804
454,11.35,0.142,0.1101,False,12,mechanical_001,79d0085777a69b241e0aecfb8f846de17ec9f872695857e4dba45a777a7b9804
455,11.375,0.1423,0.1107,False,12,mechanical_001,79d0085777a69b241e0aecfb8f846de17ec9f872695857e4dba45a777a7b9804
456,11.4,0.1427,0.1133,False,12,mechanical_001,79d0085777a69b241e0aecfb8f846de17ec9f872695857e4dba45a777a7b9804
457,11.425,0.143,0.1146,False,12,mechanical_001,79d0085777a69b241e0aecfb8f846de17ec9f872695857e4dba45a777a7b9804
458,11.45,0.1433,0.1136,False,12,mechanical_001,79d0085777a69b241e0aecfb8f846de17ec9f872695857e4dba45a777a7b9804
459,11.475,0.1437,0.1115,False,12,mechanical_001,79d0085777a69b241e0aecfb8f846de17ec9f872695857e4dba45a777a7b9804
460,11.5,0.144,0.1115,False,12,mechanical_001,79d0085777a69b241e0aecfb8f846de17ec9f872695857e4dba45a777a7b9804
461,11.525,0.1443,0.1115,False,12,mechanical_001,79d0085777a69b241e0aecfb8f846de17ec9f872695857e4dba45a777a7b9804
462,11.55,0.1446,0.1122,False,12,mechanical_001,79d0085777a69b241e0aecfb8f846de17ec9f872695857e4dba45a777a7b9804
463,11.575,0.1449,0.1113,False,12,mechanical_001,79d0085777a69b241e0aecfb8f846de17ec9f872695857e4dba45a777a7b9804
464,11.6,0.1452,0.1087,False,12,mechanical_001,79d0085777a69b241e0aecfb8f846de17ec9f872695857e4dba45a777a7b9804
465,11.625,0.1455,0.1086,False,12,mechanical_001,79d0085777a69b241e0aecfb8f846de17ec9f872695857e4dba45a777a7b9804
466,11.65,0.1458,0.1097,False,12,mechanical_001,79d0085777a69b241e0aecfb8f846de17ec9f872695857e4dba45a777a7b9804
467,11.675,0.1461,0.1104,False,12,mechanical_001,79d0085777a69b241e0aecfb8f846de17ec9f872695857e4dba45a777a7b9804
468,11.7,0.1465,0.1118,False,12,mechanical_001,79d0085777a69b241e0aecfb8f846de17ec9f872695857e4dba45a777a7b9804
469,11.725,0.1468,0.1126,False,12,mechanical_001,79d0085777a69b241e0aecfb8f846de17ec9f872695857e4dba45a777a7b9804
470,11.75,0.1471,0.1149,False,12,mechanical_001,79d0085777a69b241e0aecfb8f846de17ec9f872695857e4dba45a777a7b9804
471,11.775,0.1474,0.117,False,12,mechanical_001,79d0085777a69b241e0aecfb8f846de17ec9f872695857e4dba45a777a7b9804
472,11.8,0.1478,0.1181,False,12,mechanical_001,79d0085777a69b241e0aecfb8f846de17ec9f872695857e4dba45a777a7b9804
473,11.825,0.1481,0.1189,False,12,mechanical_001,79d0085777a69b241e0aecfb8f846de17ec9f872695857e4dba45a777a7b9804
474,11.85,0.1484,0.1189,False,12,mechanical_001,79d0085777a69b241e0aecfb8f846de17ec9f872695857e4dba45a777a7b9804
475,11.875,0.1487,0.1207,False,12,mechanical_001,79d0085777a69b241e0aecfb8f846de17ec9f872695857e4dba45a777a7b9804
476,11.9,0.1491,0.1229,False,12,mechanical_001,79d0085777a69b241e0aecfb8f846de17ec9f872695857e4dba45a777a7b9804
477,11.925,0.1494,0.1242,False,12,mechanical_001,79d0085777a69b241e0aecfb8f846de17ec9f872695857e4dba45a777a7b9804
478,11.95,0.1497,0.123,False,12,mechanical_001,79d0085777a69b241e0aecfb8f846de17ec9f872695857e4dba45a777a7b9804
479,11.975,0.15,0.1245,False,12,mechanical_001,79d0085777a69b241e0aecfb8f846de17ec9f872695857e4dba45a777a7b9804
480,12.0,0.1503,0.128,False,12,mechanical_001,79d0085777a69b241e0aecfb8f846de17ec9f872695857e4dba45a777a7b9804
481,12.025,0.1506,0.1304,False,12,mechanical_001,79d0085777a69b241e0aecfb8f846de17ec9f872695857e4dba45a777a7b9804
482,12.05,0.1509,0.129,False,12,mechanical_001,79d0085777a69b241e0aecfb8f846de17ec9f872695857e4dba45a777a7b9804
483,12.075,0.1512,0.124,False,12,mechanical_001,79d0085777a69b241e0aecfb8f846de17ec9f872695857e4dba45a777a7b9804
484,12.1,0.1516,0.1242,False,12,mechanical_001,79d0085777a69b241e0aecfb8f846de17ec9f872695857e4dba45a777a7b9804
485,12.125,0.1519,0.1248,False,12,mechanical_001,79d0085777a69b241e0aecfb8f846de17ec9f872695857e4dba45a777a7b9804
486,12.15,0.1522,0.1268,False,12,mechanical_001,79d0085777a69b241e0aecfb8f846de17ec9f872695857e4dba45a777a7b9804
487,12.175,0.1525,0.1275,False,12,mechanical_001,79d0085777a69b241e0aecfb8f846de17ec9f872695857e4dba45a777a7b9804
488,12.2,0.1529,0.1275,False,12,mechanical_001,79d0085777a69b241e0aecfb8f846de17ec9f872695857e4dba45a777a7b9804
489,12.225,0.1532,0.1282,False,12,mechanical_001,79d0085777a69b241e0aecfb8f846de17ec9f872695857e4dba45a777a7b9804
490,12.25,0.1535,0.1247,False,12,mechanical_001,79d0085777a69b241e0aecfb8f846de17ec9f872695857e4dba45a777a7b9804
491,12.275,0.1538,0.1183,False,12,mechanical_001,79d0085777a69b241e0aecfb8f846de17ec9f872695857e4dba45a777a7b9804
492,12.3,0.154,0.1129,False,12,mechanical_001,79d0085777a69b241e0aecfb8f846de17ec9f872695857e4dba45a777a7b9804
493,12.325,0.1543,0.1117,False,12,mechanical_001,79d0085777a69b241e0aecfb8f846de17ec9f872695857e4dba45a777a7b9804
494,12.35,0.1546,0.1105,False,12,mechanical_001,79d0085777a69b241e0aecfb8f846de17ec9f872695857e4dba45a777a7b9804
495,12.375,0.1549,0.1114,False,12,mechanical_001,79d0085777a69b241e0aecfb8f846de17ec9f872695857e4dba45a777a7b9804
496,12.4,0.1552,0.1113,False,12,mechanical_001,79d0085777a69b241e0aecfb8f846de17ec9f872695857e4dba45a777a7b9804
497,12.425,0.1555,0.1091,False,12,mechanical_001,79d0085777a69b241e0aecfb8f846de17ec9f872695857e4dba45a777a7b9804
498,12.45,0.1558,0.1076,False,12,mechanical_001,79d0085777a69b241e0aecfb8f846de17ec9f872695857e4dba45a777a7b9804
499,12.475,0.1561,0.1106,False,12,mechanical_001,79d0085777a69b241e0aecfb8f846de17ec9f872695857e4dba45a777a7b9804
500,12.5,0.1565,0.1122,False,12,mechanical_001,79d0085777a69b241e0aecfb8f846de17ec9f872695857e4dba45a777a7b9804
501,12.525,0.1568,0.1126,False,12,mechanical_001,79d0085777a69b241e0aecfb8f846de17ec9f872695857e4dba45a777a7b9804
502,12.55,0.1571,0.1119,False,12,mechanical_001,79d0085777a69b241e0aecfb8f846de17ec9f872695857e4dba45a777a7b9804
503,12.575,0.1574,0.1124,False,12,mechanical_001,79d0085777a69b241e0aecfb8f846de17ec9f872695857e4dba45a777a7b9804
504,12.6,0.1577,0.1119,False,12,mechanical_001,79d0085777a69b241e0aecfb8f846de17ec9f872695857e4dba45a777a7b9804
505,12.625,0.158,0.1106,False,12,mechanical_001,79d0085777a69b241e0aecfb8f846de17ec9f872695857e4dba45a777a7b9804
506,12.65,0.1583,0.1096,False,12,mechanical_001,79d0085777a69b241e0aecfb8f846de17ec9f872695857e4dba45a777a7b9804
507,12.675,0.1586,0.1076,False,12,mechanical_001,79d0085777a69b241e0aecfb8f846de17ec9f872695857e4dba45a777a7b9804
508,12.7,0.1589,0.1067,False,12,mechanical_001,79d0085777a69b241e0aecfb8f846de17ec9f872695857e4dba45a777a7b9804
509,12.725,0.1592,0.1081,False,12,mechanical_001,79d0085777a69b241e0aecfb8f846de17ec9f872695857e4dba45a777a7b9804
510,12.75,0.1594,0.1093,False,12,mechanical_001,79d0085777a69b241e0aecfb8f846de17ec9f872695857e4dba45a777a7b9804
511,12.775,0.1597,0.1094,False,12,mechanical_001,79d0085777a69b241e0aecfb8f846de17ec9f872695857e4dba45a777a7b9804
512,12.8,0.16,0.1098,False,12,mechanical_001,79d0085777a69b241e0aecfb8f846de17ec9f872695857e4dba45a777a7b9804
513,12.825,0.1603,0.1104,False,12,mechanical_001,79d0085777a69b241e0aecfb8f846de17ec9f872695857e4dba45a777a7b9804
514,12.85,0.1606,0.1128,False,12,mechanical_001,79d0085777a69b241e0aecfb8f846de17ec9f872695857e4dba45a777a7b9804
515,12.875,0.1609,0.1141,False,12,mechanical_001,79d0085777a69b241e0aecfb8f846de17ec9f872695857e4dba45a777a7b9804
516,12.9,0.1612,0.1167,False,12,mechanical_001,79d0085777a69b241e0aecfb8f846de17ec9f872695857e4dba45a777a7b9804
517,12.925,0.1615,0.1174,False,12,mechanical_001,79d0085777a69b241e0aecfb8f846de17ec9f872695857e4dba45a777a7b9804
518,12.95,0.1618,0.1189,False,12,mechanical_001,79d0085777a69b241e0aecfb8f846de17ec9f872695857e4dba45a777a7b9804
519,12.975,0.1621,0.1222,False,12,mechanical_001,79d0085777a69b241e0aecfb8f846de17ec9f872695857e4dba45a777a7b9804
520,13.0,0.1625,0.1251,False,12,mechanical_001,79d0085777a69b241e0aecfb8f846de17ec9f872695857e4dba45a777a7b9804
521,13.025,0.1628,0.1259,False,12,mechanical_001,79d0085777a69b241e0aecfb8f846de17ec9f872695857e4dba45a777a7b9804
522,13.05,0.1631,0.1243,False,12,mechanical_001,79d0085777a69b241e0aecfb8f846de17ec9f872695857e4dba45a777a7b9804
523,13.075,0.1634,0.1237,False,12,mechanical_001,79d0085777a69b241e0aecfb8f846de17ec9f872695857e4dba45a777a7b9804
524,13.1,0.1637,0.1252,False,12,mechanical_001,79d0085777a69b241e0aecfb8f846de17ec9f872695857e4dba45a777a7b9804
525,13.125,0.164,0.1261,False,12,mechanical_001,79d0085777a69b241e0aecfb8f846de17ec9f872695857e4dba45a777a7b9804
526,13.15,0.1642,0.1247,False,12,mechanical_001,79d0085777a69b241e0aecfb8f846de17ec9f872695857e4dba45a777a7b9804
527,13.175,0.1645,0.1229,False,12,mechanical_001,79d0085777a69b241e0aecfb8f846de17ec9f872695857e4dba45a777a7b9804
528,13.2,0.1648,0.124,False,12,mechanical_001,79d0085777a69b241e0aecfb8f846de17ec9f872695857e4dba45a777a7b9804
529,13.225,0.1651,0.1251,False,12,mechanical_001,79d0085777a69b241e0aecfb8f846de17ec9f872695857e4dba45a777a7b9804
530,13.25,0.1654,0.1267,False,12,mechanical_001,79d0085777a69b241e0aecfb8f846de17ec9f872695857e4dba45a777a7b9804
531,13.275,0.1657,0.1288,False,12,mechanical_001,79d0085777a69b241e0aecfb8f846de17ec9f872695857e4dba45a777a7b9804
532,13.3,0.166,0.1313,False,12,mechanical_001,79d0085777a69b241e0aecfb8f846de17ec9f872695857e4dba45a777a7b9804
533,13.325,0.1663,0.1329,False,12,mechanical_001,79d0085777a69b241e0aecfb8f846de17ec9f872695857e4dba45a777a7b9804
534,13.35,0.1666,0.1342,False,12,mechanical_001,79d0085777a69b241e0aecfb8f846de17ec9f872695857e4dba45a777a7b9804
535,13.375,0.167,0.1341,False,12,mechanical_001,79d0085777a69b241e0aecfb8f846de17ec9f872695857e4dba45a777a7b9804
536,13.4,0.1673,0.1347,False,12,mechanical_001,79d0085777a69b241e0aecfb8f846de17ec9f872695857e4dba45a777a7b9804
537,13.425,0.1676,0.1339,False,12,mechanical_001,79d0085777a69b241e0aecfb8f846de17ec9f872695857e4dba45a777a7b9804
538,13.45,0.1679,0.1333,False,12,mechanical_001,79d0085777a69b241e0aecfb8f846de17ec9f872695857e4dba45a777a7b9804
539,13.475,0.1682,0.1347,False,12,mechanical_001,79d0085777a69b241e0aecfb8f846de17ec9f872695857e4dba45a777a7b9804
540,13.5,0.1685,0.1334,False,12,mechanical_001,79d0085777a69b241e0aecfb8f846de17ec9f872695857e4dba45a777a7b9804
541,13.525,0.1688,0.1327,False,12,mechanical_001,79d0085777a69b241e0aecfb8f846de17ec9f872695857e4dba45a777a7b9804
542,13.55,0.1691,0.1352,False,12,mechanical_001,79d0085777a69b241e0aecfb8f846de17ec9f872695857e4dba45a777a7b9804
543,13.575,0.1694,0.1348,False,12,mechanical_001,79d0085777a69b241e0aecfb8f846de17ec9f872695857e4dba45a777a7b9804
544,13.6,0.1697,0.1363,False,12,mechanical_001,79d0085777a69b241e0aecfb8f846de17ec9f872695857e4dba45a777a7b9804
545,13.625,0.17,0.1364,False,12,mechanical_001,79d0085777a69b241e0aecfb8f846de17ec9f872695857e4dba45a777a7b9804
546,13.65,0.1703,0.1373,False,12,mechanical_001,79d0085777a69b241e0aecfb8f846de17ec9f872695857e4dba45a777a7b9804
547,13.675,0.1706,0.1383,False,12,mechanical_001,79d0085777a69b241e0aecfb8f846de17ec9f872695857e4dba45a777a7b9804
548,13.7,0.1709,0.1408,False,12,mechanical_001,79d0085777a69b241e0aecfb8f846de17ec9f872695857e4dba45a777a7b9804
549,13.725,0.1712,0.1404,False,12,mechanical_001,79d0085777a69b241e0aecfb8f846de17ec9f872695857e4dba45a777a7b9804
550,13.75,0.1715,0.1403,False,12,mechanical_001,79d0085777a69b241e0aecfb8f846de17ec9f872695857e4dba45a777a7b9804
551,13.775,0.1718,0.1392,False,12,mechanical_001,79d0085777a69b241e0aecfb8f846de17ec9f872695857e4dba45a777a7b9804
552,13.8,0.1721,0.1402,False,12,mechanical_001,79d0085777a69b241e0aecfb8f846de17ec9f872695857e4dba45a777a7b9804
553,13.825,0.1724,0.1381,False,12,mechanical_001,79d0085777a69b241e0aecfb8f846de17ec9f872695857e4dba45a777a7b9804
554,13.85,0.1727,0.1394,False,12,mechanical_001,79d0085777a69b241e0aecfb8f846de17ec9f872695857e4dba45a777a7b9804
555,13.875,0.173,0.1384,False,12,mechanical_001,79d0085777a69b241e0aecfb8f846de17ec9f872695857e4dba45a777a7b9804
556,13.9,0.1733,0.1387,False,12,mechanical_001,79d0085777a69b241e0aecfb8f846de17ec9f872695857e4dba45a777a7b9804
557,13.925,0.1736,0.1414,False,12,mechanical_001,79d0085777a69b241e0aecfb8f846de17ec9f872695857e4dba45a777a7b9804
558,13.95,0.1739,0.143,False,12,mechanical_001,79d0085777a69b241e0aecfb8f846de17ec9f872695857e4dba45a777a7b9804
559,13.975,0.1742,0.1464,False,12,mechanical_001,79d0085777a69b241e0aecfb8f846de17ec9f872695857e4dba45a777a7b9804
560,14.0,0.1745,0.149,False,12,mechanical_001,79d0085777a69b241e0aecfb8f846de17ec9f872695857e4dba45a777a7b9804
561,14.025,0.1749,0.1489,False,12,mechanical_001,79d0085777a69b241e0aecfb8f846de17ec9f872695857e4dba45a777a7b9804
562,14.05,0.1752,0.1489,False,12,mechanical_001,79d0085777a69b241e0aecfb8f846de17ec9f872695857e4dba45a777a7b9804
563,14.075,0.1755,0.1477,False,12,mechanical_001,79d0085777a69b241e0aecfb8f846de17ec9f872695857e4dba45a777a7b9804
564,14.1,0.1758,0.1467,False,12,mechanical_001,79d0085777a69b241e0aecfb8f846de17ec9f872695857e4dba45a777a7b9804
565,14.125,0.1761,0.1453,False,12,mechanical_001,79d0085777a69b241e0aecfb8f846de17ec9f872695857e4dba45a777a7b9804
566,14.15,0.1764,0.1429,False,12,mechanical_001,79d0085777a69b241e0aecfb8f846de17ec9f872695857e4dba45a777a7b9804
567,14.175,0.1767,0.143,False,12,mechanical_001,79d0085777a69b241e0aecfb8f846de17ec9f872695857e4dba45a777a7b9804
568,14.2,0.177,0.1436,False,12,mechanical_001,79d0085777a69b241e0aecfb8f846de17ec9f872695857e4dba45a777a7b9804
569,14.225,0.1774,0.1449,False,12,mechanical_001,79d0085777a69b241e0aecfb8f846de17ec9f872695857e4dba45a777a7b9804
570,14.25,0.1777,0.1446,False,12,mechanical_001,79d0085777a69b241e0aecfb8f846de17ec9f872695857e4dba45a777a7b9804
571,14.275,0.178,0.1446,False,12,mechanical_001,79d0085777a69b241e0aecfb8f846de17ec9f872695857e4dba45a777a7b9804
572,14.3,0.1783,0.1438,False,12,mechanical_001,79d0085777a69b241e0aecfb8f846de17ec9f872695857e4dba45a777a7b9804
573,14.325,0.1786,0.1439,False,12,mechanical_001,79d0085777a69b241e0aecfb8f846de17ec9f872695857e4dba45a777a7b9804
574,14.35,0.179,0.1446,False,12,mechanical_001,79d0085777a69b241e0aecfb8f846de17ec9f872695857e4dba45a777a7b9804
575,14.375,0.1793,0.1451,False,12,mechanical_001,79d0085777a69b241e0aecfb8f846de17ec9f872695857e4dba45a777a7b9804
576,14.4,0.1796,0.1461,False,12,mechanical_001,79d0085777a69b241e0aecfb8f846de17ec9f872695857e4dba45a777a7b9804
577,14.425,0.1799,0.1436,False,12,mechanical_001,79d0085777a69b241e0aecfb8f846de17ec9f872695857e4dba45a777a7b9804
578,14.45,0.1802,0.144,False,12,mechanical_001,79d0085777a69b241e0aecfb8f846de17ec9f872695857e4dba45a777a7b9804
579,14.475,0.1805,0.1439,False,12,mechanical_001,79d0085777a69b241e0aecfb8f846de17ec9f872695857e4dba45a777a7b9804
580,14.5,0.1808,0.1446,False,12,mechanical_001,79d0085777a69b241e0aecfb8f846de17ec9f872695857e4dba45a777a7b9804
581,14.525,0.1811,0.1472,False,12,mechanical_001,79d0085777a69b241e0aecfb8f846de17ec9f872695857e4dba45a777a7b9804
582,14.55,0.1814,0.1464,False,12,mechanical_001,79d0085777a69b241e0aecfb8f846de17ec9f872695857e4dba45a777a7b9804
583,14.575,0.1817,0.1452,False,12,mechanical_001,79d0085777a69b241e0aecfb8f846de17ec9f872695857e4dba45a777a7b9804
584,14.6,0.1821,0.1475,False,12,mechanical_001,79d0085777a69b241e0aecfb8f846de17ec9f872695857e4dba45a777a7b9804
585,14.625,0.1824,0.1488,False,12,mechanical_001,79d0085777a69b241e0aecfb8f846de17ec9f872695857e4dba45a777a7b9804
586,14.65,0.1827,0.1511,False,12,mechanical_001,79d0085777a69b241e0aecfb8f846de17ec9f872695857e4dba45a777a7b9804
587,14.675,0.183,0.151,False,12,mechanical_001,79d0085777a69b241e0aecfb8f846de17ec9f872695857e4dba45a777a7b9804
588,14.7,0.1833,0.1505,False,12,mechanical_001,79d0085777a69b241e0aecfb8f846de17ec9f872695857e4dba45a777a7b9804
589,14.725,0.1836,0.1505,False,12,mechanical_001,79d0085777a69b241e0aecfb8f846de17ec9f872695857e4dba45a777a7b9804
590,14.75,0.184,0.152,False,12,mechanical_001,79d0085777a69b241e0aecfb8f846de17ec9f872695857e4dba45a777a7b9804
591,14.775,0.1843,0.1542,False,12,mechanical_001,79d0085777a69b241e0aecfb8f846de17ec9f872695857e4dba45a777a7b9804
592,14.8,0.1846,0.1567,False,12,mechanical_001,79d0085777a69b241e0aecfb8f846de17ec9f872695857e4dba45a777a7b9804
593,14.825,0.1849,0.1587,False,12,mechanical_001,79d0085777a69b241e0aecfb8f846de17ec9f872695857e4dba45a777a7b9804
594,14.85,0.1853,0.1614,False,12,mechanical_001,79d0085777a69b241e0aecfb8f846de17ec9f872695857e4dba45a777a7b9804
595,14.875,0.1856,0.1619,False,12,mechanical_001,79d0085777a69b241e0aecfb8f846de17ec9f872695857e4dba45a777a7b9804
596,14.9,0.1859,0.1633,False,12,mechanical_001,79d0085777a69b241e0aecfb8f846de17ec9f872695857e4dba45a777a7b9804
597,14.925,0.1863,0.1658,False,12,mechanical_001,79d0085777a69b241e0aecfb8f846de17ec9f872695857e4dba45a777a7b9804
598,14.95,0.1866,0.1695,False,12,mechanical_001,79d0085777a69b241e0aecfb8f846de17ec9f872695857e4dba45a777a7b9804
599,14.975,0.1869,0.1707,False,12,mechanical_001,79d0085777a69b241e0aecfb8f846de17ec9f872695857e4dba45a777a7b9804
600,15.0,0.1873,0.1724,False,12,mechanical_001,79d0085777a69b241e0aecfb8f846de17ec9f872695857e4dba45a777a7b9804
601,15.025,0.1876,0.1733,False,12,mechanical_001,79d0085777a69b241e0aecfb8f846de17ec9f872695857e4dba45a777a7b9804
602,15.05,0.1879,0.1737,False,12,mechanical_001,79d0085777a69b241e0aecfb8f846de17ec9f872695857e4dba45a777a7b9804
603,15.075,0.1882,0.1738,False,12,mechanical_001,79d0085777a69b241e0aecfb8f846de17ec9f872695857e4dba45a777a7b9804
604,15.1,0.1885,0.1752,False,12,mechanical_001,79d0085777a69b241e0aecfb8f846de17ec9f872695857e4dba45a777a7b9804
605,15.125,0.1888,0.1743,False,12,mechanical_001,79d0085777a69b241e0aecfb8f846de17ec9f872695857e4dba45a777a7b9804
606,15.15,0.1891,0.1766,False,12,mechanical_001,79d0085777a69b241e0aecfb8f846de17ec9f872695857e4dba45a777a7b9804
607,15.175,0.1894,0.1805,False,12,mechanical_001,79d0085777a69b241e0aecfb8f846de17ec9f872695857e4dba45a777a7b9804
608,15.2,0.1897,0.1829,False,12,mechanical_001,79d0085777a69b241e0aecfb8f846de17ec9f872695857e4dba45a777a7b9804
609,15.225,0.1901,0.1857,False,12,mechanical_001,79d0085777a69b241e0aecfb8f846de17ec9f872695857e4dba45a777a7b9804
610,15.25,0.1904,0.1856,False,12,mechanical_001,79d0085777a69b241e0aecfb8f846de17ec9f872695857e4dba45a777a7b9804
611,15.275,0.1907,0.1889,False,12,mechanical_001,79d0085777a69b241e0aecfb8f846de17ec9f872695857e4dba45a777a7b9804
612,15.3,0.191,0.1906,False,12,mechanical_001,79d0085777a69b241e0aecfb8f846de17ec9f872695857e4dba45a777a7b9804
613,15.325,0.1913,0.1911,False,12,mechanical_001,79d0085777a69b241e0aecfb8f846de17ec9f872695857e4dba45a777a7b9804
614,15.35,0.1916,0.1938,False,12,mechanical_001,79d0085777a69b241e0aecfb8f846de17ec9f872695857e4dba45a777a7b9804
615,15.375,0.1919,0.1951,False,12,mechanical_001,79d0085777a69b241e0aecfb8f846de17ec9f872695857e4dba45a777a7b9804
616,15.4,0.1922,0.1954,False,12,mechanical_001,79d0085777a69b241e0aecfb8f846de17ec9f872695857e4dba45a777a7b9804
617,15.425,0.1925,0.1969,False,12,mechanical_001,79d0085777a69b241e0aecfb8f846de17ec9f872695857e4dba45a777a7b9804
618,15.45,0.1929,0.1975,False,12,mechanical_001,79d0085777a69b241e0aecfb8f846de17ec9f872695857e4dba45a777a7b9804
619,15.475,0.1932,0.1993,False,12,mechanical_001,79d0085777a69b241e0aecfb8f846de17ec9f872695857e4dba45a777a7b9804
620,15.5,0.1935,0.1985,False,12,mechanical_001,79d0085777a69b241e0aecfb8f846de17ec9f872695857e4dba45a777a7b9804
621,15.525,0.1938,0.2024,False,12,mechanical_001,79d0085777a69b241e0aecfb8f846de17ec9f872695857e4dba45a777a7b9804
622,15.55,0.1941,0.2042,False,12,mechanical_001,79d0085777a69b241e0aecfb8f846de17ec9f872695857e4dba45a777a7b9804
623,15.575,0.1944,0.2066,False,12,mechanical_001,79d0085777a69b241e0aecfb8f846de17ec9f872695857e4dba45a777a7b9804
624,15.6,0.1947,0.206,False,12,mechanical_001,79d0085777a69b241e0aecfb8f846de17ec9f872695857e4dba45a777a7b9804
625,15.625,0.195,0.2054,False,12,mechanical_001,79d0085777a69b241e0aecfb8f846de17ec9f872695857e4dba45a777a7b9804
626,15.65,0.1953,0.2042,False,12,mechanical_001,79d0085777a69b241e0aecfb8f846de17ec9f872695857e4dba45a777a7b9804
627,15.675,0.1957,0.2035,False,12,mechanical_001,79d0085777a69b241e0aecfb8f846de17ec9f872695857e4dba45a777a7b9804
628,15.7,0.196,0.2042,False,12,mechanical_001,79d0085777a69b241e0aecfb8f846de17ec9f872695857e4dba45a777a7b9804
629,15.725,0.1963,0.2058,False,12,mechanical_001,79d0085777a69b241e0aecfb8f846de17ec9f872695857e4dba45a777a7b9804
630,15.75,0.1966,0.2048,False,12,mechanical_001,79d0085777a69b241e0aecfb8f846de17ec9f872695857e4dba45a777a7b9804
631,15.775,0.1969,0.2043,False,12,mechanical_001,79d0085777a69b241e0aecfb8f846de17ec9f872695857e4dba45a777a7b9804
632,15.8,0.1972,0.2071,False,12,mechanical_001,79d0085777a69b241e0aecfb8f846de17ec9f872695857e4dba45a777a7b9804
633,15.825,0.1975,0.2074,False,12,mechanical_001,79d0085777a69b241e0aecfb8f846de17ec9f872695857e4dba45a777a7b9804
634,15.85,0.1978,0.2075,False,12,mechanical_001,79d0085777a69b241e0aecfb8f846de17ec9f872695857e4dba45a777a7b9804
635,15.875,0.1981,0.2097,False,12,mechanical_001,79d0085777a69b241e0aecfb8f846de17ec9f872695857e4dba45a777a7b9804
636,15.9,0.1985,0.2107,False,12,mechanical_001,79d0085777a69b241e0aecfb8f846de17ec9f872695857e4dba45a777a7b9804
637,15.925,0.1988,0.2126,False,12,mechanical_001,79d0085777a69b241e0aecfb8f846de17ec9f872695857e4dba45a777a7b9804
638,15.95,0.199,0.2138,False,12,mechanical_001,79d0085777a69b241e0aecfb8f846de17ec9f872695857e4dba45a777a7b9804
639,15.975,0.1993,0.2147,False,12,mechanical_001,79d0085777a69b241e0aecfb8f846de17ec9f872695857e4dba45a777a7b9804
640,16.0,0.1996,0.2147,False,12,mechanical_001,79d0085777a69b241e0aecfb8f846de17ec9f872695857e4dba45a777a7b9804
641,16.025,0.1999,0.2159,False,12,mechanical_001,79d0085777a69b241e0aecfb8f846de17ec9f872695857e4dba45a777a7b9804
642,16.05,0.2002,0.2164,False,12,mechanical_001,79d0085777a69b241e0aecfb8f846de17ec9f872695857e4dba45a777a7b9804
643,16.075,0.2005,0.2203,False,12,mechanical_001,79d0085777a69b241e0aecfb8f846de17ec9f872695857e4dba45a777a7b9804
644,16.1,0.2008,0.2226,False,12,mechanical_001,79d0085777a69b241e0aecfb8f846de17ec9f872695857e4dba45a777a7b9804
645,16.125,0.2011,0.2232,False,12,mechanical_001,79d0085777a69b241e0aecfb8f846de17ec9f872695857e4dba45a777a7b9804
646,16.15,0.2014,0.2256,False,12,mechanical_001,79d0085777a69b241e0aecfb8f846de17ec9f872695857e4dba45a777a7b9804
647,16.175,0.2017,0.2293,False,12,mechanical_001,79d0085777a69b241e0aecfb8f846de17ec9f872695857e4dba45a777a7b9804
648,16.2,0.202,0.2316,False,12,mechanical_001,79d0085777a69b241e0aecfb8f846de17ec9f872695857e4dba45a777a7b9804
649,16.225,0.2023,0.2337,False,12,mechanical_001,79d0085777a69b241e0aecfb8f846de17ec9f872695857e4dba45a777a7b9804
650,16.25,0.2027,0.2371,False,12,mechanical_001,79d0085777a69b241e0aecfb8f846de17ec9f872695857e4dba45a777a7b9804
651,16.275,0.203,0.2392,False,12,mechanical_001,79d0085777a69b241e0aecfb8f846de17ec9f872695857e4dba45a777a7b9804
652,16.3,0.2033,0.2409,False,12,mechanical_001,79d0085777a69b241e0aecfb8f846de17ec9f872695857e4dba45a777a7b9804
653,16.325,0.2036,0.2413,False,12,mechanical_001,79d0085777a69b241e0aecfb8f846de17ec9f872695857e4dba45a777a7b9804
654,16.35,0.2039,0.2412,False,12,mechanical_001,79d0085777a69b241e0aecfb8f846de17ec9f872695857e4dba45a777a7b9804
655,16.375,0.2042,0.2406,False,12,mechanical_001,79d0085777a69b241e0aecfb8f846de17ec9f872695857e4dba45a777a7b9804
656,16.4,0.2045,0.2416,False,12,mechanical_001,79d0085777a69b241e0aecfb8f846de17ec9f872695857e4dba45a777a7b9804
657,16.425,0.2048,0.2449,False,12,mechanical_001,79d0085777a69b241e0aecfb8f846de17ec9f872695857e4dba45a777a7b9804
658,16.45,0.2051,0.2462,False,12,mechanical_001,79d0085777a69b241e0aecfb8f846de17ec9f872695857e4dba45a777a7b9804
659,16.475,0.2055,0.2494,False,12,mechanical_001,79d0085777a69b241e0aecfb8f846de17ec9f872695857e4dba45a777a7b9804
660,16.5,0.2058,0.2523,False,12,mechanical_001,79d0085777a69b241e0aecfb8f846de17ec9f872695857e4dba45a777a7b9804
661,16.525,0.2061,0.2553,False,12,mechanical_001,79d0085777a69b241e0aecfb8f846de17ec9f872695857e4dba45a777a7b9804
662,16.55,0.2064,0.2567,False,12,mechanical_001,79d0085777a69b241e0aecfb8f846de17ec9f872695857e4dba45a777a7b9804
663,16.575,0.2067,0.2562,False,12,mechanical_001,79d0085777a69b241e0aecfb8f846de17ec9f872695857e4dba45a777a7b9804
664,16.6,0.207,0.2566,False,12,mechanical_001,79d0085777a69b241e0aecfb8f846de17ec9f872695857e4dba45a777a7b9804
665,16.625,0.2074,0.26,False,12,mechanical_001,79d0085777a69b241e0aecfb8f846de17ec9f872695857e4dba45a777a7b9804
666,16.65,0.2077,0.2614,False,12,mechanical_001,79d0085777a69b241e0aecfb8f846de17ec9f872695857e4dba45a777a7b9804
667,16.675,0.208,0.2628,False,12,mechanical_001,79d0085777a69b241e0aecfb8f846de17ec9f872695857e4dba45a777a7b9804
668,16.7,0.2083,0.2643,False,12,mechanical_001,79d0085777a69b241e0aecfb8f846de17ec9f872695857e4dba45a777a7b9804
669,16.725,0.2086,0.2666,False,12,mechanical_001,79d0085777a69b241e0aecfb8f846de17ec9f872695857e4dba45a777a7b9804
670,16.75,0.2089,0.2699,False,12,mechanical_001,79d0085777a69b241e0aecfb8f846de17ec9f872695857e4dba45a777a7b9804
671,16.775,0.2092,0.2726,False,12,mechanical_001,79d0085777a69b241e0aecfb8f846de17ec9f872695857e4dba45a777a7b9804
672,16.8,0.2095,0.2752,False,12,mechanical_001,79d0085777a69b241e0aecfb8f846de17ec9f872695857e4dba45a777a7b9804
673,16.825,0.2099,0.2784,False,12,mechanical_001,79d0085777a69b241e0aecfb8f846de17ec9f872695857e4dba45a777a7b9804
674,16.85,0.2102,0.2808,False,12,mechanical_001,79d0085777a69b241e0aecfb8f846de17ec9f872695857e4dba45a777a7b9804
675,16.875,0.2105,0.285,False,12,mechanical_001,79d0085777a69b241e0aecfb8f846de17ec9f872695857e4dba45a777a7b9804
676,16.9,0.2108,0.2859,False,12,mechanical_001,79d0085777a69b241e0aecfb8f846de17ec9f872695857e4dba45a777a7b9804
677,16.925,0.2111,0.2864,False,12,mechanical_001,79d0085777a69b241e0aecfb8f846de17ec9f872695857e4dba45a777a7b9804
678,16.95,0.2114,0.2883,False,12,mechanical_001,79d0085777a69b241e0aecfb8f846de17ec9f872695857e4dba45a777a7b9804
679,16.975,0.2118,0.2898,False,12,mechanical_001,79d0085777a69b241e0aecfb8f846de17ec9f872695857e4dba45a777a7b9804
680,17.0,0.2121,0.2897,False,12,mechanical_001,79d0085777a69b241e0aecfb8f846de17ec9f872695857e4dba45a777a7b9804
681,17.025,0.2124,0.2913,False,12,mechanical_001,79d0085777a69b241e0aecfb8f846de17ec9f872695857e4dba45a777a7b9804
682,17.05,0.2127,0.2939,False,12,mechanical_001,79d0085777a69b241e0aecfb8f846de17ec9f872695857e4dba45a777a7b9804
683,17.075,0.213,0.2971,False,12,mechanical_001,79d0085777a69b241e0aecfb8f846de17ec9f872695857e4dba45a777a7b9804
684,17.1,0.2133,0.3001,False,12,mechanical_001,79d0085777a69b241e0aecfb8f846de17ec9f872695857e4dba45a777a7b9804
685,17.125,0.2136,0.3011,False,12,mechanical_001,79d0085777a69b241e0aecfb8f846de17ec9f872695857e4dba45a777a7b9804
686,17.15,0.2139,0.3055,False,12,mechanical_001,79d0085777a69b241e0aecfb8f846de17ec9f872695857e4dba45a777a7b9804
687,17.175,0.2143,0.308,False,12,mechanical_001,79d0085777a69b241e0aecfb8f846de17ec9f872695857e4dba45a777a7b9804
688,17.2,0.2146,0.3118,False,12,mechanical_001,79d0085777a69b241e0aecfb8f846de17ec9f872695857e4dba45a777a7b9804
689,17.225,0.2149,0.313,False,12,mechanical_001,79d0085777a69b241e0aecfb8f846de17ec9f872695857e4dba45a777a7b9804
690,17.25,0.2153,0.314,False,12,mechanical_001,79d0085777a69b241e0aecfb8f846de17ec9f872695857e4dba45a777a7b9804
691,17.275,0.2156,0.315,False,12,mechanical_001,79d0085777a69b241e0aecfb8f846de17ec9f872695857e4dba45a777a7b9804
692,17.3,0.2159,0.3193,False,12,mechanical_001,79d0085777a69b241e0aecfb8f846de17ec9f872695857e4dba45a777a7b9804
693,17.325,0.2162,0.3231,False,12,mechanical_001,79d0085777a69b241e0aecfb8f846de17ec9f872695857e4dba45a777a7b9804
694,17.35,0.2165,0.3265,False,12,mechanical_001,79d0085777a69b241e0aecfb8f846de17ec9f872695857e4dba45a777a7b9804
695,17.375,0.2169,0.3302,False,12,mechanical_001,79d0085777a69b241e0aecfb8f846de17ec9f872695857e4dba45a777a7b9804
696,17.4,0.2172,0.3299,False,12,mechanical_001,79d0085777a69b241e0aecfb8f846de17ec9f872695857e4dba45a777a7b9804
697,17.425,0.2175,0.3296,False,12,mechanical_001,79d0085777a69b241e0aecfb8f846de17ec9f872695857e4dba45a777a7b9804
698,17.45,0.2178,0.3329,False,12,mechanical_001,79d0085777a69b241e0aecfb8f846de17ec9f872695857e4dba45a777a7b9804
699,17.475,0.2182,0.3349,False,12,mechanical_001,79d0085777a69b241e0aecfb8f846de17ec9f872695857e4dba45a777a7b9804
700,17.5,0.2185,0.3365,False,12,mechanical_001,79d0085777a69b241e0aecfb8f846de17ec9f872695857e4dba45a777a7b9804
701,17.525,0.2188,0.3376,False,12,mechanical_001,79d0085777a69b241e0aecfb8f846de17ec9f872695857e4dba45a777a7b9804
702,17.55,0.2191,0.3364,False,12,mechanical_001,79d0085777a69b241e0aecfb8f846de17ec9f872695857e4dba45a777a7b9804
703,17.575,0.2194,0.3376,False,12,mechanical_001,79d0085777a69b241e0aecfb8f846de17ec9f872695857e4dba45a777a7b9804
704,17.6,0.2197,0.3381,False,12,mechanical_001,79d0085777a69b241e0aecfb8f846de17ec9f872695857e4dba45a777a7b9804
705,17.625,0.22,0.3368,False,12,mechanical_001,79d0085777a69b241e0aecfb8f846de17ec9f872695857e4dba45a777a7b9804
706,17.65,0.2203,0.3373,False,12,mechanical_001,79d0085777a69b241e0aecfb8f846de17ec9f872695857e4dba45a777a7b9804
707,17.675,0.2207,0.3372,False,12,mechanical_001,79d0085777a69b241e0aecfb8f846de17ec9f872695857e4dba45a777a7b9804
708,17.7,0.221,0.3368,False,12,mechanical_001,79d0085777a69b241e0aecfb8f846de17ec9f872695857e4dba45a777a7b9804
709,17.725,0.2213,0.3378,False,12,mechanical_001,79d0085777a69b241e0aecfb8f846de17ec9f872695857e4dba45a777a7b9804
710,17.75,0.2216,0.3376,False,12,mechanical_001,79d0085777a69b241e0aecfb8f846de17ec9f872695857e4dba45a777a7b9804
711,17.775,0.2219,0.3371,False,12,mechanical_001,79d0085777a69b241e0aecfb8f846de17ec9f872695857e4dba45a777a7b9804
712,17.8,0.2222,0.3356,False,12,mechanical_001,79d0085777a69b241e0aecfb8f846de17ec9f872695857e4dba45a777a7b9804
713,17.825,0.2225,0.3341,False,12,mechanical_001,79d0085777a69b241e0aecfb8f846de17ec9f872695857e4dba45a777a7b9804
714,17.85,0.2228,0.3332,False,12,mechanical_001,79d0085777a69b241e0aecfb8f846de17ec9f872695857e4dba45a777a7b9804
715,17.875,0.2231,0.3314,False,12,mechanical_001,79d0085777a69b241e0aecfb8f846de17ec9f872695857e4dba45a777a7b9804
716,17.9,0.2234,0.3294,False,12,mechanical_001,79d0085777a69b241e0aecfb8f846de17ec9f872695857e4dba45a777a7b9804
717,17.925,0.2237,0.3276,False,12,mechanical_001,79d0085777a69b241e0aecfb8f846de17ec9f872695857e4dba45a777a7b9804
718,17.95,0.224,0.3264,False,12,mechanical_001,79d0085777a69b241e0aecfb8f846de17ec9f872695857e4dba45a777a7b9804
719,17.975,0.2243,0.3237,False,12,mechanical_001,79d0085777a69b241e0aecfb8f846de17ec9f872695857e4dba45a777a7b9804
720,18.0,0.2246,0.3241,False,12,mechanical_001,79d0085777a69b241e0aecfb8f846de17ec9f872695857e4dba45a777a7b9804
721,18.025,0.2248,0.3231,False,12,mechanical_001,79d0085777a69b241e0aecfb8f846de17ec9f872695857e4dba45a777a7b9804
722,18.05,0.2251,0.3224,False,12,mechanical_001,79d0085777a69b241e0aecfb8f846de17ec9f872695857e4dba45a777a7b9804
723,18.075,0.2254,0.3229,False,12,mechanical_001,79d0085777a69b241e0aecfb8f846de17ec9f872695857e4dba45a777a7b9804
724,18.1,0.2257,0.322,False,12,mechanical_001,79d0085777a69b241e0aecfb8f846de17ec9f872695857e4dba45a777a7b9804
725,18.125,0.226,0.3226,False,12,mechanical_001,79d0085777a69b241e0aecfb8f846de17ec9f872695857e4dba45a777a7b9804
726,18.15,0.2263,0.3248,False,12,mechanical_001,79d0085777a69b241e0aecfb8f846de17ec9f872695857e4dba45a777a7b9804
727,18.175,0.2266,0.3253,False,12,mechanical_001,79d0085777a69b241e0aecfb8f846de17ec9f872695857e4dba45a777a7b9804
728,18.2,0.2269,0.3262,False,12,mechanical_001,79d0085777a69b241e0aecfb8f846de17ec9f872695857e4dba45a777a7b9804
729,18.225,0.2272,0.3275,False,12,mechanical_001,79d0085777a69b241e0aecfb8f846de17ec9f872695857e4dba45a777a7b9804
730,18.25,0.2275,0.3286,False,12,mechanical_001,79d0085777a69b241e0aecfb8f846de17ec9f872695857e4dba45a777a7b9804
731,18.275,0.2278,0.3288,False,12,mechanical_001,79d0085777a69b241e0aecfb8f846de17ec9f872695857e4dba45a777a7b9804
732,18.3,0.2282,0.3297,False,12,mechanical_001,79d0085777a69b241e0aecfb8f846de17ec9f872695857e4dba45a777a7b9804
733,18.325,0.2285,0.3313,False,12,mechanical_001,79d0085777a69b241e0aecfb8f846de17ec9f872695857e4dba45a777a7b9804
734,18.35,0.2288,0.3323,False,12,mechanical_001,79d0085777a69b241e0aecfb8f846de17ec9f872695857e4dba45a777a7b9804
735,18.375,0.2291,0.335,False,12,mechanical_001,79d0085777a69b241e0aecfb8f846de17ec9f872695857e4dba45a777a7b9804
736,18.4,0.2293,0.3354,False,12,mechanical_001,79d0085777a69b241e0aecfb8f846de17ec9f872695857e4dba45a777a7b9804
737,18.425,0.2296,0.3351,False,12,mechanical_001,79d0085777a69b241e0aecfb8f846de17ec9f872695857e4dba45a777a7b9804
738,18.45,0.2299,0.337,False,12,mechanical_001,79d0085777a69b241e0aecfb8f846de17ec9f872695857e4dba45a777a7b9804
739,18.475,0.2302,0.3357,False,12,mechanical_001,79d0085777a69b241e0aecfb8f846de17ec9f872695857e4dba45a777a7b9804
740,18.5,0.2305,0.3358,False,12,mechanical_001,79d0085777a69b241e0aecfb8f846de17ec9f872695857e4dba45a777a7b9804
741,18.525,0.2308,0.3393,False,12,mechanical_001,79d0085777a69b241e0aecfb8f846de17ec9f872695857e4dba45a777a7b9804
742,18.55,0.2311,0.3417,False,12,mechanical_001,79d0085777a69b241e0aecfb8f846de17ec9f872695857e4dba45a777a7b9804
743,18.575,0.2314,0.3441,False,12,mechanical_001,79d0085777a69b241e0aecfb8f846de17ec9f872695857e4dba45a777a7b9804
744,18.6,0.2317,0.3463,False,12,mechanical_001,79d0085777a69b241e0aecfb8f846de17ec9f872695857e4dba45a777a7b9804
745,18.625,0.232,0.3506,False,12,mechanical_001,79d0085777a69b241e0aecfb8f846de17ec9f872695857e4dba45a777a7b9804
746,18.65,0.2323,0.351,False,12,mechanical_001,79d0085777a69b241e0aecfb8f846de17ec9f872695857e4dba45a777a7b9804
747,18.675,0.2326,0.3515,False,12,mechanical_001,79d0085777a69b241e0aecfb8f846de17ec9f872695857e4dba45a777a7b9804
748,18.7,0.2329,0.3544,False,12,mechanical_001,79d0085777a69b241e0aecfb8f846de17ec9f872695857e4dba45a777a7b9804
749,18.725,0.2332,0.3567,False,12,mechanical_001,79d0085777a69b241e0aecfb8f846de17ec9f872695857e4dba45a777a7b9804
750,18.75,0.2335,0.3605,False,12,mechanical_001,79d0085777a69b241e0aecfb8f846de17ec9f872695857e4dba45a777a7b9804
751,18.775,0.2338,0.36,False,12,mechanical_001,79d0085777a69b241e0aecfb8f846de17ec9f872695857e4dba45a777a7b9804
752,18.8,0.2342,0.3628,False,12,mechanical_001,79d0085777a69b241e0aecfb8f846de17ec9f872695857e4dba45a777a7b9804
753,18.825,0.2345,0.3657,False,12,mechanical_001,79d0085777a69b241e0aecfb8f846de17ec9f872695857e4dba45a777a7b9804
754,18.85,0.2348,0.3697,False,12,mechanical_001,79d0085777a69b241e0aecfb8f846de17ec9f872695857e4dba45a777a7b9804
755,18.875,0.2351,0.3719,False,12,mechanical_001,79d0085777a69b241e0aecfb8f846de17ec9f872695857e4dba45a777a7b9804
756,18.9,0.2355,0.3769,False,12,mechanical_001,79d0085777a69b241e0aecfb8f846de17ec9f872695857e4dba45a777a7b9804
757,18.925,0.2358,0.3816,False,12,mechanical_001,79d0085777a69b241e0aecfb8f846de17ec9f872695857e4dba45a777a7b9804
758,18.95,0.2362,0.3838,False,12,mechanical_001,79d0085777a69b241e0aecfb8f846de17ec9f872695857e4dba45a777a7b9804
759,18.975,0.2365,0.3821,False,12,mechanical_001,79d0085777a69b241e0aecfb8f846de17ec9f872695857e4dba45a777a7b9804
760,19.0,0.2368,0.3821,False,12,mechanical_001,79d0085777a69b241e0aecfb8f846de17ec9f872695857e4dba45a777a7b9804
761,19.025,0.2371,0.3824,False,12,mechanical_001,79d0085777a69b241e0aecfb8f846de17ec9f872695857e4dba45a777a7b9804
762,19.05,0.2374,0.3823,False,12,mechanical_001,79d0085777a69b241e0aecfb8f846de17ec9f872695857e4dba45a777a7b9804
763,19.075,0.2377,0.3799,False,12,mechanical_001,79d0085777a69b241e0aecfb8f846de17ec9f872695857e4dba45a777a7b9804
764,19.1,0.238,0.3792,False,12,mechanical_001,79d0085777a69b241e0aecfb8f846de17ec9f872695857e4dba45a777a7b9804
765,19.125,0.2383,0.38,False,12,mechanical_001,79d0085777a69b241e0aecfb8f846de17ec9f872695857e4dba45a777a7b9804
766,19.15,0.2386,0.3813,False,12,mechanical_001,79d0085777a69b241e0aecfb8f846de17ec9f872695857e4dba45a777a7b9804
767,19.175,0.2389,0.3792,False,12,mechanical_001,79d0085777a69b241e0aecfb8f846de17ec9f872695857e4dba45a777a7b9804
768,19.2,0.2392,0.3781,False,12,mechanical_001,79d0085777a69b241e0aecfb8f846de17ec9f872695857e4dba45a777a7b9804
769,19.225,0.2395,0.3777,False,12,mechanical_001,79d0085777a69b241e0aecfb8f846de17ec9f872695857e4dba45a777a7b9804
770,19.25,0.2398,0.3767,False,12,mechanical_001,79d0085777a69b241e0aecfb8f846de17ec9f872695857e4dba45a777a7b9804
771,19.275,0.2401,0.3786,False,12,mechanical_001,79d0085777a69b241e0aecfb8f846de17ec9f872695857e4dba45a777a7b9804
772,19.3,0.2404,0.3797,False,12,mechanical_001,79d0085777a69b241e0aecfb8f846de17ec9f872695857e4dba45a777a7b9804
773,19.325,0.2407,0.3779,False,12,mechanical_001,79d0085777a69b241e0aecfb8f846de17ec9f872695857e4dba45a777a7b9804
774,19.35,0.241,0.3758,False,12,mechanical_001,79d0085777a69b241e0aecfb8f846de17ec9f872695857e4dba45a777a7b9804
775,19.375,0.2414,0.3774,False,12,mechanical_001,79d0085777a69b241e0aecfb8f846de17ec9f872695857e4dba45a777a7b9804
776,19.4,0.2417,0.3812,False,12,mechanical_001,79d0085777a69b241e0aecfb8f846de17ec9f872695857e4dba45a777a7b9804
777,19.425,0.242,0.3833,False,12,mechanical_001,79d0085777a69b241e0aecfb8f846de17ec9f872695857e4dba45a777a7b9804
778,19.45,0.2423,0.3839,False,12,mechanical_001,79d0085777a69b241e0aecfb8f846de17ec9f872695857e4dba45a777a7b9804
779,19.475,0.2427,0.3839,False,12,mechanical_001,79d0085777a69b241e0aecfb8f846de17ec9f872695857e4dba45a777a7b9804
780,19.5,0.243,0.3839,False,12,mechanical_001,79d0085777a69b241e0aecfb8f846de17ec9f872695857e4dba45a777a7b9804
781,19.525,0.2433,0.3858,False,12,mechanical_001,79d0085777a69b241e0aecfb8f846de17ec9f872695857e4dba45a777a7b9804
782,19.55,0.2436,0.3871,False,12,mechanical_001,79d0085777a69b241e0aecfb8f846de17ec9f872695857e4dba45a777a7b9804
783,19.575,0.2439,0.3907,False,12,mechanical_001,79d0085777a69b241e0aecfb8f846de17ec9f872695857e4dba45a777a7b9804
784,19.6,0.2443,0.3948,False,12,mechanical_001,79d0085777a69b241e0aecfb8f846de17ec9f872695857e4dba45a777a7b9804
785,19.625,0.2446,0.396,False,12,mechanical_001,79d0085777a69b241e0aecfb8f846de17ec9f872695857e4dba45a777a7b9804
786,19.65,0.2449,0.3981,False,12,mechanical_001,79d0085777a69b241e0aecfb8f846de17ec9f872695857e4dba45a777a7b9804
787,19.675,0.2452,0.3986,False,12,mechanical_001,79d0085777a69b241e0aecfb8f846de17ec9f872695857e4dba45a777a7b9804
788,19.7,0.2456,0.3988,False,12,mechanical_001,79d0085777a69b241e0aecfb8f846de17ec9f872695857e4dba45a777a7b9804
789,19.725,0.2459,0.4006,False,12,mechanical_001,79d0085777a69b241e0aecfb8f846de17ec9f872695857e4dba45a777a7b9804
790,19.75,0.2462,0.4039,False,12,mechanical_001,79d0085777a69b241e0aecfb8f846de17ec9f872695857e4dba45a777a7b9804
791,19.775,0.2465,0.4078,False,12,mechanical_001,79d0085777a69b241e0aecfb8f846de17ec9f872695857e4dba45a777a7b9804
792,19.8,0.2469,0.4111,False,12,mechanical_001,79d0085777a69b241e0aecfb8f846de17ec9f872695857e4dba45a777a7b9804
793,19.825,0.2472,0.4117,False,12,mechanical_001,79d0085777a69b241e0aecfb8f846de17ec9f872695857e4dba45a777a7b9804
794,19.85,0.2475,0.4135,False,12,mechanical_001,79d0085777a69b241e0aecfb8f846de17ec9f872695857e4dba45a777a7b9804
795,19.875,0.2479,0.4145,False,12,mechanical_001,79d0085777a69b241e0aecfb8f846de17ec9f872695857e4dba45a777a7b9804
796,19.9,0.2482,0.4165,False,12,mechanical_001,79d0085777a69b241e0aecfb8f846de17ec9f872695857e4dba45a777a7b9804
797,19.925,0.2485,0.4191,False,12,mechanical_001,79d0085777a69b241e0aecfb8f846de17ec9f872695857e4dba45a777a7b9804
798,19.95,0.2488,0.4201,False,12,mechanical_001,79d0085777a69b241e0aecfb8f846de17ec9f872695857e4dba45a777a7b9804
799,19.975,0.2492,0.4223,False,12,mechanical_001,79d0085777a69b241e0aecfb8f846de17ec9f872695857e4dba45a777a7b9804
800,20.0,0.2495,0.4243,False,12,mechanical_001,79d0085777a69b241e0aecfb8f846de17ec9f872695857e4dba45a777a7b9804
801,20.025,0.2498,0.4263,False,12,mechanical_001,79d0085777a69b241e0aecfb8f846de17ec9f872695857e4dba45a777a7b9804
802,20.05,0.2501,0.4267,False,12,mechanical_001,79d0085777a69b241e0aecfb8f846de17ec9f872695857e4dba45a777a7b9804
803,20.075,0.2504,0.427,False,12,mechanical_001,79d0085777a69b241e0aecfb8f846de17ec9f872695857e4dba45a777a7b9804
804,20.1,0.2507,0.4311,False,12,mechanical_001,79d0085777a69b241e0aecfb8f846de17ec9f872695857e4dba45a777a7b9804
805,20.125,0.2511,0.4351,False,12,mechanical_001,79d0085777a69b241e0aecfb8f846de17ec9f872695857e4dba45a777a7b9804
806,20.15,0.2514,0.4396,False,12,mechanical_001,79d0085777a69b241e0aecfb8f846de17ec9f872695857e4dba45a777a7b9804
807,20.175,0.2517,0.4435,False,12,mechanical_001,79d0085777a69b241e0aecfb8f846de17ec9f872695857e4dba45a777a7b9804
808,20.2,0.252,0.4461,False,12,mechanical_001,79d0085777a69b241e0aecfb8f846de17ec9f872695857e4dba45a777a7b9804
809,20.225,0.2524,0.4498,False,12,mechanical_001,79d0085777a69b241e0aecfb8f846de17ec9f872695857e4dba45a777a7b9804
810,20.25,0.2527,0.451,False,12,mechanical_001,79d0085777a69b241e0aecfb8f846de17ec9f872695857e4dba45a777a7b9804
811,20.275,0.253,0.4519,False,12,mechanical_001,79d0085777a69b241e0aecfb8f846de17ec9f872695857e4dba45a777a7b9804
812,20.3,0.2533,0.4513,False,12,mechanical_001,79d0085777a69b241e0aecfb8f846de17ec9f872695857e4dba45a777a7b9804
813,20.325,0.2536,0.4515,False,12,mechanical_001,79d0085777a69b241e0aecfb8f846de17ec9f872695857e4dba45a777a7b9804
814,20.35,0.2539,0.4543,False,12,mechanical_001,79d0085777a69b241e0aecfb8f846de17ec9f872695857e4dba45a777a7b9804
815,20.375,0.2542,0.4577,False,12,mechanical_001,79d0085777a69b241e0aecfb8f846de17ec9f872695857e4dba45a777a7b9804
816,20.4,0.2545,0.4596,False,12,mechanical_001,79d0085777a69b241e0aecfb8f846de17ec9f872695857e4dba45a777a7b9804
817,20.425,0.2549,0.4598,False,12,mechanical_001,79d0085777a69b241e0aecfb8f846de17ec9f872695857e4dba45a777a7b9804
818,20.45,0.2552,0.4632,False,12,mechanical_001,79d0085777a69b241e0aecfb8f846de17ec9f872695857e4dba45a777a7b9804
819,20.475,0.2555,0.4651,False,12,mechanical_001,79d0085777a69b241e0aecfb8f846de17ec9f872695857e4dba45a777a7b9804
820,20.5,0.2558,0.465,False,12,mechanical_001,79d0085777a69b241e0aecfb8f846de17ec9f872695857e4dba45a777a7b9804
821,20.525,0.2561,0.468,False,12,mechanical_001,79d0085777a69b241e0aecfb8f846de17ec9f872695857e4dba45a777a7b9804
822,20.55,0.2565,0.4674,False,12,mechanical_001,79d0085777a69b241e0aecfb8f846de17ec9f872695857e4dba45a777a7b9804
823,20.575,0.2568,0.4694,False,12,mechanical_001,79d0085777a69b241e0aecfb8f846de17ec9f872695857e4dba45a777a7b9804
824,20.6,0.2571,0.4715,False,12,mechanical_001,79d0085777a69b241e0aecfb8f846de17ec9f872695857e4dba45a777a7b9804
825,20.625,0.2574,0.4747,False,12,mechanical_001,79d0085777a69b241e0aecfb8f846de17ec9f872695857e4dba45a777a7b9804
826,20.65,0.2577,0.4756,False,12,mechanical_001,79d0085777a69b241e0aecfb8f846de17ec9f872695857e4dba45a777a7b9804
827,20.675,0.2581,0.4782,False,12,mechanical_001,79d0085777a69b241e0aecfb8f846de17ec9f872695857e4dba45a777a7b9804
828,20.7,0.2584,0.4819,False,12,mechanical_001,79d0085777a69b241e0aecfb8f846de17ec9f872695857e4dba45a777a7b9804
829,20.725,0.2587,0.4826,False,12,mechanical_001,79d0085777a69b241e0aecfb8f846de17ec9f872695857e4dba45a777a7b9804
830,20.75,0.259,0.4838,False,12,mechanical_001,79d0085777a69b241e0aecfb8f846de17ec9f872695857e4dba45a777a7b9804
831,20.775,0.2593,0.4867,False,12,mechanical_001,79d0085777a69b241e0aecfb8f846de17ec9f872695857e4dba45a777a7b9804
832,20.8,0.2597,0.4882,False,12,mechanical_001,79d0085777a69b241e0aecfb8f846de17ec9f872695857e4dba45a777a7b9804
833,20.825,0.26,0.4895,False,12,mechanical_001,79d0085777a69b241e0aecfb8f846de17ec9f872695857e4dba45a777a7b9804
834,20.85,0.2603,0.4906,False,12,mechanical_001,79d0085777a69b241e0aecfb8f846de17ec9f872695857e4dba45a777a7b9804
835,20.875,0.2606,0.4952,False,12,mechanical_001,79d0085777a69b241e0aecfb8f846de17ec9f872695857e4dba45a777a7b9804
836,20.9,0.2609,0.5014,False,12,mechanical_001,79d0085777a69b241e0aecfb8f846de17ec9f872695857e4dba45a777a7b9804
837,20.925,0.2613,0.5039,False,12,mechanical_001,79d0085777a69b241e0aecfb8f846de17ec9f872695857e4dba45a777a7b9804
838,20.95,0.2616,0.5049,False,12,mechanical_001,79d0085777a69b241e0aecfb8f846de17ec9f872695857e4dba45a777a7b9804
839,20.975,0.2619,0.5091,False,12,mechanical_001,79d0085777a69b241e0aecfb8f846de17ec9f872695857e4dba45a777a7b9804
840,21.0,0.2622,0.5124,False,12,mechanical_001,79d0085777a69b241e0aecfb8f846de17ec9f872695857e4dba45a777a7b9804
841,21.025,0.2626,0.5143,False,12,mechanical_001,79d0085777a69b241e0aecfb8f846de17ec9f872695857e4dba45a777a7b9804
842,21.05,0.2629,0.5145,False,12,mechanical_001,79d0085777a69b241e0aecfb8f846de17ec9f872695857e4dba45a777a7b9804
843,21.075,0.2632,0.5147,False,12,mechanical_001,79d0085777a69b241e0aecfb8f846de17ec9f872695857e4dba45a777a7b9804
844,21.1,0.2635,0.5156,False,12,mechanical_001,79d0085777a69b241e0aecfb8f846de17ec9f872695857e4dba45a777a7b9804
845,21.125,0.2638,0.5184,False,12,mechanical_001,79d0085777a69b241e0aecfb8f846de17ec9f872695857e4dba45a777a7b9804
846,21.15,0.2641,0.522,False,12,mechanical_001,79d0085777a69b241e0aecfb8f846de17ec9f872695857e4dba45a777a7b9804
847,21.175,0.2644,0.5247,False,12,mechanical_001,79d0085777a69b241e0aecfb8f846de17ec9f872695857e4dba45a777a7b9804
848,21.2,0.2647,0.5285,False,12,mechanical_001,79d0085777a69b241e0aecfb8f846de17ec9f872695857e4dba45a777a7b9804
849,21.225,0.2651,0.535,False,12,mechanical_001,79d0085777a69b241e0aecfb8f846de17ec9f872695857e4dba45a777a7b9804
850,21.25,0.2654,0.5423,False,12,mechanical_001,79d0085777a69b241e0aecfb8f846de17ec9f872695857e4dba45a777a7b9804
851,21.275,0.2657,0.5468,False,12,mechanical_001,79d0085777a69b241e0aecfb8f846de17ec9f872695857e4dba45a777a7b9804
852,21.3,0.266,0.5492,False,12,mechanical_001,79d0085777a69b241e0aecfb8f846de17ec9f872695857e4dba45a777a7b9804
853,21.325,0.2663,0.5517,False,12,mechanical_001,79d0085777a69b241e0aecfb8f846de17ec9f872695857e4dba45a777a7b9804
854,21.35,0.2667,0.553,False,12,mechanical_001,79d0085777a69b241e0aecfb8f846de17ec9f872695857e4dba45a777a7b9804
855,21.375,0.2669,0.5524,False,12,mechanical_001,79d0085777a69b241e0aecfb8f846de17ec9f872695857e4dba45a777a7b9804
856,21.4,0.2672,0.5538,False,12,mechanical_001,79d0085777a69b241e0aecfb8f846de17ec9f872695857e4dba45a777a7b9804
857,21.425,0.2675,0.5572,False,12,mechanical_001,79d0085777a69b241e0aecfb8f846de17ec9f872695857e4dba45a777a7b9804
858,21.45,0.2679,0.5629,False,12,mechanical_001,79d0085777a69b241e0aecfb8f846de17ec9f872695857e4dba45a777a7b9804
859,21.475,0.2682,0.5694,False,12,mechanical_001,79d0085777a69b241e0aecfb8f846de17ec9f872695857e4dba45a777a7b9804
860,21.5,0.2685,0.5761,False,12,mechanical_001,79d0085777a69b241e0aecfb8f846de17ec9f872695857e4dba45a777a7b9804
861,21.525,0.2688,0.5818,False,12,mechanical_001,79d0085777a69b241e0aecfb8f846de17ec9f872695857e4dba45a777a7b9804
862,21.55,0.2691,0.5865,False,12,mechanical_001,79d0085777a69b241e0aecfb8f846de17ec9f872695857e4dba45a777a7b9804
863,21.575,0.2694,0.5889,False,12,mechanical_001,79d0085777a69b241e0aecfb8f846de17ec9f872695857e4dba45a777a7b9804
864,21.6,0.2697,0.5915,False,12,mechanical_001,79d0085777a69b241e0aecfb8f846de17ec9f872695857e4dba45a777a7b9804
865,21.625,0.27,0.5954,False,12,mechanical_001,79d0085777a69b241e0aecfb8f846de17ec9f872695857e4dba45a777a7b9804
866,21.65,0.2704,0.598,False,12,mechanical_001,79d0085777a69b241e0aecfb8f846de17ec9f872695857e4dba45a777a7b9804
867,21.675,0.2707,0.602,False,12,mechanical_001,79d0085777a69b241e0aecfb8f846de17ec9f872695857e4dba45a777a7b9804
868,21.7,0.271,0.606,False,12,mechanical_001,79d0085777a69b241e0aecfb8f846de17ec9f872695857e4dba45a777a7b9804
869,21.725,0.2713,0.6119,False,12,mechanical_001,79d0085777a69b241e0aecfb8f846de17ec9f872695857e4dba45a777a7b9804
870,21.75,0.2716,0.6183,False,12,mechanical_001,79d0085777a69b241e0aecfb8f846de17ec9f872695857e4dba45a777a7b9804
871,21.775,0.2719,0.6199,False,12,mechanical_001,79d0085777a69b241e0aecfb8f846de17ec9f872695857e4dba45a777a7b9804
872,21.8,0.2722,0.6201,False,12,mechanical_001,79d0085777a69b241e0aecfb8f846de17ec9f872695857e4dba45a777a7b9804
873,21.825,0.2725,0.6226,False,12,mechanical_001,79d0085777a69b241e0aecfb8f846de17ec9f872695857e4dba45a777a7b9804
874,21.85,0.2729,0.6276,False,12,mechanical_001,79d0085777a69b241e0aecfb8f846de17ec9f872695857e4dba45a777a7b9804
875,21.875,0.2732,0.6293,False,12,mechanical_001,79d0085777a69b241e0aecfb8f846de17ec9f872695857e4dba45a777a7b9804
876,21.9,0.2735,0.6308,False,12,mechanical_001,79d0085777a69b241e0aecfb8f846de17ec9f872695857e4dba45a777a7b9804
877,21.925,0.2738,0.6315,False,12,mechanical_001,79d0085777a69b241e0aecfb8f846de17ec9f872695857e4dba45a777a7b9804
878,21.95,0.2741,0.6332,False,12,mechanical_001,79d0085777a69b241e0aecfb8f846de17ec9f872695857e4dba45a777a7b9804
879,21.975,0.2744,0.6359,False,12,mechanical_001,79d0085777a69b241e0aecfb8f846de17ec9f872695857e4dba45a777a7b9804
880,22.0,0.2747,0.6371,False,12,mechanical_001,79d0085777a69b241e0aecfb8f846de17ec9f872695857e4dba45a777a7b9804
881,22.025,0.275,0.6367,False,12,mechanical_001,79d0085777a69b241e0aecfb8f846de17ec9f872695857e4dba45a777a7b9804
882,22.05,0.2753,0.6385,False,12,mechanical_001,79d0085777a69b241e0aecfb8f846de17ec9f872695857e4dba45a777a7b9804
883,22.075,0.2756,0.6377,False,12,mechanical_001,79d0085777a69b241e0aecfb8f846de17ec9f872695857e4dba45a777a7b9804
884,22.1,0.2759,0.6394,False,12,mechanical_001,79d0085777a69b241e0aecfb8f846de17ec9f872695857e4dba45a777a7b9804
885,22.125,0.2762,0.641,False,12,mechanical_001,79d0085777a69b241e0aecfb8f846de17ec9f872695857e4dba45a777a7b9804
886,22.15,0.2765,0.6417,False,12,mechanical_001,79d0085777a69b241e0aecfb8f846de17ec9f872695857e4dba45a777a7b9804
887,22.175,0.2768,0.6431,False,12,mechanical_001,79d0085777a69b241e0aecfb8f846de17ec9f872695857e4dba45a777a7b9804
888,22.2,0.2771,0.6449,False,12,mechanical_001,79d0085777a69b241e0aecfb8f846de17ec9f872695857e4dba45a777a7b9804
889,22.225,0.2774,0.6471,False,12,mechanical_001,79d0085777a69b241e0aecfb8f846de17ec9f872695857e4dba45a777a7b9804
890,22.25,0.2777,0.6501,False,12,mechanical_001,79d0085777a69b241e0aecfb8f846de17ec9f872695857e4dba45a777a7b9804
891,22.275,0.278,0.6515,False,12,mechanical_001,79d0085777a69b241e0aecfb8f846de17ec9f872695857e4dba45a777a7b9804
892,22.3,0.2783,0.6527,False,12,mechanical_001,79d0085777a69b241e0aecfb8f846de17ec9f872695857e4dba45a777a7b9804
893,22.325,0.2786,0.6551,False,12,mechanical_001,79d0085777a69b241e0aecfb8f846de17ec9f872695857e4dba45a777a7b9804
894,22.35,0.2789,0.6597,False,12,mechanical_001,79d0085777a69b241e0aecfb8f846de17ec9f872695857e4dba45a777a7b9804
895,22.375,0.2792,0.6639,False,12,mechanical_001,79d0085777a69b241e0aecfb8f846de17ec9f872695857e4dba45a777a7b9804
896,22.4,0.2796,0.6681,False,12,mechanical_001,79d0085777a69b241e0aecfb8f846de17ec9f872695857e4dba45a777a7b9804
897,22.425,0.2799,0.6703,False,12,mechanical_001,79d0085777a69b241e0aecfb8f846de17ec9f872695857e4dba45a777a7b9804
898,22.45,0.2802,0.6753,False,12,mechanical_001,79d0085777a69b241e0aecfb8f846de17ec9f872695857e4dba45a777a7b9804
899,22.475,0.2805,0.679,False,12,mechanical_001,79d0085777a69b241e0aecfb8f846de17ec9f872695857e4dba45a777a7b9804
900,22.5,0.2808,0.6805,False,12,mechanical_001,79d0085777a69b241e0aecfb8f846de17ec9f872695857e4dba45a777a7b9804
901,22.525,0.2812,0.6817,False,12,mechanical_001,79d0085777a69b241e0aecfb8f846de17ec9f872695857e4dba45a777a7b9804
902,22.55,0.2815,0.6809,False,12,mechanical_001,79d0085777a69b241e0aecfb8f846de17ec9f872695857e4dba45a777a7b9804
903,22.575,0.2818,0.6809,False,12,mechanical_001,79d0085777a69b241e0aecfb8f846de17ec9f872695857e4dba45a777a7b9804
904,22.6,0.2821,0.6807,False,12,mechanical_001,79d0085777a69b241e0aecfb8f846de17ec9f872695857e4dba45a777a7b9804
905,22.625,0.2824,0.6819,False,12,mechanical_001,79d0085777a69b241e0aecfb8f846de17ec9f872695857e4dba45a777a7b9804
906,22.65,0.2827,0.6839,False,12,mechanical_001,79d0085777a69b241e0aecfb8f846de17ec9f872695857e4dba45a777a7b9804
907,22.675,0.283,0.6853,False,12,mechanical_001,79d0085777a69b241e0aecfb8f846de17ec9f872695857e4dba45a777a7b9804
908,22.7,0.2833,0.6867,False,12,mechanical_001,79d0085777a69b241e0aecfb8f846de17ec9f872695857e4dba45a777a7b9804
909,22.725,0.2836,0.6901,False,12,mechanical_001,79d0085777a69b241e0aecfb8f846de17ec9f872695857e4dba45a777a7b9804
910,22.75,0.2839,0.6917,False,12,mechanical_001,79d0085777a69b241e0aecfb8f846de17ec9f872695857e4dba45a777a7b9804
911,22.775,0.2843,0.6921,False,12,mechanical_001,79d0085777a69b241e0aecfb8f846de17ec9f872695857e4dba45a777a7b9804
912,22.8,0.2846,0.694,False,12,mechanical_001,79d0085777a69b241e0aecfb8f846de17ec9f872695857e4dba45a777a7b9804
913,22.825,0.2849,0.6937,False,12,mechanical_001,79d0085777a69b241e0aecfb8f846de17ec9f872695857e4dba45a777a7b9804
914,22.85,0.2852,0.6957,False,12,mechanical_001,79d0085777a69b241e0aecfb8f846de17ec9f872695857e4dba45a777a7b9804
915,22.875,0.2855,0.6995,False,12,mechanical_001,79d0085777a69b241e0aecfb8f846de17ec9f872695857e4dba45a777a7b9804
916,22.9,0.2858,0.7018,False,12,mechanical_001,79d0085777a69b241e0aecfb8f846de17ec9f872695857e4dba45a777a7b9804
917,22.925,0.2861,0.7038,False,12,mechanical_001,79d0085777a69b241e0aecfb8f846de17ec9f872695857e4dba45a777a7b9804
918,22.95,0.2864,0.7058,False,12,mechanical_001,79d0085777a69b241e0aecfb8f846de17ec9f872695857e4dba45a777a7b9804
919,22.975,0.2868,0.7093,False,12,mechanical_001,79d0085777a69b241e0aecfb8f846de17ec9f872695857e4dba45a777a7b9804
920,23.0,0.2871,0.7133,False,12,mechanical_001,79d0085777a69b241e0aecfb8f846de17ec9f872695857e4dba45a777a7b9804
921,23.025,0.2874,0.7168,False,12,mechanical_001,79d0085777a69b241e0aecfb8f846de17ec9f872695857e4dba45a777a7b9804
922,23.05,0.2877,0.7195,False,12,mechanical_001,79d0085777a69b241e0aecfb8f846de17ec9f872695857e4dba45a777a7b9804
923,23.075,0.288,0.7248,False,12,mechanical_001,79d0085777a69b241e0aecfb8f846de17ec9f872695857e4dba45a777a7b9804
924,23.1,0.2883,0.7286,False,12,mechanical_001,79d0085777a69b241e0aecfb8f846de17ec9f872695857e4dba45a777a7b9804
925,23.125,0.2886,0.732,False,12,mechanical_001,79d0085777a69b241e0aecfb8f846de17ec9f872695857e4dba45a777a7b9804
926,23.15,0.2889,0.7363,False,12,mechanical_001,79d0085777a69b241e0aecfb8f846de17ec9f872695857e4dba45a777a7b9804
927,23.175,0.2892,0.741,False,12,mechanical_001,79d0085777a69b241e0aecfb8f846de17ec9f872695857e4dba45a777a7b9804
928,23.2,0.2896,0.7468,False,12,mechanical_001,79d0085777a69b241e0aecfb8f846de17ec9f872695857e4dba45a777a7b9804
929,23.225,0.2899,0.7512,False,12,mechanical_001,79d0085777a69b241e0aecfb8f846de17ec9f872695857e4dba45a777a7b9804
930,23.25,0.2902,0.7538,False,12,mechanical_001,79d0085777a69b241e0aecfb8f846de17ec9f872695857e4dba45a777a7b9804
931,23.275,0.2905,0.7569,False,12,mechanical_001,79d0085777a69b241e0aecfb8f846de17ec9f872695857e4dba45a777a7b9804
932,23.3,0.2908,0.7599,False,12,mechanical_001,79d0085777a69b241e0aecfb8f846de17ec9f872695857e4dba45a777a7b9804
933,23.325,0.2911,0.7634,False,12,mechanical_001,79d0085777a69b241e0aecfb8f846de17ec9f872695857e4dba45a777a7b9804
934,23.35,0.2915,0.7665,False,12,mechanical_001,79d0085777a69b241e0aecfb8f846de17ec9f872695857e4dba45a777a7b9804
935,23.375,0.2918,0.7684,False,12,mechanical_001,79d0085777a69b241e0aecfb8f846de17ec9f872695857e4dba45a777a7b9804
936,23.4,0.2921,0.7695,False,12,mechanical_001,79d0085777a69b241e0aecfb8f846de17ec9f872695857e4dba45a777a7b9804
937,23.425,0.2924,0.7705,False,12,mechanical_001,79d0085777a69b241e0aecfb8f846de17ec9f872695857e4dba45a777a7b9804
938,23.45,0.2927,0.7747,False,12,mechanical_001,79d0085777a69b241e0aecfb8f846de17ec9f872695857e4dba45a777a7b9804
939,23.475,0.293,0.7789,False,12,mechanical_001,79d0085777a69b241e0aecfb8f846de17ec9f872695857e4dba45a777a7b9804
940,23.5,0.2933,0.7828,False,12,mechanical_001,79d0085777a69b241e0aecfb8f846de17ec9f872695857e4dba45a777a7b9804
941,23.525,0.2936,0.7859,False,12,mechanical_001,79d0085777a69b241e0aecfb8f846de17ec9f872695857e4dba45a777a7b9804
942,23.55,0.294,0.7907,False,12,mechanical_001,79d0085777a69b241e0aecfb8f846de17ec9f872695857e4dba45a777a7b9804
943,23.575,0.2943,0.7958,False,12,mechanical_001,79d0085777a69b241e0aecfb8f846de17ec9f872695857e4dba45a777a7b9804
944,23.6,0.2946,0.8011,False,12,mechanical_001,79d0085777a69b241e0aecfb8f846de17ec9f872695857e4dba45a777a7b9804
945,23.625,0.2949,0.8076,False,12,mechanical_001,79d0085777a69b241e0aecfb8f846de17ec9f872695857e4dba45a777a7b9804
946,23.65,0.2953,0.8147,False,12,mechanical_001,79d0085777a69b241e0aecfb8f846de17ec9f872695857e4dba45a777a7b9804
947,23.675,0.2956,0.8219,False,12,mechanical_001,79d0085777a69b241e0aecfb8f846de17ec9f872695857e4dba45a777a7b9804
948,23.7,0.2959,0.8283,False,12,mechanical_001,79d0085777a69b241e0aecfb8f846de17ec9f872695857e4dba45a777a7b9804
949,23.725,0.2962,0.833,False,12,mechanical_001,79d0085777a69b241e0aecfb8f846de17ec9f872695857e4dba45a777a7b9804
950,23.75,0.2965,0.8385,False,12,mechanical_001,79d0085777a69b241e0aecfb8f846de17ec9f872695857e4dba45a777a7b9804
951,23.775,0.2969,0.8431,False,12,mechanical_001,79d0085777a69b241e0aecfb8f846de17ec9f872695857e4dba45a777a7b9804
952,23.8,0.2972,0.8499,False,12,mechanical_001,79d0085777a69b241e0aecfb8f846de17ec9f872695857e4dba45a777a7b9804
953,23.825,0.2975,0.8526,False,12,mechanical_001,79d0085777a69b241e0aecfb8f846de17ec9f872695857e4dba45a777a7b9804
954,23.85,0.2978,0.8575,False,12,mechanical_001,79d0085777a69b241e0aecfb8f846de17ec9f872695857e4dba45a777a7b9804
955,23.875,0.2981,0.8614,False,12,mechanical_001,79d0085777a69b241e0aecfb8f846de17ec9f872695857e4dba45a777a7b9804
956,23.9,0.2985,0.8651,False,12,mechanical_001,79d0085777a69b241e0aecfb8f846de17ec9f872695857e4dba45a777a7b9804
957,23.925,0.2988,0.8663,False,12,mechanical_001,79d0085777a69b241e0aecfb8f846de17ec9f872695857e4dba45a777a7b9804
958,23.95,0.2991,0.868,False,12,mechanical_001,79d0085777a69b241e0aecfb8f846de17ec9f872695857e4dba45a777a7b9804
959,23.975,0.2994,0.87,False,12,mechanical_001,79d0085777a69b241e0aecfb8f846de17ec9f872695857e4dba45a777a7b9804
960,24.0,0.2997,0.8728,False,12,mechanical_001,79d0085777a69b241e0aecfb8f846de17ec9f872695857e4dba45a777a7b9804
961,24.025,0.3,0.8786,False,12,mechanical_001,79d0085777a69b241e0aecfb8f846de17ec9f872695857e4dba45a777a7b9804
962,24.05,0.3003,0.886,False,12,mechanical_001,79d0085777a69b241e0aecfb8f846de17ec9f872695857e4dba45a777a7b9804
963,24.075,0.3006,0.8958,False,12,mechanical_001,79d0085777a69b241e0aecfb8f846de17ec9f872695857e4dba45a777a7b9804
964,24.1,0.301,0.9025,False,12,mechanical_001,79d0085777a69b241e0aecfb8f846de17ec9f872695857e4dba45a777a7b9804
965,24.125,0.3013,0.9103,False,12,mechanical_001,79d0085777a69b241e0aecfb8f846de17ec9f872695857e4dba45a777a7b9804
966,24.15,0.3017,0.9128,False,12,mechanical_001,79d0085777a69b241e0aecfb8f846de17ec9f872695857e4dba45a777a7b9804
967,24.175,0.302,0.9103,False,12,mechanical_001,79d0085777a69b241e0aecfb8f846de17ec9f872695857e4dba45a777a7b9804
968,24.2,0.3023,0.9043,False,12,mechanical_001,79d0085777a69b241e0aecfb8f846de17ec9f872695857e4dba45a777a7b9804
969,24.225,0.3026,0.8991,False,12,mechanical_001,79d0085777a69b241e0aecfb8f846de17ec9f872695857e4dba45a777a7b9804
970,24.25,0.3029,0.8963,False,12,mechanical_001,79d0085777a69b241e0aecfb8f846de17ec9f872695857e4dba45a777a7b9804
971,24.275,0.3032,0.8933,False,12,mechanical_001,79d0085777a69b241e0aecfb8f846de17ec9f872695857e4dba45a777a7b9804
972,24.3,0.3035,0.893,False,12,mechanical_001,79d0085777a69b241e0aecfb8f846de17ec9f872695857e4dba45a777a7b9804
973,24.325,0.3038,0.8946,False,12,mechanical_001,79d0085777a69b241e0aecfb8f846de17ec9f872695857e4dba45a777a7b9804
974,24.35,0.3041,0.8971,False,12,mechanical_001,79d0085777a69b241e0aecfb8f846de17ec9f872695857e4dba45a777a7b9804
975,24.375,0.3044,0.9028,False,12,mechanical_001,79d0085777a69b241e0aecfb8f846de17ec9f872695857e4dba45a777a7b9804
976,24.4,0.3047,0.9124,False,12,mechanical_001,79d0085777a69b241e0aecfb8f846de17ec9f872695857e4dba45a777a7b9804
977,24.425,0.3051,0.9171,False,12,mechanical_001,79d0085777a69b241e0aecfb8f846de17ec9f872695857e4dba45a777a7b9804
978,24.45,0.3054,0.923,False,12,mechanical_001,79d0085777a69b241e0aecfb8f846de17ec9f872695857e4dba45a777a7b9804
979,24.475,0.3057,0.9277,False,12,mechanical_001,79d0085777a69b241e0aecfb8f846de17ec9f872695857e4dba45a777a7b9804
980,24.5,0.306,0.9302,False,12,mechanical_001,79d0085777a69b241e0aecfb8f846de17ec9f872695857e4dba45a777a7b9804
981,24.525,0.3064,0.9317,False,12,mechanical_001,79d0085777a69b241e0aecfb8f846de17ec9f872695857e4dba45a777a7b9804
982,24.55,0.3067,0.9326,False,12,mechanical_001,79d0085777a69b241e0aecfb8f846de17ec9f872695857e4dba45a777a7b9804
983,24.575,0.307,0.9306,False,12,mechanical_001,79d0085777a69b241e0aecfb8f846de17ec9f872695857e4dba45a777a7b9804
984,24.6,0.3073,0.9276,False,12,mechanical_001,79d0085777a69b241e0aecfb8f846de17ec9f872695857e4dba45a777a7b9804
985,24.625,0.3076,0.9241,False,12,mechanical_001,79d0085777a69b241e0aecfb8f846de17ec9f872695857e4dba45a777a7b9804
986,24.65,0.3079,0.9234,False,12,mechanical_001,79d0085777a69b241e0aecfb8f846de17ec9f872695857e4dba45a777a7b9804
987,24.675,0.3082,0.9231,False,12,mechanical_001,79d0085777a69b241e0aecfb8f846de17ec9f872695857e4dba45a777a7b9804
988,24.7,0.3085,0.928,False,12,mechanical_001,79d0085777a69b241e0aecfb8f846de17ec9f872695857e4dba45a777a7b9804
989,24.725,0.3088,0.9324,False,12,mechanical_001,79d0085777a69b241e0aecfb8f846de17ec9f872695857e4dba45a777a7b9804
990,24.75,0.3091,0.9381,False,12,mechanical_001,79d0085777a69b241e0aecfb8f846de17ec9f872695857e4dba45a777a7b9804
991,24.775,0.3094,0.9415,False,12,mechanical_001,79d0085777a69b241e0aecfb8f846de17ec9f872695857e4dba45a777a7b9804
992,24.8,0.3098,0.9437,False,12,mechanical_001,79d0085777a69b241e0aecfb8f846de17ec9f872695857e4dba45a777a7b9804
993,24.825,0.3101,0.9481,False,12,mechanical_001,79d0085777a69b241e0aecfb8f846de17ec9f872695857e4dba45a777a7b9804
994,24.85,0.3104,0.9501,False,12,mechanical_001,79d0085777a69b241e0aecfb8f846de17ec9f872695857e4dba45a777a7b9804
995,24.875,0.3107,0.9509,False,12,mechanical_001,79d0085777a69b241e0aecfb8f846de17ec9f872695857e4dba45a777a7b9804
996,24.9,0.311,0.9534,False,12,mechanical_001,79d0085777a69b241e0aecfb8f846de17ec9f872695857e4dba45a777a7b9804
997,24.925,0.3113,0.9557,False,12,mechanical_001,79d0085777a69b241e0aecfb8f846de17ec9f872695857e4dba45a777a7b9804
998,24.95,0.3116,0.9576,False,12,mechanical_001,79d0085777a69b241e0aecfb8f846de17ec9f872695857e4dba45a777a7b9804
999,24.975,0.312,0.9586,False,12,mechanical_001,79d0085777a69b241e0aecfb8f846de17ec9f872695857e4dba45a777a7b9804
1000,25.0,0.3123,0.9603,False,12,mechanical_001,79d0085777a69b241e0aecfb8f846de17ec9f872695857e4dba45a777a7b9804
1001,25.025,0.3126,0.9607,False,12,mechanical_001,79d0085777a69b241e0aecfb8f846de17ec9f872695857e4dba45a777a7b9804
1002,25.05,0.3129,0.9632,False,12,mechanical_001,79d0085777a69b241e0aecfb8f846de17ec9f872695857e4dba45a777a7b9804
1003,25.075,0.3132,0.9672,False,12,mechanical_001,79d0085777a69b241e0aecfb8f846de17ec9f872695857e4dba45a777a7b9804
1004,25.1,0.3135,0.9699,False,12,mechanical_001,79d0085777a69b241e0aecfb8f846de17ec9f872695857e4dba45a777a7b9804
1005,25.125,0.3138,0.9734,False,12,mechanical_001,79d0085777a69b241e0aecfb8f846de17ec9f872695857e4dba45a777a7b9804
1006,25.15,0.3142,0.9767,False,12,mechanical_001,79d0085777a69b241e0aecfb8f846de17ec9f872695857e4dba45a777a7b9804
1007,25.175,0.3145,0.9781,False,12,mechanical_001,79d0085777a69b241e0aecfb8f846de17ec9f872695857e4dba45a777a7b9804
1008,25.2,0.3148,0.9783,False,12,mechanical_001,79d0085777a69b241e0aecfb8f846de17ec9f872695857e4dba45a777a7b9804
1009,25.225,0.3151,0.9795,False,12,mechanical_001,79d0085777a69b241e0aecfb8f846de17ec9f872695857e4dba45a777a7b9804
1010,25.25,0.3154,0.9804,False,12,mechanical_001,79d0085777a69b241e0aecfb8f846de17ec9f872695857e4dba45a777a7b9804
1011,25.275,0.3157,0.9817,False,12,mechanical_001,79d0085777a69b241e0aecfb8f846de17ec9f872695857e4dba45a777a7b9804
1012,25.3,0.316,0.9822,False,12,mechanical_001,79d0085777a69b241e0aecfb8f846de17ec9f872695857e4dba45a777a7b9804
1013,25.325,0.3163,0.9847,False,12,mechanical_001,79d0085777a69b241e0aecfb8f846de17ec9f872695857e4dba45a777a7b9804
1014,25.35,0.3166,0.9872,False,12,mechanical_001,79d0085777a69b241e0aecfb8f846de17ec9f872695857e4dba45a777a7b9804
1015,25.375,0.317,0.9894,False,12,mechanical_001,79d0085777a69b241e0aecfb8f846de17ec9f872695857e4dba45a777a7b9804
1016,25.4,0.3173,0.9917,False,12,mechanical_001,79d0085777a69b241e0aecfb8f846de17ec9f872695857e4dba45a777a7b9804
1017,25.425,0.3176,0.9968,False,12,mechanical_001,79d0085777a69b241e0aecfb8f846de17ec9f872695857e4dba45a777a7b9804
1018,25.45,0.3179,1.0038,True,12,mechanical_001,79d0085777a69b241e0aecfb8f846de17ec9f872695857e4dba45a777a7b9804
1019,25.475,0.3183,1.0132,True,12,mechanical_001,79d0085777a69b241e0aecfb8f846de17ec9f872695857e4dba45a777a7b9804
1020,25.5,0.3186,1.0184,True,12,mechanical_001,79d0085777a69b241e0aecfb8f846de17ec9f872695857e4dba45a777a7b9804
1021,25.525,0.3189,1.0232,True,12,mechanical_001,79d0085777a69b241e0aecfb8f846de17ec9f872695857e4dba45a777a7b9804
1022,25.55,0.3192,1.0245,True,12,mechanical_001,79d0085777a69b241e0aecfb8f846de17ec9f872695857e4dba45a777a7b9804
1023,25.575,0.3196,1.0229,True,12,mechanical_001,79d0085777a69b241e0aecfb8f846de17ec9f872695857e4dba45a777a7b9804
1024,25.6,0.3199,1.0219,True,12,mechanical_001,79d0085777a69b241e0aecfb8f846de17ec9f872695857e4dba45a777a7b9804
1025,25.625,0.3202,1.0198,True,12,mechanical_001,79d0085777a69b241e0aecfb8f846de17ec9f872695857e4dba45a777a7b9804
1026,25.65,0.3205,1.0186,True,12,mechanical_001,79d0085777a69b241e0aecfb8f846de17ec9f872695857e4dba45a777a7b9804
1027,25.675,0.3208,1.02,True,12,mechanical_001,79d0085777a69b241e0aecfb8f846de17ec9f872695857e4dba45a777a7b9804
1028,25.7,0.3211,1.0234,True,12,mechanical_001,79d0085777a69b241e0aecfb8f846de17ec9f872695857e4dba45a777a7b9804
1029,25.725,0.3214,1.026,True,12,mechanical_001,79d0085777a69b241e0aecfb8f846de17ec9f872695857e4dba45a777a7b9804
1030,25.75,0.3217,1.0284,True,12,mechanical_001,79d0085777a69b241e0aecfb8f846de17ec9f872695857e4dba45a777a7b9804
1031,25.775,0.322,1.0336,True,12,mechanical_001,79d0085777a69b241e0aecfb8f846de17ec9f872695857e4dba45a777a7b9804
1032,25.8,0.3223,1.0388,True,12,mechanical_001,79d0085777a69b241e0aecfb8f846de17ec9f872695857e4dba45a777a7b9804
1033,25.825,0.3226,1.0422,True,12,mechanical_001,79d0085777a69b241e0aecfb8f846de17ec9f872695857e4dba45a777a7b9804
1034,25.85,0.3229,1.0447,True,12,mechanical_001,79d0085777a69b241e0aecfb8f846de17ec9f872695857e4dba45a777a7b9804
1035,25.875,0.3232,1.0467,True,12,mechanical_001,79d0085777a69b241e0aecfb8f846de17ec9f872695857e4dba45a777a7b9804
1036,25.9,0.3235,1.0481,True,12,mechanical_001,79d0085777a69b241e0aecfb8f846de17ec9f872695857e4dba45a777a7b9804
1037,25.925,0.3238,1.0482,True,12,mechanical_001,79d0085777a69b241e0aecfb8f846de17ec9f872695857e4dba45a777a7b9804
1038,25.95,0.3241,1.0524,True,12,mechanical_001,79d0085777a69b241e0aecfb8f846de17ec9f872695857e4dba45a777a7b9804
1039,25.975,0.3245,1.0549,True,12,mechanical_001,79d0085777a69b241e0aecfb8f846de17ec9f872695857e4dba45a777a7b9804
1040,26.0,0.3248,1.0535,True,12,mechanical_001,79d0085777a69b241e0aecfb8f846de17ec9f872695857e4dba45a777a7b9804
1041,26.025,0.3251,1.0515,True,12,mechanical_001,79d0085777a69b241e0aecfb8f846de17ec9f872695857e4dba45a777a7b9804
1042,26.05,0.3254,1.0507,True,12,mechanical_001,79d0085777a69b241e0aecfb8f846de17ec9f872695857e4dba45a777a7b9804
1043,26.075,0.3257,1.0509,True,12,mechanical_001,79d0085777a69b241e0aecfb8f846de17ec9f872695857e4dba45a777a7b9804
1044,26.1,0.326,1.0504,True,12,mechanical_001,79d0085777a69b241e0aecfb8f846de17ec9f872695857e4dba45a777a7b9804
1045,26.125,0.3263,1.0526,True,12,mechanical_001,79d0085777a69b241e0aecfb8f846de17ec9f872695857e4dba45a777a7b9804
1046,26.15,0.3266,1.054,True,12,mechanical_001,79d0085777a69b241e0aecfb8f846de17ec9f872695857e4dba45a777a7b9804
1047,26.175,0.3269,1.0541,True,12,mechanical_001,79d0085777a69b241e0aecfb8f846de17ec9f872695857e4dba45a777a7b9804
1048,26.2,0.3272,1.0541,True,12,mechanical_001,79d0085777a69b241e0aecfb8f846de17ec9f872695857e4dba45a777a7b9804
1049,26.225,0.3275,1.055,True,12,mechanical_001,79d0085777a69b241e0aecfb8f846de17ec9f872695857e4dba45a777a7b9804
1050,26.25,0.3278,1.0532,True,12,mechanical_001,79d0085777a69b241e0aecfb8f846de17ec9f872695857e4dba45a777a7b9804
1051,26.275,0.3281,1.0517,True,12,mechanical_001,79d0085777a69b241e0aecfb8f846de17ec9f872695857e4dba45a777a7b9804
1052,26.3,0.3284,1.0512,True,12,mechanical_001,79d0085777a69b241e0aecfb8f846de17ec9f872695857e4dba45a777a7b9804
1053,26.325,0.3287,1.0496,True,12,mechanical_001,79d0085777a69b241e0aecfb8f846de17ec9f872695857e4dba45a777a7b9804
1054,26.35,0.329,1.0483,True,12,mechanical_001,79d0085777a69b241e0aecfb8f846de17ec9f872695857e4dba45a777a7b9804
1055,26.375,0.3293,1.046,True,12,mechanical_001,79d0085777a69b241e0aecfb8f846de17ec9f872695857e4dba45a777a7b9804
1056,26.4,0.3295,1.0465,True,12,mechanical_001,79d0085777a69b241e0aecfb8f846de17ec9f872695857e4dba45a777a7b9804
1057,26.425,0.3298,1.0511,True,12,mechanical_001,79d0085777a69b241e0aecfb8f846de17ec9f872695857e4dba45a777a7b9804
1058,26.45,0.3301,1.0587,True,12,mechanical_001,79d0085777a69b241e0aecfb8f846de17ec9f872695857e4dba45a777a7b9804
1059,26.475,0.3304,1.0687,True,12,mechanical_001,79d0085777a69b241e0aecfb8f846de17ec9f872695857e4dba45a777a7b9804
1060,26.5,0.3308,1.0803,True,12,mechanical_001,79d0085777a69b241e0aecfb8f846de17ec9f872695857e4dba45a777a7b9804
1061,26.525,0.3311,1.087,True,12,mechanical_001,79d0085777a69b241e0aecfb8f846de17ec9f872695857e4dba45a777a7b9804
1062,26.55,0.3314,1.0924,True,12,mechanical_001,79d0085777a69b241e0aecfb8f846de17ec9f872695857e4dba45a777a7b9804
1063,26.575,0.3317,1.0971,True,12,mechanical_001,79d0085777a69b241e0aecfb8f846de17ec9f872695857e4dba45a777a7b9804
1064,26.6,0.332,1.0991,True,12,mechanical_001,79d0085777a69b241e0aecfb8f846de17ec9f872695857e4dba45a777a7b9804
1065,26.625,0.3323,1.101,True,12,mechanical_001,79d0085777a69b241e0aecfb8f846de17ec9f872695857e4dba45a777a7b9804
1066,26.65,0.3326,1.1013,True,12,mechanical_001,79d0085777a69b241e0aecfb8f846de17ec9f872695857e4dba45a777a7b9804
1067,26.675,0.3329,1.0993,True,12,mechanical_001,79d0085777a69b241e0aecfb8f846de17ec9f872695857e4dba45a777a7b9804
1068,26.7,0.3332,1.0962,True,12,mechanical_001,79d0085777a69b241e0aecfb8f846de17ec9f872695857e4dba45a777a7b9804
1069,26.725,0.3335,1.0968,True,12,mechanical_001,79d0085777a69b241e0aecfb8f846de17ec9f872695857e4dba45a777a7b9804
1070,26.75,0.3338,1.0987,True,12,mechanical_001,79d0085777a69b241e0aecfb8f846de17ec9f872695857e4dba45a777a7b9804
1071,26.775,0.3341,1.1017,True,12,mechanical_001,79d0085777a69b241e0aecfb8f846de17ec9f872695857e4dba45a777a7b9804
1072,26.8,0.3344,1.109,True,12,mechanical_001,79d0085777a69b241e0aecfb8f846de17ec9f872695857e4dba45a777a7b9804
1073,26.825,0.3347,1.1166,True,12,mechanical_001,79d0085777a69b241e0aecfb8f846de17ec9f872695857e4dba45a777a7b9804
1074,26.85,0.335,1.1247,True,12,mechanical_001,79d0085777a69b241e0aecfb8f846de17ec9f872695857e4dba45a777a7b9804
1075,26.875,0.3353,1.1339,True,12,mechanical_001,79d0085777a69b241e0aecfb8f846de17ec9f872695857e4dba45a777a7b9804
1076,26.9,0.3356,1.1435,True,12,mechanical_001,79d0085777a69b241e0aecfb8f846de17ec9f872695857e4dba45a777a7b9804
1077,26.925,0.3359,1.1512,True,12,mechanical_001,79d0085777a69b241e0aecfb8f846de17ec9f872695857e4dba45a777a7b9804
1078,26.95,0.3362,1.1565,True,12,mechanical_001,79d0085777a69b241e0aecfb8f846de17ec9f872695857e4dba45a777a7b9804
1079,26.975,0.3365,1.1612,True,12,mechanical_001,79d0085777a69b241e0aecfb8f846de17ec9f872695857e4dba45a777a7b9804
1080,27.0,0.3368,1.1645,True,12,mechanical_001,79d0085777a69b241e0aecfb8f846de17ec9f872695857e4dba45a777a7b9804
1081,27.025,0.3372,1.1674,True,12,mechanical_001,79d0085777a69b241e0aecfb8f846de17ec9f872695857e4dba45a777a7b9804
1082,27.05,0.3375,1.1684,True,12,mechanical_001,79d0085777a69b241e0aecfb8f846de17ec9f872695857e4dba45a777a7b9804
1083,27.075,0.3378,1.1695,True,12,mechanical_001,79d0085777a69b241e0aecfb8f846de17ec9f872695857e4dba45a777a7b9804
1084,27.1,0.3381,1.1731,True,12,mechanical_001,79d0085777a69b241e0aecfb8f846de17ec9f872695857e4dba45a777a7b9804
1085,27.125,0.3384,1.1754,True,12,mechanical_001,79d0085777a69b241e0aecfb8f846de17ec9f872695857e4dba45a777a7b9804
1086,27.15,0.3387,1.1767,True,12,mechanical_001,79d0085777a69b241e0aecfb8f846de17ec9f872695857e4dba45a777a7b9804
1087,27.175,0.339,1.1778,True,12,mechanical_001,79d0085777a69b241e0aecfb8f846de17ec9f872695857e4dba45a777a7b9804
1088,27.2,0.3393,1.1781,True,12,mechanical_001,79d0085777a69b241e0aecfb8f846de17ec9f872695857e4dba45a777a7b9804
1089,27.225,0.3396,1.1763,True,12,mechanical_001,79d0085777a69b241e0aecfb8f846de17ec9f872695857e4dba45a777a7b9804
1090,27.25,0.3399,1.176,True,12,mechanical_001,79d0085777a69b241e0aecfb8f846de17ec9f872695857e4dba45a777a7b9804
1091,27.275,0.3402,1.1738,True,12,mechanical_001,79d0085777a69b241e0aecfb8f846de17ec9f872695857e4dba45a777a7b9804
1092,27.3,0.3405,1.1754,True,12,mechanical_001,79d0085777a69b241e0aecfb8f846de17ec9f872695857e4dba45a777a7b9804
1093,27.325,0.3408,1.1806,True,12,mechanical_001,79d0085777a69b241e0aecfb8f846de17ec9f872695857e4dba45a777a7b9804
1094,27.35,0.3411,1.1859,True,12,mechanical_001,79d0085777a69b241e0aecfb8f846de17ec9f872695857e4dba45a777a7b9804
1095,27.375,0.3415,1.1881,True,12,mechanical_001,79d0085777a69b241e0aecfb8f846de17ec9f872695857e4dba45a777a7b9804
1096,27.4,0.3418,1.1927,True,12,mechanical_001,79d0085777a69b241e0aecfb8f846de17ec9f872695857e4dba45a777a7b9804
1097,27.425,0.3421,1.1949,True,12,mechanical_001,79d0085777a69b241e0aecfb8f846de17ec9f872695857e4dba45a777a7b9804
1098,27.45,0.3424,1.1992,True,12,mechanical_001,79d0085777a69b241e0aecfb8f846de17ec9f872695857e4dba45a777a7b9804
1099,27.475,0.3427,1.2035,True,12,mechanical_001,79d0085777a69b241e0aecfb8f846de17ec9f872695857e4dba45a777a7b9804
1100,27.5,0.343,1.2081,True,12,mechanical_001,79d0085777a69b241e0aecfb8f846de17ec9f872695857e4dba45a777a7b9804
1101,27.525,0.3433,1.214,True,12,mechanical_001,79d0085777a69b241e0aecfb8f846de17ec9f872695857e4dba45a777a7b9804
1102,27.55,0.3437,1.2194,True,12,mechanical_001,79d0085777a69b241e0aecfb8f846de17ec9f872695857e4dba45a777a7b9804
1103,27.575,0.344,1.2254,True,12,mechanical_001,79d0085777a69b241e0aecfb8f846de17ec9f872695857e4dba45a777a7b9804
1104,27.6,0.3443,1.2287,True,12,mechanical_001,79d0085777a69b241e0aecfb8f846de17ec9f872695857e4dba45a777a7b9804
1105,27.625,0.3447,1.2356,True,12,mechanical_001,79d0085777a69b241e0aecfb8f846de17ec9f872695857e4dba45a777a7b9804
1106,27.65,0.345,1.2471,True,12,mechanical_001,79d0085777a69b241e0aecfb8f846de17ec9f872695857e4dba45a777a7b9804
1107,27.675,0.3454,1.261,True,12,mechanical_001,79d0085777a69b241e0aecfb8f846de17ec9f872695857e4dba45a777a7b9804
1108,27.7,0.3457,1.2775,True,12,mechanical_001,79d0085777a69b241e0aecfb8f846de17ec9f872695857e4dba45a777a7b9804
1109,27.725,0.3461,1.2903,True,12,mechanical_001,79d0085777a69b241e0aecfb8f846de17ec9f872695857e4dba45a777a7b9804
1110,27.75,0.3465,1.2955,True,12,mechanical_001,79d0085777a69b241e0aecfb8f846de17ec9f872695857e4dba45a777a7b9804
1111,27.775,0.3468,1.2969,True,12,mechanical_001,79d0085777a69b241e0aecfb8f846de17ec9f872695857e4dba45a777a7b9804
1112,27.8,0.3472,1.2983,True,12,mechanical_001,79d0085777a69b241e0aecfb8f846de17ec9f872695857e4dba45a777a7b9804
1113,27.825,0.3475,1.2995,True,12,mechanical_001,79d0085777a69b241e0aecfb8f846de17ec9f872695857e4dba45a777a7b9804
1114,27.85,0.3478,1.3034,True,12,mechanical_001,79d0085777a69b241e0aecfb8f846de17ec9f872695857e4dba45a777a7b9804
1115,27.875,0.3482,1.3068,True,12,mechanical_001,79d0085777a69b241e0aecfb8f846de17ec9f872695857e4dba45a777a7b9804
1116,27.9,0.3485,1.3134,True,12,mechanical_001,79d0085777a69b241e0aecfb8f846de17ec9f872695857e4dba45a777a7b9804
1117,27.925,0.3489,1.3181,True,12,mechanical_001,79d0085777a69b241e0aecfb8f846de17ec9f872695857e4dba45a777a7b9804
1118,27.95,0.3492,1.3205,True,12,mechanical_001,79d0085777a69b241e0aecfb8f846de17ec9f872695857e4dba45a777a7b9804
1119,27.975,0.3495,1.319,True,12,mechanical_001,79d0085777a69b241e0aecfb8f846de17ec9f872695857e4dba45a777a7b9804
1120,28.0,0.3498,1.318,True,12,mechanical_001,79d0085777a69b241e0aecfb8f846de17ec9f872695857e4dba45a777a7b9804
1121,28.025,0.3501,1.3166,True,12,mechanical_001,79d0085777a69b241e0aecfb8f846de17ec9f872695857e4dba45a777a7b9804
1122,28.05,0.3504,1.3147,True,12,mechanical_001,79d0085777a69b241e0aecfb8f846de17ec9f872695857e4dba45a777a7b9804
1123,28.075,0.3507,1.3159,True,12,mechanical_001,79d0085777a69b241e0aecfb8f846de17ec9f872695857e4dba45a777a7b9804
1124,28.1,0.351,1.3158,True,12,mechanical_001,79d0085777a69b241e0aecfb8f846de17ec9f872695857e4dba45a777a7b9804
1125,28.125,0.3513,1.3163,True,12,mechanical_001,79d0085777a69b241e0aecfb8f846de17ec9f872695857e4dba45a777a7b9804
1126,28.15,0.3516,1.3184,True,12,mechanical_001,79d0085777a69b241e0aecfb8f846de17ec9f872695857e4dba45a777a7b9804
1127,28.175,0.3519,1.3229,True,12,mechanical_001,79d0085777a69b241e0aecfb8f846de17ec9f872695857e4dba45a777a7b9804
1128,28.2,0.3522,1.3304,True,12,mechanical_001,79d0085777a69b241e0aecfb8f846de17ec9f872695857e4dba45a777a7b9804
1129,28.225,0.3526,1.3364,True,12,mechanical_001,79d0085777a69b241e0aecfb8f846de17ec9f872695857e4dba45a777a7b9804
1130,28.25,0.3529,1.3389,True,12,mechanical_001,79d0085777a69b241e0aecfb8f846de17ec9f872695857e4dba45a777a7b9804
1131,28.275,0.3532,1.3402,True,12,mechanical_001,79d0085777a69b241e0aecfb8f846de17ec9f872695857e4dba45a777a7b9804
1132,28.3,0.3535,1.3405,True,12,mechanical_001,79d0085777a69b241e0aecfb8f846de17ec9f872695857e4dba45a777a7b9804
1133,28.325,0.3538,1.3414,True,12,mechanical_001,79d0085777a69b241e0aecfb8f846de17ec9f872695857e4dba45a777a7b9804
1134,28.35,0.3541,1.3422,True,12,mechanical_001,79d0085777a69b241e0aecfb8f846de17ec9f872695857e4dba45a777a7b9804
1135,28.375,0.3544,1.344,True,12,mechanical_001,79d0085777a69b241e0aecfb8f846de17ec9f872695857e4dba45a777a7b9804
1136,28.4,0.3547,1.345,True,12,mechanical_001,79d0085777a69b241e0aecfb8f846de17ec9f872695857e4dba45a777a7b9804
1137,28.425,0.355,1.3474,True,12,mechanical_001,79d0085777a69b241e0aecfb8f846de17ec9f872695857e4dba45a777a7b9804
1138,28.45,0.3553,1.3512,True,12,mechanical_001,79d0085777a69b241e0aecfb8f846de17ec9f872695857e4dba45a777a7b9804
1139,28.475,0.3556,1.3532,True,12,mechanical_001,79d0085777a69b241e0aecfb8f846de17ec9f872695857e4dba45a777a7b9804
1140,28.5,0.3559,1.3524,True,12,mechanical_001,79d0085777a69b241e0aecfb8f846de17ec9f872695857e4dba45a777a7b9804
1141,28.525,0.3562,1.3563,True,12,mechanical_001,79d0085777a69b241e0aecfb8f846de17ec9f872695857e4dba45a777a7b9804
1142,28.55,0.3565,1.3633,True,12,mechanical_001,79d0085777a69b241e0aecfb8f846de17ec9f872695857e4dba45a777a7b9804
1143,28.575,0.3568,1.3693,True,12,mechanical_001,79d0085777a69b241e0aecfb8f846de17ec9f872695857e4dba45a777a7b9804
1144,28.6,0.3571,1.3754,True,12,mechanical_001,79d0085777a69b241e0aecfb8f846de17ec9f872695857e4dba45a777a7b9804
1145,28.625,0.3574,1.3807,True,12,mechanical_001,79d0085777a69b241e0aecfb8f846de17ec9f872695857e4dba45a777a7b9804
1146,28.65,0.3577,1.3851,True,12,mechanical_001,79d0085777a69b241e0aecfb8f846de17ec9f872695857e4dba45a777a7b9804
1147,28.675,0.358,1.3919,True,12,mechanical_001,79d0085777a69b241e0aecfb8f846de17ec9f872695857e4dba45a777a7b9804
1148,28.7,0.3583,1.4003,True,12,mechanical_001,79d0085777a69b241e0aecfb8f846de17ec9f872695857e4dba45a777a7b9804
1149,28.725,0.3586,1.4097,True,12,mechanical_001,79d0085777a69b241e0aecfb8f846de17ec9f872695857e4dba45a777a7b9804
1150,28.75,0.3589,1.4213,True,12,mechanical_001,79d0085777a69b241e0aecfb8f846de17ec9f872695857e4dba45a777a7b9804
1151,28.775,0.3593,1.4327,True,12,mechanical_001,79d0085777a69b241e0aecfb8f846de17ec9f872695857e4dba45a777a7b9804
1152,28.8,0.3596,1.4404,True,12,mechanical_001,79d0085777a69b241e0aecfb8f846de17ec9f872695857e4dba45a777a7b9804
1153,28.825,0.3599,1.4495,True,12,mechanical_001,79d0085777a69b241e0aecfb8f846de17ec9f872695857e4dba45a777a7b9804
1154,28.85,0.3602,1.4582,True,12,mechanical_001,79d0085777a69b241e0aecfb8f846de17ec9f872695857e4dba45a777a7b9804
1155,28.875,0.3606,1.4687,True,12,mechanical_001,79d0085777a69b241e0aecfb8f846de17ec9f872695857e4dba45a777a7b9804
1156,28.9,0.3609,1.4784,True,12,mechanical_001,79d0085777a69b241e0aecfb8f846de17ec9f872695857e4dba45a777a7b9804
1157,28.925,0.3612,1.4852,True,12,mechanical_001,79d0085777a69b241e0aecfb8f846de17ec9f872695857e4dba45a777a7b9804
1158,28.95,0.3615,1.4915,True,12,mechanical_001,79d0085777a69b241e0aecfb8f846de17ec9f872695857e4dba45a777a7b9804
1159,28.975,0.3619,1.5001,True,12,mechanical_001,79d0085777a69b241e0aecfb8f846de17ec9f872695857e4dba45a777a7b9804
1160,29.0,0.3622,1.5079,True,12,mechanical_001,79d0085777a69b241e0aecfb8f846de17ec9f872695857e4dba45a777a7b9804
1161,29.025,0.3625,1.5135,True,12,mechanical_001,79d0085777a69b241e0aecfb8f846de17ec9f872695857e4dba45a777a7b9804
1162,29.05,0.3629,1.5189,True,12,mechanical_001,79d0085777a69b241e0aecfb8f846de17ec9f872695857e4dba45a777a7b9804
1163,29.075,0.3632,1.5231,True,12,mechanical_001,79d0085777a69b241e0aecfb8f846de17ec9f872695857e4dba45a777a7b9804
1164,29.1,0.3635,1.5258,True,12,mechanical_001,79d0085777a69b241e0aecfb8f846de17ec9f872695857e4dba45a777a7b9804
1165,29.125,0.3638,1.5266,True,12,mechanical_001,79d0085777a69b241e0aecfb8f846de17ec9f872695857e4dba45a777a7b9804
1166,29.15,0.3641,1.5269,True,12,mechanical_001,79d0085777a69b241e0aecfb8f846de17ec9f872695857e4dba45a777a7b9804
1167,29.175,0.3644,1.5254,True,12,mechanical_001,79d0085777a69b241e0aecfb8f846de17ec9f872695857e4dba45a777a7b9804
1168,29.2,0.3647,1.5296,True,12,mechanical_001,79d0085777a69b241e0aecfb8f846de17ec9f872695857e4dba45a777a7b9804
1169,29.225,0.365,1.5338,True,12,mechanical_001,79d0085777a69b241e0aecfb8f846de17ec9f872695857e4dba45a777a7b9804
1170,29.25,0.3654,1.5381,True,12,mechanical_001,79d0085777a69b241e0aecfb8f846de17ec9f872695857e4dba45a777a7b9804
1171,29.275,0.3657,1.5455,True,12,mechanical_001,79d0085777a69b241e0aecfb8f846de17ec9f872695857e4dba45a777a7b9804
1172,29.3,0.366,1.5495,True,12,mechanical_001,79d0085777a69b241e0aecfb8f846de17ec9f872695857e4dba45a777a7b9804
1173,29.325,0.3663,1.5514,True,12,mechanical_001,79d0085777a69b241e0aecfb8f846de17ec9f872695857e4dba45a777a7b9804
1174,29.35,0.3666,1.5552,True,12,mechanical_001,79d0085777a69b241e0aecfb8f846de17ec9f872695857e4dba45a777a7b9804
1175,29.375,0.3669,1.5577,True,12,mechanical_001,79d0085777a69b241e0aecfb8f846de17ec9f872695857e4dba45a777a7b9804
1176,29.4,0.3672,1.5577,True,12,mechanical_001,79d0085777a69b241e0aecfb8f846de17ec9f872695857e4dba45a777a7b9804
1177,29.425,0.3675,1.5624,True,12,mechanical_001,79d0085777a69b241e0aecfb8f846de17ec9f872695857e4dba45a777a7b9804
1178,29.45,0.3678,1.5665,True,12,mechanical_001,79d0085777a69b241e0aecfb8f846de17ec9f872695857e4dba45a777a7b9804
1179,29.475,0.3681,1.5757,True,12,mechanical_001,79d0085777a69b241e0aecfb8f846de17ec9f872695857e4dba45a777a7b9804
1180,29.5,0.3685,1.5892,True,12,mechanical_001,79d0085777a69b241e0aecfb8f846de17ec9f872695857e4dba45a777a7b9804
1181,29.525,0.3688,1.602,True,12,mechanical_001,79d0085777a69b241e0aecfb8f846de17ec9f872695857e4dba45a777a7b9804
1182,29.55,0.3691,1.6138,True,12,mechanical_001,79d0085777a69b241e0aecfb8f846de17ec9f872695857e4dba45a777a7b9804
1183,29.575,0.3695,1.6209,True,12,mechanical_001,79d0085777a69b241e0aecfb8f846de17ec9f872695857e4dba45a777a7b9804
1184,29.6,0.3698,1.625,True,12,mechanical_001,79d0085777a69b241e0aecfb8f846de17ec9f872695857e4dba45a777a7b9804
1185,29.625,0.3701,1.6242,True,12,mechanical_001,79d0085777a69b241e0aecfb8f846de17ec9f872695857e4dba45a777a7b9804
1186,29.65,0.3704,1.621,True,12,mechanical_001,79d0085777a69b241e0aecfb8f846de17ec9f872695857e4dba45a777a7b9804
1187,29.675,0.3707,1.616,True,12,mechanical_001,79d0085777a69b241e0aecfb8f846de17ec9f872695857e4dba45a777a7b9804
1188,29.7,0.371,1.6145,True,12,mechanical_001,79d0085777a69b241e0aecfb8f846de17ec9f872695857e4dba45a777a7b9804
1189,29.725,0.3713,1.6165,True,12,mechanical_001,79d0085777a69b241e0aecfb8f846de17ec9f872695857e4dba45a777a7b9804
1190,29.75,0.3716,1.6197,True,12,mechanical_001,79d0085777a69b241e0aecfb8f846de17ec9f872695857e4dba45a777a7b9804
1191,29.775,0.3719,1.6262,True,12,mechanical_001,79d0085777a69b241e0aecfb8f846de17ec9f872695857e4dba45a777a7b9804
1192,29.8,0.3722,1.6364,True,12,mechanical_001,79d0085777a69b241e0aecfb8f846de17ec9f872695857e4dba45a777a7b9804
1193,29.825,0.3725,1.6478,True,12,mechanical_001,79d0085777a69b241e0aecfb8f846de17ec9f872695857e4dba45a777a7b9804
1194,29.85,0.3729,1.658,True,12,mechanical_001,79d0085777a69b241e0aecfb8f846de17ec9f872695857e4dba45a777a7b9804
1195,29.875,0.3732,1.6652,True,12,mechanical_001,79d0085777a69b241e0aecfb8f846de17ec9f872695857e4dba45a777a7b9804
1196,29.9,0.3735,1.6695,True,12,mechanical_001,79d0085777a69b241e0aecfb8f846de17ec9f872695857e4dba45a777a7b9804
1197,29.925,0.3738,1.6713,True,12,mechanical_001,79d0085777a69b241e0aecfb8f846de17ec9f872695857e4dba45a777a7b9804
1198,29.95,0.3741,1.6722,True,12,mechanical_001,79d0085777a69b241e0aecfb8f846de17ec9f872695857e4dba45a777a7b9804
1199,29.975,0.3744,1.6736,True,12,mechanical_001,79d0085777a69b241e0aecfb8f846de17ec9f872695857e4dba45a777a7b9804
1200,30.0,0.3747,1.6796,True,12,mechanical_001,79d0085777a69b241e0aecfb8f846de17ec9f872695857e4dba45a777a7b9804
1201,30.025,0.375,1.6863,True,12,mechanical_001,79d0085777a69b241e0aecfb8f846de17ec9f872695857e4dba45a777a7b9804
1202,30.05,0.3753,1.6916,True,12,mechanical_001,79d0085777a69b241e0aecfb8f846de17ec9f872695857e4dba45a777a7b9804
1203,30.075,0.3756,1.6971,True,12,mechanical_001,79d0085777a69b241e0aecfb8f846de17ec9f872695857e4dba45a777a7b9804
1204,30.1,0.3759,1.7033,True,12,mechanical_001,79d0085777a69b241e0aecfb8f846de17ec9f872695857e4dba45a777a7b9804
1205,30.125,0.3762,1.7096,True,12,mechanical_001,79d0085777a69b241e0aecfb8f846de17ec9f872695857e4dba45a777a7b9804
1206,30.15,0.3766,1.7151,True,12,mechanical_001,79d0085777a69b241e0aecfb8f846de17ec9f872695857e4dba45a777a7b9804
1207,30.175,0.3769,1.7224,True,12,mechanical_001,79d0085777a69b241e0aecfb8f846de17ec9f872695857e4dba45a777a7b9804
1208,30.2,0.3772,1.7281,True,12,mechanical_001,79d0085777a69b241e0aecfb8f846de17ec9f872695857e4dba45a777a7b9804
1209,30.225,0.3775,1.7327,True,12,mechanical_001,79d0085777a69b241e0aecfb8f846de17ec9f872695857e4dba45a777a7b9804
1210,30.25,0.3778,1.737,True,12,mechanical_001,79d0085777a69b241e0aecfb8f846de17ec9f872695857e4dba45a777a7b9804
1211,30.275,0.3781,1.7452,True,12,mechanical_001,79d0085777a69b241e0aecfb8f846de17ec9f872695857e4dba45a777a7b9804
1212,30.3,0.3784,1.7524,True,12,mechanical_001,79d0085777a69b241e0aecfb8f846de17ec9f872695857e4dba45a777a7b9804
1213,30.325,0.3787,1.7587,True,12,mechanical_001,79d0085777a69b241e0aecfb8f846de17ec9f872695857e4dba45a777a7b9804
1214,30.35,0.379,1.7613,True,12,mechanical_001,79d0085777a69b241e0aecfb8f846de17ec9f872695857e4dba45a777a7b9804
1215,30.375,0.3793,1.7652,True,12,mechanical_001,79d0085777a69b241e0aecfb8f846de17ec9f872695857e4dba45a777a7b9804
1216,30.4,0.3796,1.7702,True,12,mechanical_001,79d0085777a69b241e0aecfb8f846de17ec9f872695857e4dba45a777a7b9804
1217,30.425,0.38,1.7776,True,12,mechanical_001,79d0085777a69b241e0aecfb8f846de17ec9f872695857e4dba45a777a7b9804
1218,30.45,0.3803,1.783,True,12,mechanical_001,79d0085777a69b241e0aecfb8f846de17ec9f872695857e4dba45a777a7b9804
1219,30.475,0.3806,1.7876,True,12,mechanical_001,79d0085777a69b241e0aecfb8f846de17ec9f872695857e4dba45a777a7b9804
1220,30.5,0.3809,1.7931,True,12,mechanical_001,79d0085777a69b241e0aecfb8f846de17ec9f872695857e4dba45a777a7b9804
1221,30.525,0.3812,1.7992,True,12,mechanical_001,79d0085777a69b241e0aecfb8f846de17ec9f872695857e4dba45a777a7b9804
1222,30.55,0.3815,1.807,True,12,mechanical_001,79d0085777a69b241e0aecfb8f846de17ec9f872695857e4dba45a777a7b9804
1223,30.575,0.3819,1.8166,True,12,mechanical_001,79d0085777a69b241e0aecfb8f846de17ec9f872695857e4dba45a777a7b9804
1224,30.6,0.3822,1.8263,True,12,mechanical_001,79d0085777a69b241e0aecfb8f846de17ec9f872695857e4dba45a777a7b9804
1225,30.625,0.3826,1.8394,True,12,mechanical_001,79d0085777a69b241e0aecfb8f846de17ec9f872695857e4dba45a777a7b9804
1226,30.65,0.3829,1.8519,True,12,mechanical_001,79d0085777a69b241e0aecfb8f846de17ec9f872695857e4dba45a777a7b9804
1227,30.675,0.3833,1.8602,True,12,mechanical_001,79d0085777a69b241e0aecfb8f846de17ec9f872695857e4dba45a777a7b9804
1228,30.7,0.3836,1.8622,True,12,mechanical_001,79d0085777a69b241e0aecfb8f846de17ec9f872695857e4dba45a777a7b9804
1229,30.725,0.3839,1.8574,True,12,mechanical_001,79d0085777a69b241e0aecfb8f846de17ec9f872695857e4dba45a777a7b9804
1230,30.75,0.3842,1.8463,True,12,mechanical_001,79d0085777a69b241e0aecfb8f846de17ec9f872695857e4dba45a777a7b9804
1231,30.775,0.3845,1.834,True,12,mechanical_001,79d0085777a69b241e0aecfb8f846de17ec9f872695857e4dba45a777a7b9804
1232,30.8,0.3848,1.8269,True,12,mechanical_001,79d0085777a69b241e0aecfb8f846de17ec9f872695857e4dba45a777a7b9804
1233,30.825,0.3851,1.8215,True,12,mechanical_001,79d0085777a69b241e0aecfb8f846de17ec9f872695857e4dba45a777a7b9804
1234,30.85,0.3854,1.8175,True,12,mechanical_001,79d0085777a69b241e0aecfb8f846de17ec9f872695857e4dba45a777a7b9804
1235,30.875,0.3857,1.8182,True,12,mechanical_001,79d0085777a69b241e0aecfb8f846de17ec9f872695857e4dba45a777a7b9804
1236,30.9,0.386,1.8197,True,12,mechanical_001,79d0085777a69b241e0aecfb8f846de17ec9f872695857e4dba45a777a7b9804
1237,30.925,0.3863,1.8248,True,12,mechanical_001,79d0085777a69b241e0aecfb8f846de17ec9f872695857e4dba45a777a7b9804
1238,30.95,0.3866,1.831,True,12,mechanical_001,79d0085777a69b241e0aecfb8f846de17ec9f872695857e4dba45a777a7b9804
1239,30.975,0.387,1.8377,True,12,mechanical_001,79d0085777a69b241e0aecfb8f846de17ec9f872695857e4dba45a777a7b9804
1240,31.0,0.3873,1.8434,True,12,mechanical_001,79d0085777a69b241e0aecfb8f846de17ec9f872695857e4dba45a777a7b9804
1241,31.025,0.3876,1.8459,True,12,mechanical_001,79d0085777a69b241e0aecfb8f846de17ec9f872695857e4dba45a777a7b9804
1242,31.05,0.3879,1.8487,True,12,mechanical_001,79d0085777a69b241e0aecfb8f846de17ec9f872695857e4dba45a777a7b9804
1243,31.075,0.3882,1.8528,True,12,mechanical_001,79d0085777a69b241e0aecfb8f846de17ec9f872695857e4dba45a777a7b9804
1244,31.1,0.3886,1.854,True,12,mechanical_001,79d0085777a69b241e0aecfb8f846de17ec9f872695857e4dba45a777a7b9804
1245,31.125,0.3889,1.8556,True,12,mechanical_001,79d0085777a69b241e0aecfb8f846de17ec9f872695857e4dba45a777a7b9804
1246,31.15,0.3892,1.8574,True,12,mechanical_001,79d0085777a69b241e0aecfb8f846de17ec9f872695857e4dba45a777a7b9804
1247,31.175,0.3895,1.8569,True,12,mechanical_001,79d0085777a69b241e0aecfb8f846de17ec9f872695857e4dba45a777a7b9804
1248,31.2,0.3898,1.858,True,12,mechanical_001,79d0085777a69b241e0aecfb8f846de17ec9f872695857e4dba45a777a7b9804
1249,31.225,0.3901,1.8561,True,12,mechanical_001,79d0085777a69b241e0aecfb8f846de17ec9f872695857e4dba45a777a7b9804
1250,31.25,0.3904,1.8512,True,12,mechanical_001,79d0085777a69b241e0aecfb8f846de17ec9f872695857e4dba45a777a7b9804
1251,31.275,0.3907,1.8461,True,12,mechanical_001,79d0085777a69b241e0aecfb8f846de17ec9f872695857e4dba45a777a7b9804
1252,31.3,0.391,1.8444,True,12,mechanical_001,79d0085777a69b241e0aecfb8f846de17ec9f872695857e4dba45a777a7b9804
1253,31.325,0.3913,1.8456,True,12,mechanical_001,79d0085777a69b241e0aecfb8f846de17ec9f872695857e4dba45a777a7b9804
1254,31.35,0.3916,1.85,True,12,mechanical_001,79d0085777a69b241e0aecfb8f846de17ec9f872695857e4dba45a777a7b9804
1255,31.375,0.3919,1.8577,True,12,mechanical_001,79d0085777a69b241e0aecfb8f846de17ec9f872695857e4dba45a777a7b9804
1256,31.4,0.3922,1.8626,True,12,mechanical_001,79d0085777a69b241e0aecfb8f846de17ec9f872695857e4dba45a777a7b9804
1257,31.425,0.3925,1.868,True,12,mechanical_001,79d0085777a69b241e0aecfb8f846de17ec9f872695857e4dba45a777a7b9804
1258,31.45,0.3929,1.8714,True,12,mechanical_001,79d0085777a69b241e0aecfb8f846de17ec9f872695857e4dba45a777a7b9804
1259,31.475,0.3932,1.8747,True,12,mechanical_001,79d0085777a69b241e0aecfb8f846de17ec9f872695857e4dba45a777a7b9804
1260,31.5,0.3935,1.8783,True,12,mechanical_001,79d0085777a69b241e0aecfb8f846de17ec9f872695857e4dba45a777a7b9804
1261,31.525,0.3938,1.88,True,12,mechanical_001,79d0085777a69b241e0aecfb8f846de17ec9f872695857e4dba45a777a7b9804
1262,31.55,0.3941,1.8836,True,12,mechanical_001,79d0085777a69b241e0aecfb8f846de17ec9f872695857e4dba45a777a7b9804
1263,31.575,0.3944,1.8877,True,12,mechanical_001,79d0085777a69b241e0aecfb8f846de17ec9f872695857e4dba45a777a7b9804
1264,31.6,0.3947,1.8904,True,12,mechanical_001,79d0085777a69b241e0aecfb8f846de17ec9f872695857e4dba45a777a7b9804
1265,31.625,0.395,1.892,True,12,mechanical_001,79d0085777a69b241e0aecfb8f846de17ec9f872695857e4dba45a777a7b9804
1266,31.65,0.3954,1.8925,True,12,mechanical_001,79d0085777a69b241e0aecfb8f846de17ec9f872695857e4dba45a777a7b9804
1267,31.675,0.3957,1.897,True,12,mechanical_001,79d0085777a69b241e0aecfb8f846de17ec9f872695857e4dba45a777a7b9804
1268,31.7,0.396,1.8995,True,12,mechanical_001,79d0085777a69b241e0aecfb8f846de17ec9f872695857e4dba45a777a7b9804
1269,31.725,0.3963,1.8995,True,12,mechanical_001,79d0085777a69b241e0aecfb8f846de17ec9f872695857e4dba45a777a7b9804
1270,31.75,0.3966,1.901,True,12,mechanical_001,79d0085777a69b241e0aecfb8f846de17ec9f872695857e4dba45a777a7b9804
1271,31.775,0.3969,1.9047,True,12,mechanical_001,79d0085777a69b241e0aecfb8f846de17ec9f872695857e4dba45a777a7b9804
1272,31.8,0.3972,1.9051,True,12,mechanical_001,79d0085777a69b241e0aecfb8f846de17ec9f872695857e4dba45a777a7b9804
1273,31.825,0.3975,1.903,True,12,mechanical_001,79d0085777a69b241e0aecfb8f846de17ec9f872695857e4dba45a777a7b9804
1274,31.85,0.3978,1.9007,True,12,mechanical_001,79d0085777a69b241e0aecfb8f846de17ec9f872695857e4dba45a777a7b9804
1275,31.875,0.3981,1.8989,True,12,mechanical_001,79d0085777a69b241e0aecfb8f846de17ec9f872695857e4dba45a777a7b9804
1276,31.9,0.3984,1.8976,True,12,mechanical_001,79d0085777a69b241e0aecfb8f846de17ec9f872695857e4dba45a777a7b9804
1277,31.925,0.3987,1.896,True,12,mechanical_001,79d0085777a69b241e0aecfb8f846de17ec9f872695857e4dba45a777a7b9804
1278,31.95,0.399,1.8944,True,12,mechanical_001,79d0085777a69b241e0aecfb8f846de17ec9f872695857e4dba45a777a7b9804
1279,31.975,0.3993,1.8931,True,12,mechanical_001,79d0085777a69b241e0aecfb8f846de17ec9f872695857e4dba45a777a7b9804
1280,32.0,0.3996,1.8895,True,12,mechanical_001,79d0085777a69b241e0aecfb8f846de17ec9f872695857e4dba45a777a7b9804
1281,32.025,0.3999,1.8855,True,12,mechanical_001,79d0085777a69b241e0aecfb8f846de17ec9f872695857e4dba45a777a7b9804
1282,32.05,0.4002,1.8827,True,12,mechanical_001,79d0085777a69b241e0aecfb8f846de17ec9f872695857e4dba45a777a7b9804
1283,32.075,0.4005,1.8834,True,12,mechanical_001,79d0085777a69b241e0aecfb8f846de17ec9f872695857e4dba45a777a7b9804
1284,32.1,0.4008,1.8912,True,12,mechanical_001,79d0085777a69b241e0aecfb8f846de17ec9f872695857e4dba45a777a7b9804
1285,32.125,0.4011,1.9011,True,12,mechanical_001,79d0085777a69b241e0aecfb8f846de17ec9f872695857e4dba45a777a7b9804
1286,32.15,0.4014,1.9145,True,12,mechanical_001,79d0085777a69b241e0aecfb8f846de17ec9f872695857e4dba45a777a7b9804
1287,32.175,0.4017,1.9279,True,12,mechanical_001,79d0085777a69b241e0aecfb8f846de17ec9f872695857e4dba45a777a7b9804
1288,32.2,0.402,1.9401,True,12,mechanical_001,79d0085777a69b241e0aecfb8f846de17ec9f872695857e4dba45a777a7b9804
1289,32.225,0.4024,1.9496,True,12,mechanical_001,79d0085777a69b241e0aecfb8f846de17ec9f872695857e4dba45a777a7b9804
1290,32.25,0.4027,1.959,True,12,mechanical_001,79d0085777a69b241e0aecfb8f846de17ec9f872695857e4dba45a777a7b9804
1291,32.275,0.403,1.9626,True,12,mechanical_001,79d0085777a69b241e0aecfb8f846de17ec9f872695857e4dba45a777a7b9804
1292,32.3,0.4033,1.9632,True,12,mechanical_001,79d0085777a69b241e0aecfb8f846de17ec9f872695857e4dba45a777a7b9804
1293,32.325,0.4036,1.9646,True,12,mechanical_001,79d0085777a69b241e0aecfb8f846de17ec9f872695857e4dba45a777a7b9804
1294,32.35,0.4039,1.9659,True,12,mechanical_001,79d0085777a69b241e0aecfb8f846de17ec9f872695857e4dba45a777a7b9804
1295,32.375,0.4042,1.9701,True,12,mechanical_001,79d0085777a69b241e0aecfb8f846de17ec9f872695857e4dba45a777a7b9804
1296,32.4,0.4045,1.9732,True,12,mechanical_001,79d0085777a69b241e0aecfb8f846de17ec9f872695857e4dba45a777a7b9804
1297,32.425,0.4048,1.9771,True,12,mechanical_001,79d0085777a69b241e0aecfb8f846de17ec9f872695857e4dba45a777a7b9804
1298,32.45,0.4052,1.9858,True,12,mechanical_001,79d0085777a69b241e0aecfb8f846de17ec9f872695857e4dba45a777a7b9804
1299,32.475,0.4055,1.9948,True,12,mechanical_001,79d0085777a69b241e0aecfb8f846de17ec9f872695857e4dba45a777a7b9804
1300,32.5,0.4058,2.003,True,12,mechanical_001,79d0085777a69b241e0aecfb8f846de17ec9f872695857e4dba45a777a7b9804
1301,32.525,0.4061,2.013,True,12,mechanical_001,79d0085777a69b241e0aecfb8f846de17ec9f872695857e4dba45a777a7b9804
1302,32.55,0.4064,2.0215,True,12,mechanical_001,79d0085777a69b241e0aecfb8f846de17ec9f872695857e4dba45a777a7b9804
1303,32.575,0.4068,2.0255,True,12,mechanical_001,79d0085777a69b241e0aecfb8f846de17ec9f872695857e4dba45a777a7b9804
1304,32.6,0.4071,2.0242,True,12,mechanical_001,79d0085777a69b241e0aecfb8f846de17ec9f872695857e4dba45a777a7b9804
1305,32.625,0.4074,2.0248,True,12,mechanical_001,79d0085777a69b241e0aecfb8f846de17ec9f872695857e4dba45a777a7b9804
1306,32.65,0.4077,2.0258,True,12,mechanical_001,79d0085777a69b241e0aecfb8f846de17ec9f872695857e4dba45a777a7b9804
1307,32.675,0.408,2.0262,True,12,mechanical_001,79d0085777a69b241e0aecfb8f846de17ec9f872695857e4dba45a777a7b9804
1308,32.7,0.4083,2.0285,True,12,mechanical_001,79d0085777a69b241e0aecfb8f846de17ec9f872695857e4dba45a777a7b9804
1309,32.725,0.4086,2.031,True,12,mechanical_001,79d0085777a69b241e0aecfb8f846de17ec9f872695857e4dba45a777a7b9804
1310,32.75,0.4089,2.0347,True,12,mechanical_001,79d0085777a69b241e0aecfb8f846de17ec9f872695857e4dba45a777a7b9804
1311,32.775,0.4092,2.0388,True,12,mechanical_001,79d0085777a69b241e0aecfb8f846de17ec9f872695857e4dba45a777a7b9804
1312,32.8,0.4096,2.0459,True,12,mechanical_001,79d0085777a69b241e0aecfb8f846de17ec9f872695857e4dba45a777a7b9804
1313,32.825,0.4099,2.0523,True,12,mechanical_001,79d0085777a69b241e0aecfb8f846de17ec9f872695857e4dba45a777a7b9804
1314,32.85,0.4102,2.0572,True,12,mechanical_001,79d0085777a69b241e0aecfb8f846de17ec9f872695857e4dba45a777a7b9804
1315,32.875,0.4105,2.0616,True,12,mechanical_001,79d0085777a69b241e0aecfb8f846de17ec9f872695857e4dba45a777a7b9804
1316,32.9,0.4108,2.0689,True,12,mechanical_001,79d0085777a69b241e0aecfb8f846de17ec9f872695857e4dba45a777a7b9804
1317,32.925,0.4112,2.0768,True,12,mechanical_001,79d0085777a69b241e0aecfb8f846de17ec9f872695857e4dba45a777a7b9804
1318,32.95,0.4115,2.0854,True,12,mechanical_001,79d0085777a69b241e0aecfb8f846de17ec9f872695857e4dba45a777a7b9804
1319,32.975,0.4118,2.0948,True,12,mechanical_001,79d0085777a69b241e0aecfb8f846de17ec9f872695857e4dba45a777a7b9804
1320,33.0,0.4122,2.104,True,12,mechanical_001,79d0085777a69b241e0aecfb8f846de17ec9f872695857e4dba45a777a7b9804
1321,33.025,0.4125,2.1129,True,12,mechanical_001,79d0085777a69b241e0aecfb8f846de17ec9f872695857e4dba45a777a7b9804
1322,33.05,0.4128,2.1242,True,12,mechanical_001,79d0085777a69b241e0aecfb8f846de17ec9f872695857e4dba45a777a7b9804
1323,33.075,0.4132,2.1353,True,12,mechanical_001,79d0085777a69b241e0aecfb8f846de17ec9f872695857e4dba45a777a7b9804
1324,33.1,0.4135,2.1408,True,12,mechanical_001,79d0085777a69b241e0aecfb8f846de17ec9f872695857e4dba45a777a7b9804
1325,33.125,0.4139,2.1371,True,12,mechanical_001,79d0085777a69b241e0aecfb8f846de17ec9f872695857e4dba45a777a7b9804
1326,33.15,0.4142,2.1285,True,12,mechanical_001,79d0085777a69b241e0aecfb8f846de17ec9f872695857e4dba45a777a7b9804
1327,33.175,0.4145,2.1165,True,12,mechanical_001,79d0085777a69b241e0aecfb8f846de17ec9f872695857e4dba45a777a7b9804
1328,33.2,0.4148,2.1068,True,12,mechanical_001,79d0085777a69b241e0aecfb8f846de17ec9f872695857e4dba45a777a7b9804
1329,33.225,0.4151,2.0987,True,12,mechanical_001,79d0085777a69b241e0aecfb8f846de17ec9f872695857e4dba45a777a7b9804
1330,33.25,0.4154,2.0928,True,12,mechanical_001,79d0085777a69b241e0aecfb8f846de17ec9f872695857e4dba45a777a7b9804
1331,33.275,0.4157,2.0907,True,12,mechanical_001,79d0085777a69b241e0aecfb8f846de17ec9f872695857e4dba45a777a7b9804
1332,33.3,0.416,2.0947,True,12,mechanical_001,79d0085777a69b241e0aecfb8f846de17ec9f872695857e4dba45a777a7b9804
1333,33.325,0.4163,2.1015,True,12,mechanical_001,79d0085777a69b241e0aecfb8f846de17ec9f872695857e4dba45a777a7b9804
1334,33.35,0.4166,2.11,True,12,mechanical_001,79d0085777a69b241e0aecfb8f846de17ec9f872695857e4dba45a777a7b9804
1335,33.375,0.4169,2.1171,True,12,mechanical_001,79d0085777a69b241e0aecfb8f846de17ec9f872695857e4dba45a777a7b9804
1336,33.4,0.4172,2.1222,True,12,mechanical_001,79d0085777a69b241e0aecfb8f846de17ec9f872695857e4dba45a777a7b9804
1337,33.425,0.4175,2.1254,True,12,mechanical_001,79d0085777a69b241e0aecfb8f846de17ec9f872695857e4dba45a777a7b9804
1338,33.45,0.4179,2.1257,True,12,mechanical_001,79d0085777a69b241e0aecfb8f846de17ec9f872695857e4dba45a777a7b9804
1339,33.475,0.4182,2.1266,True,12,mechanical_001,79d0085777a69b241e0aecfb8f846de17ec9f872695857e4dba45a777a7b9804
1340,33.5,0.4185,2.1291,True,12,mechanical_001,79d0085777a69b241e0aecfb8f846de17ec9f872695857e4dba45a777a7b9804
1341,33.525,0.4188,2.1319,True,12,mechanical_001,79d0085777a69b241e0aecfb8f846de17ec9f872695857e4dba45a777a7b9804
1342,33.55,0.4191,2.1376,True,12,mechanical_001,79d0085777a69b241e0aecfb8f846de17ec9f872695857e4dba45a777a7b9804
1343,33.575,0.4194,2.1459,True,12,mechanical_001,79d0085777a69b241e0aecfb8f846de17ec9f872695857e4dba45a777a7b9804
1344,33.6,0.4198,2.1519,True,12,mechanical_001,79d0085777a69b241e0aecfb8f846de17ec9f872695857e4dba45a777a7b9804
1345,33.625,0.4201,2.154,True,12,mechanical_001,79d0085777a69b241e0aecfb8f846de17ec9f872695857e4dba45a777a7b9804
1346,33.65,0.4204,2.1566,True,12,mechanical_001,79d0085777a69b241e0aecfb8f846de17ec9f872695857e4dba45a777a7b9804
1347,33.675,0.4207,2.1575,True,12,mechanical_001,79d0085777a69b241e0aecfb8f846de17ec9f872695857e4dba45a777a7b9804
1348,33.7,0.421,2.1617,True,12,mechanical_001,79d0085777a69b241e0aecfb8f846de17ec9f872695857e4dba45a777a7b9804
1349,33.725,0.4213,2.1646,True,12,mechanical_001,79d0085777a69b241e0aecfb8f846de17ec9f872695857e4dba45a777a7b9804
1350,33.75,0.4216,2.17,True,12,mechanical_001,79d0085777a69b241e0aecfb8f846de17ec9f872695857e4dba45a777a7b9804
1351,33.775,0.4219,2.1714,True,12,mechanical_001,79d0085777a69b241e0aecfb8f846de17ec9f872695857e4dba45a777a7b9804
1352,33.8,0.4223,2.1715,True,12,mechanical_001,79d0085777a69b241e0aecfb8f846de17ec9f872695857e4dba45a777a7b9804
1353,33.825,0.4226,2.1739,True,12,mechanical_001,79d0085777a69b241e0aecfb8f846de17ec9f872695857e4dba45a777a7b9804
1354,33.85,0.4229,2.1756,True,12,mechanical_001,79d0085777a69b241e0aecfb8f846de17ec9f872695857e4dba45a777a7b9804
1355,33.875,0.4232,2.1771,True,12,mechanical_001,79d0085777a69b241e0aecfb8f846de17ec9f872695857e4dba45a777a7b9804
1356,33.9,0.4235,2.1802,True,12,mechanical_001,79d0085777a69b241e0aecfb8f846de17ec9f872695857e4dba45a777a7b9804
1357,33.925,0.4238,2.1835,True,12,mechanical_001,79d0085777a69b241e0aecfb8f846de17ec9f872695857e4dba45a777a7b9804
1358,33.95,0.4241,2.1866,True,12,mechanical_001,79d0085777a69b241e0aecfb8f846de17ec9f872695857e4dba45a777a7b9804
1359,33.975,0.4244,2.1863,True,12,mechanical_001,79d0085777a69b241e0aecfb8f846de17ec9f872695857e4dba45a777a7b9804
1360,34.0,0.4247,2.1853,True,12,mechanical_001,79d0085777a69b241e0aecfb8f846de17ec9f872695857e4dba45a777a7b9804
1361,34.025,0.425,2.1833,True,12,mechanical_001,79d0085777a69b241e0aecfb8f846de17ec9f872695857e4dba45a777a7b9804
1362,34.05,0.4253,2.1831,True,12,mechanical_001,79d0085777a69b241e0aecfb8f846de17ec9f872695857e4dba45a777a7b9804
1363,34.075,0.4256,2.1846,True,12,mechanical_001,79d0085777a69b241e0aecfb8f846de17ec9f872695857e4dba45a777a7b9804
1364,34.1,0.4259,2.1883,True,12,mechanical_001,79d0085777a69b241e0aecfb8f846de17ec9f872695857e4dba45a777a7b9804
1365,34.125,0.4263,2.191,True,12,mechanical_001,79d0085777a69b241e0aecfb8f846de17ec9f872695857e4dba45a777a7b9804
1366,34.15,0.4266,2.1929,True,12,mechanical_001,79d0085777a69b241e0aecfb8f846de17ec9f872695857e4dba45a777a7b9804
1367,34.175,0.4269,2.1932,True,12,mechanical_001,79d0085777a69b241e0aecfb8f846de17ec9f872695857e4dba45a777a7b9804
1368,34.2,0.4272,2.1924,True,12,mechanical_001,79d0085777a69b241e0aecfb8f846de17ec9f872695857e4dba45a777a7b9804
1369,34.225,0.4275,2.1935,True,12,mechanical_001,79d0085777a69b241e0aecfb8f846de17ec9f872695857e4dba45a777a7b9804
1370,34.25,0.4278,2.1952,True,12,mechanical_001,79d0085777a69b241e0aecfb8f846de17ec9f872695857e4dba45a777a7b9804
1371,34.275,0.428,2.1954,True,12,mechanical_001,79d0085777a69b241e0aecfb8f846de17ec9f872695857e4dba45a777a7b9804
1372,34.3,0.4283,2.1956,True,12,mechanical_001,79d0085777a69b241e0aecfb8f846de17ec9f872695857e4dba45a777a7b9804
1373,34.325,0.4286,2.1959,True,12,mechanical_001,79d0085777a69b241e0aecfb8f846de17ec9f872695857e4dba45a777a7b9804
1374,34.35,0.4289,2.1959,True,12,mechanical_001,79d0085777a69b241e0aecfb8f846de17ec9f872695857e4dba45a777a7b9804
1375,34.375,0.4292,2.2001,True,12,mechanical_001,79d0085777a69b241e0aecfb8f846de17ec9f872695857e4dba45a777a7b9804
1376,34.4,0.4295,2.2102,True,12,mechanical_001,79d0085777a69b241e0aecfb8f846de17ec9f872695857e4dba45a777a7b9804
1377,34.425,0.4298,2.2227,True,12,mechanical_001,79d0085777a69b241e0aecfb8f846de17ec9f872695857e4dba45a777a7b9804
1378,34.45,0.4302,2.2357,True,12,mechanical_001,79d0085777a69b241e0aecfb8f846de17ec9f872695857e4dba45a777a7b9804
1379,34.475,0.4305,2.2459,True,12,mechanical_001,79d0085777a69b241e0aecfb8f846de17ec9f872695857e4dba45a777a7b9804
1380,34.5,0.4308,2.2525,True,12,mechanical_001,79d0085777a69b241e0aecfb8f846de17ec9f872695857e4dba45a777a7b9804
1381,34.525,0.4311,2.2587,True,12,mechanical_001,79d0085777a69b241e0aecfb8f846de17ec9f872695857e4dba45a777a7b9804
1382,34.55,0.4314,2.2645,True,12,mechanical_001,79d0085777a69b241e0aecfb8f846de17ec9f872695857e4dba45a777a7b9804
1383,34.575,0.4317,2.2732,True,12,mechanical_001,79d0085777a69b241e0aecfb8f846de17ec9f872695857e4dba45a777a7b9804
1384,34.6,0.432,2.2823,True,12,mechanical_001,79d0085777a69b241e0aecfb8f846de17ec9f872695857e4dba45a777a7b9804
1385,34.625,0.4323,2.2885,True,12,mechanical_001,79d0085777a69b241e0aecfb8f846de17ec9f872695857e4dba45a777a7b9804
1386,34.65,0.4327,2.2963,True,12,mechanical_001,79d0085777a69b241e0aecfb8f846de17ec9f872695857e4dba45a777a7b9804
1387,34.675,0.433,2.3041,True,12,mechanical_001,79d0085777a69b241e0aecfb8f846de17ec9f872695857e4dba45a777a7b9804
1388,34.7,0.4333,2.3088,True,12,mechanical_001,79d0085777a69b241e0aecfb8f846de17ec9f872695857e4dba45a777a7b9804
1389,34.725,0.4336,2.314,True,12,mechanical_001,79d0085777a69b241e0aecfb8f846de17ec9f872695857e4dba45a777a7b9804
1390,34.75,0.4339,2.3222,True,12,mechanical_001,79d0085777a69b241e0aecfb8f846de17ec9f872695857e4dba45a777a7b9804
1391,34.775,0.4342,2.3291,True,12,mechanical_001,79d0085777a69b241e0aecfb8f846de17ec9f872695857e4dba45a777a7b9804
1392,34.8,0.4345,2.3361,True,12,mechanical_001,79d0085777a69b241e0aecfb8f846de17ec9f872695857e4dba45a777a7b9804
1393,34.825,0.4348,2.3435,True,12,mechanical_001,79d0085777a69b241e0aecfb8f846de17ec9f872695857e4dba45a777a7b9804
1394,34.85,0.4351,2.3484,True,12,mechanical_001,79d0085777a69b241e0aecfb8f846de17ec9f872695857e4dba45a777a7b9804
1395,34.875,0.4354,2.3542,True,12,mechanical_001,79d0085777a69b241e0aecfb8f846de17ec9f872695857e4dba45a777a7b9804
1396,34.9,0.4357,2.361,True,12,mechanical_001,79d0085777a69b241e0aecfb8f846de17ec9f872695857e4dba45a777a7b9804
1397,34.925,0.436,2.3643,True,12,mechanical_001,79d0085777a69b241e0aecfb8f846de17ec9f872695857e4dba45a777a7b9804
1398,34.95,0.4363,2.3691,True,12,mechanical_001,79d0085777a69b241e0aecfb8f846de17ec9f872695857e4dba45a777a7b9804
1399,34.975,0.4367,2.3794,True,12,mechanical_001,79d0085777a69b241e0aecfb8f846de17ec9f872695857e4dba45a777a7b9804
1400,35.0,0.437,2.3919,True,12,mechanical_001,79d0085777a69b241e0aecfb8f846de17ec9f872695857e4dba45a777a7b9804
1401,35.025,0.4373,2.4034,True,12,mechanical_001,79d0085777a69b241e0aecfb8f846de17ec9f872695857e4dba45a777a7b9804
1402,35.05,0.4376,2.4157,True,12,mechanical_001,79d0085777a69b241e0aecfb8f846de17ec9f872695857e4dba45a777a7b9804
1403,35.075,0.4379,2.4258,True,12,mechanical_001,79d0085777a69b241e0aecfb8f846de17ec9f872695857e4dba45a777a7b9804
1404,35.1,0.4382,2.4363,True,12,mechanical_001,79d0085777a69b241e0aecfb8f846de17ec9f872695857e4dba45a777a7b9804
1405,35.125,0.4386,2.4452,True,12,mechanical_001,79d0085777a69b241e0aecfb8f846de17ec9f872695857e4dba45a777a7b9804
1406,35.15,0.4389,2.4544,True,12,mechanical_001,79d0085777a69b241e0aecfb8f846de17ec9f872695857e4dba45a777a7b9804
1407,35.175,0.4392,2.4652,True,12,mechanical_001,79d0085777a69b241e0aecfb8f846de17ec9f872695857e4dba45a777a7b9804
1408,35.2,0.4395,2.4723,True,12,mechanical_001,79d0085777a69b241e0aecfb8f846de17ec9f872695857e4dba45a777a7b9804
1409,35.225,0.4398,2.4787,True,12,mechanical_001,79d0085777a69b241e0aecfb8f846de17ec9f872695857e4dba45a777a7b9804
1410,35.25,0.4401,2.4857,True,12,mechanical_001,79d0085777a69b241e0aecfb8f846de17ec9f872695857e4dba45a777a7b9804
1411,35.275,0.4404,2.496,True,12,mechanical_001,79d0085777a69b241e0aecfb8f846de17ec9f872695857e4dba45a777a7b9804
1412,35.3,0.4408,2.5041,True,12,mechanical_001,79d0085777a69b241e0aecfb8f846de17ec9f872695857e4dba45a777a7b9804
1413,35.325,0.4411,2.5146,True,12,mechanical_001,79d0085777a69b241e0aecfb8f846de17ec9f872695857e4dba45a777a7b9804
1414,35.35,0.4414,2.5258,True,12,mechanical_001,79d0085777a69b241e0aecfb8f846de17ec9f872695857e4dba45a777a7b9804
1415,35.375,0.4417,2.5366,True,12,mechanical_001,79d0085777a69b241e0aecfb8f846de17ec9f872695857e4dba45a777a7b9804
1416,35.4,0.442,2.5466,True,12,mechanical_001,79d0085777a69b241e0aecfb8f846de17ec9f872695857e4dba45a777a7b9804
1417,35.425,0.4424,2.5562,True,12,mechanical_001,79d0085777a69b241e0aecfb8f846de17ec9f872695857e4dba45a777a7b9804
1418,35.45,0.4427,2.5628,True,12,mechanical_001,79d0085777a69b241e0aecfb8f846de17ec9f872695857e4dba45a777a7b9804
1419,35.475,0.443,2.5662,True,12,mechanical_001,79d0085777a69b241e0aecfb8f846de17ec9f872695857e4dba45a777a7b9804
1420,35.5,0.4433,2.5715,True,12,mechanical_001,79d0085777a69b241e0aecfb8f846de17ec9f872695857e4dba45a777a7b9804
1421,35.525,0.4436,2.5766,True,12,mechanical_001,79d0085777a69b241e0aecfb8f846de17ec9f872695857e4dba45a777a7b9804
1422,35.55,0.4439,2.5865,True,12,mechanical_001,79d0085777a69b241e0aecfb8f846de17ec9f872695857e4dba45a777a7b9804
1423,35.575,0.4442,2.5961,True,12,mechanical_001,79d0085777a69b241e0aecfb8f846de17ec9f872695857e4dba45a777a7b9804
1424,35.6,0.4445,2.6028,True,12,mechanical_001,79d0085777a69b241e0aecfb8f846de17ec9f872695857e4dba45a777a7b9804
1425,35.625,0.4449,2.6125,True,12,mechanical_001,79d0085777a69b241e0aecfb8f846de17ec9f872695857e4dba45a777a7b9804
1426,35.65,0.4452,2.6201,True,12,mechanical_001,79d0085777a69b241e0aecfb8f846de17ec9f872695857e4dba45a777a7b9804
1427,35.675,0.4455,2.6301,True,12,mechanical_001,79d0085777a69b241e0aecfb8f846de17ec9f872695857e4dba45a777a7b9804
1428,35.7,0.4458,2.6371,True,12,mechanical_001,79d0085777a69b241e0aecfb8f846de17ec9f872695857e4dba45a777a7b9804
1429,35.725,0.4461,2.6428,True,12,mechanical_001,79d0085777a69b241e0aecfb8f846de17ec9f872695857e4dba45a777a7b9804
1430,35.75,0.4464,2.6462,True,12,mechanical_001,79d0085777a69b241e0aecfb8f846de17ec9f872695857e4dba45a777a7b9804
1431,35.775,0.4467,2.6482,True,12,mechanical_001,79d0085777a69b241e0aecfb8f846de17ec9f872695857e4dba45a777a7b9804
1432,35.8,0.4471,2.6537,True,12,mechanical_001,79d0085777a69b241e0aecfb8f846de17ec9f872695857e4dba45a777a7b9804
1433,35.825,0.4474,2.6641,True,12,mechanical_001,79d0085777a69b241e0aecfb8f846de17ec9f872695857e4dba45a777a7b9804
1434,35.85,0.4477,2.6805,True,12,mechanical_001,79d0085777a69b241e0aecfb8f846de17ec9f872695857e4dba45a777a7b9804
1435,35.875,0.448,2.6934,True,12,mechanical_001,79d0085777a69b241e0aecfb8f846de17ec9f872695857e4dba45a777a7b9804
1436,35.9,0.4483,2.701,True,12,mechanical_001,79d0085777a69b241e0aecfb8f846de17ec9f872695857e4dba45a777a7b9804
1437,35.925,0.4487,2.7078,True,12,mechanical_001,79d0085777a69b241e0aecfb8f846de17ec9f872695857e4dba45a777a7b9804
1438,35.95,0.449,2.7198,True,12,mechanical_001,79d0085777a69b241e0aecfb8f846de17ec9f872695857e4dba45a777a7b9804
1439,35.975,0.4493,2.7331,True,12,mechanical_001,79d0085777a69b241e0aecfb8f846de17ec9f872695857e4dba45a777a7b9804
1440,36.0,0.4496,2.7456,True,12,mechanical_001,79d0085777a69b241e0aecfb8f846de17ec9f872695857e4dba45a777a7b9804
1441,36.025,0.45,2.7593,True,12,mechanical_001,79d0085777a69b241e0aecfb8f846de17ec9f872695857e4dba45a777a7b9804
1442,36.05,0.4503,2.7703,True,12,mechanical_001,79d0085777a69b241e0aecfb8f846de17ec9f872695857e4dba45a777a7b9804
1443,36.075,0.4506,2.7811,True,12,mechanical_001,79d0085777a69b241e0aecfb8f846de17ec9f872695857e4dba45a777a7b9804
1444,36.1,0.4509,2.7917,True,12,mechanical_001,79d0085777a69b241e0aecfb8f846de17ec9f872695857e4dba45a777a7b9804
1445,36.125,0.4513,2.8051,True,12,mechanical_001,79d0085777a69b241e0aecfb8f846de17ec9f872695857e4dba45a777a7b9804
1446,36.15,0.4516,2.8168,True,12,mechanical_001,79d0085777a69b241e0aecfb8f846de17ec9f872695857e4dba45a777a7b9804
1447,36.175,0.4519,2.8271,True,12,mechanical_001,79d0085777a69b241e0aecfb8f846de17ec9f872695857e4dba45a777a7b9804
1448,36.2,0.4522,2.8373,True,12,mechanical_001,79d0085777a69b241e0aecfb8f846de17ec9f872695857e4dba45a777a7b9804
1449,36.225,0.4526,2.8436,True,12,mechanical_001,79d0085777a69b241e0aecfb8f846de17ec9f872695857e4dba45a777a7b9804
1450,36.25,0.4529,2.8472,True,12,mechanical_001,79d0085777a69b241e0aecfb8f846de17ec9f872695857e4dba45a777a7b9804
1451,36.275,0.4532,2.8512,True,12,mechanical_001,79d0085777a69b241e0aecfb8f846de17ec9f872695857e4dba45a777a7b9804
1452,36.3,0.4535,2.8521,True,12,mechanical_001,79d0085777a69b241e0aecfb8f846de17ec9f872695857e4dba45a777a7b9804
1453,36.325,0.4538,2.8525,True,12,mechanical_001,79d0085777a69b241e0aecfb8f846de17ec9f872695857e4dba45a777a7b9804
1454,36.35,0.4541,2.8538,True,12,mechanical_001,79d0085777a69b241e0aecfb8f846de17ec9f872695857e4dba45a777a7b9804
1455,36.375,0.4544,2.8607,True,12,mechanical_001,79d0085777a69b241e0aecfb8f846de17ec9f872695857e4dba45a777a7b9804
1456,36.4,0.4547,2.8626,True,12,mechanical_001,79d0085777a69b241e0aecfb8f846de17ec9f872695857e4dba45a777a7b9804
1457,36.425,0.455,2.8681,True,12,mechanical_001,79d0085777a69b241e0aecfb8f846de17ec9f872695857e4dba45a777a7b9804
1458,36.45,0.4553,2.876,True,12,mechanical_001,79d0085777a69b241e0aecfb8f846de17ec9f872695857e4dba45a777a7b9804
1459,36.475,0.4557,2.8831,True,12,mechanical_001,79d0085777a69b241e0aecfb8f846de17ec9f872695857e4dba45a777a7b9804
1460,36.5,0.456,2.8946,True,12,mechanical_001,79d0085777a69b241e0aecfb8f846de17ec9f872695857e4dba45a777a7b9804
1461,36.525,0.4563,2.9045,True,12,mechanical_001,79d0085777a69b241e0aecfb8f846de17ec9f872695857e4dba45a777a7b9804
1462,36.55,0.4566,2.9146,True,12,mechanical_001,79d0085777a69b241e0aecfb8f846de17ec9f872695857e4dba45a777a7b9804
1463,36.575,0.4569,2.9252,True,12,mechanical_001,79d0085777a69b241e0aecfb8f846de17ec9f872695857e4dba45a777a7b9804
1464,36.6,0.4572,2.9365,True,12,mechanical_001,79d0085777a69b241e0aecfb8f846de17ec9f872695857e4dba45a777a7b9804
1465,36.625,0.4575,2.9464,True,12,mechanical_001,79d0085777a69b241e0aecfb8f846de17ec9f872695857e4dba45a777a7b9804
1466,36.65,0.4578,2.9558,True,12,mechanical_001,79d0085777a69b241e0aecfb8f846de17ec9f872695857e4dba45a777a7b9804
1467,36.675,0.4582,2.9669,True,12,mechanical_001,79d0085777a69b241e0aecfb8f846de17ec9f872695857e4dba45a777a7b9804
1468,36.7,0.4585,2.9753,True,12,mechanical_001,79d0085777a69b241e0aecfb8f846de17ec9f872695857e4dba45a777a7b9804
1469,36.725,0.4588,2.9815,True,12,mechanical_001,79d0085777a69b241e0aecfb8f846de17ec9f872695857e4dba45a777a7b9804
1470,36.75,0.4591,2.99,True,12,mechanical_001,79d0085777a69b241e0aecfb8f846de17ec9f872695857e4dba45a777a7b9804
1471,36.775,0.4594,2.996,True,12,mechanical_001,79d0085777a69b241e0aecfb8f846de17ec9f872695857e4dba45a777a7b9804
1472,36.8,0.4597,3.0015,True,12,mechanical_001,79d0085777a69b241e0aecfb8f846de17ec9f872695857e4dba45a777a7b9804
1473,36.825,0.46,3.0083,True,12,mechanical_001,79d0085777a69b241e0aecfb8f846de17ec9f872695857e4dba45a777a7b9804
1474,36.85,0.4604,3.0132,True,12,mechanical_001,79d0085777a69b241e0aecfb8f846de17ec9f872695857e4dba45a777a7b9804
1475,36.875,0.4607,3.0217,True,12,mechanical_001,79d0085777a69b241e0aecfb8f846de17ec9f872695857e4dba45a777a7b9804
1476,36.9,0.461,3.0313,True,12,mechanical_001,79d0085777a69b241e0aecfb8f846de17ec9f872695857e4dba45a777a7b9804
1477,36.925,0.4613,3.0407,True,12,mechanical_001,79d0085777a69b241e0aecfb8f846de17ec9f872695857e4dba45a777a7b9804
1478,36.95,0.4616,3.0497,True,12,mechanical_001,79d0085777a69b241e0aecfb8f846de17ec9f872695857e4dba45a777a7b9804
1479,36.975,0.4619,3.0576,True,12,mechanical_001,79d0085777a69b241e0aecfb8f846de17ec9f872695857e4dba45a777a7b9804
1480,37.0,0.4622,3.0626,True,12,mechanical_001,79d0085777a69b241e0aecfb8f846de17ec9f872695857e4dba45a777a7b9804
1481,37.025,0.4625,3.0677,True,12,mechanical_001,79d0085777a69b241e0aecfb8f846de17ec9f872695857e4dba45a777a7b9804
1482,37.05,0.4628,3.0711,True,12,mechanical_001,79d0085777a69b241e0aecfb8f846de17ec9f872695857e4dba45a777a7b9804
1483,37.075,0.4632,3.0769,True,12,mechanical_001,79d0085777a69b241e0aecfb8f846de17ec9f872695857e4dba45a777a7b9804
1484,37.1,0.4635,3.0829,True,12,mechanical_001,79d0085777a69b241e0aecfb8f846de17ec9f872695857e4dba45a777a7b9804
1485,37.125,0.4638,3.0905,True,12,mechanical_001,79d0085777a69b241e0aecfb8f846de17ec9f872695857e4dba45a777a7b9804
1486,37.15,0.4641,3.0965,True,12,mechanical_001,79d0085777a69b241e0aecfb8f846de17ec9f872695857e4dba45a777a7b9804
1487,37.175,0.4644,3.1008,True,12,mechanical_001,79d0085777a69b241e0aecfb8f846de17ec9f872695857e4dba45a777a7b9804
1488,37.2,0.4647,3.1012,True,12,mechanical_001,79d0085777a69b241e0aecfb8f846de17ec9f872695857e4dba45a777a7b9804
1489,37.225,0.465,3.101,True,12,mechanical_001,79d0085777a69b241e0aecfb8f846de17ec9f872695857e4dba45a777a7b9804
1490,37.25,0.4653,3.1038,True,12,mechanical_001,79d0085777a69b241e0aecfb8f846de17ec9f872695857e4dba45a777a7b9804
1491,37.275,0.4656,3.108,True,12,mechanical_001,79d0085777a69b241e0aecfb8f846de17ec9f872695857e4dba45a777a7b9804
1492,37.3,0.4659,3.1112,True,12,mechanical_001,79d0085777a69b241e0aecfb8f846de17ec9f872695857e4dba45a777a7b9804
1493,37.325,0.4662,3.1088,True,12,mechanical_001,79d0085777a69b241e0aecfb8f846de17ec9f872695857e4dba45a777a7b9804
1494,37.35,0.4665,3.1057,True,12,mechanical_001,79d0085777a69b241e0aecfb8f846de17ec9f872695857e4dba45a777a7b9804
1495,37.375,0.4668,3.1053,True,12,mechanical_001,79d0085777a69b241e0aecfb8f846de17ec9f872695857e4dba45a777a7b9804
1496,37.4,0.467,3.109,True,12,mechanical_001,79d0085777a69b241e0aecfb8f846de17ec9f872695857e4dba45a777a7b9804
1497,37.425,0.4673,3.1189,True,12,mechanical_001,79d0085777a69b241e0aecfb8f846de17ec9f872695857e4dba45a777a7b9804
1498,37.45,0.4677,3.1352,True,12,mechanical_001,79d0085777a69b241e0aecfb8f846de17ec9f872695857e4dba45a777a7b9804
1499,37.475,0.468,3.1544,True,12,mechanical_001,79d0085777a69b241e0aecfb8f846de17ec9f872695857e4dba45a777a7b9804
1500,37.5,0.4683,3.1708,True,12,mechanical_001,79d0085777a69b241e0aecfb8f846de17ec9f872695857e4dba45a777a7b9804
1501,37.525,0.4686,3.1822,True,12,mechanical_001,79d0085777a69b241e0aecfb8f846de17ec9f872695857e4dba45a777a7b9804
1502,37.55,0.4689,3.1907,True,12,mechanical_001,79d0085777a69b241e0aecfb8f846de17ec9f872695857e4dba45a777a7b9804
1503,37.575,0.4693,3.1994,True,12,mechanical_001,79d0085777a69b241e0aecfb8f846de17ec9f872695857e4dba45a777a7b9804
1504,37.6,0.4696,3.2046,True,12,mechanical_001,79d0085777a69b241e0aecfb8f846de17ec9f872695857e4dba45a777a7b9804
1505,37.625,0.4699,3.2068,True,12,mechanical_001,79d0085777a69b241e0aecfb8f846de17ec9f872695857e4dba45a777a7b9804
1506,37.65,0.4702,3.2099,True,12,mechanical_001,79d0085777a69b241e0aecfb8f846de17ec9f872695857e4dba45a777a7b9804
1507,37.675,0.4705,3.2145,True,12,mechanical_001,79d0085777a69b241e0aecfb8f846de17ec9f872695857e4dba45a777a7b9804
1508,37.7,0.4708,3.2226,True,12,mechanical_001,79d0085777a69b241e0aecfb8f846de17ec9f872695857e4dba45a777a7b9804
1509,37.725,0.4711,3.2289,True,12,mechanical_001,79d0085777a69b241e0aecfb8f846de17ec9f872695857e4dba45a777a7b9804
1510,37.75,0.4714,3.2333,True,12,mechanical_001,79d0085777a69b241e0aecfb8f846de17ec9f872695857e4dba45a777a7b9804
1511,37.775,0.4717,3.2377,True,12,mechanical_001,79d0085777a69b241e0aecfb8f846de17ec9f872695857e4dba45a777a7b9804
1512,37.8,0.472,3.2456,True,12,mechanical_001,79d0085777a69b241e0aecfb8f846de17ec9f872695857e4dba45a777a7b9804
1513,37.825,0.4723,3.2563,True,12,mechanical_001,79d0085777a69b241e0aecfb8f846de17ec9f872695857e4dba45a777a7b9804
1514,37.85,0.4726,3.2649,True,12,mechanical_001,79d0085777a69b241e0aecfb8f846de17ec9f872695857e4dba45a777a7b9804
1515,37.875,0.4729,3.2769,True,12,mechanical_001,79d0085777a69b241e0aecfb8f846de17ec9f872695857e4dba45a777a7b9804
1516,37.9,0.4732,3.2916,True,12,mechanical_001,79d0085777a69b241e0aecfb8f846de17ec9f872695857e4dba45a777a7b9804
1517,37.925,0.4735,3.3089,True,12,mechanical_001,79d0085777a69b241e0aecfb8f846de17ec9f872695857e4dba45a777a7b9804
1518,37.95,0.4738,3.3264,True,12,mechanical_001,79d0085777a69b241e0aecfb8f846de17ec9f872695857e4dba45a777a7b9804
1519,37.975,0.4741,3.3425,True,12,mechanical_001,79d0085777a69b241e0aecfb8f846de17ec9f872695857e4dba45a777a7b9804
1520,38.0,0.4745,3.3532,True,12,mechanical_001,79d0085777a69b241e0aecfb8f846de17ec9f872695857e4dba45a777a7b9804
1521,38.025,0.4748,3.3646,True,12,mechanical_001,79d0085777a69b241e0aecfb8f846de17ec9f872695857e4dba45a777a7b9804
1522,38.05,0.4751,3.3806,True,12,mechanical_001,79d0085777a69b241e0aecfb8f846de17ec9f872695857e4dba45a777a7b9804
1523,38.075,0.4754,3.3965,True,12,mechanical_001,79d0085777a69b241e0aecfb8f846de17ec9f872695857e4dba45a777a7b9804
1524,38.1,0.4757,3.4113,True,12,mechanical_001,79d0085777a69b241e0aecfb8f846de17ec9f872695857e4dba45a777a7b9804
1525,38.125,0.4761,3.4259,True,12,mechanical_001,79d0085777a69b241e0aecfb8f846de17ec9f872695857e4dba45a777a7b9804
1526,38.15,0.4764,3.4397,True,12,mechanical_001,79d0085777a69b241e0aecfb8f846de17ec9f872695857e4dba45a777a7b9804
1527,38.175,0.4767,3.4527,True,12,mechanical_001,79d0085777a69b241e0aecfb8f846de17ec9f872695857e4dba45a777a7b9804
1528,38.2,0.477,3.4648,True,12,mechanical_001,79d0085777a69b241e0aecfb8f846de17ec9f872695857e4dba45a777a7b9804
1529,38.225,0.4773,3.4732,True,12,mechanical_001,79d0085777a69b241e0aecfb8f846de17ec9f872695857e4dba45a777a7b9804
1530,38.25,0.4777,3.478,True,12,mechanical_001,79d0085777a69b241e0aecfb8f846de17ec9f872695857e4dba45a777a7b9804
1531,38.275,0.478,3.4805,True,12,mechanical_001,79d0085777a69b241e0aecfb8f846de17ec9f872695857e4dba45a777a7b9804
1532,38.3,0.4783,3.4814,True,12,mechanical_001,79d0085777a69b241e0aecfb8f846de17ec9f872695857e4dba45a777a7b9804
1533,38.325,0.4786,3.4859,True,12,mechanical_001,79d0085777a69b241e0aecfb8f846de17ec9f872695857e4dba45a777a7b9804
1534,38.35,0.4789,3.4924,True,12,mechanical_001,79d0085777a69b241e0aecfb8f846de17ec9f872695857e4dba45a777a7b9804
1535,38.375,0.4792,3.5002,True,12,mechanical_001,79d0085777a69b241e0aecfb8f846de17ec9f872695857e4dba45a777a7b9804
1536,38.4,0.4796,3.5073,True,12,mechanical_001,79d0085777a69b241e0aecfb8f846de17ec9f872695857e4dba45a777a7b9804
1537,38.425,0.4799,3.5129,True,12,mechanical_001,79d0085777a69b241e0aecfb8f846de17ec9f872695857e4dba45a777a7b9804
1538,38.45,0.4802,3.5176,True,12,mechanical_001,79d0085777a69b241e0aecfb8f846de17ec9f872695857e4dba45a777a7b9804
1539,38.475,0.4805,3.5246,True,12,mechanical_001,79d0085777a69b241e0aecfb8f846de17ec9f872695857e4dba45a777a7b9804
1540,38.5,0.4808,3.5314,True,12,mechanical_001,79d0085777a69b241e0aecfb8f846de17ec9f872695857e4dba45a777a7b9804
1541,38.525,0.4811,3.5411,True,12,mechanical_001,79d0085777a69b241e0aecfb8f846de17ec9f872695857e4dba45a777a7b9804
1542,38.55,0.4814,3.5504,True,12,mechanical_001,79d0085777a69b241e0aecfb8f846de17ec9f872695857e4dba45a777a7b9804
1543,38.575,0.4818,3.5548,True,12,mechanical_001,79d0085777a69b241e0aecfb8f846de17ec9f872695857e4dba45a777a7b9804
1544,38.6,0.4821,3.5578,True,12,mechanical_001,79d0085777a69b241e0aecfb8f846de17ec9f872695857e4dba45a777a7b9804
1545,38.625,0.4824,3.5634,True,12,mechanical_001,79d0085777a69b241e0aecfb8f846de17ec9f872695857e4dba45a777a7b9804
1546,38.65,0.4827,3.5701,True,12,mechanical_001,79d0085777a69b241e0aecfb8f846de17ec9f872695857e4dba45a777a7b9804
1547,38.675,0.483,3.5809,True,12,mechanical_001,79d0085777a69b241e0aecfb8f846de17ec9f872695857e4dba45a777a7b9804
1548,38.7,0.4833,3.5902,True,12,mechanical_001,79d0085777a69b241e0aecfb8f846de17ec9f872695857e4dba45a777a7b9804
1549,38.725,0.4836,3.5942,True,12,mechanical_001,79d0085777a69b241e0aecfb8f846de17ec9f872695857e4dba45a777a7b9804
1550,38.75,0.484,3.6018,True,12,mechanical_001,79d0085777a69b241e0aecfb8f846de17ec9f872695857e4dba45a777a7b9804
1551,38.775,0.4843,3.6078,True,12,mechanical_001,79d0085777a69b241e0aecfb8f846de17ec9f872695857e4dba45a777a7b9804
1552,38.8,0.4846,3.6152,True,12,mechanical_001,79d0085777a69b241e0aecfb8f846de17ec9f872695857e4dba45a777a7b9804
1553,38.825,0.4849,3.6233,True,12,mechanical_001,79d0085777a69b241e0aecfb8f846de17ec9f872695857e4dba45a777a7b9804
1554,38.85,0.4852,3.6331,True,12,mechanical_001,79d0085777a69b241e0aecfb8f846de17ec9f872695857e4dba45a777a7b9804
1555,38.875,0.4855,3.6417,True,12,mechanical_001,79d0085777a69b241e0aecfb8f846de17ec9f872695857e4dba45a777a7b9804
1556,38.9,0.4858,3.6497,True,12,mechanical_001,79d0085777a69b241e0aecfb8f846de17ec9f872695857e4dba45a777a7b9804
1557,38.925,0.4862,3.6611,True,12,mechanical_001,79d0085777a69b241e0aecfb8f846de17ec9f872695857e4dba45a777a7b9804
1558,38.95,0.4865,3.6717,True,12,mechanical_001,79d0085777a69b241e0aecfb8f846de17ec9f872695857e4dba45a777a7b9804
1559,38.975,0.4868,3.6824,True,12,mechanical_001,79d0085777a69b241e0aecfb8f846de17ec9f872695857e4dba45a777a7b9804
1560,39.0,0.4871,3.6905,True,12,mechanical_001,79d0085777a69b241e0aecfb8f846de17ec9f872695857e4dba45a777a7b9804
1561,39.025,0.4874,3.7002,True,12,mechanical_001,79d0085777a69b241e0aecfb8f846de17ec9f872695857e4dba45a777a7b9804
1562,39.05,0.4877,3.7086,True,12,mechanical_001,79d0085777a69b241e0aecfb8f846de17ec9f872695857e4dba45a777a7b9804
1563,39.075,0.4881,3.7192,True,12,mechanical_001,79d0085777a69b241e0aecfb8f846de17ec9f872695857e4dba45a777a7b9804
1564,39.1,0.4884,3.7326,True,12,mechanical_001,79d0085777a69b241e0aecfb8f846de17ec9f872695857e4dba45a777a7b9804
1565,39.125,0.4887,3.745,True,12,mechanical_001,79d0085777a69b241e0aecfb8f846de17ec9f872695857e4dba45a777a7b9804
1566,39.15,0.489,3.7565,True,12,mechanical_001,79d0085777a69b241e0aecfb8f846de17ec9f872695857e4dba45a777a7b9804
1567,39.175,0.4894,3.7679,True,12,mechanical_001,79d0085777a69b241e0aecfb8f846de17ec9f872695857e4dba45a777a7b9804
1568,39.2,0.4897,3.7797,True,12,mechanical_001,79d0085777a69b241e0aecfb8f846de17ec9f872695857e4dba45a777a7b9804
1569,39.225,0.49,3.7915,True,12,mechanical_001,79d0085777a69b241e0aecfb8f846de17ec9f872695857e4dba45a777a7b9804
1570,39.25,0.4904,3.8016,True,12,mechanical_001,79d0085777a69b241e0aecfb8f846de17ec9f872695857e4dba45a777a7b9804
1571,39.275,0.4907,3.8082,True,12,mechanical_001,79d0085777a69b241e0aecfb8f846de17ec9f872695857e4dba45a777a7b9804
1572,39.3,0.491,3.8099,True,12,mechanical_001,79d0085777a69b241e0aecfb8f846de17ec9f872695857e4dba45a777a7b9804
1573,39.325,0.4913,3.8059,True,12,mechanical_001,79d0085777a69b241e0aecfb8f846de17ec9f872695857e4dba45a777a7b9804
1574,39.35,0.4916,3.7671,True,12,mechanical_001,79d0085777a69b241e0aecfb8f846de17ec9f872695857e4dba45a777a7b9804
1575,39.375,0.4919,3.7287,True,12,mechanical_001,79d0085777a69b241e0aecfb8f846de17ec9f872695857e4dba45a777a7b9804
1576,39.4,0.4923,3.7067,True,12,mechanical_001,79d0085777a69b241e0aecfb8f846de17ec9f872695857e4dba45a777a7b9804
1577,39.425,0.4926,3.6958,True,12,mechanical_001,79d0085777a69b241e0aecfb8f846de17ec9f872695857e4dba45a777a7b9804
1578,39.45,0.4929,3.6863,True,12,mechanical_001,79d0085777a69b241e0aecfb8f846de17ec9f872695857e4dba45a777a7b9804
1579,39.475,0.4932,3.6795,True,12,mechanical_001,79d0085777a69b241e0aecfb8f846de17ec9f872695857e4dba45a777a7b9804
1580,39.5,0.4935,3.6788,True,12,mechanical_001,79d0085777a69b241e0aecfb8f846de17ec9f872695857e4dba45a777a7b9804
1581,39.525,0.4938,3.6818,True,12,mechanical_001,79d0085777a69b241e0aecfb8f846de17ec9f872695857e4dba45a777a7b9804
1582,39.55,0.4941,3.6867,True,12,mechanical_001,79d0085777a69b241e0aecfb8f846de17ec9f872695857e4dba45a777a7b9804
1583,39.575,0.4944,3.6913,True,12,mechanical_001,79d0085777a69b241e0aecfb8f846de17ec9f872695857e4dba45a777a7b9804
1584,39.6,0.4948,3.6942,True,12,mechanical_001,79d0085777a69b241e0aecfb8f846de17ec9f872695857e4dba45a777a7b9804
1585,39.625,0.4951,3.6949,True,12,mechanical_001,79d0085777a69b241e0aecfb8f846de17ec9f872695857e4dba45a777a7b9804
1586,39.65,0.4954,3.6945,True,12,mechanical_001,79d0085777a69b241e0aecfb8f846de17ec9f872695857e4dba45a777a7b9804
1587,39.675,0.4957,3.6943,True,12,mechanical_001,79d0085777a69b241e0aecfb8f846de17ec9f872695857e4dba45a777a7b9804
1588,39.7,0.496,3.6937,True,12,mechanical_001,79d0085777a69b241e0aecfb8f846de17ec9f872695857e4dba45a777a7b9804
1589,39.725,0.4963,3.6951,True,12,mechanical_001,79d0085777a69b241e0aecfb8f846de17ec9f872695857e4dba45a777a7b9804
1590,39.75,0.4966,3.7013,True,12,mechanical_001,79d0085777a69b241e0aecfb8f846de17ec9f872695857e4dba45a777a7b9804
1591,39.775,0.4969,3.7062,True,12,mechanical_001,79d0085777a69b241e0aecfb8f846de17ec9f872695857e4dba45a777a7b9804
1592,39.8,0.4973,3.7117,True,12,mechanical_001,79d0085777a69b241e0aecfb8f846de17ec9f872695857e4dba45a777a7b9804
1593,39.825,0.4976,3.716,True,12,mechanical_001,79d0085777a69b241e0aecfb8f846de17ec9f872695857e4dba45a777a7b9804
1594,39.85,0.4979,3.7231,True,12,mechanical_001,79d0085777a69b241e0aecfb8f846de17ec9f872695857e4dba45a777a7b9804
1595,39.875,0.4982,3.7289,True,12,mechanical_001,79d0085777a69b241e0aecfb8f846de17ec9f872695857e4dba45a777a7b9804
1596,39.9,0.4985,3.7293,True,12,mechanical_001,79d0085777a69b241e0aecfb8f846de17ec9f872695857e4dba45a777a7b9804
1597,39.925,0.4988,3.7288,True,12,mechanical_001,79d0085777a69b241e0aecfb8f846de17ec9f872695857e4dba45a777a7b9804
1598,39.95,0.4991,3.7295,True,12,mechanical_001,79d0085777a69b241e0aecfb8f846de17ec9f872695857e4dba45a777a7b9804
1599,39.975,0.4994,3.7288,True,12,mechanical_001,79d0085777a69b241e0aecfb8f846de17ec9f872695857e4dba45a777a7b9804
1600,40.0,0.4997,3.7338,True,12,mechanical_001,79d0085777a69b241e0aecfb8f846de17ec9f872695857e4dba45a777a7b9804
1601,40.025,0.5001,3.7454,True,12,mechanical_001,79d0085777a69b241e0aecfb8f846de17ec9f872695857e4dba45a777a7b9804
1602,40.05,0.5004,3.7567,True,12,mechanical_001,79d0085777a69b241e0aecfb8f846de17ec9f872695857e4dba45a777a7b9804
1603,40.075,0.5007,3.7625,True,12,mechanical_001,79d0085777a69b241e0aecfb8f846de17ec9f872695857e4dba45a777a7b9804
1604,40.1,0.501,3.7675,True,12,mechanical_001,79d0085777a69b241e0aecfb8f846de17ec9f872695857e4dba45a777a7b9804
1605,40.125,0.5013,3.7748,True,12,mechanical_001,79d0085777a69b241e0aecfb8f846de17ec9f872695857e4dba45a777a7b9804
1606,40.15,0.5017,3.7804,True,12,mechanical_001,79d0085777a69b241e0aecfb8f846de17ec9f872695857e4dba45a777a7b9804
1607,40.175,0.502,3.7844,True,12,mechanical_001,79d0085777a69b241e0aecfb8f846de17ec9f872695857e4dba45a777a7b9804
1608,40.2,0.5023,3.784,True,12,mechanical_001,79d0085777a69b241e0aecfb8f846de17ec9f872695857e4dba45a777a7b9804
1609,40.225,0.5026,3.7827,True,12,mechanical_001,79d0085777a69b241e0aecfb8f846de17ec9f872695857e4dba45a777a7b9804
1610,40.25,0.5029,3.7775,True,12,mechanical_001,79d0085777a69b241e0aecfb8f846de17ec9f872695857e4dba45a777a7b9804
1611,40.275,0.5032,3.7758,True,12,mechanical_001,79d0085777a69b241e0aecfb8f846de17ec9f872695857e4dba45a777a7b9804
1612,40.3,0.5035,3.7787,True,12,mechanical_001,79d0085777a69b241e0aecfb8f846de17ec9f872695857e4dba45a777a7b9804
1613,40.325,0.5038,3.7819,True,12,mechanical_001,79d0085777a69b241e0aecfb8f846de17ec9f872695857e4dba45a777a7b9804
1614,40.35,0.5041,3.7883,True,12,mechanical_001,79d0085777a69b241e0aecfb8f846de17ec9f872695857e4dba45a777a7b9804
1615,40.375,0.5044,3.7971,True,12,mechanical_001,79d0085777a69b241e0aecfb8f846de17ec9f872695857e4dba45a777a7b9804
1616,40.4,0.5047,3.8114,True,12,mechanical_001,79d0085777a69b241e0aecfb8f846de17ec9f872695857e4dba45a777a7b9804
1617,40.425,0.5051,3.8229,True,12,mechanical_001,79d0085777a69b241e0aecfb8f846de17ec9f872695857e4dba45a777a7b9804
1618,40.45,0.5054,3.8385,True,12,mechanical_001,79d0085777a69b241e0aecfb8f846de17ec9f872695857e4dba45a777a7b9804
1619,40.475,0.5057,3.8527,True,12,mechanical_001,79d0085777a69b241e0aecfb8f846de17ec9f872695857e4dba45a777a7b9804
1620,40.5,0.506,3.8595,True,12,mechanical_001,79d0085777a69b241e0aecfb8f846de17ec9f872695857e4dba45a777a7b9804
1621,40.525,0.5064,3.8608,True,12,mechanical_001,79d0085777a69b241e0aecfb8f846de17ec9f872695857e4dba45a777a7b9804
1622,40.55,0.5067,3.8575,True,12,mechanical_001,79d0085777a69b241e0aecfb8f846de17ec9f872695857e4dba45a777a7b9804
1623,40.575,0.507,3.8522,True,12,mechanical_001,79d0085777a69b241e0aecfb8f846de17ec9f872695857e4dba45a777a7b9804
1624,40.6,0.5073,3.8454,True,12,mechanical_001,79d0085777a69b241e0aecfb8f846de17ec9f872695857e4dba45a777a7b9804
1625,40.625,0.5076,3.8368,True,12,mechanical_001,79d0085777a69b241e0aecfb8f846de17ec9f872695857e4dba45a777a7b9804
1626,40.65,0.5079,3.8287,True,12,mechanical_001,79d0085777a69b241e0aecfb8f846de17ec9f872695857e4dba45a777a7b9804
1627,40.675,0.5082,3.8264,True,12,mechanical_001,79d0085777a69b241e0aecfb8f846de17ec9f872695857e4dba45a777a7b9804
1628,40.7,0.5085,3.8298,True,12,mechanical_001,79d0085777a69b241e0aecfb8f846de17ec9f872695857e4dba45a777a7b9804
1629,40.725,0.5088,3.833,True,12,mechanical_001,79d0085777a69b241e0aecfb8f846de17ec9f872695857e4dba45a777a7b9804
1630,40.75,0.5091,3.8435,True,12,mechanical_001,79d0085777a69b241e0aecfb8f846de17ec9f872695857e4dba45a777a7b9804
1631,40.775,0.5094,3.8573,True,12,mechanical_001,79d0085777a69b241e0aecfb8f846de17ec9f872695857e4dba45a777a7b9804
1632,40.8,0.5098,3.8664,True,12,mechanical_001,79d0085777a69b241e0aecfb8f846de17ec9f872695857e4dba45a777a7b9804
1633,40.825,0.5101,3.8758,True,12,mechanical_001,79d0085777a69b241e0aecfb8f846de17ec9f872695857e4dba45a777a7b9804
1634,40.85,0.5104,3.8884,True,12,mechanical_001,79d0085777a69b241e0aecfb8f846de17ec9f872695857e4dba45a777a7b9804
1635,40.875,0.5107,3.8996,True,12,mechanical_001,79d0085777a69b241e0aecfb8f846de17ec9f872695857e4dba45a777a7b9804
1636,40.9,0.511,3.9109,True,12,mechanical_001,79d0085777a69b241e0aecfb8f846de17ec9f872695857e4dba45a777a7b9804
1637,40.925,0.5114,3.9183,True,12,mechanical_001,79d0085777a69b241e0aecfb8f846de17ec9f872695857e4dba45a777a7b9804
1638,40.95,0.5117,3.9278,True,12,mechanical_001,79d0085777a69b241e0aecfb8f846de17ec9f872695857e4dba45a777a7b9804
1639,40.975,0.512,3.9409,True,12,mechanical_001,79d0085777a69b241e0aecfb8f846de17ec9f872695857e4dba45a777a7b9804
1640,41.0,0.5123,3.9527,True,12,mechanical_001,79d0085777a69b241e0aecfb8f846de17ec9f872695857e4dba45a777a7b9804
1641,41.025,0.5126,3.9631,True,12,mechanical_001,79d0085777a69b241e0aecfb8f846de17ec9f872695857e4dba45a777a7b9804
1642,41.05,0.513,3.97,True,12,mechanical_001,79d0085777a69b241e0aecfb8f846de17ec9f872695857e4dba45a777a7b9804
1643,41.075,0.5133,3.9771,True,12,mechanical_001,79d0085777a69b241e0aecfb8f846de17ec9f872695857e4dba45a777a7b9804
1644,41.1,0.5136,3.9769,True,12,mechanical_001,79d0085777a69b241e0aecfb8f846de17ec9f872695857e4dba45a777a7b9804
1645,41.125,0.5139,3.9759,True,12,mechanical_001,79d0085777a69b241e0aecfb8f846de17ec9f872695857e4dba45a777a7b9804
1646,41.15,0.5142,3.9718,True,12,mechanical_001,79d0085777a69b241e0aecfb8f846de17ec9f872695857e4dba45a777a7b9804
1647,41.175,0.5145,3.964,True,12,mechanical_001,79d0085777a69b241e0aecfb8f846de17ec9f872695857e4dba45a777a7b9804
1648,41.2,0.5148,3.9594,True,12,mechanical_001,79d0085777a69b241e0aecfb8f846de17ec9f872695857e4dba45a777a7b9804
1649,41.225,0.5151,3.9597,True,12,mechanical_001,79d0085777a69b241e0aecfb8f846de17ec9f872695857e4dba45a777a7b9804
1650,41.25,0.5154,3.9606,True,12,mechanical_001,79d0085777a69b241e0aecfb8f846de17ec9f872695857e4dba45a777a7b9804
1651,41.275,0.5157,3.9637,True,12,mechanical_001,79d0085777a69b241e0aecfb8f846de17ec9f872695857e4dba45a777a7b9804
1652,41.3,0.516,3.9734,True,12,mechanical_001,79d0085777a69b241e0aecfb8f846de17ec9f872695857e4dba45a777a7b9804
1653,41.325,0.5163,3.989,True,12,mechanical_001,79d0085777a69b241e0aecfb8f846de17ec9f872695857e4dba45a777a7b9804
1654,41.35,0.5166,4.0112,True,12,mechanical_001,79d0085777a69b241e0aecfb8f846de17ec9f872695857e4dba45a777a7b9804
1655,41.375,0.517,4.0308,True,12,mechanical_001,79d0085777a69b241e0aecfb8f846de17ec9f872695857e4dba45a777a7b9804
1656,41.4,0.5173,4.036,True,12,mechanical_001,79d0085777a69b241e0aecfb8f846de17ec9f872695857e4dba45a777a7b9804
1657,41.425,0.5176,4.0334,True,12,mechanical_001,79d0085777a69b241e0aecfb8f846de17ec9f872695857e4dba45a777a7b9804
1658,41.45,0.5179,4.0368,True,12,mechanical_001,79d0085777a69b241e0aecfb8f846de17ec9f872695857e4dba45a777a7b9804
1659,41.475,0.5182,4.0443,True,12,mechanical_001,79d0085777a69b241e0aecfb8f846de17ec9f872695857e4dba45a777a7b9804
1660,41.5,0.5186,4.0532,True,12,mechanical_001,79d0085777a69b241e0aecfb8f846de17ec9f872695857e4dba45a777a7b9804
1661,41.525,0.5189,4.0633,True,12,mechanical_001,79d0085777a69b241e0aecfb8f846de17ec9f872695857e4dba45a777a7b9804
1662,41.55,0.5192,4.0654,True,12,mechanical_001,79d0085777a69b241e0aecfb8f846de17ec9f872695857e4dba45a777a7b9804
1663,41.575,0.5195,4.0634,True,12,mechanical_001,79d0085777a69b241e0aecfb8f846de17ec9f872695857e4dba45a777a7b9804
1664,41.6,0.5198,4.0598,True,12,mechanical_001,79d0085777a69b241e0aecfb8f846de17ec9f872695857e4dba45a777a7b9804
1665,41.625,0.5201,4.0565,True,12,mechanical_001,79d0085777a69b241e0aecfb8f846de17ec9f872695857e4dba45a777a7b9804
1666,41.65,0.5204,4.0528,True,12,mechanical_001,79d0085777a69b241e0aecfb8f846de17ec9f872695857e4dba45a777a7b9804
1667,41.675,0.5207,4.0479,True,12,mechanical_001,79d0085777a69b241e0aecfb8f846de17ec9f872695857e4dba45a777a7b9804
1668,41.7,0.521,4.0437,True,12,mechanical_001,79d0085777a69b241e0aecfb8f846de17ec9f872695857e4dba45a777a7b9804
1669,41.725,0.5213,4.0423,True,12,mechanical_001,79d0085777a69b241e0aecfb8f846de17ec9f872695857e4dba45a777a7b9804
1670,41.75,0.5216,4.044,True,12,mechanical_001,79d0085777a69b241e0aecfb8f846de17ec9f872695857e4dba45a777a7b9804
1671,41.775,0.5219,4.0537,True,12,mechanical_001,79d0085777a69b241e0aecfb8f846de17ec9f872695857e4dba45a777a7b9804
1672,41.8,0.5222,4.069,True,12,mechanical_001,79d0085777a69b241e0aecfb8f846de17ec9f872695857e4dba45a777a7b9804
1673,41.825,0.5226,4.0827,True,12,mechanical_001,79d0085777a69b241e0aecfb8f846de17ec9f872695857e4dba45a777a7b9804
1674,41.85,0.5229,4.0951,True,12,mechanical_001,79d0085777a69b241e0aecfb8f846de17ec9f872695857e4dba45a777a7b9804
1675,41.875,0.5232,4.0983,True,12,mechanical_001,79d0085777a69b241e0aecfb8f846de17ec9f872695857e4dba45a777a7b9804
1676,41.9,0.5235,4.0954,True,12,mechanical_001,79d0085777a69b241e0aecfb8f846de17ec9f872695857e4dba45a777a7b9804
1677,41.925,0.5238,4.0901,True,12,mechanical_001,79d0085777a69b241e0aecfb8f846de17ec9f872695857e4dba45a777a7b9804
1678,41.95,0.5241,4.0878,True,12,mechanical_001,79d0085777a69b241e0aecfb8f846de17ec9f872695857e4dba45a777a7b9804
1679,41.975,0.5244,4.0917,True,12,mechanical_001,79d0085777a69b241e0aecfb8f846de17ec9f872695857e4dba45a777a7b9804
1680,42.0,0.5247,4.0774,True,12,mechanical_001,79d0085777a69b241e0aecfb8f846de17ec9f872695857e4dba45a777a7b9804
1681,42.025,0.525,4.0404,True,12,mechanical_001,79d0085777a69b241e0aecfb8f846de17ec9f872695857e4dba45a777a7b9804
1682,42.05,0.5254,4.0165,True,12,mechanical_001,79d0085777a69b241e0aecfb8f846de17ec9f872695857e4dba45a777a7b9804
1683,42.075,0.5257,4.0024,True,12,mechanical_001,79d0085777a69b241e0aecfb8f846de17ec9f872695857e4dba45a777a7b9804
1684,42.1,0.526,3.9932,True,12,mechanical_001,79d0085777a69b241e0aecfb8f846de17ec9f872695857e4dba45a777a7b9804
1685,42.125,0.5263,3.9835,True,12,mechanical_001,79d0085777a69b241e0aecfb8f846de17ec9f872695857e4dba45a777a7b9804
1686,42.15,0.5266,3.9733,True,12,mechanical_001,79d0085777a69b241e0aecfb8f846de17ec9f872695857e4dba45a777a7b9804
1687,42.175,0.5269,3.9692,True,12,mechanical_001,79d0085777a69b241e0aecfb8f846de17ec9f872695857e4dba45a777a7b9804
1688,42.2,0.5272,3.9663,True,12,mechanical_001,79d0085777a69b241e0aecfb8f846de17ec9f872695857e4dba45a777a7b9804
1689,42.225,0.5275,3.9676,True,12,mechanical_001,79d0085777a69b241e0aecfb8f846de17ec9f872695857e4dba45a777a7b9804
1690,42.25,0.5279,3.9692,True,12,mechanical_001,79d0085777a69b241e0aecfb8f846de17ec9f872695857e4dba45a777a7b9804
1691,42.275,0.5282,3.9717,True,12,mechanical_001,79d0085777a69b241e0aecfb8f846de17ec9f872695857e4dba45a777a7b9804
1692,42.3,0.5285,3.97,True,12,mechanical_001,79d0085777a69b241e0aecfb8f846de17ec9f872695857e4dba45a777a7b9804
1693,42.325,0.5288,3.9691,True,12,mechanical_001,79d0085777a69b241e0aecfb8f846de17ec9f872695857e4dba45a777a7b9804
1694,42.35,0.5291,3.9696,True,12,mechanical_001,79d0085777a69b241e0aecfb8f846de17ec9f872695857e4dba45a777a7b9804
1695,42.375,0.5294,3.9697,True,12,mechanical_001,79d0085777a69b241e0aecfb8f846de17ec9f872695857e4dba45a777a7b9804
1696,42.4,0.5297,3.9727,True,12,mechanical_001,79d0085777a69b241e0aecfb8f846de17ec9f872695857e4dba45a777a7b9804
1697,42.425,0.53,3.9774,True,12,mechanical_001,79d0085777a69b241e0aecfb8f846de17ec9f872695857e4dba45a777a7b9804
1698,42.45,0.5303,3.9827,True,12,mechanical_001,79d0085777a69b241e0aecfb8f846de17ec9f872695857e4dba45a777a7b9804
1699,42.475,0.5306,3.9952,True,12,mechanical_001,79d0085777a69b241e0aecfb8f846de17ec9f872695857e4dba45a777a7b9804
1700,42.5,0.5309,4.0026,True,12,mechanical_001,79d0085777a69b241e0aecfb8f846de17ec9f872695857e4dba45a777a7b9804
1701,42.525,0.5313,4.012,True,12,mechanical_001,79d0085777a69b241e0aecfb8f846de17ec9f872695857e4dba45a777a7b9804
1702,42.55,0.5316,4.0201,True,12,mechanical_001,79d0085777a69b241e0aecfb8f846de17ec9f872695857e4dba45a777a7b9804
1703,42.575,0.5319,4.0313,True,12,mechanical_001,79d0085777a69b241e0aecfb8f846de17ec9f872695857e4dba45a777a7b9804
1704,42.6,0.5322,4.0412,True,12,mechanical_001,79d0085777a69b241e0aecfb8f846de17ec9f872695857e4dba45a777a7b9804
1705,42.625,0.5325,4.0518,True,12,mechanical_001,79d0085777a69b241e0aecfb8f846de17ec9f872695857e4dba45a777a7b9804
1706,42.65,0.5328,4.0602,True,12,mechanical_001,79d0085777a69b241e0aecfb8f846de17ec9f872695857e4dba45a777a7b9804
1707,42.675,0.5332,4.0703,True,12,mechanical_001,79d0085777a69b241e0aecfb8f846de17ec9f872695857e4dba45a777a7b9804
1708,42.7,0.5335,4.0819,True,12,mechanical_001,79d0085777a69b241e0aecfb8f846de17ec9f872695857e4dba45a777a7b9804
1709,42.725,0.5338,4.0835,True,12,mechanical_001,79d0085777a69b241e0aecfb8f846de17ec9f872695857e4dba45a777a7b9804
1710,42.75,0.5341,4.0813,True,12,mechanical_001,79d0085777a69b241e0aecfb8f846de17ec9f872695857e4dba45a777a7b9804
1711,42.775,0.5344,4.0786,True,12,mechanical_001,79d0085777a69b241e0aecfb8f846de17ec9f872695857e4dba45a777a7b9804
1712,42.8,0.5347,4.0772,True,12,mechanical_001,79d0085777a69b241e0aecfb8f846de17ec9f872695857e4dba45a777a7b9804
1713,42.825,0.535,4.0786,True,12,mechanical_001,79d0085777a69b241e0aecfb8f846de17ec9f872695857e4dba45a777a7b9804
1714,42.85,0.5353,4.0851,True,12,mechanical_001,79d0085777a69b241e0aecfb8f846de17ec9f872695857e4dba45a777a7b9804
1715,42.875,0.5356,4.0906,True,12,mechanical_001,79d0085777a69b241e0aecfb8f846de17ec9f872695857e4dba45a777a7b9804
1716,42.9,0.5359,4.0928,True,12,mechanical_001,79d0085777a69b241e0aecfb8f846de17ec9f872695857e4dba45a777a7b9804
1717,42.925,0.5362,4.094,True,12,mechanical_001,79d0085777a69b241e0aecfb8f846de17ec9f872695857e4dba45a777a7b9804
1718,42.95,0.5365,4.0969,True,12,mechanical_001,79d0085777a69b241e0aecfb8f846de17ec9f872695857e4dba45a777a7b9804
1719,42.975,0.5368,4.1015,True,12,mechanical_001,79d0085777a69b241e0aecfb8f846de17ec9f872695857e4dba45a777a7b9804
1720,43.0,0.5371,4.1086,True,12,mechanical_001,79d0085777a69b241e0aecfb8f846de17ec9f872695857e4dba45a777a7b9804
1721,43.025,0.5374,4.1157,True,12,mechanical_001,79d0085777a69b241e0aecfb8f846de17ec9f872695857e4dba45a777a7b9804
1722,43.05,0.5377,4.1232,True,12,mechanical_001,79d0085777a69b241e0aecfb8f846de17ec9f872695857e4dba45a777a7b9804
1723,43.075,0.538,4.1277,True,12,mechanical_001,79d0085777a69b241e0aecfb8f846de17ec9f872695857e4dba45a777a7b9804
1724,43.1,0.5383,4.1365,True,12,mechanical_001,79d0085777a69b241e0aecfb8f846de17ec9f872695857e4dba45a777a7b9804
1725,43.125,0.5386,4.1506,True,12,mechanical_001,79d0085777a69b241e0aecfb8f846de17ec9f872695857e4dba45a777a7b9804
1726,43.15,0.5389,4.1663,True,12,mechanical_001,79d0085777a69b241e0aecfb8f846de17ec9f872695857e4dba45a777a7b9804
1727,43.175,0.5392,4.1846,True,12,mechanical_001,79d0085777a69b241e0aecfb8f846de17ec9f872695857e4dba45a777a7b9804
1728,43.2,0.5395,4.2041,True,12,mechanical_001,79d0085777a69b241e0aecfb8f846de17ec9f872695857e4dba45a777a7b9804
1729,43.225,0.5399,4.2157,True,12,mechanical_001,79d0085777a69b241e0aecfb8f846de17ec9f872695857e4dba45a777a7b9804
1730,43.25,0.5402,4.2207,True,12,mechanical_001,79d0085777a69b241e0aecfb8f846de17ec9f872695857e4dba45a777a7b9804
1731,43.275,0.5405,4.2221,True,12,mechanical_001,79d0085777a69b241e0aecfb8f846de17ec9f872695857e4dba45a777a7b9804
1732,43.3,0.5408,4.2229,True,12,mechanical_001,79d0085777a69b241e0aecfb8f846de17ec9f872695857e4dba45a777a7b9804
1733,43.325,0.5411,4.2258,True,12,mechanical_001,79d0085777a69b241e0aecfb8f846de17ec9f872695857e4dba45a777a7b9804
1734,43.35,0.5414,4.2322,True,12,mechanical_001,79d0085777a69b241e0aecfb8f846de17ec9f872695857e4dba45a777a7b9804
1735,43.375,0.5417,4.2432,True,12,mechanical_001,79d0085777a69b241e0aecfb8f846de17ec9f872695857e4dba45a777a7b9804
1736,43.4,0.542,4.2529,True,12,mechanical_001,79d0085777a69b241e0aecfb8f846de17ec9f872695857e4dba45a777a7b9804
1737,43.425,0.5423,4.2603,True,12,mechanical_001,79d0085777a69b241e0aecfb8f846de17ec9f872695857e4dba45a777a7b9804
1738,43.45,0.5427,4.2622,True,12,mechanical_001,79d0085777a69b241e0aecfb8f846de17ec9f872695857e4dba45a777a7b9804
1739,43.475,0.543,4.2662,True,12,mechanical_001,79d0085777a69b241e0aecfb8f846de17ec9f872695857e4dba45a777a7b9804
1740,43.5,0.5433,4.2728,True,12,mechanical_001,79d0085777a69b241e0aecfb8f846de17ec9f872695857e4dba45a777a7b9804
1741,43.525,0.5436,4.285,True,12,mechanical_001,79d0085777a69b241e0aecfb8f846de17ec9f872695857e4dba45a777a7b9804
1742,43.55,0.5439,4.2962,True,12,mechanical_001,79d0085777a69b241e0aecfb8f846de17ec9f872695857e4dba45a777a7b9804
1743,43.575,0.5442,4.3077,True,12,mechanical_001,79d0085777a69b241e0aecfb8f846de17ec9f872695857e4dba45a777a7b9804
1744,43.6,0.5445,4.3151,True,12,mechanical_001,79d0085777a69b241e0aecfb8f846de17ec9f872695857e4dba45a777a7b9804
1745,43.625,0.5449,4.3231,True,12,mechanical_001,79d0085777a69b241e0aecfb8f846de17ec9f872695857e4dba45a777a7b9804
1746,43.65,0.5452,4.3323,True,12,mechanical_001,79d0085777a69b241e0aecfb8f846de17ec9f872695857e4dba45a777a7b9804
1747,43.675,0.5455,4.3428,True,12,mechanical_001,79d0085777a69b241e0aecfb8f846de17ec9f872695857e4dba45a777a7b9804
1748,43.7,0.5458,4.3485,True,12,mechanical_001,79d0085777a69b241e0aecfb8f846de17ec9f872695857e4dba45a777a7b9804
1749,43.725,0.5461,4.3468,True,12,mechanical_001,79d0085777a69b241e0aecfb8f846de17ec9f872695857e4dba45a777a7b9804
1750,43.75,0.5464,4.344,True,12,mechanical_001,79d0085777a69b241e0aecfb8f846de17ec9f872695857e4dba45a777a7b9804
1751,43.775,0.5468,4.3431,True,12,mechanical_001,79d0085777a69b241e0aecfb8f846de17ec9f872695857e4dba45a777a7b9804
1752,43.8,0.5471,4.3423,True,12,mechanical_001,79d0085777a69b241e0aecfb8f846de17ec9f872695857e4dba45a777a7b9804
1753,43.825,0.5474,4.3405,True,12,mechanical_001,79d0085777a69b241e0aecfb8f846de17ec9f872695857e4dba45a777a7b9804
1754,43.85,0.5477,4.3435,True,12,mechanical_001,79d0085777a69b241e0aecfb8f846de17ec9f872695857e4dba45a777a7b9804
1755,43.875,0.548,4.3527,True,12,mechanical_001,79d0085777a69b241e0aecfb8f846de17ec9f872695857e4dba45a777a7b9804
1756,43.9,0.5483,4.3612,True,12,mechanical_001,79d0085777a69b241e0aecfb8f846de17ec9f872695857e4dba45a777a7b9804
1757,43.925,0.5486,4.3679,True,12,mechanical_001,79d0085777a69b241e0aecfb8f846de17ec9f872695857e4dba45a777a7b9804
1758,43.95,0.549,4.3736,True,12,mechanical_001,79d0085777a69b241e0aecfb8f846de17ec9f872695857e4dba45a777a7b9804
1759,43.975,0.5493,4.3774,True,12,mechanical_001,79d0085777a69b241e0aecfb8f846de17ec9f872695857e4dba45a777a7b9804
1760,44.0,0.5496,4.3795,True,12,mechanical_001,79d0085777a69b241e0aecfb8f846de17ec9f872695857e4dba45a777a7b9804
1761,44.025,0.5499,4.3827,True,12,mechanical_001,79d0085777a69b241e0aecfb8f846de17ec9f872695857e4dba45a777a7b9804
1762,44.05,0.5502,4.3854,True,12,mechanical_001,79d0085777a69b241e0aecfb8f846de17ec9f872695857e4dba45a777a7b9804
1763,44.075,0.5505,4.3937,True,12,mechanical_001,79d0085777a69b241e0aecfb8f846de17ec9f872695857e4dba45a777a7b9804
1764,44.1,0.5508,4.402,True,12,mechanical_001,79d0085777a69b241e0aecfb8f846de17ec9f872695857e4dba45a777a7b9804
1765,44.125,0.5512,4.4081,True,12,mechanical_001,79d0085777a69b241e0aecfb8f846de17ec9f872695857e4dba45a777a7b9804
1766,44.15,0.5515,4.4154,True,12,mechanical_001,79d0085777a69b241e0aecfb8f846de17ec9f872695857e4dba45a777a7b9804
1767,44.175,0.5518,4.4224,True,12,mechanical_001,79d0085777a69b241e0aecfb8f846de17ec9f872695857e4dba45a777a7b9804
1768,44.2,0.5521,4.4332,True,12,mechanical_001,79d0085777a69b241e0aecfb8f846de17ec9f872695857e4dba45a777a7b9804
1769,44.225,0.5524,4.4485,True,12,mechanical_001,79d0085777a69b241e0aecfb8f846de17ec9f872695857e4dba45a777a7b9804
1770,44.25,0.5528,4.4616,True,12,mechanical_001,79d0085777a69b241e0aecfb8f846de17ec9f872695857e4dba45a777a7b9804
1771,44.275,0.5531,4.4717,True,12,mechanical_001,79d0085777a69b241e0aecfb8f846de17ec9f872695857e4dba45a777a7b9804
1772,44.3,0.5534,4.486,True,12,mechanical_001,79d0085777a69b241e0aecfb8f846de17ec9f872695857e4dba45a777a7b9804
1773,44.325,0.5538,4.5017,True,12,mechanical_001,79d0085777a69b241e0aecfb8f846de17ec9f872695857e4dba45a777a7b9804
1774,44.35,0.5541,4.5197,True,12,mechanical_001,79d0085777a69b241e0aecfb8f846de17ec9f872695857e4dba45a777a7b9804
1775,44.375,0.5544,4.5391,True,12,mechanical_001,79d0085777a69b241e0aecfb8f846de17ec9f872695857e4dba45a777a7b9804
1776,44.4,0.5548,4.5503,True,12,mechanical_001,79d0085777a69b241e0aecfb8f846de17ec9f872695857e4dba45a777a7b9804
1777,44.425,0.5551,4.5562,True,12,mechanical_001,79d0085777a69b241e0aecfb8f846de17ec9f872695857e4dba45a777a7b9804
1778,44.45,0.5554,4.5505,True,12,mechanical_001,79d0085777a69b241e0aecfb8f846de17ec9f872695857e4dba45a777a7b9804
1779,44.475,0.5557,4.5403,True,12,mechanical_001,79d0085777a69b241e0aecfb8f846de17ec9f872695857e4dba45a777a7b9804
1780,44.5,0.556,4.5311,True,12,mechanical_001,79d0085777a69b241e0aecfb8f846de17ec9f872695857e4dba45a777a7b9804
1781,44.525,0.5563,4.5241,True,12,mechanical_001,79d0085777a69b241e0aecfb8f846de17ec9f872695857e4dba45a777a7b9804
1782,44.55,0.5566,4.5184,True,12,mechanical_001,79d0085777a69b241e0aecfb8f846de17ec9f872695857e4dba45a777a7b9804
1783,44.575,0.5569,4.5191,True,12,mechanical_001,79d0085777a69b241e0aecfb8f846de17ec9f872695857e4dba45a777a7b9804
1784,44.6,0.5572,4.5187,True,12,mechanical_001,79d0085777a69b241e0aecfb8f846de17ec9f872695857e4dba45a777a7b9804
1785,44.625,0.5575,4.5182,True,12,mechanical_001,79d0085777a69b241e0aecfb8f846de17ec9f872695857e4dba45a777a7b9804
1786,44.65,0.5579,4.5255,True,12,mechanical_001,79d0085777a69b241e0aecfb8f846de17ec9f872695857e4dba45a777a7b9804
1787,44.675,0.5582,4.5375,True,12,mechanical_001,79d0085777a69b241e0aecfb8f846de17ec9f872695857e4dba45a777a7b9804
1788,44.7,0.5585,4.5469,True,12,mechanical_001,79d0085777a69b241e0aecfb8f846de17ec9f872695857e4dba45a777a7b9804
1789,44.725,0.5588,4.558,True,12,mechanical_001,79d0085777a69b241e0aecfb8f846de17ec9f872695857e4dba45a777a7b9804
1790,44.75,0.5591,4.5648,True,12,mechanical_001,79d0085777a69b241e0aecfb8f846de17ec9f872695857e4dba45a777a7b9804
1791,44.775,0.5594,4.5697,True,12,mechanical_001,79d0085777a69b241e0aecfb8f846de17ec9f872695857e4dba45a777a7b9804
1792,44.8,0.5597,4.5683,True,12,mechanical_001,79d0085777a69b241e0aecfb8f846de17ec9f872695857e4dba45a777a7b9804
1793,44.825,0.56,4.5712,True,12,mechanical_001,79d0085777a69b241e0aecfb8f846de17ec9f872695857e4dba45a777a7b9804
1794,44.85,0.5603,4.5803,True,12,mechanical_001,79d0085777a69b241e0aecfb8f846de17ec9f872695857e4dba45a777a7b9804
1795,44.875,0.5607,4.5955,True,12,mechanical_001,79d0085777a69b241e0aecfb8f846de17ec9f872695857e4dba45a777a7b9804
1796,44.9,0.561,4.6065,True,12,mechanical_001,79d0085777a69b241e0aecfb8f846de17ec9f872695857e4dba45a777a7b9804
1797,44.925,0.5613,4.6155,True,12,mechanical_001,79d0085777a69b241e0aecfb8f846de17ec9f872695857e4dba45a777a7b9804
1798,44.95,0.5616,4.6207,True,12,mechanical_001,79d0085777a69b241e0aecfb8f846de17ec9f872695857e4dba45a777a7b9804
1799,44.975,0.5619,4.6202,True,12,mechanical_001,79d0085777a69b241e0aecfb8f846de17ec9f872695857e4dba45a777a7b9804
1800,45.0,0.5622,4.6169,True,12,mechanical_001,79d0085777a69b241e0aecfb8f846de17ec9f872695857e4dba45a777a7b9804
1801,45.025,0.5625,4.6151,True,12,mechanical_001,79d0085777a69b241e0aecfb8f846de17ec9f872695857e4dba45a777a7b9804
1802,45.05,0.5628,4.6144,True,12,mechanical_001,79d0085777a69b241e0aecfb8f846de17ec9f872695857e4dba45a777a7b9804
1803,45.075,0.5631,4.6118,True,12,mechanical_001,79d0085777a69b241e0aecfb8f846de17ec9f872695857e4dba45a777a7b9804
1804,45.1,0.5634,4.6081,True,12,mechanical_001,79d0085777a69b241e0aecfb8f846de17ec9f872695857e4dba45a777a7b9804
1805,45.125,0.5637,4.6041,True,12,mechanical_001,79d0085777a69b241e0aecfb8f846de17ec9f872695857e4dba45a777a7b9804
1806,45.15,0.564,4.5998,True,12,mechanical_001,79d0085777a69b241e0aecfb8f846de17ec9f872695857e4dba45a777a7b9804
1807,45.175,0.5643,4.5957,True,12,mechanical_001,79d0085777a69b241e0aecfb8f846de17ec9f872695857e4dba45a777a7b9804
1808,45.2,0.5646,4.5925,True,12,mechanical_001,79d0085777a69b241e0aecfb8f846de17ec9f872695857e4dba45a777a7b9804
1809,45.225,0.5649,4.5855,True,12,mechanical_001,79d0085777a69b241e0aecfb8f846de17ec9f872695857e4dba45a777a7b9804
1810,45.25,0.5651,4.5854,True,12,mechanical_001,79d0085777a69b241e0aecfb8f846de17ec9f872695857e4dba45a777a7b9804
1811,45.275,0.5654,4.5955,True,12,mechanical_001,79d0085777a69b241e0aecfb8f846de17ec9f872695857e4dba45a777a7b9804
1812,45.3,0.5658,4.6099,True,12,mechanical_001,79d0085777a69b241e0aecfb8f846de17ec9f872695857e4dba45a777a7b9804
1813,45.325,0.5661,4.6246,True,12,mechanical_001,79d0085777a69b241e0aecfb8f846de17ec9f872695857e4dba45a777a7b9804
1814,45.35,0.5664,4.6435,True,12,mechanical_001,79d0085777a69b241e0aecfb8f846de17ec9f872695857e4dba45a777a7b9804
1815,45.375,0.5667,4.664,True,12,mechanical_001,79d0085777a69b241e0aecfb8f846de17ec9f872695857e4dba45a777a7b9804
1816,45.4,0.567,4.6802,True,12,mechanical_001,79d0085777a69b241e0aecfb8f846de17ec9f872695857e4dba45a777a7b9804
1817,45.425,0.5673,4.693,True,12,mechanical_001,79d0085777a69b241e0aecfb8f846de17ec9f872695857e4dba45a777a7b9804
1818,45.45,0.5677,4.7006,True,12,mechanical_001,79d0085777a69b241e0aecfb8f846de17ec9f872695857e4dba45a777a7b9804
1819,45.475,0.568,4.7103,True,12,mechanical_001,79d0085777a69b241e0aecfb8f846de17ec9f872695857e4dba45a777a7b9804
1820,45.5,0.5683,4.7243,True,12,mechanical_001,79d0085777a69b241e0aecfb8f846de17ec9f872695857e4dba45a777a7b9804
1821,45.525,0.5686,4.7323,True,12,mechanical_001,79d0085777a69b241e0aecfb8f846de17ec9f872695857e4dba45a777a7b9804
1822,45.55,0.5689,4.734,True,12,mechanical_001,79d0085777a69b241e0aecfb8f846de17ec9f872695857e4dba45a777a7b9804
1823,45.575,0.5692,4.7356,True,12,mechanical_001,79d0085777a69b241e0aecfb8f846de17ec9f872695857e4dba45a777a7b9804
1824,45.6,0.5695,4.7399,True,12,mechanical_001,79d0085777a69b241e0aecfb8f846de17ec9f872695857e4dba45a777a7b9804
1825,45.625,0.5698,4.742,True,12,mechanical_001,79d0085777a69b241e0aecfb8f846de17ec9f872695857e4dba45a777a7b9804
1826,45.65,0.5702,4.7472,True,12,mechanical_001,79d0085777a69b241e0aecfb8f846de17ec9f872695857e4dba45a777a7b9804
1827,45.675,0.5705,4.749,True,12,mechanical_001,79d0085777a69b241e0aecfb8f846de17ec9f872695857e4dba45a777a7b9804
1828,45.7,0.5708,4.7533,True,12,mechanical_001,79d0085777a69b241e0aecfb8f846de17ec9f872695857e4dba45a777a7b9804
1829,45.725,0.5711,4.7526,True,12,mechanical_001,79d0085777a69b241e0aecfb8f846de17ec9f872695857e4dba45a777a7b9804
1830,45.75,0.5714,4.7549,True,12,mechanical_001,79d0085777a69b241e0aecfb8f846de17ec9f872695857e4dba45a777a7b9804
1831,45.775,0.5717,4.7624,True,12,mechanical_001,79d0085777a69b241e0aecfb8f846de17ec9f872695857e4dba45a777a7b9804
1832,45.8,0.572,4.7789,True,12,mechanical_001,79d0085777a69b241e0aecfb8f846de17ec9f872695857e4dba45a777a7b9804
1833,45.825,0.5723,4.802,True,12,mechanical_001,79d0085777a69b241e0aecfb8f846de17ec9f872695857e4dba45a777a7b9804
1834,45.85,0.5726,4.8289,True,12,mechanical_001,79d0085777a69b241e0aecfb8f846de17ec9f872695857e4dba45a777a7b9804
1835,45.875,0.573,4.8581,True,12,mechanical_001,79d0085777a69b241e0aecfb8f846de17ec9f872695857e4dba45a777a7b9804
1836,45.9,0.5733,4.8805,True,12,mechanical_001,79d0085777a69b241e0aecfb8f846de17ec9f872695857e4dba45a777a7b9804
1837,45.925,0.5736,4.8973,True,12,mechanical_001,79d0085777a69b241e0aecfb8f846de17ec9f872695857e4dba45a777a7b9804
1838,45.95,0.5739,4.9023,True,12,mechanical_001,79d0085777a69b241e0aecfb8f846de17ec9f872695857e4dba45a777a7b9804
1839,45.975,0.5742,4.901,True,12,mechanical_001,79d0085777a69b241e0aecfb8f846de17ec9f872695857e4dba45a777a7b9804
1840,46.0,0.5745,4.902,True,12,mechanical_001,79d0085777a69b241e0aecfb8f846de17ec9f872695857e4dba45a777a7b9804
1841,46.025,0.5749,4.9077,True,12,mechanical_001,79d0085777a69b241e0aecfb8f846de17ec9f872695857e4dba45a777a7b9804
1842,46.05,0.5752,4.9147,True,12,mechanical_001,79d0085777a69b241e0aecfb8f846de17ec9f872695857e4dba45a777a7b9804
1843,46.075,0.5755,4.9246,True,12,mechanical_001,79d0085777a69b241e0aecfb8f846de17ec9f872695857e4dba45a777a7b9804
1844,46.1,0.5758,4.9317,True,12,mechanical_001,79d0085777a69b241e0aecfb8f846de17ec9f872695857e4dba45a777a7b9804
1845,46.125,0.5761,4.9422,True,12,mechanical_001,79d0085777a69b241e0aecfb8f846de17ec9f872695857e4dba45a777a7b9804
1846,46.15,0.5764,4.9542,True,12,mechanical_001,79d0085777a69b241e0aecfb8f846de17ec9f872695857e4dba45a777a7b9804
1847,46.175,0.5767,4.966,True,12,mechanical_001,79d0085777a69b241e0aecfb8f846de17ec9f872695857e4dba45a777a7b9804
1848,46.2,0.5771,4.9726,True,12,mechanical_001,79d0085777a69b241e0aecfb8f846de17ec9f872695857e4dba45a777a7b9804
1849,46.225,0.5774,4.9795,True,12,mechanical_001,79d0085777a69b241e0aecfb8f846de17ec9f872695857e4dba45a777a7b9804
1850,46.25,0.5777,4.9887,True,12,mechanical_001,79d0085777a69b241e0aecfb8f846de17ec9f872695857e4dba45a777a7b9804
1851,46.275,0.578,4.9999,True,12,mechanical_001,79d0085777a69b241e0aecfb8f846de17ec9f872695857e4dba45a777a7b9804
1852,46.3,0.5783,5.0137,True,12,mechanical_001,79d0085777a69b241e0aecfb8f846de17ec9f872695857e4dba45a777a7b9804
1853,46.325,0.5786,5.0301,True,12,mechanical_001,79d0085777a69b241e0aecfb8f846de17ec9f872695857e4dba45a777a7b9804
1854,46.35,0.5789,5.0453,True,12,mechanical_001,79d0085777a69b241e0aecfb8f846de17ec9f872695857e4dba45a777a7b9804
1855,46.375,0.5793,5.0596,True,12,mechanical_001,79d0085777a69b241e0aecfb8f846de17ec9f872695857e4dba45a777a7b9804
1856,46.4,0.5796,5.0728,True,12,mechanical_001,79d0085777a69b241e0aecfb8f846de17ec9f872695857e4dba45a777a7b9804
1857,46.425,0.5799,5.0809,True,12,mechanical_001,79d0085777a69b241e0aecfb8f846de17ec9f872695857e4dba45a777a7b9804
1858,46.45,0.5802,5.0935,True,12,mechanical_001,79d0085777a69b241e0aecfb8f846de17ec9f872695857e4dba45a777a7b9804
1859,46.475,0.5805,5.1053,True,12,mechanical_001,79d0085777a69b241e0aecfb8f846de17ec9f872695857e4dba45a777a7b9804
1860,46.5,0.5808,5.1159,True,12,mechanical_001,79d0085777a69b241e0aecfb8f846de17ec9f872695857e4dba45a777a7b9804
1861,46.525,0.5811,5.128,True,12,mechanical_001,79d0085777a69b241e0aecfb8f846de17ec9f872695857e4dba45a777a7b9804
1862,46.55,0.5815,5.1433,True,12,mechanical_001,79d0085777a69b241e0aecfb8f846de17ec9f872695857e4dba45a777a7b9804
1863,46.575,0.5818,5.1565,True,12,mechanical_001,79d0085777a69b241e0aecfb8f846de17ec9f872695857e4dba45a777a7b9804
1864,46.6,0.5821,5.164,True,12,mechanical_001,79d0085777a69b241e0aecfb8f846de17ec9f872695857e4dba45a777a7b9804
1865,46.625,0.5824,5.1684,True,12,mechanical_001,79d0085777a69b241e0aecfb8f846de17ec9f872695857e4dba45a777a7b9804
1866,46.65,0.5827,5.1692,True,12,mechanical_001,79d0085777a69b241e0aecfb8f846de17ec9f872695857e4dba45a777a7b9804
1867,46.675,0.583,5.171,True,12,mechanical_001,79d0085777a69b241e0aecfb8f846de17ec9f872695857e4dba45a777a7b9804
1868,46.7,0.5833,5.1719,True,12,mechanical_001,79d0085777a69b241e0aecfb8f846de17ec9f872695857e4dba45a777a7b9804
1869,46.725,0.5836,5.1794,True,12,mechanical_001,79d0085777a69b241e0aecfb8f846de17ec9f872695857e4dba45a777a7b9804
1870,46.75,0.5839,5.1884,True,12,mechanical_001,79d0085777a69b241e0aecfb8f846de17ec9f872695857e4dba45a777a7b9804
1871,46.775,0.5842,5.1977,True,12,mechanical_001,79d0085777a69b241e0aecfb8f846de17ec9f872695857e4dba45a777a7b9804
1872,46.8,0.5846,5.2133,True,12,mechanical_001,79d0085777a69b241e0aecfb8f846de17ec9f872695857e4dba45a777a7b9804
1873,46.825,0.5849,5.2319,True,12,mechanical_001,79d0085777a69b241e0aecfb8f846de17ec9f872695857e4dba45a777a7b9804
1874,46.85,0.5852,5.2431,True,12,mechanical_001,79d0085777a69b241e0aecfb8f846de17ec9f872695857e4dba45a777a7b9804
1875,46.875,0.5855,5.2515,True,12,mechanical_001,79d0085777a69b241e0aecfb8f846de17ec9f872695857e4dba45a777a7b9804
1876,46.9,0.5859,5.2598,True,12,mechanical_001,79d0085777a69b241e0aecfb8f846de17ec9f872695857e4dba45a777a7b9804
1877,46.925,0.5862,5.2677,True,12,mechanical_001,79d0085777a69b241e0aecfb8f846de17ec9f872695857e4dba45a777a7b9804
1878,46.95,0.5865,5.2761,True,12,mechanical_001,79d0085777a69b241e0aecfb8f846de17ec9f872695857e4dba45a777a7b9804
1879,46.975,0.5868,5.2864,True,12,mechanical_001,79d0085777a69b241e0aecfb8f846de17ec9f872695857e4dba45a777a7b9804
1880,47.0,0.5871,5.2982,True,12,mechanical_001,79d0085777a69b241e0aecfb8f846de17ec9f872695857e4dba45a777a7b9804
1881,47.025,0.5874,5.3116,True,12,mechanical_001,79d0085777a69b241e0aecfb8f846de17ec9f872695857e4dba45a777a7b9804
1882,47.05,0.5878,5.3246,True,12,mechanical_001,79d0085777a69b241e0aecfb8f846de17ec9f872695857e4dba45a777a7b9804
1883,47.075,0.5881,5.3389,True,12,mechanical_001,79d0085777a69b241e0aecfb8f846de17ec9f872695857e4dba45a777a7b9804
1884,47.1,0.5884,5.3518,True,12,mechanical_001,79d0085777a69b241e0aecfb8f846de17ec9f872695857e4dba45a777a7b9804
1885,47.125,0.5887,5.3671,True,12,mechanical_001,79d0085777a69b241e0aecfb8f846de17ec9f872695857e4dba45a777a7b9804
1886,47.15,0.5891,5.3805,True,12,mechanical_001,79d0085777a69b241e0aecfb8f846de17ec9f872695857e4dba45a777a7b9804
1887,47.175,0.5894,5.3934,True,12,mechanical_001,79d0085777a69b241e0aecfb8f846de17ec9f872695857e4dba45a777a7b9804
1888,47.2,0.5897,5.4086,True,12,mechanical_001,79d0085777a69b241e0aecfb8f846de17ec9f872695857e4dba45a777a7b9804
1889,47.225,0.59,5.4213,True,12,mechanical_001,79d0085777a69b241e0aecfb8f846de17ec9f872695857e4dba45a777a7b9804
1890,47.25,0.5903,5.4374,True,12,mechanical_001,79d0085777a69b241e0aecfb8f846de17ec9f872695857e4dba45a777a7b9804
1891,47.275,0.5907,5.4532,True,12,mechanical_001,79d0085777a69b241e0aecfb8f846de17ec9f872695857e4dba45a777a7b9804
1892,47.3,0.591,5.4664,True,12,mechanical_001,79d0085777a69b241e0aecfb8f846de17ec9f872695857e4dba45a777a7b9804
1893,47.325,0.5913,5.4746,True,12,mechanical_001,79d0085777a69b241e0aecfb8f846de17ec9f872695857e4dba45a777a7b9804
1894,47.35,0.5916,5.4808,True,12,mechanical_001,79d0085777a69b241e0aecfb8f846de17ec9f872695857e4dba45a777a7b9804
1895,47.375,0.5919,5.4829,True,12,mechanical_001,79d0085777a69b241e0aecfb8f846de17ec9f872695857e4dba45a777a7b9804
1896,47.4,0.5923,5.4848,True,12,mechanical_001,79d0085777a69b241e0aecfb8f846de17ec9f872695857e4dba45a777a7b9804
1897,47.425,0.5926,5.4818,True,12,mechanical_001,79d0085777a69b241e0aecfb8f846de17ec9f872695857e4dba45a777a7b9804
1898,47.45,0.5929,5.4866,True,12,mechanical_001,79d0085777a69b241e0aecfb8f846de17ec9f872695857e4dba45a777a7b9804
1899,47.475,0.5932,5.4999,True,12,mechanical_001,79d0085777a69b241e0aecfb8f846de17ec9f872695857e4dba45a777a7b9804
1900,47.5,0.5935,5.5122,True,12,mechanical_001,79d0085777a69b241e0aecfb8f846de17ec9f872695857e4dba45a777a7b9804
1901,47.525,0.5938,5.5243,True,12,mechanical_001,79d0085777a69b241e0aecfb8f846de17ec9f872695857e4dba45a777a7b9804
1902,47.55,0.5941,5.5318,True,12,mechanical_001,79d0085777a69b241e0aecfb8f846de17ec9f872695857e4dba45a777a7b9804
1903,47.575,0.5944,5.5404,True,12,mechanical_001,79d0085777a69b241e0aecfb8f846de17ec9f872695857e4dba45a777a7b9804
1904,47.6,0.5947,5.5508,True,12,mechanical_001,79d0085777a69b241e0aecfb8f846de17ec9f872695857e4dba45a777a7b9804
1905,47.625,0.5951,5.5644,True,12,mechanical_001,79d0085777a69b241e0aecfb8f846de17ec9f872695857e4dba45a777a7b9804
1906,47.65,0.5954,5.5735,True,12,mechanical_001,79d0085777a69b241e0aecfb8f846de17ec9f872695857e4dba45a777a7b9804
1907,47.675,0.5957,5.5811,True,12,mechanical_001,79d0085777a69b241e0aecfb8f846de17ec9f872695857e4dba45a777a7b9804
1908,47.7,0.596,5.5908,True,12,mechanical_001,79d0085777a69b241e0aecfb8f846de17ec9f872695857e4dba45a777a7b9804
1909,47.725,0.5963,5.6055,True,12,mechanical_001,79d0085777a69b241e0aecfb8f846de17ec9f872695857e4dba45a777a7b9804
1910,47.75,0.5966,5.6196,True,12,mechanical_001,79d0085777a69b241e0aecfb8f846de17ec9f872695857e4dba45a777a7b9804
1911,47.775,0.5969,5.6294,True,12,mechanical_001,79d0085777a69b241e0aecfb8f846de17ec9f872695857e4dba45a777a7b9804
1912,47.8,0.5972,5.6407,True,12,mechanical_001,79d0085777a69b241e0aecfb8f846de17ec9f872695857e4dba45a777a7b9804
1913,47.825,0.5976,5.6577,True,12,mechanical_001,79d0085777a69b241e0aecfb8f846de17ec9f872695857e4dba45a777a7b9804
1914,47.85,0.5979,5.6702,True,12,mechanical_001,79d0085777a69b241e0aecfb8f846de17ec9f872695857e4dba45a777a7b9804
1915,47.875,0.5982,5.6803,True,12,mechanical_001,79d0085777a69b241e0aecfb8f846de17ec9f872695857e4dba45a777a7b9804
1916,47.9,0.5985,5.6838,True,12,mechanical_001,79d0085777a69b241e0aecfb8f846de17ec9f872695857e4dba45a777a7b9804
1917,47.925,0.5988,5.6846,True,12,mechanical_001,79d0085777a69b241e0aecfb8f846de17ec9f872695857e4dba45a777a7b9804
1918,47.95,0.5991,5.6883,True,12,mechanical_001,79d0085777a69b241e0aecfb8f846de17ec9f872695857e4dba45a777a7b9804
1919,47.975,0.5994,5.6934,True,12,mechanical_001,79d0085777a69b241e0aecfb8f846de17ec9f872695857e4dba45a777a7b9804
1920,48.0,0.5997,5.7036,True,12,mechanical_001,79d0085777a69b241e0aecfb8f846de17ec9f872695857e4dba45a777a7b9804
1921,48.025,0.6,5.7127,True,12,mechanical_001,79d0085777a69b241e0aecfb8f846de17ec9f872695857e4dba45a777a7b9804
1922,48.05,0.6003,5.7155,True,12,mechanical_001,79d0085777a69b241e0aecfb8f846de17ec9f872695857e4dba45a777a7b9804
1923,48.075,0.6007,5.7185,True,12,mechanical_001,79d0085777a69b241e0aecfb8f846de17ec9f872695857e4dba45a777a7b9804
1924,48.1,0.601,5.722,True,12,mechanical_001,79d0085777a69b241e0aecfb8f846de17ec9f872695857e4dba45a777a7b9804
1925,48.125,0.6013,5.7243,True,12,mechanical_001,79d0085777a69b241e0aecfb8f846de17ec9f872695857e4dba45a777a7b9804
1926,48.15,0.6016,5.7223,True,12,mechanical_001,79d0085777a69b241e0aecfb8f846de17ec9f872695857e4dba45a777a7b9804
1927,48.175,0.6019,5.721,True,12,mechanical_001,79d0085777a69b241e0aecfb8f846de17ec9f872695857e4dba45a777a7b9804
1928,48.2,0.6022,5.724,True,12,mechanical_001,79d0085777a69b241e0aecfb8f846de17ec9f872695857e4dba45a777a7b9804
1929,48.225,0.6025,5.7283,True,12,mechanical_001,79d0085777a69b241e0aecfb8f846de17ec9f872695857e4dba45a777a7b9804
1930,48.25,0.6028,5.7307,True,12,mechanical_001,79d0085777a69b241e0aecfb8f846de17ec9f872695857e4dba45a777a7b9804
1931,48.275,0.6031,5.7362,True,12,mechanical_001,79d0085777a69b241e0aecfb8f846de17ec9f872695857e4dba45a777a7b9804
1932,48.3,0.6034,5.7435,True,12,mechanical_001,79d0085777a69b241e0aecfb8f846de17ec9f872695857e4dba45a777a7b9804
1933,48.325,0.6037,5.7523,True,12,mechanical_001,79d0085777a69b241e0aecfb8f846de17ec9f872695857e4dba45a777a7b9804
1934,48.35,0.604,5.7578,True,12,mechanical_001,79d0085777a69b241e0aecfb8f846de17ec9f872695857e4dba45a777a7b9804
1935,48.375,0.6043,5.7657,True,12,mechanical_001,79d0085777a69b241e0aecfb8f846de17ec9f872695857e4dba45a777a7b9804
1936,48.4,0.6046,5.7765,True,12,mechanical_001,79d0085777a69b241e0aecfb8f846de17ec9f872695857e4dba45a777a7b9804
1937,48.425,0.6049,5.783,True,12,mechanical_001,79d0085777a69b241e0aecfb8f846de17ec9f872695857e4dba45a777a7b9804
1938,48.45,0.6052,5.7873,True,12,mechanical_001,79d0085777a69b241e0aecfb8f846de17ec9f872695857e4dba45a777a7b9804
1939,48.475,0.6056,5.7927,True,12,mechanical_001,79d0085777a69b241e0aecfb8f846de17ec9f872695857e4dba45a777a7b9804
1940,48.5,0.6059,5.798,True,12,mechanical_001,79d0085777a69b241e0aecfb8f846de17ec9f872695857e4dba45a777a7b9804
1941,48.525,0.6062,5.8045,True,12,mechanical_001,79d0085777a69b241e0aecfb8f846de17ec9f872695857e4dba45a777a7b9804
1942,48.55,0.6065,5.8108,True,12,mechanical_001,79d0085777a69b241e0aecfb8f846de17ec9f872695857e4dba45a777a7b9804
1943,48.575,0.6068,5.8127,True,12,mechanical_001,79d0085777a69b241e0aecfb8f846de17ec9f872695857e4dba45a777a7b9804
1944,48.6,0.6071,5.812,True,12,mechanical_001,79d0085777a69b241e0aecfb8f846de17ec9f872695857e4dba45a777a7b9804
1945,48.625,0.6074,5.8072,True,12,mechanical_001,79d0085777a69b241e0aecfb8f846de17ec9f872695857e4dba45a777a7b9804
1946,48.65,0.6077,5.8013,True,12,mechanical_001,79d0085777a69b241e0aecfb8f846de17ec9f872695857e4dba45a777a7b9804
1947,48.675,0.608,5.7969,True,12,mechanical_001,79d0085777a69b241e0aecfb8f846de17ec9f872695857e4dba45a777a7b9804
1948,48.7,0.6083,5.795,True,12,mechanical_001,79d0085777a69b241e0aecfb8f846de17ec9f872695857e4dba45a777a7b9804
1949,48.725,0.6086,5.8047,True,12,mechanical_001,79d0085777a69b241e0aecfb8f846de17ec9f872695857e4dba45a777a7b9804
1950,48.75,0.6089,5.8214,True,12,mechanical_001,79d0085777a69b241e0aecfb8f846de17ec9f872695857e4dba45a777a7b9804
1951,48.775,0.6092,5.8436,True,12,mechanical_001,79d0085777a69b241e0aecfb8f846de17ec9f872695857e4dba45a777a7b9804
1952,48.8,0.6095,5.8681,True,12,mechanical_001,79d0085777a69b241e0aecfb8f846de17ec9f872695857e4dba45a777a7b9804
1953,48.825,0.6099,5.8871,True,12,mechanical_001,79d0085777a69b241e0aecfb8f846de17ec9f872695857e4dba45a777a7b9804
1954,48.85,0.6102,5.8989,True,12,mechanical_001,79d0085777a69b241e0aecfb8f846de17ec9f872695857e4dba45a777a7b9804
1955,48.875,0.6105,5.9032,True,12,mechanical_001,79d0085777a69b241e0aecfb8f846de17ec9f872695857e4dba45a777a7b9804
1956,48.9,0.6108,5.9022,True,12,mechanical_001,79d0085777a69b241e0aecfb8f846de17ec9f872695857e4dba45a777a7b9804
1957,48.925,0.6111,5.8997,True,12,mechanical_001,79d0085777a69b241e0aecfb8f846de17ec9f872695857e4dba45a777a7b9804
1958,48.95,0.6114,5.9024,True,12,mechanical_001,79d0085777a69b241e0aecfb8f846de17ec9f872695857e4dba45a777a7b9804
1959,48.975,0.6117,5.9141,True,12,mechanical_001,79d0085777a69b241e0aecfb8f846de17ec9f872695857e4dba45a777a7b9804
1960,49.0,0.612,5.9285,True,12,mechanical_001,79d0085777a69b241e0aecfb8f846de17ec9f872695857e4dba45a777a7b9804
1961,49.025,0.6124,5.9425,True,12,mechanical_001,79d0085777a69b241e0aecfb8f846de17ec9f872695857e4dba45a777a7b9804
1962,49.05,0.6127,5.9535,True,12,mechanical_001,79d0085777a69b241e0aecfb8f846de17ec9f872695857e4dba45a777a7b9804
1963,49.075,0.613,5.9607,True,12,mechanical_001,79d0085777a69b241e0aecfb8f846de17ec9f872695857e4dba45a777a7b9804
1964,49.1,0.6133,5.9641,True,12,mechanical_001,79d0085777a69b241e0aecfb8f846de17ec9f872695857e4dba45a777a7b9804
1965,49.125,0.6136,5.9649,True,12,mechanical_001,79d0085777a69b241e0aecfb8f846de17ec9f872695857e4dba45a777a7b9804
1966,49.15,0.6139,5.9685,True,12,mechanical_001,79d0085777a69b241e0aecfb8f846de17ec9f872695857e4dba45a777a7b9804
1967,49.175,0.6142,5.9745,True,12,mechanical_001,79d0085777a69b241e0aecfb8f846de17ec9f872695857e4dba45a777a7b9804
1968,49.2,0.6145,5.9836,True,12,mechanical_001,79d0085777a69b241e0aecfb8f846de17ec9f872695857e4dba45a777a7b9804
1969,49.225,0.6148,5.9938,True,12,mechanical_001,79d0085777a69b241e0aecfb8f846de17ec9f872695857e4dba45a777a7b9804
1970,49.25,0.6151,6.0038,True,12,mechanical_001,79d0085777a69b241e0aecfb8f846de17ec9f872695857e4dba45a777a7b9804
1971,49.275,0.6154,6.0149,True,12,mechanical_001,79d0085777a69b241e0aecfb8f846de17ec9f872695857e4dba45a777a7b9804
1972,49.3,0.6158,6.0291,True,12,mechanical_001,79d0085777a69b241e0aecfb8f846de17ec9f872695857e4dba45a777a7b9804
1973,49.325,0.6161,6.0437,True,12,mechanical_001,79d0085777a69b241e0aecfb8f846de17ec9f872695857e4dba45a777a7b9804
1974,49.35,0.6164,6.0583,True,12,mechanical_001,79d0085777a69b241e0aecfb8f846de17ec9f872695857e4dba45a777a7b9804
1975,49.375,0.6167,6.0722,True,12,mechanical_001,79d0085777a69b241e0aecfb8f846de17ec9f872695857e4dba45a777a7b9804
1976,49.4,0.617,6.0849,True,12,mechanical_001,79d0085777a69b241e0aecfb8f846de17ec9f872695857e4dba45a777a7b9804
1977,49.425,0.6173,6.0981,True,12,mechanical_001,79d0085777a69b241e0aecfb8f846de17ec9f872695857e4dba45a777a7b9804
1978,49.45,0.6177,6.11,True,12,mechanical_001,79d0085777a69b241e0aecfb8f846de17ec9f872695857e4dba45a777a7b9804
1979,49.475,0.618,6.1178,True,12,mechanical_001,79d0085777a69b241e0aecfb8f846de17ec9f872695857e4dba45a777a7b9804
1980,49.5,0.6183,6.1169,True,12,mechanical_001,79d0085777a69b241e0aecfb8f846de17ec9f872695857e4dba45a777a7b9804
1981,49.525,0.6186,6.1122,True,12,mechanical_001,79d0085777a69b241e0aecfb8f846de17ec9f872695857e4dba45a777a7b9804
1982,49.55,0.6189,6.1069,True,12,mechanical_001,79d0085777a69b241e0aecfb8f846de17ec9f872695857e4dba45a777a7b9804
1983,49.575,0.6192,6.1124,True,12,mechanical_001,79d0085777a69b241e0aecfb8f846de17ec9f872695857e4dba45a777a7b9804
1984,49.6,0.6195,6.1264,True,12,mechanical_001,79d0085777a69b241e0aecfb8f846de17ec9f872695857e4dba45a777a7b9804
1985,49.625,0.6199,6.1432,True,12,mechanical_001,79d0085777a69b241e0aecfb8f846de17ec9f872695857e4dba45a777a7b9804
1986,49.65,0.6202,6.1565,True,12,mechanical_001,79d0085777a69b241e0aecfb8f846de17ec9f872695857e4dba45a777a7b9804
1987,49.675,0.6205,6.1669,True,12,mechanical_001,79d0085777a69b241e0aecfb8f846de17ec9f872695857e4dba45a777a7b9804
1988,49.7,0.6208,6.1745,True,12,mechanical_001,79d0085777a69b241e0aecfb8f846de17ec9f872695857e4dba45a777a7b9804
1989,49.725,0.6211,6.186,True,12,mechanical_001,79d0085777a69b241e0aecfb8f846de17ec9f872695857e4dba45a777a7b9804
1990,49.75,0.6215,6.1982,True,12,mechanical_001,79d0085777a69b241e0aecfb8f846de17ec9f872695857e4dba45a777a7b9804
1991,49.775,0.6218,6.2061,True,12,mechanical_001,79d0085777a69b241e0aecfb8f846de17ec9f872695857e4dba45a777a7b9804
1992,49.8,0.6221,6.2164,True,12,mechanical_001,79d0085777a69b241e0aecfb8f846de17ec9f872695857e4dba45a777a7b9804
1993,49.825,0.6224,6.2308,True,12,mechanical_001,79d0085777a69b241e0aecfb8f846de17ec9f872695857e4dba45a777a7b9804
1994,49.85,0.6227,6.2446,True,12,mechanical_001,79d0085777a69b241e0aecfb8f846de17ec9f872695857e4dba45a777a7b9804
1995,49.875,0.6231,6.2639,True,12,mechanical_001,79d0085777a69b241e0aecfb8f846de17ec9f872695857e4dba45a777a7b9804
1996,49.9,0.6234,6.2847,True,12,mechanical_001,79d0085777a69b241e0aecfb8f846de17ec9f872695857e4dba45a777a7b9804
1997,49.925,0.6237,6.3089,True,12,mechanical_001,79d0085777a69b241e0aecfb8f846de17ec9f872695857e4dba45a777a7b9804
1998,49.95,0.6241,6.3271,True,12,mechanical_001,79d0085777a69b241e0aecfb8f846de17ec9f872695857e4dba45a777a7b9804
1999,49.975,0.6244,6.3512,True,12,mechanical_001,79d0085777a69b241e0aecfb8f846de17ec9f872695857e4dba45a777a7b9804
2000,50.0,0.6247,6.3739,True,12,mechanical_001,79d0085777a69b241e0aecfb8f846de17ec9f872695857e4dba45a777a7b9804
2001,50.025,0.6251,6.3926,True,12,mechanical_001,79d0085777a69b241e0aecfb8f846de17ec9f872695857e4dba45a777a7b9804
2002,50.05,0.6254,6.3971,True,12,mechanical_001,79d0085777a69b241e0aecfb8f846de17ec9f872695857e4dba45a777a7b9804
2003,50.075,0.6257,6.3928,True,12,mechanical_001,79d0085777a69b241e0aecfb8f846de17ec9f872695857e4dba45a777a7b9804
2004,50.1,0.626,6.379,True,12,mechanical_001,79d0085777a69b241e0aecfb8f846de17ec9f872695857e4dba45a777a7b9804
2005,50.125,0.6263,6.3644,True,12,mechanical_001,79d0085777a69b241e0aecfb8f846de17ec9f872695857e4dba45a777a7b9804
2006,50.15,0.6266,6.3564,True,12,mechanical_001,79d0085777a69b241e0aecfb8f846de17ec9f872695857e4dba45a777a7b9804
2007,50.175,0.6269,6.3541,True,12,mechanical_001,79d0085777a69b241e0aecfb8f846de17ec9f872695857e4dba45a777a7b9804
2008,50.2,0.6273,6.3557,True,12,mechanical_001,79d0085777a69b241e0aecfb8f846de17ec9f872695857e4dba45a777a7b9804
2009,50.225,0.6276,6.3641,True,12,mechanical_001,79d0085777a69b241e0aecfb8f846de17ec9f872695857e4dba45a777a7b9804
2010,50.25,0.6279,6.3698,True,12,mechanical_001,79d0085777a69b241e0aecfb8f846de17ec9f872695857e4dba45a777a7b9804
2011,50.275,0.6282,6.3722,True,12,mechanical_001,79d0085777a69b241e0aecfb8f846de17ec9f872695857e4dba45a777a7b9804
2012,50.3,0.6285,6.3747,True,12,mechanical_001,79d0085777a69b241e0aecfb8f846de17ec9f872695857e4dba45a777a7b9804
2013,50.325,0.6288,6.3824,True,12,mechanical_001,79d0085777a69b241e0aecfb8f846de17ec9f872695857e4dba45a777a7b9804
2014,50.35,0.6292,6.3963,True,12,mechanical_001,79d0085777a69b241e0aecfb8f846de17ec9f872695857e4dba45a777a7b9804
2015,50.375,0.6295,6.403,True,12,mechanical_001,79d0085777a69b241e0aecfb8f846de17ec9f872695857e4dba45a777a7b9804
2016,50.4,0.6298,6.4084,True,12,mechanical_001,79d0085777a69b241e0aecfb8f846de17ec9f872695857e4dba45a777a7b9804
2017,50.425,0.6301,6.4143,True,12,mechanical_001,79d0085777a69b241e0aecfb8f846de17ec9f872695857e4dba45a777a7b9804
2018,50.45,0.6304,6.4222,True,12,mechanical_001,79d0085777a69b241e0aecfb8f846de17ec9f872695857e4dba45a777a7b9804
2019,50.475,0.6308,6.4307,True,12,mechanical_001,79d0085777a69b241e0aecfb8f846de17ec9f872695857e4dba45a777a7b9804
2020,50.5,0.6311,6.43,True,12,mechanical_001,79d0085777a69b241e0aecfb8f846de17ec9f872695857e4dba45a777a7b9804
2021,50.525,0.6314,6.4239,True,12,mechanical_001,79d0085777a69b241e0aecfb8f846de17ec9f872695857e4dba45a777a7b9804
2022,50.55,0.6317,6.4197,True,12,mechanical_001,79d0085777a69b241e0aecfb8f846de17ec9f872695857e4dba45a777a7b9804
2023,50.575,0.632,6.4155,True,12,mechanical_001,79d0085777a69b241e0aecfb8f846de17ec9f872695857e4dba45a777a7b9804
2024,50.6,0.6323,6.4122,True,12,mechanical_001,79d0085777a69b241e0aecfb8f846de17ec9f872695857e4dba45a777a7b9804
2025,50.625,0.6326,6.4131,True,12,mechanical_001,79d0085777a69b241e0aecfb8f846de17ec9f872695857e4dba45a777a7b9804
2026,50.65,0.6329,6.4188,True,12,mechanical_001,79d0085777a69b241e0aecfb8f846de17ec9f872695857e4dba45a777a7b9804
2027,50.675,0.6332,6.4263,True,12,mechanical_001,79d0085777a69b241e0aecfb8f846de17ec9f872695857e4dba45a777a7b9804
2028,50.7,0.6335,6.4363,True,12,mechanical_001,79d0085777a69b241e0aecfb8f846de17ec9f872695857e4dba45a777a7b9804
2029,50.725,0.6338,6.4538,True,12,mechanical_001,79d0085777a69b241e0aecfb8f846de17ec9f872695857e4dba45a777a7b9804
2030,50.75,0.6341,6.4675,True,12,mechanical_001,79d0085777a69b241e0aecfb8f846de17ec9f872695857e4dba45a777a7b9804
2031,50.775,0.6345,6.4724,True,12,mechanical_001,79d0085777a69b241e0aecfb8f846de17ec9f872695857e4dba45a777a7b9804
2032,50.8,0.6348,6.4741,True,12,mechanical_001,79d0085777a69b241e0aecfb8f846de17ec9f872695857e4dba45a777a7b9804
2033,50.825,0.6351,6.4764,True,12,mechanical_001,79d0085777a69b241e0aecfb8f846de17ec9f872695857e4dba45a777a7b9804
2034,50.85,0.6354,6.4838,True,12,mechanical_001,79d0085777a69b241e0aecfb8f846de17ec9f872695857e4dba45a777a7b9804
2035,50.875,0.6357,6.4923,True,12,mechanical_001,79d0085777a69b241e0aecfb8f846de17ec9f872695857e4dba45a777a7b9804
2036,50.9,0.636,6.5033,True,12,mechanical_001,79d0085777a69b241e0aecfb8f846de17ec9f872695857e4dba45a777a7b9804
2037,50.925,0.6363,6.5127,True,12,mechanical_001,79d0085777a69b241e0aecfb8f846de17ec9f872695857e4dba45a777a7b9804
2038,50.95,0.6366,6.5235,True,12,mechanical_001,79d0085777a69b241e0aecfb8f846de17ec9f872695857e4dba45a777a7b9804
2039,50.975,0.6369,6.5319,True,12,mechanical_001,79d0085777a69b241e0aecfb8f846de17ec9f872695857e4dba45a777a7b9804
2040,51.0,0.6372,6.5408,True,12,mechanical_001,79d0085777a69b241e0aecfb8f846de17ec9f872695857e4dba45a777a7b9804
2041,51.025,0.6375,6.5428,True,12,mechanical_001,79d0085777a69b241e0aecfb8f846de17ec9f872695857e4dba45a777a7b9804
2042,51.05,0.6379,6.5415,True,12,mechanical_001,79d0085777a69b241e0aecfb8f846de17ec9f872695857e4dba45a777a7b9804
2043,51.075,0.6382,6.539,True,12,mechanical_001,79d0085777a69b241e0aecfb8f846de17ec9f872695857e4dba45a777a7b9804
2044,51.1,0.6385,6.54,True,12,mechanical_001,79d0085777a69b241e0aecfb8f846de17ec9f872695857e4dba45a777a7b9804
2045,51.125,0.6387,6.5351,True,12,mechanical_001,79d0085777a69b241e0aecfb8f846de17ec9f872695857e4dba45a777a7b9804
2046,51.15,0.639,6.5235,True,12,mechanical_001,79d0085777a69b241e0aecfb8f846de17ec9f872695857e4dba45a777a7b9804
2047,51.175,0.6393,6.5104,True,12,mechanical_001,79d0085777a69b241e0aecfb8f846de17ec9f872695857e4dba45a777a7b9804
2048,51.2,0.6396,6.497,True,12,mechanical_001,79d0085777a69b241e0aecfb8f846de17ec9f872695857e4dba45a777a7b9804
2049,51.225,0.6399,6.4803,True,12,mechanical_001,79d0085777a69b241e0aecfb8f846de17ec9f872695857e4dba45a777a7b9804
2050,51.25,0.6401,6.4719,True,12,mechanical_001,79d0085777a69b241e0aecfb8f846de17ec9f872695857e4dba45a777a7b9804
2051,51.275,0.6404,6.4845,True,12,mechanical_001,79d0085777a69b241e0aecfb8f846de17ec9f872695857e4dba45a777a7b9804
2052,51.3,0.6407,6.5176,True,12,mechanical_001,79d0085777a69b241e0aecfb8f846de17ec9f872695857e4dba45a777a7b9804
2053,51.325,0.6411,6.5578,True,12,mechanical_001,79d0085777a69b241e0aecfb8f846de17ec9f872695857e4dba45a777a7b9804
2054,51.35,0.6414,6.598,True,12,mechanical_001,79d0085777a69b241e0aecfb8f846de17ec9f872695857e4dba45a777a7b9804
2055,51.375,0.6417,6.6306,True,12,mechanical_001,79d0085777a69b241e0aecfb8f846de17ec9f872695857e4dba45a777a7b9804
2056,51.4,0.642,6.649,True,12,mechanical_001,79d0085777a69b241e0aecfb8f846de17ec9f872695857e4dba45a777a7b9804
2057,51.425,0.6424,6.6586,True,12,mechanical_001,79d0085777a69b241e0aecfb8f846de17ec9f872695857e4dba45a777a7b9804
2058,51.45,0.6427,6.659,True,12,mechanical_001,79d0085777a69b241e0aecfb8f846de17ec9f872695857e4dba45a777a7b9804
2059,51.475,0.643,6.6575,True,12,mechanical_001,79d0085777a69b241e0aecfb8f846de17ec9f872695857e4dba45a777a7b9804
2060,51.5,0.6433,6.6585,True,12,mechanical_001,79d0085777a69b241e0aecfb8f846de17ec9f872695857e4dba45a777a7b9804
2061,51.525,0.6436,6.6648,True,12,mechanical_001,79d0085777a69b241e0aecfb8f846de17ec9f872695857e4dba45a777a7b9804
2062,51.55,0.6439,6.681,True,12,mechanical_001,79d0085777a69b241e0aecfb8f846de17ec9f872695857e4dba45a777a7b9804
2063,51.575,0.6442,6.7086,True,12,mechanical_001,79d0085777a69b241e0aecfb8f846de17ec9f872695857e4dba45a777a7b9804
2064,51.6,0.6445,6.7428,True,12,mechanical_001,79d0085777a69b241e0aecfb8f846de17ec9f872695857e4dba45a777a7b9804
2065,51.625,0.6449,6.7806,True,12,mechanical_001,79d0085777a69b241e0aecfb8f846de17ec9f872695857e4dba45a777a7b9804
2066,51.65,0.6452,6.8141,True,12,mechanical_001,79d0085777a69b241e0aecfb8f846de17ec9f872695857e4dba45a777a7b9804
2067,51.675,0.6455,6.8392,True,12,mechanical_001,79d0085777a69b241e0aecfb8f846de17ec9f872695857e4dba45a777a7b9804
2068,51.7,0.6459,6.8583,True,12,mechanical_001,79d0085777a69b241e0aecfb8f846de17ec9f872695857e4dba45a777a7b9804
2069,51.725,0.6462,6.8772,True,12,mechanical_001,79d0085777a69b241e0aecfb8f846de17ec9f872695857e4dba45a777a7b9804
2070,51.75,0.6465,6.8971,True,12,mechanical_001,79d0085777a69b241e0aecfb8f846de17ec9f872695857e4dba45a777a7b9804
2071,51.775,0.6468,6.9257,True,12,mechanical_001,79d0085777a69b241e0aecfb8f846de17ec9f872695857e4dba45a777a7b9804
2072,51.8,0.6472,6.9541,True,12,mechanical_001,79d0085777a69b241e0aecfb8f846de17ec9f872695857e4dba45a777a7b9804
2073,51.825,0.6475,6.9741,True,12,mechanical_001,79d0085777a69b241e0aecfb8f846de17ec9f872695857e4dba45a777a7b9804
2074,51.85,0.6478,6.9906,True,12,mechanical_001,79d0085777a69b241e0aecfb8f846de17ec9f872695857e4dba45a777a7b9804
2075,51.875,0.6482,7.0052,True,12,mechanical_001,79d0085777a69b241e0aecfb8f846de17ec9f872695857e4dba45a777a7b9804
2076,51.9,0.6485,7.0204,True,12,mechanical_001,79d0085777a69b241e0aecfb8f846de17ec9f872695857e4dba45a777a7b9804
2077,51.925,0.6488,7.0356,True,12,mechanical_001,79d0085777a69b241e0aecfb8f846de17ec9f872695857e4dba45a777a7b9804
2078,51.95,0.6491,7.0428,True,12,mechanical_001,79d0085777a69b241e0aecfb8f846de17ec9f872695857e4dba45a777a7b9804
2079,51.975,0.6494,7.0411,True,12,mechanical_001,79d0085777a69b241e0aecfb8f846de17ec9f872695857e4dba45a777a7b9804
2080,52.0,0.6498,7.0405,True,12,mechanical_001,79d0085777a69b241e0aecfb8f846de17ec9f872695857e4dba45a777a7b9804
2081,52.025,0.6501,7.0356,True,12,mechanical_001,79d0085777a69b241e0aecfb8f846de17ec9f872695857e4dba45a777a7b9804
2082,52.05,0.6504,7.033,True,12,mechanical_001,79d0085777a69b241e0aecfb8f846de17ec9f872695857e4dba45a777a7b9804
2083,52.075,0.6507,7.0367,True,12,mechanical_001,79d0085777a69b241e0aecfb8f846de17ec9f872695857e4dba45a777a7b9804
2084,52.1,0.651,7.0434,True,12,mechanical_001,79d0085777a69b241e0aecfb8f846de17ec9f872695857e4dba45a777a7b9804
2085,52.125,0.6513,7.0544,True,12,mechanical_001,79d0085777a69b241e0aecfb8f846de17ec9f872695857e4dba45a777a7b9804
2086,52.15,0.6516,7.0706,True,12,mechanical_001,79d0085777a69b241e0aecfb8f846de17ec9f872695857e4dba45a777a7b9804
2087,52.175,0.6519,7.084,True,12,mechanical_001,79d0085777a69b241e0aecfb8f846de17ec9f872695857e4dba45a777a7b9804
2088,52.2,0.6522,7.0984,True,12,mechanical_001,79d0085777a69b241e0aecfb8f846de17ec9f872695857e4dba45a777a7b9804
2089,52.225,0.6526,7.11,True,12,mechanical_001,79d0085777a69b241e0aecfb8f846de17ec9f872695857e4dba45a777a7b9804
2090,52.25,0.6529,7.1214,True,12,mechanical_001,79d0085777a69b241e0aecfb8f846de17ec9f872695857e4dba45a777a7b9804
2091,52.275,0.6532,7.1328,True,12,mechanical_001,79d0085777a69b241e0aecfb8f846de17ec9f872695857e4dba45a777a7b9804
2092,52.3,0.6535,7.139,True,12,mechanical_001,79d0085777a69b241e0aecfb8f846de17ec9f872695857e4dba45a777a7b9804
2093,52.325,0.6538,7.1485,True,12,mechanical_001,79d0085777a69b241e0aecfb8f846de17ec9f872695857e4dba45a777a7b9804
2094,52.35,0.6541,7.1568,True,12,mechanical_001,79d0085777a69b241e0aecfb8f846de17ec9f872695857e4dba45a777a7b9804
2095,52.375,0.6545,7.1642,True,12,mechanical_001,79d0085777a69b241e0aecfb8f846de17ec9f872695857e4dba45a777a7b9804
2096,52.4,0.6548,7.1719,True,12,mechanical_001,79d0085777a69b241e0aecfb8f846de17ec9f872695857e4dba45a777a7b9804
2097,52.425,0.6551,7.1795,True,12,mechanical_001,79d0085777a69b241e0aecfb8f846de17ec9f872695857e4dba45a777a7b9804
2098,52.45,0.6554,7.1898,True,12,mechanical_001,79d0085777a69b241e0aecfb8f846de17ec9f872695857e4dba45a777a7b9804
2099,52.475,0.6557,7.2007,True,12,mechanical_001,79d0085777a69b241e0aecfb8f846de17ec9f872695857e4dba45a777a7b9804
2100,52.5,0.656,7.2156,True,12,mechanical_001,79d0085777a69b241e0aecfb8f846de17ec9f872695857e4dba45a777a7b9804
2101,52.525,0.6563,7.2277,True,12,mechanical_001,79d0085777a69b241e0aecfb8f846de17ec9f872695857e4dba45a777a7b9804
2102,52.55,0.6567,7.2439,True,12,mechanical_001,79d0085777a69b241e0aecfb8f846de17ec9f872695857e4dba45a777a7b9804
2103,52.575,0.657,7.2594,True,12,mechanical_001,79d0085777a69b241e0aecfb8f846de17ec9f872695857e4dba45a777a7b9804
2104,52.6,0.6573,7.2772,True,12,mechanical_001,79d0085777a69b241e0aecfb8f846de17ec9f872695857e4dba45a777a7b9804
2105,52.625,0.6576,7.298,True,12,mechanical_001,79d0085777a69b241e0aecfb8f846de17ec9f872695857e4dba45a777a7b9804
2106,52.65,0.6579,7.3189,True,12,mechanical_001,79d0085777a69b241e0aecfb8f846de17ec9f872695857e4dba45a777a7b9804
2107,52.675,0.6583,7.3372,True,12,mechanical_001,79d0085777a69b241e0aecfb8f846de17ec9f872695857e4dba45a777a7b9804
2108,52.7,0.6586,7.3537,True,12,mechanical_001,79d0085777a69b241e0aecfb8f846de17ec9f872695857e4dba45a777a7b9804
2109,52.725,0.6589,7.3744,True,12,mechanical_001,79d0085777a69b241e0aecfb8f846de17ec9f872695857e4dba45a777a7b9804
2110,52.75,0.6592,7.3884,True,12,mechanical_001,79d0085777a69b241e0aecfb8f846de17ec9f872695857e4dba45a777a7b9804
2111,52.775,0.6595,7.3937,True,12,mechanical_001,79d0085777a69b241e0aecfb8f846de17ec9f872695857e4dba45a777a7b9804
2112,52.8,0.6598,7.3956,True,12,mechanical_001,79d0085777a69b241e0aecfb8f846de17ec9f872695857e4dba45a777a7b9804
2113,52.825,0.6601,7.3976,True,12,mechanical_001,79d0085777a69b241e0aecfb8f846de17ec9f872695857e4dba45a777a7b9804
2114,52.85,0.6604,7.3977,True,12,mechanical_001,79d0085777a69b241e0aecfb8f846de17ec9f872695857e4dba45a777a7b9804
2115,52.875,0.6607,7.4016,True,12,mechanical_001,79d0085777a69b241e0aecfb8f846de17ec9f872695857e4dba45a777a7b9804
2116,52.9,0.6611,7.4088,True,12,mechanical_001,79d0085777a69b241e0aecfb8f846de17ec9f872695857e4dba45a777a7b9804
2117,52.925,0.6614,7.4198,True,12,mechanical_001,79d0085777a69b241e0aecfb8f846de17ec9f872695857e4dba45a777a7b9804
2118,52.95,0.6617,7.4348,True,12,mechanical_001,79d0085777a69b241e0aecfb8f846de17ec9f872695857e4dba45a777a7b9804
2119,52.975,0.662,7.4572,True,12,mechanical_001,79d0085777a69b241e0aecfb8f846de17ec9f872695857e4dba45a777a7b9804
2120,53.0,0.6623,7.4793,True,12,mechanical_001,79d0085777a69b241e0aecfb8f846de17ec9f872695857e4dba45a777a7b9804
2121,53.025,0.6626,7.4979,True,12,mechanical_001,79d0085777a69b241e0aecfb8f846de17ec9f872695857e4dba45a777a7b9804
2122,53.05,0.663,7.5115,True,12,mechanical_001,79d0085777a69b241e0aecfb8f846de17ec9f872695857e4dba45a777a7b9804
2123,53.075,0.6633,7.5188,True,12,mechanical_001,79d0085777a69b241e0aecfb8f846de17ec9f872695857e4dba45a777a7b9804
2124,53.1,0.6636,7.5203,True,12,mechanical_001,79d0085777a69b241e0aecfb8f846de17ec9f872695857e4dba45a777a7b9804
2125,53.125,0.6639,7.5148,True,12,mechanical_001,79d0085777a69b241e0aecfb8f846de17ec9f872695857e4dba45a777a7b9804
2126,53.15,0.6642,7.506,True,12,mechanical_001,79d0085777a69b241e0aecfb8f846de17ec9f872695857e4dba45a777a7b9804
2127,53.175,0.6645,7.4963,True,12,mechanical_001,79d0085777a69b241e0aecfb8f846de17ec9f872695857e4dba45a777a7b9804
2128,53.2,0.6648,7.4915,True,12,mechanical_001,79d0085777a69b241e0aecfb8f846de17ec9f872695857e4dba45a777a7b9804
2129,53.225,0.6651,7.4878,True,12,mechanical_001,79d0085777a69b241e0aecfb8f846de17ec9f872695857e4dba45a777a7b9804
2130,53.25,0.6654,7.4955,True,12,mechanical_001,79d0085777a69b241e0aecfb8f846de17ec9f872695857e4dba45a777a7b9804
2131,53.275,0.6657,7.5142,True,12,mechanical_001,79d0085777a69b241e0aecfb8f846de17ec9f872695857e4dba45a777a7b9804
2132,53.3,0.666,7.5341,True,12,mechanical_001,79d0085777a69b241e0aecfb8f846de17ec9f872695857e4dba45a777a7b9804
2133,53.325,0.6663,7.5596,True,12,mechanical_001,79d0085777a69b241e0aecfb8f846de17ec9f872695857e4dba45a777a7b9804
2134,53.35,0.6666,7.5745,True,12,mechanical_001,79d0085777a69b241e0aecfb8f846de17ec9f872695857e4dba45a777a7b9804
2135,53.375,0.667,7.5768,True,12,mechanical_001,79d0085777a69b241e0aecfb8f846de17ec9f872695857e4dba45a777a7b9804
2136,53.4,0.6673,7.578,True,12,mechanical_001,79d0085777a69b241e0aecfb8f846de17ec9f872695857e4dba45a777a7b9804
2137,53.425,0.6676,7.5815,True,12,mechanical_001,79d0085777a69b241e0aecfb8f846de17ec9f872695857e4dba45a777a7b9804
2138,53.45,0.6679,7.5797,True,12,mechanical_001,79d0085777a69b241e0aecfb8f846de17ec9f872695857e4dba45a777a7b9804
2139,53.475,0.6682,7.5795,True,12,mechanical_001,79d0085777a69b241e0aecfb8f846de17ec9f872695857e4dba45a777a7b9804
2140,53.5,0.6685,7.584,True,12,mechanical_001,79d0085777a69b241e0aecfb8f846de17ec9f872695857e4dba45a777a7b9804
2141,53.525,0.6688,7.597,True,12,mechanical_001,79d0085777a69b241e0aecfb8f846de17ec9f872695857e4dba45a777a7b9804
2142,53.55,0.6691,7.6129,True,12,mechanical_001,79d0085777a69b241e0aecfb8f846de17ec9f872695857e4dba45a777a7b9804
2143,53.575,0.6694,7.6286,True,12,mechanical_001,79d0085777a69b241e0aecfb8f846de17ec9f872695857e4dba45a777a7b9804
2144,53.6,0.6698,7.6393,True,12,mechanical_001,79d0085777a69b241e0aecfb8f846de17ec9f872695857e4dba45a777a7b9804
2145,53.625,0.6701,7.6478,True,12,mechanical_001,79d0085777a69b241e0aecfb8f846de17ec9f872695857e4dba45a777a7b9804
2146,53.65,0.6704,7.6501,True,12,mechanical_001,79d0085777a69b241e0aecfb8f846de17ec9f872695857e4dba45a777a7b9804
2147,53.675,0.6707,7.6524,True,12,mechanical_001,79d0085777a69b241e0aecfb8f846de17ec9f872695857e4dba45a777a7b9804
2148,53.7,0.671,7.6546,True,12,mechanical_001,79d0085777a69b241e0aecfb8f846de17ec9f872695857e4dba45a777a7b9804
2149,53.725,0.6713,7.6547,True,12,mechanical_001,79d0085777a69b241e0aecfb8f846de17ec9f872695857e4dba45a777a7b9804
2150,53.75,0.6716,7.6619,True,12,mechanical_001,79d0085777a69b241e0aecfb8f846de17ec9f872695857e4dba45a777a7b9804
2151,53.775,0.672,7.6698,True,12,mechanical_001,79d0085777a69b241e0aecfb8f846de17ec9f872695857e4dba45a777a7b9804
2152,53.8,0.6723,7.6773,True,12,mechanical_001,79d0085777a69b241e0aecfb8f846de17ec9f872695857e4dba45a777a7b9804
2153,53.825,0.6726,7.6796,True,12,mechanical_001,79d0085777a69b241e0aecfb8f846de17ec9f872695857e4dba45a777a7b9804
2154,53.85,0.6729,7.6767,True,12,mechanical_001,79d0085777a69b241e0aecfb8f846de17ec9f872695857e4dba45a777a7b9804
2155,53.875,0.6732,7.6761,True,12,mechanical_001,79d0085777a69b241e0aecfb8f846de17ec9f872695857e4dba45a777a7b9804
2156,53.9,0.6735,7.6786,True,12,mechanical_001,79d0085777a69b241e0aecfb8f846de17ec9f872695857e4dba45a777a7b9804
2157,53.925,0.6738,7.6856,True,12,mechanical_001,79d0085777a69b241e0aecfb8f846de17ec9f872695857e4dba45a777a7b9804
2158,53.95,0.6741,7.6859,True,12,mechanical_001,79d0085777a69b241e0aecfb8f846de17ec9f872695857e4dba45a777a7b9804
2159,53.975,0.6744,7.6811,True,12,mechanical_001,79d0085777a69b241e0aecfb8f846de17ec9f872695857e4dba45a777a7b9804
2160,54.0,0.6747,7.6768,True,12,mechanical_001,79d0085777a69b241e0aecfb8f846de17ec9f872695857e4dba45a777a7b9804
2161,54.025,0.675,7.6803,True,12,mechanical_001,79d0085777a69b241e0aecfb8f846de17ec9f872695857e4dba45a777a7b9804
2162,54.05,0.6753,7.687,True,12,mechanical_001,79d0085777a69b241e0aecfb8f846de17ec9f872695857e4dba45a777a7b9804
2163,54.075,0.6757,7.6951,True,12,mechanical_001,79d0085777a69b241e0aecfb8f846de17ec9f872695857e4dba45a777a7b9804
2164,54.1,0.676,7.7011,True,12,mechanical_001,79d0085777a69b241e0aecfb8f846de17ec9f872695857e4dba45a777a7b9804
2165,54.125,0.6763,7.7022,True,12,mechanical_001,79d0085777a69b241e0aecfb8f846de17ec9f872695857e4dba45a777a7b9804
2166,54.15,0.6766,7.6986,True,12,mechanical_001,79d0085777a69b241e0aecfb8f846de17ec9f872695857e4dba45a777a7b9804
2167,54.175,0.6769,7.6967,True,12,mechanical_001,79d0085777a69b241e0aecfb8f846de17ec9f872695857e4dba45a777a7b9804
2168,54.2,0.6772,7.6928,True,12,mechanical_001,79d0085777a69b241e0aecfb8f846de17ec9f872695857e4dba45a777a7b9804
2169,54.225,0.6775,7.6868,True,12,mechanical_001,79d0085777a69b241e0aecfb8f846de17ec9f872695857e4dba45a777a7b9804
2170,54.25,0.6778,7.6814,True,12,mechanical_001,79d0085777a69b241e0aecfb8f846de17ec9f872695857e4dba45a777a7b9804
2171,54.275,0.6781,7.6738,True,12,mechanical_001,79d0085777a69b241e0aecfb8f846de17ec9f872695857e4dba45a777a7b9804
2172,54.3,0.6784,7.6633,True,12,mechanical_001,79d0085777a69b241e0aecfb8f846de17ec9f872695857e4dba45a777a7b9804
2173,54.325,0.6787,7.6572,True,12,mechanical_001,79d0085777a69b241e0aecfb8f846de17ec9f872695857e4dba45a777a7b9804
2174,54.35,0.679,7.6485,True,12,mechanical_001,79d0085777a69b241e0aecfb8f846de17ec9f872695857e4dba45a777a7b9804
2175,54.375,0.6793,7.6427,True,12,mechanical_001,79d0085777a69b241e0aecfb8f846de17ec9f872695857e4dba45a777a7b9804
2176,54.4,0.6796,7.6362,True,12,mechanical_001,79d0085777a69b241e0aecfb8f846de17ec9f872695857e4dba45a777a7b9804
2177,54.425,0.6799,7.6343,True,12,mechanical_001,79d0085777a69b241e0aecfb8f846de17ec9f872695857e4dba45a777a7b9804
2178,54.45,0.6802,7.6355,True,12,mechanical_001,79d0085777a69b241e0aecfb8f846de17ec9f872695857e4dba45a777a7b9804
2179,54.475,0.6805,7.6391,True,12,mechanical_001,79d0085777a69b241e0aecfb8f846de17ec9f872695857e4dba45a777a7b9804
2180,54.5,0.6808,7.6582,True,12,mechanical_001,79d0085777a69b241e0aecfb8f846de17ec9f872695857e4dba45a777a7b9804
2181,54.525,0.6811,7.6837,True,12,mechanical_001,79d0085777a69b241e0aecfb8f846de17ec9f872695857e4dba45a777a7b9804
2182,54.55,0.6814,7.705,True,12,mechanical_001,79d0085777a69b241e0aecfb8f846de17ec9f872695857e4dba45a777a7b9804
2183,54.575,0.6817,7.7193,True,12,mechanical_001,79d0085777a69b241e0aecfb8f846de17ec9f872695857e4dba45a777a7b9804
2184,54.6,0.682,7.7237,True,12,mechanical_001,79d0085777a69b241e0aecfb8f846de17ec9f872695857e4dba45a777a7b9804
2185,54.625,0.6823,7.7282,True,12,mechanical_001,79d0085777a69b241e0aecfb8f846de17ec9f872695857e4dba45a777a7b9804
2186,54.65,0.6826,7.7369,True,12,mechanical_001,79d0085777a69b241e0aecfb8f846de17ec9f872695857e4dba45a777a7b9804
2187,54.675,0.683,7.7485,True,12,mechanical_001,79d0085777a69b241e0aecfb8f846de17ec9f872695857e4dba45a777a7b9804
2188,54.7,0.6833,7.7594,True,12,mechanical_001,79d0085777a69b241e0aecfb8f846de17ec9f872695857e4dba45a777a7b9804
2189,54.725,0.6836,7.7717,True,12,mechanical_001,79d0085777a69b241e0aecfb8f846de17ec9f872695857e4dba45a777a7b9804
2190,54.75,0.6839,7.7837,True,12,mechanical_001,79d0085777a69b241e0aecfb8f846de17ec9f872695857e4dba45a777a7b9804
2191,54.775,0.6842,7.7996,True,12,mechanical_001,79d0085777a69b241e0aecfb8f846de17ec9f872695857e4dba45a777a7b9804
2192,54.8,0.6845,7.8154,True,12,mechanical_001,79d0085777a69b241e0aecfb8f846de17ec9f872695857e4dba45a777a7b9804
2193,54.825,0.6849,7.829,True,12,mechanical_001,79d0085777a69b241e0aecfb8f846de17ec9f872695857e4dba45a777a7b9804
2194,54.85,0.6852,7.8339,True,12,mechanical_001,79d0085777a69b241e0aecfb8f846de17ec9f872695857e4dba45a777a7b9804
2195,54.875,0.6855,7.8325,True,12,mechanical_001,79d0085777a69b241e0aecfb8f846de17ec9f872695857e4dba45a777a7b9804
2196,54.9,0.6858,7.8311,True,12,mechanical_001,79d0085777a69b241e0aecfb8f846de17ec9f872695857e4dba45a777a7b9804
2197,54.925,0.6861,7.828,True,12,mechanical_001,79d0085777a69b241e0aecfb8f846de17ec9f872695857e4dba45a777a7b9804
2198,54.95,0.6864,7.8274,True,12,mechanical_001,79d0085777a69b241e0aecfb8f846de17ec9f872695857e4dba45a777a7b9804
2199,54.975,0.6867,7.832,True,12,mechanical_001,79d0085777a69b241e0aecfb8f846de17ec9f872695857e4dba45a777a7b9804
2200,55.0,0.687,7.8376,True,12,mechanical_001,79d0085777a69b241e0aecfb8f846de17ec9f872695857e4dba45a777a7b9804
2201,55.025,0.6873,7.8383,True,12,mechanical_001,79d0085777a69b241e0aecfb8f846de17ec9f872695857e4dba45a777a7b9804
2202,55.05,0.6877,7.836,True,12,mechanical_001,79d0085777a69b241e0aecfb8f846de17ec9f872695857e4dba45a777a7b9804
2203,55.075,0.688,7.8372,True,12,mechanical_001,79d0085777a69b241e0aecfb8f846de17ec9f872695857e4dba45a777a7b9804
2204,55.1,0.6883,7.837,True,12,mechanical_001,79d0085777a69b241e0aecfb8f846de17ec9f872695857e4dba45a777a7b9804
2205,55.125,0.6886,7.8443,True,12,mechanical_001,79d0085777a69b241e0aecfb8f846de17ec9f872695857e4dba45a777a7b9804
2206,55.15,0.6889,7.8521,True,12,mechanical_001,79d0085777a69b241e0aecfb8f846de17ec9f872695857e4dba45a777a7b9804
2207,55.175,0.6892,7.8616,True,12,mechanical_001,79d0085777a69b241e0aecfb8f846de17ec9f872695857e4dba45a777a7b9804
2208,55.2,0.6895,7.8633,True,12,mechanical_001,79d0085777a69b241e0aecfb8f846de17ec9f872695857e4dba45a777a7b9804
2209,55.225,0.6899,7.8625,True,12,mechanical_001,79d0085777a69b241e0aecfb8f846de17ec9f872695857e4dba45a777a7b9804
2210,55.25,0.6902,7.8604,True,12,mechanical_001,79d0085777a69b241e0aecfb8f846de17ec9f872695857e4dba45a777a7b9804
2211,55.275,0.6905,7.8587,True,12,mechanical_001,79d0085777a69b241e0aecfb8f846de17ec9f872695857e4dba45a777a7b9804
2212,55.3,0.6908,7.8633,True,12,mechanical_001,79d0085777a69b241e0aecfb8f846de17ec9f872695857e4dba45a777a7b9804
2213,55.325,0.6911,7.8665,True,12,mechanical_001,79d0085777a69b241e0aecfb8f846de17ec9f872695857e4dba45a777a7b9804
2214,55.35,0.6914,7.8691,True,12,mechanical_001,79d0085777a69b241e0aecfb8f846de17ec9f872695857e4dba45a777a7b9804
2215,55.375,0.6917,7.8736,True,12,mechanical_001,79d0085777a69b241e0aecfb8f846de17ec9f872695857e4dba45a777a7b9804
2216,55.4,0.692,7.8797,True,12,mechanical_001,79d0085777a69b241e0aecfb8f846de17ec9f872695857e4dba45a777a7b9804
2217,55.425,0.6923,7.885,True,12,mechanical_001,79d0085777a69b241e0aecfb8f846de17ec9f872695857e4dba45a777a7b9804
2218,55.45,0.6927,7.8908,True,12,mechanical_001,79d0085777a69b241e0aecfb8f846de17ec9f872695857e4dba45a777a7b9804
2219,55.475,0.693,7.897,True,12,mechanical_001,79d0085777a69b241e0aecfb8f846de17ec9f872695857e4dba45a777a7b9804
2220,55.5,0.6933,7.9014,True,12,mechanical_001,79d0085777a69b241e0aecfb8f846de17ec9f872695857e4dba45a777a7b9804
2221,55.525,0.6936,7.9065,True,12,mechanical_001,79d0085777a69b241e0aecfb8f846de17ec9f872695857e4dba45a777a7b9804
2222,55.55,0.6939,7.9133,True,12,mechanical_001,79d0085777a69b241e0aecfb8f846de17ec9f872695857e4dba45a777a7b9804
2223,55.575,0.6942,7.9225,True,12,mechanical_001,79d0085777a69b241e0aecfb8f846de17ec9f872695857e4dba45a777a7b9804
2224,55.6,0.6945,7.9285,True,12,mechanical_001,79d0085777a69b241e0aecfb8f846de17ec9f872695857e4dba45a777a7b9804
2225,55.625,0.6949,7.9347,True,12,mechanical_001,79d0085777a69b241e0aecfb8f846de17ec9f872695857e4dba45a777a7b9804
2226,55.65,0.6952,7.9437,True,12,mechanical_001,79d0085777a69b241e0aecfb8f846de17ec9f872695857e4dba45a777a7b9804
2227,55.675,0.6955,7.9541,True,12,mechanical_001,79d0085777a69b241e0aecfb8f846de17ec9f872695857e4dba45a777a7b9804
2228,55.7,0.6958,7.9626,True,12,mechanical_001,79d0085777a69b241e0aecfb8f846de17ec9f872695857e4dba45a777a7b9804
2229,55.725,0.6961,7.9687,True,12,mechanical_001,79d0085777a69b241e0aecfb8f846de17ec9f872695857e4dba45a777a7b9804
2230,55.75,0.6964,7.9759,True,12,mechanical_001,79d0085777a69b241e0aecfb8f846de17ec9f872695857e4dba45a777a7b9804
2231,55.775,0.6967,7.9842,True,12,mechanical_001,79d0085777a69b241e0aecfb8f846de17ec9f872695857e4dba45a777a7b9804
2232,55.8,0.6971,7.9958,True,12,mechanical_001,79d0085777a69b241e0aecfb8f846de17ec9f872695857e4dba45a777a7b9804
2233,55.825,0.6974,8.0062,True,12,mechanical_001,79d0085777a69b241e0aecfb8f846de17ec9f872695857e4dba45a777a7b9804
2234,55.85,0.6977,8.0182,True,12,mechanical_001,79d0085777a69b241e0aecfb8f846de17ec9f872695857e4dba45a777a7b9804
2235,55.875,0.698,8.0332,True,12,mechanical_001,79d0085777a69b241e0aecfb8f846de17ec9f872695857e4dba45a777a7b9804
2236,55.9,0.6983,8.046,True,12,mechanical_001,79d0085777a69b241e0aecfb8f846de17ec9f872695857e4dba45a777a7b9804
2237,55.925,0.6986,8.0548,True,12,mechanical_001,79d0085777a69b241e0aecfb8f846de17ec9f872695857e4dba45a777a7b9804
2238,55.95,0.6989,8.0547,True,12,mechanical_001,79d0085777a69b241e0aecfb8f846de17ec9f872695857e4dba45a777a7b9804
2239,55.975,0.6993,8.0573,True,12,mechanical_001,79d0085777a69b241e0aecfb8f846de17ec9f872695857e4dba45a777a7b9804
2240,56.0,0.6996,8.0616,True,12,mechanical_001,79d0085777a69b241e0aecfb8f846de17ec9f872695857e4dba45a777a7b9804
2241,56.025,0.6999,8.0688,True,12,mechanical_001,79d0085777a69b241e0aecfb8f846de17ec9f872695857e4dba45a777a7b9804
2242,56.05,0.7002,8.0853,True,12,mechanical_001,79d0085777a69b241e0aecfb8f846de17ec9f872695857e4dba45a777a7b9804
2243,56.075,0.7005,8.1015,True,12,mechanical_001,79d0085777a69b241e0aecfb8f846de17ec9f872695857e4dba45a777a7b9804
2244,56.1,0.7008,8.1215,True,12,mechanical_001,79d0085777a69b241e0aecfb8f846de17ec9f872695857e4dba45a777a7b9804
2245,56.125,0.7011,8.1409,True,12,mechanical_001,79d0085777a69b241e0aecfb8f846de17ec9f872695857e4dba45a777a7b9804
2246,56.15,0.7014,8.1538,True,12,mechanical_001,79d0085777a69b241e0aecfb8f846de17ec9f872695857e4dba45a777a7b9804
2247,56.175,0.7017,8.1653,True,12,mechanical_001,79d0085777a69b241e0aecfb8f846de17ec9f872695857e4dba45a777a7b9804
2248,56.2,0.7021,8.1743,True,12,mechanical_001,79d0085777a69b241e0aecfb8f846de17ec9f872695857e4dba45a777a7b9804
2249,56.225,0.7024,8.1838,True,12,mechanical_001,79d0085777a69b241e0aecfb8f846de17ec9f872695857e4dba45a777a7b9804
2250,56.25,0.7027,8.1964,True,12,mechanical_001,79d0085777a69b241e0aecfb8f846de17ec9f872695857e4dba45a777a7b9804
2251,56.275,0.703,8.2179,True,12,mechanical_001,79d0085777a69b241e0aecfb8f846de17ec9f872695857e4dba45a777a7b9804
2252,56.3,0.7033,8.2391,True,12,mechanical_001,79d0085777a69b241e0aecfb8f846de17ec9f872695857e4dba45a777a7b9804
2253,56.325,0.7036,8.2609,True,12,mechanical_001,79d0085777a69b241e0aecfb8f846de17ec9f872695857e4dba45a777a7b9804
2254,56.35,0.7039,8.2797,True,12,mechanical_001,79d0085777a69b241e0aecfb8f846de17ec9f872695857e4dba45a777a7b9804
2255,56.375,0.7042,8.298,True,12,mechanical_001,79d0085777a69b241e0aecfb8f846de17ec9f872695857e4dba45a777a7b9804
2256,56.4,0.7046,8.3163,True,12,mechanical_001,79d0085777a69b241e0aecfb8f846de17ec9f872695857e4dba45a777a7b9804
2257,56.425,0.7049,8.3349,True,12,mechanical_001,79d0085777a69b241e0aecfb8f846de17ec9f872695857e4dba45a777a7b9804
2258,56.45,0.7052,8.3514,True,12,mechanical_001,79d0085777a69b241e0aecfb8f846de17ec9f872695857e4dba45a777a7b9804
2259,56.475,0.7055,8.3715,True,12,mechanical_001,79d0085777a69b241e0aecfb8f846de17ec9f872695857e4dba45a777a7b9804
2260,56.5,0.7058,8.391,True,12,mechanical_001,79d0085777a69b241e0aecfb8f846de17ec9f872695857e4dba45a777a7b9804
2261,56.525,0.7061,8.4089,True,12,mechanical_001,79d0085777a69b241e0aecfb8f846de17ec9f872695857e4dba45a777a7b9804
2262,56.55,0.7064,8.4188,True,12,mechanical_001,79d0085777a69b241e0aecfb8f846de17ec9f872695857e4dba45a777a7b9804
2263,56.575,0.7067,8.4235,True,12,mechanical_001,79d0085777a69b241e0aecfb8f846de17ec9f872695857e4dba45a777a7b9804
2264,56.6,0.707,8.424,True,12,mechanical_001,79d0085777a69b241e0aecfb8f846de17ec9f872695857e4dba45a777a7b9804
2265,56.625,0.7073,8.4175,True,12,mechanical_001,79d0085777a69b241e0aecfb8f846de17ec9f872695857e4dba45a777a7b9804
2266,56.65,0.7076,8.4142,True,12,mechanical_001,79d0085777a69b241e0aecfb8f846de17ec9f872695857e4dba45a777a7b9804
2267,56.675,0.7079,8.4169,True,12,mechanical_001,79d0085777a69b241e0aecfb8f846de17ec9f872695857e4dba45a777a7b9804
2268,56.7,0.7082,8.4266,True,12,mechanical_001,79d0085777a69b241e0aecfb8f846de17ec9f872695857e4dba45a777a7b9804
2269,56.725,0.7085,8.4523,True,12,mechanical_001,79d0085777a69b241e0aecfb8f846de17ec9f872695857e4dba45a777a7b9804
2270,56.75,0.7088,8.4892,True,12,mechanical_001,79d0085777a69b241e0aecfb8f846de17ec9f872695857e4dba45a777a7b9804
2271,56.775,0.7092,8.5261,True,12,mechanical_001,79d0085777a69b241e0aecfb8f846de17ec9f872695857e4dba45a777a7b9804
2272,56.8,0.7095,8.5635,True,12,mechanical_001,79d0085777a69b241e0aecfb8f846de17ec9f872695857e4dba45a777a7b9804
2273,56.825,0.7098,8.5908,True,12,mechanical_001,79d0085777a69b241e0aecfb8f846de17ec9f872695857e4dba45a777a7b9804
2274,56.85,0.7102,8.6034,True,12,mechanical_001,79d0085777a69b241e0aecfb8f846de17ec9f872695857e4dba45a777a7b9804
2275,56.875,0.7105,8.6071,True,12,mechanical_001,79d0085777a69b241e0aecfb8f846de17ec9f872695857e4dba45a777a7b9804
2276,56.9,0.7108,8.6067,True,12,mechanical_001,79d0085777a69b241e0aecfb8f846de17ec9f872695857e4dba45a777a7b9804
2277,56.925,0.7111,8.602,True,12,mechanical_001,79d0085777a69b241e0aecfb8f846de17ec9f872695857e4dba45a777a7b9804
2278,56.95,0.7114,8.5944,True,12,mechanical_001,79d0085777a69b241e0aecfb8f846de17ec9f872695857e4dba45a777a7b9804
2279,56.975,0.7117,8.5847,True,12,mechanical_001,79d0085777a69b241e0aecfb8f846de17ec9f872695857e4dba45a777a7b9804
2280,57.0,0.712,8.5774,True,12,mechanical_001,79d0085777a69b241e0aecfb8f846de17ec9f872695857e4dba45a777a7b9804
2281,57.025,0.7123,8.5716,True,12,mechanical_001,79d0085777a69b241e0aecfb8f846de17ec9f872695857e4dba45a777a7b9804
2282,57.05,0.7126,8.5768,True,12,mechanical_001,79d0085777a69b241e0aecfb8f846de17ec9f872695857e4dba45a777a7b9804
2283,57.075,0.7129,8.587,True,12,mechanical_001,79d0085777a69b241e0aecfb8f846de17ec9f872695857e4dba45a777a7b9804
2284,57.1,0.7132,8.603,True,12,mechanical_001,79d0085777a69b241e0aecfb8f846de17ec9f872695857e4dba45a777a7b9804
2285,57.125,0.7135,8.6255,True,12,mechanical_001,79d0085777a69b241e0aecfb8f846de17ec9f872695857e4dba45a777a7b9804
2286,57.15,0.7139,8.6555,True,12,mechanical_001,79d0085777a69b241e0aecfb8f846de17ec9f872695857e4dba45a777a7b9804
2287,57.175,0.7142,8.6837,True,12,mechanical_001,79d0085777a69b241e0aecfb8f846de17ec9f872695857e4dba45a777a7b9804
2288,57.2,0.7145,8.7095,True,12,mechanical_001,79d0085777a69b241e0aecfb8f846de17ec9f872695857e4dba45a777a7b9804
2289,57.225,0.7148,8.73,True,12,mechanical_001,79d0085777a69b241e0aecfb8f846de17ec9f872695857e4dba45a777a7b9804
2290,57.25,0.7152,8.7448,True,12,mechanical_001,79d0085777a69b241e0aecfb8f846de17ec9f872695857e4dba45a777a7b9804
2291,57.275,0.7155,8.7535,True,12,mechanical_001,79d0085777a69b241e0aecfb8f846de17ec9f872695857e4dba45a777a7b9804
2292,57.3,0.7158,8.7561,True,12,mechanical_001,79d0085777a69b241e0aecfb8f846de17ec9f872695857e4dba45a777a7b9804
2293,57.325,0.7161,8.7523,True,12,mechanical_001,79d0085777a69b241e0aecfb8f846de17ec9f872695857e4dba45a777a7b9804
2294,57.35,0.7164,8.7496,True,12,mechanical_001,79d0085777a69b241e0aecfb8f846de17ec9f872695857e4dba45a777a7b9804
2295,57.375,0.7167,8.7501,True,12,mechanical_001,79d0085777a69b241e0aecfb8f846de17ec9f872695857e4dba45a777a7b9804
2296,57.4,0.7171,8.7566,True,12,mechanical_001,79d0085777a69b241e0aecfb8f846de17ec9f872695857e4dba45a777a7b9804
2297,57.425,0.7174,8.7621,True,12,mechanical_001,79d0085777a69b241e0aecfb8f846de17ec9f872695857e4dba45a777a7b9804
2298,57.45,0.7177,8.7696,True,12,mechanical_001,79d0085777a69b241e0aecfb8f846de17ec9f872695857e4dba45a777a7b9804
2299,57.475,0.718,8.7772,True,12,mechanical_001,79d0085777a69b241e0aecfb8f846de17ec9f872695857e4dba45a777a7b9804
2300,57.5,0.7183,8.7892,True,12,mechanical_001,79d0085777a69b241e0aecfb8f846de17ec9f872695857e4dba45a777a7b9804
2301,57.525,0.7186,8.797,True,12,mechanical_001,79d0085777a69b241e0aecfb8f846de17ec9f872695857e4dba45a777a7b9804
2302,57.55,0.7189,8.8016,True,12,mechanical_001,79d0085777a69b241e0aecfb8f846de17ec9f872695857e4dba45a777a7b9804
2303,57.575,0.7192,8.8065,True,12,mechanical_001,79d0085777a69b241e0aecfb8f846de17ec9f872695857e4dba45a777a7b9804
2304,57.6,0.7195,8.8127,True,12,mechanical_001,79d0085777a69b241e0aecfb8f846de17ec9f872695857e4dba45a777a7b9804
2305,57.625,0.7199,8.82,True,12,mechanical_001,79d0085777a69b241e0aecfb8f846de17ec9f872695857e4dba45a777a7b9804
2306,57.65,0.7202,8.8226,True,12,mechanical_001,79d0085777a69b241e0aecfb8f846de17ec9f872695857e4dba45a777a7b9804
2307,57.675,0.7205,8.8191,True,12,mechanical_001,79d0085777a69b241e0aecfb8f846de17ec9f872695857e4dba45a777a7b9804
2308,57.7,0.7208,8.8139,True,12,mechanical_001,79d0085777a69b241e0aecfb8f846de17ec9f872695857e4dba45a777a7b9804
2309,57.725,0.7211,8.81,True,12,mechanical_001,79d0085777a69b241e0aecfb8f846de17ec9f872695857e4dba45a777a7b9804
2310,57.75,0.7214,8.8083,True,12,mechanical_001,79d0085777a69b241e0aecfb8f846de17ec9f872695857e4dba45a777a7b9804
2311,57.775,0.7217,8.8051,True,12,mechanical_001,79d0085777a69b241e0aecfb8f846de17ec9f872695857e4dba45a777a7b9804
2312,57.8,0.722,8.8093,True,12,mechanical_001,79d0085777a69b241e0aecfb8f846de17ec9f872695857e4dba45a777a7b9804
2313,57.825,0.7223,8.8154,True,12,mechanical_001,79d0085777a69b241e0aecfb8f846de17ec9f872695857e4dba45a777a7b9804
2314,57.85,0.7226,8.8226,True,12,mechanical_001,79d0085777a69b241e0aecfb8f846de17ec9f872695857e4dba45a777a7b9804
2315,57.875,0.7229,8.8316,True,12,mechanical_001,79d0085777a69b241e0aecfb8f846de17ec9f872695857e4dba45a777a7b9804
2316,57.9,0.7232,8.8389,True,12,mechanical_001,79d0085777a69b241e0aecfb8f846de17ec9f872695857e4dba45a777a7b9804
2317,57.925,0.7235,8.8474,True,12,mechanical_001,79d0085777a69b241e0aecfb8f846de17ec9f872695857e4dba45a777a7b9804
2318,57.95,0.7238,8.8591,True,12,mechanical_001,79d0085777a69b241e0aecfb8f846de17ec9f872695857e4dba45a777a7b9804
2319,57.975,0.7241,8.8749,True,12,mechanical_001,79d0085777a69b241e0aecfb8f846de17ec9f872695857e4dba45a777a7b9804
2320,58.0,0.7244,8.8971,True,12,mechanical_001,79d0085777a69b241e0aecfb8f846de17ec9f872695857e4dba45a777a7b9804
2321,58.025,0.7248,8.9211,True,12,mechanical_001,79d0085777a69b241e0aecfb8f846de17ec9f872695857e4dba45a777a7b9804
2322,58.05,0.7251,8.9527,True,12,mechanical_001,79d0085777a69b241e0aecfb8f846de17ec9f872695857e4dba45a777a7b9804
2323,58.075,0.7254,8.9862,True,12,mechanical_001,79d0085777a69b241e0aecfb8f846de17ec9f872695857e4dba45a777a7b9804
2324,58.1,0.7258,9.0201,True,12,mechanical_001,79d0085777a69b241e0aecfb8f846de17ec9f872695857e4dba45a777a7b9804
2325,58.125,0.7261,9.0587,True,12,mechanical_001,79d0085777a69b241e0aecfb8f846de17ec9f872695857e4dba45a777a7b9804
2326,58.15,0.7264,9.0989,True,12,mechanical_001,79d0085777a69b241e0aecfb8f846de17ec9f872695857e4dba45a777a7b9804
2327,58.175,0.7268,9.1325,True,12,mechanical_001,79d0085777a69b241e0aecfb8f846de17ec9f872695857e4dba45a777a7b9804
2328,58.2,0.7271,9.1564,True,12,mechanical_001,79d0085777a69b241e0aecfb8f846de17ec9f872695857e4dba45a777a7b9804
2329,58.225,0.7274,9.1698,True,12,mechanical_001,79d0085777a69b241e0aecfb8f846de17ec9f872695857e4dba45a777a7b9804
2330,58.25,0.7277,9.1781,True,12,mechanical_001,79d0085777a69b241e0aecfb8f846de17ec9f872695857e4dba45a777a7b9804
2331,58.275,0.7281,9.1902,True,12,mechanical_001,79d0085777a69b241e0aecfb8f846de17ec9f872695857e4dba45a777a7b9804
2332,58.3,0.7284,9.2077,True,12,mechanical_001,79d0085777a69b241e0aecfb8f846de17ec9f872695857e4dba45a777a7b9804
2333,58.325,0.7287,9.2256,True,12,mechanical_001,79d0085777a69b241e0aecfb8f846de17ec9f872695857e4dba45a777a7b9804
2334,58.35,0.729,9.2445,True,12,mechanical_001,79d0085777a69b241e0aecfb8f846de17ec9f872695857e4dba45a777a7b9804
2335,58.375,0.7294,9.2672,True,12,mechanical_001,79d0085777a69b241e0aecfb8f846de17ec9f872695857e4dba45a777a7b9804
2336,58.4,0.7297,9.2973,True,12,mechanical_001,79d0085777a69b241e0aecfb8f846de17ec9f872695857e4dba45a777a7b9804
2337,58.425,0.7301,9.3353,True,12,mechanical_001,79d0085777a69b241e0aecfb8f846de17ec9f872695857e4dba45a777a7b9804
2338,58.45,0.7304,9.3683,True,12,mechanical_001,79d0085777a69b241e0aecfb8f846de17ec9f872695857e4dba45a777a7b9804
2339,58.475,0.7307,9.3923,True,12,mechanical_001,79d0085777a69b241e0aecfb8f846de17ec9f872695857e4dba45a777a7b9804
2340,58.5,0.7311,9.4008,True,12,mechanical_001,79d0085777a69b241e0aecfb8f846de17ec9f872695857e4dba45a777a7b9804
2341,58.525,0.7314,9.4047,True,12,mechanical_001,79d0085777a69b241e0aecfb8f846de17ec9f872695857e4dba45a777a7b9804
2342,58.55,0.7317,9.4017,True,12,mechanical_001,79d0085777a69b241e0aecfb8f846de17ec9f872695857e4dba45a777a7b9804
2343,58.575,0.732,9.3964,True,12,mechanical_001,79d0085777a69b241e0aecfb8f846de17ec9f872695857e4dba45a777a7b9804
2344,58.6,0.7323,9.3894,True,12,mechanical_001,79d0085777a69b241e0aecfb8f846de17ec9f872695857e4dba45a777a7b9804
2345,58.625,0.7326,9.3826,True,12,mechanical_001,79d0085777a69b241e0aecfb8f846de17ec9f872695857e4dba45a777a7b9804
2346,58.65,0.7329,9.3723,True,12,mechanical_001,79d0085777a69b241e0aecfb8f846de17ec9f872695857e4dba45a777a7b9804
2347,58.675,0.7332,9.3645,True,12,mechanical_001,79d0085777a69b241e0aecfb8f846de17ec9f872695857e4dba45a777a7b9804
2348,58.7,0.7335,9.3634,True,12,mechanical_001,79d0085777a69b241e0aecfb8f846de17ec9f872695857e4dba45a777a7b9804
2349,58.725,0.7338,9.3669,True,12,mechanical_001,79d0085777a69b241e0aecfb8f846de17ec9f872695857e4dba45a777a7b9804
2350,58.75,0.7341,9.3717,True,12,mechanical_001,79d0085777a69b241e0aecfb8f846de17ec9f872695857e4dba45a777a7b9804
2351,58.775,0.7345,9.3846,True,12,mechanical_001,79d0085777a69b241e0aecfb8f846de17ec9f872695857e4dba45a777a7b9804
2352,58.8,0.7348,9.401,True,12,mechanical_001,79d0085777a69b241e0aecfb8f846de17ec9f872695857e4dba45a777a7b9804
2353,58.825,0.7351,9.4145,True,12,mechanical_001,79d0085777a69b241e0aecfb8f846de17ec9f872695857e4dba45a777a7b9804
2354,58.85,0.7354,9.4243,True,12,mechanical_001,79d0085777a69b241e0aecfb8f846de17ec9f872695857e4dba45a777a7b9804
2355,58.875,0.7357,9.4345,True,12,mechanical_001,79d0085777a69b241e0aecfb8f846de17ec9f872695857e4dba45a777a7b9804
2356,58.9,0.736,9.4408,True,12,mechanical_001,79d0085777a69b241e0aecfb8f846de17ec9f872695857e4dba45a777a7b9804
2357,58.925,0.7363,9.4452,True,12,mechanical_001,79d0085777a69b241e0aecfb8f846de17ec9f872695857e4dba45a777a7b9804
2358,58.95,0.7366,9.449,True,12,mechanical_001,79d0085777a69b241e0aecfb8f846de17ec9f872695857e4dba45a777a7b9804
2359,58.975,0.737,9.4573,True,12,mechanical_001,79d0085777a69b241e0aecfb8f846de17ec9f872695857e4dba45a777a7b9804
2360,59.0,0.7373,9.4631,True,12,mechanical_001,79d0085777a69b241e0aecfb8f846de17ec9f872695857e4dba45a777a7b9804
2361,59.025,0.7376,9.4693,True,12,mechanical_001,79d0085777a69b241e0aecfb8f846de17ec9f872695857e4dba45a777a7b9804
2362,59.05,0.7379,9.4766,True,12,mechanical_001,79d0085777a69b241e0aecfb8f846de17ec9f872695857e4dba45a777a7b9804
2363,59.075,0.7382,9.4802,True,12,mechanical_001,79d0085777a69b241e0aecfb8f846de17ec9f872695857e4dba45a777a7b9804
2364,59.1,0.7385,9.4844,True,12,mechanical_001,79d0085777a69b241e0aecfb8f846de17ec9f872695857e4dba45a777a7b9804
2365,59.125,0.7388,9.4859,True,12,mechanical_001,79d0085777a69b241e0aecfb8f846de17ec9f872695857e4dba45a777a7b9804
2366,59.15,0.7391,9.4891,True,12,mechanical_001,79d0085777a69b241e0aecfb8f846de17ec9f872695857e4dba45a777a7b9804
2367,59.175,0.7394,9.4941,True,12,mechanical_001,79d0085777a69b241e0aecfb8f846de17ec9f872695857e4dba45a777a7b9804
2368,59.2,0.7397,9.5042,True,12,mechanical_001,79d0085777a69b241e0aecfb8f846de17ec9f872695857e4dba45a777a7b9804
2369,59.225,0.7401,9.5116,True,12,mechanical_001,79d0085777a69b241e0aecfb8f846de17ec9f872695857e4dba45a777a7b9804
2370,59.25,0.7404,9.5231,True,12,mechanical_001,79d0085777a69b241e0aecfb8f846de17ec9f872695857e4dba45a777a7b9804
2371,59.275,0.7407,9.5354,True,12,mechanical_001,79d0085777a69b241e0aecfb8f846de17ec9f872695857e4dba45a777a7b9804
2372,59.3,0.741,9.5428,True,12,mechanical_001,79d0085777a69b241e0aecfb8f846de17ec9f872695857e4dba45a777a7b9804
2373,59.325,0.7413,9.5418,True,12,mechanical_001,79d0085777a69b241e0aecfb8f846de17ec9f872695857e4dba45a777a7b9804
2374,59.35,0.7416,9.5323,True,12,mechanical_001,79d0085777a69b241e0aecfb8f846de17ec9f872695857e4dba45a777a7b9804
2375,59.375,0.7419,9.52,True,12,mechanical_001,79d0085777a69b241e0aecfb8f846de17ec9f872695857e4dba45a777a7b9804
2376,59.4,0.7422,9.5119,True,12,mechanical_001,79d0085777a69b241e0aecfb8f846de17ec9f872695857e4dba45a777a7b9804
2377,59.425,0.7425,9.5096,True,12,mechanical_001,79d0085777a69b241e0aecfb8f846de17ec9f872695857e4dba45a777a7b9804
2378,59.45,0.7428,9.5074,True,12,mechanical_001,79d0085777a69b241e0aecfb8f846de17ec9f872695857e4dba45a777a7b9804
2379,59.475,0.7431,9.5081,True,12,mechanical_001,79d0085777a69b241e0aecfb8f846de17ec9f872695857e4dba45a777a7b9804
2380,59.5,0.7434,9.513,True,12,mechanical_001,79d0085777a69b241e0aecfb8f846de17ec9f872695857e4dba45a777a7b9804
2381,59.525,0.7437,9.5154,True,12,mechanical_001,79d0085777a69b241e0aecfb8f846de17ec9f872695857e4dba45a777a7b9804
2382,59.55,0.744,9.5165,True,12,mechanical_001,79d0085777a69b241e0aecfb8f846de17ec9f872695857e4dba45a777a7b9804
2383,59.575,0.7443,9.517,True,12,mechanical_001,79d0085777a69b241e0aecfb8f846de17ec9f872695857e4dba45a777a7b9804
2384,59.6,0.7447,9.5138,True,12,mechanical_001,79d0085777a69b241e0aecfb8f846de17ec9f872695857e4dba45a777a7b9804
2385,59.625,0.745,9.512,True,12,mechanical_001,79d0085777a69b241e0aecfb8f846de17ec9f872695857e4dba45a777a7b9804
2386,59.65,0.7453,9.517,True,12,mechanical_001,79d0085777a69b241e0aecfb8f846de17ec9f872695857e4dba45a777a7b9804
2387,59.675,0.7456,9.5175,True,12,mechanical_001,79d0085777a69b241e0aecfb8f846de17ec9f872695857e4dba45a777a7b9804
2388,59.7,0.7459,9.5145,True,12,mechanical_001,79d0085777a69b241e0aecfb8f846de17ec9f872695857e4dba45a777a7b9804
2389,59.725,0.7462,9.5099,True,12,mechanical_001,79d0085777a69b241e0aecfb8f846de17ec9f872695857e4dba45a777a7b9804
2390,59.75,0.7465,9.5063,True,12,mechanical_001,79d0085777a69b241e0aecfb8f846de17ec9f872695857e4dba45a777a7b9804
2391,59.775,0.7468,9.5076,True,12,mechanical_001,79d0085777a69b241e0aecfb8f846de17ec9f872695857e4dba45a777a7b9804
2392,59.8,0.7471,9.5113,True,12,mechanical_001,79d0085777a69b241e0aecfb8f846de17ec9f872695857e4dba45a777a7b9804
2393,59.825,0.7474,9.5146,True,12,mechanical_001,79d0085777a69b241e0aecfb8f846de17ec9f872695857e4dba45a777a7b9804
2394,59.85,0.7477,9.5247,True,12,mechanical_001,79d0085777a69b241e0aecfb8f846de17ec9f872695857e4dba45a777a7b9804
2395,59.875,0.748,9.5326,True,12,mechanical_001,79d0085777a69b241e0aecfb8f846de17ec9f872695857e4dba45a777a7b9804
2396,59.9,0.7483,9.5414,True,12,mechanical_001,79d0085777a69b241e0aecfb8f846de17ec9f872695857e4dba45a777a7b9804
2397,59.925,0.7486,9.5515,True,12,mechanical_001,79d0085777a69b241e0aecfb8f846de17ec9f872695857e4dba45a777a7b9804
2398,59.95,0.749,9.5623,True,12,mechanical_001,79d0085777a69b241e0aecfb8f846de17ec9f872695857e4dba45a777a7b9804
2399,59.975,0.7493,9.5687,True,12,mechanical_001,79d0085777a69b241e0aecfb8f846de17ec9f872695857e4dba45a777a7b9804
2400,60.0,0.7496,9.5674,True,12,mechanical_001,79d0085777a69b241e0aecfb8f846de17ec9f872695857e4dba45a777a7b9804
2401,60.025,0.7499,9.5602,True,12,mechanical_001,79d0085777a69b241e0aecfb8f846de17ec9f872695857e4dba45a777a7b9804
2402,60.05,0.7502,9.56,True,12,mechanical_001,79d0085777a69b241e0aecfb8f846de17ec9f872695857e4dba45a777a7b9804
2403,60.075,0.7505,9.5648,True,12,mechanical_001,79d0085777a69b241e0aecfb8f846de17ec9f872695857e4dba45a777a7b9804
2404,60.1,0.7508,9.566,True,12,mechanical_001,79d0085777a69b241e0aecfb8f846de17ec9f872695857e4dba45a777a7b9804
2405,60.125,0.7511,9.5676,True,12,mechanical_001,79d0085777a69b241e0aecfb8f846de17ec9f872695857e4dba45a777a7b9804
2406,60.15,0.7514,9.5668,True,12,mechanical_001,79d0085777a69b241e0aecfb8f846de17ec9f872695857e4dba45a777a7b9804
2407,60.175,0.7517,9.5559,True,12,mechanical_001,79d0085777a69b241e0aecfb8f846de17ec9f872695857e4dba45a777a7b9804
2408,60.2,0.752,9.5407,True,12,mechanical_001,79d0085777a69b241e0aecfb8f846de17ec9f872695857e4dba45a777a7b9804
2409,60.225,0.7523,9.5304,True,12,mechanical_001,79d0085777a69b241e0aecfb8f846de17ec9f872695857e4dba45a777a7b9804
2410,60.25,0.7527,9.5258,True,12,mechanical_001,79d0085777a69b241e0aecfb8f846de17ec9f872695857e4dba45a777a7b9804
2411,60.275,0.753,9.5199,True,12,mechanical_001,79d0085777a69b241e0aecfb8f846de17ec9f872695857e4dba45a777a7b9804
2412,60.3,0.7533,9.5144,True,12,mechanical_001,79d0085777a69b241e0aecfb8f846de17ec9f872695857e4dba45a777a7b9804
2413,60.325,0.7536,9.5132,True,12,mechanical_001,79d0085777a69b241e0aecfb8f846de17ec9f872695857e4dba45a777a7b9804
2414,60.35,0.7539,9.5195,True,12,mechanical_001,79d0085777a69b241e0aecfb8f846de17ec9f872695857e4dba45a777a7b9804
2415,60.375,0.7542,9.5245,True,12,mechanical_001,79d0085777a69b241e0aecfb8f846de17ec9f872695857e4dba45a777a7b9804
2416,60.4,0.7545,9.5251,True,12,mechanical_001,79d0085777a69b241e0aecfb8f846de17ec9f872695857e4dba45a777a7b9804
2417,60.425,0.7548,9.5251,True,12,mechanical_001,79d0085777a69b241e0aecfb8f846de17ec9f872695857e4dba45a777a7b9804
2418,60.45,0.7551,9.5249,True,12,mechanical_001,79d0085777a69b241e0aecfb8f846de17ec9f872695857e4dba45a777a7b9804
2419,60.475,0.7555,9.5267,True,12,mechanical_001,79d0085777a69b241e0aecfb8f846de17ec9f872695857e4dba45a777a7b9804
2420,60.5,0.7558,9.5237,True,12,mechanical_001,79d0085777a69b241e0aecfb8f846de17ec9f872695857e4dba45a777a7b9804
2421,60.525,0.7561,9.5151,True,12,mechanical_001,79d0085777a69b241e0aecfb8f846de17ec9f872695857e4dba45a777a7b9804
2422,60.55,0.7564,9.5078,True,12,mechanical_001,79d0085777a69b241e0aecfb8f846de17ec9f872695857e4dba45a777a7b9804
2423,60.575,0.7567,9.5019,True,12,mechanical_001,79d0085777a69b241e0aecfb8f846de17ec9f872695857e4dba45a777a7b9804
2424,60.6,0.757,9.4886,True,12,mechanical_001,79d0085777a69b241e0aecfb8f846de17ec9f872695857e4dba45a777a7b9804
2425,60.625,0.7573,9.4783,True,12,mechanical_001,79d0085777a69b241e0aecfb8f846de17ec9f872695857e4dba45a777a7b9804
2426,60.65,0.7576,9.4748,True,12,mechanical_001,79d0085777a69b241e0aecfb8f846de17ec9f872695857e4dba45a777a7b9804
2427,60.675,0.7579,9.4731,True,12,mechanical_001,79d0085777a69b241e0aecfb8f846de17ec9f872695857e4dba45a777a7b9804
2428,60.7,0.7582,9.4683,True,12,mechanical_001,79d0085777a69b241e0aecfb8f846de17ec9f872695857e4dba45a777a7b9804
2429,60.725,0.7585,9.4615,True,12,mechanical_001,79d0085777a69b241e0aecfb8f846de17ec9f872695857e4dba45a777a7b9804
2430,60.75,0.7588,9.4606,True,12,mechanical_001,79d0085777a69b241e0aecfb8f846de17ec9f872695857e4dba45a777a7b9804
2431,60.775,0.7591,9.4674,True,12,mechanical_001,79d0085777a69b241e0aecfb8f846de17ec9f872695857e4dba45a777a7b9804
2432,60.8,0.7595,9.4767,True,12,mechanical_001,79d0085777a69b241e0aecfb8f846de17ec9f872695857e4dba45a777a7b9804
2433,60.825,0.7598,9.4857,True,12,mechanical_001,79d0085777a69b241e0aecfb8f846de17ec9f872695857e4dba45a777a7b9804
2434,60.85,0.7601,9.502,True,12,mechanical_001,79d0085777a69b241e0aecfb8f846de17ec9f872695857e4dba45a777a7b9804
2435,60.875,0.7604,9.5165,True,12,mechanical_001,79d0085777a69b241e0aecfb8f846de17ec9f872695857e4dba45a777a7b9804
2436,60.9,0.7607,9.5301,True,12,mechanical_001,79d0085777a69b241e0aecfb8f846de17ec9f872695857e4dba45a777a7b9804
2437,60.925,0.7611,9.5436,True,12,mechanical_001,79d0085777a69b241e0aecfb8f846de17ec9f872695857e4dba45a777a7b9804
2438,60.95,0.7614,9.5562,True,12,mechanical_001,79d0085777a69b241e0aecfb8f846de17ec9f872695857e4dba45a777a7b9804
2439,60.975,0.7617,9.5614,True,12,mechanical_001,79d0085777a69b241e0aecfb8f846de17ec9f872695857e4dba45a777a7b9804
2440,61.0,0.762,9.5609,True,12,mechanical_001,79d0085777a69b241e0aecfb8f846de17ec9f872695857e4dba45a777a7b9804
2441,61.025,0.7623,9.5584,True,12,mechanical_001,79d0085777a69b241e0aecfb8f846de17ec9f872695857e4dba45a777a7b9804
2442,61.05,0.7626,9.5558,True,12,mechanical_001,79d0085777a69b241e0aecfb8f846de17ec9f872695857e4dba45a777a7b9804
2443,61.075,0.7629,9.5557,True,12,mechanical_001,79d0085777a69b241e0aecfb8f846de17ec9f872695857e4dba45a777a7b9804
2444,61.1,0.7632,9.5542,True,12,mechanical_001,79d0085777a69b241e0aecfb8f846de17ec9f872695857e4dba45a777a7b9804
2445,61.125,0.7635,9.5543,True,12,mechanical_001,79d0085777a69b241e0aecfb8f846de17ec9f872695857e4dba45a777a7b9804
2446,61.15,0.7638,9.5493,True,12,mechanical_001,79d0085777a69b241e0aecfb8f846de17ec9f872695857e4dba45a777a7b9804
2447,61.175,0.7641,9.5459,True,12,mechanical_001,79d0085777a69b241e0aecfb8f846de17ec9f872695857e4dba45a777a7b9804
2448,61.2,0.7644,9.5466,True,12,mechanical_001,79d0085777a69b241e0aecfb8f846de17ec9f872695857e4dba45a777a7b9804
2449,61.225,0.7647,9.5515,True,12,mechanical_001,79d0085777a69b241e0aecfb8f846de17ec9f872695857e4dba45a777a7b9804
2450,61.25,0.765,9.5588,True,12,mechanical_001,79d0085777a69b241e0aecfb8f846de17ec9f872695857e4dba45a777a7b9804
2451,61.275,0.7653,9.5739,True,12,mechanical_001,79d0085777a69b241e0aecfb8f846de17ec9f872695857e4dba45a777a7b9804
2452,61.3,0.7656,9.5922,True,12,mechanical_001,79d0085777a69b241e0aecfb8f846de17ec9f872695857e4dba45a777a7b9804
2453,61.325,0.7659,9.6146,True,12,mechanical_001,79d0085777a69b241e0aecfb8f846de17ec9f872695857e4dba45a777a7b9804
2454,61.35,0.7663,9.6329,True,12,mechanical_001,79d0085777a69b241e0aecfb8f846de17ec9f872695857e4dba45a777a7b9804
2455,61.375,0.7666,9.6501,True,12,mechanical_001,79d0085777a69b241e0aecfb8f846de17ec9f872695857e4dba45a777a7b9804
2456,61.4,0.7669,9.6651,True,12,mechanical_001,79d0085777a69b241e0aecfb8f846de17ec9f872695857e4dba45a777a7b9804
2457,61.425,0.7672,9.674,True,12,mechanical_001,79d0085777a69b241e0aecfb8f846de17ec9f872695857e4dba45a777a7b9804
2458,61.45,0.7675,9.6807,True,12,mechanical_001,79d0085777a69b241e0aecfb8f846de17ec9f872695857e4dba45a777a7b9804
2459,61.475,0.7679,9.6862,True,12,mechanical_001,79d0085777a69b241e0aecfb8f846de17ec9f872695857e4dba45a777a7b9804
2460,61.5,0.7682,9.6946,True,12,mechanical_001,79d0085777a69b241e0aecfb8f846de17ec9f872695857e4dba45a777a7b9804
2461,61.525,0.7685,9.7012,True,12,mechanical_001,79d0085777a69b241e0aecfb8f846de17ec9f872695857e4dba45a777a7b9804
2462,61.55,0.7688,9.704,True,12,mechanical_001,79d0085777a69b241e0aecfb8f846de17ec9f872695857e4dba45a777a7b9804
2463,61.575,0.7691,9.703,True,12,mechanical_001,79d0085777a69b241e0aecfb8f846de17ec9f872695857e4dba45a777a7b9804
2464,61.6,0.7694,9.7047,True,12,mechanical_001,79d0085777a69b241e0aecfb8f846de17ec9f872695857e4dba45a777a7b9804
2465,61.625,0.7697,9.7075,True,12,mechanical_001,79d0085777a69b241e0aecfb8f846de17ec9f872695857e4dba45a777a7b9804
2466,61.65,0.77,9.712,True,12,mechanical_001,79d0085777a69b241e0aecfb8f846de17ec9f872695857e4dba45a777a7b9804
2467,61.675,0.7703,9.7177,True,12,mechanical_001,79d0085777a69b241e0aecfb8f846de17ec9f872695857e4dba45a777a7b9804
2468,61.7,0.7707,9.7221,True,12,mechanical_001,79d0085777a69b241e0aecfb8f846de17ec9f872695857e4dba45a777a7b9804
2469,61.725,0.771,9.7198,True,12,mechanical_001,79d0085777a69b241e0aecfb8f846de17ec9f872695857e4dba45a777a7b9804
2470,61.75,0.7713,9.7117,True,12,mechanical_001,79d0085777a69b241e0aecfb8f846de17ec9f872695857e4dba45a777a7b9804
2471,61.775,0.7716,9.7032,True,12,mechanical_001,79d0085777a69b241e0aecfb8f846de17ec9f872695857e4dba45a777a7b9804
2472,61.8,0.7719,9.6933,True,12,mechanical_001,79d0085777a69b241e0aecfb8f846de17ec9f872695857e4dba45a777a7b9804
2473,61.825,0.7722,9.686,True,12,mechanical_001,79d0085777a69b241e0aecfb8f846de17ec9f872695857e4dba45a777a7b9804
2474,61.85,0.7724,9.6824,True,12,mechanical_001,79d0085777a69b241e0aecfb8f846de17ec9f872695857e4dba45a777a7b9804
2475,61.875,0.7727,9.6803,True,12,mechanical_001,79d0085777a69b241e0aecfb8f846de17ec9f872695857e4dba45a777a7b9804
2476,61.9,0.7731,9.6835,True,12,mechanical_001,79d0085777a69b241e0aecfb8f846de17ec9f872695857e4dba45a777a7b9804
2477,61.925,0.7734,9.6865,True,12,mechanical_001,79d0085777a69b241e0aecfb8f846de17ec9f872695857e4dba45a777a7b9804
2478,61.95,0.7737,9.6858,True,12,mechanical_001,79d0085777a69b241e0aecfb8f846de17ec9f872695857e4dba45a777a7b9804
2479,61.975,0.774,9.6848,True,12,mechanical_001,79d0085777a69b241e0aecfb8f846de17ec9f872695857e4dba45a777a7b9804
2480,62.0,0.7743,9.6874,True,12,mechanical_001,79d0085777a69b241e0aecfb8f846de17ec9f872695857e4dba45a777a7b9804
2481,62.025,0.7746,9.6938,True,12,mechanical_001,79d0085777a69b241e0aecfb8f846de17ec9f872695857e4dba45a777a7b9804
2482,62.05,0.7749,9.7086,True,12,mechanical_001,79d0085777a69b241e0aecfb8f846de17ec9f872695857e4dba45a777a7b9804
2483,62.075,0.7752,9.7244,True,12,mechanical_001,79d0085777a69b241e0aecfb8f846de17ec9f872695857e4dba45a777a7b9804
2484,62.1,0.7755,9.738,True,12,mechanical_001,79d0085777a69b241e0aecfb8f846de17ec9f872695857e4dba45a777a7b9804
2485,62.125,0.7758,9.7476,True,12,mechanical_001,79d0085777a69b241e0aecfb8f846de17ec9f872695857e4dba45a777a7b9804
2486,62.15,0.7761,9.7458,True,12,mechanical_001,79d0085777a69b241e0aecfb8f846de17ec9f872695857e4dba45a777a7b9804
2487,62.175,0.7764,9.7439,True,12,mechanical_001,79d0085777a69b241e0aecfb8f846de17ec9f872695857e4dba45a777a7b9804
2488,62.2,0.7767,9.7504,True,12,mechanical_001,79d0085777a69b241e0aecfb8f846de17ec9f872695857e4dba45a777a7b9804
2489,62.225,0.777,9.7643,True,12,mechanical_001,79d0085777a69b241e0aecfb8f846de17ec9f872695857e4dba45a777a7b9804
2490,62.25,0.7774,9.7855,True,12,mechanical_001,79d0085777a69b241e0aecfb8f846de17ec9f872695857e4dba45a777a7b9804
2491,62.275,0.7777,9.8143,True,12,mechanical_001,79d0085777a69b241e0aecfb8f846de17ec9f872695857e4dba45a777a7b9804
2492,62.3,0.778,9.8375,True,12,mechanical_001,79d0085777a69b241e0aecfb8f846de17ec9f872695857e4dba45a777a7b9804
2493,62.325,0.7784,9.8571,True,12,mechanical_001,79d0085777a69b241e0aecfb8f846de17ec9f872695857e4dba45a777a7b9804
2494,62.35,0.7787,9.8701,True,12,mechanical_001,79d0085777a69b241e0aecfb8f846de17ec9f872695857e4dba45a777a7b9804
2495,62.375,0.779,9.8774,True,12,mechanical_001,79d0085777a69b241e0aecfb8f846de17ec9f872695857e4dba45a777a7b9804
2496,62.4,0.7793,9.8893,True,12,mechanical_001,79d0085777a69b241e0aecfb8f846de17ec9f872695857e4dba45a777a7b9804
2497,62.425,0.7797,9.9023,True,12,mechanical_001,79d0085777a69b241e0aecfb8f846de17ec9f872695857e4dba45a777a7b9804
2498,62.45,0.78,9.9151,True,12,mechanical_001,79d0085777a69b241e0aecfb8f846de17ec9f872695857e4dba45a777a7b9804
2499,62.475,0.7803,9.9284,True,12,mechanical_001,79d0085777a69b241e0aecfb8f846de17ec9f872695857e4dba45a777a7b9804
2500,62.5,0.7807,9.9424,True,12,mechanical_001,79d0085777a69b241e0aecfb8f846de17ec9f872695857e4dba45a777a7b9804
2501,62.525,0.781,9.9532,True,12,mechanical_001,79d0085777a69b241e0aecfb8f846de17ec9f872695857e4dba45a777a7b9804
2502,62.55,0.7813,9.959,True,12,mechanical_001,79d0085777a69b241e0aecfb8f846de17ec9f872695857e4dba45a777a7b9804
2503,62.575,0.7817,9.9653,True,12,mechanical_001,79d0085777a69b241e0aecfb8f846de17ec9f872695857e4dba45a777a7b9804
2504,62.6,0.782,9.9697,True,12,mechanical_001,79d0085777a69b241e0aecfb8f846de17ec9f872695857e4dba45a777a7b9804
2505,62.625,0.7823,9.9735,True,12,mechanical_001,79d0085777a69b241e0aecfb8f846de17ec9f872695857e4dba45a777a7b9804
2506,62.65,0.7826,9.9839,True,12,mechanical_001,79d0085777a69b241e0aecfb8f846de17ec9f872695857e4dba45a777a7b9804
2507,62.675,0.7829,9.9952,True,12,mechanical_001,79d0085777a69b241e0aecfb8f846de17ec9f872695857e4dba45a777a7b9804
2508,62.7,0.7833,10.0015,True,12,mechanical_001,79d0085777a69b241e0aecfb8f846de17ec9f872695857e4dba45a777a7b9804
2509,62.725,0.7836,10.0134,True,12,mechanical_001,79d0085777a69b241e0aecfb8f846de17ec9f872695857e4dba45a777a7b9804
2510,62.75,0.7839,10.0322,True,12,mechanical_001,79d0085777a69b241e0aecfb8f846de17ec9f872695857e4dba45a777a7b9804
2511,62.775,0.7842,10.0536,True,12,mechanical_001,79d0085777a69b241e0aecfb8f846de17ec9f872695857e4dba45a777a7b9804
2512,62.8,0.7846,10.0693,True,12,mechanical_001,79d0085777a69b241e0aecfb8f846de17ec9f872695857e4dba45a777a7b9804
2513,62.825,0.7849,10.0807,True,12,mechanical_001,79d0085777a69b241e0aecfb8f846de17ec9f872695857e4dba45a777a7b9804
2514,62.85,0.7852,10.0793,True,12,mechanical_001,79d0085777a69b241e0aecfb8f846de17ec9f872695857e4dba45a777a7b9804
2515,62.875,0.7855,10.0784,True,12,mechanical_001,79d0085777a69b241e0aecfb8f846de17ec9f872695857e4dba45a777a7b9804
2516,62.9,0.7858,10.0824,True,12,mechanical_001,79d0085777a69b241e0aecfb8f846de17ec9f872695857e4dba45a777a7b9804
2517,62.925,0.7861,10.0892,True,12,mechanical_001,79d0085777a69b241e0aecfb8f846de17ec9f872695857e4dba45a777a7b9804
2518,62.95,0.7864,10.1029,True,12,mechanical_001,79d0085777a69b241e0aecfb8f846de17ec9f872695857e4dba45a777a7b9804
2519,62.975,0.7868,10.1262,True,12,mechanical_001,79d0085777a69b241e0aecfb8f846de17ec9f872695857e4dba45a777a7b9804
2520,63.0,0.7871,10.1523,True,12,mechanical_001,79d0085777a69b241e0aecfb8f846de17ec9f872695857e4dba45a777a7b9804
2521,63.025,0.7874,10.181,True,12,mechanical_001,79d0085777a69b241e0aecfb8f846de17ec9f872695857e4dba45a777a7b9804
2522,63.05,0.7878,10.2056,True,12,mechanical_001,79d0085777a69b241e0aecfb8f846de17ec9f872695857e4dba45a777a7b9804
2523,63.075,0.7881,10.2256,True,12,mechanical_001,79d0085777a69b241e0aecfb8f846de17ec9f872695857e4dba45a777a7b9804
2524,63.1,0.7884,10.2418,True,12,mechanical_001,79d0085777a69b241e0aecfb8f846de17ec9f872695857e4dba45a777a7b9804
2525,63.125,0.7888,10.2591,True,12,mechanical_001,79d0085777a69b241e0aecfb8f846de17ec9f872695857e4dba45a777a7b9804
2526,63.15,0.7891,10.2813,True,12,mechanical_001,79d0085777a69b241e0aecfb8f846de17ec9f872695857e4dba45a777a7b9804
2527,63.175,0.7894,10.2967,True,12,mechanical_001,79d0085777a69b241e0aecfb8f846de17ec9f872695857e4dba45a777a7b9804
2528,63.2,0.7898,10.3068,True,12,mechanical_001,79d0085777a69b241e0aecfb8f846de17ec9f872695857e4dba45a777a7b9804
2529,63.225,0.7901,10.3,True,12,mechanical_001,79d0085777a69b241e0aecfb8f846de17ec9f872695857e4dba45a777a7b9804
2530,63.25,0.7904,10.2804,True,12,mechanical_001,79d0085777a69b241e0aecfb8f846de17ec9f872695857e4dba45a777a7b9804
2531,63.275,0.7907,10.2523,True,12,mechanical_001,79d0085777a69b241e0aecfb8f846de17ec9f872695857e4dba45a777a7b9804
2532,63.3,0.791,10.2296,True,12,mechanical_001,79d0085777a69b241e0aecfb8f846de17ec9f872695857e4dba45a777a7b9804
2533,63.325,0.7913,10.213,True,12,mechanical_001,79d0085777a69b241e0aecfb8f846de17ec9f872695857e4dba45a777a7b9804
2534,63.35,0.7916,10.2046,True,12,mechanical_001,79d0085777a69b241e0aecfb8f846de17ec9f872695857e4dba45a777a7b9804
2535,63.375,0.7919,10.2117,True,12,mechanical_001,79d0085777a69b241e0aecfb8f846de17ec9f872695857e4dba45a777a7b9804
2536,63.4,0.7922,10.2331,True,12,mechanical_001,79d0085777a69b241e0aecfb8f846de17ec9f872695857e4dba45a777a7b9804
2537,63.425,0.7926,10.2536,True,12,mechanical_001,79d0085777a69b241e0aecfb8f846de17ec9f872695857e4dba45a777a7b9804
2538,63.45,0.7929,10.2711,True,12,mechanical_001,79d0085777a69b241e0aecfb8f846de17ec9f872695857e4dba45a777a7b9804
2539,63.475,0.7932,10.2863,True,12,mechanical_001,79d0085777a69b241e0aecfb8f846de17ec9f872695857e4dba45a777a7b9804
2540,63.5,0.7935,10.2913,True,12,mechanical_001,79d0085777a69b241e0aecfb8f846de17ec9f872695857e4dba45a777a7b9804
2541,63.525,0.7938,10.29,True,12,mechanical_001,79d0085777a69b241e0aecfb8f846de17ec9f872695857e4dba45a777a7b9804
2542,63.55,0.7942,10.2756,True,12,mechanical_001,79d0085777a69b241e0aecfb8f846de17ec9f872695857e4dba45a777a7b9804
2543,63.575,0.7945,10.2366,True,12,mechanical_001,79d0085777a69b241e0aecfb8f846de17ec9f872695857e4dba45a777a7b9804
2544,63.6,0.7948,10.2102,True,12,mechanical_001,79d0085777a69b241e0aecfb8f846de17ec9f872695857e4dba45a777a7b9804
2545,63.625,0.7951,10.1948,True,12,mechanical_001,79d0085777a69b241e0aecfb8f846de17ec9f872695857e4dba45a777a7b9804
2546,63.65,0.7954,10.1808,True,12,mechanical_001,79d0085777a69b241e0aecfb8f846de17ec9f872695857e4dba45a777a7b9804
2547,63.675,0.7957,10.1599,True,12,mechanical_001,79d0085777a69b241e0aecfb8f846de17ec9f872695857e4dba45a777a7b9804
2548,63.7,0.796,10.1423,True,12,mechanical_001,79d0085777a69b241e0aecfb8f846de17ec9f872695857e4dba45a777a7b9804
2549,63.725,0.7963,10.1366,True,12,mechanical_001,79d0085777a69b241e0aecfb8f846de17ec9f872695857e4dba45a777a7b9804
2550,63.75,0.7966,10.136,True,12,mechanical_001,79d0085777a69b241e0aecfb8f846de17ec9f872695857e4dba45a777a7b9804
2551,63.775,0.7969,10.1395,True,12,mechanical_001,79d0085777a69b241e0aecfb8f846de17ec9f872695857e4dba45a777a7b9804
2552,63.8,0.7973,10.1472,True,12,mechanical_001,79d0085777a69b241e0aecfb8f846de17ec9f872695857e4dba45a777a7b9804
2553,63.825,0.7976,10.1535,True,12,mechanical_001,79d0085777a69b241e0aecfb8f846de17ec9f872695857e4dba45a777a7b9804
2554,63.85,0.7979,10.1593,True,12,mechanical_001,79d0085777a69b241e0aecfb8f846de17ec9f872695857e4dba45a777a7b9804
2555,63.875,0.7982,10.1594,True,12,mechanical_001,79d0085777a69b241e0aecfb8f846de17ec9f872695857e4dba45a777a7b9804
2556,63.9,0.7985,10.1552,True,12,mechanical_001,79d0085777a69b241e0aecfb8f846de17ec9f872695857e4dba45a777a7b9804
2557,63.925,0.7988,10.1498,True,12,mechanical_001,79d0085777a69b241e0aecfb8f846de17ec9f872695857e4dba45a777a7b9804
2558,63.95,0.7991,10.1457,True,12,mechanical_001,79d0085777a69b241e0aecfb8f846de17ec9f872695857e4dba45a777a7b9804
2559,63.975,0.7994,10.1458,True,12,mechanical_001,79d0085777a69b241e0aecfb8f846de17ec9f872695857e4dba45a777a7b9804
2560,64.0,0.7997,10.1519,True,12,mechanical_001,79d0085777a69b241e0aecfb8f846de17ec9f872695857e4dba45a777a7b9804
2561,64.025,0.8,10.1576,True,12,mechanical_001,79d0085777a69b241e0aecfb8f846de17ec9f872695857e4dba45a777a7b9804
2562,64.05,0.8004,10.1653,True,12,mechanical_001,79d0085777a69b241e0aecfb8f846de17ec9f872695857e4dba45a777a7b9804
2563,64.075,0.8007,10.1747,True,12,mechanical_001,79d0085777a69b241e0aecfb8f846de17ec9f872695857e4dba45a777a7b9804
2564,64.1,0.801,10.1895,True,12,mechanical_001,79d0085777a69b241e0aecfb8f846de17ec9f872695857e4dba45a777a7b9804
2565,64.125,0.8013,10.2027,True,12,mechanical_001,79d0085777a69b241e0aecfb8f846de17ec9f872695857e4dba45a777a7b9804
2566,64.15,0.8016,10.2095,True,12,mechanical_001,79d0085777a69b241e0aecfb8f846de17ec9f872695857e4dba45a777a7b9804
2567,64.175,0.8019,10.2132,True,12,mechanical_001,79d0085777a69b241e0aecfb8f846de17ec9f872695857e4dba45a777a7b9804
2568,64.2,0.8022,10.2215,True,12,mechanical_001,79d0085777a69b241e0aecfb8f846de17ec9f872695857e4dba45a777a7b9804
2569,64.225,0.8025,10.232,True,12,mechanical_001,79d0085777a69b241e0aecfb8f846de17ec9f872695857e4dba45a777a7b9804
2570,64.25,0.8029,10.2389,True,12,mechanical_001,79d0085777a69b241e0aecfb8f846de17ec9f872695857e4dba45a777a7b9804
2571,64.275,0.8032,10.2463,True,12,mechanical_001,79d0085777a69b241e0aecfb8f846de17ec9f872695857e4dba45a777a7b9804
2572,64.3,0.8035,10.2534,True,12,mechanical_001,79d0085777a69b241e0aecfb8f846de17ec9f872695857e4dba45a777a7b9804
2573,64.325,0.8038,10.259,True,12,mechanical_001,79d0085777a69b241e0aecfb8f846de17ec9f872695857e4dba45a777a7b9804
2574,64.35,0.8041,10.2645,True,12,mechanical_001,79d0085777a69b241e0aecfb8f846de17ec9f872695857e4dba45a777a7b9804
2575,64.375,0.8044,10.2668,True,12,mechanical_001,79d0085777a69b241e0aecfb8f846de17ec9f872695857e4dba45a777a7b9804
2576,64.4,0.8047,10.2653,True,12,mechanical_001,79d0085777a69b241e0aecfb8f846de17ec9f872695857e4dba45a777a7b9804
2577,64.425,0.805,10.2655,True,12,mechanical_001,79d0085777a69b241e0aecfb8f846de17ec9f872695857e4dba45a777a7b9804
2578,64.45,0.8053,10.2658,True,12,mechanical_001,79d0085777a69b241e0aecfb8f846de17ec9f872695857e4dba45a777a7b9804
2579,64.475,0.8056,10.2663,True,12,mechanical_001,79d0085777a69b241e0aecfb8f846de17ec9f872695857e4dba45a777a7b9804
2580,64.5,0.8059,10.2669,True,12,mechanical_001,79d0085777a69b241e0aecfb8f846de17ec9f872695857e4dba45a777a7b9804
2581,64.525,0.8062,10.2654,True,12,mechanical_001,79d0085777a69b241e0aecfb8f846de17ec9f872695857e4dba45a777a7b9804
2582,64.55,0.8065,10.2594,True,12,mechanical_001,79d0085777a69b241e0aecfb8f846de17ec9f872695857e4dba45a777a7b9804
2583,64.575,0.8068,10.2518,True,12,mechanical_001,79d0085777a69b241e0aecfb8f846de17ec9f872695857e4dba45a777a7b9804
2584,64.6,0.8071,10.2438,True,12,mechanical_001,79d0085777a69b241e0aecfb8f846de17ec9f872695857e4dba45a777a7b9804
2585,64.625,0.8074,10.2406,True,12,mechanical_001,79d0085777a69b241e0aecfb8f846de17ec9f872695857e4dba45a777a7b9804
2586,64.65,0.8077,10.2399,True,12,mechanical_001,79d0085777a69b241e0aecfb8f846de17ec9f872695857e4dba45a777a7b9804
2587,64.675,0.808,10.2468,True,12,mechanical_001,79d0085777a69b241e0aecfb8f846de17ec9f872695857e4dba45a777a7b9804
2588,64.7,0.8083,10.2616,True,12,mechanical_001,79d0085777a69b241e0aecfb8f846de17ec9f872695857e4dba45a777a7b9804
2589,64.725,0.8086,10.2812,True,12,mechanical_001,79d0085777a69b241e0aecfb8f846de17ec9f872695857e4dba45a777a7b9804
2590,64.75,0.8089,10.3012,True,12,mechanical_001,79d0085777a69b241e0aecfb8f846de17ec9f872695857e4dba45a777a7b9804
2591,64.775,0.8092,10.3199,True,12,mechanical_001,79d0085777a69b241e0aecfb8f846de17ec9f872695857e4dba45a777a7b9804
2592,64.8,0.8095,10.3459,True,12,mechanical_001,79d0085777a69b241e0aecfb8f846de17ec9f872695857e4dba45a777a7b9804
2593,64.825,0.8098,10.3489,True,12,mechanical_001,79d0085777a69b241e0aecfb8f846de17ec9f872695857e4dba45a777a7b9804
2594,64.85,0.8101,10.3375,True,12,mechanical_001,79d0085777a69b241e0aecfb8f846de17ec9f872695857e4dba45a777a7b9804
2595,64.875,0.8104,10.3489,True,12,mechanical_001,79d0085777a69b241e0aecfb8f846de17ec9f872695857e4dba45a777a7b9804
2596,64.9,0.8108,10.3773,True,12,mechanical_001,79d0085777a69b241e0aecfb8f846de17ec9f872695857e4dba45a777a7b9804
2597,64.925,0.8111,10.4087,True,12,mechanical_001,79d0085777a69b241e0aecfb8f846de17ec9f872695857e4dba45a777a7b9804
2598,64.95,0.8114,10.4339,True,12,mechanical_001,79d0085777a69b241e0aecfb8f846de17ec9f872695857e4dba45a777a7b9804
2599,64.975,0.8118,10.4418,True,12,mechanical_001,79d0085777a69b241e0aecfb8f846de17ec9f872695857e4dba45a777a7b9804
2600,65.0,0.8121,10.4388,True,12,mechanical_001,79d0085777a69b241e0aecfb8f846de17ec9f872695857e4dba45a777a7b9804
2601,65.025,0.8124,10.4406,True,12,mechanical_001,79d0085777a69b241e0aecfb8f846de17ec9f872695857e4dba45a777a7b9804
2602,65.05,0.8127,10.4421,True,12,mechanical_001,79d0085777a69b241e0aecfb8f846de17ec9f872695857e4dba45a777a7b9804
2603,65.075,0.813,10.433,True,12,mechanical_001,79d0085777a69b241e0aecfb8f846de17ec9f872695857e4dba45a777a7b9804
2604,65.1,0.8133,10.4198,True,12,mechanical_001,79d0085777a69b241e0aecfb8f846de17ec9f872695857e4dba45a777a7b9804
2605,65.125,0.8136,10.42,True,12,mechanical_001,79d0085777a69b241e0aecfb8f846de17ec9f872695857e4dba45a777a7b9804
2606,65.15,0.8139,10.4248,True,12,mechanical_001,79d0085777a69b241e0aecfb8f846de17ec9f872695857e4dba45a777a7b9804
2607,65.175,0.8142,10.4283,True,12,mechanical_001,79d0085777a69b241e0aecfb8f846de17ec9f872695857e4dba45a777a7b9804
2608,65.2,0.8145,10.4324,True,12,mechanical_001,79d0085777a69b241e0aecfb8f846de17ec9f872695857e4dba45a777a7b9804
2609,65.225,0.8148,10.4432,True,12,mechanical_001,79d0085777a69b241e0aecfb8f846de17ec9f872695857e4dba45a777a7b9804
2610,65.25,0.8151,10.4542,True,12,mechanical_001,79d0085777a69b241e0aecfb8f846de17ec9f872695857e4dba45a777a7b9804
2611,65.275,0.8154,10.4744,True,12,mechanical_001,79d0085777a69b241e0aecfb8f846de17ec9f872695857e4dba45a777a7b9804
2612,65.3,0.8158,10.4993,True,12,mechanical_001,79d0085777a69b241e0aecfb8f846de17ec9f872695857e4dba45a777a7b9804
2613,65.325,0.8161,10.5252,True,12,mechanical_001,79d0085777a69b241e0aecfb8f846de17ec9f872695857e4dba45a777a7b9804
2614,65.35,0.8164,10.546,True,12,mechanical_001,79d0085777a69b241e0aecfb8f846de17ec9f872695857e4dba45a777a7b9804
2615,65.375,0.8167,10.5603,True,12,mechanical_001,79d0085777a69b241e0aecfb8f846de17ec9f872695857e4dba45a777a7b9804
2616,65.4,0.8171,10.5721,True,12,mechanical_001,79d0085777a69b241e0aecfb8f846de17ec9f872695857e4dba45a777a7b9804
2617,65.425,0.8174,10.5814,True,12,mechanical_001,79d0085777a69b241e0aecfb8f846de17ec9f872695857e4dba45a777a7b9804
2618,65.45,0.8177,10.5836,True,12,mechanical_001,79d0085777a69b241e0aecfb8f846de17ec9f872695857e4dba45a777a7b9804
2619,65.475,0.818,10.5829,True,12,mechanical_001,79d0085777a69b241e0aecfb8f846de17ec9f872695857e4dba45a777a7b9804
2620,65.5,0.8183,10.5834,True,12,mechanical_001,79d0085777a69b241e0aecfb8f846de17ec9f872695857e4dba45a777a7b9804
2621,65.525,0.8186,10.585,True,12,mechanical_001,79d0085777a69b241e0aecfb8f846de17ec9f872695857e4dba45a777a7b9804
2622,65.55,0.8189,10.5859,True,12,mechanical_001,79d0085777a69b241e0aecfb8f846de17ec9f872695857e4dba45a777a7b9804
2623,65.575,0.8192,10.5928,True,12,mechanical_001,79d0085777a69b241e0aecfb8f846de17ec9f872695857e4dba45a777a7b9804
2624,65.6,0.8196,10.6113,True,12,mechanical_001,79d0085777a69b241e0aecfb8f846de17ec9f872695857e4dba45a777a7b9804
2625,65.625,0.8199,10.6306,True,12,mechanical_001,79d0085777a69b241e0aecfb8f846de17ec9f872695857e4dba45a777a7b9804
2626,65.65,0.8202,10.6453,True,12,mechanical_001,79d0085777a69b241e0aecfb8f846de17ec9f872695857e4dba45a777a7b9804
2627,65.675,0.8205,10.6614,True,12,mechanical_001,79d0085777a69b241e0aecfb8f846de17ec9f872695857e4dba45a777a7b9804
2628,65.7,0.8209,10.6798,True,12,mechanical_001,79d0085777a69b241e0aecfb8f846de17ec9f872695857e4dba45a777a7b9804
2629,65.725,0.8212,10.7018,True,12,mechanical_001,79d0085777a69b241e0aecfb8f846de17ec9f872695857e4dba45a777a7b9804
2630,65.75,0.8215,10.7239,True,12,mechanical_001,79d0085777a69b241e0aecfb8f846de17ec9f872695857e4dba45a777a7b9804
2631,65.775,0.8218,10.7423,True,12,mechanical_001,79d0085777a69b241e0aecfb8f846de17ec9f872695857e4dba45a777a7b9804
2632,65.8,0.8222,10.7606,True,12,mechanical_001,79d0085777a69b241e0aecfb8f846de17ec9f872695857e4dba45a777a7b9804
2633,65.825,0.8225,10.785,True,12,mechanical_001,79d0085777a69b241e0aecfb8f846de17ec9f872695857e4dba45a777a7b9804
2634,65.85,0.8228,10.8076,True,12,mechanical_001,79d0085777a69b241e0aecfb8f846de17ec9f872695857e4dba45a777a7b9804
2635,65.875,0.8232,10.8267,True,12,mechanical_001,79d0085777a69b241e0aecfb8f846de17ec9f872695857e4dba45a777a7b9804
2636,65.9,0.8235,10.8417,True,12,mechanical_001,79d0085777a69b241e0aecfb8f846de17ec9f872695857e4dba45a777a7b9804
2637,65.925,0.8238,10.8577,True,12,mechanical_001,79d0085777a69b241e0aecfb8f846de17ec9f872695857e4dba45a777a7b9804
2638,65.95,0.8242,10.8686,True,12,mechanical_001,79d0085777a69b241e0aecfb8f846de17ec9f872695857e4dba45a777a7b9804
2639,65.975,0.8245,10.8859,True,12,mechanical_001,79d0085777a69b241e0aecfb8f846de17ec9f872695857e4dba45a777a7b9804
2640,66.0,0.8248,10.9092,True,12,mechanical_001,79d0085777a69b241e0aecfb8f846de17ec9f872695857e4dba45a777a7b9804
2641,66.025,0.8252,10.9071,True,12,mechanical_001,79d0085777a69b241e0aecfb8f846de17ec9f872695857e4dba45a777a7b9804
2642,66.05,0.8255,10.8838,True,12,mechanical_001,79d0085777a69b241e0aecfb8f846de17ec9f872695857e4dba45a777a7b9804
2643,66.075,0.8258,10.8542,True,12,mechanical_001,79d0085777a69b241e0aecfb8f846de17ec9f872695857e4dba45a777a7b9804
2644,66.1,0.8261,10.8377,True,12,mechanical_001,79d0085777a69b241e0aecfb8f846de17ec9f872695857e4dba45a777a7b9804
2645,66.125,0.8264,10.8475,True,12,mechanical_001,79d0085777a69b241e0aecfb8f846de17ec9f872695857e4dba45a777a7b9804
2646,66.15,0.8267,10.8588,True,12,mechanical_001,79d0085777a69b241e0aecfb8f846de17ec9f872695857e4dba45a777a7b9804
2647,66.175,0.827,10.8675,True,12,mechanical_001,79d0085777a69b241e0aecfb8f846de17ec9f872695857e4dba45a777a7b9804
2648,66.2,0.8273,10.8673,True,12,mechanical_001,79d0085777a69b241e0aecfb8f846de17ec9f872695857e4dba45a777a7b9804
2649,66.225,0.8276,10.8718,True,12,mechanical_001,79d0085777a69b241e0aecfb8f846de17ec9f872695857e4dba45a777a7b9804
2650,66.25,0.8279,10.8771,True,12,mechanical_001,79d0085777a69b241e0aecfb8f846de17ec9f872695857e4dba45a777a7b9804
2651,66.275,0.8282,10.8787,True,12,mechanical_001,79d0085777a69b241e0aecfb8f846de17ec9f872695857e4dba45a777a7b9804
2652,66.3,0.8285,10.8822,True,12,mechanical_001,79d0085777a69b241e0aecfb8f846de17ec9f872695857e4dba45a777a7b9804
2653,66.325,0.8289,10.8926,True,12,mechanical_001,79d0085777a69b241e0aecfb8f846de17ec9f872695857e4dba45a777a7b9804
2654,66.35,0.8292,10.9042,True,12,mechanical_001,79d0085777a69b241e0aecfb8f846de17ec9f872695857e4dba45a777a7b9804
2655,66.375,0.8295,10.9152,True,12,mechanical_001,79d0085777a69b241e0aecfb8f846de17ec9f872695857e4dba45a777a7b9804
2656,66.4,0.8298,10.9266,True,12,mechanical_001,79d0085777a69b241e0aecfb8f846de17ec9f872695857e4dba45a777a7b9804
2657,66.425,0.8301,10.935,True,12,mechanical_001,79d0085777a69b241e0aecfb8f846de17ec9f872695857e4dba45a777a7b9804
2658,66.45,0.8304,10.9399,True,12,mechanical_001,79d0085777a69b241e0aecfb8f846de17ec9f872695857e4dba45a777a7b9804
2659,66.475,0.8307,10.9472,True,12,mechanical_001,79d0085777a69b241e0aecfb8f846de17ec9f872695857e4dba45a777a7b9804
2660,66.5,0.8311,10.9549,True,12,mechanical_001,79d0085777a69b241e0aecfb8f846de17ec9f872695857e4dba45a777a7b9804
2661,66.525,0.8314,10.9628,True,12,mechanical_001,79d0085777a69b241e0aecfb8f846de17ec9f872695857e4dba45a777a7b9804
2662,66.55,0.8317,10.9681,True,12,mechanical_001,79d0085777a69b241e0aecfb8f846de17ec9f872695857e4dba45a777a7b9804
2663,66.575,0.832,10.9665,True,12,mechanical_001,79d0085777a69b241e0aecfb8f846de17ec9f872695857e4dba45a777a7b9804
2664,66.6,0.8323,10.9607,True,12,mechanical_001,79d0085777a69b241e0aecfb8f846de17ec9f872695857e4dba45a777a7b9804
2665,66.625,0.8326,10.9552,True,12,mechanical_001,79d0085777a69b241e0aecfb8f846de17ec9f872695857e4dba45a777a7b9804
2666,66.65,0.8329,10.9471,True,12,mechanical_001,79d0085777a69b241e0aecfb8f846de17ec9f872695857e4dba45a777a7b9804
2667,66.675,0.8332,10.9346,True,12,mechanical_001,79d0085777a69b241e0aecfb8f846de17ec9f872695857e4dba45a777a7b9804
2668,66.7,0.8335,10.9283,True,12,mechanical_001,79d0085777a69b241e0aecfb8f846de17ec9f872695857e4dba45a777a7b9804
2669,66.725,0.8338,10.9298,True,12,mechanical_001,79d0085777a69b241e0aecfb8f846de17ec9f872695857e4dba45a777a7b9804
2670,66.75,0.8341,10.942,True,12,mechanical_001,79d0085777a69b241e0aecfb8f846de17ec9f872695857e4dba45a777a7b9804
2671,66.775,0.8344,10.9552,True,12,mechanical_001,79d0085777a69b241e0aecfb8f846de17ec9f872695857e4dba45a777a7b9804
2672,66.8,0.8347,10.9692,True,12,mechanical_001,79d0085777a69b241e0aecfb8f846de17ec9f872695857e4dba45a777a7b9804
2673,66.825,0.8351,10.9775,True,12,mechanical_001,79d0085777a69b241e0aecfb8f846de17ec9f872695857e4dba45a777a7b9804
2674,66.85,0.8354,10.983,True,12,mechanical_001,79d0085777a69b241e0aecfb8f846de17ec9f872695857e4dba45a777a7b9804
2675,66.875,0.8357,10.9875,True,12,mechanical_001,79d0085777a69b241e0aecfb8f846de17ec9f872695857e4dba45a777a7b9804
2676,66.9,0.836,10.9931,True,12,mechanical_001,79d0085777a69b241e0aecfb8f846de17ec9f872695857e4dba45a777a7b9804
2677,66.925,0.8363,11.0014,True,12,mechanical_001,79d0085777a69b241e0aecfb8f846de17ec9f872695857e4dba45a777a7b9804
2678,66.95,0.8366,11.0038,True,12,mechanical_001,79d0085777a69b241e0aecfb8f846de17ec9f872695857e4dba45a777a7b9804
2679,66.975,0.8369,11.0044,True,12,mechanical_001,79d0085777a69b241e0aecfb8f846de17ec9f872695857e4dba45a777a7b9804
2680,67.0,0.8372,11.0086,True,12,mechanical_001,79d0085777a69b241e0aecfb8f846de17ec9f872695857e4dba45a777a7b9804
2681,67.025,0.8375,11.0172,True,12,mechanical_001,79d0085777a69b241e0aecfb8f846de17ec9f872695857e4dba45a777a7b9804
2682,67.05,0.8379,11.0256,True,12,mechanical_001,79d0085777a69b241e0aecfb8f846de17ec9f872695857e4dba45a777a7b9804
2683,67.075,0.8382,11.0343,True,12,mechanical_001,79d0085777a69b241e0aecfb8f846de17ec9f872695857e4dba45a777a7b9804
2684,67.1,0.8385,11.0422,True,12,mechanical_001,79d0085777a69b241e0aecfb8f846de17ec9f872695857e4dba45a777a7b9804
2685,67.125,0.8388,11.0509,True,12,mechanical_001,79d0085777a69b241e0aecfb8f846de17ec9f872695857e4dba45a777a7b9804
2686,67.15,0.8391,11.0598,True,12,mechanical_001,79d0085777a69b241e0aecfb8f846de17ec9f872695857e4dba45a777a7b9804
2687,67.175,0.8394,11.0658,True,12,mechanical_001,79d0085777a69b241e0aecfb8f846de17ec9f872695857e4dba45a777a7b9804
2688,67.2,0.8397,11.0662,True,12,mechanical_001,79d0085777a69b241e0aecfb8f846de17ec9f872695857e4dba45a777a7b9804
2689,67.225,0.84,11.0742,True,12,mechanical_001,79d0085777a69b241e0aecfb8f846de17ec9f872695857e4dba45a777a7b9804
2690,67.25,0.8404,11.0899,True,12,mechanical_001,79d0085777a69b241e0aecfb8f846de17ec9f872695857e4dba45a777a7b9804
2691,67.275,0.8407,11.1026,True,12,mechanical_001,79d0085777a69b241e0aecfb8f846de17ec9f872695857e4dba45a777a7b9804
2692,67.3,0.841,11.1118,True,12,mechanical_001,79d0085777a69b241e0aecfb8f846de17ec9f872695857e4dba45a777a7b9804
2693,67.325,0.8413,11.1234,True,12,mechanical_001,79d0085777a69b241e0aecfb8f846de17ec9f872695857e4dba45a777a7b9804
2694,67.35,0.8416,11.1342,True,12,mechanical_001,79d0085777a69b241e0aecfb8f846de17ec9f872695857e4dba45a777a7b9804
2695,67.375,0.8419,11.144,True,12,mechanical_001,79d0085777a69b241e0aecfb8f846de17ec9f872695857e4dba45a777a7b9804
2696,67.4,0.8422,11.1567,True,12,mechanical_001,79d0085777a69b241e0aecfb8f846de17ec9f872695857e4dba45a777a7b9804
2697,67.425,0.8425,11.1725,True,12,mechanical_001,79d0085777a69b241e0aecfb8f846de17ec9f872695857e4dba45a777a7b9804
2698,67.45,0.8429,11.1842,True,12,mechanical_001,79d0085777a69b241e0aecfb8f846de17ec9f872695857e4dba45a777a7b9804
2699,67.475,0.8432,11.1972,True,12,mechanical_001,79d0085777a69b241e0aecfb8f846de17ec9f872695857e4dba45a777a7b9804
2700,67.5,0.8435,11.2169,True,12,mechanical_001,79d0085777a69b241e0aecfb8f846de17ec9f872695857e4dba45a777a7b9804
2701,67.525,0.8438,11.234,True,12,mechanical_001,79d0085777a69b241e0aecfb8f846de17ec9f872695857e4dba45a777a7b9804
2702,67.55,0.8441,11.2445,True,12,mechanical_001,79d0085777a69b241e0aecfb8f846de17ec9f872695857e4dba45a777a7b9804
2703,67.575,0.8444,11.2589,True,12,mechanical_001,79d0085777a69b241e0aecfb8f846de17ec9f872695857e4dba45a777a7b9804
2704,67.6,0.8447,11.2704,True,12,mechanical_001,79d0085777a69b241e0aecfb8f846de17ec9f872695857e4dba45a777a7b9804
2705,67.625,0.845,11.2815,True,12,mechanical_001,79d0085777a69b241e0aecfb8f846de17ec9f872695857e4dba45a777a7b9804
2706,67.65,0.8453,11.2942,True,12,mechanical_001,79d0085777a69b241e0aecfb8f846de17ec9f872695857e4dba45a777a7b9804
2707,67.675,0.8456,11.3064,True,12,mechanical_001,79d0085777a69b241e0aecfb8f846de17ec9f872695857e4dba45a777a7b9804
2708,67.7,0.8459,11.3215,True,12,mechanical_001,79d0085777a69b241e0aecfb8f846de17ec9f872695857e4dba45a777a7b9804
2709,67.725,0.8462,11.3323,True,12,mechanical_001,79d0085777a69b241e0aecfb8f846de17ec9f872695857e4dba45a777a7b9804
2710,67.75,0.8465,11.338,True,12,mechanical_001,79d0085777a69b241e0aecfb8f846de17ec9f872695857e4dba45a777a7b9804
2711,67.775,0.8468,11.3474,True,12,mechanical_001,79d0085777a69b241e0aecfb8f846de17ec9f872695857e4dba45a777a7b9804
2712,67.8,0.8471,11.3538,True,12,mechanical_001,79d0085777a69b241e0aecfb8f846de17ec9f872695857e4dba45a777a7b9804
2713,67.825,0.8474,11.3606,True,12,mechanical_001,79d0085777a69b241e0aecfb8f846de17ec9f872695857e4dba45a777a7b9804
2714,67.85,0.8477,11.3748,True,12,mechanical_001,79d0085777a69b241e0aecfb8f846de17ec9f872695857e4dba45a777a7b9804
2715,67.875,0.848,11.4062,True,12,mechanical_001,79d0085777a69b241e0aecfb8f846de17ec9f872695857e4dba45a777a7b9804
2716,67.9,0.8483,11.4547,True,12,mechanical_001,79d0085777a69b241e0aecfb8f846de17ec9f872695857e4dba45a777a7b9804
2717,67.925,0.8486,11.5055,True,12,mechanical_001,79d0085777a69b241e0aecfb8f846de17ec9f872695857e4dba45a777a7b9804
2718,67.95,0.849,11.5492,True,12,mechanical_001,79d0085777a69b241e0aecfb8f846de17ec9f872695857e4dba45a777a7b9804
2719,67.975,0.8493,11.5897,True,12,mechanical_001,79d0085777a69b241e0aecfb8f846de17ec9f872695857e4dba45a777a7b9804
2720,68.0,0.8496,11.6342,True,12,mechanical_001,79d0085777a69b241e0aecfb8f846de17ec9f872695857e4dba45a777a7b9804
2721,68.025,0.8499,11.676,True,12,mechanical_001,79d0085777a69b241e0aecfb8f846de17ec9f872695857e4dba45a777a7b9804
2722,68.05,0.8503,11.7167,True,12,mechanical_001,79d0085777a69b241e0aecfb8f846de17ec9f872695857e4dba45a777a7b9804
2723,68.075,0.8506,11.756,True,12,mechanical_001,79d0085777a69b241e0aecfb8f846de17ec9f872695857e4dba45a777a7b9804
2724,68.1,0.8509,11.7889,True,12,mechanical_001,79d0085777a69b241e0aecfb8f846de17ec9f872695857e4dba45a777a7b9804
2725,68.125,0.8513,11.813,True,12,mechanical_001,79d0085777a69b241e0aecfb8f846de17ec9f872695857e4dba45a777a7b9804
2726,68.15,0.8516,11.8314,True,12,mechanical_001,79d0085777a69b241e0aecfb8f846de17ec9f872695857e4dba45a777a7b9804
2727,68.175,0.8519,11.8485,True,12,mechanical_001,79d0085777a69b241e0aecfb8f846de17ec9f872695857e4dba45a777a7b9804
2728,68.2,0.8522,11.8629,True,12,mechanical_001,79d0085777a69b241e0aecfb8f846de17ec9f872695857e4dba45a777a7b9804
2729,68.225,0.8526,11.8736,True,12,mechanical_001,79d0085777a69b241e0aecfb8f846de17ec9f872695857e4dba45a777a7b9804
2730,68.25,0.8529,11.8751,True,12,mechanical_001,79d0085777a69b241e0aecfb8f846de17ec9f872695857e4dba45a777a7b9804
2731,68.275,0.8532,11.8815,True,12,mechanical_001,79d0085777a69b241e0aecfb8f846de17ec9f872695857e4dba45a777a7b9804
2732,68.3,0.8535,11.8874,True,12,mechanical_001,79d0085777a69b241e0aecfb8f846de17ec9f872695857e4dba45a777a7b9804
2733,68.325,0.8538,11.896,True,12,mechanical_001,79d0085777a69b241e0aecfb8f846de17ec9f872695857e4dba45a777a7b9804
2734,68.35,0.8541,11.9065,True,12,mechanical_001,79d0085777a69b241e0aecfb8f846de17ec9f872695857e4dba45a777a7b9804
2735,68.375,0.8544,11.9201,True,12,mechanical_001,79d0085777a69b241e0aecfb8f846de17ec9f872695857e4dba45a777a7b9804
2736,68.4,0.8547,11.9387,True,12,mechanical_001,79d0085777a69b241e0aecfb8f846de17ec9f872695857e4dba45a777a7b9804
2737,68.425,0.8551,11.9596,True,12,mechanical_001,79d0085777a69b241e0aecfb8f846de17ec9f872695857e4dba45a777a7b9804
2738,68.45,0.8554,11.9806,True,12,mechanical_001,79d0085777a69b241e0aecfb8f846de17ec9f872695857e4dba45a777a7b9804
2739,68.475,0.8557,12.0019,True,12,mechanical_001,79d0085777a69b241e0aecfb8f846de17ec9f872695857e4dba45a777a7b9804
2740,68.5,0.856,12.0161,True,12,mechanical_001,79d0085777a69b241e0aecfb8f846de17ec9f872695857e4dba45a777a7b9804
2741,68.525,0.8563,12.0238,True,12,mechanical_001,79d0085777a69b241e0aecfb8f846de17ec9f872695857e4dba45a777a7b9804
2742,68.55,0.8566,12.0302,True,12,mechanical_001,79d0085777a69b241e0aecfb8f846de17ec9f872695857e4dba45a777a7b9804
2743,68.575,0.8569,12.0366,True,12,mechanical_001,79d0085777a69b241e0aecfb8f846de17ec9f872695857e4dba45a777a7b9804
2744,68.6,0.8573,12.0417,True,12,mechanical_001,79d0085777a69b241e0aecfb8f846de17ec9f872695857e4dba45a777a7b9804
2745,68.625,0.8576,12.0488,True,12,mechanical_001,79d0085777a69b241e0aecfb8f846de17ec9f872695857e4dba45a777a7b9804
2746,68.65,0.8579,12.055,True,12,mechanical_001,79d0085777a69b241e0aecfb8f846de17ec9f872695857e4dba45a777a7b9804
2747,68.675,0.8582,12.0618,True,12,mechanical_001,79d0085777a69b241e0aecfb8f846de17ec9f872695857e4dba45a777a7b9804
2748,68.7,0.8585,12.074,True,12,mechanical_001,79d0085777a69b241e0aecfb8f846de17ec9f872695857e4dba45a777a7b9804
2749,68.725,0.8588,12.0957,True,12,mechanical_001,79d0085777a69b241e0aecfb8f846de17ec9f872695857e4dba45a777a7b9804
2750,68.75,0.8591,12.1221,True,12,mechanical_001,79d0085777a69b241e0aecfb8f846de17ec9f872695857e4dba45a777a7b9804
2751,68.775,0.8594,12.1449,True,12,mechanical_001,79d0085777a69b241e0aecfb8f846de17ec9f872695857e4dba45a777a7b9804
2752,68.8,0.8598,12.1613,True,12,mechanical_001,79d0085777a69b241e0aecfb8f846de17ec9f872695857e4dba45a777a7b9804
2753,68.825,0.8601,12.1752,True,12,mechanical_001,79d0085777a69b241e0aecfb8f846de17ec9f872695857e4dba45a777a7b9804
2754,68.85,0.8604,12.1936,True,12,mechanical_001,79d0085777a69b241e0aecfb8f846de17ec9f872695857e4dba45a777a7b9804
2755,68.875,0.8607,12.2101,True,12,mechanical_001,79d0085777a69b241e0aecfb8f846de17ec9f872695857e4dba45a777a7b9804
2756,68.9,0.861,12.2209,True,12,mechanical_001,79d0085777a69b241e0aecfb8f846de17ec9f872695857e4dba45a777a7b9804
2757,68.925,0.8613,12.2299,True,12,mechanical_001,79d0085777a69b241e0aecfb8f846de17ec9f872695857e4dba45a777a7b9804
2758,68.95,0.8616,12.2449,True,12,mechanical_001,79d0085777a69b241e0aecfb8f846de17ec9f872695857e4dba45a777a7b9804
2759,68.975,0.8619,12.2583,True,12,mechanical_001,79d0085777a69b241e0aecfb8f846de17ec9f872695857e4dba45a777a7b9804
2760,69.0,0.8623,12.2724,True,12,mechanical_001,79d0085777a69b241e0aecfb8f846de17ec9f872695857e4dba45a777a7b9804
2761,69.025,0.8626,12.2964,True,12,mechanical_001,79d0085777a69b241e0aecfb8f846de17ec9f872695857e4dba45a777a7b9804
2762,69.05,0.8629,12.3192,True,12,mechanical_001,79d0085777a69b241e0aecfb8f846de17ec9f872695857e4dba45a777a7b9804
2763,69.075,0.8632,12.3304,True,12,mechanical_001,79d0085777a69b241e0aecfb8f846de17ec9f872695857e4dba45a777a7b9804
2764,69.1,0.8635,12.3362,True,12,mechanical_001,79d0085777a69b241e0aecfb8f846de17ec9f872695857e4dba45a777a7b9804
2765,69.125,0.8638,12.3531,True,12,mechanical_001,79d0085777a69b241e0aecfb8f846de17ec9f872695857e4dba45a777a7b9804
2766,69.15,0.8641,12.3692,True,12,mechanical_001,79d0085777a69b241e0aecfb8f846de17ec9f872695857e4dba45a777a7b9804
2767,69.175,0.8645,12.3825,True,12,mechanical_001,79d0085777a69b241e0aecfb8f846de17ec9f872695857e4dba45a777a7b9804
2768,69.2,0.8648,12.3865,True,12,mechanical_001,79d0085777a69b241e0aecfb8f846de17ec9f872695857e4dba45a777a7b9804
2769,69.225,0.8651,12.3924,True,12,mechanical_001,79d0085777a69b241e0aecfb8f846de17ec9f872695857e4dba45a777a7b9804
2770,69.25,0.8654,12.399,True,12,mechanical_001,79d0085777a69b241e0aecfb8f846de17ec9f872695857e4dba45a777a7b9804
2771,69.275,0.8657,12.4134,True,12,mechanical_001,79d0085777a69b241e0aecfb8f846de17ec9f872695857e4dba45a777a7b9804
2772,69.3,0.866,12.4316,True,12,mechanical_001,79d0085777a69b241e0aecfb8f846de17ec9f872695857e4dba45a777a7b9804
2773,69.325,0.8663,12.4495,True,12,mechanical_001,79d0085777a69b241e0aecfb8f846de17ec9f872695857e4dba45a777a7b9804
2774,69.35,0.8666,12.4709,True,12,mechanical_001,79d0085777a69b241e0aecfb8f846de17ec9f872695857e4dba45a777a7b9804
2775,69.375,0.867,12.4962,True,12,mechanical_001,79d0085777a69b241e0aecfb8f846de17ec9f872695857e4dba45a777a7b9804
2776,69.4,0.8673,12.518,True,12,mechanical_001,79d0085777a69b241e0aecfb8f846de17ec9f872695857e4dba45a777a7b9804
2777,69.425,0.8676,12.5332,True,12,mechanical_001,79d0085777a69b241e0aecfb8f846de17ec9f872695857e4dba45a777a7b9804
2778,69.45,0.8679,12.5487,True,12,mechanical_001,79d0085777a69b241e0aecfb8f846de17ec9f872695857e4dba45a777a7b9804
2779,69.475,0.8682,12.5518,True,12,mechanical_001,79d0085777a69b241e0aecfb8f846de17ec9f872695857e4dba45a777a7b9804
2780,69.5,0.8685,12.5518,True,12,mechanical_001,79d0085777a69b241e0aecfb8f846de17ec9f872695857e4dba45a777a7b9804
2781,69.525,0.8688,12.5483,True,12,mechanical_001,79d0085777a69b241e0aecfb8f846de17ec9f872695857e4dba45a777a7b9804
2782,69.55,0.8691,12.5507,True,12,mechanical_001,79d0085777a69b241e0aecfb8f846de17ec9f872695857e4dba45a777a7b9804
2783,69.575,0.8694,12.5566,True,12,mechanical_001,79d0085777a69b241e0aecfb8f846de17ec9f872695857e4dba45a777a7b9804
2784,69.6,0.8697,12.5699,True,12,mechanical_001,79d0085777a69b241e0aecfb8f846de17ec9f872695857e4dba45a777a7b9804
2785,69.625,0.8701,12.5891,True,12,mechanical_001,79d0085777a69b241e0aecfb8f846de17ec9f872695857e4dba45a777a7b9804
2786,69.65,0.8704,12.612,True,12,mechanical_001,79d0085777a69b241e0aecfb8f846de17ec9f872695857e4dba45a777a7b9804
2787,69.675,0.8707,12.6335,True,12,mechanical_001,79d0085777a69b241e0aecfb8f846de17ec9f872695857e4dba45a777a7b9804
2788,69.7,0.871,12.6488,True,12,mechanical_001,79d0085777a69b241e0aecfb8f846de17ec9f872695857e4dba45a777a7b9804
2789,69.725,0.8713,12.6558,True,12,mechanical_001,79d0085777a69b241e0aecfb8f846de17ec9f872695857e4dba45a777a7b9804
2790,69.75,0.8716,12.6602,True,12,mechanical_001,79d0085777a69b241e0aecfb8f846de17ec9f872695857e4dba45a777a7b9804
2791,69.775,0.8719,12.6623,True,12,mechanical_001,79d0085777a69b241e0aecfb8f846de17ec9f872695857e4dba45a777a7b9804
2792,69.8,0.8723,12.666,True,12,mechanical_001,79d0085777a69b241e0aecfb8f846de17ec9f872695857e4dba45a777a7b9804
2793,69.825,0.8726,12.6731,True,12,mechanical_001,79d0085777a69b241e0aecfb8f846de17ec9f872695857e4dba45a777a7b9804
2794,69.85,0.8729,12.685,True,12,mechanical_001,79d0085777a69b241e0aecfb8f846de17ec9f872695857e4dba45a777a7b9804
2795,69.875,0.8732,12.7049,True,12,mechanical_001,79d0085777a69b241e0aecfb8f846de17ec9f872695857e4dba45a777a7b9804
2796,69.9,0.8735,12.7266,True,12,mechanical_001,79d0085777a69b241e0aecfb8f846de17ec9f872695857e4dba45a777a7b9804
2797,69.925,0.8738,12.746,True,12,mechanical_001,79d0085777a69b241e0aecfb8f846de17ec9f872695857e4dba45a777a7b9804
2798,69.95,0.8742,12.7615,True,12,mechanical_001,79d0085777a69b241e0aecfb8f846de17ec9f872695857e4dba45a777a7b9804
2799,69.975,0.8745,12.7705,True,12,mechanical_001,79d0085777a69b241e0aecfb8f846de17ec9f872695857e4dba45a777a7b9804
2800,70.0,0.8748,12.7727,True,12,mechanical_001,79d0085777a69b241e0aecfb8f846de17ec9f872695857e4dba45a777a7b9804
2801,70.025,0.8751,12.77,True,12,mechanical_001,79d0085777a69b241e0aecfb8f846de17ec9f872695857e4dba45a777a7b9804
2802,70.05,0.8754,12.7698,True,12,mechanical_001,79d0085777a69b241e0aecfb8f846de17ec9f872695857e4dba45a777a7b9804
2803,70.075,0.8757,12.77,True,12,mechanical_001,79d0085777a69b241e0aecfb8f846de17ec9f872695857e4dba45a777a7b9804
2804,70.1,0.876,12.776,True,12,mechanical_001,79d0085777a69b241e0aecfb8f846de17ec9f872695857e4dba45a777a7b9804
2805,70.125,0.8763,12.7866,True,12,mechanical_001,79d0085777a69b241e0aecfb8f846de17ec9f872695857e4dba45a777a7b9804
2806,70.15,0.8767,12.7946,True,12,mechanical_001,79d0085777a69b241e0aecfb8f846de17ec9f872695857e4dba45a777a7b9804
2807,70.175,0.877,12.8009,True,12,mechanical_001,79d0085777a69b241e0aecfb8f846de17ec9f872695857e4dba45a777a7b9804
2808,70.2,0.8773,12.8062,True,12,mechanical_001,79d0085777a69b241e0aecfb8f846de17ec9f872695857e4dba45a777a7b9804
2809,70.225,0.8776,12.8064,True,12,mechanical_001,79d0085777a69b241e0aecfb8f846de17ec9f872695857e4dba45a777a7b9804
2810,70.25,0.8779,12.802,True,12,mechanical_001,79d0085777a69b241e0aecfb8f846de17ec9f872695857e4dba45a777a7b9804
2811,70.275,0.8782,12.7973,True,12,mechanical_001,79d0085777a69b241e0aecfb8f846de17ec9f872695857e4dba45a777a7b9804
2812,70.3,0.8785,12.7953,True,12,mechanical_001,79d0085777a69b241e0aecfb8f846de17ec9f872695857e4dba45a777a7b9804
2813,70.325,0.8788,12.8014,True,12,mechanical_001,79d0085777a69b241e0aecfb8f846de17ec9f872695857e4dba45a777a7b9804
2814,70.35,0.8791,12.8174,True,12,mechanical_001,79d0085777a69b241e0aecfb8f846de17ec9f872695857e4dba45a777a7b9804
2815,70.375,0.8794,12.83,True,12,mechanical_001,79d0085777a69b241e0aecfb8f846de17ec9f872695857e4dba45a777a7b9804
2816,70.4,0.8798,12.8417,True,12,mechanical_001,79d0085777a69b241e0aecfb8f846de17ec9f872695857e4dba45a777a7b9804
2817,70.425,0.8801,12.8481,True,12,mechanical_001,79d0085777a69b241e0aecfb8f846de17ec9f872695857e4dba45a777a7b9804
2818,70.45,0.8804,12.852,True,12,mechanical_001,79d0085777a69b241e0aecfb8f846de17ec9f872695857e4dba45a777a7b9804
2819,70.475,0.8807,12.8564,True,12,mechanical_001,79d0085777a69b241e0aecfb8f846de17ec9f872695857e4dba45a777a7b9804
2820,70.5,0.881,12.8573,True,12,mechanical_001,79d0085777a69b241e0aecfb8f846de17ec9f872695857e4dba45a777a7b9804
2821,70.525,0.8813,12.8585,True,12,mechanical_001,79d0085777a69b241e0aecfb8f846de17ec9f872695857e4dba45a777a7b9804
2822,70.55,0.8816,12.8587,True,12,mechanical_001,79d0085777a69b241e0aecfb8f846de17ec9f872695857e4dba45a777a7b9804
2823,70.575,0.8819,12.8668,True,12,mechanical_001,79d0085777a69b241e0aecfb8f846de17ec9f872695857e4dba45a777a7b9804
2824,70.6,0.8823,12.887,True,12,mechanical_001,79d0085777a69b241e0aecfb8f846de17ec9f872695857e4dba45a777a7b9804
2825,70.625,0.8826,12.9044,True,12,mechanical_001,79d0085777a69b241e0aecfb8f846de17ec9f872695857e4dba45a777a7b9804
2826,70.65,0.8829,12.9173,True,12,mechanical_001,79d0085777a69b241e0aecfb8f846de17ec9f872695857e4dba45a777a7b9804
2827,70.675,0.8832,12.9222,True,12,mechanical_001,79d0085777a69b241e0aecfb8f846de17ec9f872695857e4dba45a777a7b9804
2828,70.7,0.8835,12.9169,True,12,mechanical_001,79d0085777a69b241e0aecfb8f846de17ec9f872695857e4dba45a777a7b9804
2829,70.725,0.8838,12.9088,True,12,mechanical_001,79d0085777a69b241e0aecfb8f846de17ec9f872695857e4dba45a777a7b9804
2830,70.75,0.8841,12.8999,True,12,mechanical_001,79d0085777a69b241e0aecfb8f846de17ec9f872695857e4dba45a777a7b9804
2831,70.775,0.8844,12.8855,True,12,mechanical_001,79d0085777a69b241e0aecfb8f846de17ec9f872695857e4dba45a777a7b9804
2832,70.8,0.8847,12.8781,True,12,mechanical_001,79d0085777a69b241e0aecfb8f846de17ec9f872695857e4dba45a777a7b9804
2833,70.825,0.885,12.8794,True,12,mechanical_001,79d0085777a69b241e0aecfb8f846de17ec9f872695857e4dba45a777a7b9804
2834,70.85,0.8853,12.89,True,12,mechanical_001,79d0085777a69b241e0aecfb8f846de17ec9f872695857e4dba45a777a7b9804
2835,70.875,0.8856,12.9081,True,12,mechanical_001,79d0085777a69b241e0aecfb8f846de17ec9f872695857e4dba45a777a7b9804
2836,70.9,0.886,12.9328,True,12,mechanical_001,79d0085777a69b241e0aecfb8f846de17ec9f872695857e4dba45a777a7b9804
2837,70.925,0.8863,12.9523,True,12,mechanical_001,79d0085777a69b241e0aecfb8f846de17ec9f872695857e4dba45a777a7b9804
2838,70.95,0.8866,12.962,True,12,mechanical_001,79d0085777a69b241e0aecfb8f846de17ec9f872695857e4dba45a777a7b9804
2839,70.975,0.8869,12.9755,True,12,mechanical_001,79d0085777a69b241e0aecfb8f846de17ec9f872695857e4dba45a777a7b9804
2840,71.0,0.8872,12.9918,True,12,mechanical_001,79d0085777a69b241e0aecfb8f846de17ec9f872695857e4dba45a777a7b9804
2841,71.025,0.8875,13.0061,True,12,mechanical_001,79d0085777a69b241e0aecfb8f846de17ec9f872695857e4dba45a777a7b9804
2842,71.05,0.8878,13.017,True,12,mechanical_001,79d0085777a69b241e0aecfb8f846de17ec9f872695857e4dba45a777a7b9804
2843,71.075,0.8882,13.0304,True,12,mechanical_001,79d0085777a69b241e0aecfb8f846de17ec9f872695857e4dba45a777a7b9804
2844,71.1,0.8885,13.0418,True,12,mechanical_001,79d0085777a69b241e0aecfb8f846de17ec9f872695857e4dba45a777a7b9804
2845,71.125,0.8888,13.0562,True,12,mechanical_001,79d0085777a69b241e0aecfb8f846de17ec9f872695857e4dba45a777a7b9804
2846,71.15,0.8891,13.0703,True,12,mechanical_001,79d0085777a69b241e0aecfb8f846de17ec9f872695857e4dba45a777a7b9804
2847,71.175,0.8894,13.0883,True,12,mechanical_001,79d0085777a69b241e0aecfb8f846de17ec9f872695857e4dba45a777a7b9804
2848,71.2,0.8897,13.1057,True,12,mechanical_001,79d0085777a69b241e0aecfb8f846de17ec9f872695857e4dba45a777a7b9804
2849,71.225,0.8901,13.1231,True,12,mechanical_001,79d0085777a69b241e0aecfb8f846de17ec9f872695857e4dba45a777a7b9804
2850,71.25,0.8904,13.1356,True,12,mechanical_001,79d0085777a69b241e0aecfb8f846de17ec9f872695857e4dba45a777a7b9804
2851,71.275,0.8907,13.1492,True,12,mechanical_001,79d0085777a69b241e0aecfb8f846de17ec9f872695857e4dba45a777a7b9804
2852,71.3,0.891,13.1622,True,12,mechanical_001,79d0085777a69b241e0aecfb8f846de17ec9f872695857e4dba45a777a7b9804
2853,71.325,0.8913,13.1707,True,12,mechanical_001,79d0085777a69b241e0aecfb8f846de17ec9f872695857e4dba45a777a7b9804
2854,71.35,0.8917,13.1793,True,12,mechanical_001,79d0085777a69b241e0aecfb8f846de17ec9f872695857e4dba45a777a7b9804
2855,71.375,0.892,13.1853,True,12,mechanical_001,79d0085777a69b241e0aecfb8f846de17ec9f872695857e4dba45a777a7b9804
2856,71.4,0.8923,13.19,True,12,mechanical_001,79d0085777a69b241e0aecfb8f846de17ec9f872695857e4dba45a777a7b9804
2857,71.425,0.8926,13.1876,True,12,mechanical_001,79d0085777a69b241e0aecfb8f846de17ec9f872695857e4dba45a777a7b9804
2858,71.45,0.8929,13.1856,True,12,mechanical_001,79d0085777a69b241e0aecfb8f846de17ec9f872695857e4dba45a777a7b9804
2859,71.475,0.8932,13.1834,True,12,mechanical_001,79d0085777a69b241e0aecfb8f846de17ec9f872695857e4dba45a777a7b9804
2860,71.5,0.8935,13.1778,True,12,mechanical_001,79d0085777a69b241e0aecfb8f846de17ec9f872695857e4dba45a777a7b9804
2861,71.525,0.8938,13.1798,True,12,mechanical_001,79d0085777a69b241e0aecfb8f846de17ec9f872695857e4dba45a777a7b9804
2862,71.55,0.8941,13.1915,True,12,mechanical_001,79d0085777a69b241e0aecfb8f846de17ec9f872695857e4dba45a777a7b9804
2863,71.575,0.8944,13.2021,True,12,mechanical_001,79d0085777a69b241e0aecfb8f846de17ec9f872695857e4dba45a777a7b9804
2864,71.6,0.8947,13.2143,True,12,mechanical_001,79d0085777a69b241e0aecfb8f846de17ec9f872695857e4dba45a777a7b9804
2865,71.625,0.895,13.2229,True,12,mechanical_001,79d0085777a69b241e0aecfb8f846de17ec9f872695857e4dba45a777a7b9804
2866,71.65,0.8954,13.2327,True,12,mechanical_001,79d0085777a69b241e0aecfb8f846de17ec9f872695857e4dba45a777a7b9804
2867,71.675,0.8957,13.2414,True,12,mechanical_001,79d0085777a69b241e0aecfb8f846de17ec9f872695857e4dba45a777a7b9804
2868,71.7,0.896,13.2486,True,12,mechanical_001,79d0085777a69b241e0aecfb8f846de17ec9f872695857e4dba45a777a7b9804
2869,71.725,0.8963,13.2546,True,12,mechanical_001,79d0085777a69b241e0aecfb8f846de17ec9f872695857e4dba45a777a7b9804
2870,71.75,0.8966,13.2575,True,12,mechanical_001,79d0085777a69b241e0aecfb8f846de17ec9f872695857e4dba45a777a7b9804
2871,71.775,0.8969,13.2544,True,12,mechanical_001,79d0085777a69b241e0aecfb8f846de17ec9f872695857e4dba45a777a7b9804
2872,71.8,0.8972,13.2562,True,12,mechanical_001,79d0085777a69b241e0aecfb8f846de17ec9f872695857e4dba45a777a7b9804
2873,71.825,0.8975,13.2608,True,12,mechanical_001,79d0085777a69b241e0aecfb8f846de17ec9f872695857e4dba45a777a7b9804
2874,71.85,0.8978,13.2653,True,12,mechanical_001,79d0085777a69b241e0aecfb8f846de17ec9f872695857e4dba45a777a7b9804
2875,71.875,0.8982,13.2679,True,12,mechanical_001,79d0085777a69b241e0aecfb8f846de17ec9f872695857e4dba45a777a7b9804
2876,71.9,0.8985,13.2715,True,12,mechanical_001,79d0085777a69b241e0aecfb8f846de17ec9f872695857e4dba45a777a7b9804
2877,71.925,0.8988,13.2749,True,12,mechanical_001,79d0085777a69b241e0aecfb8f846de17ec9f872695857e4dba45a777a7b9804
2878,71.95,0.8991,13.2782,True,12,mechanical_001,79d0085777a69b241e0aecfb8f846de17ec9f872695857e4dba45a777a7b9804
2879,71.975,0.8994,13.2877,True,12,mechanical_001,79d0085777a69b241e0aecfb8f846de17ec9f872695857e4dba45a777a7b9804
2880,72.0,0.8997,13.3008,True,12,mechanical_001,79d0085777a69b241e0aecfb8f846de17ec9f872695857e4dba45a777a7b9804
2881,72.025,0.9,13.3148,True,12,mechanical_001,79d0085777a69b241e0aecfb8f846de17ec9f872695857e4dba45a777a7b9804
2882,72.05,0.9003,13.3301,True,12,mechanical_001,79d0085777a69b241e0aecfb8f846de17ec9f872695857e4dba45a777a7b9804
2883,72.075,0.9007,13.3458,True,12,mechanical_001,79d0085777a69b241e0aecfb8f846de17ec9f872695857e4dba45a777a7b9804
2884,72.1,0.901,13.3597,True,12,mechanical_001,79d0085777a69b241e0aecfb8f846de17ec9f872695857e4dba45a777a7b9804
2885,72.125,0.9013,13.3649,True,12,mechanical_001,79d0085777a69b241e0aecfb8f846de17ec9f872695857e4dba45a777a7b9804
2886,72.15,0.9016,13.3644,True,12,mechanical_001,79d0085777a69b241e0aecfb8f846de17ec9f872695857e4dba45a777a7b9804
2887,72.175,0.9019,13.3652,True,12,mechanical_001,79d0085777a69b241e0aecfb8f846de17ec9f872695857e4dba45a777a7b9804
2888,72.2,0.9022,13.3657,True,12,mechanical_001,79d0085777a69b241e0aecfb8f846de17ec9f872695857e4dba45a777a7b9804
2889,72.225,0.9025,13.3698,True,12,mechanical_001,79d0085777a69b241e0aecfb8f846de17ec9f872695857e4dba45a777a7b9804
2890,72.25,0.9028,13.3809,True,12,mechanical_001,79d0085777a69b241e0aecfb8f846de17ec9f872695857e4dba45a777a7b9804
2891,72.275,0.9032,13.3976,True,12,mechanical_001,79d0085777a69b241e0aecfb8f846de17ec9f872695857e4dba45a777a7b9804
2892,72.3,0.9035,13.4164,True,12,mechanical_001,79d0085777a69b241e0aecfb8f846de17ec9f872695857e4dba45a777a7b9804
2893,72.325,0.9038,13.4308,True,12,mechanical_001,79d0085777a69b241e0aecfb8f846de17ec9f872695857e4dba45a777a7b9804
2894,72.35,0.9041,13.4354,True,12,mechanical_001,79d0085777a69b241e0aecfb8f846de17ec9f872695857e4dba45a777a7b9804
2895,72.375,0.9044,13.4346,True,12,mechanical_001,79d0085777a69b241e0aecfb8f846de17ec9f872695857e4dba45a777a7b9804
2896,72.4,0.9047,13.4327,True,12,mechanical_001,79d0085777a69b241e0aecfb8f846de17ec9f872695857e4dba45a777a7b9804
2897,72.425,0.905,13.4379,True,12,mechanical_001,79d0085777a69b241e0aecfb8f846de17ec9f872695857e4dba45a777a7b9804
2898,72.45,0.9054,13.4446,True,12,mechanical_001,79d0085777a69b241e0aecfb8f846de17ec9f872695857e4dba45a777a7b9804
2899,72.475,0.9057,13.4526,True,12,mechanical_001,79d0085777a69b241e0aecfb8f846de17ec9f872695857e4dba45a777a7b9804
2900,72.5,0.906,13.4575,True,12,mechanical_001,79d0085777a69b241e0aecfb8f846de17ec9f872695857e4dba45a777a7b9804
2901,72.525,0.9063,13.4639,True,12,mechanical_001,79d0085777a69b241e0aecfb8f846de17ec9f872695857e4dba45a777a7b9804
2902,72.55,0.9066,13.4673,True,12,mechanical_001,79d0085777a69b241e0aecfb8f846de17ec9f872695857e4dba45a777a7b9804
2903,72.575,0.9069,13.4679,True,12,mechanical_001,79d0085777a69b241e0aecfb8f846de17ec9f872695857e4dba45a777a7b9804
2904,72.6,0.9072,13.4723,True,12,mechanical_001,79d0085777a69b241e0aecfb8f846de17ec9f872695857e4dba45a777a7b9804
2905,72.625,0.9075,13.4788,True,12,mechanical_001,79d0085777a69b241e0aecfb8f846de17ec9f872695857e4dba45a777a7b9804
2906,72.65,0.9079,13.4922,True,12,mechanical_001,79d0085777a69b241e0aecfb8f846de17ec9f872695857e4dba45a777a7b9804
2907,72.675,0.9082,13.5134,True,12,mechanical_001,79d0085777a69b241e0aecfb8f846de17ec9f872695857e4dba45a777a7b9804
2908,72.7,0.9085,13.5322,True,12,mechanical_001,79d0085777a69b241e0aecfb8f846de17ec9f872695857e4dba45a777a7b9804
2909,72.725,0.9088,13.5411,True,12,mechanical_001,79d0085777a69b241e0aecfb8f846de17ec9f872695857e4dba45a777a7b9804
2910,72.75,0.9091,13.5376,True,12,mechanical_001,79d0085777a69b241e0aecfb8f846de17ec9f872695857e4dba45a777a7b9804
2911,72.775,0.9094,13.5335,True,12,mechanical_001,79d0085777a69b241e0aecfb8f846de17ec9f872695857e4dba45a777a7b9804
2912,72.8,0.9097,13.532,True,12,mechanical_001,79d0085777a69b241e0aecfb8f846de17ec9f872695857e4dba45a777a7b9804
2913,72.825,0.91,13.5312,True,12,mechanical_001,79d0085777a69b241e0aecfb8f846de17ec9f872695857e4dba45a777a7b9804
2914,72.85,0.9104,13.5314,True,12,mechanical_001,79d0085777a69b241e0aecfb8f846de17ec9f872695857e4dba45a777a7b9804
2915,72.875,0.9107,13.534,True,12,mechanical_001,79d0085777a69b241e0aecfb8f846de17ec9f872695857e4dba45a777a7b9804
2916,72.9,0.911,13.54,True,12,mechanical_001,79d0085777a69b241e0aecfb8f846de17ec9f872695857e4dba45a777a7b9804
2917,72.925,0.9113,13.5483,True,12,mechanical_001,79d0085777a69b241e0aecfb8f846de17ec9f872695857e4dba45a777a7b9804
2918,72.95,0.9116,13.5533,True,12,mechanical_001,79d0085777a69b241e0aecfb8f846de17ec9f872695857e4dba45a777a7b9804
2919,72.975,0.9119,13.5603,True,12,mechanical_001,79d0085777a69b241e0aecfb8f846de17ec9f872695857e4dba45a777a7b9804
2920,73.0,0.9122,13.5686,True,12,mechanical_001,79d0085777a69b241e0aecfb8f846de17ec9f872695857e4dba45a777a7b9804
2921,73.025,0.9125,13.5781,True,12,mechanical_001,79d0085777a69b241e0aecfb8f846de17ec9f872695857e4dba45a777a7b9804
2922,73.05,0.9129,13.5881,True,12,mechanical_001,79d0085777a69b241e0aecfb8f846de17ec9f872695857e4dba45a777a7b9804
2923,73.075,0.9132,13.5907,True,12,mechanical_001,79d0085777a69b241e0aecfb8f846de17ec9f872695857e4dba45a777a7b9804
2924,73.1,0.9135,13.5882,True,12,mechanical_001,79d0085777a69b241e0aecfb8f846de17ec9f872695857e4dba45a777a7b9804
2925,73.125,0.9138,13.5832,True,12,mechanical_001,79d0085777a69b241e0aecfb8f846de17ec9f872695857e4dba45a777a7b9804
2926,73.15,0.9141,13.5767,True,12,mechanical_001,79d0085777a69b241e0aecfb8f846de17ec9f872695857e4dba45a777a7b9804
2927,73.175,0.9144,13.5693,True,12,mechanical_001,79d0085777a69b241e0aecfb8f846de17ec9f872695857e4dba45a777a7b9804
2928,73.2,0.9147,13.5567,True,12,mechanical_001,79d0085777a69b241e0aecfb8f846de17ec9f872695857e4dba45a777a7b9804
2929,73.225,0.915,13.5485,True,12,mechanical_001,79d0085777a69b241e0aecfb8f846de17ec9f872695857e4dba45a777a7b9804
2930,73.25,0.9153,13.5428,True,12,mechanical_001,79d0085777a69b241e0aecfb8f846de17ec9f872695857e4dba45a777a7b9804
2931,73.275,0.9156,13.5421,True,12,mechanical_001,79d0085777a69b241e0aecfb8f846de17ec9f872695857e4dba45a777a7b9804
2932,73.3,0.9159,13.5471,True,12,mechanical_001,79d0085777a69b241e0aecfb8f846de17ec9f872695857e4dba45a777a7b9804
2933,73.325,0.9162,13.5523,True,12,mechanical_001,79d0085777a69b241e0aecfb8f846de17ec9f872695857e4dba45a777a7b9804
2934,73.35,0.9165,13.5523,True,12,mechanical_001,79d0085777a69b241e0aecfb8f846de17ec9f872695857e4dba45a777a7b9804
2935,73.375,0.9168,13.5527,True,12,mechanical_001,79d0085777a69b241e0aecfb8f846de17ec9f872695857e4dba45a777a7b9804
2936,73.4,0.9172,13.5478,True,12,mechanical_001,79d0085777a69b241e0aecfb8f846de17ec9f872695857e4dba45a777a7b9804
2937,73.425,0.9175,13.5408,True,12,mechanical_001,79d0085777a69b241e0aecfb8f846de17ec9f872695857e4dba45a777a7b9804
2938,73.45,0.9178,13.5347,True,12,mechanical_001,79d0085777a69b241e0aecfb8f846de17ec9f872695857e4dba45a777a7b9804
2939,73.475,0.9181,13.5357,True,12,mechanical_001,79d0085777a69b241e0aecfb8f846de17ec9f872695857e4dba45a777a7b9804
2940,73.5,0.9184,13.54,True,12,mechanical_001,79d0085777a69b241e0aecfb8f846de17ec9f872695857e4dba45a777a7b9804
2941,73.525,0.9187,13.5457,True,12,mechanical_001,79d0085777a69b241e0aecfb8f846de17ec9f872695857e4dba45a777a7b9804
2942,73.55,0.919,13.5497,True,12,mechanical_001,79d0085777a69b241e0aecfb8f846de17ec9f872695857e4dba45a777a7b9804
2943,73.575,0.9193,13.5464,True,12,mechanical_001,79d0085777a69b241e0aecfb8f846de17ec9f872695857e4dba45a777a7b9804
2944,73.6,0.9197,13.5409,True,12,mechanical_001,79d0085777a69b241e0aecfb8f846de17ec9f872695857e4dba45a777a7b9804
2945,73.625,0.92,13.5325,True,12,mechanical_001,79d0085777a69b241e0aecfb8f846de17ec9f872695857e4dba45a777a7b9804
2946,73.65,0.9203,13.5282,True,12,mechanical_001,79d0085777a69b241e0aecfb8f846de17ec9f872695857e4dba45a777a7b9804
2947,73.675,0.9206,13.5235,True,12,mechanical_001,79d0085777a69b241e0aecfb8f846de17ec9f872695857e4dba45a777a7b9804
2948,73.7,0.9209,13.5172,True,12,mechanical_001,79d0085777a69b241e0aecfb8f846de17ec9f872695857e4dba45a777a7b9804
2949,73.725,0.9212,13.5094,True,12,mechanical_001,79d0085777a69b241e0aecfb8f846de17ec9f872695857e4dba45a777a7b9804
2950,73.75,0.9215,13.4996,True,12,mechanical_001,79d0085777a69b241e0aecfb8f846de17ec9f872695857e4dba45a777a7b9804
2951,73.775,0.9218,13.4872,True,12,mechanical_001,79d0085777a69b241e0aecfb8f846de17ec9f872695857e4dba45a777a7b9804
2952,73.8,0.9221,13.4722,True,12,mechanical_001,79d0085777a69b241e0aecfb8f846de17ec9f872695857e4dba45a777a7b9804
2953,73.825,0.9224,13.4638,True,12,mechanical_001,79d0085777a69b241e0aecfb8f846de17ec9f872695857e4dba45a777a7b9804
2954,73.85,0.9227,13.4562,True,12,mechanical_001,79d0085777a69b241e0aecfb8f846de17ec9f872695857e4dba45a777a7b9804
2955,73.875,0.9231,13.4481,True,12,mechanical_001,79d0085777a69b241e0aecfb8f846de17ec9f872695857e4dba45a777a7b9804
2956,73.9,0.9234,13.4398,True,12,mechanical_001,79d0085777a69b241e0aecfb8f846de17ec9f872695857e4dba45a777a7b9804
2957,73.925,0.9237,13.4294,True,12,mechanical_001,79d0085777a69b241e0aecfb8f846de17ec9f872695857e4dba45a777a7b9804
2958,73.95,0.924,13.4196,True,12,mechanical_001,79d0085777a69b241e0aecfb8f846de17ec9f872695857e4dba45a777a7b9804
2959,73.975,0.9243,13.4071,True,12,mechanical_001,79d0085777a69b241e0aecfb8f846de17ec9f872695857e4dba45a777a7b9804
2960,74.0,0.9246,13.3896,True,12,mechanical_001,79d0085777a69b241e0aecfb8f846de17ec9f872695857e4dba45a777a7b9804
2961,74.025,0.9249,13.3786,True,12,mechanical_001,79d0085777a69b241e0aecfb8f846de17ec9f872695857e4dba45a777a7b9804
2962,74.05,0.9252,13.3743,True,12,mechanical_001,79d0085777a69b241e0aecfb8f846de17ec9f872695857e4dba45a777a7b9804
2963,74.075,0.9255,13.3866,True,12,mechanical_001,79d0085777a69b241e0aecfb8f846de17ec9f872695857e4dba45a777a7b9804
2964,74.1,0.9258,13.4132,True,12,mechanical_001,79d0085777a69b241e0aecfb8f846de17ec9f872695857e4dba45a777a7b9804
2965,74.125,0.9261,13.4408,True,12,mechanical_001,79d0085777a69b241e0aecfb8f846de17ec9f872695857e4dba45a777a7b9804
2966,74.15,0.9264,13.4567,True,12,mechanical_001,79d0085777a69b241e0aecfb8f846de17ec9f872695857e4dba45a777a7b9804
2967,74.175,0.9267,13.4689,True,12,mechanical_001,79d0085777a69b241e0aecfb8f846de17ec9f872695857e4dba45a777a7b9804
2968,74.2,0.9271,13.4823,True,12,mechanical_001,79d0085777a69b241e0aecfb8f846de17ec9f872695857e4dba45a777a7b9804
2969,74.225,0.9274,13.4897,True,12,mechanical_001,79d0085777a69b241e0aecfb8f846de17ec9f872695857e4dba45a777a7b9804
2970,74.25,0.9277,13.4991,True,12,mechanical_001,79d0085777a69b241e0aecfb8f846de17ec9f872695857e4dba45a777a7b9804
2971,74.275,0.928,13.5092,True,12,mechanical_001,79d0085777a69b241e0aecfb8f846de17ec9f872695857e4dba45a777a7b9804
2972,74.3,0.9283,13.5135,True,12,mechanical_001,79d0085777a69b241e0aecfb8f846de17ec9f872695857e4dba45a777a7b9804
2973,74.325,0.9286,13.5125,True,12,mechanical_001,79d0085777a69b241e0aecfb8f846de17ec9f872695857e4dba45a777a7b9804
2974,74.35,0.9289,13.5108,True,12,mechanical_001,79d0085777a69b241e0aecfb8f846de17ec9f872695857e4dba45a777a7b9804
2975,74.375,0.9292,13.5083,True,12,mechanical_001,79d0085777a69b241e0aecfb8f846de17ec9f872695857e4dba45a777a7b9804
2976,74.4,0.9295,13.5107,True,12,mechanical_001,79d0085777a69b241e0aecfb8f846de17ec9f872695857e4dba45a777a7b9804
2977,74.425,0.9299,13.5151,True,12,mechanical_001,79d0085777a69b241e0aecfb8f846de17ec9f872695857e4dba45a777a7b9804
2978,74.45,0.9302,13.5261,True,12,mechanical_001,79d0085777a69b241e0aecfb8f846de17ec9f872695857e4dba45a777a7b9804
2979,74.475,0.9305,13.5457,True,12,mechanical_001,79d0085777a69b241e0aecfb8f846de17ec9f872695857e4dba45a777a7b9804
2980,74.5,0.9308,13.5653,True,12,mechanical_001,79d0085777a69b241e0aecfb8f846de17ec9f872695857e4dba45a777a7b9804
2981,74.525,0.9311,13.5766,True,12,mechanical_001,79d0085777a69b241e0aecfb8f846de17ec9f872695857e4dba45a777a7b9804
2982,74.55,0.9314,13.5852,True,12,mechanical_001,79d0085777a69b241e0aecfb8f846de17ec9f872695857e4dba45a777a7b9804
2983,74.575,0.9317,13.5865,True,12,mechanical_001,79d0085777a69b241e0aecfb8f846de17ec9f872695857e4dba45a777a7b9804
2984,74.6,0.932,13.5933,True,12,mechanical_001,79d0085777a69b241e0aecfb8f846de17ec9f872695857e4dba45a777a7b9804
2985,74.625,0.9324,13.6043,True,12,mechanical_001,79d0085777a69b241e0aecfb8f846de17ec9f872695857e4dba45a777a7b9804
2986,74.65,0.9327,13.6216,True,12,mechanical_001,79d0085777a69b241e0aecfb8f846de17ec9f872695857e4dba45a777a7b9804
2987,74.675,0.933,13.6371,True,12,mechanical_001,79d0085777a69b241e0aecfb8f846de17ec9f872695857e4dba45a777a7b9804
2988,74.7,0.9333,13.6499,True,12,mechanical_001,79d0085777a69b241e0aecfb8f846de17ec9f872695857e4dba45a777a7b9804
2989,74.725,0.9336,13.6595,True,12,mechanical_001,79d0085777a69b241e0aecfb8f846de17ec9f872695857e4dba45a777a7b9804
2990,74.75,0.9339,13.6736,True,12,mechanical_001,79d0085777a69b241e0aecfb8f846de17ec9f872695857e4dba45a777a7b9804
2991,74.775,0.9343,13.6895,True,12,mechanical_001,79d0085777a69b241e0aecfb8f846de17ec9f872695857e4dba45a777a7b9804
2992,74.8,0.9346,13.7052,True,12,mechanical_001,79d0085777a69b241e0aecfb8f846de17ec9f872695857e4dba45a777a7b9804
2993,74.825,0.9349,13.7168,True,12,mechanical_001,79d0085777a69b241e0aecfb8f846de17ec9f872695857e4dba45a777a7b9804
2994,74.85,0.9352,13.7287,True,12,mechanical_001,79d0085777a69b241e0aecfb8f846de17ec9f872695857e4dba45a777a7b9804
2995,74.875,0.9355,13.7378,True,12,mechanical_001,79d0085777a69b241e0aecfb8f846de17ec9f872695857e4dba45a777a7b9804
2996,74.9,0.9358,13.7509,True,12,mechanical_001,79d0085777a69b241e0aecfb8f846de17ec9f872695857e4dba45a777a7b9804
2997,74.925,0.9361,13.7698,True,12,mechanical_001,79d0085777a69b241e0aecfb8f846de17ec9f872695857e4dba45a777a7b9804
2998,74.95,0.9365,13.7865,True,12,mechanical_001,79d0085777a69b241e0aecfb8f846de17ec9f872695857e4dba45a777a7b9804
2999,74.975,0.9368,13.8055,True,12,mechanical_001,79d0085777a69b241e0aecfb8f846de17ec9f872695857e4dba45a777a7b9804
3000,75.0,0.9371,13.8313,True,12,mechanical_001,79d0085777a69b241e0aecfb8f846de17ec9f872695857e4dba45a777a7b9804
3001,75.025,0.9374,13.864,True,12,mechanical_001,79d0085777a69b241e0aecfb8f846de17ec9f872695857e4dba45a777a7b9804
3002,75.05,0.9378,13.9048,True,12,mechanical_001,79d0085777a69b241e0aecfb8f846de17ec9f872695857e4dba45a777a7b9804
3003,75.075,0.9381,13.9497,True,12,mechanical_001,79d0085777a69b241e0aecfb8f846de17ec9f872695857e4dba45a777a7b9804
3004,75.1,0.9385,13.9982,True,12,mechanical_001,79d0085777a69b241e0aecfb8f846de17ec9f872695857e4dba45a777a7b9804
3005,75.125,0.9388,14.0563,True,12,mechanical_001,79d0085777a69b241e0aecfb8f846de17ec9f872695857e4dba45a777a7b9804
3006,75.15,0.9392,14.1048,True,12,mechanical_001,79d0085777a69b241e0aecfb8f846de17ec9f872695857e4dba45a777a7b9804
3007,75.175,0.9395,14.1394,True,12,mechanical_001,79d0085777a69b241e0aecfb8f846de17ec9f872695857e4dba45a777a7b9804
3008,75.2,0.9398,14.1557,True,12,mechanical_001,79d0085777a69b241e0aecfb8f846de17ec9f872695857e4dba45a777a7b9804
3009,75.225,0.9402,14.1551,True,12,mechanical_001,79d0085777a69b241e0aecfb8f846de17ec9f872695857e4dba45a777a7b9804
3010,75.25,0.9405,14.1474,True,12,mechanical_001,79d0085777a69b241e0aecfb8f846de17ec9f872695857e4dba45a777a7b9804
3011,75.275,0.9408,14.1397,True,12,mechanical_001,79d0085777a69b241e0aecfb8f846de17ec9f872695857e4dba45a777a7b9804
3012,75.3,0.9411,14.1243,True,12,mechanical_001,79d0085777a69b241e0aecfb8f846de17ec9f872695857e4dba45a777a7b9804
3013,75.325,0.9414,14.1096,True,12,mechanical_001,79d0085777a69b241e0aecfb8f846de17ec9f872695857e4dba45a777a7b9804
3014,75.35,0.9417,14.099,True,12,mechanical_001,79d0085777a69b241e0aecfb8f846de17ec9f872695857e4dba45a777a7b9804
3015,75.375,0.942,14.0932,True,12,mechanical_001,79d0085777a69b241e0aecfb8f846de17ec9f872695857e4dba45a777a7b9804
3016,75.4,0.9424,14.0874,True,12,mechanical_001,79d0085777a69b241e0aecfb8f846de17ec9f872695857e4dba45a777a7b9804
3017,75.425,0.9427,14.081,True,12,mechanical_001,79d0085777a69b241e0aecfb8f846de17ec9f872695857e4dba45a777a7b9804
3018,75.45,0.943,14.0784,True,12,mechanical_001,79d0085777a69b241e0aecfb8f846de17ec9f872695857e4dba45a777a7b9804
3019,75.475,0.9433,14.0736,True,12,mechanical_001,79d0085777a69b241e0aecfb8f846de17ec9f872695857e4dba45a777a7b9804
3020,75.5,0.9436,14.0641,True,12,mechanical_001,79d0085777a69b241e0aecfb8f846de17ec9f872695857e4dba45a777a7b9804
3021,75.525,0.9439,14.048,True,12,mechanical_001,79d0085777a69b241e0aecfb8f846de17ec9f872695857e4dba45a777a7b9804
3022,75.55,0.9442,14.0296,True,12,mechanical_001,79d0085777a69b241e0aecfb8f846de17ec9f872695857e4dba45a777a7b9804
3023,75.575,0.9445,14.0081,True,12,mechanical_001,79d0085777a69b241e0aecfb8f846de17ec9f872695857e4dba45a777a7b9804
3024,75.6,0.9447,13.9897,True,12,mechanical_001,79d0085777a69b241e0aecfb8f846de17ec9f872695857e4dba45a777a7b9804
3025,75.625,0.945,13.9776,True,12,mechanical_001,79d0085777a69b241e0aecfb8f846de17ec9f872695857e4dba45a777a7b9804
3026,75.65,0.9453,13.9757,True,12,mechanical_001,79d0085777a69b241e0aecfb8f846de17ec9f872695857e4dba45a777a7b9804
3027,75.675,0.9456,13.9891,True,12,mechanical_001,79d0085777a69b241e0aecfb8f846de17ec9f872695857e4dba45a777a7b9804
3028,75.7,0.9459,14.0123,True,12,mechanical_001,79d0085777a69b241e0aecfb8f846de17ec9f872695857e4dba45a777a7b9804
3029,75.725,0.9463,14.0471,True,12,mechanical_001,79d0085777a69b241e0aecfb8f846de17ec9f872695857e4dba45a777a7b9804
3030,75.75,0.9466,14.0808,True,12,mechanical_001,79d0085777a69b241e0aecfb8f846de17ec9f872695857e4dba45a777a7b9804
3031,75.775,0.9469,14.117,True,12,mechanical_001,79d0085777a69b241e0aecfb8f846de17ec9f872695857e4dba45a777a7b9804
3032,75.8,0.9472,14.1514,True,12,mechanical_001,79d0085777a69b241e0aecfb8f846de17ec9f872695857e4dba45a777a7b9804
3033,75.825,0.9475,14.1793,True,12,mechanical_001,79d0085777a69b241e0aecfb8f846de17ec9f872695857e4dba45a777a7b9804
3034,75.85,0.9479,14.1905,True,12,mechanical_001,79d0085777a69b241e0aecfb8f846de17ec9f872695857e4dba45a777a7b9804
3035,75.875,0.9482,14.1948,True,12,mechanical_001,79d0085777a69b241e0aecfb8f846de17ec9f872695857e4dba45a777a7b9804
3036,75.9,0.9485,14.191,True,12,mechanical_001,79d0085777a69b241e0aecfb8f846de17ec9f872695857e4dba45a777a7b9804
3037,75.925,0.9488,14.1862,True,12,mechanical_001,79d0085777a69b241e0aecfb8f846de17ec9f872695857e4dba45a777a7b9804
3038,75.95,0.9491,14.1872,True,12,mechanical_001,79d0085777a69b241e0aecfb8f846de17ec9f872695857e4dba45a777a7b9804
3039,75.975,0.9494,14.1872,True,12,mechanical_001,79d0085777a69b241e0aecfb8f846de17ec9f872695857e4dba45a777a7b9804
3040,76.0,0.9497,14.1831,True,12,mechanical_001,79d0085777a69b241e0aecfb8f846de17ec9f872695857e4dba45a777a7b9804
3041,76.025,0.95,14.1749,True,12,mechanical_001,79d0085777a69b241e0aecfb8f846de17ec9f872695857e4dba45a777a7b9804
3042,76.05,0.9503,14.1626,True,12,mechanical_001,79d0085777a69b241e0aecfb8f846de17ec9f872695857e4dba45a777a7b9804
3043,76.075,0.9506,14.1528,True,12,mechanical_001,79d0085777a69b241e0aecfb8f846de17ec9f872695857e4dba45a777a7b9804
3044,76.1,0.9509,14.1424,True,12,mechanical_001,79d0085777a69b241e0aecfb8f846de17ec9f872695857e4dba45a777a7b9804
3045,76.125,0.9512,14.1328,True,12,mechanical_001,79d0085777a69b241e0aecfb8f846de17ec9f872695857e4dba45a777a7b9804
3046,76.15,0.9514,14.1216,True,12,mechanical_001,79d0085777a69b241e0aecfb8f846de17ec9f872695857e4dba45a777a7b9804
3047,76.175,0.9517,14.123,True,12,mechanical_001,79d0085777a69b241e0aecfb8f846de17ec9f872695857e4dba45a777a7b9804
3048,76.2,0.952,14.1358,True,12,mechanical_001,79d0085777a69b241e0aecfb8f846de17ec9f872695857e4dba45a777a7b9804
3049,76.225,0.9523,14.162,True,12,mechanical_001,79d0085777a69b241e0aecfb8f846de17ec9f872695857e4dba45a777a7b9804
3050,76.25,0.9527,14.2014,True,12,mechanical_001,79d0085777a69b241e0aecfb8f846de17ec9f872695857e4dba45a777a7b9804
3051,76.275,0.953,14.2453,True,12,mechanical_001,79d0085777a69b241e0aecfb8f846de17ec9f872695857e4dba45a777a7b9804
3052,76.3,0.9533,14.2894,True,12,mechanical_001,79d0085777a69b241e0aecfb8f846de17ec9f872695857e4dba45a777a7b9804
3053,76.325,0.9536,14.3268,True,12,mechanical_001,79d0085777a69b241e0aecfb8f846de17ec9f872695857e4dba45a777a7b9804
3054,76.35,0.9539,14.3583,True,12,mechanical_001,79d0085777a69b241e0aecfb8f846de17ec9f872695857e4dba45a777a7b9804
3055,76.375,0.9543,14.3784,True,12,mechanical_001,79d0085777a69b241e0aecfb8f846de17ec9f872695857e4dba45a777a7b9804
3056,76.4,0.9546,14.3948,True,12,mechanical_001,79d0085777a69b241e0aecfb8f846de17ec9f872695857e4dba45a777a7b9804
3057,76.425,0.9549,14.4076,True,12,mechanical_001,79d0085777a69b241e0aecfb8f846de17ec9f872695857e4dba45a777a7b9804
3058,76.45,0.9552,14.4191,True,12,mechanical_001,79d0085777a69b241e0aecfb8f846de17ec9f872695857e4dba45a777a7b9804
3059,76.475,0.9555,14.4295,True,12,mechanical_001,79d0085777a69b241e0aecfb8f846de17ec9f872695857e4dba45a777a7b9804
3060,76.5,0.9558,14.448,True,12,mechanical_001,79d0085777a69b241e0aecfb8f846de17ec9f872695857e4dba45a777a7b9804
3061,76.525,0.9561,14.4693,True,12,mechanical_001,79d0085777a69b241e0aecfb8f846de17ec9f872695857e4dba45a777a7b9804
3062,76.55,0.9564,14.4933,True,12,mechanical_001,79d0085777a69b241e0aecfb8f846de17ec9f872695857e4dba45a777a7b9804
3063,76.575,0.9568,14.5163,True,12,mechanical_001,79d0085777a69b241e0aecfb8f846de17ec9f872695857e4dba45a777a7b9804
3064,76.6,0.9571,14.537,True,12,mechanical_001,79d0085777a69b241e0aecfb8f846de17ec9f872695857e4dba45a777a7b9804
3065,76.625,0.9574,14.56,True,12,mechanical_001,79d0085777a69b241e0aecfb8f846de17ec9f872695857e4dba45a777a7b9804
3066,76.65,0.9577,14.5826,True,12,mechanical_001,79d0085777a69b241e0aecfb8f846de17ec9f872695857e4dba45a777a7b9804
3067,76.675,0.958,14.6084,True,12,mechanical_001,79d0085777a69b241e0aecfb8f846de17ec9f872695857e4dba45a777a7b9804
3068,76.7,0.9583,14.6331,True,12,mechanical_001,79d0085777a69b241e0aecfb8f846de17ec9f872695857e4dba45a777a7b9804
3069,76.725,0.9587,14.6579,True,12,mechanical_001,79d0085777a69b241e0aecfb8f846de17ec9f872695857e4dba45a777a7b9804
3070,76.75,0.959,14.6774,True,12,mechanical_001,79d0085777a69b241e0aecfb8f846de17ec9f872695857e4dba45a777a7b9804
3071,76.775,0.9593,14.6948,True,12,mechanical_001,79d0085777a69b241e0aecfb8f846de17ec9f872695857e4dba45a777a7b9804
3072,76.8,0.9596,14.7131,True,12,mechanical_001,79d0085777a69b241e0aecfb8f846de17ec9f872695857e4dba45a777a7b9804
3073,76.825,0.9599,14.7372,True,12,mechanical_001,79d0085777a69b241e0aecfb8f846de17ec9f872695857e4dba45a777a7b9804
3074,76.85,0.9603,14.7622,True,12,mechanical_001,79d0085777a69b241e0aecfb8f846de17ec9f872695857e4dba45a777a7b9804
3075,76.875,0.9606,14.7791,True,12,mechanical_001,79d0085777a69b241e0aecfb8f846de17ec9f872695857e4dba45a777a7b9804
3076,76.9,0.9609,14.7997,True,12,mechanical_001,79d0085777a69b241e0aecfb8f846de17ec9f872695857e4dba45a777a7b9804
3077,76.925,0.9613,14.8188,True,12,mechanical_001,79d0085777a69b241e0aecfb8f846de17ec9f872695857e4dba45a777a7b9804
3078,76.95,0.9616,14.84,True,12,mechanical_001,79d0085777a69b241e0aecfb8f846de17ec9f872695857e4dba45a777a7b9804
3079,76.975,0.9619,14.864,True,12,mechanical_001,79d0085777a69b241e0aecfb8f846de17ec9f872695857e4dba45a777a7b9804
3080,77.0,0.9622,14.8885,True,12,mechanical_001,79d0085777a69b241e0aecfb8f846de17ec9f872695857e4dba45a777a7b9804
3081,77.025,0.9626,14.9078,True,12,mechanical_001,79d0085777a69b241e0aecfb8f846de17ec9f872695857e4dba45a777a7b9804
3082,77.05,0.9629,14.9129,True,12,mechanical_001,79d0085777a69b241e0aecfb8f846de17ec9f872695857e4dba45a777a7b9804
3083,77.075,0.9632,14.9084,True,12,mechanical_001,79d0085777a69b241e0aecfb8f846de17ec9f872695857e4dba45a777a7b9804
3084,77.1,0.9635,14.8934,True,12,mechanical_001,79d0085777a69b241e0aecfb8f846de17ec9f872695857e4dba45a777a7b9804
3085,77.125,0.9638,14.8749,True,12,mechanical_001,79d0085777a69b241e0aecfb8f846de17ec9f872695857e4dba45a777a7b9804
3086,77.15,0.9641,14.8575,True,12,mechanical_001,79d0085777a69b241e0aecfb8f846de17ec9f872695857e4dba45a777a7b9804
3087,77.175,0.9644,14.8457,True,12,mechanical_001,79d0085777a69b241e0aecfb8f846de17ec9f872695857e4dba45a777a7b9804
3088,77.2,0.9647,14.8454,True,12,mechanical_001,79d0085777a69b241e0aecfb8f846de17ec9f872695857e4dba45a777a7b9804
3089,77.225,0.965,14.8499,True,12,mechanical_001,79d0085777a69b241e0aecfb8f846de17ec9f872695857e4dba45a777a7b9804
3090,77.25,0.9653,14.8571,True,12,mechanical_001,79d0085777a69b241e0aecfb8f846de17ec9f872695857e4dba45a777a7b9804
3091,77.275,0.9656,14.8662,True,12,mechanical_001,79d0085777a69b241e0aecfb8f846de17ec9f872695857e4dba45a777a7b9804
3092,77.3,0.966,14.8707,True,12,mechanical_001,79d0085777a69b241e0aecfb8f846de17ec9f872695857e4dba45a777a7b9804
3093,77.325,0.9663,14.8839,True,12,mechanical_001,79d0085777a69b241e0aecfb8f846de17ec9f872695857e4dba45a777a7b9804
3094,77.35,0.9666,14.9041,True,12,mechanical_001,79d0085777a69b241e0aecfb8f846de17ec9f872695857e4dba45a777a7b9804
3095,77.375,0.9669,14.9249,True,12,mechanical_001,79d0085777a69b241e0aecfb8f846de17ec9f872695857e4dba45a777a7b9804
3096,77.4,0.9672,14.9509,True,12,mechanical_001,79d0085777a69b241e0aecfb8f846de17ec9f872695857e4dba45a777a7b9804
3097,77.425,0.9675,14.9814,True,12,mechanical_001,79d0085777a69b241e0aecfb8f846de17ec9f872695857e4dba45a777a7b9804
3098,77.45,0.9679,15.0119,True,12,mechanical_001,79d0085777a69b241e0aecfb8f846de17ec9f872695857e4dba45a777a7b9804
3099,77.475,0.9682,15.0356,True,12,mechanical_001,79d0085777a69b241e0aecfb8f846de17ec9f872695857e4dba45a777a7b9804
3100,77.5,0.9685,15.0439,True,12,mechanical_001,79d0085777a69b241e0aecfb8f846de17ec9f872695857e4dba45a777a7b9804
3101,77.525,0.9688,15.0485,True,12,mechanical_001,79d0085777a69b241e0aecfb8f846de17ec9f872695857e4dba45a777a7b9804
3102,77.55,0.9691,15.0466,True,12,mechanical_001,79d0085777a69b241e0aecfb8f846de17ec9f872695857e4dba45a777a7b9804
3103,77.575,0.9694,15.0405,True,12,mechanical_001,79d0085777a69b241e0aecfb8f846de17ec9f872695857e4dba45a777a7b9804
3104,77.6,0.9697,15.0375,True,12,mechanical_001,79d0085777a69b241e0aecfb8f846de17ec9f872695857e4dba45a777a7b9804
3105,77.625,0.9701,15.0373,True,12,mechanical_001,79d0085777a69b241e0aecfb8f846de17ec9f872695857e4dba45a777a7b9804
3106,77.65,0.9704,15.037,True,12,mechanical_001,79d0085777a69b241e0aecfb8f846de17ec9f872695857e4dba45a777a7b9804
3107,77.675,0.9707,15.0427,True,12,mechanical_001,79d0085777a69b241e0aecfb8f846de17ec9f872695857e4dba45a777a7b9804
3108,77.7,0.971,15.0505,True,12,mechanical_001,79d0085777a69b241e0aecfb8f846de17ec9f872695857e4dba45a777a7b9804
3109,77.725,0.9713,15.0668,True,12,mechanical_001,79d0085777a69b241e0aecfb8f846de17ec9f872695857e4dba45a777a7b9804
3110,77.75,0.9716,15.0965,True,12,mechanical_001,79d0085777a69b241e0aecfb8f846de17ec9f872695857e4dba45a777a7b9804
3111,77.775,0.9719,15.1297,True,12,mechanical_001,79d0085777a69b241e0aecfb8f846de17ec9f872695857e4dba45a777a7b9804
3112,77.8,0.9722,15.1686,True,12,mechanical_001,79d0085777a69b241e0aecfb8f846de17ec9f872695857e4dba45a777a7b9804
3113,77.825,0.9726,15.2086,True,12,mechanical_001,79d0085777a69b241e0aecfb8f846de17ec9f872695857e4dba45a777a7b9804
3114,77.85,0.9729,15.2399,True,12,mechanical_001,79d0085777a69b241e0aecfb8f846de17ec9f872695857e4dba45a777a7b9804
3115,77.875,0.9732,15.2555,True,12,mechanical_001,79d0085777a69b241e0aecfb8f846de17ec9f872695857e4dba45a777a7b9804
3116,77.9,0.9735,15.2617,True,12,mechanical_001,79d0085777a69b241e0aecfb8f846de17ec9f872695857e4dba45a777a7b9804
3117,77.925,0.9738,15.2699,True,12,mechanical_001,79d0085777a69b241e0aecfb8f846de17ec9f872695857e4dba45a777a7b9804
3118,77.95,0.9741,15.2851,True,12,mechanical_001,79d0085777a69b241e0aecfb8f846de17ec9f872695857e4dba45a777a7b9804
3119,77.975,0.9744,15.2983,True,12,mechanical_001,79d0085777a69b241e0aecfb8f846de17ec9f872695857e4dba45a777a7b9804
3120,78.0,0.9748,15.3069,True,12,mechanical_001,79d0085777a69b241e0aecfb8f846de17ec9f872695857e4dba45a777a7b9804
3121,78.025,0.9751,15.3165,True,12,mechanical_001,79d0085777a69b241e0aecfb8f846de17ec9f872695857e4dba45a777a7b9804
3122,78.05,0.9754,15.3331,True,12,mechanical_001,79d0085777a69b241e0aecfb8f846de17ec9f872695857e4dba45a777a7b9804
3123,78.075,0.9757,15.3584,True,12,mechanical_001,79d0085777a69b241e0aecfb8f846de17ec9f872695857e4dba45a777a7b9804
3124,78.1,0.976,15.3927,True,12,mechanical_001,79d0085777a69b241e0aecfb8f846de17ec9f872695857e4dba45a777a7b9804
3125,78.125,0.9763,15.4314,True,12,mechanical_001,79d0085777a69b241e0aecfb8f846de17ec9f872695857e4dba45a777a7b9804
3126,78.15,0.9766,15.4651,True,12,mechanical_001,79d0085777a69b241e0aecfb8f846de17ec9f872695857e4dba45a777a7b9804
3127,78.175,0.977,15.4955,True,12,mechanical_001,79d0085777a69b241e0aecfb8f846de17ec9f872695857e4dba45a777a7b9804
3128,78.2,0.9773,15.5277,True,12,mechanical_001,79d0085777a69b241e0aecfb8f846de17ec9f872695857e4dba45a777a7b9804
3129,78.225,0.9776,15.55,True,12,mechanical_001,79d0085777a69b241e0aecfb8f846de17ec9f872695857e4dba45a777a7b9804
3130,78.25,0.9779,15.5662,True,12,mechanical_001,79d0085777a69b241e0aecfb8f846de17ec9f872695857e4dba45a777a7b9804
3131,78.275,0.9782,15.5821,True,12,mechanical_001,79d0085777a69b241e0aecfb8f846de17ec9f872695857e4dba45a777a7b9804
3132,78.3,0.9785,15.5998,True,12,mechanical_001,79d0085777a69b241e0aecfb8f846de17ec9f872695857e4dba45a777a7b9804
3133,78.325,0.9788,15.6187,True,12,mechanical_001,79d0085777a69b241e0aecfb8f846de17ec9f872695857e4dba45a777a7b9804
3134,78.35,0.9791,15.638,True,12,mechanical_001,79d0085777a69b241e0aecfb8f846de17ec9f872695857e4dba45a777a7b9804
3135,78.375,0.9794,15.6507,True,12,mechanical_001,79d0085777a69b241e0aecfb8f846de17ec9f872695857e4dba45a777a7b9804
3136,78.4,0.9798,15.6595,True,12,mechanical_001,79d0085777a69b241e0aecfb8f846de17ec9f872695857e4dba45a777a7b9804
3137,78.425,0.9801,15.6681,True,12,mechanical_001,79d0085777a69b241e0aecfb8f846de17ec9f872695857e4dba45a777a7b9804
3138,78.45,0.9804,15.6767,True,12,mechanical_001,79d0085777a69b241e0aecfb8f846de17ec9f872695857e4dba45a777a7b9804
3139,78.475,0.9807,15.6952,True,12,mechanical_001,79d0085777a69b241e0aecfb8f846de17ec9f872695857e4dba45a777a7b9804
3140,78.5,0.981,15.7233,True,12,mechanical_001,79d0085777a69b241e0aecfb8f846de17ec9f872695857e4dba45a777a7b9804
3141,78.525,0.9813,15.7533,True,12,mechanical_001,79d0085777a69b241e0aecfb8f846de17ec9f872695857e4dba45a777a7b9804
3142,78.55,0.9816,15.7823,True,12,mechanical_001,79d0085777a69b241e0aecfb8f846de17ec9f872695857e4dba45a777a7b9804
3143,78.575,0.9819,15.8164,True,12,mechanical_001,79d0085777a69b241e0aecfb8f846de17ec9f872695857e4dba45a777a7b9804
3144,78.6,0.9823,15.851,True,12,mechanical_001,79d0085777a69b241e0aecfb8f846de17ec9f872695857e4dba45a777a7b9804
3145,78.625,0.9826,15.8746,True,12,mechanical_001,79d0085777a69b241e0aecfb8f846de17ec9f872695857e4dba45a777a7b9804
3146,78.65,0.9829,15.8894,True,12,mechanical_001,79d0085777a69b241e0aecfb8f846de17ec9f872695857e4dba45a777a7b9804
3147,78.675,0.9832,15.8942,True,12,mechanical_001,79d0085777a69b241e0aecfb8f846de17ec9f872695857e4dba45a777a7b9804
3148,78.7,0.9835,15.9048,True,12,mechanical_001,79d0085777a69b241e0aecfb8f846de17ec9f872695857e4dba45a777a7b9804
3149,78.725,0.9838,15.9309,True,12,mechanical_001,79d0085777a69b241e0aecfb8f846de17ec9f872695857e4dba45a777a7b9804
3150,78.75,0.9841,15.9553,True,12,mechanical_001,79d0085777a69b241e0aecfb8f846de17ec9f872695857e4dba45a777a7b9804
3151,78.775,0.9844,15.9776,True,12,mechanical_001,79d0085777a69b241e0aecfb8f846de17ec9f872695857e4dba45a777a7b9804
3152,78.8,0.9848,16.002,True,12,mechanical_001,79d0085777a69b241e0aecfb8f846de17ec9f872695857e4dba45a777a7b9804
3153,78.825,0.9851,16.0248,True,12,mechanical_001,79d0085777a69b241e0aecfb8f846de17ec9f872695857e4dba45a777a7b9804
3154,78.85,0.9854,16.0543,True,12,mechanical_001,79d0085777a69b241e0aecfb8f846de17ec9f872695857e4dba45a777a7b9804
3155,78.875,0.9857,16.0916,True,12,mechanical_001,79d0085777a69b241e0aecfb8f846de17ec9f872695857e4dba45a777a7b9804
3156,78.9,0.986,16.1281,True,12,mechanical_001,79d0085777a69b241e0aecfb8f846de17ec9f872695857e4dba45a777a7b9804
3157,78.925,0.9863,16.1531,True,12,mechanical_001,79d0085777a69b241e0aecfb8f846de17ec9f872695857e4dba45a777a7b9804
3158,78.95,0.9867,16.1816,True,12,mechanical_001,79d0085777a69b241e0aecfb8f846de17ec9f872695857e4dba45a777a7b9804
3159,78.975,0.987,16.2176,True,12,mechanical_001,79d0085777a69b241e0aecfb8f846de17ec9f872695857e4dba45a777a7b9804
3160,79.0,0.9873,16.2511,True,12,mechanical_001,79d0085777a69b241e0aecfb8f846de17ec9f872695857e4dba45a777a7b9804
3161,79.025,0.9876,16.2854,True,12,mechanical_001,79d0085777a69b241e0aecfb8f846de17ec9f872695857e4dba45a777a7b9804
3162,79.05,0.988,16.3114,True,12,mechanical_001,79d0085777a69b241e0aecfb8f846de17ec9f872695857e4dba45a777a7b9804
3163,79.075,0.9883,16.3269,True,12,mechanical_001,79d0085777a69b241e0aecfb8f846de17ec9f872695857e4dba45a777a7b9804
3164,79.1,0.9886,16.3424,True,12,mechanical_001,79d0085777a69b241e0aecfb8f846de17ec9f872695857e4dba45a777a7b9804
3165,79.125,0.9889,16.3514,True,12,mechanical_001,79d0085777a69b241e0aecfb8f846de17ec9f872695857e4dba45a777a7b9804
3166,79.15,0.9892,16.3549,True,12,mechanical_001,79d0085777a69b241e0aecfb8f846de17ec9f872695857e4dba45a777a7b9804
3167,79.175,0.9895,16.3554,True,12,mechanical_001,79d0085777a69b241e0aecfb8f846de17ec9f872695857e4dba45a777a7b9804
3168,79.2,0.9898,16.3547,True,12,mechanical_001,79d0085777a69b241e0aecfb8f846de17ec9f872695857e4dba45a777a7b9804
3169,79.225,0.9901,16.3604,True,12,mechanical_001,79d0085777a69b241e0aecfb8f846de17ec9f872695857e4dba45a777a7b9804
3170,79.25,0.9904,16.3745,True,12,mechanical_001,79d0085777a69b241e0aecfb8f846de17ec9f872695857e4dba45a777a7b9804
3171,79.275,0.9907,16.3953,True,12,mechanical_001,79d0085777a69b241e0aecfb8f846de17ec9f872695857e4dba45a777a7b9804
3172,79.3,0.991,16.4336,True,12,mechanical_001,79d0085777a69b241e0aecfb8f846de17ec9f872695857e4dba45a777a7b9804
3173,79.325,0.9914,16.4835,True,12,mechanical_001,79d0085777a69b241e0aecfb8f846de17ec9f872695857e4dba45a777a7b9804
3174,79.35,0.9917,16.5429,True,12,mechanical_001,79d0085777a69b241e0aecfb8f846de17ec9f872695857e4dba45a777a7b9804
3175,79.375,0.9921,16.6067,True,12,mechanical_001,79d0085777a69b241e0aecfb8f846de17ec9f872695857e4dba45a777a7b9804
3176,79.4,0.9924,16.6717,True,12,mechanical_001,79d0085777a69b241e0aecfb8f846de17ec9f872695857e4dba45a777a7b9804
3177,79.425,0.9927,16.7244,True,12,mechanical_001,79d0085777a69b241e0aecfb8f846de17ec9f872695857e4dba45a777a7b9804
3178,79.45,0.9931,16.7629,True,12,mechanical_001,79d0085777a69b241e0aecfb8f846de17ec9f872695857e4dba45a777a7b9804
3179,79.475,0.9934,16.7831,True,12,mechanical_001,79d0085777a69b241e0aecfb8f846de17ec9f872695857e4dba45a777a7b9804
3180,79.5,0.9937,16.7915,True,12,mechanical_001,79d0085777a69b241e0aecfb8f846de17ec9f872695857e4dba45a777a7b9804
3181,79.525,0.994,16.7914,True,12,mechanical_001,79d0085777a69b241e0aecfb8f846de17ec9f872695857e4dba45a777a7b9804
3182,79.55,0.9943,16.7943,True,12,mechanical_001,79d0085777a69b241e0aecfb8f846de17ec9f872695857e4dba45a777a7b9804
3183,79.575,0.9946,16.804,True,12,mechanical_001,79d0085777a69b241e0aecfb8f846de17ec9f872695857e4dba45a777a7b9804
3184,79.6,0.9949,16.8185,True,12,mechanical_001,79d0085777a69b241e0aecfb8f846de17ec9f872695857e4dba45a777a7b9804
3185,79.625,0.9953,16.8414,True,12,mechanical_001,79d0085777a69b241e0aecfb8f846de17ec9f872695857e4dba45a777a7b9804
3186,79.65,0.9956,16.869,True,12,mechanical_001,79d0085777a69b241e0aecfb8f846de17ec9f872695857e4dba45a777a7b9804
3187,79.675,0.9959,16.8941,True,12,mechanical_001,79d0085777a69b241e0aecfb8f846de17ec9f872695857e4dba45a777a7b9804
3188,79.7,0.9962,16.9097,True,12,mechanical_001,79d0085777a69b241e0aecfb8f846de17ec9f872695857e4dba45a777a7b9804
3189,79.725,0.9965,16.9074,True,12,mechanical_001,79d0085777a69b241e0aecfb8f846de17ec9f872695857e4dba45a777a7b9804
3190,79.75,0.9968,16.9077,True,12,mechanical_001,79d0085777a69b241e0aecfb8f846de17ec9f872695857e4dba45a777a7b9804
3191,79.775,0.9971,16.9065,True,12,mechanical_001,79d0085777a69b241e0aecfb8f846de17ec9f872695857e4dba45a777a7b9804
3192,79.8,0.9974,16.9067,True,12,mechanical_001,79d0085777a69b241e0aecfb8f846de17ec9f872695857e4dba45a777a7b9804
3193,79.825,0.9977,16.9185,True,12,mechanical_001,79d0085777a69b241e0aecfb8f846de17ec9f872695857e4dba45a777a7b9804
3194,79.85,0.9981,16.9524,True,12,mechanical_001,79d0085777a69b241e0aecfb8f846de17ec9f872695857e4dba45a777a7b9804
3195,79.875,0.9984,17.0025,True,12,mechanical_001,79d0085777a69b241e0aecfb8f846de17ec9f872695857e4dba45a777a7b9804
3196,79.9,0.9987,17.0568,True,12,mechanical_001,79d0085777a69b241e0aecfb8f846de17ec9f872695857e4dba45a777a7b9804
3197,79.925,0.999,17.1043,True,12,mechanical_001,79d0085777a69b241e0aecfb8f846de17ec9f872695857e4dba45a777a7b9804
3198,79.95,0.9994,17.1373,True,12,mechanical_001,79d0085777a69b241e0aecfb8f846de17ec9f872695857e4dba45a777a7b9804
3199,79.975,0.9997,17.1446,True,12,mechanical_001,79d0085777a69b241e0aecfb8f846de17ec9f872695857e4dba45a777a7b9804
3200,80.0,1.0,17.1325,True,12,mechanical_001,79d0085777a69b241e0aecfb8f846de17ec9f872695857e4dba45a777a7b9804
3201,80.025,1.0003,17.1088,True,12,mechanical_001,79d0085777a69b241e0aecfb8f846de17ec9f872695857e4dba45a777a7b9804
3202,80.05,1.0006,17.084,True,12,mechanical_001,79d0085777a69b241e0aecfb8f846de17ec9f872695857e4dba45a777a7b9804
3203,80.075,1.0009,17.0714,True,12,mechanical_001,79d0085777a69b241e0aecfb8f846de17ec9f872695857e4dba45a777a7b9804
3204,80.1,1.0012,17.0665,True,12,mechanical_001,79d0085777a69b241e0aecfb8f846de17ec9f872695857e4dba45a777a7b9804
3205,80.125,1.0015,17.0706,True,12,mechanical_001,79d0085777a69b241e0aecfb8f846de17ec9f872695857e4dba45a777a7b9804
3206,80.15,1.0018,17.0804,True,12,mechanical_001,79d0085777a69b241e0aecfb8f846de17ec9f872695857e4dba45a777a7b9804
3207,80.175,1.0021,17.0958,True,12,mechanical_001,79d0085777a69b241e0aecfb8f846de17ec9f872695857e4dba45a777a7b9804
3208,80.2,1.0024,17.1202,True,12,mechanical_001,79d0085777a69b241e0aecfb8f846de17ec9f872695857e4dba45a777a7b9804
3209,80.225,1.0027,17.154,True,12,mechanical_001,79d0085777a69b241e0aecfb8f846de17ec9f872695857e4dba45a777a7b9804
3210,80.25,1.003,17.1913,True,12,mechanical_001,79d0085777a69b241e0aecfb8f846de17ec9f872695857e4dba45a777a7b9804
3211,80.275,1.0033,17.2338,True,12,mechanical_001,79d0085777a69b241e0aecfb8f846de17ec9f872695857e4dba45a777a7b9804
3212,80.3,1.0036,17.2752,True,12,mechanical_001,79d0085777a69b241e0aecfb8f846de17ec9f872695857e4dba45a777a7b9804
3213,80.325,1.004,17.3109,True,12,mechanical_001,79d0085777a69b241e0aecfb8f846de17ec9f872695857e4dba45a777a7b9804
3214,80.35,1.0043,17.3375,True,12,mechanical_001,79d0085777a69b241e0aecfb8f846de17ec9f872695857e4dba45a777a7b9804
3215,80.375,1.0046,17.3643,True,12,mechanical_001,79d0085777a69b241e0aecfb8f846de17ec9f872695857e4dba45a777a7b9804
3216,80.4,1.0049,17.397,True,12,mechanical_001,79d0085777a69b241e0aecfb8f846de17ec9f872695857e4dba45a777a7b9804
3217,80.425,1.0052,17.4357,True,12,mechanical_001,79d0085777a69b241e0aecfb8f846de17ec9f872695857e4dba45a777a7b9804
3218,80.45,1.0056,17.4743,True,12,mechanical_001,79d0085777a69b241e0aecfb8f846de17ec9f872695857e4dba45a777a7b9804
3219,80.475,1.0059,17.5103,True,12,mechanical_001,79d0085777a69b241e0aecfb8f846de17ec9f872695857e4dba45a777a7b9804
3220,80.5,1.0062,17.5355,True,12,mechanical_001,79d0085777a69b241e0aecfb8f846de17ec9f872695857e4dba45a777a7b9804
3221,80.525,1.0065,17.5464,True,12,mechanical_001,79d0085777a69b241e0aecfb8f846de17ec9f872695857e4dba45a777a7b9804
3222,80.55,1.0068,17.5378,True,12,mechanical_001,79d0085777a69b241e0aecfb8f846de17ec9f872695857e4dba45a777a7b9804
3223,80.575,1.0071,17.5139,True,12,mechanical_001,79d0085777a69b241e0aecfb8f846de17ec9f872695857e4dba45a777a7b9804
3224,80.6,1.0074,17.4929,True,12,mechanical_001,79d0085777a69b241e0aecfb8f846de17ec9f872695857e4dba45a777a7b9804
3225,80.625,1.0077,17.479,True,12,mechanical_001,79d0085777a69b241e0aecfb8f846de17ec9f872695857e4dba45a777a7b9804
3226,80.65,1.008,17.4798,True,12,mechanical_001,79d0085777a69b241e0aecfb8f846de17ec9f872695857e4dba45a777a7b9804
3227,80.675,1.0083,17.4947,True,12,mechanical_001,79d0085777a69b241e0aecfb8f846de17ec9f872695857e4dba45a777a7b9804
3228,80.7,1.0086,17.5153,True,12,mechanical_001,79d0085777a69b241e0aecfb8f846de17ec9f872695857e4dba45a777a7b9804
3229,80.725,1.0089,17.5462,True,12,mechanical_001,79d0085777a69b241e0aecfb8f846de17ec9f872695857e4dba45a777a7b9804
3230,80.75,1.0092,17.596,True,12,mechanical_001,79d0085777a69b241e0aecfb8f846de17ec9f872695857e4dba45a777a7b9804
3231,80.775,1.0095,17.6471,True,12,mechanical_001,79d0085777a69b241e0aecfb8f846de17ec9f872695857e4dba45a777a7b9804
3232,80.8,1.0098,17.6979,True,12,mechanical_001,79d0085777a69b241e0aecfb8f846de17ec9f872695857e4dba45a777a7b9804
3233,80.825,1.0101,17.7479,True,12,mechanical_001,79d0085777a69b241e0aecfb8f846de17ec9f872695857e4dba45a777a7b9804
3234,80.85,1.0105,17.7888,True,12,mechanical_001,79d0085777a69b241e0aecfb8f846de17ec9f872695857e4dba45a777a7b9804
3235,80.875,1.0108,17.8224,True,12,mechanical_001,79d0085777a69b241e0aecfb8f846de17ec9f872695857e4dba45a777a7b9804
3236,80.9,1.0111,17.855,True,12,mechanical_001,79d0085777a69b241e0aecfb8f846de17ec9f872695857e4dba45a777a7b9804
3237,80.925,1.0114,17.8879,True,12,mechanical_001,79d0085777a69b241e0aecfb8f846de17ec9f872695857e4dba45a777a7b9804
3238,80.95,1.0117,17.9171,True,12,mechanical_001,79d0085777a69b241e0aecfb8f846de17ec9f872695857e4dba45a777a7b9804
3239,80.975,1.012,17.9403,True,12,mechanical_001,79d0085777a69b241e0aecfb8f846de17ec9f872695857e4dba45a777a7b9804
3240,81.0,1.0123,17.9555,True,12,mechanical_001,79d0085777a69b241e0aecfb8f846de17ec9f872695857e4dba45a777a7b9804
3241,81.025,1.0126,17.9703,True,12,mechanical_001,79d0085777a69b241e0aecfb8f846de17ec9f872695857e4dba45a777a7b9804
3242,81.05,1.0129,17.9896,True,12,mechanical_001,79d0085777a69b241e0aecfb8f846de17ec9f872695857e4dba45a777a7b9804
3243,81.075,1.0132,18.0147,True,12,mechanical_001,79d0085777a69b241e0aecfb8f846de17ec9f872695857e4dba45a777a7b9804
3244,81.1,1.0135,18.0352,True,12,mechanical_001,79d0085777a69b241e0aecfb8f846de17ec9f872695857e4dba45a777a7b9804
3245,81.125,1.0138,18.0583,True,12,mechanical_001,79d0085777a69b241e0aecfb8f846de17ec9f872695857e4dba45a777a7b9804
3246,81.15,1.0141,18.0769,True,12,mechanical_001,79d0085777a69b241e0aecfb8f846de17ec9f872695857e4dba45a777a7b9804
3247,81.175,1.0144,18.0989,True,12,mechanical_001,79d0085777a69b241e0aecfb8f846de17ec9f872695857e4dba45a777a7b9804
3248,81.2,1.0148,18.1287,True,12,mechanical_001,79d0085777a69b241e0aecfb8f846de17ec9f872695857e4dba45a777a7b9804
3249,81.225,1.0151,18.1731,True,12,mechanical_001,79d0085777a69b241e0aecfb8f846de17ec9f872695857e4dba45a777a7b9804
3250,81.25,1.0154,18.2211,True,12,mechanical_001,79d0085777a69b241e0aecfb8f846de17ec9f872695857e4dba45a777a7b9804
3251,81.275,1.0157,18.263,True,12,mechanical_001,79d0085777a69b241e0aecfb8f846de17ec9f872695857e4dba45a777a7b9804
3252,81.3,1.016,18.3077,True,12,mechanical_001,79d0085777a69b241e0aecfb8f846de17ec9f872695857e4dba45a777a7b9804
3253,81.325,1.0163,18.3444,True,12,mechanical_001,79d0085777a69b241e0aecfb8f846de17ec9f872695857e4dba45a777a7b9804
3254,81.35,1.0166,18.3679,True,12,mechanical_001,79d0085777a69b241e0aecfb8f846de17ec9f872695857e4dba45a777a7b9804
3255,81.375,1.0169,18.3803,True,12,mechanical_001,79d0085777a69b241e0aecfb8f846de17ec9f872695857e4dba45a777a7b9804
3256,81.4,1.0172,18.3929,True,12,mechanical_001,79d0085777a69b241e0aecfb8f846de17ec9f872695857e4dba45a777a7b9804
3257,81.425,1.0175,18.4154,True,12,mechanical_001,79d0085777a69b241e0aecfb8f846de17ec9f872695857e4dba45a777a7b9804
3258,81.45,1.0178,18.4347,True,12,mechanical_001,79d0085777a69b241e0aecfb8f846de17ec9f872695857e4dba45a777a7b9804
3259,81.475,1.0181,18.4467,True,12,mechanical_001,79d0085777a69b241e0aecfb8f846de17ec9f872695857e4dba45a777a7b9804
3260,81.5,1.0184,18.4552,True,12,mechanical_001,79d0085777a69b241e0aecfb8f846de17ec9f872695857e4dba45a777a7b9804
3261,81.525,1.0187,18.4501,True,12,mechanical_001,79d0085777a69b241e0aecfb8f846de17ec9f872695857e4dba45a777a7b9804
3262,81.55,1.0189,18.4414,True,12,mechanical_001,79d0085777a69b241e0aecfb8f846de17ec9f872695857e4dba45a777a7b9804
3263,81.575,1.0192,18.436,True,12,mechanical_001,79d0085777a69b241e0aecfb8f846de17ec9f872695857e4dba45a777a7b9804
3264,81.6,1.0195,18.4429,True,12,mechanical_001,79d0085777a69b241e0aecfb8f846de17ec9f872695857e4dba45a777a7b9804
3265,81.625,1.0198,18.4608,True,12,mechanical_001,79d0085777a69b241e0aecfb8f846de17ec9f872695857e4dba45a777a7b9804
3266,81.65,1.0201,18.4885,True,12,mechanical_001,79d0085777a69b241e0aecfb8f846de17ec9f872695857e4dba45a777a7b9804
3267,81.675,1.0204,18.5271,True,12,mechanical_001,79d0085777a69b241e0aecfb8f846de17ec9f872695857e4dba45a777a7b9804
3268,81.7,1.0207,18.5703,True,12,mechanical_001,79d0085777a69b241e0aecfb8f846de17ec9f872695857e4dba45a777a7b9804
3269,81.725,1.021,18.6129,True,12,mechanical_001,79d0085777a69b241e0aecfb8f846de17ec9f872695857e4dba45a777a7b9804
3270,81.75,1.0213,18.6587,True,12,mechanical_001,79d0085777a69b241e0aecfb8f846de17ec9f872695857e4dba45a777a7b9804
3271,81.775,1.0216,18.697,True,12,mechanical_001,79d0085777a69b241e0aecfb8f846de17ec9f872695857e4dba45a777a7b9804
3272,81.8,1.0219,18.7322,True,12,mechanical_001,79d0085777a69b241e0aecfb8f846de17ec9f872695857e4dba45a777a7b9804
3273,81.825,1.0222,18.7666,True,12,mechanical_001,79d0085777a69b241e0aecfb8f846de17ec9f872695857e4dba45a777a7b9804
3274,81.85,1.0225,18.8006,True,12,mechanical_001,79d0085777a69b241e0aecfb8f846de17ec9f872695857e4dba45a777a7b9804
3275,81.875,1.0228,18.8332,True,12,mechanical_001,79d0085777a69b241e0aecfb8f846de17ec9f872695857e4dba45a777a7b9804
3276,81.9,1.0231,18.8699,True,12,mechanical_001,79d0085777a69b241e0aecfb8f846de17ec9f872695857e4dba45a777a7b9804
3277,81.925,1.0234,18.9197,True,12,mechanical_001,79d0085777a69b241e0aecfb8f846de17ec9f872695857e4dba45a777a7b9804
3278,81.95,1.0237,18.9734,True,12,mechanical_001,79d0085777a69b241e0aecfb8f846de17ec9f872695857e4dba45a777a7b9804
3279,81.975,1.0241,19.0293,True,12,mechanical_001,79d0085777a69b241e0aecfb8f846de17ec9f872695857e4dba45a777a7b9804
3280,82.0,1.0244,19.0833,True,12,mechanical_001,79d0085777a69b241e0aecfb8f846de17ec9f872695857e4dba45a777a7b9804
3281,82.025,1.0247,19.1265,True,12,mechanical_001,79d0085777a69b241e0aecfb8f846de17ec9f872695857e4dba45a777a7b9804
3282,82.05,1.025,19.1603,True,12,mechanical_001,79d0085777a69b241e0aecfb8f846de17ec9f872695857e4dba45a777a7b9804
3283,82.075,1.0254,19.1908,True,12,mechanical_001,79d0085777a69b241e0aecfb8f846de17ec9f872695857e4dba45a777a7b9804
3284,82.1,1.0257,19.2194,True,12,mechanical_001,79d0085777a69b241e0aecfb8f846de17ec9f872695857e4dba45a777a7b9804
3285,82.125,1.026,19.2468,True,12,mechanical_001,79d0085777a69b241e0aecfb8f846de17ec9f872695857e4dba45a777a7b9804
3286,82.15,1.0263,19.2817,True,12,mechanical_001,79d0085777a69b241e0aecfb8f846de17ec9f872695857e4dba45a777a7b9804
3287,82.175,1.0266,19.323,True,12,mechanical_001,79d0085777a69b241e0aecfb8f846de17ec9f872695857e4dba45a777a7b9804
3288,82.2,1.027,19.3656,True,12,mechanical_001,79d0085777a69b241e0aecfb8f846de17ec9f872695857e4dba45a777a7b9804
3289,82.225,1.0273,19.3985,True,12,mechanical_001,79d0085777a69b241e0aecfb8f846de17ec9f872695857e4dba45a777a7b9804
3290,82.25,1.0276,19.4379,True,12,mechanical_001,79d0085777a69b241e0aecfb8f846de17ec9f872695857e4dba45a777a7b9804
3291,82.275,1.0279,19.4837,True,12,mechanical_001,79d0085777a69b241e0aecfb8f846de17ec9f872695857e4dba45a777a7b9804
3292,82.3,1.0283,19.5267,True,12,mechanical_001,79d0085777a69b241e0aecfb8f846de17ec9f872695857e4dba45a777a7b9804
3293,82.325,1.0286,19.5642,True,12,mechanical_001,79d0085777a69b241e0aecfb8f846de17ec9f872695857e4dba45a777a7b9804
3294,82.35,1.0289,19.5956,True,12,mechanical_001,79d0085777a69b241e0aecfb8f846de17ec9f872695857e4dba45a777a7b9804
3295,82.375,1.0292,19.6124,True,12,mechanical_001,79d0085777a69b241e0aecfb8f846de17ec9f872695857e4dba45a777a7b9804
3296,82.4,1.0296,19.6159,True,12,mechanical_001,79d0085777a69b241e0aecfb8f846de17ec9f872695857e4dba45a777a7b9804
3297,82.425,1.0299,19.6151,True,12,mechanical_001,79d0085777a69b241e0aecfb8f846de17ec9f872695857e4dba45a777a7b9804
3298,82.45,1.0302,19.6059,True,12,mechanical_001,79d0085777a69b241e0aecfb8f846de17ec9f872695857e4dba45a777a7b9804
3299,82.475,1.0305,19.5981,True,12,mechanical_001,79d0085777a69b241e0aecfb8f846de17ec9f872695857e4dba45a777a7b9804
3300,82.5,1.0308,19.604,True,12,mechanical_001,79d0085777a69b241e0aecfb8f846de17ec9f872695857e4dba45a777a7b9804
3301,82.525,1.0311,19.6186,True,12,mechanical_001,79d0085777a69b241e0aecfb8f846de17ec9f872695857e4dba45a777a7b9804
3302,82.55,1.0314,19.6321,True,12,mechanical_001,79d0085777a69b241e0aecfb8f846de17ec9f872695857e4dba45a777a7b9804
3303,82.575,1.0317,19.6457,True,12,mechanical_001,79d0085777a69b241e0aecfb8f846de17ec9f872695857e4dba45a777a7b9804
3304,82.6,1.032,19.6603,True,12,mechanical_001,79d0085777a69b241e0aecfb8f846de17ec9f872695857e4dba45a777a7b9804
3305,82.625,1.0323,19.6688,True,12,mechanical_001,79d0085777a69b241e0aecfb8f846de17ec9f872695857e4dba45a777a7b9804
3306,82.65,1.0327,19.682,True,12,mechanical_001,79d0085777a69b241e0aecfb8f846de17ec9f872695857e4dba45a777a7b9804
3307,82.675,1.033,19.6941,True,12,mechanical_001,79d0085777a69b241e0aecfb8f846de17ec9f872695857e4dba45a777a7b9804
3308,82.7,1.0333,19.7128,True,12,mechanical_001,79d0085777a69b241e0aecfb8f846de17ec9f872695857e4dba45a777a7b9804
3309,82.725,1.0336,19.7298,True,12,mechanical_001,79d0085777a69b241e0aecfb8f846de17ec9f872695857e4dba45a777a7b9804
3310,82.75,1.0339,19.741,True,12,mechanical_001,79d0085777a69b241e0aecfb8f846de17ec9f872695857e4dba45a777a7b9804
3311,82.775,1.0342,19.7586,True,12,mechanical_001,79d0085777a69b241e0aecfb8f846de17ec9f872695857e4dba45a777a7b9804
3312,82.8,1.0345,19.7726,True,12,mechanical_001,79d0085777a69b241e0aecfb8f846de17ec9f872695857e4dba45a777a7b9804
3313,82.825,1.0349,19.787,True,12,mechanical_001,79d0085777a69b241e0aecfb8f846de17ec9f872695857e4dba45a777a7b9804
3314,82.85,1.0352,19.8013,True,12,mechanical_001,79d0085777a69b241e0aecfb8f846de17ec9f872695857e4dba45a777a7b9804
3315,82.875,1.0355,19.8173,True,12,mechanical_001,79d0085777a69b241e0aecfb8f846de17ec9f872695857e4dba45a777a7b9804
3316,82.9,1.0358,19.8315,True,12,mechanical_001,79d0085777a69b241e0aecfb8f846de17ec9f872695857e4dba45a777a7b9804
3317,82.925,1.0361,19.8398,True,12,mechanical_001,79d0085777a69b241e0aecfb8f846de17ec9f872695857e4dba45a777a7b9804
3318,82.95,1.0364,19.8433,True,12,mechanical_001,79d0085777a69b241e0aecfb8f846de17ec9f872695857e4dba45a777a7b9804
3319,82.975,1.0367,19.8475,True,12,mechanical_001,79d0085777a69b241e0aecfb8f846de17ec9f872695857e4dba45a777a7b9804
3320,83.0,1.037,19.8623,True,12,mechanical_001,79d0085777a69b241e0aecfb8f846de17ec9f872695857e4dba45a777a7b9804
3321,83.025,1.0374,19.8864,True,12,mechanical_001,79d0085777a69b241e0aecfb8f846de17ec9f872695857e4dba45a777a7b9804
3322,83.05,1.0377,19.9151,True,12,mechanical_001,79d0085777a69b241e0aecfb8f846de17ec9f872695857e4dba45a777a7b9804
3323,83.075,1.038,19.9346,True,12,mechanical_001,79d0085777a69b241e0aecfb8f846de17ec9f872695857e4dba45a777a7b9804
3324,83.1,1.0383,19.9428,True,12,mechanical_001,79d0085777a69b241e0aecfb8f846de17ec9f872695857e4dba45a777a7b9804
3325,83.125,1.0386,19.95,True,12,mechanical_001,79d0085777a69b241e0aecfb8f846de17ec9f872695857e4dba45a777a7b9804
3326,83.15,1.0389,19.952,True,12,mechanical_001,79d0085777a69b241e0aecfb8f846de17ec9f872695857e4dba45a777a7b9804
3327,83.175,1.0392,19.961,True,12,mechanical_001,79d0085777a69b241e0aecfb8f846de17ec9f872695857e4dba45a777a7b9804
3328,83.2,1.0395,19.9791,True,12,mechanical_001,79d0085777a69b241e0aecfb8f846de17ec9f872695857e4dba45a777a7b9804
3329,83.225,1.0399,19.9975,True,12,mechanical_001,79d0085777a69b241e0aecfb8f846de17ec9f872695857e4dba45a777a7b9804
3330,83.25,1.0402,20.0169,True,12,mechanical_001,79d0085777a69b241e0aecfb8f846de17ec9f872695857e4dba45a777a7b9804
3331,83.275,1.0405,20.0303,True,12,mechanical_001,79d0085777a69b241e0aecfb8f846de17ec9f872695857e4dba45a777a7b9804
3332,83.3,1.0408,20.048,True,12,mechanical_001,79d0085777a69b241e0aecfb8f846de17ec9f872695857e4dba45a777a7b9804
3333,83.325,1.0411,20.068,True,12,mechanical_001,79d0085777a69b241e0aecfb8f846de17ec9f872695857e4dba45a777a7b9804
3334,83.35,1.0414,20.0812,True,12,mechanical_001,79d0085777a69b241e0aecfb8f846de17ec9f872695857e4dba45a777a7b9804
3335,83.375,1.0417,20.0924,True,12,mechanical_001,79d0085777a69b241e0aecfb8f846de17ec9f872695857e4dba45a777a7b9804
3336,83.4,1.0421,20.099,True,12,mechanical_001,79d0085777a69b241e0aecfb8f846de17ec9f872695857e4dba45a777a7b9804
3337,83.425,1.0424,20.1051,True,12,mechanical_001,79d0085777a69b241e0aecfb8f846de17ec9f872695857e4dba45a777a7b9804
3338,83.45,1.0427,20.1255,True,12,mechanical_001,79d0085777a69b241e0aecfb8f846de17ec9f872695857e4dba45a777a7b9804
3339,83.475,1.043,20.1416,True,12,mechanical_001,79d0085777a69b241e0aecfb8f846de17ec9f872695857e4dba45a777a7b9804
3340,83.5,1.0433,20.1509,True,12,mechanical_001,79d0085777a69b241e0aecfb8f846de17ec9f872695857e4dba45a777a7b9804
3341,83.525,1.0436,20.1577,True,12,mechanical_001,79d0085777a69b241e0aecfb8f846de17ec9f872695857e4dba45a777a7b9804
3342,83.55,1.0439,20.1636,True,12,mechanical_001,79d0085777a69b241e0aecfb8f846de17ec9f872695857e4dba45a777a7b9804
3343,83.575,1.0443,20.1766,True,12,mechanical_001,79d0085777a69b241e0aecfb8f846de17ec9f872695857e4dba45a777a7b9804
3344,83.6,1.0446,20.1819,True,12,mechanical_001,79d0085777a69b241e0aecfb8f846de17ec9f872695857e4dba45a777a7b9804
3345,83.625,1.0449,20.1771,True,12,mechanical_001,79d0085777a69b241e0aecfb8f846de17ec9f872695857e4dba45a777a7b9804
3346,83.65,1.0452,20.1771,True,12,mechanical_001,79d0085777a69b241e0aecfb8f846de17ec9f872695857e4dba45a777a7b9804
3347,83.675,1.0455,20.176,True,12,mechanical_001,79d0085777a69b241e0aecfb8f846de17ec9f872695857e4dba45a777a7b9804
3348,83.7,1.0458,20.1724,True,12,mechanical_001,79d0085777a69b241e0aecfb8f846de17ec9f872695857e4dba45a777a7b9804
3349,83.725,1.0461,20.1729,True,12,mechanical_001,79d0085777a69b241e0aecfb8f846de17ec9f872695857e4dba45a777a7b9804
3350,83.75,1.0464,20.1827,True,12,mechanical_001,79d0085777a69b241e0aecfb8f846de17ec9f872695857e4dba45a777a7b9804
3351,83.775,1.0468,20.1902,True,12,mechanical_001,79d0085777a69b241e0aecfb8f846de17ec9f872695857e4dba45a777a7b9804
3352,83.8,1.0471,20.1958,True,12,mechanical_001,79d0085777a69b241e0aecfb8f846de17ec9f872695857e4dba45a777a7b9804
3353,83.825,1.0474,20.2048,True,12,mechanical_001,79d0085777a69b241e0aecfb8f846de17ec9f872695857e4dba45a777a7b9804
3354,83.85,1.0477,20.2192,True,12,mechanical_001,79d0085777a69b241e0aecfb8f846de17ec9f872695857e4dba45a777a7b9804
3355,83.875,1.048,20.2275,True,12,mechanical_001,79d0085777a69b241e0aecfb8f846de17ec9f872695857e4dba45a777a7b9804
3356,83.9,1.0483,20.2324,True,12,mechanical_001,79d0085777a69b241e0aecfb8f846de17ec9f872695857e4dba45a777a7b9804
3357,83.925,1.0486,20.225,True,12,mechanical_001,79d0085777a69b241e0aecfb8f846de17ec9f872695857e4dba45a777a7b9804
3358,83.95,1.0489,20.1993,True,12,mechanical_001,79d0085777a69b241e0aecfb8f846de17ec9f872695857e4dba45a777a7b9804
3359,83.975,1.0492,20.1765,True,12,mechanical_001,79d0085777a69b241e0aecfb8f846de17ec9f872695857e4dba45a777a7b9804
3360,84.0,1.0495,20.1734,True,12,mechanical_001,79d0085777a69b241e0aecfb8f846de17ec9f872695857e4dba45a777a7b9804
3361,84.025,1.0498,20.1999,True,12,mechanical_001,79d0085777a69b241e0aecfb8f846de17ec9f872695857e4dba45a777a7b9804
3362,84.05,1.0502,20.2434,True,12,mechanical_001,79d0085777a69b241e0aecfb8f846de17ec9f872695857e4dba45a777a7b9804
3363,84.075,1.0505,20.2963,True,12,mechanical_001,79d0085777a69b241e0aecfb8f846de17ec9f872695857e4dba45a777a7b9804
3364,84.1,1.0508,20.3397,True,12,mechanical_001,79d0085777a69b241e0aecfb8f846de17ec9f872695857e4dba45a777a7b9804
3365,84.125,1.0512,20.3675,True,12,mechanical_001,79d0085777a69b241e0aecfb8f846de17ec9f872695857e4dba45a777a7b9804
3366,84.15,1.0515,20.373,True,12,mechanical_001,79d0085777a69b241e0aecfb8f846de17ec9f872695857e4dba45a777a7b9804
3367,84.175,1.0518,20.368,True,12,mechanical_001,79d0085777a69b241e0aecfb8f846de17ec9f872695857e4dba45a777a7b9804
3368,84.2,1.0521,20.355,True,12,mechanical_001,79d0085777a69b241e0aecfb8f846de17ec9f872695857e4dba45a777a7b9804
3369,84.225,1.0524,20.3319,True,12,mechanical_001,79d0085777a69b241e0aecfb8f846de17ec9f872695857e4dba45a777a7b9804
3370,84.25,1.0527,20.3092,True,12,mechanical_001,79d0085777a69b241e0aecfb8f846de17ec9f872695857e4dba45a777a7b9804
3371,84.275,1.053,20.2859,True,12,mechanical_001,79d0085777a69b241e0aecfb8f846de17ec9f872695857e4dba45a777a7b9804
3372,84.3,1.0533,20.2611,True,12,mechanical_001,79d0085777a69b241e0aecfb8f846de17ec9f872695857e4dba45a777a7b9804
3373,84.325,1.0536,20.2394,True,12,mechanical_001,79d0085777a69b241e0aecfb8f846de17ec9f872695857e4dba45a777a7b9804
3374,84.35,1.0539,20.2249,True,12,mechanical_001,79d0085777a69b241e0aecfb8f846de17ec9f872695857e4dba45a777a7b9804
3375,84.375,1.0542,20.2205,True,12,mechanical_001,79d0085777a69b241e0aecfb8f846de17ec9f872695857e4dba45a777a7b9804
3376,84.4,1.0545,20.2277,True,12,mechanical_001,79d0085777a69b241e0aecfb8f846de17ec9f872695857e4dba45a777a7b9804
3377,84.425,1.0548,20.2479,True,12,mechanical_001,79d0085777a69b241e0aecfb8f846de17ec9f872695857e4dba45a777a7b9804
3378,84.45,1.0552,20.2729,True,12,mechanical_001,79d0085777a69b241e0aecfb8f846de17ec9f872695857e4dba45a777a7b9804
3379,84.475,1.0555,20.2938,True,12,mechanical_001,79d0085777a69b241e0aecfb8f846de17ec9f872695857e4dba45a777a7b9804
3380,84.5,1.0558,20.3091,True,12,mechanical_001,79d0085777a69b241e0aecfb8f846de17ec9f872695857e4dba45a777a7b9804
3381,84.525,1.0561,20.3179,True,12,mechanical_001,79d0085777a69b241e0aecfb8f846de17ec9f872695857e4dba45a777a7b9804
3382,84.55,1.0564,20.318,True,12,mechanical_001,79d0085777a69b241e0aecfb8f846de17ec9f872695857e4dba45a777a7b9804
3383,84.575,1.0567,20.3137,True,12,mechanical_001,79d0085777a69b241e0aecfb8f846de17ec9f872695857e4dba45a777a7b9804
3384,84.6,1.0571,20.3025,True,12,mechanical_001,79d0085777a69b241e0aecfb8f846de17ec9f872695857e4dba45a777a7b9804
3385,84.625,1.0574,20.2912,True,12,mechanical_001,79d0085777a69b241e0aecfb8f846de17ec9f872695857e4dba45a777a7b9804
3386,84.65,1.0577,20.2861,True,12,mechanical_001,79d0085777a69b241e0aecfb8f846de17ec9f872695857e4dba45a777a7b9804
3387,84.675,1.058,20.2812,True,12,mechanical_001,79d0085777a69b241e0aecfb8f846de17ec9f872695857e4dba45a777a7b9804
3388,84.7,1.0583,20.2766,True,12,mechanical_001,79d0085777a69b241e0aecfb8f846de17ec9f872695857e4dba45a777a7b9804
3389,84.725,1.0586,20.2837,True,12,mechanical_001,79d0085777a69b241e0aecfb8f846de17ec9f872695857e4dba45a777a7b9804
3390,84.75,1.0589,20.2892,True,12,mechanical_001,79d0085777a69b241e0aecfb8f846de17ec9f872695857e4dba45a777a7b9804
3391,84.775,1.0592,20.2914,True,12,mechanical_001,79d0085777a69b241e0aecfb8f846de17ec9f872695857e4dba45a777a7b9804
3392,84.8,1.0595,20.3008,True,12,mechanical_001,79d0085777a69b241e0aecfb8f846de17ec9f872695857e4dba45a777a7b9804
3393,84.825,1.0598,20.3113,True,12,mechanical_001,79d0085777a69b241e0aecfb8f846de17ec9f872695857e4dba45a777a7b9804
3394,84.85,1.0601,20.3259,True,12,mechanical_001,79d0085777a69b241e0aecfb8f846de17ec9f872695857e4dba45a777a7b9804
3395,84.875,1.0604,20.3406,True,12,mechanical_001,79d0085777a69b241e0aecfb8f846de17ec9f872695857e4dba45a777a7b9804
3396,84.9,1.0607,20.3529,True,12,mechanical_001,79d0085777a69b241e0aecfb8f846de17ec9f872695857e4dba45a777a7b9804
3397,84.925,1.061,20.3669,True,12,mechanical_001,79d0085777a69b241e0aecfb8f846de17ec9f872695857e4dba45a777a7b9804
3398,84.95,1.0614,20.3788,True,12,mechanical_001,79d0085777a69b241e0aecfb8f846de17ec9f872695857e4dba45a777a7b9804
3399,84.975,1.0617,20.3834,True,12,mechanical_001,79d0085777a69b241e0aecfb8f846de17ec9f872695857e4dba45a777a7b9804
3400,85.0,1.062,20.387,True,12,mechanical_001,79d0085777a69b241e0aecfb8f846de17ec9f872695857e4dba45a777a7b9804
3401,85.025,1.0623,20.3924,True,12,mechanical_001,79d0085777a69b241e0aecfb8f846de17ec9f872695857e4dba45a777a7b9804
3402,85.05,1.0626,20.3996,True,12,mechanical_001,79d0085777a69b241e0aecfb8f846de17ec9f872695857e4dba45a777a7b9804
3403,85.075,1.0629,20.4078,True,12,mechanical_001,79d0085777a69b241e0aecfb8f846de17ec9f872695857e4dba45a777a7b9804
3404,85.1,1.0632,20.4163,True,12,mechanical_001,79d0085777a69b241e0aecfb8f846de17ec9f872695857e4dba45a777a7b9804
3405,85.125,1.0635,20.4259,True,12,mechanical_001,79d0085777a69b241e0aecfb8f846de17ec9f872695857e4dba45a777a7b9804
3406,85.15,1.0638,20.4442,True,12,mechanical_001,79d0085777a69b241e0aecfb8f846de17ec9f872695857e4dba45a777a7b9804
3407,85.175,1.0642,20.4633,True,12,mechanical_001,79d0085777a69b241e0aecfb8f846de17ec9f872695857e4dba45a777a7b9804
3408,85.2,1.0645,20.4725,True,12,mechanical_001,79d0085777a69b241e0aecfb8f846de17ec9f872695857e4dba45a777a7b9804
3409,85.225,1.0648,20.4731,True,12,mechanical_001,79d0085777a69b241e0aecfb8f846de17ec9f872695857e4dba45a777a7b9804
3410,85.25,1.0651,20.468,True,12,mechanical_001,79d0085777a69b241e0aecfb8f846de17ec9f872695857e4dba45a777a7b9804
3411,85.275,1.0654,20.4623,True,12,mechanical_001,79d0085777a69b241e0aecfb8f846de17ec9f872695857e4dba45a777a7b9804
3412,85.3,1.0657,20.4559,True,12,mechanical_001,79d0085777a69b241e0aecfb8f846de17ec9f872695857e4dba45a777a7b9804
3413,85.325,1.066,20.4478,True,12,mechanical_001,79d0085777a69b241e0aecfb8f846de17ec9f872695857e4dba45a777a7b9804
3414,85.35,1.0663,20.4433,True,12,mechanical_001,79d0085777a69b241e0aecfb8f846de17ec9f872695857e4dba45a777a7b9804
3415,85.375,1.0666,20.441,True,12,mechanical_001,79d0085777a69b241e0aecfb8f846de17ec9f872695857e4dba45a777a7b9804
3416,85.4,1.0669,20.4409,True,12,mechanical_001,79d0085777a69b241e0aecfb8f846de17ec9f872695857e4dba45a777a7b9804
3417,85.425,1.0673,20.4451,True,12,mechanical_001,79d0085777a69b241e0aecfb8f846de17ec9f872695857e4dba45a777a7b9804
3418,85.45,1.0676,20.4581,True,12,mechanical_001,79d0085777a69b241e0aecfb8f846de17ec9f872695857e4dba45a777a7b9804
3419,85.475,1.0679,20.4834,True,12,mechanical_001,79d0085777a69b241e0aecfb8f846de17ec9f872695857e4dba45a777a7b9804
3420,85.5,1.0682,20.5199,True,12,mechanical_001,79d0085777a69b241e0aecfb8f846de17ec9f872695857e4dba45a777a7b9804
3421,85.525,1.0686,20.5516,True,12,mechanical_001,79d0085777a69b241e0aecfb8f846de17ec9f872695857e4dba45a777a7b9804
3422,85.55,1.0689,20.5764,True,12,mechanical_001,79d0085777a69b241e0aecfb8f846de17ec9f872695857e4dba45a777a7b9804
3423,85.575,1.0692,20.5875,True,12,mechanical_001,79d0085777a69b241e0aecfb8f846de17ec9f872695857e4dba45a777a7b9804
3424,85.6,1.0695,20.5914,True,12,mechanical_001,79d0085777a69b241e0aecfb8f846de17ec9f872695857e4dba45a777a7b9804
3425,85.625,1.0698,20.5939,True,12,mechanical_001,79d0085777a69b241e0aecfb8f846de17ec9f872695857e4dba45a777a7b9804
3426,85.65,1.0702,20.592,True,12,mechanical_001,79d0085777a69b241e0aecfb8f846de17ec9f872695857e4dba45a777a7b9804
3427,85.675,1.0705,20.5884,True,12,mechanical_001,79d0085777a69b241e0aecfb8f846de17ec9f872695857e4dba45a777a7b9804
3428,85.7,1.0708,20.5883,True,12,mechanical_001,79d0085777a69b241e0aecfb8f846de17ec9f872695857e4dba45a777a7b9804
3429,85.725,1.0711,20.5809,True,12,mechanical_001,79d0085777a69b241e0aecfb8f846de17ec9f872695857e4dba45a777a7b9804
3430,85.75,1.0714,20.5633,True,12,mechanical_001,79d0085777a69b241e0aecfb8f846de17ec9f872695857e4dba45a777a7b9804
3431,85.775,1.0717,20.5456,True,12,mechanical_001,79d0085777a69b241e0aecfb8f846de17ec9f872695857e4dba45a777a7b9804
3432,85.8,1.072,20.5342,True,12,mechanical_001,79d0085777a69b241e0aecfb8f846de17ec9f872695857e4dba45a777a7b9804
3433,85.825,1.0723,20.5274,True,12,mechanical_001,79d0085777a69b241e0aecfb8f846de17ec9f872695857e4dba45a777a7b9804
3434,85.85,1.0727,20.5208,True,12,mechanical_001,79d0085777a69b241e0aecfb8f846de17ec9f872695857e4dba45a777a7b9804
3435,85.875,1.073,20.5084,True,12,mechanical_001,79d0085777a69b241e0aecfb8f846de17ec9f872695857e4dba45a777a7b9804
3436,85.9,1.0733,20.5015,True,12,mechanical_001,79d0085777a69b241e0aecfb8f846de17ec9f872695857e4dba45a777a7b9804
3437,85.925,1.0736,20.5036,True,12,mechanical_001,79d0085777a69b241e0aecfb8f846de17ec9f872695857e4dba45a777a7b9804
3438,85.95,1.0739,20.5144,True,12,mechanical_001,79d0085777a69b241e0aecfb8f846de17ec9f872695857e4dba45a777a7b9804
3439,85.975,1.0742,20.5268,True,12,mechanical_001,79d0085777a69b241e0aecfb8f846de17ec9f872695857e4dba45a777a7b9804
3440,86.0,1.0745,20.5392,True,12,mechanical_001,79d0085777a69b241e0aecfb8f846de17ec9f872695857e4dba45a777a7b9804
3441,86.025,1.0749,20.5432,True,12,mechanical_001,79d0085777a69b241e0aecfb8f846de17ec9f872695857e4dba45a777a7b9804
3442,86.05,1.0752,20.5402,True,12,mechanical_001,79d0085777a69b241e0aecfb8f846de17ec9f872695857e4dba45a777a7b9804
3443,86.075,1.0755,20.5411,True,12,mechanical_001,79d0085777a69b241e0aecfb8f846de17ec9f872695857e4dba45a777a7b9804
3444,86.1,1.0758,20.5462,True,12,mechanical_001,79d0085777a69b241e0aecfb8f846de17ec9f872695857e4dba45a777a7b9804
3445,86.125,1.0761,20.5489,True,12,mechanical_001,79d0085777a69b241e0aecfb8f846de17ec9f872695857e4dba45a777a7b9804
3446,86.15,1.0764,20.5526,True,12,mechanical_001,79d0085777a69b241e0aecfb8f846de17ec9f872695857e4dba45a777a7b9804
3447,86.175,1.0767,20.5543,True,12,mechanical_001,79d0085777a69b241e0aecfb8f846de17ec9f872695857e4dba45a777a7b9804
3448,86.2,1.077,20.5473,True,12,mechanical_001,79d0085777a69b241e0aecfb8f846de17ec9f872695857e4dba45a777a7b9804
3449,86.225,1.0774,20.54,True,12,mechanical_001,79d0085777a69b241e0aecfb8f846de17ec9f872695857e4dba45a777a7b9804
3450,86.25,1.0777,20.5357,True,12,mechanical_001,79d0085777a69b241e0aecfb8f846de17ec9f872695857e4dba45a777a7b9804
3451,86.275,1.078,20.5351,True,12,mechanical_001,79d0085777a69b241e0aecfb8f846de17ec9f872695857e4dba45a777a7b9804
3452,86.3,1.0783,20.5353,True,12,mechanical_001,79d0085777a69b241e0aecfb8f846de17ec9f872695857e4dba45a777a7b9804
3453,86.325,1.0786,20.5375,True,12,mechanical_001,79d0085777a69b241e0aecfb8f846de17ec9f872695857e4dba45a777a7b9804
3454,86.35,1.0789,20.5436,True,12,mechanical_001,79d0085777a69b241e0aecfb8f846de17ec9f872695857e4dba45a777a7b9804
3455,86.375,1.0792,20.5397,True,12,mechanical_001,79d0085777a69b241e0aecfb8f846de17ec9f872695857e4dba45a777a7b9804
3456,86.4,1.0795,20.5382,True,12,mechanical_001,79d0085777a69b241e0aecfb8f846de17ec9f872695857e4dba45a777a7b9804
3457,86.425,1.0799,20.5365,True,12,mechanical_001,79d0085777a69b241e0aecfb8f846de17ec9f872695857e4dba45a777a7b9804
3458,86.45,1.0802,20.5385,True,12,mechanical_001,79d0085777a69b241e0aecfb8f846de17ec9f872695857e4dba45a777a7b9804
3459,86.475,1.0805,20.5405,True,12,mechanical_001,79d0085777a69b241e0aecfb8f846de17ec9f872695857e4dba45a777a7b9804
3460,86.5,1.0808,20.5386,True,12,mechanical_001,79d0085777a69b241e0aecfb8f846de17ec9f872695857e4dba45a777a7b9804
3461,86.525,1.0811,20.529,True,12,mechanical_001,79d0085777a69b241e0aecfb8f846de17ec9f872695857e4dba45a777a7b9804
3462,86.55,1.0814,20.5299,True,12,mechanical_001,79d0085777a69b241e0aecfb8f846de17ec9f872695857e4dba45a777a7b9804
3463,86.575,1.0817,20.5411,True,12,mechanical_001,79d0085777a69b241e0aecfb8f846de17ec9f872695857e4dba45a777a7b9804
3464,86.6,1.0821,20.5541,True,12,mechanical_001,79d0085777a69b241e0aecfb8f846de17ec9f872695857e4dba45a777a7b9804
3465,86.625,1.0824,20.5593,True,12,mechanical_001,79d0085777a69b241e0aecfb8f846de17ec9f872695857e4dba45a777a7b9804
3466,86.65,1.0827,20.5468,True,12,mechanical_001,79d0085777a69b241e0aecfb8f846de17ec9f872695857e4dba45a777a7b9804
3467,86.675,1.083,20.5203,True,12,mechanical_001,79d0085777a69b241e0aecfb8f846de17ec9f872695857e4dba45a777a7b9804
3468,86.7,1.0833,20.4984,True,12,mechanical_001,79d0085777a69b241e0aecfb8f846de17ec9f872695857e4dba45a777a7b9804
3469,86.725,1.0836,20.4842,True,12,mechanical_001,79d0085777a69b241e0aecfb8f846de17ec9f872695857e4dba45a777a7b9804
3470,86.75,1.0839,20.4813,True,12,mechanical_001,79d0085777a69b241e0aecfb8f846de17ec9f872695857e4dba45a777a7b9804
3471,86.775,1.0842,20.4835,True,12,mechanical_001,79d0085777a69b241e0aecfb8f846de17ec9f872695857e4dba45a777a7b9804
3472,86.8,1.0845,20.4877,True,12,mechanical_001,79d0085777a69b241e0aecfb8f846de17ec9f872695857e4dba45a777a7b9804
3473,86.825,1.0849,20.4866,True,12,mechanical_001,79d0085777a69b241e0aecfb8f846de17ec9f872695857e4dba45a777a7b9804
3474,86.85,1.0852,20.4845,True,12,mechanical_001,79d0085777a69b241e0aecfb8f846de17ec9f872695857e4dba45a777a7b9804
3475,86.875,1.0855,20.4877,True,12,mechanical_001,79d0085777a69b241e0aecfb8f846de17ec9f872695857e4dba45a777a7b9804
3476,86.9,1.0858,20.4935,True,12,mechanical_001,79d0085777a69b241e0aecfb8f846de17ec9f872695857e4dba45a777a7b9804
3477,86.925,1.0861,20.4973,True,12,mechanical_001,79d0085777a69b241e0aecfb8f846de17ec9f872695857e4dba45a777a7b9804
3478,86.95,1.0865,20.4953,True,12,mechanical_001,79d0085777a69b241e0aecfb8f846de17ec9f872695857e4dba45a777a7b9804
3479,86.975,1.0868,20.4866,True,12,mechanical_001,79d0085777a69b241e0aecfb8f846de17ec9f872695857e4dba45a777a7b9804
3480,87.0,1.0871,20.4823,True,12,mechanical_001,79d0085777a69b241e0aecfb8f846de17ec9f872695857e4dba45a777a7b9804
3481,87.025,1.0874,20.4745,True,12,mechanical_001,79d0085777a69b241e0aecfb8f846de17ec9f872695857e4dba45a777a7b9804
3482,87.05,1.0877,20.4677,True,12,mechanical_001,79d0085777a69b241e0aecfb8f846de17ec9f872695857e4dba45a777a7b9804
3483,87.075,1.088,20.4678,True,12,mechanical_001,79d0085777a69b241e0aecfb8f846de17ec9f872695857e4dba45a777a7b9804
3484,87.1,1.0883,20.4666,True,12,mechanical_001,79d0085777a69b241e0aecfb8f846de17ec9f872695857e4dba45a777a7b9804
3485,87.125,1.0886,20.4685,True,12,mechanical_001,79d0085777a69b241e0aecfb8f846de17ec9f872695857e4dba45a777a7b9804
3486,87.15,1.089,20.4811,True,12,mechanical_001,79d0085777a69b241e0aecfb8f846de17ec9f872695857e4dba45a777a7b9804
3487,87.175,1.0893,20.501,True,12,mechanical_001,79d0085777a69b241e0aecfb8f846de17ec9f872695857e4dba45a777a7b9804
3488,87.2,1.0896,20.516,True,12,mechanical_001,79d0085777a69b241e0aecfb8f846de17ec9f872695857e4dba45a777a7b9804
3489,87.225,1.0899,20.5318,True,12,mechanical_001,79d0085777a69b241e0aecfb8f846de17ec9f872695857e4dba45a777a7b9804
3490,87.25,1.0902,20.5494,True,12,mechanical_001,79d0085777a69b241e0aecfb8f846de17ec9f872695857e4dba45a777a7b9804
3491,87.275,1.0906,20.5721,True,12,mechanical_001,79d0085777a69b241e0aecfb8f846de17ec9f872695857e4dba45a777a7b9804
3492,87.3,1.0909,20.5901,True,12,mechanical_001,79d0085777a69b241e0aecfb8f846de17ec9f872695857e4dba45a777a7b9804
3493,87.325,1.0912,20.6029,True,12,mechanical_001,79d0085777a69b241e0aecfb8f846de17ec9f872695857e4dba45a777a7b9804
3494,87.35,1.0915,20.6125,True,12,mechanical_001,79d0085777a69b241e0aecfb8f846de17ec9f872695857e4dba45a777a7b9804
3495,87.375,1.0918,20.6327,True,12,mechanical_001,79d0085777a69b241e0aecfb8f846de17ec9f872695857e4dba45a777a7b9804
3496,87.4,1.0922,20.6574,True,12,mechanical_001,79d0085777a69b241e0aecfb8f846de17ec9f872695857e4dba45a777a7b9804
3497,87.425,1.0925,20.6791,True,12,mechanical_001,79d0085777a69b241e0aecfb8f846de17ec9f872695857e4dba45a777a7b9804
3498,87.45,1.0928,20.7018,True,12,mechanical_001,79d0085777a69b241e0aecfb8f846de17ec9f872695857e4dba45a777a7b9804
3499,87.475,1.0932,20.7247,True,12,mechanical_001,79d0085777a69b241e0aecfb8f846de17ec9f872695857e4dba45a777a7b9804
3500,87.5,1.0935,20.7378,True,12,mechanical_001,79d0085777a69b241e0aecfb8f846de17ec9f872695857e4dba45a777a7b9804
3501,87.525,1.0938,20.7349,True,12,mechanical_001,79d0085777a69b241e0aecfb8f846de17ec9f872695857e4dba45a777a7b9804
3502,87.55,1.0941,20.7178,True,12,mechanical_001,79d0085777a69b241e0aecfb8f846de17ec9f872695857e4dba45a777a7b9804
3503,87.575,1.0944,20.7017,True,12,mechanical_001,79d0085777a69b241e0aecfb8f846de17ec9f872695857e4dba45a777a7b9804
3504,87.6,1.0948,20.6886,True,12,mechanical_001,79d0085777a69b241e0aecfb8f846de17ec9f872695857e4dba45a777a7b9804
3505,87.625,1.0951,20.6622,True,12,mechanical_001,79d0085777a69b241e0aecfb8f846de17ec9f872695857e4dba45a777a7b9804
3506,87.65,1.0954,20.6484,True,12,mechanical_001,79d0085777a69b241e0aecfb8f846de17ec9f872695857e4dba45a777a7b9804
3507,87.675,1.0957,20.6532,True,12,mechanical_001,79d0085777a69b241e0aecfb8f846de17ec9f872695857e4dba45a777a7b9804
3508,87.7,1.096,20.6592,True,12,mechanical_001,79d0085777a69b241e0aecfb8f846de17ec9f872695857e4dba45a777a7b9804
3509,87.725,1.0963,20.6612,True,12,mechanical_001,79d0085777a69b241e0aecfb8f846de17ec9f872695857e4dba45a777a7b9804
3510,87.75,1.0966,20.6549,True,12,mechanical_001,79d0085777a69b241e0aecfb8f846de17ec9f872695857e4dba45a777a7b9804
3511,87.775,1.097,20.6489,True,12,mechanical_001,79d0085777a69b241e0aecfb8f846de17ec9f872695857e4dba45a777a7b9804
3512,87.8,1.0973,20.6456,True,12,mechanical_001,79d0085777a69b241e0aecfb8f846de17ec9f872695857e4dba45a777a7b9804
3513,87.825,1.0976,20.6419,True,12,mechanical_001,79d0085777a69b241e0aecfb8f846de17ec9f872695857e4dba45a777a7b9804
3514,87.85,1.0979,20.6377,True,12,mechanical_001,79d0085777a69b241e0aecfb8f846de17ec9f872695857e4dba45a777a7b9804
3515,87.875,1.0982,20.6523,True,12,mechanical_001,79d0085777a69b241e0aecfb8f846de17ec9f872695857e4dba45a777a7b9804
3516,87.9,1.0985,20.6759,True,12,mechanical_001,79d0085777a69b241e0aecfb8f846de17ec9f872695857e4dba45a777a7b9804
3517,87.925,1.0988,20.6915,True,12,mechanical_001,79d0085777a69b241e0aecfb8f846de17ec9f872695857e4dba45a777a7b9804
3518,87.95,1.0991,20.6967,True,12,mechanical_001,79d0085777a69b241e0aecfb8f846de17ec9f872695857e4dba45a777a7b9804
3519,87.975,1.0994,20.7013,True,12,mechanical_001,79d0085777a69b241e0aecfb8f846de17ec9f872695857e4dba45a777a7b9804
3520,88.0,1.0998,20.7082,True,12,mechanical_001,79d0085777a69b241e0aecfb8f846de17ec9f872695857e4dba45a777a7b9804
3521,88.025,1.1001,20.719,True,12,mechanical_001,79d0085777a69b241e0aecfb8f846de17ec9f872695857e4dba45a777a7b9804
3522,88.05,1.1004,20.7245,True,12,mechanical_001,79d0085777a69b241e0aecfb8f846de17ec9f872695857e4dba45a777a7b9804
3523,88.075,1.1007,20.7402,True,12,mechanical_001,79d0085777a69b241e0aecfb8f846de17ec9f872695857e4dba45a777a7b9804
3524,88.1,1.101,20.7577,True,12,mechanical_001,79d0085777a69b241e0aecfb8f846de17ec9f872695857e4dba45a777a7b9804
3525,88.125,1.1013,20.7669,True,12,mechanical_001,79d0085777a69b241e0aecfb8f846de17ec9f872695857e4dba45a777a7b9804
3526,88.15,1.1016,20.7689,True,12,mechanical_001,79d0085777a69b241e0aecfb8f846de17ec9f872695857e4dba45a777a7b9804
3527,88.175,1.1019,20.7713,True,12,mechanical_001,79d0085777a69b241e0aecfb8f846de17ec9f872695857e4dba45a777a7b9804
3528,88.2,1.1023,20.7797,True,12,mechanical_001,79d0085777a69b241e0aecfb8f846de17ec9f872695857e4dba45a777a7b9804
3529,88.225,1.1026,20.7893,True,12,mechanical_001,79d0085777a69b241e0aecfb8f846de17ec9f872695857e4dba45a777a7b9804
3530,88.25,1.1029,20.7979,True,12,mechanical_001,79d0085777a69b241e0aecfb8f846de17ec9f872695857e4dba45a777a7b9804
3531,88.275,1.1032,20.8045,True,12,mechanical_001,79d0085777a69b241e0aecfb8f846de17ec9f872695857e4dba45a777a7b9804
3532,88.3,1.1035,20.8097,True,12,mechanical_001,79d0085777a69b241e0aecfb8f846de17ec9f872695857e4dba45a777a7b9804
3533,88.325,1.1038,20.8173,True,12,mechanical_001,79d0085777a69b241e0aecfb8f846de17ec9f872695857e4dba45a777a7b9804
3534,88.35,1.1041,20.832,True,12,mechanical_001,79d0085777a69b241e0aecfb8f846de17ec9f872695857e4dba45a777a7b9804
3535,88.375,1.1045,20.8538,True,12,mechanical_001,79d0085777a69b241e0aecfb8f846de17ec9f872695857e4dba45a777a7b9804
3536,88.4,1.1048,20.876,True,12,mechanical_001,79d0085777a69b241e0aecfb8f846de17ec9f872695857e4dba45a777a7b9804
3537,88.425,1.1051,20.8901,True,12,mechanical_001,79d0085777a69b241e0aecfb8f846de17ec9f872695857e4dba45a777a7b9804
3538,88.45,1.1054,20.8979,True,12,mechanical_001,79d0085777a69b241e0aecfb8f846de17ec9f872695857e4dba45a777a7b9804
3539,88.475,1.1057,20.8972,True,12,mechanical_001,79d0085777a69b241e0aecfb8f846de17ec9f872695857e4dba45a777a7b9804
3540,88.5,1.106,20.8956,True,12,mechanical_001,79d0085777a69b241e0aecfb8f846de17ec9f872695857e4dba45a777a7b9804
3541,88.525,1.1063,20.8982,True,12,mechanical_001,79d0085777a69b241e0aecfb8f846de17ec9f872695857e4dba45a777a7b9804
3542,88.55,1.1066,20.9054,True,12,mechanical_001,79d0085777a69b241e0aecfb8f846de17ec9f872695857e4dba45a777a7b9804
3543,88.575,1.107,20.9045,True,12,mechanical_001,79d0085777a69b241e0aecfb8f846de17ec9f872695857e4dba45a777a7b9804
3544,88.6,1.1073,20.9015,True,12,mechanical_001,79d0085777a69b241e0aecfb8f846de17ec9f872695857e4dba45a777a7b9804
3545,88.625,1.1076,20.9028,True,12,mechanical_001,79d0085777a69b241e0aecfb8f846de17ec9f872695857e4dba45a777a7b9804
3546,88.65,1.1079,20.9124,True,12,mechanical_001,79d0085777a69b241e0aecfb8f846de17ec9f872695857e4dba45a777a7b9804
3547,88.675,1.1082,20.9257,True,12,mechanical_001,79d0085777a69b241e0aecfb8f846de17ec9f872695857e4dba45a777a7b9804
3548,88.7,1.1085,20.9415,True,12,mechanical_001,79d0085777a69b241e0aecfb8f846de17ec9f872695857e4dba45a777a7b9804
3549,88.725,1.1088,20.9569,True,12,mechanical_001,79d0085777a69b241e0aecfb8f846de17ec9f872695857e4dba45a777a7b9804
3550,88.75,1.1091,20.976,True,12,mechanical_001,79d0085777a69b241e0aecfb8f846de17ec9f872695857e4dba45a777a7b9804
3551,88.775,1.1094,20.9854,True,12,mechanical_001,79d0085777a69b241e0aecfb8f846de17ec9f872695857e4dba45a777a7b9804
3552,88.8,1.1097,20.986,True,12,mechanical_001,79d0085777a69b241e0aecfb8f846de17ec9f872695857e4dba45a777a7b9804
3553,88.825,1.1101,20.9873,True,12,mechanical_001,79d0085777a69b241e0aecfb8f846de17ec9f872695857e4dba45a777a7b9804
3554,88.85,1.1104,20.9911,True,12,mechanical_001,79d0085777a69b241e0aecfb8f846de17ec9f872695857e4dba45a777a7b9804
3555,88.875,1.1107,21.0024,True,12,mechanical_001,79d0085777a69b241e0aecfb8f846de17ec9f872695857e4dba45a777a7b9804
3556,88.9,1.111,21.0148,True,12,mechanical_001,79d0085777a69b241e0aecfb8f846de17ec9f872695857e4dba45a777a7b9804
3557,88.925,1.1113,21.0253,True,12,mechanical_001,79d0085777a69b241e0aecfb8f846de17ec9f872695857e4dba45a777a7b9804
3558,88.95,1.1116,21.0385,True,12,mechanical_001,79d0085777a69b241e0aecfb8f846de17ec9f872695857e4dba45a777a7b9804
3559,88.975,1.1119,21.0483,True,12,mechanical_001,79d0085777a69b241e0aecfb8f846de17ec9f872695857e4dba45a777a7b9804
3560,89.0,1.1122,21.052,True,12,mechanical_001,79d0085777a69b241e0aecfb8f846de17ec9f872695857e4dba45a777a7b9804
3561,89.025,1.1126,21.0608,True,12,mechanical_001,79d0085777a69b241e0aecfb8f846de17ec9f872695857e4dba45a777a7b9804
3562,89.05,1.1129,21.0657,True,12,mechanical_001,79d0085777a69b241e0aecfb8f846de17ec9f872695857e4dba45a777a7b9804
3563,89.075,1.1132,21.0705,True,12,mechanical_001,79d0085777a69b241e0aecfb8f846de17ec9f872695857e4dba45a777a7b9804
3564,89.1,1.1135,21.0797,True,12,mechanical_001,79d0085777a69b241e0aecfb8f846de17ec9f872695857e4dba45a777a7b9804
3565,89.125,1.1138,21.0897,True,12,mechanical_001,79d0085777a69b241e0aecfb8f846de17ec9f872695857e4dba45a777a7b9804
3566,89.15,1.1141,21.0974,True,12,mechanical_001,79d0085777a69b241e0aecfb8f846de17ec9f872695857e4dba45a777a7b9804
3567,89.175,1.1144,21.1036,True,12,mechanical_001,79d0085777a69b241e0aecfb8f846de17ec9f872695857e4dba45a777a7b9804
3568,89.2,1.1148,21.1055,True,12,mechanical_001,79d0085777a69b241e0aecfb8f846de17ec9f872695857e4dba45a777a7b9804
3569,89.225,1.1151,21.1144,True,12,mechanical_001,79d0085777a69b241e0aecfb8f846de17ec9f872695857e4dba45a777a7b9804
3570,89.25,1.1154,21.1287,True,12,mechanical_001,79d0085777a69b241e0aecfb8f846de17ec9f872695857e4dba45a777a7b9804
3571,89.275,1.1157,21.1435,True,12,mechanical_001,79d0085777a69b241e0aecfb8f846de17ec9f872695857e4dba45a777a7b9804
3572,89.3,1.116,21.1447,True,12,mechanical_001,79d0085777a69b241e0aecfb8f846de17ec9f872695857e4dba45a777a7b9804
3573,89.325,1.1163,21.1336,True,12,mechanical_001,79d0085777a69b241e0aecfb8f846de17ec9f872695857e4dba45a777a7b9804
3574,89.35,1.1166,21.1154,True,12,mechanical_001,79d0085777a69b241e0aecfb8f846de17ec9f872695857e4dba45a777a7b9804
3575,89.375,1.1169,21.0886,True,12,mechanical_001,79d0085777a69b241e0aecfb8f846de17ec9f872695857e4dba45a777a7b9804
3576,89.4,1.1172,21.0705,True,12,mechanical_001,79d0085777a69b241e0aecfb8f846de17ec9f872695857e4dba45a777a7b9804
3577,89.425,1.1175,21.0641,True,12,mechanical_001,79d0085777a69b241e0aecfb8f846de17ec9f872695857e4dba45a777a7b9804
3578,89.45,1.1178,21.0626,True,12,mechanical_001,79d0085777a69b241e0aecfb8f846de17ec9f872695857e4dba45a777a7b9804
3579,89.475,1.1181,21.0763,True,12,mechanical_001,79d0085777a69b241e0aecfb8f846de17ec9f872695857e4dba45a777a7b9804
3580,89.5,1.1184,21.1074,False,12,mechanical_001,79d0085777a69b241e0aecfb8f846de17ec9f872695857e4dba45a777a7b9804
3581,89.525,1.1187,21.1543,False,12,mechanical_001,79d0085777a69b241e0aecfb8f846de17ec9f872695857e4dba45a777a7b9804
3582,89.55,1.1191,21.21,False,12,mechanical_001,79d0085777a69b241e0aecfb8f846de17ec9f872695857e4dba45a777a7b9804
3583,89.575,1.1194,21.2754,False,12,mechanical_001,79d0085777a69b241e0aecfb8f846de17ec9f872695857e4dba45a777a7b9804
3584,89.6,1.1197,21.3358,False,12,mechanical_001,79d0085777a69b241e0aecfb8f846de17ec9f872695857e4dba45a777a7b9804
3585,89.625,1.1201,21.3759,False,12,mechanical_001,79d0085777a69b241e0aecfb8f846de17ec9f872695857e4dba45a777a7b9804
3586,89.65,1.1204,21.3934,False,12,mechanical_001,79d0085777a69b241e0aecfb8f846de17ec9f872695857e4dba45a777a7b9804
3587,89.675,1.1207,21.3905,False,12,mechanical_001,79d0085777a69b241e0aecfb8f846de17ec9f872695857e4dba45a777a7b9804
3588,89.7,1.121,21.38,False,12,mechanical_001,79d0085777a69b241e0aecfb8f846de17ec9f872695857e4dba45a777a7b9804
3589,89.725,1.1213,21.363,False,12,mechanical_001,79d0085777a69b241e0aecfb8f846de17ec9f872695857e4dba45a777a7b9804
3590,89.75,1.1216,21.3434,False,12,mechanical_001,79d0085777a69b241e0aecfb8f846de17ec9f872695857e4dba45a777a7b9804
3591,89.775,1.1219,21.3228,False,12,mechanical_001,79d0085777a69b241e0aecfb8f846de17ec9f872695857e4dba45a777a7b9804
3592,89.8,1.1222,21.3134,False,12,mechanical_001,79d0085777a69b241e0aecfb8f846de17ec9f872695857e4dba45a777a7b9804
3593,89.825,1.1225,21.3182,False,12,mechanical_001,79d0085777a69b241e0aecfb8f846de17ec9f872695857e4dba45a777a7b9804
3594,89.85,1.1228,21.3293,False,12,mechanical_001,79d0085777a69b241e0aecfb8f846de17ec9f872695857e4dba45a777a7b9804
3595,89.875,1.1231,21.3373,False,12,mechanical_001,79d0085777a69b241e0aecfb8f846de17ec9f872695857e4dba45a777a7b9804
3596,89.9,1.1234,21.3435,False,12,mechanical_001,79d0085777a69b241e0aecfb8f846de17ec9f872695857e4dba45a777a7b9804
3597,89.925,1.1237,21.3512,False,12,mechanical_001,79d0085777a69b241e0aecfb8f846de17ec9f872695857e4dba45a777a7b9804
3598,89.95,1.124,21.3616,False,12,mechanical_001,79d0085777a69b241e0aecfb8f846de17ec9f872695857e4dba45a777a7b9804
3599,89.975,1.1243,21.3767,False,12,mechanical_001,79d0085777a69b241e0aecfb8f846de17ec9f872695857e4dba45a777a7b9804
3600,90.0,1.1247,21.3933,False,12,mechanical_001,79d0085777a69b241e0aecfb8f846de17ec9f872695857e4dba45a777a7b9804
3601,90.025,1.125,21.4137,False,12,mechanical_001,79d0085777a69b241e0aecfb8f846de17ec9f872695857e4dba45a777a7b9804
3602,90.05,1.1253,21.4344,False,12,mechanical_001,79d0085777a69b241e0aecfb8f846de17ec9f872695857e4dba45a777a7b9804
3603,90.075,1.1256,21.4513,False,12,mechanical_001,79d0085777a69b241e0aecfb8f846de17ec9f872695857e4dba45a777a7b9804
3604,90.1,1.1259,21.4654,False,12,mechanical_001,79d0085777a69b241e0aecfb8f846de17ec9f872695857e4dba45a777a7b9804
3605,90.125,1.1262,21.4876,False,12,mechanical_001,79d0085777a69b241e0aecfb8f846de17ec9f872695857e4dba45a777a7b9804
3606,90.15,1.1265,21.5101,False,12,mechanical_001,79d0085777a69b241e0aecfb8f846de17ec9f872695857e4dba45a777a7b9804
3607,90.175,1.1269,21.5301,False,12,mechanical_001,79d0085777a69b241e0aecfb8f846de17ec9f872695857e4dba45a777a7b9804
3608,90.2,1.1272,21.5476,False,12,mechanical_001,79d0085777a69b241e0aecfb8f846de17ec9f872695857e4dba45a777a7b9804
3609,90.225,1.1275,21.5616,False,12,mechanical_001,79d0085777a69b241e0aecfb8f846de17ec9f872695857e4dba45a777a7b9804
3610,90.25,1.1278,21.5809,False,12,mechanical_001,79d0085777a69b241e0aecfb8f846de17ec9f872695857e4dba45a777a7b9804
3611,90.275,1.1281,21.6031,False,12,mechanical_001,79d0085777a69b241e0aecfb8f846de17ec9f872695857e4dba45a777a7b9804
3612,90.3,1.1285,21.6207,False,12,mechanical_001,79d0085777a69b241e0aecfb8f846de17ec9f872695857e4dba45a777a7b9804
3613,90.325,1.1288,21.638,False,12,mechanical_001,79d0085777a69b241e0aecfb8f846de17ec9f872695857e4dba45a777a7b9804
3614,90.35,1.1291,21.6618,False,12,mechanical_001,79d0085777a69b241e0aecfb8f846de17ec9f872695857e4dba45a777a7b9804
3615,90.375,1.1294,21.6921,False,12,mechanical_001,79d0085777a69b241e0aecfb8f846de17ec9f872695857e4dba45a777a7b9804
3616,90.4,1.1298,21.7105,False,12,mechanical_001,79d0085777a69b241e0aecfb8f846de17ec9f872695857e4dba45a777a7b9804
3617,90.425,1.1301,21.7116,False,12,mechanical_001,79d0085777a69b241e0aecfb8f846de17ec9f872695857e4dba45a777a7b9804
3618,90.45,1.1304,21.7055,False,12,mechanical_001,79d0085777a69b241e0aecfb8f846de17ec9f872695857e4dba45a777a7b9804
3619,90.475,1.1307,21.6918,False,12,mechanical_001,79d0085777a69b241e0aecfb8f846de17ec9f872695857e4dba45a777a7b9804
3620,90.5,1.131,21.6752,False,12,mechanical_001,79d0085777a69b241e0aecfb8f846de17ec9f872695857e4dba45a777a7b9804
3621,90.525,1.1313,21.6691,False,12,mechanical_001,79d0085777a69b241e0aecfb8f846de17ec9f872695857e4dba45a777a7b9804
3622,90.55,1.1316,21.6767,False,12,mechanical_001,79d0085777a69b241e0aecfb8f846de17ec9f872695857e4dba45a777a7b9804
3623,90.575,1.1319,21.6935,False,12,mechanical_001,79d0085777a69b241e0aecfb8f846de17ec9f872695857e4dba45a777a7b9804
3624,90.6,1.1322,21.7104,False,12,mechanical_001,79d0085777a69b241e0aecfb8f846de17ec9f872695857e4dba45a777a7b9804
3625,90.625,1.1326,21.7317,False,12,mechanical_001,79d0085777a69b241e0aecfb8f846de17ec9f872695857e4dba45a777a7b9804
3626,90.65,1.1329,21.754,False,12,mechanical_001,79d0085777a69b241e0aecfb8f846de17ec9f872695857e4dba45a777a7b9804
3627,90.675,1.1332,21.7698,False,12,mechanical_001,79d0085777a69b241e0aecfb8f846de17ec9f872695857e4dba45a777a7b9804
3628,90.7,1.1335,21.7804,False,12,mechanical_001,79d0085777a69b241e0aecfb8f846de17ec9f872695857e4dba45a777a7b9804
3629,90.725,1.1338,21.7898,False,12,mechanical_001,79d0085777a69b241e0aecfb8f846de17ec9f872695857e4dba45a777a7b9804
3630,90.75,1.1341,21.7934,False,12,mechanical_001,79d0085777a69b241e0aecfb8f846de17ec9f872695857e4dba45a777a7b9804
3631,90.775,1.1344,21.7883,False,12,mechanical_001,79d0085777a69b241e0aecfb8f846de17ec9f872695857e4dba45a777a7b9804
3632,90.8,1.1347,21.7797,False,12,mechanical_001,79d0085777a69b241e0aecfb8f846de17ec9f872695857e4dba45a777a7b9804
3633,90.825,1.135,21.7797,False,12,mechanical_001,79d0085777a69b241e0aecfb8f846de17ec9f872695857e4dba45a777a7b9804
3634,90.85,1.1354,21.7908,False,12,mechanical_001,79d0085777a69b241e0aecfb8f846de17ec9f872695857e4dba45a777a7b9804
3635,90.875,1.1357,21.8108,False,12,mechanical_001,79d0085777a69b241e0aecfb8f846de17ec9f872695857e4dba45a777a7b9804
3636,90.9,1.136,21.831,False,12,mechanical_001,79d0085777a69b241e0aecfb8f846de17ec9f872695857e4dba45a777a7b9804
3637,90.925,1.1363,21.8539,False,12,mechanical_001,79d0085777a69b241e0aecfb8f846de17ec9f872695857e4dba45a777a7b9804
3638,90.95,1.1366,21.8686,False,12,mechanical_001,79d0085777a69b241e0aecfb8f846de17ec9f872695857e4dba45a777a7b9804
3639,90.975,1.1369,21.8829,False,12,mechanical_001,79d0085777a69b241e0aecfb8f846de17ec9f872695857e4dba45a777a7b9804
3640,91.0,1.1372,21.9014,False,12,mechanical_001,79d0085777a69b241e0aecfb8f846de17ec9f872695857e4dba45a777a7b9804
3641,91.025,1.1375,21.9215,False,12,mechanical_001,79d0085777a69b241e0aecfb8f846de17ec9f872695857e4dba45a777a7b9804
3642,91.05,1.1379,21.9412,False,12,mechanical_001,79d0085777a69b241e0aecfb8f846de17ec9f872695857e4dba45a777a7b9804
3643,91.075,1.1382,21.9498,False,12,mechanical_001,79d0085777a69b241e0aecfb8f846de17ec9f872695857e4dba45a777a7b9804
3644,91.1,1.1385,21.9569,False,12,mechanical_001,79d0085777a69b241e0aecfb8f846de17ec9f872695857e4dba45a777a7b9804
3645,91.125,1.1388,21.9623,False,12,mechanical_001,79d0085777a69b241e0aecfb8f846de17ec9f872695857e4dba45a777a7b9804
3646,91.15,1.1391,21.9641,False,12,mechanical_001,79d0085777a69b241e0aecfb8f846de17ec9f872695857e4dba45a777a7b9804
3647,91.175,1.1394,21.973,False,12,mechanical_001,79d0085777a69b241e0aecfb8f846de17ec9f872695857e4dba45a777a7b9804
3648,91.2,1.1397,21.9894,False,12,mechanical_001,79d0085777a69b241e0aecfb8f846de17ec9f872695857e4dba45a777a7b9804
3649,91.225,1.14,22.0081,False,12,mechanical_001,79d0085777a69b241e0aecfb8f846de17ec9f872695857e4dba45a777a7b9804
3650,91.25,1.1403,22.0231,False,12,mechanical_001,79d0085777a69b241e0aecfb8f846de17ec9f872695857e4dba45a777a7b9804
3651,91.275,1.1406,22.0291,False,12,mechanical_001,79d0085777a69b241e0aecfb8f846de17ec9f872695857e4dba45a777a7b9804
3652,91.3,1.1409,22.0363,False,12,mechanical_001,79d0085777a69b241e0aecfb8f846de17ec9f872695857e4dba45a777a7b9804
3653,91.325,1.1412,22.0443,False,12,mechanical_001,79d0085777a69b241e0aecfb8f846de17ec9f872695857e4dba45a777a7b9804
3654,91.35,1.1415,22.0513,False,12,mechanical_001,79d0085777a69b241e0aecfb8f846de17ec9f872695857e4dba45a777a7b9804
3655,91.375,1.1418,22.0535,False,12,mechanical_001,79d0085777a69b241e0aecfb8f846de17ec9f872695857e4dba45a777a7b9804
3656,91.4,1.1421,22.0553,False,12,mechanical_001,79d0085777a69b241e0aecfb8f846de17ec9f872695857e4dba45a777a7b9804
3657,91.425,1.1424,22.059,False,12,mechanical_001,79d0085777a69b241e0aecfb8f846de17ec9f872695857e4dba45a777a7b9804
3658,91.45,1.1427,22.0517,False,12,mechanical_001,79d0085777a69b241e0aecfb8f846de17ec9f872695857e4dba45a777a7b9804
3659,91.475,1.143,22.0449,False,12,mechanical_001,79d0085777a69b241e0aecfb8f846de17ec9f872695857e4dba45a777a7b9804
3660,91.5,1.1433,22.0468,False,12,mechanical_001,79d0085777a69b241e0aecfb8f846de17ec9f872695857e4dba45a777a7b9804
3661,91.525,1.1436,22.0672,False,12,mechanical_001,79d0085777a69b241e0aecfb8f846de17ec9f872695857e4dba45a777a7b9804
3662,91.55,1.1439,22.1088,False,12,mechanical_001,79d0085777a69b241e0aecfb8f846de17ec9f872695857e4dba45a777a7b9804
3663,91.575,1.1442,22.1638,False,12,mechanical_001,79d0085777a69b241e0aecfb8f846de17ec9f872695857e4dba45a777a7b9804
3664,91.6,1.1445,22.2198,False,12,mechanical_001,79d0085777a69b241e0aecfb8f846de17ec9f872695857e4dba45a777a7b9804
3665,91.625,1.1448,22.2726,False,12,mechanical_001,79d0085777a69b241e0aecfb8f846de17ec9f872695857e4dba45a777a7b9804
3666,91.65,1.1451,22.3228,False,12,mechanical_001,79d0085777a69b241e0aecfb8f846de17ec9f872695857e4dba45a777a7b9804
3667,91.675,1.1455,22.3727,False,12,mechanical_001,79d0085777a69b241e0aecfb8f846de17ec9f872695857e4dba45a777a7b9804
3668,91.7,1.1458,22.4185,False,12,mechanical_001,79d0085777a69b241e0aecfb8f846de17ec9f872695857e4dba45a777a7b9804
3669,91.725,1.1461,22.4541,False,12,mechanical_001,79d0085777a69b241e0aecfb8f846de17ec9f872695857e4dba45a777a7b9804
3670,91.75,1.1464,22.4918,False,12,mechanical_001,79d0085777a69b241e0aecfb8f846de17ec9f872695857e4dba45a777a7b9804
3671,91.775,1.1467,22.5315,False,12,mechanical_001,79d0085777a69b241e0aecfb8f846de17ec9f872695857e4dba45a777a7b9804
3672,91.8,1.147,22.578,False,12,mechanical_001,79d0085777a69b241e0aecfb8f846de17ec9f872695857e4dba45a777a7b9804
3673,91.825,1.1474,22.6229,False,12,mechanical_001,79d0085777a69b241e0aecfb8f846de17ec9f872695857e4dba45a777a7b9804
3674,91.85,1.1477,22.6568,False,12,mechanical_001,79d0085777a69b241e0aecfb8f846de17ec9f872695857e4dba45a777a7b9804
3675,91.875,1.148,22.6849,False,12,mechanical_001,79d0085777a69b241e0aecfb8f846de17ec9f872695857e4dba45a777a7b9804
3676,91.9,1.1483,22.7231,False,12,mechanical_001,79d0085777a69b241e0aecfb8f846de17ec9f872695857e4dba45a777a7b9804
3677,91.925,1.1486,22.7668,False,12,mechanical_001,79d0085777a69b241e0aecfb8f846de17ec9f872695857e4dba45a777a7b9804
3678,91.95,1.1489,22.8049,False,12,mechanical_001,79d0085777a69b241e0aecfb8f846de17ec9f872695857e4dba45a777a7b9804
3679,91.975,1.1492,22.8463,False,12,mechanical_001,79d0085777a69b241e0aecfb8f846de17ec9f872695857e4dba45a777a7b9804
3680,92.0,1.1496,22.8845,False,12,mechanical_001,79d0085777a69b241e0aecfb8f846de17ec9f872695857e4dba45a777a7b9804
3681,92.025,1.1499,22.9179,False,12,mechanical_001,79d0085777a69b241e0aecfb8f846de17ec9f872695857e4dba45a777a7b9804
3682,92.05,1.1502,22.9578,False,12,mechanical_001,79d0085777a69b241e0aecfb8f846de17ec9f872695857e4dba45a777a7b9804
3683,92.075,1.1505,22.9962,False,12,mechanical_001,79d0085777a69b241e0aecfb8f846de17ec9f872695857e4dba45a777a7b9804
3684,92.1,1.1508,23.0396,False,12,mechanical_001,79d0085777a69b241e0aecfb8f846de17ec9f872695857e4dba45a777a7b9804
3685,92.125,1.1511,23.0935,False,12,mechanical_001,79d0085777a69b241e0aecfb8f846de17ec9f872695857e4dba45a777a7b9804
3686,92.15,1.1515,23.1419,False,12,mechanical_001,79d0085777a69b241e0aecfb8f846de17ec9f872695857e4dba45a777a7b9804
3687,92.175,1.1518,23.184,False,12,mechanical_001,79d0085777a69b241e0aecfb8f846de17ec9f872695857e4dba45a777a7b9804
3688,92.2,1.1521,23.2224,False,12,mechanical_001,79d0085777a69b241e0aecfb8f846de17ec9f872695857e4dba45a777a7b9804
3689,92.225,1.1524,23.2713,False,12,mechanical_001,79d0085777a69b241e0aecfb8f846de17ec9f872695857e4dba45a777a7b9804
3690,92.25,1.1527,23.326,False,12,mechanical_001,79d0085777a69b241e0aecfb8f846de17ec9f872695857e4dba45a777a7b9804
3691,92.275,1.1531,23.3759,False,12,mechanical_001,79d0085777a69b241e0aecfb8f846de17ec9f872695857e4dba45a777a7b9804
3692,92.3,1.1534,23.4299,False,12,mechanical_001,79d0085777a69b241e0aecfb8f846de17ec9f872695857e4dba45a777a7b9804
3693,92.325,1.1537,23.4797,False,12,mechanical_001,79d0085777a69b241e0aecfb8f846de17ec9f872695857e4dba45a777a7b9804
3694,92.35,1.154,23.527,False,12,mechanical_001,79d0085777a69b241e0aecfb8f846de17ec9f872695857e4dba45a777a7b9804
3695,92.375,1.1544,23.5659,False,12,mechanical_001,79d0085777a69b241e0aecfb8f846de17ec9f872695857e4dba45a777a7b9804
3696,92.4,1.1547,23.5912,False,12,mechanical_001,79d0085777a69b241e0aecfb8f846de17ec9f872695857e4dba45a777a7b9804
3697,92.425,1.155,23.6316,False,12,mechanical_001,79d0085777a69b241e0aecfb8f846de17ec9f872695857e4dba45a777a7b9804
3698,92.45,1.1553,23.681,False,12,mechanical_001,79d0085777a69b241e0aecfb8f846de17ec9f872695857e4dba45a777a7b9804
3699,92.475,1.1557,23.7225,False,12,mechanical_001,79d0085777a69b241e0aecfb8f846de17ec9f872695857e4dba45a777a7b9804
3700,92.5,1.156,23.7679,False,12,mechanical_001,79d0085777a69b241e0aecfb8f846de17ec9f872695857e4dba45a777a7b9804
3701,92.525,1.1563,23.8236,False,12,mechanical_001,79d0085777a69b241e0aecfb8f846de17ec9f872695857e4dba45a777a7b9804
3702,92.55,1.1566,23.8703,False,12,mechanical_001,79d0085777a69b241e0aecfb8f846de17ec9f872695857e4dba45a777a7b9804
3703,92.575,1.157,23.9053,False,12,mechanical_001,79d0085777a69b241e0aecfb8f846de17ec9f872695857e4dba45a777a7b9804
3704,92.6,1.1573,23.93,False,12,mechanical_001,79d0085777a69b241e0aecfb8f846de17ec9f872695857e4dba45a777a7b9804
3705,92.625,1.1576,23.9396,False,12,mechanical_001,79d0085777a69b241e0aecfb8f846de17ec9f872695857e4dba45a777a7b9804
3706,92.65,1.1579,23.941,False,12,mechanical_001,79d0085777a69b241e0aecfb8f846de17ec9f872695857e4dba45a777a7b9804
3707,92.675,1.1582,23.9458,False,12,mechanical_001,79d0085777a69b241e0aecfb8f846de17ec9f872695857e4dba45a777a7b9804
3708,92.7,1.1585,23.9454,False,12,mechanical_001,79d0085777a69b241e0aecfb8f846de17ec9f872695857e4dba45a777a7b9804
3709,92.725,1.1588,23.9465,False,12,mechanical_001,79d0085777a69b241e0aecfb8f846de17ec9f872695857e4dba45a777a7b9804
3710,92.75,1.1591,23.955,False,12,mechanical_001,79d0085777a69b241e0aecfb8f846de17ec9f872695857e4dba45a777a7b9804
3711,92.775,1.1594,23.983,False,12,mechanical_001,79d0085777a69b241e0aecfb8f846de17ec9f872695857e4dba45a777a7b9804
3712,92.8,1.1597,24.0328,False,12,mechanical_001,79d0085777a69b241e0aecfb8f846de17ec9f872695857e4dba45a777a7b9804
3713,92.825,1.1601,24.0806,False,12,mechanical_001,79d0085777a69b241e0aecfb8f846de17ec9f872695857e4dba45a777a7b9804
3714,92.85,1.1604,24.1316,False,12,mechanical_001,79d0085777a69b241e0aecfb8f846de17ec9f872695857e4dba45a777a7b9804
3715,92.875,1.1607,24.1794,False,12,mechanical_001,79d0085777a69b241e0aecfb8f846de17ec9f872695857e4dba45a777a7b9804
3716,92.9,1.161,24.2232,False,12,mechanical_001,79d0085777a69b241e0aecfb8f846de17ec9f872695857e4dba45a777a7b9804
3717,92.925,1.1614,24.2557,False,12,mechanical_001,79d0085777a69b241e0aecfb8f846de17ec9f872695857e4dba45a777a7b9804
3718,92.95,1.1617,24.2787,False,12,mechanical_001,79d0085777a69b241e0aecfb8f846de17ec9f872695857e4dba45a777a7b9804
3719,92.975,1.162,24.2966,False,12,mechanical_001,79d0085777a69b241e0aecfb8f846de17ec9f872695857e4dba45a777a7b9804
3720,93.0,1.1623,24.3142,False,12,mechanical_001,79d0085777a69b241e0aecfb8f846de17ec9f872695857e4dba45a777a7b9804
3721,93.025,1.1626,24.3389,False,12,mechanical_001,79d0085777a69b241e0aecfb8f846de17ec9f872695857e4dba45a777a7b9804
3722,93.05,1.1629,24.3644,False,12,mechanical_001,79d0085777a69b241e0aecfb8f846de17ec9f872695857e4dba45a777a7b9804
3723,93.075,1.1632,24.3985,False,12,mechanical_001,79d0085777a69b241e0aecfb8f846de17ec9f872695857e4dba45a777a7b9804
3724,93.1,1.1635,24.4367,False,12,mechanical_001,79d0085777a69b241e0aecfb8f846de17ec9f872695857e4dba45a777a7b9804
3725,93.125,1.1639,24.467,False,12,mechanical_001,79d0085777a69b241e0aecfb8f846de17ec9f872695857e4dba45a777a7b9804
3726,93.15,1.1642,24.4975,False,12,mechanical_001,79d0085777a69b241e0aecfb8f846de17ec9f872695857e4dba45a777a7b9804
3727,93.175,1.1645,24.5247,False,12,mechanical_001,79d0085777a69b241e0aecfb8f846de17ec9f872695857e4dba45a777a7b9804
3728,93.2,1.1648,24.5524,False,12,mechanical_001,79d0085777a69b241e0aecfb8f846de17ec9f872695857e4dba45a777a7b9804
3729,93.225,1.1651,24.5874,False,12,mechanical_001,79d0085777a69b241e0aecfb8f846de17ec9f872695857e4dba45a777a7b9804
3730,93.25,1.1654,24.6216,False,12,mechanical_001,79d0085777a69b241e0aecfb8f846de17ec9f872695857e4dba45a777a7b9804
3731,93.275,1.1657,24.6536,False,12,mechanical_001,79d0085777a69b241e0aecfb8f846de17ec9f872695857e4dba45a777a7b9804
3732,93.3,1.1661,24.6942,False,12,mechanical_001,79d0085777a69b241e0aecfb8f846de17ec9f872695857e4dba45a777a7b9804
3733,93.325,1.1664,24.7392,False,12,mechanical_001,79d0085777a69b241e0aecfb8f846de17ec9f872695857e4dba45a777a7b9804
3734,93.35,1.1667,24.7804,False,12,mechanical_001,79d0085777a69b241e0aecfb8f846de17ec9f872695857e4dba45a777a7b9804
3735,93.375,1.167,24.8062,False,12,mechanical_001,79d0085777a69b241e0aecfb8f846de17ec9f872695857e4dba45a777a7b9804
3736,93.4,1.1673,24.8134,False,12,mechanical_001,79d0085777a69b241e0aecfb8f846de17ec9f872695857e4dba45a777a7b9804
3737,93.425,1.1676,24.8088,False,12,mechanical_001,79d0085777a69b241e0aecfb8f846de17ec9f872695857e4dba45a777a7b9804
3738,93.45,1.1679,24.8032,False,12,mechanical_001,79d0085777a69b241e0aecfb8f846de17ec9f872695857e4dba45a777a7b9804
3739,93.475,1.1682,24.8046,False,12,mechanical_001,79d0085777a69b241e0aecfb8f846de17ec9f872695857e4dba45a777a7b9804
3740,93.5,1.1685,24.808,False,12,mechanical_001,79d0085777a69b241e0aecfb8f846de17ec9f872695857e4dba45a777a7b9804
3741,93.525,1.1688,24.8194,False,12,mechanical_001,79d0085777a69b241e0aecfb8f846de17ec9f872695857e4dba45a777a7b9804
3742,93.55,1.1692,24.8321,False,12,mechanical_001,79d0085777a69b241e0aecfb8f846de17ec9f872695857e4dba45a777a7b9804
3743,93.575,1.1695,24.8514,False,12,mechanical_001,79d0085777a69b241e0aecfb8f846de17ec9f872695857e4dba45a777a7b9804
3744,93.6,1.1698,24.8781,False,12,mechanical_001,79d0085777a69b241e0aecfb8f846de17ec9f872695857e4dba45a777a7b9804
3745,93.625,1.1701,24.9082,False,12,mechanical_001,79d0085777a69b241e0aecfb8f846de17ec9f872695857e4dba45a777a7b9804
3746,93.65,1.1704,24.9464,False,12,mechanical_001,79d0085777a69b241e0aecfb8f846de17ec9f872695857e4dba45a777a7b9804
3747,93.675,1.1707,24.9915,False,12,mechanical_001,79d0085777a69b241e0aecfb8f846de17ec9f872695857e4dba45a777a7b9804
3748,93.7,1.171,25.0414,False,12,mechanical_001,79d0085777a69b241e0aecfb8f846de17ec9f872695857e4dba45a777a7b9804
3749,93.725,1.1714,25.0842,False,12,mechanical_001,79d0085777a69b241e0aecfb8f846de17ec9f872695857e4dba45a777a7b9804
3750,93.75,1.1717,25.1127,False,12,mechanical_001,79d0085777a69b241e0aecfb8f846de17ec9f872695857e4dba45a777a7b9804
3751,93.775,1.172,25.1325,False,12,mechanical_001,79d0085777a69b241e0aecfb8f846de17ec9f872695857e4dba45a777a7b9804
3752,93.8,1.1723,25.1531,False,12,mechanical_001,79d0085777a69b241e0aecfb8f846de17ec9f872695857e4dba45a777a7b9804
3753,93.825,1.1726,25.1669,False,12,mechanical_001,79d0085777a69b241e0aecfb8f846de17ec9f872695857e4dba45a777a7b9804
3754,93.85,1.1729,25.1716,False,12,mechanical_001,79d0085777a69b241e0aecfb8f846de17ec9f872695857e4dba45a777a7b9804
3755,93.875,1.1732,25.1722,False,12,mechanical_001,79d0085777a69b241e0aecfb8f846de17ec9f872695857e4dba45a777a7b9804
3756,93.9,1.1735,25.1716,False,12,mechanical_001,79d0085777a69b241e0aecfb8f846de17ec9f872695857e4dba45a777a7b9804
3757,93.925,1.1738,25.1752,False,12,mechanical_001,79d0085777a69b241e0aecfb8f846de17ec9f872695857e4dba45a777a7b9804
3758,93.95,1.1741,25.1925,False,12,mechanical_001,79d0085777a69b241e0aecfb8f846de17ec9f872695857e4dba45a777a7b9804
3759,93.975,1.1744,25.2179,False,12,mechanical_001,79d0085777a69b241e0aecfb8f846de17ec9f872695857e4dba45a777a7b9804
3760,94.0,1.1748,25.2501,False,12,mechanical_001,79d0085777a69b241e0aecfb8f846de17ec9f872695857e4dba45a777a7b9804
3761,94.025,1.1751,25.277,False,12,mechanical_001,79d0085777a69b241e0aecfb8f846de17ec9f872695857e4dba45a777a7b9804
3762,94.05,1.1754,25.3068,False,12,mechanical_001,79d0085777a69b241e0aecfb8f846de17ec9f872695857e4dba45a777a7b9804
3763,94.075,1.1757,25.3446,False,12,mechanical_001,79d0085777a69b241e0aecfb8f846de17ec9f872695857e4dba45a777a7b9804
3764,94.1,1.176,25.3842,False,12,mechanical_001,79d0085777a69b241e0aecfb8f846de17ec9f872695857e4dba45a777a7b9804
3765,94.125,1.1763,25.416,False,12,mechanical_001,79d0085777a69b241e0aecfb8f846de17ec9f872695857e4dba45a777a7b9804
3766,94.15,1.1766,25.4406,False,12,mechanical_001,79d0085777a69b241e0aecfb8f846de17ec9f872695857e4dba45a777a7b9804
3767,94.175,1.1769,25.4577,False,12,mechanical_001,79d0085777a69b241e0aecfb8f846de17ec9f872695857e4dba45a777a7b9804
3768,94.2,1.1773,25.4739,False,12,mechanical_001,79d0085777a69b241e0aecfb8f846de17ec9f872695857e4dba45a777a7b9804
3769,94.225,1.1776,25.4949,False,12,mechanical_001,79d0085777a69b241e0aecfb8f846de17ec9f872695857e4dba45a777a7b9804
3770,94.25,1.1779,25.5145,False,12,mechanical_001,79d0085777a69b241e0aecfb8f846de17ec9f872695857e4dba45a777a7b9804
3771,94.275,1.1782,25.5291,False,12,mechanical_001,79d0085777a69b241e0aecfb8f846de17ec9f872695857e4dba45a777a7b9804
3772,94.3,1.1785,25.5451,False,12,mechanical_001,79d0085777a69b241e0aecfb8f846de17ec9f872695857e4dba45a777a7b9804
3773,94.325,1.1788,25.5465,False,12,mechanical_001,79d0085777a69b241e0aecfb8f846de17ec9f872695857e4dba45a777a7b9804
3774,94.35,1.1791,25.5562,False,12,mechanical_001,79d0085777a69b241e0aecfb8f846de17ec9f872695857e4dba45a777a7b9804
3775,94.375,1.1794,25.5641,False,12,mechanical_001,79d0085777a69b241e0aecfb8f846de17ec9f872695857e4dba45a777a7b9804
3776,94.4,1.1797,25.5712,False,12,mechanical_001,79d0085777a69b241e0aecfb8f846de17ec9f872695857e4dba45a777a7b9804
3777,94.425,1.18,25.5852,False,12,mechanical_001,79d0085777a69b241e0aecfb8f846de17ec9f872695857e4dba45a777a7b9804
3778,94.45,1.1803,25.5926,False,12,mechanical_001,79d0085777a69b241e0aecfb8f846de17ec9f872695857e4dba45a777a7b9804
3779,94.475,1.1806,25.5877,False,12,mechanical_001,79d0085777a69b241e0aecfb8f846de17ec9f872695857e4dba45a777a7b9804
3780,94.5,1.1809,25.5836,False,12,mechanical_001,79d0085777a69b241e0aecfb8f846de17ec9f872695857e4dba45a777a7b9804
3781,94.525,1.1812,25.5693,False,12,mechanical_001,79d0085777a69b241e0aecfb8f846de17ec9f872695857e4dba45a777a7b9804
3782,94.55,1.1815,25.5515,False,12,mechanical_001,79d0085777a69b241e0aecfb8f846de17ec9f872695857e4dba45a777a7b9804
3783,94.575,1.1818,25.5401,False,12,mechanical_001,79d0085777a69b241e0aecfb8f846de17ec9f872695857e4dba45a777a7b9804
3784,94.6,1.1821,25.5216,False,12,mechanical_001,79d0085777a69b241e0aecfb8f846de17ec9f872695857e4dba45a777a7b9804
3785,94.625,1.1823,25.5158,False,12,mechanical_001,79d0085777a69b241e0aecfb8f846de17ec9f872695857e4dba45a777a7b9804
3786,94.65,1.1826,25.5395,False,12,mechanical_001,79d0085777a69b241e0aecfb8f846de17ec9f872695857e4dba45a777a7b9804
3787,94.675,1.1829,25.5776,False,12,mechanical_001,79d0085777a69b241e0aecfb8f846de17ec9f872695857e4dba45a777a7b9804
3788,94.7,1.1833,25.6336,False,12,mechanical_001,79d0085777a69b241e0aecfb8f846de17ec9f872695857e4dba45a777a7b9804
3789,94.725,1.1836,25.7004,False,12,mechanical_001,79d0085777a69b241e0aecfb8f846de17ec9f872695857e4dba45a777a7b9804
3790,94.75,1.1839,25.7657,False,12,mechanical_001,79d0085777a69b241e0aecfb8f846de17ec9f872695857e4dba45a777a7b9804
3791,94.775,1.1842,25.8167,False,12,mechanical_001,79d0085777a69b241e0aecfb8f846de17ec9f872695857e4dba45a777a7b9804
3792,94.8,1.1845,25.8597,False,12,mechanical_001,79d0085777a69b241e0aecfb8f846de17ec9f872695857e4dba45a777a7b9804
3793,94.825,1.1848,25.8906,False,12,mechanical_001,79d0085777a69b241e0aecfb8f846de17ec9f872695857e4dba45a777a7b9804
3794,94.85,1.1851,25.9042,False,12,mechanical_001,79d0085777a69b241e0aecfb8f846de17ec9f872695857e4dba45a777a7b9804
3795,94.875,1.1854,25.8927,False,12,mechanical_001,79d0085777a69b241e0aecfb8f846de17ec9f872695857e4dba45a777a7b9804
3796,94.9,1.1857,25.874,False,12,mechanical_001,79d0085777a69b241e0aecfb8f846de17ec9f872695857e4dba45a777a7b9804
3797,94.925,1.186,25.8502,False,12,mechanical_001,79d0085777a69b241e0aecfb8f846de17ec9f872695857e4dba45a777a7b9804
3798,94.95,1.1863,25.8301,False,12,mechanical_001,79d0085777a69b241e0aecfb8f846de17ec9f872695857e4dba45a777a7b9804
3799,94.975,1.1866,25.824,False,12,mechanical_001,79d0085777a69b241e0aecfb8f846de17ec9f872695857e4dba45a777a7b9804
3800,95.0,1.1869,25.8318,False,12,mechanical_001,79d0085777a69b241e0aecfb8f846de17ec9f872695857e4dba45a777a7b9804
3801,95.025,1.1872,25.8522,False,12,mechanical_001,79d0085777a69b241e0aecfb8f846de17ec9f872695857e4dba45a777a7b9804
3802,95.05,1.1875,25.881,False,12,mechanical_001,79d0085777a69b241e0aecfb8f846de17ec9f872695857e4dba45a777a7b9804
3803,95.075,1.1878,25.9122,False,12,mechanical_001,79d0085777a69b241e0aecfb8f846de17ec9f872695857e4dba45a777a7b9804
3804,95.1,1.1881,25.9431,False,12,mechanical_001,79d0085777a69b241e0aecfb8f846de17ec9f872695857e4dba45a777a7b9804
3805,95.125,1.1884,25.9699,False,12,mechanical_001,79d0085777a69b241e0aecfb8f846de17ec9f872695857e4dba45a777a7b9804
3806,95.15,1.1887,25.9949,False,12,mechanical_001,79d0085777a69b241e0aecfb8f846de17ec9f872695857e4dba45a777a7b9804
3807,95.175,1.1891,26.0126,False,12,mechanical_001,79d0085777a69b241e0aecfb8f846de17ec9f872695857e4dba45a777a7b9804
3808,95.2,1.1894,26.0233,False,12,mechanical_001,79d0085777a69b241e0aecfb8f846de17ec9f872695857e4dba45a777a7b9804
3809,95.225,1.1897,26.0325,False,12,mechanical_001,79d0085777a69b241e0aecfb8f846de17ec9f872695857e4dba45a777a7b9804
3810,95.25,1.19,26.0514,False,12,mechanical_001,79d0085777a69b241e0aecfb8f846de17ec9f872695857e4dba45a777a7b9804
3811,95.275,1.1903,26.0844,False,12,mechanical_001,79d0085777a69b241e0aecfb8f846de17ec9f872695857e4dba45a777a7b9804
3812,95.3,1.1906,26.1198,False,12,mechanical_001,79d0085777a69b241e0aecfb8f846de17ec9f872695857e4dba45a777a7b9804
3813,95.325,1.1909,26.1511,False,12,mechanical_001,79d0085777a69b241e0aecfb8f846de17ec9f872695857e4dba45a777a7b9804
3814,95.35,1.1913,26.1733,False,12,mechanical_001,79d0085777a69b241e0aecfb8f846de17ec9f872695857e4dba45a777a7b9804
3815,95.375,1.1916,26.1841,False,12,mechanical_001,79d0085777a69b241e0aecfb8f846de17ec9f872695857e4dba45a777a7b9804
3816,95.4,1.1919,26.1879,False,12,mechanical_001,79d0085777a69b241e0aecfb8f846de17ec9f872695857e4dba45a777a7b9804
3817,95.425,1.1922,26.1711,False,12,mechanical_001,79d0085777a69b241e0aecfb8f846de17ec9f872695857e4dba45a777a7b9804
3818,95.45,1.1925,26.1455,False,12,mechanical_001,79d0085777a69b241e0aecfb8f846de17ec9f872695857e4dba45a777a7b9804
3819,95.475,1.1928,26.1174,False,12,mechanical_001,79d0085777a69b241e0aecfb8f846de17ec9f872695857e4dba45a777a7b9804
3820,95.5,1.1931,26.1045,False,12,mechanical_001,79d0085777a69b241e0aecfb8f846de17ec9f872695857e4dba45a777a7b9804
3821,95.525,1.1934,26.123,False,12,mechanical_001,79d0085777a69b241e0aecfb8f846de17ec9f872695857e4dba45a777a7b9804
3822,95.55,1.1937,26.1771,False,12,mechanical_001,79d0085777a69b241e0aecfb8f846de17ec9f872695857e4dba45a777a7b9804
3823,95.575,1.1941,26.2589,False,12,mechanical_001,79d0085777a69b241e0aecfb8f846de17ec9f872695857e4dba45a777a7b9804
3824,95.6,1.1944,26.3528,False,12,mechanical_001,79d0085777a69b241e0aecfb8f846de17ec9f872695857e4dba45a777a7b9804
3825,95.625,1.1948,26.4515,False,12,mechanical_001,79d0085777a69b241e0aecfb8f846de17ec9f872695857e4dba45a777a7b9804
3826,95.65,1.1952,26.5428,False,12,mechanical_001,79d0085777a69b241e0aecfb8f846de17ec9f872695857e4dba45a777a7b9804
3827,95.675,1.1955,26.6148,False,12,mechanical_001,79d0085777a69b241e0aecfb8f846de17ec9f872695857e4dba45a777a7b9804
3828,95.7,1.1958,26.6561,False,12,mechanical_001,79d0085777a69b241e0aecfb8f846de17ec9f872695857e4dba45a777a7b9804
3829,95.725,1.1962,26.6745,False,12,mechanical_001,79d0085777a69b241e0aecfb8f846de17ec9f872695857e4dba45a777a7b9804
3830,95.75,1.1965,26.6747,False,12,mechanical_001,79d0085777a69b241e0aecfb8f846de17ec9f872695857e4dba45a777a7b9804
3831,95.775,1.1968,26.6729,False,12,mechanical_001,79d0085777a69b241e0aecfb8f846de17ec9f872695857e4dba45a777a7b9804
3832,95.8,1.1971,26.687,False,12,mechanical_001,79d0085777a69b241e0aecfb8f846de17ec9f872695857e4dba45a777a7b9804
3833,95.825,1.1975,26.7168,False,12,mechanical_001,79d0085777a69b241e0aecfb8f846de17ec9f872695857e4dba45a777a7b9804
3834,95.85,1.1978,26.7504,False,12,mechanical_001,79d0085777a69b241e0aecfb8f846de17ec9f872695857e4dba45a777a7b9804
3835,95.875,1.1982,26.7978,False,12,mechanical_001,79d0085777a69b241e0aecfb8f846de17ec9f872695857e4dba45a777a7b9804
3836,95.9,1.1985,26.8527,False,12,mechanical_001,79d0085777a69b241e0aecfb8f846de17ec9f872695857e4dba45a777a7b9804
3837,95.925,1.1988,26.8921,False,12,mechanical_001,79d0085777a69b241e0aecfb8f846de17ec9f872695857e4dba45a777a7b9804
3838,95.95,1.1992,26.9253,False,12,mechanical_001,79d0085777a69b241e0aecfb8f846de17ec9f872695857e4dba45a777a7b9804
3839,95.975,1.1995,26.9475,False,12,mechanical_001,79d0085777a69b241e0aecfb8f846de17ec9f872695857e4dba45a777a7b9804
3840,96.0,1.1998,26.9603,False,12,mechanical_001,79d0085777a69b241e0aecfb8f846de17ec9f872695857e4dba45a777a7b9804
3841,96.025,1.2002,26.9678,False,12,mechanical_001,79d0085777a69b241e0aecfb8f846de17ec9f872695857e4dba45a777a7b9804
3842,96.05,1.2005,26.977,False,12,mechanical_001,79d0085777a69b241e0aecfb8f846de17ec9f872695857e4dba45a777a7b9804
3843,96.075,1.2008,26.9893,False,12,mechanical_001,79d0085777a69b241e0aecfb8f846de17ec9f872695857e4dba45a777a7b9804
3844,96.1,1.2011,26.9878,False,12,mechanical_001,79d0085777a69b241e0aecfb8f846de17ec9f872695857e4dba45a777a7b9804
3845,96.125,1.2014,26.9728,False,12,mechanical_001,79d0085777a69b241e0aecfb8f846de17ec9f872695857e4dba45a777a7b9804
3846,96.15,1.2017,26.9553,False,12,mechanical_001,79d0085777a69b241e0aecfb8f846de17ec9f872695857e4dba45a777a7b9804
3847,96.175,1.202,26.9356,False,12,mechanical_001,79d0085777a69b241e0aecfb8f846de17ec9f872695857e4dba45a777a7b9804
3848,96.2,1.2023,26.9168,False,12,mechanical_001,79d0085777a69b241e0aecfb8f846de17ec9f872695857e4dba45a777a7b9804
3849,96.225,1.2026,26.8986,False,12,mechanical_001,79d0085777a69b241e0aecfb8f846de17ec9f872695857e4dba45a777a7b9804
3850,96.25,1.2029,26.8844,False,12,mechanical_001,79d0085777a69b241e0aecfb8f846de17ec9f872695857e4dba45a777a7b9804
3851,96.275,1.2033,26.8776,False,12,mechanical_001,79d0085777a69b241e0aecfb8f846de17ec9f872695857e4dba45a777a7b9804
3852,96.3,1.2036,26.8786,False,12,mechanical_001,79d0085777a69b241e0aecfb8f846de17ec9f872695857e4dba45a777a7b9804
3853,96.325,1.2039,26.8749,False,12,mechanical_001,79d0085777a69b241e0aecfb8f846de17ec9f872695857e4dba45a777a7b9804
3854,96.35,1.2042,26.8714,False,12,mechanical_001,79d0085777a69b241e0aecfb8f846de17ec9f872695857e4dba45a777a7b9804
3855,96.375,1.2045,26.8712,False,12,mechanical_001,79d0085777a69b241e0aecfb8f846de17ec9f872695857e4dba45a777a7b9804
3856,96.4,1.2048,26.8791,False,12,mechanical_001,79d0085777a69b241e0aecfb8f846de17ec9f872695857e4dba45a777a7b9804
3857,96.425,1.2051,26.8895,False,12,mechanical_001,79d0085777a69b241e0aecfb8f846de17ec9f872695857e4dba45a777a7b9804
3858,96.45,1.2054,26.899,False,12,mechanical_001,79d0085777a69b241e0aecfb8f846de17ec9f872695857e4dba45a777a7b9804
3859,96.475,1.2057,26.9098,False,12,mechanical_001,79d0085777a69b241e0aecfb8f846de17ec9f872695857e4dba45a777a7b9804
3860,96.5,1.206,26.9206,False,12,mechanical_001,79d0085777a69b241e0aecfb8f846de17ec9f872695857e4dba45a777a7b9804
3861,96.525,1.2063,26.9314,False,12,mechanical_001,79d0085777a69b241e0aecfb8f846de17ec9f872695857e4dba45a777a7b9804
3862,96.55,1.2067,26.9455,False,12,mechanical_001,79d0085777a69b241e0aecfb8f846de17ec9f872695857e4dba45a777a7b9804
3863,96.575,1.207,26.9652,False,12,mechanical_001,79d0085777a69b241e0aecfb8f846de17ec9f872695857e4dba45a777a7b9804
3864,96.6,1.2073,26.9795,False,12,mechanical_001,79d0085777a69b241e0aecfb8f846de17ec9f872695857e4dba45a777a7b9804
3865,96.625,1.2076,26.9799,False,12,mechanical_001,79d0085777a69b241e0aecfb8f846de17ec9f872695857e4dba45a777a7b9804
3866,96.65,1.2079,26.9737,False,12,mechanical_001,79d0085777a69b241e0aecfb8f846de17ec9f872695857e4dba45a777a7b9804
3867,96.675,1.2082,26.9662,False,12,mechanical_001,79d0085777a69b241e0aecfb8f846de17ec9f872695857e4dba45a777a7b9804
3868,96.7,1.2085,26.954,False,12,mechanical_001,79d0085777a69b241e0aecfb8f846de17ec9f872695857e4dba45a777a7b9804
3869,96.725,1.2088,26.9486,False,12,mechanical_001,79d0085777a69b241e0aecfb8f846de17ec9f872695857e4dba45a777a7b9804
3870,96.75,1.2091,26.9537,False,12,mechanical_001,79d0085777a69b241e0aecfb8f846de17ec9f872695857e4dba45a777a7b9804
3871,96.775,1.2094,26.9568,False,12,mechanical_001,79d0085777a69b241e0aecfb8f846de17ec9f872695857e4dba45a777a7b9804
3872,96.8,1.2097,26.9665,False,12,mechanical_001,79d0085777a69b241e0aecfb8f846de17ec9f872695857e4dba45a777a7b9804
3873,96.825,1.2101,26.9753,False,12,mechanical_001,79d0085777a69b241e0aecfb8f846de17ec9f872695857e4dba45a777a7b9804
3874,96.85,1.2104,26.974,False,12,mechanical_001,79d0085777a69b241e0aecfb8f846de17ec9f872695857e4dba45a777a7b9804
3875,96.875,1.2107,26.9675,False,12,mechanical_001,79d0085777a69b241e0aecfb8f846de17ec9f872695857e4dba45a777a7b9804
3876,96.9,1.211,26.9635,False,12,mechanical_001,79d0085777a69b241e0aecfb8f846de17ec9f872695857e4dba45a777a7b9804
3877,96.925,1.2113,26.9664,False,12,mechanical_001,79d0085777a69b241e0aecfb8f846de17ec9f872695857e4dba45a777a7b9804
3878,96.95,1.2116,26.9623,False,12,mechanical_001,79d0085777a69b241e0aecfb8f846de17ec9f872695857e4dba45a777a7b9804
3879,96.975,1.2119,26.9572,False,12,mechanical_001,79d0085777a69b241e0aecfb8f846de17ec9f872695857e4dba45a777a7b9804
3880,97.0,1.2122,26.9591,False,12,mechanical_001,79d0085777a69b241e0aecfb8f846de17ec9f872695857e4dba45a777a7b9804
3881,97.025,1.2126,26.9599,False,12,mechanical_001,79d0085777a69b241e0aecfb8f846de17ec9f872695857e4dba45a777a7b9804
3882,97.05,1.2129,26.9662,False,12,mechanical_001,79d0085777a69b241e0aecfb8f846de17ec9f872695857e4dba45a777a7b9804
3883,97.075,1.2132,26.9692,False,12,mechanical_001,79d0085777a69b241e0aecfb8f846de17ec9f872695857e4dba45a777a7b9804
3884,97.1,1.2135,26.9702,False,12,mechanical_001,79d0085777a69b241e0aecfb8f846de17ec9f872695857e4dba45a777a7b9804
3885,97.125,1.2138,26.9677,False,12,mechanical_001,79d0085777a69b241e0aecfb8f846de17ec9f872695857e4dba45a777a7b9804
3886,97.15,1.2141,26.9765,False,12,mechanical_001,79d0085777a69b241e0aecfb8f846de17ec9f872695857e4dba45a777a7b9804
3887,97.175,1.2144,26.9963,False,12,mechanical_001,79d0085777a69b241e0aecfb8f846de17ec9f872695857e4dba45a777a7b9804
3888,97.2,1.2147,27.0092,False,12,mechanical_001,79d0085777a69b241e0aecfb8f846de17ec9f872695857e4dba45a777a7b9804
3889,97.225,1.215,27.015,False,12,mechanical_001,79d0085777a69b241e0aecfb8f846de17ec9f872695857e4dba45a777a7b9804
3890,97.25,1.2154,27.0228,False,12,mechanical_001,79d0085777a69b241e0aecfb8f846de17ec9f872695857e4dba45a777a7b9804
3891,97.275,1.2157,27.031,False,12,mechanical_001,79d0085777a69b241e0aecfb8f846de17ec9f872695857e4dba45a777a7b9804
3892,97.3,1.216,27.0468,False,12,mechanical_001,79d0085777a69b241e0aecfb8f846de17ec9f872695857e4dba45a777a7b9804
3893,97.325,1.2163,27.0638,False,12,mechanical_001,79d0085777a69b241e0aecfb8f846de17ec9f872695857e4dba45a777a7b9804
3894,97.35,1.2166,27.0694,False,12,mechanical_001,79d0085777a69b241e0aecfb8f846de17ec9f872695857e4dba45a777a7b9804
3895,97.375,1.2169,27.0806,False,12,mechanical_001,79d0085777a69b241e0aecfb8f846de17ec9f872695857e4dba45a777a7b9804
3896,97.4,1.2172,27.0955,False,12,mechanical_001,79d0085777a69b241e0aecfb8f846de17ec9f872695857e4dba45a777a7b9804
3897,97.425,1.2175,27.1088,False,12,mechanical_001,79d0085777a69b241e0aecfb8f846de17ec9f872695857e4dba45a777a7b9804
3898,97.45,1.2179,27.1222,False,12,mechanical_001,79d0085777a69b241e0aecfb8f846de17ec9f872695857e4dba45a777a7b9804
3899,97.475,1.2182,27.1371,False,12,mechanical_001,79d0085777a69b241e0aecfb8f846de17ec9f872695857e4dba45a777a7b9804
3900,97.5,1.2185,27.1502,False,12,mechanical_001,79d0085777a69b241e0aecfb8f846de17ec9f872695857e4dba45a777a7b9804
3901,97.525,1.2188,27.1619,False,12,mechanical_001,79d0085777a69b241e0aecfb8f846de17ec9f872695857e4dba45a777a7b9804
3902,97.55,1.2191,27.1711,False,12,mechanical_001,79d0085777a69b241e0aecfb8f846de17ec9f872695857e4dba45a777a7b9804
3903,97.575,1.2194,27.1847,False,12,mechanical_001,79d0085777a69b241e0aecfb8f846de17ec9f872695857e4dba45a777a7b9804
3904,97.6,1.2197,27.1995,False,12,mechanical_001,79d0085777a69b241e0aecfb8f846de17ec9f872695857e4dba45a777a7b9804
3905,97.625,1.22,27.2042,False,12,mechanical_001,79d0085777a69b241e0aecfb8f846de17ec9f872695857e4dba45a777a7b9804
3906,97.65,1.2203,27.2,False,12,mechanical_001,79d0085777a69b241e0aecfb8f846de17ec9f872695857e4dba45a777a7b9804
3907,97.675,1.2206,27.2,False,12,mechanical_001,79d0085777a69b241e0aecfb8f846de17ec9f872695857e4dba45a777a7b9804
3908,97.7,1.2209,27.1939,False,12,mechanical_001,79d0085777a69b241e0aecfb8f846de17ec9f872695857e4dba45a777a7b9804
3909,97.725,1.2212,27.1883,False,12,mechanical_001,79d0085777a69b241e0aecfb8f846de17ec9f872695857e4dba45a777a7b9804
3910,97.75,1.2215,27.1809,False,12,mechanical_001,79d0085777a69b241e0aecfb8f846de17ec9f872695857e4dba45a777a7b9804
3911,97.775,1.2218,27.1652,False,12,mechanical_001,79d0085777a69b241e0aecfb8f846de17ec9f872695857e4dba45a777a7b9804
3912,97.8,1.2221,27.1466,False,12,mechanical_001,79d0085777a69b241e0aecfb8f846de17ec9f872695857e4dba45a777a7b9804
3913,97.825,1.2224,27.1248,False,12,mechanical_001,79d0085777a69b241e0aecfb8f846de17ec9f872695857e4dba45a777a7b9804
3914,97.85,1.2227,27.1039,False,12,mechanical_001,79d0085777a69b241e0aecfb8f846de17ec9f872695857e4dba45a777a7b9804
3915,97.875,1.223,27.083,False,12,mechanical_001,79d0085777a69b241e0aecfb8f846de17ec9f872695857e4dba45a777a7b9804
3916,97.9,1.2233,27.0691,False,12,mechanical_001,79d0085777a69b241e0aecfb8f846de17ec9f872695857e4dba45a777a7b9804
3917,97.925,1.2236,27.0695,False,12,mechanical_001,79d0085777a69b241e0aecfb8f846de17ec9f872695857e4dba45a777a7b9804
3918,97.95,1.2239,27.0833,False,12,mechanical_001,79d0085777a69b241e0aecfb8f846de17ec9f872695857e4dba45a777a7b9804
3919,97.975,1.2242,27.1082,False,12,mechanical_001,79d0085777a69b241e0aecfb8f846de17ec9f872695857e4dba45a777a7b9804
3920,98.0,1.2245,27.1278,False,12,mechanical_001,79d0085777a69b241e0aecfb8f846de17ec9f872695857e4dba45a777a7b9804
3921,98.025,1.2248,27.1474,False,12,mechanical_001,79d0085777a69b241e0aecfb8f846de17ec9f872695857e4dba45a777a7b9804
3922,98.05,1.2251,27.1678,False,12,mechanical_001,79d0085777a69b241e0aecfb8f846de17ec9f872695857e4dba45a777a7b9804
3923,98.075,1.2254,27.1908,False,12,mechanical_001,79d0085777a69b241e0aecfb8f846de17ec9f872695857e4dba45a777a7b9804
3924,98.1,1.2257,27.2162,False,12,mechanical_001,79d0085777a69b241e0aecfb8f846de17ec9f872695857e4dba45a777a7b9804
3925,98.125,1.226,27.2491,False,12,mechanical_001,79d0085777a69b241e0aecfb8f846de17ec9f872695857e4dba45a777a7b9804
3926,98.15,1.2263,27.2891,False,12,mechanical_001,79d0085777a69b241e0aecfb8f846de17ec9f872695857e4dba45a777a7b9804
3927,98.175,1.2266,27.3249,False,12,mechanical_001,79d0085777a69b241e0aecfb8f846de17ec9f872695857e4dba45a777a7b9804
3928,98.2,1.2269,27.3593,False,12,mechanical_001,79d0085777a69b241e0aecfb8f846de17ec9f872695857e4dba45a777a7b9804
3929,98.225,1.2272,27.3942,False,12,mechanical_001,79d0085777a69b241e0aecfb8f846de17ec9f872695857e4dba45a777a7b9804
3930,98.25,1.2275,27.4345,False,12,mechanical_001,79d0085777a69b241e0aecfb8f846de17ec9f872695857e4dba45a777a7b9804
3931,98.275,1.2279,27.4725,False,12,mechanical_001,79d0085777a69b241e0aecfb8f846de17ec9f872695857e4dba45a777a7b9804
3932,98.3,1.2282,27.5081,False,12,mechanical_001,79d0085777a69b241e0aecfb8f846de17ec9f872695857e4dba45a777a7b9804
3933,98.325,1.2285,27.5411,False,12,mechanical_001,79d0085777a69b241e0aecfb8f846de17ec9f872695857e4dba45a777a7b9804
3934,98.35,1.2288,27.5677,False,12,mechanical_001,79d0085777a69b241e0aecfb8f846de17ec9f872695857e4dba45a777a7b9804
3935,98.375,1.2291,27.5771,False,12,mechanical_001,79d0085777a69b241e0aecfb8f846de17ec9f872695857e4dba45a777a7b9804
3936,98.4,1.2294,27.5723,False,12,mechanical_001,79d0085777a69b241e0aecfb8f846de17ec9f872695857e4dba45a777a7b9804
3937,98.425,1.2297,27.5588,False,12,mechanical_001,79d0085777a69b241e0aecfb8f846de17ec9f872695857e4dba45a777a7b9804
3938,98.45,1.23,27.5471,False,12,mechanical_001,79d0085777a69b241e0aecfb8f846de17ec9f872695857e4dba45a777a7b9804
3939,98.475,1.2303,27.5454,False,12,mechanical_001,79d0085777a69b241e0aecfb8f846de17ec9f872695857e4dba45a777a7b9804
3940,98.5,1.2306,27.5652,False,12,mechanical_001,79d0085777a69b241e0aecfb8f846de17ec9f872695857e4dba45a777a7b9804
3941,98.525,1.2309,27.6078,False,12,mechanical_001,79d0085777a69b241e0aecfb8f846de17ec9f872695857e4dba45a777a7b9804
3942,98.55,1.2312,27.661,False,12,mechanical_001,79d0085777a69b241e0aecfb8f846de17ec9f872695857e4dba45a777a7b9804
3943,98.575,1.2316,27.7094,False,12,mechanical_001,79d0085777a69b241e0aecfb8f846de17ec9f872695857e4dba45a777a7b9804
3944,98.6,1.2319,27.7485,False,12,mechanical_001,79d0085777a69b241e0aecfb8f846de17ec9f872695857e4dba45a777a7b9804
3945,98.625,1.2322,27.7822,False,12,mechanical_001,79d0085777a69b241e0aecfb8f846de17ec9f872695857e4dba45a777a7b9804
3946,98.65,1.2325,27.8157,False,12,mechanical_001,79d0085777a69b241e0aecfb8f846de17ec9f872695857e4dba45a777a7b9804
3947,98.675,1.2328,27.8484,False,12,mechanical_001,79d0085777a69b241e0aecfb8f846de17ec9f872695857e4dba45a777a7b9804
3948,98.7,1.2332,27.8892,False,12,mechanical_001,79d0085777a69b241e0aecfb8f846de17ec9f872695857e4dba45a777a7b9804
3949,98.725,1.2335,27.9242,False,12,mechanical_001,79d0085777a69b241e0aecfb8f846de17ec9f872695857e4dba45a777a7b9804
3950,98.75,1.2338,27.9575,False,12,mechanical_001,79d0085777a69b241e0aecfb8f846de17ec9f872695857e4dba45a777a7b9804
3951,98.775,1.2341,27.9893,False,12,mechanical_001,79d0085777a69b241e0aecfb8f846de17ec9f872695857e4dba45a777a7b9804
3952,98.8,1.2345,28.0168,False,12,mechanical_001,79d0085777a69b241e0aecfb8f846de17ec9f872695857e4dba45a777a7b9804
3953,98.825,1.2348,28.0445,False,12,mechanical_001,79d0085777a69b241e0aecfb8f846de17ec9f872695857e4dba45a777a7b9804
3954,98.85,1.2351,28.0707,False,12,mechanical_001,79d0085777a69b241e0aecfb8f846de17ec9f872695857e4dba45a777a7b9804
3955,98.875,1.2354,28.0961,False,12,mechanical_001,79d0085777a69b241e0aecfb8f846de17ec9f872695857e4dba45a777a7b9804
3956,98.9,1.2358,28.1211,False,12,mechanical_001,79d0085777a69b241e0aecfb8f846de17ec9f872695857e4dba45a777a7b9804
3957,98.925,1.2361,28.1382,False,12,mechanical_001,79d0085777a69b241e0aecfb8f846de17ec9f872695857e4dba45a777a7b9804
3958,98.95,1.2364,28.1491,False,12,mechanical_001,79d0085777a69b241e0aecfb8f846de17ec9f872695857e4dba45a777a7b9804
3959,98.975,1.2367,28.1627,False,12,mechanical_001,79d0085777a69b241e0aecfb8f846de17ec9f872695857e4dba45a777a7b9804
3960,99.0,1.237,28.174,False,12,mechanical_001,79d0085777a69b241e0aecfb8f846de17ec9f872695857e4dba45a777a7b9804
3961,99.025,1.2373,28.1935,False,12,mechanical_001,79d0085777a69b241e0aecfb8f846de17ec9f872695857e4dba45a777a7b9804
3962,99.05,1.2377,28.2106,False,12,mechanical_001,79d0085777a69b241e0aecfb8f846de17ec9f872695857e4dba45a777a7b9804
3963,99.075,1.238,28.2251,False,12,mechanical_001,79d0085777a69b241e0aecfb8f846de17ec9f872695857e4dba45a777a7b9804
3964,99.1,1.2383,28.2365,False,12,mechanical_001,79d0085777a69b241e0aecfb8f846de17ec9f872695857e4dba45a777a7b9804
3965,99.125,1.2386,28.2408,False,12,mechanical_001,79d0085777a69b241e0aecfb8f846de17ec9f872695857e4dba45a777a7b9804
3966,99.15,1.2389,28.2554,False,12,mechanical_001,79d0085777a69b241e0aecfb8f846de17ec9f872695857e4dba45a777a7b9804
3967,99.175,1.2392,28.2798,False,12,mechanical_001,79d0085777a69b241e0aecfb8f846de17ec9f872695857e4dba45a777a7b9804
3968,99.2,1.2396,28.3033,False,12,mechanical_001,79d0085777a69b241e0aecfb8f846de17ec9f872695857e4dba45a777a7b9804
3969,99.225,1.2399,28.3254,False,12,mechanical_001,79d0085777a69b241e0aecfb8f846de17ec9f872695857e4dba45a777a7b9804
3970,99.25,1.2402,28.3446,False,12,mechanical_001,79d0085777a69b241e0aecfb8f846de17ec9f872695857e4dba45a777a7b9804
3971,99.275,1.2405,28.3601,False,12,mechanical_001,79d0085777a69b241e0aecfb8f846de17ec9f872695857e4dba45a777a7b9804
3972,99.3,1.2408,28.3822,False,12,mechanical_001,79d0085777a69b241e0aecfb8f846de17ec9f872695857e4dba45a777a7b9804
3973,99.325,1.2411,28.4076,False,12,mechanical_001,79d0085777a69b241e0aecfb8f846de17ec9f872695857e4dba45a777a7b9804
3974,99.35,1.2415,28.4368,False,12,mechanical_001,79d0085777a69b241e0aecfb8f846de17ec9f872695857e4dba45a777a7b9804
3975,99.375,1.2418,28.4661,False,12,mechanical_001,79d0085777a69b241e0aecfb8f846de17ec9f872695857e4dba45a777a7b9804
3976,99.4,1.2421,28.4995,False,12,mechanical_001,79d0085777a69b241e0aecfb8f846de17ec9f872695857e4dba45a777a7b9804
3977,99.425,1.2424,28.54,False,12,mechanical_001,79d0085777a69b241e0aecfb8f846de17ec9f872695857e4dba45a777a7b9804
3978,99.45,1.2427,28.5752,False,12,mechanical_001,79d0085777a69b241e0aecfb8f846de17ec9f872695857e4dba45a777a7b9804
3979,99.475,1.2431,28.6134,False,12,mechanical_001,79d0085777a69b241e0aecfb8f846de17ec9f872695857e4dba45a777a7b9804
3980,99.5,1.2434,28.6465,False,12,mechanical_001,79d0085777a69b241e0aecfb8f846de17ec9f872695857e4dba45a777a7b9804
3981,99.525,1.2437,28.6759,False,12,mechanical_001,79d0085777a69b241e0aecfb8f846de17ec9f872695857e4dba45a777a7b9804
3982,99.55,1.244,28.7088,False,12,mechanical_001,79d0085777a69b241e0aecfb8f846de17ec9f872695857e4dba45a777a7b9804
3983,99.575,1.2443,28.7427,False,12,mechanical_001,79d0085777a69b241e0aecfb8f846de17ec9f872695857e4dba45a777a7b9804
3984,99.6,1.2447,28.7841,False,12,mechanical_001,79d0085777a69b241e0aecfb8f846de17ec9f872695857e4dba45a777a7b9804
3985,99.625,1.245,28.8308,False,12,mechanical_001,79d0085777a69b241e0aecfb8f846de17ec9f872695857e4dba45a777a7b9804
3986,99.65,1.2453,28.8793,False,12,mechanical_001,79d0085777a69b241e0aecfb8f846de17ec9f872695857e4dba45a777a7b9804
3987,99.675,1.2457,28.9189,False,12,mechanical_001,79d0085777a69b241e0aecfb8f846de17ec9f872695857e4dba45a777a7b9804
3988,99.7,1.246,28.9507,False,12,mechanical_001,79d0085777a69b241e0aecfb8f846de17ec9f872695857e4dba45a777a7b9804
3989,99.725,1.2463,28.9902,False,12,mechanical_001,79d0085777a69b241e0aecfb8f846de17ec9f872695857e4dba45a777a7b9804
3990,99.75,1.2466,29.0205,False,12,mechanical_001,79d0085777a69b241e0aecfb8f846de17ec9f872695857e4dba45a777a7b9804
3991,99.775,1.2469,29.0368,False,12,mechanical_001,79d0085777a69b241e0aecfb8f846de17ec9f872695857e4dba45a777a7b9804
3992,99.8,1.2472,29.0467,False,12,mechanical_001,79d0085777a69b241e0aecfb8f846de17ec9f872695857e4dba45a777a7b9804
3993,99.825,1.2475,29.0475,False,12,mechanical_001,79d0085777a69b241e0aecfb8f846de17ec9f872695857e4dba45a777a7b9804
3994,99.85,1.2479,29.0461,False,12,mechanical_001,79d0085777a69b241e0aecfb8f846de17ec9f872695857e4dba45a777a7b9804
3995,99.875,1.2482,29.0539,False,12,mechanical_001,79d0085777a69b241e0aecfb8f846de17ec9f872695857e4dba45a777a7b9804
3996,99.9,1.2485,29.0683,False,12,mechanical_001,79d0085777a69b241e0aecfb8f846de17ec9f872695857e4dba45a777a7b9804
3997,99.925,1.2488,29.0898,False,12,mechanical_001,79d0085777a69b241e0aecfb8f846de17ec9f872695857e4dba45a777a7b9804
3998,99.95,1.2491,29.1161,False,12,mechanical_001,79d0085777a69b241e0aecfb8f846de17ec9f872695857e4dba45a777a7b9804
3999,99.975,1.2494,29.1431,False,12,mechanical_001,79d0085777a69b241e0aecfb8f846de17ec9f872695857e4dba45a777a7b9804
4000,100.0,1.2497,29.1744,False,12,mechanical_001,79d0085777a69b241e0aecfb8f846de17ec9f872695857e4dba45a777a7b9804
4001,100.025,1.25,29.2069,False,12,mechanical_001,79d0085777a69b241e0aecfb8f846de17ec9f872695857e4dba45a777a7b9804
4002,100.05,1.2503,29.2416,False,12,mechanical_001,79d0085777a69b241e0aecfb8f846de17ec9f872695857e4dba45a777a7b9804
4003,100.075,1.2507,29.2814,False,12,mechanical_001,79d0085777a69b241e0aecfb8f846de17ec9f872695857e4dba45a777a7b9804
4004,100.1,1.251,29.3142,False,12,mechanical_001,79d0085777a69b241e0aecfb8f846de17ec9f872695857e4dba45a777a7b9804
4005,100.125,1.2513,29.3376,False,12,mechanical_001,79d0085777a69b241e0aecfb8f846de17ec9f872695857e4dba45a777a7b9804
4006,100.15,1.2516,29.359,False,12,mechanical_001,79d0085777a69b241e0aecfb8f846de17ec9f872695857e4dba45a777a7b9804
4007,100.175,1.2519,29.3825,False,12,mechanical_001,79d0085777a69b241e0aecfb8f846de17ec9f872695857e4dba45a777a7b9804
4008,100.2,1.2522,29.4031,False,12,mechanical_001,79d0085777a69b241e0aecfb8f846de17ec9f872695857e4dba45a777a7b9804
4009,100.225,1.2525,29.4269,False,12,mechanical_001,79d0085777a69b241e0aecfb8f846de17ec9f872695857e4dba45a777a7b9804
4010,100.25,1.2528,29.4379,False,12,mechanical_001,79d0085777a69b241e0aecfb8f846de17ec9f872695857e4dba45a777a7b9804
4011,100.275,1.2531,29.4443,False,12,mechanical_001,79d0085777a69b241e0aecfb8f846de17ec9f872695857e4dba45a777a7b9804
4012,100.3,1.2534,29.4516,False,12,mechanical_001,79d0085777a69b241e0aecfb8f846de17ec9f872695857e4dba45a777a7b9804
4013,100.325,1.2538,29.4628,False,12,mechanical_001,79d0085777a69b241e0aecfb8f846de17ec9f872695857e4dba45a777a7b9804
4014,100.35,1.2541,29.4748,False,12,mechanical_001,79d0085777a69b241e0aecfb8f846de17ec9f872695857e4dba45a777a7b9804
4015,100.375,1.2544,29.4921,False,12,mechanical_001,79d0085777a69b241e0aecfb8f846de17ec9f872695857e4dba45a777a7b9804
4016,100.4,1.2547,29.5139,False,12,mechanical_001,79d0085777a69b241e0aecfb8f846de17ec9f872695857e4dba45a777a7b9804
4017,100.425,1.255,29.544,False,12,mechanical_001,79d0085777a69b241e0aecfb8f846de17ec9f872695857e4dba45a777a7b9804
4018,100.45,1.2553,29.5852,False,12,mechanical_001,79d0085777a69b241e0aecfb8f846de17ec9f872695857e4dba45a777a7b9804
4019,100.475,1.2556,29.6356,False,12,mechanical_001,79d0085777a69b241e0aecfb8f846de17ec9f872695857e4dba45a777a7b9804
4020,100.5,1.2559,29.689,False,12,mechanical_001,79d0085777a69b241e0aecfb8f846de17ec9f872695857e4dba45a777a7b9804
4021,100.525,1.2562,29.7352,False,12,mechanical_001,79d0085777a69b241e0aecfb8f846de17ec9f872695857e4dba45a777a7b9804
4022,100.55,1.2566,29.7776,False,12,mechanical_001,79d0085777a69b241e0aecfb8f846de17ec9f872695857e4dba45a777a7b9804
4023,100.575,1.2569,29.8143,False,12,mechanical_001,79d0085777a69b241e0aecfb8f846de17ec9f872695857e4dba45a777a7b9804
4024,100.6,1.2572,29.8533,False,12,mechanical_001,79d0085777a69b241e0aecfb8f846de17ec9f872695857e4dba45a777a7b9804
4025,100.625,1.2575,29.8927,False,12,mechanical_001,79d0085777a69b241e0aecfb8f846de17ec9f872695857e4dba45a777a7b9804
4026,100.65,1.2578,29.9289,False,12,mechanical_001,79d0085777a69b241e0aecfb8f846de17ec9f872695857e4dba45a777a7b9804
4027,100.675,1.2581,29.9632,False,12,mechanical_001,79d0085777a69b241e0aecfb8f846de17ec9f872695857e4dba45a777a7b9804
4028,100.7,1.2585,29.9972,False,12,mechanical_001,79d0085777a69b241e0aecfb8f846de17ec9f872695857e4dba45a777a7b9804
4029,100.725,1.2588,30.0271,False,12,mechanical_001,79d0085777a69b241e0aecfb8f846de17ec9f872695857e4dba45a777a7b9804
4030,100.75,1.2591,30.0581,False,12,mechanical_001,79d0085777a69b241e0aecfb8f846de17ec9f872695857e4dba45a777a7b9804
4031,100.775,1.2594,30.0835,False,12,mechanical_001,79d0085777a69b241e0aecfb8f846de17ec9f872695857e4dba45a777a7b9804
4032,100.8,1.2597,30.1035,False,12,mechanical_001,79d0085777a69b241e0aecfb8f846de17ec9f872695857e4dba45a777a7b9804
4033,100.825,1.26,30.1178,False,12,mechanical_001,79d0085777a69b241e0aecfb8f846de17ec9f872695857e4dba45a777a7b9804
4034,100.85,1.2603,30.1291,False,12,mechanical_001,79d0085777a69b241e0aecfb8f846de17ec9f872695857e4dba45a777a7b9804
4035,100.875,1.2606,30.1354,False,12,mechanical_001,79d0085777a69b241e0aecfb8f846de17ec9f872695857e4dba45a777a7b9804
4036,100.9,1.2609,30.1397,False,12,mechanical_001,79d0085777a69b241e0aecfb8f846de17ec9f872695857e4dba45a777a7b9804
4037,100.925,1.2612,30.1574,False,12,mechanical_001,79d0085777a69b241e0aecfb8f846de17ec9f872695857e4dba45a777a7b9804
4038,100.95,1.2615,30.1797,False,12,mechanical_001,79d0085777a69b241e0aecfb8f846de17ec9f872695857e4dba45a777a7b9804
4039,100.975,1.2618,30.2031,False,12,mechanical_001,79d0085777a69b241e0aecfb8f846de17ec9f872695857e4dba45a777a7b9804
4040,101.0,1.2621,30.2274,False,12,mechanical_001,79d0085777a69b241e0aecfb8f846de17ec9f872695857e4dba45a777a7b9804
4041,101.025,1.2624,30.2589,False,12,mechanical_001,79d0085777a69b241e0aecfb8f846de17ec9f872695857e4dba45a777a7b9804
4042,101.05,1.2628,30.2986,False,12,mechanical_001,79d0085777a69b241e0aecfb8f846de17ec9f872695857e4dba45a777a7b9804
4043,101.075,1.2631,30.3376,False,12,mechanical_001,79d0085777a69b241e0aecfb8f846de17ec9f872695857e4dba45a777a7b9804
4044,101.1,1.2634,30.3792,False,12,mechanical_001,79d0085777a69b241e0aecfb8f846de17ec9f872695857e4dba45a777a7b9804
4045,101.125,1.2637,30.4136,False,12,mechanical_001,79d0085777a69b241e0aecfb8f846de17ec9f872695857e4dba45a777a7b9804
4046,101.15,1.264,30.4391,False,12,mechanical_001,79d0085777a69b241e0aecfb8f846de17ec9f872695857e4dba45a777a7b9804
4047,101.175,1.2643,30.4624,False,12,mechanical_001,79d0085777a69b241e0aecfb8f846de17ec9f872695857e4dba45a777a7b9804
4048,101.2,1.2646,30.4871,False,12,mechanical_001,79d0085777a69b241e0aecfb8f846de17ec9f872695857e4dba45a777a7b9804
4049,101.225,1.2649,30.5142,False,12,mechanical_001,79d0085777a69b241e0aecfb8f846de17ec9f872695857e4dba45a777a7b9804
4050,101.25,1.2653,30.535,False,12,mechanical_001,79d0085777a69b241e0aecfb8f846de17ec9f872695857e4dba45a777a7b9804
4051,101.275,1.2656,30.5426,False,12,mechanical_001,79d0085777a69b241e0aecfb8f846de17ec9f872695857e4dba45a777a7b9804
4052,101.3,1.2659,30.5529,False,12,mechanical_001,79d0085777a69b241e0aecfb8f846de17ec9f872695857e4dba45a777a7b9804
4053,101.325,1.2662,30.5742,False,12,mechanical_001,79d0085777a69b241e0aecfb8f846de17ec9f872695857e4dba45a777a7b9804
4054,101.35,1.2665,30.5938,False,12,mechanical_001,79d0085777a69b241e0aecfb8f846de17ec9f872695857e4dba45a777a7b9804
4055,101.375,1.2668,30.624,False,12,mechanical_001,79d0085777a69b241e0aecfb8f846de17ec9f872695857e4dba45a777a7b9804
4056,101.4,1.2671,30.6606,False,12,mechanical_001,79d0085777a69b241e0aecfb8f846de17ec9f872695857e4dba45a777a7b9804
4057,101.425,1.2674,30.6936,False,12,mechanical_001,79d0085777a69b241e0aecfb8f846de17ec9f872695857e4dba45a777a7b9804
4058,101.45,1.2677,30.7172,False,12,mechanical_001,79d0085777a69b241e0aecfb8f846de17ec9f872695857e4dba45a777a7b9804
4059,101.475,1.268,30.7546,False,12,mechanical_001,79d0085777a69b241e0aecfb8f846de17ec9f872695857e4dba45a777a7b9804
4060,101.5,1.2684,30.7998,False,12,mechanical_001,79d0085777a69b241e0aecfb8f846de17ec9f872695857e4dba45a777a7b9804
4061,101.525,1.2687,30.851,False,12,mechanical_001,79d0085777a69b241e0aecfb8f846de17ec9f872695857e4dba45a777a7b9804
4062,101.55,1.269,30.9085,False,12,mechanical_001,79d0085777a69b241e0aecfb8f846de17ec9f872695857e4dba45a777a7b9804
4063,101.575,1.2693,30.9756,False,12,mechanical_001,79d0085777a69b241e0aecfb8f846de17ec9f872695857e4dba45a777a7b9804
4064,101.6,1.2697,31.0439,False,12,mechanical_001,79d0085777a69b241e0aecfb8f846de17ec9f872695857e4dba45a777a7b9804
4065,101.625,1.27,31.1152,False,12,mechanical_001,79d0085777a69b241e0aecfb8f846de17ec9f872695857e4dba45a777a7b9804
4066,101.65,1.2703,31.1954,False,12,mechanical_001,79d0085777a69b241e0aecfb8f846de17ec9f872695857e4dba45a777a7b9804
4067,101.675,1.2707,31.278,False,12,mechanical_001,79d0085777a69b241e0aecfb8f846de17ec9f872695857e4dba45a777a7b9804
4068,101.7,1.271,31.3427,False,12,mechanical_001,79d0085777a69b241e0aecfb8f846de17ec9f872695857e4dba45a777a7b9804
4069,101.725,1.2713,31.3845,False,12,mechanical_001,79d0085777a69b241e0aecfb8f846de17ec9f872695857e4dba45a777a7b9804
4070,101.75,1.2717,31.3997,False,12,mechanical_001,79d0085777a69b241e0aecfb8f846de17ec9f872695857e4dba45a777a7b9804
4071,101.775,1.272,31.4072,False,12,mechanical_001,79d0085777a69b241e0aecfb8f846de17ec9f872695857e4dba45a777a7b9804
4072,101.8,1.2723,31.4025,False,12,mechanical_001,79d0085777a69b241e0aecfb8f846de17ec9f872695857e4dba45a777a7b9804
4073,101.825,1.2726,31.3933,False,12,mechanical_001,79d0085777a69b241e0aecfb8f846de17ec9f872695857e4dba45a777a7b9804
4074,101.85,1.2729,31.3962,False,12,mechanical_001,79d0085777a69b241e0aecfb8f846de17ec9f872695857e4dba45a777a7b9804
4075,101.875,1.2732,31.4066,False,12,mechanical_001,79d0085777a69b241e0aecfb8f846de17ec9f872695857e4dba45a777a7b9804
4076,101.9,1.2735,31.426,False,12,mechanical_001,79d0085777a69b241e0aecfb8f846de17ec9f872695857e4dba45a777a7b9804
4077,101.925,1.2738,31.4467,False,12,mechanical_001,79d0085777a69b241e0aecfb8f846de17ec9f872695857e4dba45a777a7b9804
4078,101.95,1.2741,31.4724,False,12,mechanical_001,79d0085777a69b241e0aecfb8f846de17ec9f872695857e4dba45a777a7b9804
4079,101.975,1.2744,31.5045,False,12,mechanical_001,79d0085777a69b241e0aecfb8f846de17ec9f872695857e4dba45a777a7b9804
4080,102.0,1.2747,31.5464,False,12,mechanical_001,79d0085777a69b241e0aecfb8f846de17ec9f872695857e4dba45a777a7b9804
4081,102.025,1.2751,31.5745,False,12,mechanical_001,79d0085777a69b241e0aecfb8f846de17ec9f872695857e4dba45a777a7b9804
4082,102.05,1.2754,31.5932,False,12,mechanical_001,79d0085777a69b241e0aecfb8f846de17ec9f872695857e4dba45a777a7b9804
4083,102.075,1.2757,31.6037,False,12,mechanical_001,79d0085777a69b241e0aecfb8f846de17ec9f872695857e4dba45a777a7b9804
4084,102.1,1.276,31.608,False,12,mechanical_001,79d0085777a69b241e0aecfb8f846de17ec9f872695857e4dba45a777a7b9804
4085,102.125,1.2763,31.6205,False,12,mechanical_001,79d0085777a69b241e0aecfb8f846de17ec9f872695857e4dba45a777a7b9804
4086,102.15,1.2766,31.6404,False,12,mechanical_001,79d0085777a69b241e0aecfb8f846de17ec9f872695857e4dba45a777a7b9804
4087,102.175,1.2769,31.6642,False,12,mechanical_001,79d0085777a69b241e0aecfb8f846de17ec9f872695857e4dba45a777a7b9804
4088,102.2,1.2772,31.6887,False,12,mechanical_001,79d0085777a69b241e0aecfb8f846de17ec9f872695857e4dba45a777a7b9804
4089,102.225,1.2775,31.7144,False,12,mechanical_001,79d0085777a69b241e0aecfb8f846de17ec9f872695857e4dba45a777a7b9804
4090,102.25,1.2778,31.7424,False,12,mechanical_001,79d0085777a69b241e0aecfb8f846de17ec9f872695857e4dba45a777a7b9804
4091,102.275,1.2782,31.7747,False,12,mechanical_001,79d0085777a69b241e0aecfb8f846de17ec9f872695857e4dba45a777a7b9804
4092,102.3,1.2785,31.809,False,12,mechanical_001,79d0085777a69b241e0aecfb8f846de17ec9f872695857e4dba45a777a7b9804
4093,102.325,1.2788,31.8379,False,12,mechanical_001,79d0085777a69b241e0aecfb8f846de17ec9f872695857e4dba45a777a7b9804
4094,102.35,1.2791,31.8549,False,12,mechanical_001,79d0085777a69b241e0aecfb8f846de17ec9f872695857e4dba45a777a7b9804
4095,102.375,1.2794,31.8689,False,12,mechanical_001,79d0085777a69b241e0aecfb8f846de17ec9f872695857e4dba45a777a7b9804
4096,102.4,1.2797,31.8958,False,12,mechanical_001,79d0085777a69b241e0aecfb8f846de17ec9f872695857e4dba45a777a7b9804
4097,102.425,1.28,31.9232,False,12,mechanical_001,79d0085777a69b241e0aecfb8f846de17ec9f872695857e4dba45a777a7b9804
4098,102.45,1.2803,31.9358,False,12,mechanical_001,79d0085777a69b241e0aecfb8f846de17ec9f872695857e4dba45a777a7b9804
4099,102.475,1.2806,31.962,False,12,mechanical_001,79d0085777a69b241e0aecfb8f846de17ec9f872695857e4dba45a777a7b9804
4100,102.5,1.281,31.9922,False,12,mechanical_001,79d0085777a69b241e0aecfb8f846de17ec9f872695857e4dba45a777a7b9804
4101,102.525,1.2813,32.0193,False,12,mechanical_001,79d0085777a69b241e0aecfb8f846de17ec9f872695857e4dba45a777a7b9804
4102,102.55,1.2816,32.0489,False,12,mechanical_001,79d0085777a69b241e0aecfb8f846de17ec9f872695857e4dba45a777a7b9804
4103,102.575,1.2819,32.0817,False,12,mechanical_001,79d0085777a69b241e0aecfb8f846de17ec9f872695857e4dba45a777a7b9804
4104,102.6,1.2822,32.1226,False,12,mechanical_001,79d0085777a69b241e0aecfb8f846de17ec9f872695857e4dba45a777a7b9804
4105,102.625,1.2825,32.1639,False,12,mechanical_001,79d0085777a69b241e0aecfb8f846de17ec9f872695857e4dba45a777a7b9804
4106,102.65,1.2828,32.2077,False,12,mechanical_001,79d0085777a69b241e0aecfb8f846de17ec9f872695857e4dba45a777a7b9804
4107,102.675,1.2832,32.2576,False,12,mechanical_001,79d0085777a69b241e0aecfb8f846de17ec9f872695857e4dba45a777a7b9804
4108,102.7,1.2835,32.3134,False,12,mechanical_001,79d0085777a69b241e0aecfb8f846de17ec9f872695857e4dba45a777a7b9804
4109,102.725,1.2838,32.3718,False,12,mechanical_001,79d0085777a69b241e0aecfb8f846de17ec9f872695857e4dba45a777a7b9804
4110,102.75,1.2841,32.4183,False,12,mechanical_001,79d0085777a69b241e0aecfb8f846de17ec9f872695857e4dba45a777a7b9804
4111,102.775,1.2844,32.4522,False,12,mechanical_001,79d0085777a69b241e0aecfb8f846de17ec9f872695857e4dba45a777a7b9804
4112,102.8,1.2848,32.4849,False,12,mechanical_001,79d0085777a69b241e0aecfb8f846de17ec9f872695857e4dba45a777a7b9804
4113,102.825,1.2851,32.5188,False,12,mechanical_001,79d0085777a69b241e0aecfb8f846de17ec9f872695857e4dba45a777a7b9804
4114,102.85,1.2854,32.5532,False,12,mechanical_001,79d0085777a69b241e0aecfb8f846de17ec9f872695857e4dba45a777a7b9804
4115,102.875,1.2857,32.5906,False,12,mechanical_001,79d0085777a69b241e0aecfb8f846de17ec9f872695857e4dba45a777a7b9804
4116,102.9,1.286,32.6252,False,12,mechanical_001,79d0085777a69b241e0aecfb8f846de17ec9f872695857e4dba45a777a7b9804
4117,102.925,1.2863,32.6661,False,12,mechanical_001,79d0085777a69b241e0aecfb8f846de17ec9f872695857e4dba45a777a7b9804
4118,102.95,1.2866,32.7199,False,12,mechanical_001,79d0085777a69b241e0aecfb8f846de17ec9f872695857e4dba45a777a7b9804
4119,102.975,1.287,32.7778,False,12,mechanical_001,79d0085777a69b241e0aecfb8f846de17ec9f872695857e4dba45a777a7b9804
4120,103.0,1.2873,32.8325,False,12,mechanical_001,79d0085777a69b241e0aecfb8f846de17ec9f872695857e4dba45a777a7b9804
4121,103.025,1.2876,32.8729,False,12,mechanical_001,79d0085777a69b241e0aecfb8f846de17ec9f872695857e4dba45a777a7b9804
4122,103.05,1.2879,32.912,False,12,mechanical_001,79d0085777a69b241e0aecfb8f846de17ec9f872695857e4dba45a777a7b9804
4123,103.075,1.2882,32.9388,False,12,mechanical_001,79d0085777a69b241e0aecfb8f846de17ec9f872695857e4dba45a777a7b9804
4124,103.1,1.2885,32.956,False,12,mechanical_001,79d0085777a69b241e0aecfb8f846de17ec9f872695857e4dba45a777a7b9804
4125,103.125,1.2888,32.9764,False,12,mechanical_001,79d0085777a69b241e0aecfb8f846de17ec9f872695857e4dba45a777a7b9804
4126,103.15,1.2891,32.998,False,12,mechanical_001,79d0085777a69b241e0aecfb8f846de17ec9f872695857e4dba45a777a7b9804
4127,103.175,1.2894,33.0424,False,12,mechanical_001,79d0085777a69b241e0aecfb8f846de17ec9f872695857e4dba45a777a7b9804
4128,103.2,1.2897,33.1105,False,12,mechanical_001,79d0085777a69b241e0aecfb8f846de17ec9f872695857e4dba45a777a7b9804
4129,103.225,1.2901,33.1832,False,12,mechanical_001,79d0085777a69b241e0aecfb8f846de17ec9f872695857e4dba45a777a7b9804
4130,103.25,1.2904,33.2448,False,12,mechanical_001,79d0085777a69b241e0aecfb8f846de17ec9f872695857e4dba45a777a7b9804
4131,103.275,1.2907,33.3088,False,12,mechanical_001,79d0085777a69b241e0aecfb8f846de17ec9f872695857e4dba45a777a7b9804
4132,103.3,1.291,33.3658,False,12,mechanical_001,79d0085777a69b241e0aecfb8f846de17ec9f872695857e4dba45a777a7b9804
4133,103.325,1.2913,33.4108,False,12,mechanical_001,79d0085777a69b241e0aecfb8f846de17ec9f872695857e4dba45a777a7b9804
4134,103.35,1.2916,33.4466,False,12,mechanical_001,79d0085777a69b241e0aecfb8f846de17ec9f872695857e4dba45a777a7b9804
4135,103.375,1.292,33.4709,False,12,mechanical_001,79d0085777a69b241e0aecfb8f846de17ec9f872695857e4dba45a777a7b9804
4136,103.4,1.2923,33.4884,False,12,mechanical_001,79d0085777a69b241e0aecfb8f846de17ec9f872695857e4dba45a777a7b9804
4137,103.425,1.2926,33.5088,False,12,mechanical_001,79d0085777a69b241e0aecfb8f846de17ec9f872695857e4dba45a777a7b9804
4138,103.45,1.2929,33.549,False,12,mechanical_001,79d0085777a69b241e0aecfb8f846de17ec9f872695857e4dba45a777a7b9804
4139,103.475,1.2932,33.5952,False,12,mechanical_001,79d0085777a69b241e0aecfb8f846de17ec9f872695857e4dba45a777a7b9804
4140,103.5,1.2935,33.6475,False,12,mechanical_001,79d0085777a69b241e0aecfb8f846de17ec9f872695857e4dba45a777a7b9804
4141,103.525,1.2938,33.7136,False,12,mechanical_001,79d0085777a69b241e0aecfb8f846de17ec9f872695857e4dba45a777a7b9804
4142,103.55,1.2942,33.7883,False,12,mechanical_001,79d0085777a69b241e0aecfb8f846de17ec9f872695857e4dba45a777a7b9804
4143,103.575,1.2945,33.8768,False,12,mechanical_001,79d0085777a69b241e0aecfb8f846de17ec9f872695857e4dba45a777a7b9804
4144,103.6,1.2948,33.9741,False,12,mechanical_001,79d0085777a69b241e0aecfb8f846de17ec9f872695857e4dba45a777a7b9804
4145,103.625,1.2952,34.0739,False,12,mechanical_001,79d0085777a69b241e0aecfb8f846de17ec9f872695857e4dba45a777a7b9804
4146,103.65,1.2955,34.1657,False,12,mechanical_001,79d0085777a69b241e0aecfb8f846de17ec9f872695857e4dba45a777a7b9804
4147,103.675,1.2959,34.24,False,12,mechanical_001,79d0085777a69b241e0aecfb8f846de17ec9f872695857e4dba45a777a7b9804
4148,103.7,1.2962,34.2939,False,12,mechanical_001,79d0085777a69b241e0aecfb8f846de17ec9f872695857e4dba45a777a7b9804
4149,103.725,1.2965,34.3186,False,12,mechanical_001,79d0085777a69b241e0aecfb8f846de17ec9f872695857e4dba45a777a7b9804
4150,103.75,1.2968,34.3205,False,12,mechanical_001,79d0085777a69b241e0aecfb8f846de17ec9f872695857e4dba45a777a7b9804
4151,103.775,1.2971,34.3206,False,12,mechanical_001,79d0085777a69b241e0aecfb8f846de17ec9f872695857e4dba45a777a7b9804
4152,103.8,1.2974,34.3237,False,12,mechanical_001,79d0085777a69b241e0aecfb8f846de17ec9f872695857e4dba45a777a7b9804
4153,103.825,1.2977,34.3328,False,12,mechanical_001,79d0085777a69b241e0aecfb8f846de17ec9f872695857e4dba45a777a7b9804
4154,103.85,1.298,34.3538,False,12,mechanical_001,79d0085777a69b241e0aecfb8f846de17ec9f872695857e4dba45a777a7b9804
4155,103.875,1.2983,34.3852,False,12,mechanical_001,79d0085777a69b241e0aecfb8f846de17ec9f872695857e4dba45a777a7b9804
4156,103.9,1.2987,34.4224,False,12,mechanical_001,79d0085777a69b241e0aecfb8f846de17ec9f872695857e4dba45a777a7b9804
4157,103.925,1.299,34.4711,False,12,mechanical_001,79d0085777a69b241e0aecfb8f846de17ec9f872695857e4dba45a777a7b9804
4158,103.95,1.2993,34.5221,False,12,mechanical_001,79d0085777a69b241e0aecfb8f846de17ec9f872695857e4dba45a777a7b9804
4159,103.975,1.2996,34.5623,False,12,mechanical_001,79d0085777a69b241e0aecfb8f846de17ec9f872695857e4dba45a777a7b9804
4160,104.0,1.2999,34.5921,False,12,mechanical_001,79d0085777a69b241e0aecfb8f846de17ec9f872695857e4dba45a777a7b9804
4161,104.025,1.3002,34.6042,False,12,mechanical_001,79d0085777a69b241e0aecfb8f846de17ec9f872695857e4dba45a777a7b9804
4162,104.05,1.3005,34.6146,False,12,mechanical_001,79d0085777a69b241e0aecfb8f846de17ec9f872695857e4dba45a777a7b9804
4163,104.075,1.3008,34.6301,False,12,mechanical_001,79d0085777a69b241e0aecfb8f846de17ec9f872695857e4dba45a777a7b9804
4164,104.1,1.3012,34.6367,False,12,mechanical_001,79d0085777a69b241e0aecfb8f846de17ec9f872695857e4dba45a777a7b9804
4165,104.125,1.3015,34.6502,False,12,mechanical_001,79d0085777a69b241e0aecfb8f846de17ec9f872695857e4dba45a777a7b9804
4166,104.15,1.3018,34.6804,False,12,mechanical_001,79d0085777a69b241e0aecfb8f846de17ec9f872695857e4dba45a777a7b9804
4167,104.175,1.3021,34.7196,False,12,mechanical_001,79d0085777a69b241e0aecfb8f846de17ec9f872695857e4dba45a777a7b9804
4168,104.2,1.3024,34.7659,False,12,mechanical_001,79d0085777a69b241e0aecfb8f846de17ec9f872695857e4dba45a777a7b9804
4169,104.225,1.3027,34.8182,False,12,mechanical_001,79d0085777a69b241e0aecfb8f846de17ec9f872695857e4dba45a777a7b9804
4170,104.25,1.303,34.8655,False,12,mechanical_001,79d0085777a69b241e0aecfb8f846de17ec9f872695857e4dba45a777a7b9804
4171,104.275,1.3034,34.9013,False,12,mechanical_001,79d0085777a69b241e0aecfb8f846de17ec9f872695857e4dba45a777a7b9804
4172,104.3,1.3037,34.9222,False,12,mechanical_001,79d0085777a69b241e0aecfb8f846de17ec9f872695857e4dba45a777a7b9804
4173,104.325,1.304,34.9348,False,12,mechanical_001,79d0085777a69b241e0aecfb8f846de17ec9f872695857e4dba45a777a7b9804
4174,104.35,1.3043,34.9452,False,12,mechanical_001,79d0085777a69b241e0aecfb8f846de17ec9f872695857e4dba45a777a7b9804
4175,104.375,1.3046,34.9536,False,12,mechanical_001,79d0085777a69b241e0aecfb8f846de17ec9f872695857e4dba45a777a7b9804
4176,104.4,1.3049,34.9664,False,12,mechanical_001,79d0085777a69b241e0aecfb8f846de17ec9f872695857e4dba45a777a7b9804
4177,104.425,1.3052,34.9916,False,12,mechanical_001,79d0085777a69b241e0aecfb8f846de17ec9f872695857e4dba45a777a7b9804
4178,104.45,1.3055,35.0349,False,12,mechanical_001,79d0085777a69b241e0aecfb8f846de17ec9f872695857e4dba45a777a7b9804
4179,104.475,1.3058,35.0787,False,12,mechanical_001,79d0085777a69b241e0aecfb8f846de17ec9f872695857e4dba45a777a7b9804
4180,104.5,1.3061,35.1169,False,12,mechanical_001,79d0085777a69b241e0aecfb8f846de17ec9f872695857e4dba45a777a7b9804
4181,104.525,1.3065,35.1548,False,12,mechanical_001,79d0085777a69b241e0aecfb8f846de17ec9f872695857e4dba45a777a7b9804
4182,104.55,1.3068,35.1789,False,12,mechanical_001,79d0085777a69b241e0aecfb8f846de17ec9f872695857e4dba45a777a7b9804
4183,104.575,1.3071,35.1923,False,12,mechanical_001,79d0085777a69b241e0aecfb8f846de17ec9f872695857e4dba45a777a7b9804
4184,104.6,1.3074,35.1984,False,12,mechanical_001,79d0085777a69b241e0aecfb8f846de17ec9f872695857e4dba45a777a7b9804
4185,104.625,1.3077,35.1987,False,12,mechanical_001,79d0085777a69b241e0aecfb8f846de17ec9f872695857e4dba45a777a7b9804
4186,104.65,1.308,35.1972,False,12,mechanical_001,79d0085777a69b241e0aecfb8f846de17ec9f872695857e4dba45a777a7b9804
4187,104.675,1.3083,35.1966,False,12,mechanical_001,79d0085777a69b241e0aecfb8f846de17ec9f872695857e4dba45a777a7b9804
4188,104.7,1.3086,35.1974,False,12,mechanical_001,79d0085777a69b241e0aecfb8f846de17ec9f872695857e4dba45a777a7b9804
4189,104.725,1.3089,35.1981,False,12,mechanical_001,79d0085777a69b241e0aecfb8f846de17ec9f872695857e4dba45a777a7b9804
4190,104.75,1.3092,35.1999,False,12,mechanical_001,79d0085777a69b241e0aecfb8f846de17ec9f872695857e4dba45a777a7b9804
4191,104.775,1.3095,35.2044,False,12,mechanical_001,79d0085777a69b241e0aecfb8f846de17ec9f872695857e4dba45a777a7b9804
4192,104.8,1.3098,35.2189,False,12,mechanical_001,79d0085777a69b241e0aecfb8f846de17ec9f872695857e4dba45a777a7b9804
4193,104.825,1.3101,35.2523,False,12,mechanical_001,79d0085777a69b241e0aecfb8f846de17ec9f872695857e4dba45a777a7b9804
4194,104.85,1.3104,35.2924,False,12,mechanical_001,79d0085777a69b241e0aecfb8f846de17ec9f872695857e4dba45a777a7b9804
4195,104.875,1.3107,35.3399,False,12,mechanical_001,79d0085777a69b241e0aecfb8f846de17ec9f872695857e4dba45a777a7b9804
4196,104.9,1.311,35.3943,False,12,mechanical_001,79d0085777a69b241e0aecfb8f846de17ec9f872695857e4dba45a777a7b9804
4197,104.925,1.3113,35.4355,False,12,mechanical_001,79d0085777a69b241e0aecfb8f846de17ec9f872695857e4dba45a777a7b9804
4198,104.95,1.3116,35.4684,False,12,mechanical_001,79d0085777a69b241e0aecfb8f846de17ec9f872695857e4dba45a777a7b9804
4199,104.975,1.3119,35.4974,False,12,mechanical_001,79d0085777a69b241e0aecfb8f846de17ec9f872695857e4dba45a777a7b9804
4200,105.0,1.3122,35.5267,False,12,mechanical_001,79d0085777a69b241e0aecfb8f846de17ec9f872695857e4dba45a777a7b9804
4201,105.025,1.3125,35.5466,False,12,mechanical_001,79d0085777a69b241e0aecfb8f846de17ec9f872695857e4dba45a777a7b9804
4202,105.05,1.3128,35.5667,False,12,mechanical_001,79d0085777a69b241e0aecfb8f846de17ec9f872695857e4dba45a777a7b9804
4203,105.075,1.3131,35.5788,False,12,mechanical_001,79d0085777a69b241e0aecfb8f846de17ec9f872695857e4dba45a777a7b9804
4204,105.1,1.3134,35.5757,False,12,mechanical_001,79d0085777a69b241e0aecfb8f846de17ec9f872695857e4dba45a777a7b9804
4205,105.125,1.3137,35.5668,False,12,mechanical_001,79d0085777a69b241e0aecfb8f846de17ec9f872695857e4dba45a777a7b9804
4206,105.15,1.314,35.5602,False,12,mechanical_001,79d0085777a69b241e0aecfb8f846de17ec9f872695857e4dba45a777a7b9804
4207,105.175,1.3143,35.5622,False,12,mechanical_001,79d0085777a69b241e0aecfb8f846de17ec9f872695857e4dba45a777a7b9804
4208,105.2,1.3146,35.5624,False,12,mechanical_001,79d0085777a69b241e0aecfb8f846de17ec9f872695857e4dba45a777a7b9804
4209,105.225,1.3149,35.5595,False,12,mechanical_001,79d0085777a69b241e0aecfb8f846de17ec9f872695857e4dba45a777a7b9804
4210,105.25,1.3152,35.5684,False,12,mechanical_001,79d0085777a69b241e0aecfb8f846de17ec9f872695857e4dba45a777a7b9804
4211,105.275,1.3155,35.5972,False,12,mechanical_001,79d0085777a69b241e0aecfb8f846de17ec9f872695857e4dba45a777a7b9804
4212,105.3,1.3158,35.6381,False,12,mechanical_001,79d0085777a69b241e0aecfb8f846de17ec9f872695857e4dba45a777a7b9804
4213,105.325,1.3161,35.6824,False,12,mechanical_001,79d0085777a69b241e0aecfb8f846de17ec9f872695857e4dba45a777a7b9804
4214,105.35,1.3164,35.7251,False,12,mechanical_001,79d0085777a69b241e0aecfb8f846de17ec9f872695857e4dba45a777a7b9804
4215,105.375,1.3167,35.7679,False,12,mechanical_001,79d0085777a69b241e0aecfb8f846de17ec9f872695857e4dba45a777a7b9804
4216,105.4,1.317,35.8011,False,12,mechanical_001,79d0085777a69b241e0aecfb8f846de17ec9f872695857e4dba45a777a7b9804
4217,105.425,1.3173,35.8172,False,12,mechanical_001,79d0085777a69b241e0aecfb8f846de17ec9f872695857e4dba45a777a7b9804
4218,105.45,1.3176,35.8309,False,12,mechanical_001,79d0085777a69b241e0aecfb8f846de17ec9f872695857e4dba45a777a7b9804
4219,105.475,1.3179,35.8368,False,12,mechanical_001,79d0085777a69b241e0aecfb8f846de17ec9f872695857e4dba45a777a7b9804
4220,105.5,1.3182,35.8328,False,12,mechanical_001,79d0085777a69b241e0aecfb8f846de17ec9f872695857e4dba45a777a7b9804
4221,105.525,1.3185,35.8299,False,12,mechanical_001,79d0085777a69b241e0aecfb8f846de17ec9f872695857e4dba45a777a7b9804
4222,105.55,1.3188,35.8337,False,12,mechanical_001,79d0085777a69b241e0aecfb8f846de17ec9f872695857e4dba45a777a7b9804
4223,105.575,1.3191,35.8283,False,12,mechanical_001,79d0085777a69b241e0aecfb8f846de17ec9f872695857e4dba45a777a7b9804
4224,105.6,1.3194,35.8173,False,12,mechanical_001,79d0085777a69b241e0aecfb8f846de17ec9f872695857e4dba45a777a7b9804
4225,105.625,1.3197,35.8186,False,12,mechanical_001,79d0085777a69b241e0aecfb8f846de17ec9f872695857e4dba45a777a7b9804
4226,105.65,1.32,35.8345,False,12,mechanical_001,79d0085777a69b241e0aecfb8f846de17ec9f872695857e4dba45a777a7b9804
4227,105.675,1.3203,35.8547,False,12,mechanical_001,79d0085777a69b241e0aecfb8f846de17ec9f872695857e4dba45a777a7b9804
4228,105.7,1.3206,35.8767,False,12,mechanical_001,79d0085777a69b241e0aecfb8f846de17ec9f872695857e4dba45a777a7b9804
4229,105.725,1.3209,35.8996,False,12,mechanical_001,79d0085777a69b241e0aecfb8f846de17ec9f872695857e4dba45a777a7b9804
4230,105.75,1.3212,35.9197,False,12,mechanical_001,79d0085777a69b241e0aecfb8f846de17ec9f872695857e4dba45a777a7b9804
4231,105.775,1.3215,35.9319,False,12,mechanical_001,79d0085777a69b241e0aecfb8f846de17ec9f872695857e4dba45a777a7b9804
4232,105.8,1.3218,35.9481,False,12,mechanical_001,79d0085777a69b241e0aecfb8f846de17ec9f872695857e4dba45a777a7b9804
4233,105.825,1.3222,35.9763,False,12,mechanical_001,79d0085777a69b241e0aecfb8f846de17ec9f872695857e4dba45a777a7b9804
4234,105.85,1.3225,36.0216,False,12,mechanical_001,79d0085777a69b241e0aecfb8f846de17ec9f872695857e4dba45a777a7b9804
4235,105.875,1.3228,36.0771,False,12,mechanical_001,79d0085777a69b241e0aecfb8f846de17ec9f872695857e4dba45a777a7b9804
4236,105.9,1.3231,36.1364,False,12,mechanical_001,79d0085777a69b241e0aecfb8f846de17ec9f872695857e4dba45a777a7b9804
4237,105.925,1.3234,36.2004,False,12,mechanical_001,79d0085777a69b241e0aecfb8f846de17ec9f872695857e4dba45a777a7b9804
4238,105.95,1.3238,36.2624,False,12,mechanical_001,79d0085777a69b241e0aecfb8f846de17ec9f872695857e4dba45a777a7b9804
4239,105.975,1.3241,36.3022,False,12,mechanical_001,79d0085777a69b241e0aecfb8f846de17ec9f872695857e4dba45a777a7b9804
4240,106.0,1.3244,36.3291,False,12,mechanical_001,79d0085777a69b241e0aecfb8f846de17ec9f872695857e4dba45a777a7b9804
4241,106.025,1.3247,36.3453,False,12,mechanical_001,79d0085777a69b241e0aecfb8f846de17ec9f872695857e4dba45a777a7b9804
4242,106.05,1.325,36.3527,False,12,mechanical_001,79d0085777a69b241e0aecfb8f846de17ec9f872695857e4dba45a777a7b9804
4243,106.075,1.3253,36.3608,False,12,mechanical_001,79d0085777a69b241e0aecfb8f846de17ec9f872695857e4dba45a777a7b9804
4244,106.1,1.3256,36.3684,False,12,mechanical_001,79d0085777a69b241e0aecfb8f846de17ec9f872695857e4dba45a777a7b9804
4245,106.125,1.326,36.3816,False,12,mechanical_001,79d0085777a69b241e0aecfb8f846de17ec9f872695857e4dba45a777a7b9804
4246,106.15,1.3263,36.4167,False,12,mechanical_001,79d0085777a69b241e0aecfb8f846de17ec9f872695857e4dba45a777a7b9804
4247,106.175,1.3266,36.4504,False,12,mechanical_001,79d0085777a69b241e0aecfb8f846de17ec9f872695857e4dba45a777a7b9804
4248,106.2,1.3269,36.4815,False,12,mechanical_001,79d0085777a69b241e0aecfb8f846de17ec9f872695857e4dba45a777a7b9804
4249,106.225,1.3272,36.5225,False,12,mechanical_001,79d0085777a69b241e0aecfb8f846de17ec9f872695857e4dba45a777a7b9804
4250,106.25,1.3275,36.5803,False,12,mechanical_001,79d0085777a69b241e0aecfb8f846de17ec9f872695857e4dba45a777a7b9804
4251,106.275,1.3279,36.6437,False,12,mechanical_001,79d0085777a69b241e0aecfb8f846de17ec9f872695857e4dba45a777a7b9804
4252,106.3,1.3282,36.6996,False,12,mechanical_001,79d0085777a69b241e0aecfb8f846de17ec9f872695857e4dba45a777a7b9804
4253,106.325,1.3285,36.7354,False,12,mechanical_001,79d0085777a69b241e0aecfb8f846de17ec9f872695857e4dba45a777a7b9804
4254,106.35,1.3289,36.7611,False,12,mechanical_001,79d0085777a69b241e0aecfb8f846de17ec9f872695857e4dba45a777a7b9804
4255,106.375,1.3292,36.7684,False,12,mechanical_001,79d0085777a69b241e0aecfb8f846de17ec9f872695857e4dba45a777a7b9804
4256,106.4,1.3295,36.7636,False,12,mechanical_001,79d0085777a69b241e0aecfb8f846de17ec9f872695857e4dba45a777a7b9804
4257,106.425,1.3298,36.7608,False,12,mechanical_001,79d0085777a69b241e0aecfb8f846de17ec9f872695857e4dba45a777a7b9804
4258,106.45,1.3301,36.7546,False,12,mechanical_001,79d0085777a69b241e0aecfb8f846de17ec9f872695857e4dba45a777a7b9804
4259,106.475,1.3304,36.7447,False,12,mechanical_001,79d0085777a69b241e0aecfb8f846de17ec9f872695857e4dba45a777a7b9804
4260,106.5,1.3307,36.7447,False,12,mechanical_001,79d0085777a69b241e0aecfb8f846de17ec9f872695857e4dba45a777a7b9804
4261,106.525,1.331,36.7506,False,12,mechanical_001,79d0085777a69b241e0aecfb8f846de17ec9f872695857e4dba45a777a7b9804
4262,106.55,1.3313,36.7571,False,12,mechanical_001,79d0085777a69b241e0aecfb8f846de17ec9f872695857e4dba45a777a7b9804
4263,106.575,1.3316,36.7811,False,12,mechanical_001,79d0085777a69b241e0aecfb8f846de17ec9f872695857e4dba45a777a7b9804
4264,106.6,1.332,36.8194,False,12,mechanical_001,79d0085777a69b241e0aecfb8f846de17ec9f872695857e4dba45a777a7b9804
4265,106.625,1.3323,36.8628,False,12,mechanical_001,79d0085777a69b241e0aecfb8f846de17ec9f872695857e4dba45a777a7b9804
4266,106.65,1.3326,36.9154,False,12,mechanical_001,79d0085777a69b241e0aecfb8f846de17ec9f872695857e4dba45a777a7b9804
4267,106.675,1.3329,36.976,False,12,mechanical_001,79d0085777a69b241e0aecfb8f846de17ec9f872695857e4dba45a777a7b9804
4268,106.7,1.3333,37.0335,False,12,mechanical_001,79d0085777a69b241e0aecfb8f846de17ec9f872695857e4dba45a777a7b9804
4269,106.725,1.3336,37.0848,False,12,mechanical_001,79d0085777a69b241e0aecfb8f846de17ec9f872695857e4dba45a777a7b9804
4270,106.75,1.3339,37.125,False,12,mechanical_001,79d0085777a69b241e0aecfb8f846de17ec9f872695857e4dba45a777a7b9804
4271,106.775,1.3343,37.1472,False,12,mechanical_001,79d0085777a69b241e0aecfb8f846de17ec9f872695857e4dba45a777a7b9804
4272,106.8,1.3346,37.1632,False,12,mechanical_001,79d0085777a69b241e0aecfb8f846de17ec9f872695857e4dba45a777a7b9804
4273,106.825,1.3349,37.1819,False,12,mechanical_001,79d0085777a69b241e0aecfb8f846de17ec9f872695857e4dba45a777a7b9804
4274,106.85,1.3353,37.2016,False,12,mechanical_001,79d0085777a69b241e0aecfb8f846de17ec9f872695857e4dba45a777a7b9804
4275,106.875,1.3356,37.2246,False,12,mechanical_001,79d0085777a69b241e0aecfb8f846de17ec9f872695857e4dba45a777a7b9804
4276,106.9,1.3359,37.2466,False,12,mechanical_001,79d0085777a69b241e0aecfb8f846de17ec9f872695857e4dba45a777a7b9804
4277,106.925,1.3362,37.257,False,12,mechanical_001,79d0085777a69b241e0aecfb8f846de17ec9f872695857e4dba45a777a7b9804
4278,106.95,1.3366,37.2752,False,12,mechanical_001,79d0085777a69b241e0aecfb8f846de17ec9f872695857e4dba45a777a7b9804
4279,106.975,1.3369,37.3002,False,12,mechanical_001,79d0085777a69b241e0aecfb8f846de17ec9f872695857e4dba45a777a7b9804
4280,107.0,1.3372,37.3231,False,12,mechanical_001,79d0085777a69b241e0aecfb8f846de17ec9f872695857e4dba45a777a7b9804
4281,107.025,1.3376,37.3367,False,12,mechanical_001,79d0085777a69b241e0aecfb8f846de17ec9f872695857e4dba45a777a7b9804
4282,107.05,1.3379,37.3348,False,12,mechanical_001,79d0085777a69b241e0aecfb8f846de17ec9f872695857e4dba45a777a7b9804
4283,107.075,1.3382,37.3185,False,12,mechanical_001,79d0085777a69b241e0aecfb8f846de17ec9f872695857e4dba45a777a7b9804
4284,107.1,1.3385,37.2871,False,12,mechanical_001,79d0085777a69b241e0aecfb8f846de17ec9f872695857e4dba45a777a7b9804
4285,107.125,1.3388,37.2517,False,12,mechanical_001,79d0085777a69b241e0aecfb8f846de17ec9f872695857e4dba45a777a7b9804
4286,107.15,1.3391,37.2277,False,12,mechanical_001,79d0085777a69b241e0aecfb8f846de17ec9f872695857e4dba45a777a7b9804
4287,107.175,1.3394,37.2157,False,12,mechanical_001,79d0085777a69b241e0aecfb8f846de17ec9f872695857e4dba45a777a7b9804
4288,107.2,1.3397,37.21,False,12,mechanical_001,79d0085777a69b241e0aecfb8f846de17ec9f872695857e4dba45a777a7b9804
4289,107.225,1.34,37.2106,False,12,mechanical_001,79d0085777a69b241e0aecfb8f846de17ec9f872695857e4dba45a777a7b9804
4290,107.25,1.3403,37.2196,False,12,mechanical_001,79d0085777a69b241e0aecfb8f846de17ec9f872695857e4dba45a777a7b9804
4291,107.275,1.3407,37.2344,False,12,mechanical_001,79d0085777a69b241e0aecfb8f846de17ec9f872695857e4dba45a777a7b9804
4292,107.3,1.341,37.2554,False,12,mechanical_001,79d0085777a69b241e0aecfb8f846de17ec9f872695857e4dba45a777a7b9804
4293,107.325,1.3413,37.2688,False,12,mechanical_001,79d0085777a69b241e0aecfb8f846de17ec9f872695857e4dba45a777a7b9804
4294,107.35,1.3416,37.2655,False,12,mechanical_001,79d0085777a69b241e0aecfb8f846de17ec9f872695857e4dba45a777a7b9804
4295,107.375,1.3419,37.2594,False,12,mechanical_001,79d0085777a69b241e0aecfb8f846de17ec9f872695857e4dba45a777a7b9804
4296,107.4,1.3422,37.2475,False,12,mechanical_001,79d0085777a69b241e0aecfb8f846de17ec9f872695857e4dba45a777a7b9804
4297,107.425,1.3425,37.2352,False,12,mechanical_001,79d0085777a69b241e0aecfb8f846de17ec9f872695857e4dba45a777a7b9804
4298,107.45,1.3428,37.2308,False,12,mechanical_001,79d0085777a69b241e0aecfb8f846de17ec9f872695857e4dba45a777a7b9804
4299,107.475,1.3431,37.2309,False,12,mechanical_001,79d0085777a69b241e0aecfb8f846de17ec9f872695857e4dba45a777a7b9804
4300,107.5,1.3435,37.2278,False,12,mechanical_001,79d0085777a69b241e0aecfb8f846de17ec9f872695857e4dba45a777a7b9804
4301,107.525,1.3438,37.2223,False,12,mechanical_001,79d0085777a69b241e0aecfb8f846de17ec9f872695857e4dba45a777a7b9804
4302,107.55,1.3441,37.221,False,12,mechanical_001,79d0085777a69b241e0aecfb8f846de17ec9f872695857e4dba45a777a7b9804
4303,107.575,1.3444,37.2258,False,12,mechanical_001,79d0085777a69b241e0aecfb8f846de17ec9f872695857e4dba45a777a7b9804
4304,107.6,1.3447,37.2343,False,12,mechanical_001,79d0085777a69b241e0aecfb8f846de17ec9f872695857e4dba45a777a7b9804
4305,107.625,1.345,37.2454,False,12,mechanical_001,79d0085777a69b241e0aecfb8f846de17ec9f872695857e4dba45a777a7b9804
4306,107.65,1.3453,37.2463,False,12,mechanical_001,79d0085777a69b241e0aecfb8f846de17ec9f872695857e4dba45a777a7b9804
4307,107.675,1.3456,37.2411,False,12,mechanical_001,79d0085777a69b241e0aecfb8f846de17ec9f872695857e4dba45a777a7b9804
4308,107.7,1.3459,37.2372,False,12,mechanical_001,79d0085777a69b241e0aecfb8f846de17ec9f872695857e4dba45a777a7b9804
4309,107.725,1.3462,37.2314,False,12,mechanical_001,79d0085777a69b241e0aecfb8f846de17ec9f872695857e4dba45a777a7b9804
4310,107.75,1.3465,37.2299,False,12,mechanical_001,79d0085777a69b241e0aecfb8f846de17ec9f872695857e4dba45a777a7b9804
4311,107.775,1.3468,37.2348,False,12,mechanical_001,79d0085777a69b241e0aecfb8f846de17ec9f872695857e4dba45a777a7b9804
4312,107.8,1.3471,37.2401,False,12,mechanical_001,79d0085777a69b241e0aecfb8f846de17ec9f872695857e4dba45a777a7b9804
4313,107.825,1.3474,37.2433,False,12,mechanical_001,79d0085777a69b241e0aecfb8f846de17ec9f872695857e4dba45a777a7b9804
4314,107.85,1.3477,37.2495,False,12,mechanical_001,79d0085777a69b241e0aecfb8f846de17ec9f872695857e4dba45a777a7b9804
4315,107.875,1.348,37.2597,False,12,mechanical_001,79d0085777a69b241e0aecfb8f846de17ec9f872695857e4dba45a777a7b9804
4316,107.9,1.3483,37.2693,False,12,mechanical_001,79d0085777a69b241e0aecfb8f846de17ec9f872695857e4dba45a777a7b9804
4317,107.925,1.3486,37.2814,False,12,mechanical_001,79d0085777a69b241e0aecfb8f846de17ec9f872695857e4dba45a777a7b9804
4318,107.95,1.3489,37.3027,False,12,mechanical_001,79d0085777a69b241e0aecfb8f846de17ec9f872695857e4dba45a777a7b9804
4319,107.975,1.3492,37.3368,False,12,mechanical_001,79d0085777a69b241e0aecfb8f846de17ec9f872695857e4dba45a777a7b9804
4320,108.0,1.3495,37.3707,False,12,mechanical_001,79d0085777a69b241e0aecfb8f846de17ec9f872695857e4dba45a777a7b9804
4321,108.025,1.3499,37.4033,False,12,mechanical_001,79d0085777a69b241e0aecfb8f846de17ec9f872695857e4dba45a777a7b9804
4322,108.05,1.3502,37.4367,False,12,mechanical_001,79d0085777a69b241e0aecfb8f846de17ec9f872695857e4dba45a777a7b9804
4323,108.075,1.3505,37.4629,False,12,mechanical_001,79d0085777a69b241e0aecfb8f846de17ec9f872695857e4dba45a777a7b9804
4324,108.1,1.3508,37.4923,False,12,mechanical_001,79d0085777a69b241e0aecfb8f846de17ec9f872695857e4dba45a777a7b9804
4325,108.125,1.3511,37.5258,False,12,mechanical_001,79d0085777a69b241e0aecfb8f846de17ec9f872695857e4dba45a777a7b9804
4326,108.15,1.3514,37.557,False,12,mechanical_001,79d0085777a69b241e0aecfb8f846de17ec9f872695857e4dba45a777a7b9804
4327,108.175,1.3517,37.5826,False,12,mechanical_001,79d0085777a69b241e0aecfb8f846de17ec9f872695857e4dba45a777a7b9804
4328,108.2,1.352,37.6109,False,12,mechanical_001,79d0085777a69b241e0aecfb8f846de17ec9f872695857e4dba45a777a7b9804
4329,108.225,1.3523,37.641,False,12,mechanical_001,79d0085777a69b241e0aecfb8f846de17ec9f872695857e4dba45a777a7b9804
4330,108.25,1.3526,37.6603,False,12,mechanical_001,79d0085777a69b241e0aecfb8f846de17ec9f872695857e4dba45a777a7b9804
4331,108.275,1.353,37.6736,False,12,mechanical_001,79d0085777a69b241e0aecfb8f846de17ec9f872695857e4dba45a777a7b9804
4332,108.3,1.3533,37.6819,False,12,mechanical_001,79d0085777a69b241e0aecfb8f846de17ec9f872695857e4dba45a777a7b9804
4333,108.325,1.3536,37.6963,False,12,mechanical_001,79d0085777a69b241e0aecfb8f846de17ec9f872695857e4dba45a777a7b9804
4334,108.35,1.3539,37.7193,False,12,mechanical_001,79d0085777a69b241e0aecfb8f846de17ec9f872695857e4dba45a777a7b9804
4335,108.375,1.3542,37.7416,False,12,mechanical_001,79d0085777a69b241e0aecfb8f846de17ec9f872695857e4dba45a777a7b9804
4336,108.4,1.3545,37.7675,False,12,mechanical_001,79d0085777a69b241e0aecfb8f846de17ec9f872695857e4dba45a777a7b9804
4337,108.425,1.3548,37.789,False,12,mechanical_001,79d0085777a69b241e0aecfb8f846de17ec9f872695857e4dba45a777a7b9804
4338,108.45,1.3551,37.8072,False,12,mechanical_001,79d0085777a69b241e0aecfb8f846de17ec9f872695857e4dba45a777a7b9804
4339,108.475,1.3554,37.8274,False,12,mechanical_001,79d0085777a69b241e0aecfb8f846de17ec9f872695857e4dba45a777a7b9804
4340,108.5,1.3557,37.855,False,12,mechanical_001,79d0085777a69b241e0aecfb8f846de17ec9f872695857e4dba45a777a7b9804
4341,108.525,1.3561,37.8939,False,12,mechanical_001,79d0085777a69b241e0aecfb8f846de17ec9f872695857e4dba45a777a7b9804
4342,108.55,1.3564,37.9277,False,12,mechanical_001,79d0085777a69b241e0aecfb8f846de17ec9f872695857e4dba45a777a7b9804
4343,108.575,1.3567,37.9549,False,12,mechanical_001,79d0085777a69b241e0aecfb8f846de17ec9f872695857e4dba45a777a7b9804
4344,108.6,1.357,37.9728,False,12,mechanical_001,79d0085777a69b241e0aecfb8f846de17ec9f872695857e4dba45a777a7b9804
4345,108.625,1.3573,37.9906,False,12,mechanical_001,79d0085777a69b241e0aecfb8f846de17ec9f872695857e4dba45a777a7b9804
4346,108.65,1.3576,38.0033,False,12,mechanical_001,79d0085777a69b241e0aecfb8f846de17ec9f872695857e4dba45a777a7b9804
4347,108.675,1.3579,38.0155,False,12,mechanical_001,79d0085777a69b241e0aecfb8f846de17ec9f872695857e4dba45a777a7b9804
4348,108.7,1.3582,38.0329,False,12,mechanical_001,79d0085777a69b241e0aecfb8f846de17ec9f872695857e4dba45a777a7b9804
4349,108.725,1.3585,38.0685,False,12,mechanical_001,79d0085777a69b241e0aecfb8f846de17ec9f872695857e4dba45a777a7b9804
4350,108.75,1.3589,38.1112,False,12,mechanical_001,79d0085777a69b241e0aecfb8f846de17ec9f872695857e4dba45a777a7b9804
4351,108.775,1.3592,38.1526,False,12,mechanical_001,79d0085777a69b241e0aecfb8f846de17ec9f872695857e4dba45a777a7b9804
4352,108.8,1.3595,38.1937,False,12,mechanical_001,79d0085777a69b241e0aecfb8f846de17ec9f872695857e4dba45a777a7b9804
4353,108.825,1.3598,38.2297,False,12,mechanical_001,79d0085777a69b241e0aecfb8f846de17ec9f872695857e4dba45a777a7b9804
4354,108.85,1.3601,38.2566,False,12,mechanical_001,79d0085777a69b241e0aecfb8f846de17ec9f872695857e4dba45a777a7b9804
4355,108.875,1.3604,38.2864,False,12,mechanical_001,79d0085777a69b241e0aecfb8f846de17ec9f872695857e4dba45a777a7b9804
4356,108.9,1.3608,38.3235,False,12,mechanical_001,79d0085777a69b241e0aecfb8f846de17ec9f872695857e4dba45a777a7b9804
4357,108.925,1.3611,38.3764,False,12,mechanical_001,79d0085777a69b241e0aecfb8f846de17ec9f872695857e4dba45a777a7b9804
4358,108.95,1.3614,38.4292,False,12,mechanical_001,79d0085777a69b241e0aecfb8f846de17ec9f872695857e4dba45a777a7b9804
4359,108.975,1.3617,38.4806,False,12,mechanical_001,79d0085777a69b241e0aecfb8f846de17ec9f872695857e4dba45a777a7b9804
4360,109.0,1.3621,38.5229,False,12,mechanical_001,79d0085777a69b241e0aecfb8f846de17ec9f872695857e4dba45a777a7b9804
4361,109.025,1.3624,38.5479,False,12,mechanical_001,79d0085777a69b241e0aecfb8f846de17ec9f872695857e4dba45a777a7b9804
4362,109.05,1.3627,38.5742,False,12,mechanical_001,79d0085777a69b241e0aecfb8f846de17ec9f872695857e4dba45a777a7b9804
4363,109.075,1.363,38.6034,False,12,mechanical_001,79d0085777a69b241e0aecfb8f846de17ec9f872695857e4dba45a777a7b9804
4364,109.1,1.3633,38.6258,False,12,mechanical_001,79d0085777a69b241e0aecfb8f846de17ec9f872695857e4dba45a777a7b9804
4365,109.125,1.3636,38.6385,False,12,mechanical_001,79d0085777a69b241e0aecfb8f846de17ec9f872695857e4dba45a777a7b9804
4366,109.15,1.3639,38.6536,False,12,mechanical_001,79d0085777a69b241e0aecfb8f846de17ec9f872695857e4dba45a777a7b9804
4367,109.175,1.3642,38.6631,False,12,mechanical_001,79d0085777a69b241e0aecfb8f846de17ec9f872695857e4dba45a777a7b9804
4368,109.2,1.3646,38.6904,False,12,mechanical_001,79d0085777a69b241e0aecfb8f846de17ec9f872695857e4dba45a777a7b9804
4369,109.225,1.3649,38.7194,False,12,mechanical_001,79d0085777a69b241e0aecfb8f846de17ec9f872695857e4dba45a777a7b9804
4370,109.25,1.3652,38.7421,False,12,mechanical_001,79d0085777a69b241e0aecfb8f846de17ec9f872695857e4dba45a777a7b9804
4371,109.275,1.3655,38.7734,False,12,mechanical_001,79d0085777a69b241e0aecfb8f846de17ec9f872695857e4dba45a777a7b9804
4372,109.3,1.3658,38.8101,False,12,mechanical_001,79d0085777a69b241e0aecfb8f846de17ec9f872695857e4dba45a777a7b9804
4373,109.325,1.3661,38.8432,False,12,mechanical_001,79d0085777a69b241e0aecfb8f846de17ec9f872695857e4dba45a777a7b9804
4374,109.35,1.3665,38.8826,False,12,mechanical_001,79d0085777a69b241e0aecfb8f846de17ec9f872695857e4dba45a777a7b9804
4375,109.375,1.3668,38.9085,False,12,mechanical_001,79d0085777a69b241e0aecfb8f846de17ec9f872695857e4dba45a777a7b9804
4376,109.4,1.3671,38.9359,False,12,mechanical_001,79d0085777a69b241e0aecfb8f846de17ec9f872695857e4dba45a777a7b9804
4377,109.425,1.3674,38.965,False,12,mechanical_001,79d0085777a69b241e0aecfb8f846de17ec9f872695857e4dba45a777a7b9804
4378,109.45,1.3677,38.9982,False,12,mechanical_001,79d0085777a69b241e0aecfb8f846de17ec9f872695857e4dba45a777a7b9804
4379,109.475,1.368,39.0322,False,12,mechanical_001,79d0085777a69b241e0aecfb8f846de17ec9f872695857e4dba45a777a7b9804
4380,109.5,1.3683,39.0588,False,12,mechanical_001,79d0085777a69b241e0aecfb8f846de17ec9f872695857e4dba45a777a7b9804
4381,109.525,1.3687,39.0866,False,12,mechanical_001,79d0085777a69b241e0aecfb8f846de17ec9f872695857e4dba45a777a7b9804
4382,109.55,1.369,39.12,False,12,mechanical_001,79d0085777a69b241e0aecfb8f846de17ec9f872695857e4dba45a777a7b9804
4383,109.575,1.3693,39.161,False,12,mechanical_001,79d0085777a69b241e0aecfb8f846de17ec9f872695857e4dba45a777a7b9804
4384,109.6,1.3696,39.2219,False,12,mechanical_001,79d0085777a69b241e0aecfb8f846de17ec9f872695857e4dba45a777a7b9804
4385,109.625,1.37,39.303,False,12,mechanical_001,79d0085777a69b241e0aecfb8f846de17ec9f872695857e4dba45a777a7b9804
4386,109.65,1.3703,39.3833,False,12,mechanical_001,79d0085777a69b241e0aecfb8f846de17ec9f872695857e4dba45a777a7b9804
4387,109.675,1.3707,39.4694,False,12,mechanical_001,79d0085777a69b241e0aecfb8f846de17ec9f872695857e4dba45a777a7b9804
4388,109.7,1.371,39.5453,False,12,mechanical_001,79d0085777a69b241e0aecfb8f846de17ec9f872695857e4dba45a777a7b9804
4389,109.725,1.3713,39.6063,False,12,mechanical_001,79d0085777a69b241e0aecfb8f846de17ec9f872695857e4dba45a777a7b9804
4390,109.75,1.3717,39.6364,False,12,mechanical_001,79d0085777a69b241e0aecfb8f846de17ec9f872695857e4dba45a777a7b9804
4391,109.775,1.372,39.6413,False,12,mechanical_001,79d0085777a69b241e0aecfb8f846de17ec9f872695857e4dba45a777a7b9804
4392,109.8,1.3723,39.634,False,12,mechanical_001,79d0085777a69b241e0aecfb8f846de17ec9f872695857e4dba45a777a7b9804
4393,109.825,1.3726,39.6285,False,12,mechanical_001,79d0085777a69b241e0aecfb8f846de17ec9f872695857e4dba45a777a7b9804
4394,109.85,1.3729,39.6228,False,12,mechanical_001,79d0085777a69b241e0aecfb8f846de17ec9f872695857e4dba45a777a7b9804
4395,109.875,1.3732,39.6279,False,12,mechanical_001,79d0085777a69b241e0aecfb8f846de17ec9f872695857e4dba45a777a7b9804
4396,109.9,1.3735,39.6442,False,12,mechanical_001,79d0085777a69b241e0aecfb8f846de17ec9f872695857e4dba45a777a7b9804
4397,109.925,1.3738,39.6557,False,12,mechanical_001,79d0085777a69b241e0aecfb8f846de17ec9f872695857e4dba45a777a7b9804
4398,109.95,1.3741,39.6582,False,12,mechanical_001,79d0085777a69b241e0aecfb8f846de17ec9f872695857e4dba45a777a7b9804
4399,109.975,1.3745,39.6671,False,12,mechanical_001,79d0085777a69b241e0aecfb8f846de17ec9f872695857e4dba45a777a7b9804
4400,110.0,1.3748,39.6875,False,12,mechanical_001,79d0085777a69b241e0aecfb8f846de17ec9f872695857e4dba45a777a7b9804
4401,110.025,1.3751,39.7169,False,12,mechanical_001,79d0085777a69b241e0aecfb8f846de17ec9f872695857e4dba45a777a7b9804
4402,110.05,1.3754,39.7421,False,12,mechanical_001,79d0085777a69b241e0aecfb8f846de17ec9f872695857e4dba45a777a7b9804
4403,110.075,1.3757,39.7616,False,12,mechanical_001,79d0085777a69b241e0aecfb8f846de17ec9f872695857e4dba45a777a7b9804
4404,110.1,1.376,39.7792,False,12,mechanical_001,79d0085777a69b241e0aecfb8f846de17ec9f872695857e4dba45a777a7b9804
4405,110.125,1.3764,39.792,False,12,mechanical_001,79d0085777a69b241e0aecfb8f846de17ec9f872695857e4dba45a777a7b9804
4406,110.15,1.3767,39.8038,False,12,mechanical_001,79d0085777a69b241e0aecfb8f846de17ec9f872695857e4dba45a777a7b9804
4407,110.175,1.377,39.8211,False,12,mechanical_001,79d0085777a69b241e0aecfb8f846de17ec9f872695857e4dba45a777a7b9804
4408,110.2,1.3773,39.847,False,12,mechanical_001,79d0085777a69b241e0aecfb8f846de17ec9f872695857e4dba45a777a7b9804
4409,110.225,1.3776,39.8687,False,12,mechanical_001,79d0085777a69b241e0aecfb8f846de17ec9f872695857e4dba45a777a7b9804
4410,110.25,1.3779,39.881,False,12,mechanical_001,79d0085777a69b241e0aecfb8f846de17ec9f872695857e4dba45a777a7b9804
4411,110.275,1.3783,39.887,False,12,mechanical_001,79d0085777a69b241e0aecfb8f846de17ec9f872695857e4dba45a777a7b9804
4412,110.3,1.3786,39.8905,False,12,mechanical_001,79d0085777a69b241e0aecfb8f846de17ec9f872695857e4dba45a777a7b9804
4413,110.325,1.3789,39.9014,False,12,mechanical_001,79d0085777a69b241e0aecfb8f846de17ec9f872695857e4dba45a777a7b9804
4414,110.35,1.3792,39.9064,False,12,mechanical_001,79d0085777a69b241e0aecfb8f846de17ec9f872695857e4dba45a777a7b9804
4415,110.375,1.3795,39.9024,False,12,mechanical_001,79d0085777a69b241e0aecfb8f846de17ec9f872695857e4dba45a777a7b9804
4416,110.4,1.3798,39.898,False,12,mechanical_001,79d0085777a69b241e0aecfb8f846de17ec9f872695857e4dba45a777a7b9804
4417,110.425,1.3801,39.8914,False,12,mechanical_001,79d0085777a69b241e0aecfb8f846de17ec9f872695857e4dba45a777a7b9804
4418,110.45,1.3804,39.8922,False,12,mechanical_001,79d0085777a69b241e0aecfb8f846de17ec9f872695857e4dba45a777a7b9804
4419,110.475,1.3807,39.909,False,12,mechanical_001,79d0085777a69b241e0aecfb8f846de17ec9f872695857e4dba45a777a7b9804
4420,110.5,1.381,39.9327,False,12,mechanical_001,79d0085777a69b241e0aecfb8f846de17ec9f872695857e4dba45a777a7b9804
4421,110.525,1.3813,39.9551,False,12,mechanical_001,79d0085777a69b241e0aecfb8f846de17ec9f872695857e4dba45a777a7b9804
4422,110.55,1.3817,39.9719,False,12,mechanical_001,79d0085777a69b241e0aecfb8f846de17ec9f872695857e4dba45a777a7b9804
4423,110.575,1.382,39.9874,False,12,mechanical_001,79d0085777a69b241e0aecfb8f846de17ec9f872695857e4dba45a777a7b9804
4424,110.6,1.3823,40.0013,False,12,mechanical_001,79d0085777a69b241e0aecfb8f846de17ec9f872695857e4dba45a777a7b9804
4425,110.625,1.3826,40.0167,False,12,mechanical_001,79d0085777a69b241e0aecfb8f846de17ec9f872695857e4dba45a777a7b9804
4426,110.65,1.3829,40.0347,False,12,mechanical_001,79d0085777a69b241e0aecfb8f846de17ec9f872695857e4dba45a777a7b9804
4427,110.675,1.3832,40.0618,False,12,mechanical_001,79d0085777a69b241e0aecfb8f846de17ec9f872695857e4dba45a777a7b9804
4428,110.7,1.3835,40.0996,False,12,mechanical_001,79d0085777a69b241e0aecfb8f846de17ec9f872695857e4dba45a777a7b9804
4429,110.725,1.3838,40.1281,False,12,mechanical_001,79d0085777a69b241e0aecfb8f846de17ec9f872695857e4dba45a777a7b9804
4430,110.75,1.3841,40.1445,False,12,mechanical_001,79d0085777a69b241e0aecfb8f846de17ec9f872695857e4dba45a777a7b9804
4431,110.775,1.3844,40.1513,False,12,mechanical_001,79d0085777a69b241e0aecfb8f846de17ec9f872695857e4dba45a777a7b9804
4432,110.8,1.3848,40.1662,False,12,mechanical_001,79d0085777a69b241e0aecfb8f846de17ec9f872695857e4dba45a777a7b9804
4433,110.825,1.3851,40.1888,False,12,mechanical_001,79d0085777a69b241e0aecfb8f846de17ec9f872695857e4dba45a777a7b9804
4434,110.85,1.3854,40.2161,False,12,mechanical_001,79d0085777a69b241e0aecfb8f846de17ec9f872695857e4dba45a777a7b9804
4435,110.875,1.3857,40.2425,False,12,mechanical_001,79d0085777a69b241e0aecfb8f846de17ec9f872695857e4dba45a777a7b9804
4436,110.9,1.386,40.2703,False,12,mechanical_001,79d0085777a69b241e0aecfb8f846de17ec9f872695857e4dba45a777a7b9804
4437,110.925,1.3863,40.3008,False,12,mechanical_001,79d0085777a69b241e0aecfb8f846de17ec9f872695857e4dba45a777a7b9804
4438,110.95,1.3866,40.3329,False,12,mechanical_001,79d0085777a69b241e0aecfb8f846de17ec9f872695857e4dba45a777a7b9804
4439,110.975,1.3869,40.368,False,12,mechanical_001,79d0085777a69b241e0aecfb8f846de17ec9f872695857e4dba45a777a7b9804
4440,111.0,1.3872,40.402,False,12,mechanical_001,79d0085777a69b241e0aecfb8f846de17ec9f872695857e4dba45a777a7b9804
4441,111.025,1.3876,40.4332,False,12,mechanical_001,79d0085777a69b241e0aecfb8f846de17ec9f872695857e4dba45a777a7b9804
4442,111.05,1.3879,40.4603,False,12,mechanical_001,79d0085777a69b241e0aecfb8f846de17ec9f872695857e4dba45a777a7b9804
4443,111.075,1.3882,40.4868,False,12,mechanical_001,79d0085777a69b241e0aecfb8f846de17ec9f872695857e4dba45a777a7b9804
4444,111.1,1.3885,40.5087,False,12,mechanical_001,79d0085777a69b241e0aecfb8f846de17ec9f872695857e4dba45a777a7b9804
4445,111.125,1.3888,40.5262,False,12,mechanical_001,79d0085777a69b241e0aecfb8f846de17ec9f872695857e4dba45a777a7b9804
4446,111.15,1.3891,40.5288,False,12,mechanical_001,79d0085777a69b241e0aecfb8f846de17ec9f872695857e4dba45a777a7b9804
4447,111.175,1.3894,40.5282,False,12,mechanical_001,79d0085777a69b241e0aecfb8f846de17ec9f872695857e4dba45a777a7b9804
4448,111.2,1.3897,40.5226,False,12,mechanical_001,79d0085777a69b241e0aecfb8f846de17ec9f872695857e4dba45a777a7b9804
4449,111.225,1.39,40.5231,False,12,mechanical_001,79d0085777a69b241e0aecfb8f846de17ec9f872695857e4dba45a777a7b9804
4450,111.25,1.3903,40.5281,False,12,mechanical_001,79d0085777a69b241e0aecfb8f846de17ec9f872695857e4dba45a777a7b9804
4451,111.275,1.3906,40.55,False,12,mechanical_001,79d0085777a69b241e0aecfb8f846de17ec9f872695857e4dba45a777a7b9804
4452,111.3,1.3909,40.5889,False,12,mechanical_001,79d0085777a69b241e0aecfb8f846de17ec9f872695857e4dba45a777a7b9804
4453,111.325,1.3912,40.6424,False,12,mechanical_001,79d0085777a69b241e0aecfb8f846de17ec9f872695857e4dba45a777a7b9804
4454,111.35,1.3915,40.6963,False,12,mechanical_001,79d0085777a69b241e0aecfb8f846de17ec9f872695857e4dba45a777a7b9804
4455,111.375,1.3918,40.7441,False,12,mechanical_001,79d0085777a69b241e0aecfb8f846de17ec9f872695857e4dba45a777a7b9804
4456,111.4,1.3921,40.7912,False,12,mechanical_001,79d0085777a69b241e0aecfb8f846de17ec9f872695857e4dba45a777a7b9804
4457,111.425,1.3924,40.8286,False,12,mechanical_001,79d0085777a69b241e0aecfb8f846de17ec9f872695857e4dba45a777a7b9804
4458,111.45,1.3927,40.8581,False,12,mechanical_001,79d0085777a69b241e0aecfb8f846de17ec9f872695857e4dba45a777a7b9804
4459,111.475,1.3931,40.8846,False,12,mechanical_001,79d0085777a69b241e0aecfb8f846de17ec9f872695857e4dba45a777a7b9804
4460,111.5,1.3934,40.9016,False,12,mechanical_001,79d0085777a69b241e0aecfb8f846de17ec9f872695857e4dba45a777a7b9804
4461,111.525,1.3937,40.9195,False,12,mechanical_001,79d0085777a69b241e0aecfb8f846de17ec9f872695857e4dba45a777a7b9804
4462,111.55,1.3939,40.9399,False,12,mechanical_001,79d0085777a69b241e0aecfb8f846de17ec9f872695857e4dba45a777a7b9804
4463,111.575,1.3942,40.9582,False,12,mechanical_001,79d0085777a69b241e0aecfb8f846de17ec9f872695857e4dba45a777a7b9804
4464,111.6,1.3945,40.9821,False,12,mechanical_001,79d0085777a69b241e0aecfb8f846de17ec9f872695857e4dba45a777a7b9804
4465,111.625,1.3949,41.0278,False,12,mechanical_001,79d0085777a69b241e0aecfb8f846de17ec9f872695857e4dba45a777a7b9804
4466,111.65,1.3952,41.0821,False,12,mechanical_001,79d0085777a69b241e0aecfb8f846de17ec9f872695857e4dba45a777a7b9804
4467,111.675,1.3955,41.1469,False,12,mechanical_001,79d0085777a69b241e0aecfb8f846de17ec9f872695857e4dba45a777a7b9804
4468,111.7,1.3958,41.2229,False,12,mechanical_001,79d0085777a69b241e0aecfb8f846de17ec9f872695857e4dba45a777a7b9804
4469,111.725,1.3961,41.3031,False,12,mechanical_001,79d0085777a69b241e0aecfb8f846de17ec9f872695857e4dba45a777a7b9804
4470,111.75,1.3964,41.3784,False,12,mechanical_001,79d0085777a69b241e0aecfb8f846de17ec9f872695857e4dba45a777a7b9804
4471,111.775,1.3968,41.4489,False,12,mechanical_001,79d0085777a69b241e0aecfb8f846de17ec9f872695857e4dba45a777a7b9804
4472,111.8,1.3971,41.5118,False,12,mechanical_001,79d0085777a69b241e0aecfb8f846de17ec9f872695857e4dba45a777a7b9804
4473,111.825,1.3974,41.5809,False,12,mechanical_001,79d0085777a69b241e0aecfb8f846de17ec9f872695857e4dba45a777a7b9804
4474,111.85,1.3977,41.6451,False,12,mechanical_001,79d0085777a69b241e0aecfb8f846de17ec9f872695857e4dba45a777a7b9804
4475,111.875,1.398,41.7109,False,12,mechanical_001,79d0085777a69b241e0aecfb8f846de17ec9f872695857e4dba45a777a7b9804
4476,111.9,1.3984,41.7822,False,12,mechanical_001,79d0085777a69b241e0aecfb8f846de17ec9f872695857e4dba45a777a7b9804
4477,111.925,1.3987,41.8649,False,12,mechanical_001,79d0085777a69b241e0aecfb8f846de17ec9f872695857e4dba45a777a7b9804
4478,111.95,1.399,41.9545,False,12,mechanical_001,79d0085777a69b241e0aecfb8f846de17ec9f872695857e4dba45a777a7b9804
4479,111.975,1.3994,42.0535,False,12,mechanical_001,79d0085777a69b241e0aecfb8f846de17ec9f872695857e4dba45a777a7b9804
4480,112.0,1.3997,42.1599,False,12,mechanical_001,79d0085777a69b241e0aecfb8f846de17ec9f872695857e4dba45a777a7b9804
4481,112.025,1.4001,42.2696,False,12,mechanical_001,79d0085777a69b241e0aecfb8f846de17ec9f872695857e4dba45a777a7b9804
4482,112.05,1.4004,42.3594,False,12,mechanical_001,79d0085777a69b241e0aecfb8f846de17ec9f872695857e4dba45a777a7b9804
4483,112.075,1.4007,42.4281,False,12,mechanical_001,79d0085777a69b241e0aecfb8f846de17ec9f872695857e4dba45a777a7b9804
4484,112.1,1.4011,42.4782,False,12,mechanical_001,79d0085777a69b241e0aecfb8f846de17ec9f872695857e4dba45a777a7b9804
4485,112.125,1.4014,42.5131,False,12,mechanical_001,79d0085777a69b241e0aecfb8f846de17ec9f872695857e4dba45a777a7b9804
4486,112.15,1.4017,42.5356,False,12,mechanical_001,79d0085777a69b241e0aecfb8f846de17ec9f872695857e4dba45a777a7b9804
4487,112.175,1.402,42.5644,False,12,mechanical_001,79d0085777a69b241e0aecfb8f846de17ec9f872695857e4dba45a777a7b9804
4488,112.2,1.4023,42.5939,False,12,mechanical_001,79d0085777a69b241e0aecfb8f846de17ec9f872695857e4dba45a777a7b9804
4489,112.225,1.4026,42.621,False,12,mechanical_001,79d0085777a69b241e0aecfb8f846de17ec9f872695857e4dba45a777a7b9804
4490,112.25,1.4029,42.636,False,12,mechanical_001,79d0085777a69b241e0aecfb8f846de17ec9f872695857e4dba45a777a7b9804
4491,112.275,1.4032,42.6449,False,12,mechanical_001,79d0085777a69b241e0aecfb8f846de17ec9f872695857e4dba45a777a7b9804
4492,112.3,1.4036,42.6467,False,12,mechanical_001,79d0085777a69b241e0aecfb8f846de17ec9f872695857e4dba45a777a7b9804
4493,112.325,1.4039,42.6454,False,12,mechanical_001,79d0085777a69b241e0aecfb8f846de17ec9f872695857e4dba45a777a7b9804
4494,112.35,1.4042,42.6592,False,12,mechanical_001,79d0085777a69b241e0aecfb8f846de17ec9f872695857e4dba45a777a7b9804
4495,112.375,1.4045,42.6796,False,12,mechanical_001,79d0085777a69b241e0aecfb8f846de17ec9f872695857e4dba45a777a7b9804
4496,112.4,1.4048,42.7035,False,12,mechanical_001,79d0085777a69b241e0aecfb8f846de17ec9f872695857e4dba45a777a7b9804
4497,112.425,1.4051,42.7367,False,12,mechanical_001,79d0085777a69b241e0aecfb8f846de17ec9f872695857e4dba45a777a7b9804
4498,112.45,1.4054,42.769,False,12,mechanical_001,79d0085777a69b241e0aecfb8f846de17ec9f872695857e4dba45a777a7b9804
4499,112.475,1.4057,42.7941,False,12,mechanical_001,79d0085777a69b241e0aecfb8f846de17ec9f872695857e4dba45a777a7b9804
4500,112.5,1.406,42.8322,False,12,mechanical_001,79d0085777a69b241e0aecfb8f846de17ec9f872695857e4dba45a777a7b9804
4501,112.525,1.4063,42.8997,False,12,mechanical_001,79d0085777a69b241e0aecfb8f846de17ec9f872695857e4dba45a777a7b9804
4502,112.55,1.4067,42.9798,False,12,mechanical_001,79d0085777a69b241e0aecfb8f846de17ec9f872695857e4dba45a777a7b9804
4503,112.575,1.407,43.0483,False,12,mechanical_001,79d0085777a69b241e0aecfb8f846de17ec9f872695857e4dba45a777a7b9804
4504,112.6,1.4073,43.1049,False,12,mechanical_001,79d0085777a69b241e0aecfb8f846de17ec9f872695857e4dba45a777a7b9804
4505,112.625,1.4076,43.1599,False,12,mechanical_001,79d0085777a69b241e0aecfb8f846de17ec9f872695857e4dba45a777a7b9804
4506,112.65,1.4079,43.2083,False,12,mechanical_001,79d0085777a69b241e0aecfb8f846de17ec9f872695857e4dba45a777a7b9804
4507,112.675,1.4083,43.2463,False,12,mechanical_001,79d0085777a69b241e0aecfb8f846de17ec9f872695857e4dba45a777a7b9804
4508,112.7,1.4086,43.2796,False,12,mechanical_001,79d0085777a69b241e0aecfb8f846de17ec9f872695857e4dba45a777a7b9804
4509,112.725,1.4089,43.3104,False,12,mechanical_001,79d0085777a69b241e0aecfb8f846de17ec9f872695857e4dba45a777a7b9804
4510,112.75,1.4092,43.3421,False,12,mechanical_001,79d0085777a69b241e0aecfb8f846de17ec9f872695857e4dba45a777a7b9804
4511,112.775,1.4095,43.3706,False,12,mechanical_001,79d0085777a69b241e0aecfb8f846de17ec9f872695857e4dba45a777a7b9804
4512,112.8,1.4098,43.3912,False,12,mechanical_001,79d0085777a69b241e0aecfb8f846de17ec9f872695857e4dba45a777a7b9804
4513,112.825,1.4101,43.4092,False,12,mechanical_001,79d0085777a69b241e0aecfb8f846de17ec9f872695857e4dba45a777a7b9804
4514,112.85,1.4104,43.4383,False,12,mechanical_001,79d0085777a69b241e0aecfb8f846de17ec9f872695857e4dba45a777a7b9804
4515,112.875,1.4107,43.4693,False,12,mechanical_001,79d0085777a69b241e0aecfb8f846de17ec9f872695857e4dba45a777a7b9804
4516,112.9,1.411,43.5093,False,12,mechanical_001,79d0085777a69b241e0aecfb8f846de17ec9f872695857e4dba45a777a7b9804
4517,112.925,1.4113,43.5536,False,12,mechanical_001,79d0085777a69b241e0aecfb8f846de17ec9f872695857e4dba45a777a7b9804
4518,112.95,1.4116,43.6102,False,12,mechanical_001,79d0085777a69b241e0aecfb8f846de17ec9f872695857e4dba45a777a7b9804
4519,112.975,1.412,43.6773,False,12,mechanical_001,79d0085777a69b241e0aecfb8f846de17ec9f872695857e4dba45a777a7b9804
4520,113.0,1.4123,43.7473,False,12,mechanical_001,79d0085777a69b241e0aecfb8f846de17ec9f872695857e4dba45a777a7b9804
4521,113.025,1.4126,43.8073,False,12,mechanical_001,79d0085777a69b241e0aecfb8f846de17ec9f872695857e4dba45a777a7b9804
4522,113.05,1.4129,43.8494,False,12,mechanical_001,79d0085777a69b241e0aecfb8f846de17ec9f872695857e4dba45a777a7b9804
4523,113.075,1.4132,43.8778,False,12,mechanical_001,79d0085777a69b241e0aecfb8f846de17ec9f872695857e4dba45a777a7b9804
4524,113.1,1.4135,43.8934,False,12,mechanical_001,79d0085777a69b241e0aecfb8f846de17ec9f872695857e4dba45a777a7b9804
4525,113.125,1.4138,43.9121,False,12,mechanical_001,79d0085777a69b241e0aecfb8f846de17ec9f872695857e4dba45a777a7b9804
4526,113.15,1.4141,43.947,False,12,mechanical_001,79d0085777a69b241e0aecfb8f846de17ec9f872695857e4dba45a777a7b9804
4527,113.175,1.4144,43.9825,False,12,mechanical_001,79d0085777a69b241e0aecfb8f846de17ec9f872695857e4dba45a777a7b9804
4528,113.2,1.4147,44.0172,False,12,mechanical_001,79d0085777a69b241e0aecfb8f846de17ec9f872695857e4dba45a777a7b9804
4529,113.225,1.4151,44.0601,False,12,mechanical_001,79d0085777a69b241e0aecfb8f846de17ec9f872695857e4dba45a777a7b9804
4530,113.25,1.4154,44.1134,False,12,mechanical_001,79d0085777a69b241e0aecfb8f846de17ec9f872695857e4dba45a777a7b9804
4531,113.275,1.4157,44.1764,False,12,mechanical_001,79d0085777a69b241e0aecfb8f846de17ec9f872695857e4dba45a777a7b9804
4532,113.3,1.416,44.238,False,12,mechanical_001,79d0085777a69b241e0aecfb8f846de17ec9f872695857e4dba45a777a7b9804
4533,113.325,1.4163,44.2826,False,12,mechanical_001,79d0085777a69b241e0aecfb8f846de17ec9f872695857e4dba45a777a7b9804
4534,113.35,1.4166,44.3216,False,12,mechanical_001,79d0085777a69b241e0aecfb8f846de17ec9f872695857e4dba45a777a7b9804
4535,113.375,1.417,44.35,False,12,mechanical_001,79d0085777a69b241e0aecfb8f846de17ec9f872695857e4dba45a777a7b9804
4536,113.4,1.4173,44.3832,False,12,mechanical_001,79d0085777a69b241e0aecfb8f846de17ec9f872695857e4dba45a777a7b9804
4537,113.425,1.4176,44.4348,False,12,mechanical_001,79d0085777a69b241e0aecfb8f846de17ec9f872695857e4dba45a777a7b9804
4538,113.45,1.4179,44.4859,False,12,mechanical_001,79d0085777a69b241e0aecfb8f846de17ec9f872695857e4dba45a777a7b9804
4539,113.475,1.4182,44.5236,False,12,mechanical_001,79d0085777a69b241e0aecfb8f846de17ec9f872695857e4dba45a777a7b9804
4540,113.5,1.4185,44.5528,False,12,mechanical_001,79d0085777a69b241e0aecfb8f846de17ec9f872695857e4dba45a777a7b9804
4541,113.525,1.4188,44.5882,False,12,mechanical_001,79d0085777a69b241e0aecfb8f846de17ec9f872695857e4dba45a777a7b9804
4542,113.55,1.4191,44.6236,False,12,mechanical_001,79d0085777a69b241e0aecfb8f846de17ec9f872695857e4dba45a777a7b9804
4543,113.575,1.4195,44.6565,False,12,mechanical_001,79d0085777a69b241e0aecfb8f846de17ec9f872695857e4dba45a777a7b9804
4544,113.6,1.4198,44.6939,False,12,mechanical_001,79d0085777a69b241e0aecfb8f846de17ec9f872695857e4dba45a777a7b9804
4545,113.625,1.4201,44.7337,False,12,mechanical_001,79d0085777a69b241e0aecfb8f846de17ec9f872695857e4dba45a777a7b9804
4546,113.65,1.4204,44.7751,False,12,mechanical_001,79d0085777a69b241e0aecfb8f846de17ec9f872695857e4dba45a777a7b9804
4547,113.675,1.4207,44.8094,False,12,mechanical_001,79d0085777a69b241e0aecfb8f846de17ec9f872695857e4dba45a777a7b9804
4548,113.7,1.421,44.8383,False,12,mechanical_001,79d0085777a69b241e0aecfb8f846de17ec9f872695857e4dba45a777a7b9804
4549,113.725,1.4213,44.8621,False,12,mechanical_001,79d0085777a69b241e0aecfb8f846de17ec9f872695857e4dba45a777a7b9804
4550,113.75,1.4216,44.8839,False,12,mechanical_001,79d0085777a69b241e0aecfb8f846de17ec9f872695857e4dba45a777a7b9804
4551,113.775,1.422,44.9047,False,12,mechanical_001,79d0085777a69b241e0aecfb8f846de17ec9f872695857e4dba45a777a7b9804
4552,113.8,1.4223,44.9299,False,12,mechanical_001,79d0085777a69b241e0aecfb8f846de17ec9f872695857e4dba45a777a7b9804
4553,113.825,1.4226,44.9606,False,12,mechanical_001,79d0085777a69b241e0aecfb8f846de17ec9f872695857e4dba45a777a7b9804
4554,113.85,1.4229,44.9959,False,12,mechanical_001,79d0085777a69b241e0aecfb8f846de17ec9f872695857e4dba45a777a7b9804
4555,113.875,1.4232,45.0334,False,12,mechanical_001,79d0085777a69b241e0aecfb8f846de17ec9f872695857e4dba45a777a7b9804
4556,113.9,1.4235,45.0764,False,12,mechanical_001,79d0085777a69b241e0aecfb8f846de17ec9f872695857e4dba45a777a7b9804
4557,113.925,1.4238,45.1222,False,12,mechanical_001,79d0085777a69b241e0aecfb8f846de17ec9f872695857e4dba45a777a7b9804
4558,113.95,1.4242,45.1563,False,12,mechanical_001,79d0085777a69b241e0aecfb8f846de17ec9f872695857e4dba45a777a7b9804
4559,113.975,1.4245,45.1797,False,12,mechanical_001,79d0085777a69b241e0aecfb8f846de17ec9f872695857e4dba45a777a7b9804
4560,114.0,1.4248,45.1977,False,12,mechanical_001,79d0085777a69b241e0aecfb8f846de17ec9f872695857e4dba45a777a7b9804
4561,114.025,1.4251,45.2162,False,12,mechanical_001,79d0085777a69b241e0aecfb8f846de17ec9f872695857e4dba45a777a7b9804
4562,114.05,1.4254,45.2425,False,12,mechanical_001,79d0085777a69b241e0aecfb8f846de17ec9f872695857e4dba45a777a7b9804
4563,114.075,1.4257,45.2877,False,12,mechanical_001,79d0085777a69b241e0aecfb8f846de17ec9f872695857e4dba45a777a7b9804
4564,114.1,1.426,45.3498,False,12,mechanical_001,79d0085777a69b241e0aecfb8f846de17ec9f872695857e4dba45a777a7b9804
4565,114.125,1.4263,45.4132,False,12,mechanical_001,79d0085777a69b241e0aecfb8f846de17ec9f872695857e4dba45a777a7b9804
4566,114.15,1.4267,45.482,False,12,mechanical_001,79d0085777a69b241e0aecfb8f846de17ec9f872695857e4dba45a777a7b9804
4567,114.175,1.427,45.5496,False,12,mechanical_001,79d0085777a69b241e0aecfb8f846de17ec9f872695857e4dba45a777a7b9804
4568,114.2,1.4273,45.6092,False,12,mechanical_001,79d0085777a69b241e0aecfb8f846de17ec9f872695857e4dba45a777a7b9804
4569,114.225,1.4276,45.6491,False,12,mechanical_001,79d0085777a69b241e0aecfb8f846de17ec9f872695857e4dba45a777a7b9804
4570,114.25,1.4279,45.6755,False,12,mechanical_001,79d0085777a69b241e0aecfb8f846de17ec9f872695857e4dba45a777a7b9804
4571,114.275,1.4282,45.69,False,12,mechanical_001,79d0085777a69b241e0aecfb8f846de17ec9f872695857e4dba45a777a7b9804
4572,114.3,1.4285,45.7043,False,12,mechanical_001,79d0085777a69b241e0aecfb8f846de17ec9f872695857e4dba45a777a7b9804
4573,114.325,1.4288,45.7171,False,12,mechanical_001,79d0085777a69b241e0aecfb8f846de17ec9f872695857e4dba45a777a7b9804
4574,114.35,1.4291,45.7234,False,12,mechanical_001,79d0085777a69b241e0aecfb8f846de17ec9f872695857e4dba45a777a7b9804
4575,114.375,1.4294,45.7271,False,12,mechanical_001,79d0085777a69b241e0aecfb8f846de17ec9f872695857e4dba45a777a7b9804
4576,114.4,1.4297,45.7536,False,12,mechanical_001,79d0085777a69b241e0aecfb8f846de17ec9f872695857e4dba45a777a7b9804
4577,114.425,1.4301,45.8072,False,12,mechanical_001,79d0085777a69b241e0aecfb8f846de17ec9f872695857e4dba45a777a7b9804
4578,114.45,1.4304,45.8698,False,12,mechanical_001,79d0085777a69b241e0aecfb8f846de17ec9f872695857e4dba45a777a7b9804
4579,114.475,1.4307,45.931,False,12,mechanical_001,79d0085777a69b241e0aecfb8f846de17ec9f872695857e4dba45a777a7b9804
4580,114.5,1.431,46.0055,False,12,mechanical_001,79d0085777a69b241e0aecfb8f846de17ec9f872695857e4dba45a777a7b9804
4581,114.525,1.4313,46.0783,False,12,mechanical_001,79d0085777a69b241e0aecfb8f846de17ec9f872695857e4dba45a777a7b9804
4582,114.55,1.4317,46.1345,False,12,mechanical_001,79d0085777a69b241e0aecfb8f846de17ec9f872695857e4dba45a777a7b9804
4583,114.575,1.432,46.1751,False,12,mechanical_001,79d0085777a69b241e0aecfb8f846de17ec9f872695857e4dba45a777a7b9804
4584,114.6,1.4323,46.2076,False,12,mechanical_001,79d0085777a69b241e0aecfb8f846de17ec9f872695857e4dba45a777a7b9804
4585,114.625,1.4326,46.242,False,12,mechanical_001,79d0085777a69b241e0aecfb8f846de17ec9f872695857e4dba45a777a7b9804
4586,114.65,1.4329,46.2776,False,12,mechanical_001,79d0085777a69b241e0aecfb8f846de17ec9f872695857e4dba45a777a7b9804
4587,114.675,1.4332,46.3152,False,12,mechanical_001,79d0085777a69b241e0aecfb8f846de17ec9f872695857e4dba45a777a7b9804
4588,114.7,1.4335,46.3627,False,12,mechanical_001,79d0085777a69b241e0aecfb8f846de17ec9f872695857e4dba45a777a7b9804
4589,114.725,1.4338,46.4194,False,12,mechanical_001,79d0085777a69b241e0aecfb8f846de17ec9f872695857e4dba45a777a7b9804
4590,114.75,1.4341,46.4839,False,12,mechanical_001,79d0085777a69b241e0aecfb8f846de17ec9f872695857e4dba45a777a7b9804
4591,114.775,1.4344,46.5553,False,12,mechanical_001,79d0085777a69b241e0aecfb8f846de17ec9f872695857e4dba45a777a7b9804
4592,114.8,1.4348,46.6198,False,12,mechanical_001,79d0085777a69b241e0aecfb8f846de17ec9f872695857e4dba45a777a7b9804
4593,114.825,1.4351,46.6721,False,12,mechanical_001,79d0085777a69b241e0aecfb8f846de17ec9f872695857e4dba45a777a7b9804
4594,114.85,1.4354,46.7152,False,12,mechanical_001,79d0085777a69b241e0aecfb8f846de17ec9f872695857e4dba45a777a7b9804
4595,114.875,1.4357,46.7504,False,12,mechanical_001,79d0085777a69b241e0aecfb8f846de17ec9f872695857e4dba45a777a7b9804
4596,114.9,1.436,46.7798,False,12,mechanical_001,79d0085777a69b241e0aecfb8f846de17ec9f872695857e4dba45a777a7b9804
4597,114.925,1.4363,46.809,False,12,mechanical_001,79d0085777a69b241e0aecfb8f846de17ec9f872695857e4dba45a777a7b9804
4598,114.95,1.4366,46.8298,False,12,mechanical_001,79d0085777a69b241e0aecfb8f846de17ec9f872695857e4dba45a777a7b9804
4599,114.975,1.4369,46.8618,False,12,mechanical_001,79d0085777a69b241e0aecfb8f846de17ec9f872695857e4dba45a777a7b9804
4600,115.0,1.4372,46.8982,False,12,mechanical_001,79d0085777a69b241e0aecfb8f846de17ec9f872695857e4dba45a777a7b9804
4601,115.025,1.4375,46.9345,False,12,mechanical_001,79d0085777a69b241e0aecfb8f846de17ec9f872695857e4dba45a777a7b9804
4602,115.05,1.4378,46.9688,False,12,mechanical_001,79d0085777a69b241e0aecfb8f846de17ec9f872695857e4dba45a777a7b9804
4603,115.075,1.4381,46.996,False,12,mechanical_001,79d0085777a69b241e0aecfb8f846de17ec9f872695857e4dba45a777a7b9804
4604,115.1,1.4385,47.0086,False,12,mechanical_001,79d0085777a69b241e0aecfb8f846de17ec9f872695857e4dba45a777a7b9804
4605,115.125,1.4388,47.0121,False,12,mechanical_001,79d0085777a69b241e0aecfb8f846de17ec9f872695857e4dba45a777a7b9804
4606,115.15,1.4391,47.0179,False,12,mechanical_001,79d0085777a69b241e0aecfb8f846de17ec9f872695857e4dba45a777a7b9804
4607,115.175,1.4393,47.0196,False,12,mechanical_001,79d0085777a69b241e0aecfb8f846de17ec9f872695857e4dba45a777a7b9804
4608,115.2,1.4396,47.0247,False,12,mechanical_001,79d0085777a69b241e0aecfb8f846de17ec9f872695857e4dba45a777a7b9804
4609,115.225,1.4399,47.0307,False,12,mechanical_001,79d0085777a69b241e0aecfb8f846de17ec9f872695857e4dba45a777a7b9804
4610,115.25,1.4402,47.0351,False,12,mechanical_001,79d0085777a69b241e0aecfb8f846de17ec9f872695857e4dba45a777a7b9804
4611,115.275,1.4405,47.0476,False,12,mechanical_001,79d0085777a69b241e0aecfb8f846de17ec9f872695857e4dba45a777a7b9804
4612,115.3,1.4408,47.0616,False,12,mechanical_001,79d0085777a69b241e0aecfb8f846de17ec9f872695857e4dba45a777a7b9804
4613,115.325,1.4411,47.0726,False,12,mechanical_001,79d0085777a69b241e0aecfb8f846de17ec9f872695857e4dba45a777a7b9804
4614,115.35,1.4414,47.0826,False,12,mechanical_001,79d0085777a69b241e0aecfb8f846de17ec9f872695857e4dba45a777a7b9804
4615,115.375,1.4417,47.1021,False,12,mechanical_001,79d0085777a69b241e0aecfb8f846de17ec9f872695857e4dba45a777a7b9804
4616,115.4,1.442,47.137,False,12,mechanical_001,79d0085777a69b241e0aecfb8f846de17ec9f872695857e4dba45a777a7b9804
4617,115.425,1.4424,47.1759,False,12,mechanical_001,79d0085777a69b241e0aecfb8f846de17ec9f872695857e4dba45a777a7b9804
4618,115.45,1.4427,47.221,False,12,mechanical_001,79d0085777a69b241e0aecfb8f846de17ec9f872695857e4dba45a777a7b9804
4619,115.475,1.443,47.2682,False,12,mechanical_001,79d0085777a69b241e0aecfb8f846de17ec9f872695857e4dba45a777a7b9804
4620,115.5,1.4433,47.3276,False,12,mechanical_001,79d0085777a69b241e0aecfb8f846de17ec9f872695857e4dba45a777a7b9804
4621,115.525,1.4436,47.3883,False,12,mechanical_001,79d0085777a69b241e0aecfb8f846de17ec9f872695857e4dba45a777a7b9804
4622,115.55,1.4439,47.4378,False,12,mechanical_001,79d0085777a69b241e0aecfb8f846de17ec9f872695857e4dba45a777a7b9804
4623,115.575,1.4442,47.484,False,12,mechanical_001,79d0085777a69b241e0aecfb8f846de17ec9f872695857e4dba45a777a7b9804
4624,115.6,1.4446,47.526,False,12,mechanical_001,79d0085777a69b241e0aecfb8f846de17ec9f872695857e4dba45a777a7b9804
4625,115.625,1.4449,47.5529,False,12,mechanical_001,79d0085777a69b241e0aecfb8f846de17ec9f872695857e4dba45a777a7b9804
4626,115.65,1.4452,47.5617,False,12,mechanical_001,79d0085777a69b241e0aecfb8f846de17ec9f872695857e4dba45a777a7b9804
4627,115.675,1.4455,47.5676,False,12,mechanical_001,79d0085777a69b241e0aecfb8f846de17ec9f872695857e4dba45a777a7b9804
4628,115.7,1.4458,47.5803,False,12,mechanical_001,79d0085777a69b241e0aecfb8f846de17ec9f872695857e4dba45a777a7b9804
4629,115.725,1.4461,47.5979,False,12,mechanical_001,79d0085777a69b241e0aecfb8f846de17ec9f872695857e4dba45a777a7b9804
4630,115.75,1.4464,47.6222,False,12,mechanical_001,79d0085777a69b241e0aecfb8f846de17ec9f872695857e4dba45a777a7b9804
4631,115.775,1.4467,47.6496,False,12,mechanical_001,79d0085777a69b241e0aecfb8f846de17ec9f872695857e4dba45a777a7b9804
4632,115.8,1.447,47.6887,False,12,mechanical_001,79d0085777a69b241e0aecfb8f846de17ec9f872695857e4dba45a777a7b9804
4633,115.825,1.4474,47.7364,False,12,mechanical_001,79d0085777a69b241e0aecfb8f846de17ec9f872695857e4dba45a777a7b9804
4634,115.85,1.4477,47.7775,False,12,mechanical_001,79d0085777a69b241e0aecfb8f846de17ec9f872695857e4dba45a777a7b9804
4635,115.875,1.448,47.8054,False,12,mechanical_001,79d0085777a69b241e0aecfb8f846de17ec9f872695857e4dba45a777a7b9804
4636,115.9,1.4483,47.8272,False,12,mechanical_001,79d0085777a69b241e0aecfb8f846de17ec9f872695857e4dba45a777a7b9804
4637,115.925,1.4486,47.8467,False,12,mechanical_001,79d0085777a69b241e0aecfb8f846de17ec9f872695857e4dba45a777a7b9804
4638,115.95,1.4489,47.8639,False,12,mechanical_001,79d0085777a69b241e0aecfb8f846de17ec9f872695857e4dba45a777a7b9804
4639,115.975,1.4492,47.888,False,12,mechanical_001,79d0085777a69b241e0aecfb8f846de17ec9f872695857e4dba45a777a7b9804
4640,116.0,1.4495,47.919,False,12,mechanical_001,79d0085777a69b241e0aecfb8f846de17ec9f872695857e4dba45a777a7b9804
4641,116.025,1.4498,47.9523,False,12,mechanical_001,79d0085777a69b241e0aecfb8f846de17ec9f872695857e4dba45a777a7b9804
4642,116.05,1.4501,47.9862,False,12,mechanical_001,79d0085777a69b241e0aecfb8f846de17ec9f872695857e4dba45a777a7b9804
4643,116.075,1.4504,48.013,False,12,mechanical_001,79d0085777a69b241e0aecfb8f846de17ec9f872695857e4dba45a777a7b9804
4644,116.1,1.4507,48.0386,False,12,mechanical_001,79d0085777a69b241e0aecfb8f846de17ec9f872695857e4dba45a777a7b9804
4645,116.125,1.451,48.0599,False,12,mechanical_001,79d0085777a69b241e0aecfb8f846de17ec9f872695857e4dba45a777a7b9804
4646,116.15,1.4514,48.0795,False,12,mechanical_001,79d0085777a69b241e0aecfb8f846de17ec9f872695857e4dba45a777a7b9804
4647,116.175,1.4517,48.0973,False,12,mechanical_001,79d0085777a69b241e0aecfb8f846de17ec9f872695857e4dba45a777a7b9804
4648,116.2,1.452,48.1102,False,12,mechanical_001,79d0085777a69b241e0aecfb8f846de17ec9f872695857e4dba45a777a7b9804
4649,116.225,1.4523,48.1284,False,12,mechanical_001,79d0085777a69b241e0aecfb8f846de17ec9f872695857e4dba45a777a7b9804
4650,116.25,1.4526,48.1527,False,12,mechanical_001,79d0085777a69b241e0aecfb8f846de17ec9f872695857e4dba45a777a7b9804
4651,116.275,1.4529,48.1858,False,12,mechanical_001,79d0085777a69b241e0aecfb8f846de17ec9f872695857e4dba45a777a7b9804
4652,116.3,1.4532,48.2297,False,12,mechanical_001,79d0085777a69b241e0aecfb8f846de17ec9f872695857e4dba45a777a7b9804
4653,116.325,1.4535,48.2903,False,12,mechanical_001,79d0085777a69b241e0aecfb8f846de17ec9f872695857e4dba45a777a7b9804
4654,116.35,1.4538,48.3455,False,12,mechanical_001,79d0085777a69b241e0aecfb8f846de17ec9f872695857e4dba45a777a7b9804
4655,116.375,1.4541,48.3973,False,12,mechanical_001,79d0085777a69b241e0aecfb8f846de17ec9f872695857e4dba45a777a7b9804
4656,116.4,1.4544,48.4425,False,12,mechanical_001,79d0085777a69b241e0aecfb8f846de17ec9f872695857e4dba45a777a7b9804
4657,116.425,1.4547,48.4787,False,12,mechanical_001,79d0085777a69b241e0aecfb8f846de17ec9f872695857e4dba45a777a7b9804
4658,116.45,1.455,48.5033,False,12,mechanical_001,79d0085777a69b241e0aecfb8f846de17ec9f872695857e4dba45a777a7b9804
4659,116.475,1.4553,48.5229,False,12,mechanical_001,79d0085777a69b241e0aecfb8f846de17ec9f872695857e4dba45a777a7b9804
4660,116.5,1.4557,48.5384,False,12,mechanical_001,79d0085777a69b241e0aecfb8f846de17ec9f872695857e4dba45a777a7b9804
4661,116.525,1.456,48.5503,False,12,mechanical_001,79d0085777a69b241e0aecfb8f846de17ec9f872695857e4dba45a777a7b9804
4662,116.55,1.4563,48.5632,False,12,mechanical_001,79d0085777a69b241e0aecfb8f846de17ec9f872695857e4dba45a777a7b9804
4663,116.575,1.4566,48.5814,False,12,mechanical_001,79d0085777a69b241e0aecfb8f846de17ec9f872695857e4dba45a777a7b9804
4664,116.6,1.4569,48.608,False,12,mechanical_001,79d0085777a69b241e0aecfb8f846de17ec9f872695857e4dba45a777a7b9804
4665,116.625,1.4572,48.6355,False,12,mechanical_001,79d0085777a69b241e0aecfb8f846de17ec9f872695857e4dba45a777a7b9804
4666,116.65,1.4575,48.6542,False,12,mechanical_001,79d0085777a69b241e0aecfb8f846de17ec9f872695857e4dba45a777a7b9804
4667,116.675,1.4578,48.6605,False,12,mechanical_001,79d0085777a69b241e0aecfb8f846de17ec9f872695857e4dba45a777a7b9804
4668,116.7,1.4581,48.6595,False,12,mechanical_001,79d0085777a69b241e0aecfb8f846de17ec9f872695857e4dba45a777a7b9804
4669,116.725,1.4584,48.6679,False,12,mechanical_001,79d0085777a69b241e0aecfb8f846de17ec9f872695857e4dba45a777a7b9804
4670,116.75,1.4587,48.702,False,12,mechanical_001,79d0085777a69b241e0aecfb8f846de17ec9f872695857e4dba45a777a7b9804
4671,116.775,1.459,48.7625,False,12,mechanical_001,79d0085777a69b241e0aecfb8f846de17ec9f872695857e4dba45a777a7b9804
4672,116.8,1.4593,48.8458,False,12,mechanical_001,79d0085777a69b241e0aecfb8f846de17ec9f872695857e4dba45a777a7b9804
4673,116.825,1.4597,48.9439,False,12,mechanical_001,79d0085777a69b241e0aecfb8f846de17ec9f872695857e4dba45a777a7b9804
4674,116.85,1.46,49.0293,False,12,mechanical_001,79d0085777a69b241e0aecfb8f846de17ec9f872695857e4dba45a777a7b9804
4675,116.875,1.4603,49.1068,False,12,mechanical_001,79d0085777a69b241e0aecfb8f846de17ec9f872695857e4dba45a777a7b9804
4676,116.9,1.4607,49.1794,False,12,mechanical_001,79d0085777a69b241e0aecfb8f846de17ec9f872695857e4dba45a777a7b9804
4677,116.925,1.461,49.2313,False,12,mechanical_001,79d0085777a69b241e0aecfb8f846de17ec9f872695857e4dba45a777a7b9804
4678,116.95,1.4613,49.2539,False,12,mechanical_001,79d0085777a69b241e0aecfb8f846de17ec9f872695857e4dba45a777a7b9804
4679,116.975,1.4616,49.2521,False,12,mechanical_001,79d0085777a69b241e0aecfb8f846de17ec9f872695857e4dba45a777a7b9804
4680,117.0,1.4619,49.2333,False,12,mechanical_001,79d0085777a69b241e0aecfb8f846de17ec9f872695857e4dba45a777a7b9804
4681,117.025,1.4622,49.2103,False,12,mechanical_001,79d0085777a69b241e0aecfb8f846de17ec9f872695857e4dba45a777a7b9804
4682,117.05,1.4625,49.1867,False,12,mechanical_001,79d0085777a69b241e0aecfb8f846de17ec9f872695857e4dba45a777a7b9804
4683,117.075,1.4628,49.1746,False,12,mechanical_001,79d0085777a69b241e0aecfb8f846de17ec9f872695857e4dba45a777a7b9804
4684,117.1,1.4631,49.1828,False,12,mechanical_001,79d0085777a69b241e0aecfb8f846de17ec9f872695857e4dba45a777a7b9804
4685,117.125,1.4634,49.2161,False,12,mechanical_001,79d0085777a69b241e0aecfb8f846de17ec9f872695857e4dba45a777a7b9804
4686,117.15,1.4638,49.2714,False,12,mechanical_001,79d0085777a69b241e0aecfb8f846de17ec9f872695857e4dba45a777a7b9804
4687,117.175,1.4641,49.3354,False,12,mechanical_001,79d0085777a69b241e0aecfb8f846de17ec9f872695857e4dba45a777a7b9804
4688,117.2,1.4644,49.4031,False,12,mechanical_001,79d0085777a69b241e0aecfb8f846de17ec9f872695857e4dba45a777a7b9804
4689,117.225,1.4647,49.4661,False,12,mechanical_001,79d0085777a69b241e0aecfb8f846de17ec9f872695857e4dba45a777a7b9804
4690,117.25,1.4651,49.5176,False,12,mechanical_001,79d0085777a69b241e0aecfb8f846de17ec9f872695857e4dba45a777a7b9804
4691,117.275,1.4654,49.5482,False,12,mechanical_001,79d0085777a69b241e0aecfb8f846de17ec9f872695857e4dba45a777a7b9804
4692,117.3,1.4657,49.5661,False,12,mechanical_001,79d0085777a69b241e0aecfb8f846de17ec9f872695857e4dba45a777a7b9804
4693,117.325,1.466,49.5784,False,12,mechanical_001,79d0085777a69b241e0aecfb8f846de17ec9f872695857e4dba45a777a7b9804
4694,117.35,1.4663,49.5875,False,12,mechanical_001,79d0085777a69b241e0aecfb8f846de17ec9f872695857e4dba45a777a7b9804
4695,117.375,1.4666,49.6073,False,12,mechanical_001,79d0085777a69b241e0aecfb8f846de17ec9f872695857e4dba45a777a7b9804
4696,117.4,1.467,49.6297,False,12,mechanical_001,79d0085777a69b241e0aecfb8f846de17ec9f872695857e4dba45a777a7b9804
4697,117.425,1.4673,49.6498,False,12,mechanical_001,79d0085777a69b241e0aecfb8f846de17ec9f872695857e4dba45a777a7b9804
4698,117.45,1.4676,49.67,False,12,mechanical_001,79d0085777a69b241e0aecfb8f846de17ec9f872695857e4dba45a777a7b9804
4699,117.475,1.4679,49.6869,False,12,mechanical_001,79d0085777a69b241e0aecfb8f846de17ec9f872695857e4dba45a777a7b9804
4700,117.5,1.4682,49.7041,False,12,mechanical_001,79d0085777a69b241e0aecfb8f846de17ec9f872695857e4dba45a777a7b9804
4701,117.525,1.4685,49.7182,False,12,mechanical_001,79d0085777a69b241e0aecfb8f846de17ec9f872695857e4dba45a777a7b9804
4702,117.55,1.4689,49.731,False,12,mechanical_001,79d0085777a69b241e0aecfb8f846de17ec9f872695857e4dba45a777a7b9804
4703,117.575,1.4692,49.7367,False,12,mechanical_001,79d0085777a69b241e0aecfb8f846de17ec9f872695857e4dba45a777a7b9804
4704,117.6,1.4695,49.7417,False,12,mechanical_001,79d0085777a69b241e0aecfb8f846de17ec9f872695857e4dba45a777a7b9804
4705,117.625,1.4698,49.7574,False,12,mechanical_001,79d0085777a69b241e0aecfb8f846de17ec9f872695857e4dba45a777a7b9804
4706,117.65,1.4701,49.7791,False,12,mechanical_001,79d0085777a69b241e0aecfb8f846de17ec9f872695857e4dba45a777a7b9804
4707,117.675,1.4704,49.8037,False,12,mechanical_001,79d0085777a69b241e0aecfb8f846de17ec9f872695857e4dba45a777a7b9804
4708,117.7,1.4708,49.8404,False,12,mechanical_001,79d0085777a69b241e0aecfb8f846de17ec9f872695857e4dba45a777a7b9804
4709,117.725,1.4711,49.8856,False,12,mechanical_001,79d0085777a69b241e0aecfb8f846de17ec9f872695857e4dba45a777a7b9804
4710,117.75,1.4714,49.9393,False,12,mechanical_001,79d0085777a69b241e0aecfb8f846de17ec9f872695857e4dba45a777a7b9804
4711,117.775,1.4717,49.9877,False,12,mechanical_001,79d0085777a69b241e0aecfb8f846de17ec9f872695857e4dba45a777a7b9804
4712,117.8,1.4721,50.0223,False,12,mechanical_001,79d0085777a69b241e0aecfb8f846de17ec9f872695857e4dba45a777a7b9804
4713,117.825,1.4724,50.0486,False,12,mechanical_001,79d0085777a69b241e0aecfb8f846de17ec9f872695857e4dba45a777a7b9804
4714,117.85,1.4727,50.0615,False,12,mechanical_001,79d0085777a69b241e0aecfb8f846de17ec9f872695857e4dba45a777a7b9804
4715,117.875,1.473,50.062,False,12,mechanical_001,79d0085777a69b241e0aecfb8f846de17ec9f872695857e4dba45a777a7b9804
4716,117.9,1.4733,50.0577,False,12,mechanical_001,79d0085777a69b241e0aecfb8f846de17ec9f872695857e4dba45a777a7b9804
4717,117.925,1.4736,50.0542,False,12,mechanical_001,79d0085777a69b241e0aecfb8f846de17ec9f872695857e4dba45a777a7b9804
4718,117.95,1.4739,50.0651,False,12,mechanical_001,79d0085777a69b241e0aecfb8f846de17ec9f872695857e4dba45a777a7b9804
4719,117.975,1.4742,50.1003,False,12,mechanical_001,79d0085777a69b241e0aecfb8f846de17ec9f872695857e4dba45a777a7b9804
4720,118.0,1.4745,50.1417,False,12,mechanical_001,79d0085777a69b241e0aecfb8f846de17ec9f872695857e4dba45a777a7b9804
4721,118.025,1.4749,50.1798,False,12,mechanical_001,79d0085777a69b241e0aecfb8f846de17ec9f872695857e4dba45a777a7b9804
4722,118.05,1.4752,50.2224,False,12,mechanical_001,79d0085777a69b241e0aecfb8f846de17ec9f872695857e4dba45a777a7b9804
4723,118.075,1.4755,50.2606,False,12,mechanical_001,79d0085777a69b241e0aecfb8f846de17ec9f872695857e4dba45a777a7b9804
4724,118.1,1.4758,50.2963,False,12,mechanical_001,79d0085777a69b241e0aecfb8f846de17ec9f872695857e4dba45a777a7b9804
4725,118.125,1.4761,50.3251,False,12,mechanical_001,79d0085777a69b241e0aecfb8f846de17ec9f872695857e4dba45a777a7b9804
4726,118.15,1.4764,50.3578,False,12,mechanical_001,79d0085777a69b241e0aecfb8f846de17ec9f872695857e4dba45a777a7b9804
4727,118.175,1.4768,50.3858,False,12,mechanical_001,79d0085777a69b241e0aecfb8f846de17ec9f872695857e4dba45a777a7b9804
4728,118.2,1.4771,50.4107,False,12,mechanical_001,79d0085777a69b241e0aecfb8f846de17ec9f872695857e4dba45a777a7b9804
4729,118.225,1.4774,50.442,False,12,mechanical_001,79d0085777a69b241e0aecfb8f846de17ec9f872695857e4dba45a777a7b9804
4730,118.25,1.4777,50.4697,False,12,mechanical_001,79d0085777a69b241e0aecfb8f846de17ec9f872695857e4dba45a777a7b9804
4731,118.275,1.478,50.5012,False,12,mechanical_001,79d0085777a69b241e0aecfb8f846de17ec9f872695857e4dba45a777a7b9804
4732,118.3,1.4783,50.5376,False,12,mechanical_001,79d0085777a69b241e0aecfb8f846de17ec9f872695857e4dba45a777a7b9804
4733,118.325,1.4786,50.5792,False,12,mechanical_001,79d0085777a69b241e0aecfb8f846de17ec9f872695857e4dba45a777a7b9804
4734,118.35,1.479,50.6202,False,12,mechanical_001,79d0085777a69b241e0aecfb8f846de17ec9f872695857e4dba45a777a7b9804
4735,118.375,1.4793,50.6587,False,12,mechanical_001,79d0085777a69b241e0aecfb8f846de17ec9f872695857e4dba45a777a7b9804
4736,118.4,1.4796,50.7024,False,12,mechanical_001,79d0085777a69b241e0aecfb8f846de17ec9f872695857e4dba45a777a7b9804
4737,118.425,1.4799,50.7662,False,12,mechanical_001,79d0085777a69b241e0aecfb8f846de17ec9f872695857e4dba45a777a7b9804
4738,118.45,1.4803,50.8304,False,12,mechanical_001,79d0085777a69b241e0aecfb8f846de17ec9f872695857e4dba45a777a7b9804
4739,118.475,1.4806,50.8938,False,12,mechanical_001,79d0085777a69b241e0aecfb8f846de17ec9f872695857e4dba45a777a7b9804
4740,118.5,1.4809,50.959,False,12,mechanical_001,79d0085777a69b241e0aecfb8f846de17ec9f872695857e4dba45a777a7b9804
4741,118.525,1.4812,51.0388,False,12,mechanical_001,79d0085777a69b241e0aecfb8f846de17ec9f872695857e4dba45a777a7b9804
4742,118.55,1.4816,51.1333,False,12,mechanical_001,79d0085777a69b241e0aecfb8f846de17ec9f872695857e4dba45a777a7b9804
4743,118.575,1.4819,51.2316,False,12,mechanical_001,79d0085777a69b241e0aecfb8f846de17ec9f872695857e4dba45a777a7b9804
4744,118.6,1.4823,51.3276,False,12,mechanical_001,79d0085777a69b241e0aecfb8f846de17ec9f872695857e4dba45a777a7b9804
4745,118.625,1.4826,51.3949,False,12,mechanical_001,79d0085777a69b241e0aecfb8f846de17ec9f872695857e4dba45a777a7b9804
4746,118.65,1.4829,51.4269,False,12,mechanical_001,79d0085777a69b241e0aecfb8f846de17ec9f872695857e4dba45a777a7b9804
4747,118.675,1.4832,51.4357,False,12,mechanical_001,79d0085777a69b241e0aecfb8f846de17ec9f872695857e4dba45a777a7b9804
4748,118.7,1.4836,51.4354,False,12,mechanical_001,79d0085777a69b241e0aecfb8f846de17ec9f872695857e4dba45a777a7b9804
4749,118.725,1.4839,51.4284,False,12,mechanical_001,79d0085777a69b241e0aecfb8f846de17ec9f872695857e4dba45a777a7b9804
4750,118.75,1.4842,51.4185,False,12,mechanical_001,79d0085777a69b241e0aecfb8f846de17ec9f872695857e4dba45a777a7b9804
4751,118.775,1.4845,51.4037,False,12,mechanical_001,79d0085777a69b241e0aecfb8f846de17ec9f872695857e4dba45a777a7b9804
4752,118.8,1.4848,51.3866,False,12,mechanical_001,79d0085777a69b241e0aecfb8f846de17ec9f872695857e4dba45a777a7b9804
4753,118.825,1.4851,51.3819,False,12,mechanical_001,79d0085777a69b241e0aecfb8f846de17ec9f872695857e4dba45a777a7b9804
4754,118.85,1.4854,51.4014,False,12,mechanical_001,79d0085777a69b241e0aecfb8f846de17ec9f872695857e4dba45a777a7b9804
4755,118.875,1.4857,51.4382,False,12,mechanical_001,79d0085777a69b241e0aecfb8f846de17ec9f872695857e4dba45a777a7b9804
4756,118.9,1.486,51.4889,False,12,mechanical_001,79d0085777a69b241e0aecfb8f846de17ec9f872695857e4dba45a777a7b9804
4757,118.925,1.4863,51.5302,False,12,mechanical_001,79d0085777a69b241e0aecfb8f846de17ec9f872695857e4dba45a777a7b9804
4758,118.95,1.4867,51.5636,False,12,mechanical_001,79d0085777a69b241e0aecfb8f846de17ec9f872695857e4dba45a777a7b9804
4759,118.975,1.487,51.5821,False,12,mechanical_001,79d0085777a69b241e0aecfb8f846de17ec9f872695857e4dba45a777a7b9804
4760,119.0,1.4873,51.5871,False,12,mechanical_001,79d0085777a69b241e0aecfb8f846de17ec9f872695857e4dba45a777a7b9804
4761,119.025,1.4876,51.5868,False,12,mechanical_001,79d0085777a69b241e0aecfb8f846de17ec9f872695857e4dba45a777a7b9804
4762,119.05,1.4879,51.586,False,12,mechanical_001,79d0085777a69b241e0aecfb8f846de17ec9f872695857e4dba45a777a7b9804
4763,119.075,1.4882,51.588,False,12,mechanical_001,79d0085777a69b241e0aecfb8f846de17ec9f872695857e4dba45a777a7b9804
4764,119.1,1.4885,51.5956,False,12,mechanical_001,79d0085777a69b241e0aecfb8f846de17ec9f872695857e4dba45a777a7b9804
4765,119.125,1.4888,51.6094,False,12,mechanical_001,79d0085777a69b241e0aecfb8f846de17ec9f872695857e4dba45a777a7b9804
4766,119.15,1.4891,51.6304,False,12,mechanical_001,79d0085777a69b241e0aecfb8f846de17ec9f872695857e4dba45a777a7b9804
4767,119.175,1.4894,51.6581,False,12,mechanical_001,79d0085777a69b241e0aecfb8f846de17ec9f872695857e4dba45a777a7b9804
4768,119.2,1.4897,51.6905,False,12,mechanical_001,79d0085777a69b241e0aecfb8f846de17ec9f872695857e4dba45a777a7b9804
4769,119.225,1.4901,51.7137,False,12,mechanical_001,79d0085777a69b241e0aecfb8f846de17ec9f872695857e4dba45a777a7b9804
4770,119.25,1.4904,51.7257,False,12,mechanical_001,79d0085777a69b241e0aecfb8f846de17ec9f872695857e4dba45a777a7b9804
4771,119.275,1.4907,51.7356,False,12,mechanical_001,79d0085777a69b241e0aecfb8f846de17ec9f872695857e4dba45a777a7b9804
4772,119.3,1.491,51.7426,False,12,mechanical_001,79d0085777a69b241e0aecfb8f846de17ec9f872695857e4dba45a777a7b9804
4773,119.325,1.4913,51.7462,False,12,mechanical_001,79d0085777a69b241e0aecfb8f846de17ec9f872695857e4dba45a777a7b9804
4774,119.35,1.4916,51.7386,False,12,mechanical_001,79d0085777a69b241e0aecfb8f846de17ec9f872695857e4dba45a777a7b9804
4775,119.375,1.4919,51.7245,False,12,mechanical_001,79d0085777a69b241e0aecfb8f846de17ec9f872695857e4dba45a777a7b9804
4776,119.4,1.4922,51.7157,False,12,mechanical_001,79d0085777a69b241e0aecfb8f846de17ec9f872695857e4dba45a777a7b9804
4777,119.425,1.4925,51.7151,False,12,mechanical_001,79d0085777a69b241e0aecfb8f846de17ec9f872695857e4dba45a777a7b9804
4778,119.45,1.4928,51.7304,False,12,mechanical_001,79d0085777a69b241e0aecfb8f846de17ec9f872695857e4dba45a777a7b9804
4779,119.475,1.4931,51.7566,False,12,mechanical_001,79d0085777a69b241e0aecfb8f846de17ec9f872695857e4dba45a777a7b9804
4780,119.5,1.4934,51.7765,False,12,mechanical_001,79d0085777a69b241e0aecfb8f846de17ec9f872695857e4dba45a777a7b9804
4781,119.525,1.4937,51.7885,False,12,mechanical_001,79d0085777a69b241e0aecfb8f846de17ec9f872695857e4dba45a777a7b9804
4782,119.55,1.494,51.7964,False,12,mechanical_001,79d0085777a69b241e0aecfb8f846de17ec9f872695857e4dba45a777a7b9804
4783,119.575,1.4943,51.8021,False,12,mechanical_001,79d0085777a69b241e0aecfb8f846de17ec9f872695857e4dba45a777a7b9804
4784,119.6,1.4946,51.8067,False,12,mechanical_001,79d0085777a69b241e0aecfb8f846de17ec9f872695857e4dba45a777a7b9804
4785,119.625,1.4949,51.8064,False,12,mechanical_001,79d0085777a69b241e0aecfb8f846de17ec9f872695857e4dba45a777a7b9804
4786,119.65,1.4952,51.8049,False,12,mechanical_001,79d0085777a69b241e0aecfb8f846de17ec9f872695857e4dba45a777a7b9804
4787,119.675,1.4955,51.8022,False,12,mechanical_001,79d0085777a69b241e0aecfb8f846de17ec9f872695857e4dba45a777a7b9804
4788,119.7,1.4958,51.7882,False,12,mechanical_001,79d0085777a69b241e0aecfb8f846de17ec9f872695857e4dba45a777a7b9804
4789,119.725,1.4961,51.7751,False,12,mechanical_001,79d0085777a69b241e0aecfb8f846de17ec9f872695857e4dba45a777a7b9804
4790,119.75,1.4964,51.7735,False,12,mechanical_001,79d0085777a69b241e0aecfb8f846de17ec9f872695857e4dba45a777a7b9804
4791,119.775,1.4967,51.7784,False,12,mechanical_001,79d0085777a69b241e0aecfb8f846de17ec9f872695857e4dba45a777a7b9804
4792,119.8,1.497,51.7913,False,12,mechanical_001,79d0085777a69b241e0aecfb8f846de17ec9f872695857e4dba45a777a7b9804
4793,119.825,1.4973,51.8006,False,12,mechanical_001,79d0085777a69b241e0aecfb8f846de17ec9f872695857e4dba45a777a7b9804
4794,119.85,1.4976,51.8097,False,12,mechanical_001,79d0085777a69b241e0aecfb8f846de17ec9f872695857e4dba45a777a7b9804
4795,119.875,1.498,51.8265,False,12,mechanical_001,79d0085777a69b241e0aecfb8f846de17ec9f872695857e4dba45a777a7b9804
4796,119.9,1.4983,51.8416,False,12,mechanical_001,79d0085777a69b241e0aecfb8f846de17ec9f872695857e4dba45a777a7b9804
4797,119.925,1.4986,51.8526,False,12,mechanical_001,79d0085777a69b241e0aecfb8f846de17ec9f872695857e4dba45a777a7b9804
4798,119.95,1.4989,51.8621,False,12,mechanical_001,79d0085777a69b241e0aecfb8f846de17ec9f872695857e4dba45a777a7b9804
4799,119.975,1.4992,51.8704,False,12,mechanical_001,79d0085777a69b241e0aecfb8f846de17ec9f872695857e4dba45a777a7b9804
4800,120.0,1.4995,51.8675,False,12,mechanical_001,79d0085777a69b241e0aecfb8f846de17ec9f872695857e4dba45a777a7b9804
4801,120.025,1.4998,51.8593,False,12,mechanical_001,79d0085777a69b241e0aecfb8f846de17ec9f872695857e4dba45a777a7b9804
4802,120.05,1.5001,51.859,False,12,mechanical_001,79d0085777a69b241e0aecfb8f846de17ec9f872695857e4dba45a777a7b9804
4803,120.075,1.5005,51.8604,False,12,mechanical_001,79d0085777a69b241e0aecfb8f846de17ec9f872695857e4dba45a777a7b9804
4804,120.1,1.5008,51.859,False,12,mechanical_001,79d0085777a69b241e0aecfb8f846de17ec9f872695857e4dba45a777a7b9804
4805,120.125,1.5011,51.8743,False,12,mechanical_001,79d0085777a69b241e0aecfb8f846de17ec9f872695857e4dba45a777a7b9804
4806,120.15,1.5014,51.8912,False,12,mechanical_001,79d0085777a69b241e0aecfb8f846de17ec9f872695857e4dba45a777a7b9804
4807,120.175,1.5017,51.8886,False,12,mechanical_001,79d0085777a69b241e0aecfb8f846de17ec9f872695857e4dba45a777a7b9804
4808,120.2,1.502,51.8762,False,12,mechanical_001,79d0085777a69b241e0aecfb8f846de17ec9f872695857e4dba45a777a7b9804
4809,120.225,1.5024,51.8732,False,12,mechanical_001,79d0085777a69b241e0aecfb8f846de17ec9f872695857e4dba45a777a7b9804
4810,120.25,1.5027,51.8797,False,12,mechanical_001,79d0085777a69b241e0aecfb8f846de17ec9f872695857e4dba45a777a7b9804
4811,120.275,1.503,51.8814,False,12,mechanical_001,79d0085777a69b241e0aecfb8f846de17ec9f872695857e4dba45a777a7b9804
4812,120.3,1.5033,51.8848,False,12,mechanical_001,79d0085777a69b241e0aecfb8f846de17ec9f872695857e4dba45a777a7b9804
4813,120.325,1.5036,51.8895,False,12,mechanical_001,79d0085777a69b241e0aecfb8f846de17ec9f872695857e4dba45a777a7b9804
4814,120.35,1.5039,51.8924,False,12,mechanical_001,79d0085777a69b241e0aecfb8f846de17ec9f872695857e4dba45a777a7b9804
4815,120.375,1.5043,51.904,False,12,mechanical_001,79d0085777a69b241e0aecfb8f846de17ec9f872695857e4dba45a777a7b9804
4816,120.4,1.5046,51.9192,False,12,mechanical_001,79d0085777a69b241e0aecfb8f846de17ec9f872695857e4dba45a777a7b9804
4817,120.425,1.5049,51.9233,False,12,mechanical_001,79d0085777a69b241e0aecfb8f846de17ec9f872695857e4dba45a777a7b9804
4818,120.45,1.5052,51.9208,False,12,mechanical_001,79d0085777a69b241e0aecfb8f846de17ec9f872695857e4dba45a777a7b9804
4819,120.475,1.5055,51.9124,False,12,mechanical_001,79d0085777a69b241e0aecfb8f846de17ec9f872695857e4dba45a777a7b9804
4820,120.5,1.5058,51.9001,False,12,mechanical_001,79d0085777a69b241e0aecfb8f846de17ec9f872695857e4dba45a777a7b9804
4821,120.525,1.5061,51.8863,False,12,mechanical_001,79d0085777a69b241e0aecfb8f846de17ec9f872695857e4dba45a777a7b9804
4822,120.55,1.5065,51.8687,False,12,mechanical_001,79d0085777a69b241e0aecfb8f846de17ec9f872695857e4dba45a777a7b9804
4823,120.575,1.5068,51.8566,False,12,mechanical_001,79d0085777a69b241e0aecfb8f846de17ec9f872695857e4dba45a777a7b9804
4824,120.6,1.5071,51.8485,False,12,mechanical_001,79d0085777a69b241e0aecfb8f846de17ec9f872695857e4dba45a777a7b9804
4825,120.625,1.5074,51.8543,False,12,mechanical_001,79d0085777a69b241e0aecfb8f846de17ec9f872695857e4dba45a777a7b9804
4826,120.65,1.5077,51.8595,False,12,mechanical_001,79d0085777a69b241e0aecfb8f846de17ec9f872695857e4dba45a777a7b9804
4827,120.675,1.508,51.8655,False,12,mechanical_001,79d0085777a69b241e0aecfb8f846de17ec9f872695857e4dba45a777a7b9804
4828,120.7,1.5084,51.8714,False,12,mechanical_001,79d0085777a69b241e0aecfb8f846de17ec9f872695857e4dba45a777a7b9804
4829,120.725,1.5087,51.8843,False,12,mechanical_001,79d0085777a69b241e0aecfb8f846de17ec9f872695857e4dba45a777a7b9804
4830,120.75,1.509,51.8997,False,12,mechanical_001,79d0085777a69b241e0aecfb8f846de17ec9f872695857e4dba45a777a7b9804
4831,120.775,1.5093,51.922,False,12,mechanical_001,79d0085777a69b241e0aecfb8f846de17ec9f872695857e4dba45a777a7b9804
4832,120.8,1.5096,51.9524,False,12,mechanical_001,79d0085777a69b241e0aecfb8f846de17ec9f872695857e4dba45a777a7b9804
4833,120.825,1.51,51.9934,False,12,mechanical_001,79d0085777a69b241e0aecfb8f846de17ec9f872695857e4dba45a777a7b9804
4834,120.85,1.5103,52.0491,False,12,mechanical_001,79d0085777a69b241e0aecfb8f846de17ec9f872695857e4dba45a777a7b9804
4835,120.875,1.5106,52.1075,False,12,mechanical_001,79d0085777a69b241e0aecfb8f846de17ec9f872695857e4dba45a777a7b9804
4836,120.9,1.511,52.1664,False,12,mechanical_001,79d0085777a69b241e0aecfb8f846de17ec9f872695857e4dba45a777a7b9804
4837,120.925,1.5113,52.226,False,12,mechanical_001,79d0085777a69b241e0aecfb8f846de17ec9f872695857e4dba45a777a7b9804
4838,120.95,1.5116,52.2737,False,12,mechanical_001,79d0085777a69b241e0aecfb8f846de17ec9f872695857e4dba45a777a7b9804
4839,120.975,1.512,52.2971,False,12,mechanical_001,79d0085777a69b241e0aecfb8f846de17ec9f872695857e4dba45a777a7b9804
4840,121.0,1.5123,52.2947,False,12,mechanical_001,79d0085777a69b241e0aecfb8f846de17ec9f872695857e4dba45a777a7b9804
4841,121.025,1.5126,52.2728,False,12,mechanical_001,79d0085777a69b241e0aecfb8f846de17ec9f872695857e4dba45a777a7b9804
4842,121.05,1.5129,52.2514,False,12,mechanical_001,79d0085777a69b241e0aecfb8f846de17ec9f872695857e4dba45a777a7b9804
4843,121.075,1.5132,52.2378,False,12,mechanical_001,79d0085777a69b241e0aecfb8f846de17ec9f872695857e4dba45a777a7b9804
4844,121.1,1.5135,52.2459,False,12,mechanical_001,79d0085777a69b241e0aecfb8f846de17ec9f872695857e4dba45a777a7b9804
4845,121.125,1.5138,52.273,False,12,mechanical_001,79d0085777a69b241e0aecfb8f846de17ec9f872695857e4dba45a777a7b9804
4846,121.15,1.5141,52.3167,False,12,mechanical_001,79d0085777a69b241e0aecfb8f846de17ec9f872695857e4dba45a777a7b9804
4847,121.175,1.5144,52.3605,False,12,mechanical_001,79d0085777a69b241e0aecfb8f846de17ec9f872695857e4dba45a777a7b9804
4848,121.2,1.5147,52.4019,False,12,mechanical_001,79d0085777a69b241e0aecfb8f846de17ec9f872695857e4dba45a777a7b9804
4849,121.225,1.5151,52.4401,False,12,mechanical_001,79d0085777a69b241e0aecfb8f846de17ec9f872695857e4dba45a777a7b9804
4850,121.25,1.5154,52.4767,False,12,mechanical_001,79d0085777a69b241e0aecfb8f846de17ec9f872695857e4dba45a777a7b9804
4851,121.275,1.5157,52.5092,False,12,mechanical_001,79d0085777a69b241e0aecfb8f846de17ec9f872695857e4dba45a777a7b9804
4852,121.3,1.516,52.5244,False,12,mechanical_001,79d0085777a69b241e0aecfb8f846de17ec9f872695857e4dba45a777a7b9804
4853,121.325,1.5163,52.5336,False,12,mechanical_001,79d0085777a69b241e0aecfb8f846de17ec9f872695857e4dba45a777a7b9804
4854,121.35,1.5166,52.5493,False,12,mechanical_001,79d0085777a69b241e0aecfb8f846de17ec9f872695857e4dba45a777a7b9804
4855,121.375,1.5169,52.5753,False,12,mechanical_001,79d0085777a69b241e0aecfb8f846de17ec9f872695857e4dba45a777a7b9804
4856,121.4,1.5172,52.6102,False,12,mechanical_001,79d0085777a69b241e0aecfb8f846de17ec9f872695857e4dba45a777a7b9804
4857,121.425,1.5175,52.6382,False,12,mechanical_001,79d0085777a69b241e0aecfb8f846de17ec9f872695857e4dba45a777a7b9804
4858,121.45,1.5179,52.6707,False,12,mechanical_001,79d0085777a69b241e0aecfb8f846de17ec9f872695857e4dba45a777a7b9804
4859,121.475,1.5182,52.7032,False,12,mechanical_001,79d0085777a69b241e0aecfb8f846de17ec9f872695857e4dba45a777a7b9804
4860,121.5,1.5185,52.7427,False,12,mechanical_001,79d0085777a69b241e0aecfb8f846de17ec9f872695857e4dba45a777a7b9804
4861,121.525,1.5188,52.7811,False,12,mechanical_001,79d0085777a69b241e0aecfb8f846de17ec9f872695857e4dba45a777a7b9804
4862,121.55,1.5191,52.8134,False,12,mechanical_001,79d0085777a69b241e0aecfb8f846de17ec9f872695857e4dba45a777a7b9804
4863,121.575,1.5194,52.8459,False,12,mechanical_001,79d0085777a69b241e0aecfb8f846de17ec9f872695857e4dba45a777a7b9804
4864,121.6,1.5197,52.8666,False,12,mechanical_001,79d0085777a69b241e0aecfb8f846de17ec9f872695857e4dba45a777a7b9804
4865,121.625,1.52,52.8842,False,12,mechanical_001,79d0085777a69b241e0aecfb8f846de17ec9f872695857e4dba45a777a7b9804
4866,121.65,1.5203,52.9058,False,12,mechanical_001,79d0085777a69b241e0aecfb8f846de17ec9f872695857e4dba45a777a7b9804
4867,121.675,1.5207,52.9299,False,12,mechanical_001,79d0085777a69b241e0aecfb8f846de17ec9f872695857e4dba45a777a7b9804
4868,121.7,1.521,52.9574,False,12,mechanical_001,79d0085777a69b241e0aecfb8f846de17ec9f872695857e4dba45a777a7b9804
4869,121.725,1.5213,52.9868,False,12,mechanical_001,79d0085777a69b241e0aecfb8f846de17ec9f872695857e4dba45a777a7b9804
4870,121.75,1.5216,53.0153,False,12,mechanical_001,79d0085777a69b241e0aecfb8f846de17ec9f872695857e4dba45a777a7b9804
4871,121.775,1.5219,53.036,False,12,mechanical_001,79d0085777a69b241e0aecfb8f846de17ec9f872695857e4dba45a777a7b9804
4872,121.8,1.5222,53.0474,False,12,mechanical_001,79d0085777a69b241e0aecfb8f846de17ec9f872695857e4dba45a777a7b9804
4873,121.825,1.5225,53.0535,False,12,mechanical_001,79d0085777a69b241e0aecfb8f846de17ec9f872695857e4dba45a777a7b9804
4874,121.85,1.5228,53.0544,False,12,mechanical_001,79d0085777a69b241e0aecfb8f846de17ec9f872695857e4dba45a777a7b9804
4875,121.875,1.5231,53.0506,False,12,mechanical_001,79d0085777a69b241e0aecfb8f846de17ec9f872695857e4dba45a777a7b9804
4876,121.9,1.5234,53.0447,False,12,mechanical_001,79d0085777a69b241e0aecfb8f846de17ec9f872695857e4dba45a777a7b9804
4877,121.925,1.5237,53.0334,False,12,mechanical_001,79d0085777a69b241e0aecfb8f846de17ec9f872695857e4dba45a777a7b9804
4878,121.95,1.524,53.0173,False,12,mechanical_001,79d0085777a69b241e0aecfb8f846de17ec9f872695857e4dba45a777a7b9804
4879,121.975,1.5243,53.002,False,12,mechanical_001,79d0085777a69b241e0aecfb8f846de17ec9f872695857e4dba45a777a7b9804
4880,122.0,1.5246,52.9879,False,12,mechanical_001,79d0085777a69b241e0aecfb8f846de17ec9f872695857e4dba45a777a7b9804
4881,122.025,1.5249,52.978,False,12,mechanical_001,79d0085777a69b241e0aecfb8f846de17ec9f872695857e4dba45a777a7b9804
4882,122.05,1.5252,52.9724,False,12,mechanical_001,79d0085777a69b241e0aecfb8f846de17ec9f872695857e4dba45a777a7b9804
4883,122.075,1.5255,52.9888,False,12,mechanical_001,79d0085777a69b241e0aecfb8f846de17ec9f872695857e4dba45a777a7b9804
4884,122.1,1.5258,53.0114,False,12,mechanical_001,79d0085777a69b241e0aecfb8f846de17ec9f872695857e4dba45a777a7b9804
4885,122.125,1.5261,53.0362,False,12,mechanical_001,79d0085777a69b241e0aecfb8f846de17ec9f872695857e4dba45a777a7b9804
4886,122.15,1.5264,53.0703,False,12,mechanical_001,79d0085777a69b241e0aecfb8f846de17ec9f872695857e4dba45a777a7b9804
4887,122.175,1.5267,53.1153,False,12,mechanical_001,79d0085777a69b241e0aecfb8f846de17ec9f872695857e4dba45a777a7b9804
4888,122.2,1.527,53.1753,False,12,mechanical_001,79d0085777a69b241e0aecfb8f846de17ec9f872695857e4dba45a777a7b9804
4889,122.225,1.5273,53.2276,False,12,mechanical_001,79d0085777a69b241e0aecfb8f846de17ec9f872695857e4dba45a777a7b9804
4890,122.25,1.5276,53.2877,False,12,mechanical_001,79d0085777a69b241e0aecfb8f846de17ec9f872695857e4dba45a777a7b9804
4891,122.275,1.5279,53.3516,False,12,mechanical_001,79d0085777a69b241e0aecfb8f846de17ec9f872695857e4dba45a777a7b9804
4892,122.3,1.5283,53.4215,False,12,mechanical_001,79d0085777a69b241e0aecfb8f846de17ec9f872695857e4dba45a777a7b9804
4893,122.325,1.5286,53.5003,False,12,mechanical_001,79d0085777a69b241e0aecfb8f846de17ec9f872695857e4dba45a777a7b9804
4894,122.35,1.5289,53.5724,False,12,mechanical_001,79d0085777a69b241e0aecfb8f846de17ec9f872695857e4dba45a777a7b9804
4895,122.375,1.5292,53.6326,False,12,mechanical_001,79d0085777a69b241e0aecfb8f846de17ec9f872695857e4dba45a777a7b9804
4896,122.4,1.5295,53.678,False,12,mechanical_001,79d0085777a69b241e0aecfb8f846de17ec9f872695857e4dba45a777a7b9804
4897,122.425,1.5299,53.7153,False,12,mechanical_001,79d0085777a69b241e0aecfb8f846de17ec9f872695857e4dba45a777a7b9804
4898,122.45,1.5302,53.7432,False,12,mechanical_001,79d0085777a69b241e0aecfb8f846de17ec9f872695857e4dba45a777a7b9804
4899,122.475,1.5305,53.7509,False,12,mechanical_001,79d0085777a69b241e0aecfb8f846de17ec9f872695857e4dba45a777a7b9804
4900,122.5,1.5308,53.7519,False,12,mechanical_001,79d0085777a69b241e0aecfb8f846de17ec9f872695857e4dba45a777a7b9804
4901,122.525,1.5311,53.7549,False,12,mechanical_001,79d0085777a69b241e0aecfb8f846de17ec9f872695857e4dba45a777a7b9804
4902,122.55,1.5314,53.7628,False,12,mechanical_001,79d0085777a69b241e0aecfb8f846de17ec9f872695857e4dba45a777a7b9804
4903,122.575,1.5317,53.7636,False,12,mechanical_001,79d0085777a69b241e0aecfb8f846de17ec9f872695857e4dba45a777a7b9804
4904,122.6,1.532,53.7542,False,12,mechanical_001,79d0085777a69b241e0aecfb8f846de17ec9f872695857e4dba45a777a7b9804
4905,122.625,1.5323,53.7407,False,12,mechanical_001,79d0085777a69b241e0aecfb8f846de17ec9f872695857e4dba45a777a7b9804
4906,122.65,1.5326,53.7296,False,12,mechanical_001,79d0085777a69b241e0aecfb8f846de17ec9f872695857e4dba45a777a7b9804
4907,122.675,1.5329,53.7096,False,12,mechanical_001,79d0085777a69b241e0aecfb8f846de17ec9f872695857e4dba45a777a7b9804
4908,122.7,1.5332,53.6896,False,12,mechanical_001,79d0085777a69b241e0aecfb8f846de17ec9f872695857e4dba45a777a7b9804
4909,122.725,1.5335,53.6735,False,12,mechanical_001,79d0085777a69b241e0aecfb8f846de17ec9f872695857e4dba45a777a7b9804
4910,122.75,1.5338,53.6669,False,12,mechanical_001,79d0085777a69b241e0aecfb8f846de17ec9f872695857e4dba45a777a7b9804
4911,122.775,1.5341,53.6788,False,12,mechanical_001,79d0085777a69b241e0aecfb8f846de17ec9f872695857e4dba45a777a7b9804
4912,122.8,1.5344,53.7004,False,12,mechanical_001,79d0085777a69b241e0aecfb8f846de17ec9f872695857e4dba45a777a7b9804
4913,122.825,1.5347,53.7303,False,12,mechanical_001,79d0085777a69b241e0aecfb8f846de17ec9f872695857e4dba45a777a7b9804
4914,122.85,1.535,53.7658,False,12,mechanical_001,79d0085777a69b241e0aecfb8f846de17ec9f872695857e4dba45a777a7b9804
4915,122.875,1.5353,53.8053,False,12,mechanical_001,79d0085777a69b241e0aecfb8f846de17ec9f872695857e4dba45a777a7b9804
4916,122.9,1.5357,53.848,False,12,mechanical_001,79d0085777a69b241e0aecfb8f846de17ec9f872695857e4dba45a777a7b9804
4917,122.925,1.536,53.8819,False,12,mechanical_001,79d0085777a69b241e0aecfb8f846de17ec9f872695857e4dba45a777a7b9804
4918,122.95,1.5363,53.9137,False,12,mechanical_001,79d0085777a69b241e0aecfb8f846de17ec9f872695857e4dba45a777a7b9804
4919,122.975,1.5366,53.9545,False,12,mechanical_001,79d0085777a69b241e0aecfb8f846de17ec9f872695857e4dba45a777a7b9804
4920,123.0,1.537,54.0076,False,12,mechanical_001,79d0085777a69b241e0aecfb8f846de17ec9f872695857e4dba45a777a7b9804
4921,123.025,1.5373,54.0727,False,12,mechanical_001,79d0085777a69b241e0aecfb8f846de17ec9f872695857e4dba45a777a7b9804
4922,123.05,1.5376,54.1423,False,12,mechanical_001,79d0085777a69b241e0aecfb8f846de17ec9f872695857e4dba45a777a7b9804
4923,123.075,1.538,54.2158,False,12,mechanical_001,79d0085777a69b241e0aecfb8f846de17ec9f872695857e4dba45a777a7b9804
4924,123.1,1.5383,54.2843,False,12,mechanical_001,79d0085777a69b241e0aecfb8f846de17ec9f872695857e4dba45a777a7b9804
4925,123.125,1.5386,54.3414,False,12,mechanical_001,79d0085777a69b241e0aecfb8f846de17ec9f872695857e4dba45a777a7b9804
4926,123.15,1.5389,54.3855,False,12,mechanical_001,79d0085777a69b241e0aecfb8f846de17ec9f872695857e4dba45a777a7b9804
4927,123.175,1.5393,54.4031,False,12,mechanical_001,79d0085777a69b241e0aecfb8f846de17ec9f872695857e4dba45a777a7b9804
4928,123.2,1.5396,54.4062,False,12,mechanical_001,79d0085777a69b241e0aecfb8f846de17ec9f872695857e4dba45a777a7b9804
4929,123.225,1.5399,54.4055,False,12,mechanical_001,79d0085777a69b241e0aecfb8f846de17ec9f872695857e4dba45a777a7b9804
4930,123.25,1.5402,54.3959,False,12,mechanical_001,79d0085777a69b241e0aecfb8f846de17ec9f872695857e4dba45a777a7b9804
4931,123.275,1.5405,54.3897,False,12,mechanical_001,79d0085777a69b241e0aecfb8f846de17ec9f872695857e4dba45a777a7b9804
4932,123.3,1.5408,54.3876,False,12,mechanical_001,79d0085777a69b241e0aecfb8f846de17ec9f872695857e4dba45a777a7b9804
4933,123.325,1.5411,54.3833,False,12,mechanical_001,79d0085777a69b241e0aecfb8f846de17ec9f872695857e4dba45a777a7b9804
4934,123.35,1.5414,54.3865,False,12,mechanical_001,79d0085777a69b241e0aecfb8f846de17ec9f872695857e4dba45a777a7b9804
4935,123.375,1.5417,54.4073,False,12,mechanical_001,79d0085777a69b241e0aecfb8f846de17ec9f872695857e4dba45a777a7b9804
4936,123.4,1.5421,54.4409,False,12,mechanical_001,79d0085777a69b241e0aecfb8f846de17ec9f872695857e4dba45a777a7b9804
4937,123.425,1.5424,54.4782,False,12,mechanical_001,79d0085777a69b241e0aecfb8f846de17ec9f872695857e4dba45a777a7b9804
4938,123.45,1.5427,54.5172,False,12,mechanical_001,79d0085777a69b241e0aecfb8f846de17ec9f872695857e4dba45a777a7b9804
4939,123.475,1.543,54.5453,False,12,mechanical_001,79d0085777a69b241e0aecfb8f846de17ec9f872695857e4dba45a777a7b9804
4940,123.5,1.5434,54.5742,False,12,mechanical_001,79d0085777a69b241e0aecfb8f846de17ec9f872695857e4dba45a777a7b9804
4941,123.525,1.5437,54.6012,False,12,mechanical_001,79d0085777a69b241e0aecfb8f846de17ec9f872695857e4dba45a777a7b9804
4942,123.55,1.544,54.6512,False,12,mechanical_001,79d0085777a69b241e0aecfb8f846de17ec9f872695857e4dba45a777a7b9804
4943,123.575,1.5444,54.715,False,12,mechanical_001,79d0085777a69b241e0aecfb8f846de17ec9f872695857e4dba45a777a7b9804
4944,123.6,1.5447,54.7778,False,12,mechanical_001,79d0085777a69b241e0aecfb8f846de17ec9f872695857e4dba45a777a7b9804
4945,123.625,1.545,54.8446,False,12,mechanical_001,79d0085777a69b241e0aecfb8f846de17ec9f872695857e4dba45a777a7b9804
4946,123.65,1.5454,54.9043,False,12,mechanical_001,79d0085777a69b241e0aecfb8f846de17ec9f872695857e4dba45a777a7b9804
4947,123.675,1.5457,54.9488,False,12,mechanical_001,79d0085777a69b241e0aecfb8f846de17ec9f872695857e4dba45a777a7b9804
4948,123.7,1.546,54.9795,False,12,mechanical_001,79d0085777a69b241e0aecfb8f846de17ec9f872695857e4dba45a777a7b9804
4949,123.725,1.5464,54.9937,False,12,mechanical_001,79d0085777a69b241e0aecfb8f846de17ec9f872695857e4dba45a777a7b9804
4950,123.75,1.5467,54.9914,False,12,mechanical_001,79d0085777a69b241e0aecfb8f846de17ec9f872695857e4dba45a777a7b9804
4951,123.775,1.547,54.9869,False,12,mechanical_001,79d0085777a69b241e0aecfb8f846de17ec9f872695857e4dba45a777a7b9804
4952,123.8,1.5473,54.9914,False,12,mechanical_001,79d0085777a69b241e0aecfb8f846de17ec9f872695857e4dba45a777a7b9804
4953,123.825,1.5476,54.9906,False,12,mechanical_001,79d0085777a69b241e0aecfb8f846de17ec9f872695857e4dba45a777a7b9804
4954,123.85,1.5479,54.9942,False,12,mechanical_001,79d0085777a69b241e0aecfb8f846de17ec9f872695857e4dba45a777a7b9804
4955,123.875,1.5483,54.99,False,12,mechanical_001,79d0085777a69b241e0aecfb8f846de17ec9f872695857e4dba45a777a7b9804
4956,123.9,1.5486,54.9846,False,12,mechanical_001,79d0085777a69b241e0aecfb8f846de17ec9f872695857e4dba45a777a7b9804
4957,123.925,1.5489,54.974,False,12,mechanical_001,79d0085777a69b241e0aecfb8f846de17ec9f872695857e4dba45a777a7b9804
4958,123.95,1.5492,54.9655,False,12,mechanical_001,79d0085777a69b241e0aecfb8f846de17ec9f872695857e4dba45a777a7b9804
4959,123.975,1.5495,54.9655,False,12,mechanical_001,79d0085777a69b241e0aecfb8f846de17ec9f872695857e4dba45a777a7b9804
4960,124.0,1.5498,54.9662,False,12,mechanical_001,79d0085777a69b241e0aecfb8f846de17ec9f872695857e4dba45a777a7b9804
4961,124.025,1.5501,54.9659,False,12,mechanical_001,79d0085777a69b241e0aecfb8f846de17ec9f872695857e4dba45a777a7b9804
4962,124.05,1.5504,54.9737,False,12,mechanical_001,79d0085777a69b241e0aecfb8f846de17ec9f872695857e4dba45a777a7b9804
4963,124.075,1.5507,54.9916,False,12,mechanical_001,79d0085777a69b241e0aecfb8f846de17ec9f872695857e4dba45a777a7b9804
4964,124.1,1.551,55.0227,False,12,mechanical_001,79d0085777a69b241e0aecfb8f846de17ec9f872695857e4dba45a777a7b9804
4965,124.125,1.5514,55.0406,False,12,mechanical_001,79d0085777a69b241e0aecfb8f846de17ec9f872695857e4dba45a777a7b9804
4966,124.15,1.5517,55.0512,False,12,mechanical_001,79d0085777a69b241e0aecfb8f846de17ec9f872695857e4dba45a777a7b9804
4967,124.175,1.552,55.062,False,12,mechanical_001,79d0085777a69b241e0aecfb8f846de17ec9f872695857e4dba45a777a7b9804
4968,124.2,1.5523,55.0681,False,12,mechanical_001,79d0085777a69b241e0aecfb8f846de17ec9f872695857e4dba45a777a7b9804
4969,124.225,1.5526,55.064,False,12,mechanical_001,79d0085777a69b241e0aecfb8f846de17ec9f872695857e4dba45a777a7b9804
4970,124.25,1.5529,55.042,False,12,mechanical_001,79d0085777a69b241e0aecfb8f846de17ec9f872695857e4dba45a777a7b9804
4971,124.275,1.5532,55.0199,False,12,mechanical_001,79d0085777a69b241e0aecfb8f846de17ec9f872695857e4dba45a777a7b9804
4972,124.3,1.5535,55.0052,False,12,mechanical_001,79d0085777a69b241e0aecfb8f846de17ec9f872695857e4dba45a777a7b9804
4973,124.325,1.5538,55.0048,False,12,mechanical_001,79d0085777a69b241e0aecfb8f846de17ec9f872695857e4dba45a777a7b9804
4974,124.35,1.5541,55.0215,False,12,mechanical_001,79d0085777a69b241e0aecfb8f846de17ec9f872695857e4dba45a777a7b9804
4975,124.375,1.5544,55.0432,False,12,mechanical_001,79d0085777a69b241e0aecfb8f846de17ec9f872695857e4dba45a777a7b9804
4976,124.4,1.5548,55.0733,False,12,mechanical_001,79d0085777a69b241e0aecfb8f846de17ec9f872695857e4dba45a777a7b9804
4977,124.425,1.5551,55.1032,False,12,mechanical_001,79d0085777a69b241e0aecfb8f846de17ec9f872695857e4dba45a777a7b9804
4978,124.45,1.5554,55.1244,False,12,mechanical_001,79d0085777a69b241e0aecfb8f846de17ec9f872695857e4dba45a777a7b9804
4979,124.475,1.5557,55.1382,False,12,mechanical_001,79d0085777a69b241e0aecfb8f846de17ec9f872695857e4dba45a777a7b9804
4980,124.5,1.556,55.1535,False,12,mechanical_001,79d0085777a69b241e0aecfb8f846de17ec9f872695857e4dba45a777a7b9804
4981,124.525,1.5563,55.1738,False,12,mechanical_001,79d0085777a69b241e0aecfb8f846de17ec9f872695857e4dba45a777a7b9804
4982,124.55,1.5566,55.2003,False,12,mechanical_001,79d0085777a69b241e0aecfb8f846de17ec9f872695857e4dba45a777a7b9804
4983,124.575,1.5569,55.2354,False,12,mechanical_001,79d0085777a69b241e0aecfb8f846de17ec9f872695857e4dba45a777a7b9804
4984,124.6,1.5572,55.2788,False,12,mechanical_001,79d0085777a69b241e0aecfb8f846de17ec9f872695857e4dba45a777a7b9804
4985,124.625,1.5576,55.3291,False,12,mechanical_001,79d0085777a69b241e0aecfb8f846de17ec9f872695857e4dba45a777a7b9804
4986,124.65,1.5579,55.3739,False,12,mechanical_001,79d0085777a69b241e0aecfb8f846de17ec9f872695857e4dba45a777a7b9804
4987,124.675,1.5582,55.413,False,12,mechanical_001,79d0085777a69b241e0aecfb8f846de17ec9f872695857e4dba45a777a7b9804
4988,124.7,1.5585,55.4442,False,12,mechanical_001,79d0085777a69b241e0aecfb8f846de17ec9f872695857e4dba45a777a7b9804
4989,124.725,1.5588,55.4602,False,12,mechanical_001,79d0085777a69b241e0aecfb8f846de17ec9f872695857e4dba45a777a7b9804
4990,124.75,1.5591,55.4717,False,12,mechanical_001,79d0085777a69b241e0aecfb8f846de17ec9f872695857e4dba45a777a7b9804
4991,124.775,1.5594,55.4701,False,12,mechanical_001,79d0085777a69b241e0aecfb8f846de17ec9f872695857e4dba45a777a7b9804
4992,124.8,1.5597,55.4651,False,12,mechanical_001,79d0085777a69b241e0aecfb8f846de17ec9f872695857e4dba45a777a7b9804
4993,124.825,1.56,55.4705,False,12,mechanical_001,79d0085777a69b241e0aecfb8f846de17ec9f872695857e4dba45a777a7b9804
4994,124.85,1.5603,55.4639,False,12,mechanical_001,79d0085777a69b241e0aecfb8f846de17ec9f872695857e4dba45a777a7b9804
4995,124.875,1.5606,55.454,False,12,mechanical_001,79d0085777a69b241e0aecfb8f846de17ec9f872695857e4dba45a777a7b9804
4996,124.9,1.5609,55.4466,False,12,mechanical_001,79d0085777a69b241e0aecfb8f846de17ec9f872695857e4dba45a777a7b9804
4997,124.925,1.5612,55.4375,False,12,mechanical_001,79d0085777a69b241e0aecfb8f846de17ec9f872695857e4dba45a777a7b9804
4998,124.95,1.5615,55.4101,False,12,mechanical_001,79d0085777a69b241e0aecfb8f846de17ec9f872695857e4dba45a777a7b9804
4999,124.975,1.5618,55.3754,False,12,mechanical_001,79d0085777a69b241e0aecfb8f846de17ec9f872695857e4dba45a777a7b9804
5000,125.0,1.5621,55.3396,False,12,mechanical_001,79d0085777a69b241e0aecfb8f846de17ec9f872695857e4dba45a777a7b9804
5001,125.025,1.5623,55.3227,False,12,mechanical_001,79d0085777a69b241e0aecfb8f846de17ec9f872695857e4dba45a777a7b9804
5002,125.05,1.5626,55.3344,False,12,mechanical_001,79d0085777a69b241e0aecfb8f846de17ec9f872695857e4dba45a777a7b9804
5003,125.075,1.5629,55.3525,False,12,mechanical_001,79d0085777a69b241e0aecfb8f846de17ec9f872695857e4dba45a777a7b9804
5004,125.1,1.5632,55.365,False,12,mechanical_001,79d0085777a69b241e0aecfb8f846de17ec9f872695857e4dba45a777a7b9804
5005,125.125,1.5635,55.3905,False,12,mechanical_001,79d0085777a69b241e0aecfb8f846de17ec9f872695857e4dba45a777a7b9804
5006,125.15,1.5639,55.4215,False,12,mechanical_001,79d0085777a69b241e0aecfb8f846de17ec9f872695857e4dba45a777a7b9804
5007,125.175,1.5642,55.4474,False,12,mechanical_001,79d0085777a69b241e0aecfb8f846de17ec9f872695857e4dba45a777a7b9804
5008,125.2,1.5645,55.4685,False,12,mechanical_001,79d0085777a69b241e0aecfb8f846de17ec9f872695857e4dba45a777a7b9804
5009,125.225,1.5648,55.4833,False,12,mechanical_001,79d0085777a69b241e0aecfb8f846de17ec9f872695857e4dba45a777a7b9804
5010,125.25,1.5651,55.492,False,12,mechanical_001,79d0085777a69b241e0aecfb8f846de17ec9f872695857e4dba45a777a7b9804
5011,125.275,1.5654,55.509,False,12,mechanical_001,79d0085777a69b241e0aecfb8f846de17ec9f872695857e4dba45a777a7b9804
5012,125.3,1.5657,55.5415,False,12,mechanical_001,79d0085777a69b241e0aecfb8f846de17ec9f872695857e4dba45a777a7b9804
5013,125.325,1.566,55.5791,False,12,mechanical_001,79d0085777a69b241e0aecfb8f846de17ec9f872695857e4dba45a777a7b9804
5014,125.35,1.5663,55.6121,False,12,mechanical_001,79d0085777a69b241e0aecfb8f846de17ec9f872695857e4dba45a777a7b9804
5015,125.375,1.5666,55.6312,False,12,mechanical_001,79d0085777a69b241e0aecfb8f846de17ec9f872695857e4dba45a777a7b9804
5016,125.4,1.5669,55.6431,False,12,mechanical_001,79d0085777a69b241e0aecfb8f846de17ec9f872695857e4dba45a777a7b9804
5017,125.425,1.5673,55.6571,False,12,mechanical_001,79d0085777a69b241e0aecfb8f846de17ec9f872695857e4dba45a777a7b9804
5018,125.45,1.5676,55.6668,False,12,mechanical_001,79d0085777a69b241e0aecfb8f846de17ec9f872695857e4dba45a777a7b9804
5019,125.475,1.5679,55.6681,False,12,mechanical_001,79d0085777a69b241e0aecfb8f846de17ec9f872695857e4dba45a777a7b9804
5020,125.5,1.5682,55.6742,False,12,mechanical_001,79d0085777a69b241e0aecfb8f846de17ec9f872695857e4dba45a777a7b9804
5021,125.525,1.5685,55.6724,False,12,mechanical_001,79d0085777a69b241e0aecfb8f846de17ec9f872695857e4dba45a777a7b9804
5022,125.55,1.5688,55.6778,False,12,mechanical_001,79d0085777a69b241e0aecfb8f846de17ec9f872695857e4dba45a777a7b9804
5023,125.575,1.5691,55.6967,False,12,mechanical_001,79d0085777a69b241e0aecfb8f846de17ec9f872695857e4dba45a777a7b9804
5024,125.6,1.5694,55.7314,False,12,mechanical_001,79d0085777a69b241e0aecfb8f846de17ec9f872695857e4dba45a777a7b9804
5025,125.625,1.5697,55.7832,False,12,mechanical_001,79d0085777a69b241e0aecfb8f846de17ec9f872695857e4dba45a777a7b9804
5026,125.65,1.5701,55.8439,False,12,mechanical_001,79d0085777a69b241e0aecfb8f846de17ec9f872695857e4dba45a777a7b9804
5027,125.675,1.5704,55.9149,False,12,mechanical_001,79d0085777a69b241e0aecfb8f846de17ec9f872695857e4dba45a777a7b9804
5028,125.7,1.5707,55.9932,False,12,mechanical_001,79d0085777a69b241e0aecfb8f846de17ec9f872695857e4dba45a777a7b9804
5029,125.725,1.5711,56.0621,False,12,mechanical_001,79d0085777a69b241e0aecfb8f846de17ec9f872695857e4dba45a777a7b9804
5030,125.75,1.5714,56.1231,False,12,mechanical_001,79d0085777a69b241e0aecfb8f846de17ec9f872695857e4dba45a777a7b9804
5031,125.775,1.5717,56.1714,False,12,mechanical_001,79d0085777a69b241e0aecfb8f846de17ec9f872695857e4dba45a777a7b9804
5032,125.8,1.572,56.2005,False,12,mechanical_001,79d0085777a69b241e0aecfb8f846de17ec9f872695857e4dba45a777a7b9804
5033,125.825,1.5724,56.2099,False,12,mechanical_001,79d0085777a69b241e0aecfb8f846de17ec9f872695857e4dba45a777a7b9804
5034,125.85,1.5727,56.2033,False,12,mechanical_001,79d0085777a69b241e0aecfb8f846de17ec9f872695857e4dba45a777a7b9804
5035,125.875,1.573,56.1782,False,12,mechanical_001,79d0085777a69b241e0aecfb8f846de17ec9f872695857e4dba45a777a7b9804
5036,125.9,1.5733,56.1449,False,12,mechanical_001,79d0085777a69b241e0aecfb8f846de17ec9f872695857e4dba45a777a7b9804
5037,125.925,1.5736,56.1099,False,12,mechanical_001,79d0085777a69b241e0aecfb8f846de17ec9f872695857e4dba45a777a7b9804
5038,125.95,1.5739,56.0934,False,12,mechanical_001,79d0085777a69b241e0aecfb8f846de17ec9f872695857e4dba45a777a7b9804
5039,125.975,1.5742,56.1195,False,12,mechanical_001,79d0085777a69b241e0aecfb8f846de17ec9f872695857e4dba45a777a7b9804
5040,126.0,1.5745,56.1597,False,12,mechanical_001,79d0085777a69b241e0aecfb8f846de17ec9f872695857e4dba45a777a7b9804
5041,126.025,1.5748,56.1946,False,12,mechanical_001,79d0085777a69b241e0aecfb8f846de17ec9f872695857e4dba45a777a7b9804
5042,126.05,1.5751,56.2029,False,12,mechanical_001,79d0085777a69b241e0aecfb8f846de17ec9f872695857e4dba45a777a7b9804
5043,126.075,1.5754,56.2142,False,12,mechanical_001,79d0085777a69b241e0aecfb8f846de17ec9f872695857e4dba45a777a7b9804
5044,126.1,1.5758,56.288,False,12,mechanical_001,79d0085777a69b241e0aecfb8f846de17ec9f872695857e4dba45a777a7b9804
5045,126.125,1.5761,56.3622,False,12,mechanical_001,79d0085777a69b241e0aecfb8f846de17ec9f872695857e4dba45a777a7b9804
5046,126.15,1.5764,56.4188,False,12,mechanical_001,79d0085777a69b241e0aecfb8f846de17ec9f872695857e4dba45a777a7b9804
5047,126.175,1.5768,56.4587,False,12,mechanical_001,79d0085777a69b241e0aecfb8f846de17ec9f872695857e4dba45a777a7b9804
5048,126.2,1.5771,56.4889,False,12,mechanical_001,79d0085777a69b241e0aecfb8f846de17ec9f872695857e4dba45a777a7b9804
5049,126.225,1.5774,56.5047,False,12,mechanical_001,79d0085777a69b241e0aecfb8f846de17ec9f872695857e4dba45a777a7b9804
5050,126.25,1.5777,56.5163,False,12,mechanical_001,79d0085777a69b241e0aecfb8f846de17ec9f872695857e4dba45a777a7b9804
5051,126.275,1.578,56.5255,False,12,mechanical_001,79d0085777a69b241e0aecfb8f846de17ec9f872695857e4dba45a777a7b9804
5052,126.3,1.5784,56.544,False,12,mechanical_001,79d0085777a69b241e0aecfb8f846de17ec9f872695857e4dba45a777a7b9804
5053,126.325,1.5787,56.5736,False,12,mechanical_001,79d0085777a69b241e0aecfb8f846de17ec9f872695857e4dba45a777a7b9804
5054,126.35,1.579,56.6078,False,12,mechanical_001,79d0085777a69b241e0aecfb8f846de17ec9f872695857e4dba45a777a7b9804
5055,126.375,1.5793,56.6377,False,12,mechanical_001,79d0085777a69b241e0aecfb8f846de17ec9f872695857e4dba45a777a7b9804
5056,126.4,1.5796,56.6701,False,12,mechanical_001,79d0085777a69b241e0aecfb8f846de17ec9f872695857e4dba45a777a7b9804
5057,126.425,1.58,56.705,False,12,mechanical_001,79d0085777a69b241e0aecfb8f846de17ec9f872695857e4dba45a777a7b9804
5058,126.45,1.5803,56.7424,False,12,mechanical_001,79d0085777a69b241e0aecfb8f846de17ec9f872695857e4dba45a777a7b9804
5059,126.475,1.5806,56.7945,False,12,mechanical_001,79d0085777a69b241e0aecfb8f846de17ec9f872695857e4dba45a777a7b9804
5060,126.5,1.581,56.8463,False,12,mechanical_001,79d0085777a69b241e0aecfb8f846de17ec9f872695857e4dba45a777a7b9804
5061,126.525,1.5813,56.911,False,12,mechanical_001,79d0085777a69b241e0aecfb8f846de17ec9f872695857e4dba45a777a7b9804
5062,126.55,1.5816,56.9777,False,12,mechanical_001,79d0085777a69b241e0aecfb8f846de17ec9f872695857e4dba45a777a7b9804
5063,126.575,1.582,57.0162,False,12,mechanical_001,79d0085777a69b241e0aecfb8f846de17ec9f872695857e4dba45a777a7b9804
5064,126.6,1.5823,57.0284,False,12,mechanical_001,79d0085777a69b241e0aecfb8f846de17ec9f872695857e4dba45a777a7b9804
5065,126.625,1.5826,57.0152,False,12,mechanical_001,79d0085777a69b241e0aecfb8f846de17ec9f872695857e4dba45a777a7b9804
5066,126.65,1.5829,56.9825,False,12,mechanical_001,79d0085777a69b241e0aecfb8f846de17ec9f872695857e4dba45a777a7b9804
5067,126.675,1.5832,56.9262,False,12,mechanical_001,79d0085777a69b241e0aecfb8f846de17ec9f872695857e4dba45a777a7b9804
5068,126.7,1.5835,56.8676,False,12,mechanical_001,79d0085777a69b241e0aecfb8f846de17ec9f872695857e4dba45a777a7b9804
5069,126.725,1.5838,56.8259,False,12,mechanical_001,79d0085777a69b241e0aecfb8f846de17ec9f872695857e4dba45a777a7b9804
5070,126.75,1.5841,56.7897,False,12,mechanical_001,79d0085777a69b241e0aecfb8f846de17ec9f872695857e4dba45a777a7b9804
5071,126.775,1.5844,56.7664,False,12,mechanical_001,79d0085777a69b241e0aecfb8f846de17ec9f872695857e4dba45a777a7b9804
5072,126.8,1.5847,56.7498,False,12,mechanical_001,79d0085777a69b241e0aecfb8f846de17ec9f872695857e4dba45a777a7b9804
5073,126.825,1.585,56.7239,False,12,mechanical_001,79d0085777a69b241e0aecfb8f846de17ec9f872695857e4dba45a777a7b9804
5074,126.85,1.5853,56.695,False,12,mechanical_001,79d0085777a69b241e0aecfb8f846de17ec9f872695857e4dba45a777a7b9804
5075,126.875,1.5856,56.6675,False,12,mechanical_001,79d0085777a69b241e0aecfb8f846de17ec9f872695857e4dba45a777a7b9804
5076,126.9,1.5859,56.641,False,12,mechanical_001,79d0085777a69b241e0aecfb8f846de17ec9f872695857e4dba45a777a7b9804
5077,126.925,1.5862,56.6035,False,12,mechanical_001,79d0085777a69b241e0aecfb8f846de17ec9f872695857e4dba45a777a7b9804
5078,126.95,1.5865,56.5631,False,12,mechanical_001,79d0085777a69b241e0aecfb8f846de17ec9f872695857e4dba45a777a7b9804
5079,126.975,1.5868,56.52,False,12,mechanical_001,79d0085777a69b241e0aecfb8f846de17ec9f872695857e4dba45a777a7b9804
5080,127.0,1.587,56.4835,False,12,mechanical_001,79d0085777a69b241e0aecfb8f846de17ec9f872695857e4dba45a777a7b9804
5081,127.025,1.5873,56.4679,False,12,mechanical_001,79d0085777a69b241e0aecfb8f846de17ec9f872695857e4dba45a777a7b9804
5082,127.05,1.5876,56.4793,False,12,mechanical_001,79d0085777a69b241e0aecfb8f846de17ec9f872695857e4dba45a777a7b9804
5083,127.075,1.588,56.5058,False,12,mechanical_001,79d0085777a69b241e0aecfb8f846de17ec9f872695857e4dba45a777a7b9804
5084,127.1,1.5883,56.5401,False,12,mechanical_001,79d0085777a69b241e0aecfb8f846de17ec9f872695857e4dba45a777a7b9804
5085,127.125,1.5886,56.5821,False,12,mechanical_001,79d0085777a69b241e0aecfb8f846de17ec9f872695857e4dba45a777a7b9804
5086,127.15,1.5889,56.6349,False,12,mechanical_001,79d0085777a69b241e0aecfb8f846de17ec9f872695857e4dba45a777a7b9804
5087,127.175,1.5892,56.6794,False,12,mechanical_001,79d0085777a69b241e0aecfb8f846de17ec9f872695857e4dba45a777a7b9804
5088,127.2,1.5896,56.7028,False,12,mechanical_001,79d0085777a69b241e0aecfb8f846de17ec9f872695857e4dba45a777a7b9804
5089,127.225,1.5899,56.7161,False,12,mechanical_001,79d0085777a69b241e0aecfb8f846de17ec9f872695857e4dba45a777a7b9804
5090,127.25,1.5902,56.7272,False,12,mechanical_001,79d0085777a69b241e0aecfb8f846de17ec9f872695857e4dba45a777a7b9804
5091,127.275,1.5905,56.734,False,12,mechanical_001,79d0085777a69b241e0aecfb8f846de17ec9f872695857e4dba45a777a7b9804
5092,127.3,1.5908,56.7318,False,12,mechanical_001,79d0085777a69b241e0aecfb8f846de17ec9f872695857e4dba45a777a7b9804
5093,127.325,1.5911,56.7083,False,12,mechanical_001,79d0085777a69b241e0aecfb8f846de17ec9f872695857e4dba45a777a7b9804
5094,127.35,1.5914,56.6831,False,12,mechanical_001,79d0085777a69b241e0aecfb8f846de17ec9f872695857e4dba45a777a7b9804
5095,127.375,1.5917,56.665,False,12,mechanical_001,79d0085777a69b241e0aecfb8f846de17ec9f872695857e4dba45a777a7b9804
5096,127.4,1.592,56.6448,False,12,mechanical_001,79d0085777a69b241e0aecfb8f846de17ec9f872695857e4dba45a777a7b9804
5097,127.425,1.5923,56.6311,False,12,mechanical_001,79d0085777a69b241e0aecfb8f846de17ec9f872695857e4dba45a777a7b9804
5098,127.45,1.5926,56.6222,False,12,mechanical_001,79d0085777a69b241e0aecfb8f846de17ec9f872695857e4dba45a777a7b9804
5099,127.475,1.5929,56.6173,False,12,mechanical_001,79d0085777a69b241e0aecfb8f846de17ec9f872695857e4dba45a777a7b9804
5100,127.5,1.5932,56.5999,False,12,mechanical_001,79d0085777a69b241e0aecfb8f846de17ec9f872695857e4dba45a777a7b9804
5101,127.525,1.5935,56.5762,False,12,mechanical_001,79d0085777a69b241e0aecfb8f846de17ec9f872695857e4dba45a777a7b9804
5102,127.55,1.5938,56.5588,False,12,mechanical_001,79d0085777a69b241e0aecfb8f846de17ec9f872695857e4dba45a777a7b9804
5103,127.575,1.5941,56.5504,False,12,mechanical_001,79d0085777a69b241e0aecfb8f846de17ec9f872695857e4dba45a777a7b9804
5104,127.6,1.5944,56.5546,False,12,mechanical_001,79d0085777a69b241e0aecfb8f846de17ec9f872695857e4dba45a777a7b9804
5105,127.625,1.5947,56.5644,False,12,mechanical_001,79d0085777a69b241e0aecfb8f846de17ec9f872695857e4dba45a777a7b9804
5106,127.65,1.595,56.5778,False,12,mechanical_001,79d0085777a69b241e0aecfb8f846de17ec9f872695857e4dba45a777a7b9804
5107,127.675,1.5953,56.5975,False,12,mechanical_001,79d0085777a69b241e0aecfb8f846de17ec9f872695857e4dba45a777a7b9804
5108,127.7,1.5956,56.6232,False,12,mechanical_001,79d0085777a69b241e0aecfb8f846de17ec9f872695857e4dba45a777a7b9804
5109,127.725,1.5959,56.6515,False,12,mechanical_001,79d0085777a69b241e0aecfb8f846de17ec9f872695857e4dba45a777a7b9804
5110,127.75,1.5962,56.6761,False,12,mechanical_001,79d0085777a69b241e0aecfb8f846de17ec9f872695857e4dba45a777a7b9804
5111,127.775,1.5965,56.7053,False,12,mechanical_001,79d0085777a69b241e0aecfb8f846de17ec9f872695857e4dba45a777a7b9804
5112,127.8,1.5968,56.7392,False,12,mechanical_001,79d0085777a69b241e0aecfb8f846de17ec9f872695857e4dba45a777a7b9804
5113,127.825,1.5971,56.7759,False,12,mechanical_001,79d0085777a69b241e0aecfb8f846de17ec9f872695857e4dba45a777a7b9804
5114,127.85,1.5974,56.8273,False,12,mechanical_001,79d0085777a69b241e0aecfb8f846de17ec9f872695857e4dba45a777a7b9804
5115,127.875,1.5978,56.8898,False,12,mechanical_001,79d0085777a69b241e0aecfb8f846de17ec9f872695857e4dba45a777a7b9804
5116,127.9,1.5981,56.9568,False,12,mechanical_001,79d0085777a69b241e0aecfb8f846de17ec9f872695857e4dba45a777a7b9804
5117,127.925,1.5984,57.0331,False,12,mechanical_001,79d0085777a69b241e0aecfb8f846de17ec9f872695857e4dba45a777a7b9804
5118,127.95,1.5987,57.102,False,12,mechanical_001,79d0085777a69b241e0aecfb8f846de17ec9f872695857e4dba45a777a7b9804
5119,127.975,1.599,57.1715,False,12,mechanical_001,79d0085777a69b241e0aecfb8f846de17ec9f872695857e4dba45a777a7b9804
5120,128.0,1.5994,57.2375,False,12,mechanical_001,79d0085777a69b241e0aecfb8f846de17ec9f872695857e4dba45a777a7b9804
5121,128.025,1.5997,57.3185,False,12,mechanical_001,79d0085777a69b241e0aecfb8f846de17ec9f872695857e4dba45a777a7b9804
5122,128.05,1.6,57.3956,False,12,mechanical_001,79d0085777a69b241e0aecfb8f846de17ec9f872695857e4dba45a777a7b9804
5123,128.075,1.6003,57.4612,False,12,mechanical_001,79d0085777a69b241e0aecfb8f846de17ec9f872695857e4dba45a777a7b9804
5124,128.1,1.6007,57.5281,False,12,mechanical_001,79d0085777a69b241e0aecfb8f846de17ec9f872695857e4dba45a777a7b9804
5125,128.125,1.601,57.5963,False,12,mechanical_001,79d0085777a69b241e0aecfb8f846de17ec9f872695857e4dba45a777a7b9804
5126,128.15,1.6013,57.6604,False,12,mechanical_001,79d0085777a69b241e0aecfb8f846de17ec9f872695857e4dba45a777a7b9804
5127,128.175,1.6016,57.7254,False,12,mechanical_001,79d0085777a69b241e0aecfb8f846de17ec9f872695857e4dba45a777a7b9804
5128,128.2,1.602,57.7869,False,12,mechanical_001,79d0085777a69b241e0aecfb8f846de17ec9f872695857e4dba45a777a7b9804
5129,128.225,1.6023,57.8434,False,12,mechanical_001,79d0085777a69b241e0aecfb8f846de17ec9f872695857e4dba45a777a7b9804
5130,128.25,1.6026,57.9011,False,12,mechanical_001,79d0085777a69b241e0aecfb8f846de17ec9f872695857e4dba45a777a7b9804
5131,128.275,1.6029,57.9567,False,12,mechanical_001,79d0085777a69b241e0aecfb8f846de17ec9f872695857e4dba45a777a7b9804
5132,128.3,1.6032,58.0108,False,12,mechanical_001,79d0085777a69b241e0aecfb8f846de17ec9f872695857e4dba45a777a7b9804
5133,128.325,1.6036,58.0628,False,12,mechanical_001,79d0085777a69b241e0aecfb8f846de17ec9f872695857e4dba45a777a7b9804
5134,128.35,1.6039,58.1082,False,12,mechanical_001,79d0085777a69b241e0aecfb8f846de17ec9f872695857e4dba45a777a7b9804
5135,128.375,1.6042,58.1505,False,12,mechanical_001,79d0085777a69b241e0aecfb8f846de17ec9f872695857e4dba45a777a7b9804
5136,128.4,1.6045,58.2041,False,12,mechanical_001,79d0085777a69b241e0aecfb8f846de17ec9f872695857e4dba45a777a7b9804
5137,128.425,1.6048,58.2761,False,12,mechanical_001,79d0085777a69b241e0aecfb8f846de17ec9f872695857e4dba45a777a7b9804
5138,128.45,1.6052,58.354,False,12,mechanical_001,79d0085777a69b241e0aecfb8f846de17ec9f872695857e4dba45a777a7b9804
5139,128.475,1.6055,58.4215,False,12,mechanical_001,79d0085777a69b241e0aecfb8f846de17ec9f872695857e4dba45a777a7b9804
5140,128.5,1.6058,58.4798,False,12,mechanical_001,79d0085777a69b241e0aecfb8f846de17ec9f872695857e4dba45a777a7b9804
5141,128.525,1.6061,58.5219,False,12,mechanical_001,79d0085777a69b241e0aecfb8f846de17ec9f872695857e4dba45a777a7b9804
5142,128.55,1.6064,58.5616,False,12,mechanical_001,79d0085777a69b241e0aecfb8f846de17ec9f872695857e4dba45a777a7b9804
5143,128.575,1.6068,58.6048,False,12,mechanical_001,79d0085777a69b241e0aecfb8f846de17ec9f872695857e4dba45a777a7b9804
5144,128.6,1.6071,58.6386,False,12,mechanical_001,79d0085777a69b241e0aecfb8f846de17ec9f872695857e4dba45a777a7b9804
5145,128.625,1.6074,58.668,False,12,mechanical_001,79d0085777a69b241e0aecfb8f846de17ec9f872695857e4dba45a777a7b9804
5146,128.65,1.6077,58.6946,False,12,mechanical_001,79d0085777a69b241e0aecfb8f846de17ec9f872695857e4dba45a777a7b9804
5147,128.675,1.608,58.733,False,12,mechanical_001,79d0085777a69b241e0aecfb8f846de17ec9f872695857e4dba45a777a7b9804
5148,128.7,1.6083,58.7809,False,12,mechanical_001,79d0085777a69b241e0aecfb8f846de17ec9f872695857e4dba45a777a7b9804
5149,128.725,1.6086,58.8378,False,12,mechanical_001,79d0085777a69b241e0aecfb8f846de17ec9f872695857e4dba45a777a7b9804
5150,128.75,1.609,58.9045,False,12,mechanical_001,79d0085777a69b241e0aecfb8f846de17ec9f872695857e4dba45a777a7b9804
5151,128.775,1.6093,58.9804,False,12,mechanical_001,79d0085777a69b241e0aecfb8f846de17ec9f872695857e4dba45a777a7b9804
5152,128.8,1.6096,59.0569,False,12,mechanical_001,79d0085777a69b241e0aecfb8f846de17ec9f872695857e4dba45a777a7b9804
5153,128.825,1.61,59.1439,False,12,mechanical_001,79d0085777a69b241e0aecfb8f846de17ec9f872695857e4dba45a777a7b9804
5154,128.85,1.6103,59.2436,False,12,mechanical_001,79d0085777a69b241e0aecfb8f846de17ec9f872695857e4dba45a777a7b9804
5155,128.875,1.6106,59.3568,False,12,mechanical_001,79d0085777a69b241e0aecfb8f846de17ec9f872695857e4dba45a777a7b9804
5156,128.9,1.611,59.4813,False,12,mechanical_001,79d0085777a69b241e0aecfb8f846de17ec9f872695857e4dba45a777a7b9804
5157,128.925,1.6113,59.6047,False,12,mechanical_001,79d0085777a69b241e0aecfb8f846de17ec9f872695857e4dba45a777a7b9804
5158,128.95,1.6117,59.7158,False,12,mechanical_001,79d0085777a69b241e0aecfb8f846de17ec9f872695857e4dba45a777a7b9804
5159,128.975,1.612,59.7936,False,12,mechanical_001,79d0085777a69b241e0aecfb8f846de17ec9f872695857e4dba45a777a7b9804
5160,129.0,1.6123,59.8358,False,12,mechanical_001,79d0085777a69b241e0aecfb8f846de17ec9f872695857e4dba45a777a7b9804
5161,129.025,1.6127,59.8615,False,12,mechanical_001,79d0085777a69b241e0aecfb8f846de17ec9f872695857e4dba45a777a7b9804
5162,129.05,1.613,59.8657,False,12,mechanical_001,79d0085777a69b241e0aecfb8f846de17ec9f872695857e4dba45a777a7b9804
5163,129.075,1.6133,59.8636,False,12,mechanical_001,79d0085777a69b241e0aecfb8f846de17ec9f872695857e4dba45a777a7b9804
5164,129.1,1.6136,59.8524,False,12,mechanical_001,79d0085777a69b241e0aecfb8f846de17ec9f872695857e4dba45a777a7b9804
5165,129.125,1.6139,59.8304,False,12,mechanical_001,79d0085777a69b241e0aecfb8f846de17ec9f872695857e4dba45a777a7b9804
5166,129.15,1.6142,59.795,False,12,mechanical_001,79d0085777a69b241e0aecfb8f846de17ec9f872695857e4dba45a777a7b9804
5167,129.175,1.6145,59.7685,False,12,mechanical_001,79d0085777a69b241e0aecfb8f846de17ec9f872695857e4dba45a777a7b9804
5168,129.2,1.6147,59.7525,False,12,mechanical_001,79d0085777a69b241e0aecfb8f846de17ec9f872695857e4dba45a777a7b9804
5169,129.225,1.615,59.7485,False,12,mechanical_001,79d0085777a69b241e0aecfb8f846de17ec9f872695857e4dba45a777a7b9804
5170,129.25,1.6154,59.7679,False,12,mechanical_001,79d0085777a69b241e0aecfb8f846de17ec9f872695857e4dba45a777a7b9804
5171,129.275,1.6157,59.8012,False,12,mechanical_001,79d0085777a69b241e0aecfb8f846de17ec9f872695857e4dba45a777a7b9804
5172,129.3,1.616,59.8368,False,12,mechanical_001,79d0085777a69b241e0aecfb8f846de17ec9f872695857e4dba45a777a7b9804
5173,129.325,1.6163,59.8703,False,12,mechanical_001,79d0085777a69b241e0aecfb8f846de17ec9f872695857e4dba45a777a7b9804
5174,129.35,1.6166,59.8982,False,12,mechanical_001,79d0085777a69b241e0aecfb8f846de17ec9f872695857e4dba45a777a7b9804
5175,129.375,1.6169,59.9224,False,12,mechanical_001,79d0085777a69b241e0aecfb8f846de17ec9f872695857e4dba45a777a7b9804
5176,129.4,1.6172,59.9452,False,12,mechanical_001,79d0085777a69b241e0aecfb8f846de17ec9f872695857e4dba45a777a7b9804
5177,129.425,1.6175,59.963,False,12,mechanical_001,79d0085777a69b241e0aecfb8f846de17ec9f872695857e4dba45a777a7b9804
5178,129.45,1.6178,59.9847,False,12,mechanical_001,79d0085777a69b241e0aecfb8f846de17ec9f872695857e4dba45a777a7b9804
5179,129.475,1.6182,59.9938,False,12,mechanical_001,79d0085777a69b241e0aecfb8f846de17ec9f872695857e4dba45a777a7b9804
5180,129.5,1.6185,59.9914,False,12,mechanical_001,79d0085777a69b241e0aecfb8f846de17ec9f872695857e4dba45a777a7b9804
5181,129.525,1.6188,59.9916,False,12,mechanical_001,79d0085777a69b241e0aecfb8f846de17ec9f872695857e4dba45a777a7b9804
5182,129.55,1.6191,59.9953,False,12,mechanical_001,79d0085777a69b241e0aecfb8f846de17ec9f872695857e4dba45a777a7b9804
5183,129.575,1.6194,59.9973,False,12,mechanical_001,79d0085777a69b241e0aecfb8f846de17ec9f872695857e4dba45a777a7b9804
5184,129.6,1.6197,59.996,False,12,mechanical_001,79d0085777a69b241e0aecfb8f846de17ec9f872695857e4dba45a777a7b9804
5185,129.625,1.62,59.9999,False,12,mechanical_001,79d0085777a69b241e0aecfb8f846de17ec9f872695857e4dba45a777a7b9804
5186,129.65,1.6203,60.0033,False,12,mechanical_001,79d0085777a69b241e0aecfb8f846de17ec9f872695857e4dba45a777a7b9804
5187,129.675,1.6206,60.0004,False,12,mechanical_001,79d0085777a69b241e0aecfb8f846de17ec9f872695857e4dba45a777a7b9804
5188,129.7,1.6209,60.0006,False,12,mechanical_001,79d0085777a69b241e0aecfb8f846de17ec9f872695857e4dba45a777a7b9804
5189,129.725,1.6212,59.9983,False,12,mechanical_001,79d0085777a69b241e0aecfb8f846de17ec9f872695857e4dba45a777a7b9804
5190,129.75,1.6215,59.9954,False,12,mechanical_001,79d0085777a69b241e0aecfb8f846de17ec9f872695857e4dba45a777a7b9804
5191,129.775,1.6218,59.9921,False,12,mechanical_001,79d0085777a69b241e0aecfb8f846de17ec9f872695857e4dba45a777a7b9804
5192,129.8,1.6221,59.9902,False,12,mechanical_001,79d0085777a69b241e0aecfb8f846de17ec9f872695857e4dba45a777a7b9804
5193,129.825,1.6224,59.9963,False,12,mechanical_001,79d0085777a69b241e0aecfb8f846de17ec9f872695857e4dba45a777a7b9804
5194,129.85,1.6227,60.0146,False,12,mechanical_001,79d0085777a69b241e0aecfb8f846de17ec9f872695857e4dba45a777a7b9804
5195,129.875,1.623,60.0414,False,12,mechanical_001,79d0085777a69b241e0aecfb8f846de17ec9f872695857e4dba45a777a7b9804
5196,129.9,1.6233,60.074,False,12,mechanical_001,79d0085777a69b241e0aecfb8f846de17ec9f872695857e4dba45a777a7b9804
5197,129.925,1.6236,60.1148,False,12,mechanical_001,79d0085777a69b241e0aecfb8f846de17ec9f872695857e4dba45a777a7b9804
5198,129.95,1.6239,60.1477,False,12,mechanical_001,79d0085777a69b241e0aecfb8f846de17ec9f872695857e4dba45a777a7b9804
5199,129.975,1.6242,60.1798,False,12,mechanical_001,79d0085777a69b241e0aecfb8f846de17ec9f872695857e4dba45a777a7b9804
5200,130.0,1.6246,60.2032,False,12,mechanical_001,79d0085777a69b241e0aecfb8f846de17ec9f872695857e4dba45a777a7b9804
5201,130.025,1.6249,60.2197,False,12,mechanical_001,79d0085777a69b241e0aecfb8f846de17ec9f872695857e4dba45a777a7b9804
5202,130.05,1.6252,60.2385,False,12,mechanical_001,79d0085777a69b241e0aecfb8f846de17ec9f872695857e4dba45a777a7b9804
5203,130.075,1.6255,60.2467,False,12,mechanical_001,79d0085777a69b241e0aecfb8f846de17ec9f872695857e4dba45a777a7b9804
5204,130.1,1.6258,60.257,False,12,mechanical_001,79d0085777a69b241e0aecfb8f846de17ec9f872695857e4dba45a777a7b9804
5205,130.125,1.6261,60.2805,False,12,mechanical_001,79d0085777a69b241e0aecfb8f846de17ec9f872695857e4dba45a777a7b9804
5206,130.15,1.6264,60.3099,False,12,mechanical_001,79d0085777a69b241e0aecfb8f846de17ec9f872695857e4dba45a777a7b9804
5207,130.175,1.6267,60.3398,False,12,mechanical_001,79d0085777a69b241e0aecfb8f846de17ec9f872695857e4dba45a777a7b9804
5208,130.2,1.627,60.3658,False,12,mechanical_001,79d0085777a69b241e0aecfb8f846de17ec9f872695857e4dba45a777a7b9804
5209,130.225,1.6274,60.393,False,12,mechanical_001,79d0085777a69b241e0aecfb8f846de17ec9f872695857e4dba45a777a7b9804
5210,130.25,1.6277,60.4194,False,12,mechanical_001,79d0085777a69b241e0aecfb8f846de17ec9f872695857e4dba45a777a7b9804
5211,130.275,1.628,60.4422,False,12,mechanical_001,79d0085777a69b241e0aecfb8f846de17ec9f872695857e4dba45a777a7b9804
5212,130.3,1.6283,60.463,False,12,mechanical_001,79d0085777a69b241e0aecfb8f846de17ec9f872695857e4dba45a777a7b9804
5213,130.325,1.6286,60.4784,False,12,mechanical_001,79d0085777a69b241e0aecfb8f846de17ec9f872695857e4dba45a777a7b9804
5214,130.35,1.6289,60.504,False,12,mechanical_001,79d0085777a69b241e0aecfb8f846de17ec9f872695857e4dba45a777a7b9804
5215,130.375,1.6292,60.5464,False,12,mechanical_001,79d0085777a69b241e0aecfb8f846de17ec9f872695857e4dba45a777a7b9804
5216,130.4,1.6295,60.6026,False,12,mechanical_001,79d0085777a69b241e0aecfb8f846de17ec9f872695857e4dba45a777a7b9804
5217,130.425,1.6299,60.6484,False,12,mechanical_001,79d0085777a69b241e0aecfb8f846de17ec9f872695857e4dba45a777a7b9804
5218,130.45,1.6302,60.6862,False,12,mechanical_001,79d0085777a69b241e0aecfb8f846de17ec9f872695857e4dba45a777a7b9804
5219,130.475,1.6305,60.7079,False,12,mechanical_001,79d0085777a69b241e0aecfb8f846de17ec9f872695857e4dba45a777a7b9804
5220,130.5,1.6308,60.7174,False,12,mechanical_001,79d0085777a69b241e0aecfb8f846de17ec9f872695857e4dba45a777a7b9804
5221,130.525,1.6311,60.7307,False,12,mechanical_001,79d0085777a69b241e0aecfb8f846de17ec9f872695857e4dba45a777a7b9804
5222,130.55,1.6314,60.7423,False,12,mechanical_001,79d0085777a69b241e0aecfb8f846de17ec9f872695857e4dba45a777a7b9804
5223,130.575,1.6317,60.7467,False,12,mechanical_001,79d0085777a69b241e0aecfb8f846de17ec9f872695857e4dba45a777a7b9804
5224,130.6,1.632,60.759,False,12,mechanical_001,79d0085777a69b241e0aecfb8f846de17ec9f872695857e4dba45a777a7b9804
5225,130.625,1.6323,60.7924,False,12,mechanical_001,79d0085777a69b241e0aecfb8f846de17ec9f872695857e4dba45a777a7b9804
5226,130.65,1.6326,60.8304,False,12,mechanical_001,79d0085777a69b241e0aecfb8f846de17ec9f872695857e4dba45a777a7b9804
5227,130.675,1.6329,60.8785,False,12,mechanical_001,79d0085777a69b241e0aecfb8f846de17ec9f872695857e4dba45a777a7b9804
5228,130.7,1.6333,60.9297,False,12,mechanical_001,79d0085777a69b241e0aecfb8f846de17ec9f872695857e4dba45a777a7b9804
5229,130.725,1.6336,60.9896,False,12,mechanical_001,79d0085777a69b241e0aecfb8f846de17ec9f872695857e4dba45a777a7b9804
5230,130.75,1.6339,61.0506,False,12,mechanical_001,79d0085777a69b241e0aecfb8f846de17ec9f872695857e4dba45a777a7b9804
5231,130.775,1.6342,61.106,False,12,mechanical_001,79d0085777a69b241e0aecfb8f846de17ec9f872695857e4dba45a777a7b9804
5232,130.8,1.6345,61.1562,False,12,mechanical_001,79d0085777a69b241e0aecfb8f846de17ec9f872695857e4dba45a777a7b9804
5233,130.825,1.6349,61.1967,False,12,mechanical_001,79d0085777a69b241e0aecfb8f846de17ec9f872695857e4dba45a777a7b9804
5234,130.85,1.6352,61.2377,False,12,mechanical_001,79d0085777a69b241e0aecfb8f846de17ec9f872695857e4dba45a777a7b9804
5235,130.875,1.6355,61.2788,False,12,mechanical_001,79d0085777a69b241e0aecfb8f846de17ec9f872695857e4dba45a777a7b9804
5236,130.9,1.6358,61.3202,False,12,mechanical_001,79d0085777a69b241e0aecfb8f846de17ec9f872695857e4dba45a777a7b9804
5237,130.925,1.6361,61.3615,False,12,mechanical_001,79d0085777a69b241e0aecfb8f846de17ec9f872695857e4dba45a777a7b9804
5238,130.95,1.6364,61.4008,False,12,mechanical_001,79d0085777a69b241e0aecfb8f846de17ec9f872695857e4dba45a777a7b9804
5239,130.975,1.6367,61.4392,False,12,mechanical_001,79d0085777a69b241e0aecfb8f846de17ec9f872695857e4dba45a777a7b9804
5240,131.0,1.637,61.4733,False,12,mechanical_001,79d0085777a69b241e0aecfb8f846de17ec9f872695857e4dba45a777a7b9804
5241,131.025,1.6373,61.5101,False,12,mechanical_001,79d0085777a69b241e0aecfb8f846de17ec9f872695857e4dba45a777a7b9804
5242,131.05,1.6377,61.5473,False,12,mechanical_001,79d0085777a69b241e0aecfb8f846de17ec9f872695857e4dba45a777a7b9804
5243,131.075,1.638,61.5959,False,12,mechanical_001,79d0085777a69b241e0aecfb8f846de17ec9f872695857e4dba45a777a7b9804
5244,131.1,1.6383,61.646,False,12,mechanical_001,79d0085777a69b241e0aecfb8f846de17ec9f872695857e4dba45a777a7b9804
5245,131.125,1.6386,61.7039,False,12,mechanical_001,79d0085777a69b241e0aecfb8f846de17ec9f872695857e4dba45a777a7b9804
5246,131.15,1.6389,61.7642,False,12,mechanical_001,79d0085777a69b241e0aecfb8f846de17ec9f872695857e4dba45a777a7b9804
5247,131.175,1.6392,61.8126,False,12,mechanical_001,79d0085777a69b241e0aecfb8f846de17ec9f872695857e4dba45a777a7b9804
5248,131.2,1.6395,61.8608,False,12,mechanical_001,79d0085777a69b241e0aecfb8f846de17ec9f872695857e4dba45a777a7b9804
5249,131.225,1.6399,61.918,False,12,mechanical_001,79d0085777a69b241e0aecfb8f846de17ec9f872695857e4dba45a777a7b9804
5250,131.25,1.6402,61.9858,False,12,mechanical_001,79d0085777a69b241e0aecfb8f846de17ec9f872695857e4dba45a777a7b9804
5251,131.275,1.6405,62.0471,False,12,mechanical_001,79d0085777a69b241e0aecfb8f846de17ec9f872695857e4dba45a777a7b9804
5252,131.3,1.6408,62.1072,False,12,mechanical_001,79d0085777a69b241e0aecfb8f846de17ec9f872695857e4dba45a777a7b9804
5253,131.325,1.6411,62.1735,False,12,mechanical_001,79d0085777a69b241e0aecfb8f846de17ec9f872695857e4dba45a777a7b9804
5254,131.35,1.6415,62.2523,False,12,mechanical_001,79d0085777a69b241e0aecfb8f846de17ec9f872695857e4dba45a777a7b9804
5255,131.375,1.6418,62.3317,False,12,mechanical_001,79d0085777a69b241e0aecfb8f846de17ec9f872695857e4dba45a777a7b9804
5256,131.4,1.6421,62.4164,False,12,mechanical_001,79d0085777a69b241e0aecfb8f846de17ec9f872695857e4dba45a777a7b9804
5257,131.425,1.6424,62.5039,False,12,mechanical_001,79d0085777a69b241e0aecfb8f846de17ec9f872695857e4dba45a777a7b9804
5258,131.45,1.6428,62.5873,False,12,mechanical_001,79d0085777a69b241e0aecfb8f846de17ec9f872695857e4dba45a777a7b9804
5259,131.475,1.6431,62.6746,False,12,mechanical_001,79d0085777a69b241e0aecfb8f846de17ec9f872695857e4dba45a777a7b9804
5260,131.5,1.6434,62.7796,False,12,mechanical_001,79d0085777a69b241e0aecfb8f846de17ec9f872695857e4dba45a777a7b9804
5261,131.525,1.6438,62.8876,False,12,mechanical_001,79d0085777a69b241e0aecfb8f846de17ec9f872695857e4dba45a777a7b9804
5262,131.55,1.6441,62.9963,False,12,mechanical_001,79d0085777a69b241e0aecfb8f846de17ec9f872695857e4dba45a777a7b9804
5263,131.575,1.6445,63.0901,False,12,mechanical_001,79d0085777a69b241e0aecfb8f846de17ec9f872695857e4dba45a777a7b9804
5264,131.6,1.6448,63.1623,False,12,mechanical_001,79d0085777a69b241e0aecfb8f846de17ec9f872695857e4dba45a777a7b9804
5265,131.625,1.6451,63.2153,False,12,mechanical_001,79d0085777a69b241e0aecfb8f846de17ec9f872695857e4dba45a777a7b9804
5266,131.65,1.6454,63.2514,False,12,mechanical_001,79d0085777a69b241e0aecfb8f846de17ec9f872695857e4dba45a777a7b9804
5267,131.675,1.6457,63.278,False,12,mechanical_001,79d0085777a69b241e0aecfb8f846de17ec9f872695857e4dba45a777a7b9804
5268,131.7,1.6461,63.3045,False,12,mechanical_001,79d0085777a69b241e0aecfb8f846de17ec9f872695857e4dba45a777a7b9804
5269,131.725,1.6464,63.3258,False,12,mechanical_001,79d0085777a69b241e0aecfb8f846de17ec9f872695857e4dba45a777a7b9804
5270,131.75,1.6467,63.3472,False,12,mechanical_001,79d0085777a69b241e0aecfb8f846de17ec9f872695857e4dba45a777a7b9804
5271,131.775,1.647,63.3682,False,12,mechanical_001,79d0085777a69b241e0aecfb8f846de17ec9f872695857e4dba45a777a7b9804
5272,131.8,1.6473,63.3847,False,12,mechanical_001,79d0085777a69b241e0aecfb8f846de17ec9f872695857e4dba45a777a7b9804
5273,131.825,1.6476,63.408,False,12,mechanical_001,79d0085777a69b241e0aecfb8f846de17ec9f872695857e4dba45a777a7b9804
5274,131.85,1.6479,63.4363,False,12,mechanical_001,79d0085777a69b241e0aecfb8f846de17ec9f872695857e4dba45a777a7b9804
5275,131.875,1.6482,63.4761,False,12,mechanical_001,79d0085777a69b241e0aecfb8f846de17ec9f872695857e4dba45a777a7b9804
5276,131.9,1.6486,63.5283,False,12,mechanical_001,79d0085777a69b241e0aecfb8f846de17ec9f872695857e4dba45a777a7b9804
5277,131.925,1.6489,63.5879,False,12,mechanical_001,79d0085777a69b241e0aecfb8f846de17ec9f872695857e4dba45a777a7b9804
5278,131.95,1.6492,63.6512,False,12,mechanical_001,79d0085777a69b241e0aecfb8f846de17ec9f872695857e4dba45a777a7b9804
5279,131.975,1.6495,63.7143,False,12,mechanical_001,79d0085777a69b241e0aecfb8f846de17ec9f872695857e4dba45a777a7b9804
5280,132.0,1.6498,63.777,False,12,mechanical_001,79d0085777a69b241e0aecfb8f846de17ec9f872695857e4dba45a777a7b9804
5281,132.025,1.6502,63.8458,False,12,mechanical_001,79d0085777a69b241e0aecfb8f846de17ec9f872695857e4dba45a777a7b9804
5282,132.05,1.6505,63.9055,False,12,mechanical_001,79d0085777a69b241e0aecfb8f846de17ec9f872695857e4dba45a777a7b9804
5283,132.075,1.6508,63.952,False,12,mechanical_001,79d0085777a69b241e0aecfb8f846de17ec9f872695857e4dba45a777a7b9804
5284,132.1,1.6511,63.9762,False,12,mechanical_001,79d0085777a69b241e0aecfb8f846de17ec9f872695857e4dba45a777a7b9804
5285,132.125,1.6514,63.9977,False,12,mechanical_001,79d0085777a69b241e0aecfb8f846de17ec9f872695857e4dba45a777a7b9804
5286,132.15,1.6517,64.0189,False,12,mechanical_001,79d0085777a69b241e0aecfb8f846de17ec9f872695857e4dba45a777a7b9804
5287,132.175,1.6521,64.0385,False,12,mechanical_001,79d0085777a69b241e0aecfb8f846de17ec9f872695857e4dba45a777a7b9804
5288,132.2,1.6524,64.0502,False,12,mechanical_001,79d0085777a69b241e0aecfb8f846de17ec9f872695857e4dba45a777a7b9804
5289,132.225,1.6527,64.0539,False,12,mechanical_001,79d0085777a69b241e0aecfb8f846de17ec9f872695857e4dba45a777a7b9804
5290,132.25,1.653,64.057,False,12,mechanical_001,79d0085777a69b241e0aecfb8f846de17ec9f872695857e4dba45a777a7b9804
5291,132.275,1.6533,64.0704,False,12,mechanical_001,79d0085777a69b241e0aecfb8f846de17ec9f872695857e4dba45a777a7b9804
5292,132.3,1.6536,64.0971,False,12,mechanical_001,79d0085777a69b241e0aecfb8f846de17ec9f872695857e4dba45a777a7b9804
5293,132.325,1.6539,64.1282,False,12,mechanical_001,79d0085777a69b241e0aecfb8f846de17ec9f872695857e4dba45a777a7b9804
5294,132.35,1.6542,64.1644,False,12,mechanical_001,79d0085777a69b241e0aecfb8f846de17ec9f872695857e4dba45a777a7b9804
5295,132.375,1.6545,64.1995,False,12,mechanical_001,79d0085777a69b241e0aecfb8f846de17ec9f872695857e4dba45a777a7b9804
5296,132.4,1.6548,64.2439,False,12,mechanical_001,79d0085777a69b241e0aecfb8f846de17ec9f872695857e4dba45a777a7b9804
5297,132.425,1.6551,64.3006,False,12,mechanical_001,79d0085777a69b241e0aecfb8f846de17ec9f872695857e4dba45a777a7b9804
5298,132.45,1.6554,64.3529,False,12,mechanical_001,79d0085777a69b241e0aecfb8f846de17ec9f872695857e4dba45a777a7b9804
5299,132.475,1.6558,64.4011,False,12,mechanical_001,79d0085777a69b241e0aecfb8f846de17ec9f872695857e4dba45a777a7b9804
5300,132.5,1.6561,64.4407,False,12,mechanical_001,79d0085777a69b241e0aecfb8f846de17ec9f872695857e4dba45a777a7b9804
5301,132.525,1.6564,64.467,False,12,mechanical_001,79d0085777a69b241e0aecfb8f846de17ec9f872695857e4dba45a777a7b9804
5302,132.55,1.6567,64.4641,False,12,mechanical_001,79d0085777a69b241e0aecfb8f846de17ec9f872695857e4dba45a777a7b9804
5303,132.575,1.657,64.4436,False,12,mechanical_001,79d0085777a69b241e0aecfb8f846de17ec9f872695857e4dba45a777a7b9804
5304,132.6,1.6573,64.4137,False,12,mechanical_001,79d0085777a69b241e0aecfb8f846de17ec9f872695857e4dba45a777a7b9804
5305,132.625,1.6575,64.3855,False,12,mechanical_001,79d0085777a69b241e0aecfb8f846de17ec9f872695857e4dba45a777a7b9804
5306,132.65,1.6578,64.3797,False,12,mechanical_001,79d0085777a69b241e0aecfb8f846de17ec9f872695857e4dba45a777a7b9804
5307,132.675,1.6581,64.3932,False,12,mechanical_001,79d0085777a69b241e0aecfb8f846de17ec9f872695857e4dba45a777a7b9804
5308,132.7,1.6584,64.4246,False,12,mechanical_001,79d0085777a69b241e0aecfb8f846de17ec9f872695857e4dba45a777a7b9804
5309,132.725,1.6588,64.4687,False,12,mechanical_001,79d0085777a69b241e0aecfb8f846de17ec9f872695857e4dba45a777a7b9804
5310,132.75,1.6591,64.5083,False,12,mechanical_001,79d0085777a69b241e0aecfb8f846de17ec9f872695857e4dba45a777a7b9804
5311,132.775,1.6594,64.5466,False,12,mechanical_001,79d0085777a69b241e0aecfb8f846de17ec9f872695857e4dba45a777a7b9804
5312,132.8,1.6597,64.5894,False,12,mechanical_001,79d0085777a69b241e0aecfb8f846de17ec9f872695857e4dba45a777a7b9804
5313,132.825,1.66,64.6421,False,12,mechanical_001,79d0085777a69b241e0aecfb8f846de17ec9f872695857e4dba45a777a7b9804
5314,132.85,1.6603,64.7002,False,12,mechanical_001,79d0085777a69b241e0aecfb8f846de17ec9f872695857e4dba45a777a7b9804
5315,132.875,1.6606,64.7554,False,12,mechanical_001,79d0085777a69b241e0aecfb8f846de17ec9f872695857e4dba45a777a7b9804
5316,132.9,1.6609,64.812,False,12,mechanical_001,79d0085777a69b241e0aecfb8f846de17ec9f872695857e4dba45a777a7b9804
5317,132.925,1.6613,64.8571,False,12,mechanical_001,79d0085777a69b241e0aecfb8f846de17ec9f872695857e4dba45a777a7b9804
5318,132.95,1.6616,64.8944,False,12,mechanical_001,79d0085777a69b241e0aecfb8f846de17ec9f872695857e4dba45a777a7b9804
5319,132.975,1.6619,64.925,False,12,mechanical_001,79d0085777a69b241e0aecfb8f846de17ec9f872695857e4dba45a777a7b9804
5320,133.0,1.6622,64.9462,False,12,mechanical_001,79d0085777a69b241e0aecfb8f846de17ec9f872695857e4dba45a777a7b9804
5321,133.025,1.6625,64.9543,False,12,mechanical_001,79d0085777a69b241e0aecfb8f846de17ec9f872695857e4dba45a777a7b9804
5322,133.05,1.6628,64.9534,False,12,mechanical_001,79d0085777a69b241e0aecfb8f846de17ec9f872695857e4dba45a777a7b9804
5323,133.075,1.6631,64.9497,False,12,mechanical_001,79d0085777a69b241e0aecfb8f846de17ec9f872695857e4dba45a777a7b9804
5324,133.1,1.6634,64.9359,False,12,mechanical_001,79d0085777a69b241e0aecfb8f846de17ec9f872695857e4dba45a777a7b9804
5325,133.125,1.6637,64.9089,False,12,mechanical_001,79d0085777a69b241e0aecfb8f846de17ec9f872695857e4dba45a777a7b9804
5326,133.15,1.6639,64.8795,False,12,mechanical_001,79d0085777a69b241e0aecfb8f846de17ec9f872695857e4dba45a777a7b9804
5327,133.175,1.6642,64.8669,False,12,mechanical_001,79d0085777a69b241e0aecfb8f846de17ec9f872695857e4dba45a777a7b9804
5328,133.2,1.6645,64.8557,False,12,mechanical_001,79d0085777a69b241e0aecfb8f846de17ec9f872695857e4dba45a777a7b9804
5329,133.225,1.6648,64.8529,False,12,mechanical_001,79d0085777a69b241e0aecfb8f846de17ec9f872695857e4dba45a777a7b9804
5330,133.25,1.6651,64.8808,False,12,mechanical_001,79d0085777a69b241e0aecfb8f846de17ec9f872695857e4dba45a777a7b9804
5331,133.275,1.6654,64.9478,False,12,mechanical_001,79d0085777a69b241e0aecfb8f846de17ec9f872695857e4dba45a777a7b9804
5332,133.3,1.6657,65.0442,False,12,mechanical_001,79d0085777a69b241e0aecfb8f846de17ec9f872695857e4dba45a777a7b9804
5333,133.325,1.6661,65.1546,False,12,mechanical_001,79d0085777a69b241e0aecfb8f846de17ec9f872695857e4dba45a777a7b9804
5334,133.35,1.6664,65.2522,False,12,mechanical_001,79d0085777a69b241e0aecfb8f846de17ec9f872695857e4dba45a777a7b9804
5335,133.375,1.6667,65.3322,False,12,mechanical_001,79d0085777a69b241e0aecfb8f846de17ec9f872695857e4dba45a777a7b9804
5336,133.4,1.667,65.3922,False,12,mechanical_001,79d0085777a69b241e0aecfb8f846de17ec9f872695857e4dba45a777a7b9804
5337,133.425,1.6674,65.4362,False,12,mechanical_001,79d0085777a69b241e0aecfb8f846de17ec9f872695857e4dba45a777a7b9804
5338,133.45,1.6677,65.473,False,12,mechanical_001,79d0085777a69b241e0aecfb8f846de17ec9f872695857e4dba45a777a7b9804
5339,133.475,1.668,65.4987,False,12,mechanical_001,79d0085777a69b241e0aecfb8f846de17ec9f872695857e4dba45a777a7b9804
5340,133.5,1.6683,65.5189,False,12,mechanical_001,79d0085777a69b241e0aecfb8f846de17ec9f872695857e4dba45a777a7b9804
5341,133.525,1.6686,65.5416,False,12,mechanical_001,79d0085777a69b241e0aecfb8f846de17ec9f872695857e4dba45a777a7b9804
5342,133.55,1.6689,65.5807,False,12,mechanical_001,79d0085777a69b241e0aecfb8f846de17ec9f872695857e4dba45a777a7b9804
5343,133.575,1.6692,65.6283,False,12,mechanical_001,79d0085777a69b241e0aecfb8f846de17ec9f872695857e4dba45a777a7b9804
5344,133.6,1.6695,65.6765,False,12,mechanical_001,79d0085777a69b241e0aecfb8f846de17ec9f872695857e4dba45a777a7b9804
5345,133.625,1.6699,65.7198,False,12,mechanical_001,79d0085777a69b241e0aecfb8f846de17ec9f872695857e4dba45a777a7b9804
5346,133.65,1.6702,65.7614,False,12,mechanical_001,79d0085777a69b241e0aecfb8f846de17ec9f872695857e4dba45a777a7b9804
5347,133.675,1.6705,65.8015,False,12,mechanical_001,79d0085777a69b241e0aecfb8f846de17ec9f872695857e4dba45a777a7b9804
5348,133.7,1.6708,65.8338,False,12,mechanical_001,79d0085777a69b241e0aecfb8f846de17ec9f872695857e4dba45a777a7b9804
5349,133.725,1.6711,65.8756,False,12,mechanical_001,79d0085777a69b241e0aecfb8f846de17ec9f872695857e4dba45a777a7b9804
5350,133.75,1.6714,65.9248,False,12,mechanical_001,79d0085777a69b241e0aecfb8f846de17ec9f872695857e4dba45a777a7b9804
5351,133.775,1.6717,65.9823,False,12,mechanical_001,79d0085777a69b241e0aecfb8f846de17ec9f872695857e4dba45a777a7b9804
5352,133.8,1.672,66.046,False,12,mechanical_001,79d0085777a69b241e0aecfb8f846de17ec9f872695857e4dba45a777a7b9804
5353,133.825,1.6724,66.1031,False,12,mechanical_001,79d0085777a69b241e0aecfb8f846de17ec9f872695857e4dba45a777a7b9804
5354,133.85,1.6727,66.1542,False,12,mechanical_001,79d0085777a69b241e0aecfb8f846de17ec9f872695857e4dba45a777a7b9804
5355,133.875,1.673,66.2037,False,12,mechanical_001,79d0085777a69b241e0aecfb8f846de17ec9f872695857e4dba45a777a7b9804
5356,133.9,1.6733,66.2503,False,12,mechanical_001,79d0085777a69b241e0aecfb8f846de17ec9f872695857e4dba45a777a7b9804
5357,133.925,1.6736,66.3028,False,12,mechanical_001,79d0085777a69b241e0aecfb8f846de17ec9f872695857e4dba45a777a7b9804
5358,133.95,1.6739,66.3634,False,12,mechanical_001,79d0085777a69b241e0aecfb8f846de17ec9f872695857e4dba45a777a7b9804
5359,133.975,1.6742,66.4228,False,12,mechanical_001,79d0085777a69b241e0aecfb8f846de17ec9f872695857e4dba45a777a7b9804
5360,134.0,1.6746,66.4807,False,12,mechanical_001,79d0085777a69b241e0aecfb8f846de17ec9f872695857e4dba45a777a7b9804
5361,134.025,1.6749,66.5314,False,12,mechanical_001,79d0085777a69b241e0aecfb8f846de17ec9f872695857e4dba45a777a7b9804
5362,134.05,1.6752,66.5791,False,12,mechanical_001,79d0085777a69b241e0aecfb8f846de17ec9f872695857e4dba45a777a7b9804
5363,134.075,1.6755,66.6399,False,12,mechanical_001,79d0085777a69b241e0aecfb8f846de17ec9f872695857e4dba45a777a7b9804
5364,134.1,1.6758,66.7075,False,12,mechanical_001,79d0085777a69b241e0aecfb8f846de17ec9f872695857e4dba45a777a7b9804
5365,134.125,1.6761,66.7628,False,12,mechanical_001,79d0085777a69b241e0aecfb8f846de17ec9f872695857e4dba45a777a7b9804
5366,134.15,1.6764,66.8066,False,12,mechanical_001,79d0085777a69b241e0aecfb8f846de17ec9f872695857e4dba45a777a7b9804
5367,134.175,1.6767,66.845,False,12,mechanical_001,79d0085777a69b241e0aecfb8f846de17ec9f872695857e4dba45a777a7b9804
5368,134.2,1.6771,66.8912,False,12,mechanical_001,79d0085777a69b241e0aecfb8f846de17ec9f872695857e4dba45a777a7b9804
5369,134.225,1.6774,66.9463,False,12,mechanical_001,79d0085777a69b241e0aecfb8f846de17ec9f872695857e4dba45a777a7b9804
5370,134.25,1.6777,67.0023,False,12,mechanical_001,79d0085777a69b241e0aecfb8f846de17ec9f872695857e4dba45a777a7b9804
5371,134.275,1.678,67.0587,False,12,mechanical_001,79d0085777a69b241e0aecfb8f846de17ec9f872695857e4dba45a777a7b9804
5372,134.3,1.6783,67.1138,False,12,mechanical_001,79d0085777a69b241e0aecfb8f846de17ec9f872695857e4dba45a777a7b9804
5373,134.325,1.6786,67.1522,False,12,mechanical_001,79d0085777a69b241e0aecfb8f846de17ec9f872695857e4dba45a777a7b9804
5374,134.35,1.6789,67.1854,False,12,mechanical_001,79d0085777a69b241e0aecfb8f846de17ec9f872695857e4dba45a777a7b9804
5375,134.375,1.6792,67.2097,False,12,mechanical_001,79d0085777a69b241e0aecfb8f846de17ec9f872695857e4dba45a777a7b9804
5376,134.4,1.6796,67.2344,False,12,mechanical_001,79d0085777a69b241e0aecfb8f846de17ec9f872695857e4dba45a777a7b9804
5377,134.425,1.6799,67.2616,False,12,mechanical_001,79d0085777a69b241e0aecfb8f846de17ec9f872695857e4dba45a777a7b9804
5378,134.45,1.6802,67.3095,False,12,mechanical_001,79d0085777a69b241e0aecfb8f846de17ec9f872695857e4dba45a777a7b9804
5379,134.475,1.6805,67.3915,False,12,mechanical_001,79d0085777a69b241e0aecfb8f846de17ec9f872695857e4dba45a777a7b9804
5380,134.5,1.6808,67.4752,False,12,mechanical_001,79d0085777a69b241e0aecfb8f846de17ec9f872695857e4dba45a777a7b9804
5381,134.525,1.6811,67.5471,False,12,mechanical_001,79d0085777a69b241e0aecfb8f846de17ec9f872695857e4dba45a777a7b9804
5382,134.55,1.6815,67.6089,False,12,mechanical_001,79d0085777a69b241e0aecfb8f846de17ec9f872695857e4dba45a777a7b9804
5383,134.575,1.6818,67.6668,False,12,mechanical_001,79d0085777a69b241e0aecfb8f846de17ec9f872695857e4dba45a777a7b9804
5384,134.6,1.6821,67.7184,False,12,mechanical_001,79d0085777a69b241e0aecfb8f846de17ec9f872695857e4dba45a777a7b9804
5385,134.625,1.6824,67.7589,False,12,mechanical_001,79d0085777a69b241e0aecfb8f846de17ec9f872695857e4dba45a777a7b9804
5386,134.65,1.6827,67.786,False,12,mechanical_001,79d0085777a69b241e0aecfb8f846de17ec9f872695857e4dba45a777a7b9804
5387,134.675,1.683,67.8151,False,12,mechanical_001,79d0085777a69b241e0aecfb8f846de17ec9f872695857e4dba45a777a7b9804
5388,134.7,1.6833,67.8526,False,12,mechanical_001,79d0085777a69b241e0aecfb8f846de17ec9f872695857e4dba45a777a7b9804
5389,134.725,1.6836,67.9053,False,12,mechanical_001,79d0085777a69b241e0aecfb8f846de17ec9f872695857e4dba45a777a7b9804
5390,134.75,1.6839,67.9756,False,12,mechanical_001,79d0085777a69b241e0aecfb8f846de17ec9f872695857e4dba45a777a7b9804
5391,134.775,1.6842,68.0527,False,12,mechanical_001,79d0085777a69b241e0aecfb8f846de17ec9f872695857e4dba45a777a7b9804
5392,134.8,1.6846,68.1387,False,12,mechanical_001,79d0085777a69b241e0aecfb8f846de17ec9f872695857e4dba45a777a7b9804
5393,134.825,1.6849,68.2208,False,12,mechanical_001,79d0085777a69b241e0aecfb8f846de17ec9f872695857e4dba45a777a7b9804
5394,134.85,1.6852,68.3064,False,12,mechanical_001,79d0085777a69b241e0aecfb8f846de17ec9f872695857e4dba45a777a7b9804
5395,134.875,1.6855,68.3798,False,12,mechanical_001,79d0085777a69b241e0aecfb8f846de17ec9f872695857e4dba45a777a7b9804
5396,134.9,1.6858,68.4383,False,12,mechanical_001,79d0085777a69b241e0aecfb8f846de17ec9f872695857e4dba45a777a7b9804
5397,134.925,1.6862,68.5009,False,12,mechanical_001,79d0085777a69b241e0aecfb8f846de17ec9f872695857e4dba45a777a7b9804
5398,134.95,1.6865,68.5541,False,12,mechanical_001,79d0085777a69b241e0aecfb8f846de17ec9f872695857e4dba45a777a7b9804
5399,134.975,1.6868,68.5983,False,12,mechanical_001,79d0085777a69b241e0aecfb8f846de17ec9f872695857e4dba45a777a7b9804
5400,135.0,1.6871,68.6414,False,12,mechanical_001,79d0085777a69b241e0aecfb8f846de17ec9f872695857e4dba45a777a7b9804
5401,135.025,1.6874,68.6844,False,12,mechanical_001,79d0085777a69b241e0aecfb8f846de17ec9f872695857e4dba45a777a7b9804
5402,135.05,1.6877,68.7207,False,12,mechanical_001,79d0085777a69b241e0aecfb8f846de17ec9f872695857e4dba45a777a7b9804
5403,135.075,1.688,68.7615,False,12,mechanical_001,79d0085777a69b241e0aecfb8f846de17ec9f872695857e4dba45a777a7b9804
5404,135.1,1.6883,68.8067,False,12,mechanical_001,79d0085777a69b241e0aecfb8f846de17ec9f872695857e4dba45a777a7b9804
5405,135.125,1.6886,68.8519,False,12,mechanical_001,79d0085777a69b241e0aecfb8f846de17ec9f872695857e4dba45a777a7b9804
5406,135.15,1.6889,68.8958,False,12,mechanical_001,79d0085777a69b241e0aecfb8f846de17ec9f872695857e4dba45a777a7b9804
5407,135.175,1.6892,68.9509,False,12,mechanical_001,79d0085777a69b241e0aecfb8f846de17ec9f872695857e4dba45a777a7b9804
5408,135.2,1.6896,69.0158,False,12,mechanical_001,79d0085777a69b241e0aecfb8f846de17ec9f872695857e4dba45a777a7b9804
5409,135.225,1.6899,69.089,False,12,mechanical_001,79d0085777a69b241e0aecfb8f846de17ec9f872695857e4dba45a777a7b9804
5410,135.25,1.6902,69.1602,False,12,mechanical_001,79d0085777a69b241e0aecfb8f846de17ec9f872695857e4dba45a777a7b9804
5411,135.275,1.6905,69.2294,False,12,mechanical_001,79d0085777a69b241e0aecfb8f846de17ec9f872695857e4dba45a777a7b9804
5412,135.3,1.6908,69.309,False,12,mechanical_001,79d0085777a69b241e0aecfb8f846de17ec9f872695857e4dba45a777a7b9804
5413,135.325,1.6912,69.3855,False,12,mechanical_001,79d0085777a69b241e0aecfb8f846de17ec9f872695857e4dba45a777a7b9804
5414,135.35,1.6915,69.4489,False,12,mechanical_001,79d0085777a69b241e0aecfb8f846de17ec9f872695857e4dba45a777a7b9804
5415,135.375,1.6918,69.5057,False,12,mechanical_001,79d0085777a69b241e0aecfb8f846de17ec9f872695857e4dba45a777a7b9804
5416,135.4,1.6921,69.5567,False,12,mechanical_001,79d0085777a69b241e0aecfb8f846de17ec9f872695857e4dba45a777a7b9804
5417,135.425,1.6924,69.6009,False,12,mechanical_001,79d0085777a69b241e0aecfb8f846de17ec9f872695857e4dba45a777a7b9804
5418,135.45,1.6927,69.6395,False,12,mechanical_001,79d0085777a69b241e0aecfb8f846de17ec9f872695857e4dba45a777a7b9804
5419,135.475,1.693,69.6747,False,12,mechanical_001,79d0085777a69b241e0aecfb8f846de17ec9f872695857e4dba45a777a7b9804
5420,135.5,1.6933,69.7046,False,12,mechanical_001,79d0085777a69b241e0aecfb8f846de17ec9f872695857e4dba45a777a7b9804
5421,135.525,1.6936,69.7316,False,12,mechanical_001,79d0085777a69b241e0aecfb8f846de17ec9f872695857e4dba45a777a7b9804
5422,135.55,1.694,69.7594,False,12,mechanical_001,79d0085777a69b241e0aecfb8f846de17ec9f872695857e4dba45a777a7b9804
5423,135.575,1.6943,69.7877,False,12,mechanical_001,79d0085777a69b241e0aecfb8f846de17ec9f872695857e4dba45a777a7b9804
5424,135.6,1.6946,69.8019,False,12,mechanical_001,79d0085777a69b241e0aecfb8f846de17ec9f872695857e4dba45a777a7b9804
5425,135.625,1.6949,69.8101,False,12,mechanical_001,79d0085777a69b241e0aecfb8f846de17ec9f872695857e4dba45a777a7b9804
5426,135.65,1.6951,69.8228,False,12,mechanical_001,79d0085777a69b241e0aecfb8f846de17ec9f872695857e4dba45a777a7b9804
5427,135.675,1.6955,69.8556,False,12,mechanical_001,79d0085777a69b241e0aecfb8f846de17ec9f872695857e4dba45a777a7b9804
5428,135.7,1.6958,69.9092,False,12,mechanical_001,79d0085777a69b241e0aecfb8f846de17ec9f872695857e4dba45a777a7b9804
5429,135.725,1.6961,69.9927,False,12,mechanical_001,79d0085777a69b241e0aecfb8f846de17ec9f872695857e4dba45a777a7b9804
5430,135.75,1.6964,70.0959,False,12,mechanical_001,79d0085777a69b241e0aecfb8f846de17ec9f872695857e4dba45a777a7b9804
5431,135.775,1.6967,70.2029,False,12,mechanical_001,79d0085777a69b241e0aecfb8f846de17ec9f872695857e4dba45a777a7b9804
5432,135.8,1.6971,70.3006,False,12,mechanical_001,79d0085777a69b241e0aecfb8f846de17ec9f872695857e4dba45a777a7b9804
5433,135.825,1.6974,70.3769,False,12,mechanical_001,79d0085777a69b241e0aecfb8f846de17ec9f872695857e4dba45a777a7b9804
5434,135.85,1.6977,70.433,False,12,mechanical_001,79d0085777a69b241e0aecfb8f846de17ec9f872695857e4dba45a777a7b9804
5435,135.875,1.698,70.4758,False,12,mechanical_001,79d0085777a69b241e0aecfb8f846de17ec9f872695857e4dba45a777a7b9804
5436,135.9,1.6983,70.5107,False,12,mechanical_001,79d0085777a69b241e0aecfb8f846de17ec9f872695857e4dba45a777a7b9804
5437,135.925,1.6986,70.5439,False,12,mechanical_001,79d0085777a69b241e0aecfb8f846de17ec9f872695857e4dba45a777a7b9804
5438,135.95,1.6989,70.5775,False,12,mechanical_001,79d0085777a69b241e0aecfb8f846de17ec9f872695857e4dba45a777a7b9804
5439,135.975,1.6992,70.6232,False,12,mechanical_001,79d0085777a69b241e0aecfb8f846de17ec9f872695857e4dba45a777a7b9804
5440,136.0,1.6995,70.6668,False,12,mechanical_001,79d0085777a69b241e0aecfb8f846de17ec9f872695857e4dba45a777a7b9804
5441,136.025,1.6999,70.7058,False,12,mechanical_001,79d0085777a69b241e0aecfb8f846de17ec9f872695857e4dba45a777a7b9804
5442,136.05,1.7002,70.7473,False,12,mechanical_001,79d0085777a69b241e0aecfb8f846de17ec9f872695857e4dba45a777a7b9804
5443,136.075,1.7005,70.8011,False,12,mechanical_001,79d0085777a69b241e0aecfb8f846de17ec9f872695857e4dba45a777a7b9804
5444,136.1,1.7008,70.869,False,12,mechanical_001,79d0085777a69b241e0aecfb8f846de17ec9f872695857e4dba45a777a7b9804
5445,136.125,1.7011,70.9416,False,12,mechanical_001,79d0085777a69b241e0aecfb8f846de17ec9f872695857e4dba45a777a7b9804
5446,136.15,1.7014,71.0024,False,12,mechanical_001,79d0085777a69b241e0aecfb8f846de17ec9f872695857e4dba45a777a7b9804
5447,136.175,1.7017,71.0526,False,12,mechanical_001,79d0085777a69b241e0aecfb8f846de17ec9f872695857e4dba45a777a7b9804
5448,136.2,1.7021,71.1126,False,12,mechanical_001,79d0085777a69b241e0aecfb8f846de17ec9f872695857e4dba45a777a7b9804
5449,136.225,1.7024,71.177,False,12,mechanical_001,79d0085777a69b241e0aecfb8f846de17ec9f872695857e4dba45a777a7b9804
5450,136.25,1.7027,71.2415,False,12,mechanical_001,79d0085777a69b241e0aecfb8f846de17ec9f872695857e4dba45a777a7b9804
5451,136.275,1.703,71.3102,False,12,mechanical_001,79d0085777a69b241e0aecfb8f846de17ec9f872695857e4dba45a777a7b9804
5452,136.3,1.7033,71.3745,False,12,mechanical_001,79d0085777a69b241e0aecfb8f846de17ec9f872695857e4dba45a777a7b9804
5453,136.325,1.7036,71.4374,False,12,mechanical_001,79d0085777a69b241e0aecfb8f846de17ec9f872695857e4dba45a777a7b9804
5454,136.35,1.704,71.5056,False,12,mechanical_001,79d0085777a69b241e0aecfb8f846de17ec9f872695857e4dba45a777a7b9804
5455,136.375,1.7043,71.5682,False,12,mechanical_001,79d0085777a69b241e0aecfb8f846de17ec9f872695857e4dba45a777a7b9804
5456,136.4,1.7046,71.628,False,12,mechanical_001,79d0085777a69b241e0aecfb8f846de17ec9f872695857e4dba45a777a7b9804
5457,136.425,1.7049,71.679,False,12,mechanical_001,79d0085777a69b241e0aecfb8f846de17ec9f872695857e4dba45a777a7b9804
5458,136.45,1.7052,71.738,False,12,mechanical_001,79d0085777a69b241e0aecfb8f846de17ec9f872695857e4dba45a777a7b9804
5459,136.475,1.7055,71.7987,False,12,mechanical_001,79d0085777a69b241e0aecfb8f846de17ec9f872695857e4dba45a777a7b9804
5460,136.5,1.7059,71.862,False,12,mechanical_001,79d0085777a69b241e0aecfb8f846de17ec9f872695857e4dba45a777a7b9804
5461,136.525,1.7062,71.923,False,12,mechanical_001,79d0085777a69b241e0aecfb8f846de17ec9f872695857e4dba45a777a7b9804
5462,136.55,1.7065,71.9931,False,12,mechanical_001,79d0085777a69b241e0aecfb8f846de17ec9f872695857e4dba45a777a7b9804
5463,136.575,1.7068,72.0706,False,12,mechanical_001,79d0085777a69b241e0aecfb8f846de17ec9f872695857e4dba45a777a7b9804
5464,136.6,1.7072,72.1581,False,12,mechanical_001,79d0085777a69b241e0aecfb8f846de17ec9f872695857e4dba45a777a7b9804
5465,136.625,1.7075,72.2518,False,12,mechanical_001,79d0085777a69b241e0aecfb8f846de17ec9f872695857e4dba45a777a7b9804
5466,136.65,1.7078,72.3619,False,12,mechanical_001,79d0085777a69b241e0aecfb8f846de17ec9f872695857e4dba45a777a7b9804
5467,136.675,1.7082,72.4941,False,12,mechanical_001,79d0085777a69b241e0aecfb8f846de17ec9f872695857e4dba45a777a7b9804
5468,136.7,1.7085,72.6175,False,12,mechanical_001,79d0085777a69b241e0aecfb8f846de17ec9f872695857e4dba45a777a7b9804
5469,136.725,1.7088,72.7382,False,12,mechanical_001,79d0085777a69b241e0aecfb8f846de17ec9f872695857e4dba45a777a7b9804
5470,136.75,1.7092,72.8301,False,12,mechanical_001,79d0085777a69b241e0aecfb8f846de17ec9f872695857e4dba45a777a7b9804
5471,136.775,1.7095,72.8936,False,12,mechanical_001,79d0085777a69b241e0aecfb8f846de17ec9f872695857e4dba45a777a7b9804
5472,136.8,1.7098,72.9405,False,12,mechanical_001,79d0085777a69b241e0aecfb8f846de17ec9f872695857e4dba45a777a7b9804
5473,136.825,1.7101,72.9812,False,12,mechanical_001,79d0085777a69b241e0aecfb8f846de17ec9f872695857e4dba45a777a7b9804
5474,136.85,1.7105,73.013,False,12,mechanical_001,79d0085777a69b241e0aecfb8f846de17ec9f872695857e4dba45a777a7b9804
5475,136.875,1.7108,73.0384,False,12,mechanical_001,79d0085777a69b241e0aecfb8f846de17ec9f872695857e4dba45a777a7b9804
5476,136.9,1.7111,73.0516,False,12,mechanical_001,79d0085777a69b241e0aecfb8f846de17ec9f872695857e4dba45a777a7b9804
5477,136.925,1.7114,73.0682,False,12,mechanical_001,79d0085777a69b241e0aecfb8f846de17ec9f872695857e4dba45a777a7b9804
5478,136.95,1.7117,73.0755,False,12,mechanical_001,79d0085777a69b241e0aecfb8f846de17ec9f872695857e4dba45a777a7b9804
5479,136.975,1.712,73.0927,False,12,mechanical_001,79d0085777a69b241e0aecfb8f846de17ec9f872695857e4dba45a777a7b9804
5480,137.0,1.7123,73.133,False,12,mechanical_001,79d0085777a69b241e0aecfb8f846de17ec9f872695857e4dba45a777a7b9804
5481,137.025,1.7126,73.187,False,12,mechanical_001,79d0085777a69b241e0aecfb8f846de17ec9f872695857e4dba45a777a7b9804
5482,137.05,1.713,73.2544,False,12,mechanical_001,79d0085777a69b241e0aecfb8f846de17ec9f872695857e4dba45a777a7b9804
5483,137.075,1.7133,73.3304,False,12,mechanical_001,79d0085777a69b241e0aecfb8f846de17ec9f872695857e4dba45a777a7b9804
5484,137.1,1.7136,73.4137,False,12,mechanical_001,79d0085777a69b241e0aecfb8f846de17ec9f872695857e4dba45a777a7b9804
5485,137.125,1.714,73.4972,False,12,mechanical_001,79d0085777a69b241e0aecfb8f846de17ec9f872695857e4dba45a777a7b9804
5486,137.15,1.7143,73.5689,False,12,mechanical_001,79d0085777a69b241e0aecfb8f846de17ec9f872695857e4dba45a777a7b9804
5487,137.175,1.7146,73.6283,False,12,mechanical_001,79d0085777a69b241e0aecfb8f846de17ec9f872695857e4dba45a777a7b9804
5488,137.2,1.7149,73.6753,False,12,mechanical_001,79d0085777a69b241e0aecfb8f846de17ec9f872695857e4dba45a777a7b9804
5489,137.225,1.7152,73.7086,False,12,mechanical_001,79d0085777a69b241e0aecfb8f846de17ec9f872695857e4dba45a777a7b9804
5490,137.25,1.7155,73.7229,False,12,mechanical_001,79d0085777a69b241e0aecfb8f846de17ec9f872695857e4dba45a777a7b9804
5491,137.275,1.7159,73.737,False,12,mechanical_001,79d0085777a69b241e0aecfb8f846de17ec9f872695857e4dba45a777a7b9804
5492,137.3,1.7162,73.7615,False,12,mechanical_001,79d0085777a69b241e0aecfb8f846de17ec9f872695857e4dba45a777a7b9804
5493,137.325,1.7165,73.797,False,12,mechanical_001,79d0085777a69b241e0aecfb8f846de17ec9f872695857e4dba45a777a7b9804
5494,137.35,1.7168,73.8449,False,12,mechanical_001,79d0085777a69b241e0aecfb8f846de17ec9f872695857e4dba45a777a7b9804
5495,137.375,1.7171,73.9021,False,12,mechanical_001,79d0085777a69b241e0aecfb8f846de17ec9f872695857e4dba45a777a7b9804
5496,137.4,1.7174,73.9618,False,12,mechanical_001,79d0085777a69b241e0aecfb8f846de17ec9f872695857e4dba45a777a7b9804
5497,137.425,1.7178,74.0182,False,12,mechanical_001,79d0085777a69b241e0aecfb8f846de17ec9f872695857e4dba45a777a7b9804
5498,137.45,1.7181,74.0786,False,12,mechanical_001,79d0085777a69b241e0aecfb8f846de17ec9f872695857e4dba45a777a7b9804
5499,137.475,1.7184,74.1256,False,12,mechanical_001,79d0085777a69b241e0aecfb8f846de17ec9f872695857e4dba45a777a7b9804
5500,137.5,1.7187,74.1615,False,12,mechanical_001,79d0085777a69b241e0aecfb8f846de17ec9f872695857e4dba45a777a7b9804
5501,137.525,1.719,74.1889,False,12,mechanical_001,79d0085777a69b241e0aecfb8f846de17ec9f872695857e4dba45a777a7b9804
5502,137.55,1.7193,74.2195,False,12,mechanical_001,79d0085777a69b241e0aecfb8f846de17ec9f872695857e4dba45a777a7b9804
5503,137.575,1.7196,74.2602,False,12,mechanical_001,79d0085777a69b241e0aecfb8f846de17ec9f872695857e4dba45a777a7b9804
5504,137.6,1.72,74.2995,False,12,mechanical_001,79d0085777a69b241e0aecfb8f846de17ec9f872695857e4dba45a777a7b9804
5505,137.625,1.7203,74.3393,False,12,mechanical_001,79d0085777a69b241e0aecfb8f846de17ec9f872695857e4dba45a777a7b9804
5506,137.65,1.7206,74.3695,False,12,mechanical_001,79d0085777a69b241e0aecfb8f846de17ec9f872695857e4dba45a777a7b9804
5507,137.675,1.7209,74.3782,False,12,mechanical_001,79d0085777a69b241e0aecfb8f846de17ec9f872695857e4dba45a777a7b9804
5508,137.7,1.7212,74.3695,False,12,mechanical_001,79d0085777a69b241e0aecfb8f846de17ec9f872695857e4dba45a777a7b9804
5509,137.725,1.7215,74.3652,False,12,mechanical_001,79d0085777a69b241e0aecfb8f846de17ec9f872695857e4dba45a777a7b9804
5510,137.75,1.7218,74.356,False,12,mechanical_001,79d0085777a69b241e0aecfb8f846de17ec9f872695857e4dba45a777a7b9804
5511,137.775,1.7221,74.3387,False,12,mechanical_001,79d0085777a69b241e0aecfb8f846de17ec9f872695857e4dba45a777a7b9804
5512,137.8,1.7224,74.3331,False,12,mechanical_001,79d0085777a69b241e0aecfb8f846de17ec9f872695857e4dba45a777a7b9804
5513,137.825,1.7226,74.3457,False,12,mechanical_001,79d0085777a69b241e0aecfb8f846de17ec9f872695857e4dba45a777a7b9804
5514,137.85,1.7229,74.38,False,12,mechanical_001,79d0085777a69b241e0aecfb8f846de17ec9f872695857e4dba45a777a7b9804
5515,137.875,1.7233,74.4329,False,12,mechanical_001,79d0085777a69b241e0aecfb8f846de17ec9f872695857e4dba45a777a7b9804
5516,137.9,1.7236,74.5026,False,12,mechanical_001,79d0085777a69b241e0aecfb8f846de17ec9f872695857e4dba45a777a7b9804
5517,137.925,1.7239,74.5743,False,12,mechanical_001,79d0085777a69b241e0aecfb8f846de17ec9f872695857e4dba45a777a7b9804
5518,137.95,1.7242,74.6443,False,12,mechanical_001,79d0085777a69b241e0aecfb8f846de17ec9f872695857e4dba45a777a7b9804
5519,137.975,1.7245,74.7149,False,12,mechanical_001,79d0085777a69b241e0aecfb8f846de17ec9f872695857e4dba45a777a7b9804
5520,138.0,1.7248,74.7779,False,12,mechanical_001,79d0085777a69b241e0aecfb8f846de17ec9f872695857e4dba45a777a7b9804
5521,138.025,1.7251,74.8235,False,12,mechanical_001,79d0085777a69b241e0aecfb8f846de17ec9f872695857e4dba45a777a7b9804
5522,138.05,1.7254,74.8705,False,12,mechanical_001,79d0085777a69b241e0aecfb8f846de17ec9f872695857e4dba45a777a7b9804
5523,138.075,1.7257,74.9095,False,12,mechanical_001,79d0085777a69b241e0aecfb8f846de17ec9f872695857e4dba45a777a7b9804
5524,138.1,1.726,74.9336,False,12,mechanical_001,79d0085777a69b241e0aecfb8f846de17ec9f872695857e4dba45a777a7b9804
5525,138.125,1.7263,74.9616,False,12,mechanical_001,79d0085777a69b241e0aecfb8f846de17ec9f872695857e4dba45a777a7b9804
5526,138.15,1.7266,75.0006,False,12,mechanical_001,79d0085777a69b241e0aecfb8f846de17ec9f872695857e4dba45a777a7b9804
5527,138.175,1.7269,75.0568,False,12,mechanical_001,79d0085777a69b241e0aecfb8f846de17ec9f872695857e4dba45a777a7b9804
5528,138.2,1.7272,75.132,False,12,mechanical_001,79d0085777a69b241e0aecfb8f846de17ec9f872695857e4dba45a777a7b9804
5529,138.225,1.7276,75.2119,False,12,mechanical_001,79d0085777a69b241e0aecfb8f846de17ec9f872695857e4dba45a777a7b9804
5530,138.25,1.7279,75.2898,False,12,mechanical_001,79d0085777a69b241e0aecfb8f846de17ec9f872695857e4dba45a777a7b9804
5531,138.275,1.7282,75.3668,False,12,mechanical_001,79d0085777a69b241e0aecfb8f846de17ec9f872695857e4dba45a777a7b9804
5532,138.3,1.7285,75.4431,False,12,mechanical_001,79d0085777a69b241e0aecfb8f846de17ec9f872695857e4dba45a777a7b9804
5533,138.325,1.7288,75.5117,False,12,mechanical_001,79d0085777a69b241e0aecfb8f846de17ec9f872695857e4dba45a777a7b9804
5534,138.35,1.7291,75.5691,False,12,mechanical_001,79d0085777a69b241e0aecfb8f846de17ec9f872695857e4dba45a777a7b9804
5535,138.375,1.7294,75.6205,False,12,mechanical_001,79d0085777a69b241e0aecfb8f846de17ec9f872695857e4dba45a777a7b9804
5536,138.4,1.7297,75.657,False,12,mechanical_001,79d0085777a69b241e0aecfb8f846de17ec9f872695857e4dba45a777a7b9804
5537,138.425,1.73,75.6821,False,12,mechanical_001,79d0085777a69b241e0aecfb8f846de17ec9f872695857e4dba45a777a7b9804
5538,138.45,1.7303,75.7008,False,12,mechanical_001,79d0085777a69b241e0aecfb8f846de17ec9f872695857e4dba45a777a7b9804
5539,138.475,1.7306,75.7321,False,12,mechanical_001,79d0085777a69b241e0aecfb8f846de17ec9f872695857e4dba45a777a7b9804
5540,138.5,1.7309,75.7761,False,12,mechanical_001,79d0085777a69b241e0aecfb8f846de17ec9f872695857e4dba45a777a7b9804
5541,138.525,1.7312,75.8224,False,12,mechanical_001,79d0085777a69b241e0aecfb8f846de17ec9f872695857e4dba45a777a7b9804
5542,138.55,1.7315,75.8764,False,12,mechanical_001,79d0085777a69b241e0aecfb8f846de17ec9f872695857e4dba45a777a7b9804
5543,138.575,1.7318,75.9183,False,12,mechanical_001,79d0085777a69b241e0aecfb8f846de17ec9f872695857e4dba45a777a7b9804
5544,138.6,1.7321,75.9613,False,12,mechanical_001,79d0085777a69b241e0aecfb8f846de17ec9f872695857e4dba45a777a7b9804
5545,138.625,1.7324,76.0073,False,12,mechanical_001,79d0085777a69b241e0aecfb8f846de17ec9f872695857e4dba45a777a7b9804
5546,138.65,1.7327,76.0443,False,12,mechanical_001,79d0085777a69b241e0aecfb8f846de17ec9f872695857e4dba45a777a7b9804
5547,138.675,1.733,76.0778,False,12,mechanical_001,79d0085777a69b241e0aecfb8f846de17ec9f872695857e4dba45a777a7b9804
5548,138.7,1.7333,76.1193,False,12,mechanical_001,79d0085777a69b241e0aecfb8f846de17ec9f872695857e4dba45a777a7b9804
5549,138.725,1.7336,76.1744,False,12,mechanical_001,79d0085777a69b241e0aecfb8f846de17ec9f872695857e4dba45a777a7b9804
5550,138.75,1.734,76.2542,False,12,mechanical_001,79d0085777a69b241e0aecfb8f846de17ec9f872695857e4dba45a777a7b9804
5551,138.775,1.7343,76.3403,False,12,mechanical_001,79d0085777a69b241e0aecfb8f846de17ec9f872695857e4dba45a777a7b9804
5552,138.8,1.7346,76.4284,False,12,mechanical_001,79d0085777a69b241e0aecfb8f846de17ec9f872695857e4dba45a777a7b9804
5553,138.825,1.7349,76.523,False,12,mechanical_001,79d0085777a69b241e0aecfb8f846de17ec9f872695857e4dba45a777a7b9804
5554,138.85,1.7352,76.6448,False,12,mechanical_001,79d0085777a69b241e0aecfb8f846de17ec9f872695857e4dba45a777a7b9804
5555,138.875,1.7356,76.774,False,12,mechanical_001,79d0085777a69b241e0aecfb8f846de17ec9f872695857e4dba45a777a7b9804
5556,138.9,1.7359,76.9041,False,12,mechanical_001,79d0085777a69b241e0aecfb8f846de17ec9f872695857e4dba45a777a7b9804
5557,138.925,1.7362,77.0335,False,12,mechanical_001,79d0085777a69b241e0aecfb8f846de17ec9f872695857e4dba45a777a7b9804
5558,138.95,1.7366,77.1612,False,12,mechanical_001,79d0085777a69b241e0aecfb8f846de17ec9f872695857e4dba45a777a7b9804
5559,138.975,1.7369,77.2734,False,12,mechanical_001,79d0085777a69b241e0aecfb8f846de17ec9f872695857e4dba45a777a7b9804
5560,139.0,1.7372,77.3932,False,12,mechanical_001,79d0085777a69b241e0aecfb8f846de17ec9f872695857e4dba45a777a7b9804
5561,139.025,1.7375,77.5108,False,12,mechanical_001,79d0085777a69b241e0aecfb8f846de17ec9f872695857e4dba45a777a7b9804
5562,139.05,1.7379,77.6149,False,12,mechanical_001,79d0085777a69b241e0aecfb8f846de17ec9f872695857e4dba45a777a7b9804
5563,139.075,1.7382,77.689,False,12,mechanical_001,79d0085777a69b241e0aecfb8f846de17ec9f872695857e4dba45a777a7b9804
5564,139.1,1.7385,77.7439,False,12,mechanical_001,79d0085777a69b241e0aecfb8f846de17ec9f872695857e4dba45a777a7b9804
5565,139.125,1.7388,77.791,False,12,mechanical_001,79d0085777a69b241e0aecfb8f846de17ec9f872695857e4dba45a777a7b9804
5566,139.15,1.7391,77.8221,False,12,mechanical_001,79d0085777a69b241e0aecfb8f846de17ec9f872695857e4dba45a777a7b9804
5567,139.175,1.7394,77.8491,False,12,mechanical_001,79d0085777a69b241e0aecfb8f846de17ec9f872695857e4dba45a777a7b9804
5568,139.2,1.7397,77.8796,False,12,mechanical_001,79d0085777a69b241e0aecfb8f846de17ec9f872695857e4dba45a777a7b9804
5569,139.225,1.74,77.9226,False,12,mechanical_001,79d0085777a69b241e0aecfb8f846de17ec9f872695857e4dba45a777a7b9804
5570,139.25,1.7403,77.9737,False,12,mechanical_001,79d0085777a69b241e0aecfb8f846de17ec9f872695857e4dba45a777a7b9804
5571,139.275,1.7407,78.0466,False,12,mechanical_001,79d0085777a69b241e0aecfb8f846de17ec9f872695857e4dba45a777a7b9804
5572,139.3,1.741,78.1458,False,12,mechanical_001,79d0085777a69b241e0aecfb8f846de17ec9f872695857e4dba45a777a7b9804
5573,139.325,1.7413,78.2527,False,12,mechanical_001,79d0085777a69b241e0aecfb8f846de17ec9f872695857e4dba45a777a7b9804
5574,139.35,1.7416,78.345,False,12,mechanical_001,79d0085777a69b241e0aecfb8f846de17ec9f872695857e4dba45a777a7b9804
5575,139.375,1.7419,78.4156,False,12,mechanical_001,79d0085777a69b241e0aecfb8f846de17ec9f872695857e4dba45a777a7b9804
5576,139.4,1.7423,78.4837,False,12,mechanical_001,79d0085777a69b241e0aecfb8f846de17ec9f872695857e4dba45a777a7b9804
5577,139.425,1.7426,78.5453,False,12,mechanical_001,79d0085777a69b241e0aecfb8f846de17ec9f872695857e4dba45a777a7b9804
5578,139.45,1.7429,78.6069,False,12,mechanical_001,79d0085777a69b241e0aecfb8f846de17ec9f872695857e4dba45a777a7b9804
5579,139.475,1.7432,78.6773,False,12,mechanical_001,79d0085777a69b241e0aecfb8f846de17ec9f872695857e4dba45a777a7b9804
5580,139.5,1.7435,78.7489,False,12,mechanical_001,79d0085777a69b241e0aecfb8f846de17ec9f872695857e4dba45a777a7b9804
5581,139.525,1.7438,78.8241,False,12,mechanical_001,79d0085777a69b241e0aecfb8f846de17ec9f872695857e4dba45a777a7b9804
5582,139.55,1.7441,78.8936,False,12,mechanical_001,79d0085777a69b241e0aecfb8f846de17ec9f872695857e4dba45a777a7b9804
5583,139.575,1.7445,78.9571,False,12,mechanical_001,79d0085777a69b241e0aecfb8f846de17ec9f872695857e4dba45a777a7b9804
5584,139.6,1.7448,79.0171,False,12,mechanical_001,79d0085777a69b241e0aecfb8f846de17ec9f872695857e4dba45a777a7b9804
5585,139.625,1.7451,79.0903,False,12,mechanical_001,79d0085777a69b241e0aecfb8f846de17ec9f872695857e4dba45a777a7b9804
5586,139.65,1.7454,79.1708,False,12,mechanical_001,79d0085777a69b241e0aecfb8f846de17ec9f872695857e4dba45a777a7b9804
5587,139.675,1.7457,79.2521,False,12,mechanical_001,79d0085777a69b241e0aecfb8f846de17ec9f872695857e4dba45a777a7b9804
5588,139.7,1.746,79.3413,False,12,mechanical_001,79d0085777a69b241e0aecfb8f846de17ec9f872695857e4dba45a777a7b9804
5589,139.725,1.7463,79.4171,False,12,mechanical_001,79d0085777a69b241e0aecfb8f846de17ec9f872695857e4dba45a777a7b9804
5590,139.75,1.7467,79.4788,False,12,mechanical_001,79d0085777a69b241e0aecfb8f846de17ec9f872695857e4dba45a777a7b9804
5591,139.775,1.747,79.5486,False,12,mechanical_001,79d0085777a69b241e0aecfb8f846de17ec9f872695857e4dba45a777a7b9804
5592,139.8,1.7473,79.6195,False,12,mechanical_001,79d0085777a69b241e0aecfb8f846de17ec9f872695857e4dba45a777a7b9804
5593,139.825,1.7476,79.6904,False,12,mechanical_001,79d0085777a69b241e0aecfb8f846de17ec9f872695857e4dba45a777a7b9804
5594,139.85,1.7479,79.7611,False,12,mechanical_001,79d0085777a69b241e0aecfb8f846de17ec9f872695857e4dba45a777a7b9804
5595,139.875,1.7482,79.8404,False,12,mechanical_001,79d0085777a69b241e0aecfb8f846de17ec9f872695857e4dba45a777a7b9804
5596,139.9,1.7486,79.9352,False,12,mechanical_001,79d0085777a69b241e0aecfb8f846de17ec9f872695857e4dba45a777a7b9804
5597,139.925,1.7489,80.0442,False,12,mechanical_001,79d0085777a69b241e0aecfb8f846de17ec9f872695857e4dba45a777a7b9804
5598,139.95,1.7492,80.1559,False,12,mechanical_001,79d0085777a69b241e0aecfb8f846de17ec9f872695857e4dba45a777a7b9804
5599,139.975,1.7495,80.2588,False,12,mechanical_001,79d0085777a69b241e0aecfb8f846de17ec9f872695857e4dba45a777a7b9804
5600,140.0,1.7499,80.3509,False,12,mechanical_001,79d0085777a69b241e0aecfb8f846de17ec9f872695857e4dba45a777a7b9804
5601,140.025,1.7502,80.4373,False,12,mechanical_001,79d0085777a69b241e0aecfb8f846de17ec9f872695857e4dba45a777a7b9804
5602,140.05,1.7505,80.5217,False,12,mechanical_001,79d0085777a69b241e0aecfb8f846de17ec9f872695857e4dba45a777a7b9804
5603,140.075,1.7508,80.6026,False,12,mechanical_001,79d0085777a69b241e0aecfb8f846de17ec9f872695857e4dba45a777a7b9804
5604,140.1,1.7512,80.6803,False,12,mechanical_001,79d0085777a69b241e0aecfb8f846de17ec9f872695857e4dba45a777a7b9804
5605,140.125,1.7515,80.7526,False,12,mechanical_001,79d0085777a69b241e0aecfb8f846de17ec9f872695857e4dba45a777a7b9804
5606,140.15,1.7518,80.812,False,12,mechanical_001,79d0085777a69b241e0aecfb8f846de17ec9f872695857e4dba45a777a7b9804
5607,140.175,1.7521,80.8641,False,12,mechanical_001,79d0085777a69b241e0aecfb8f846de17ec9f872695857e4dba45a777a7b9804
5608,140.2,1.7524,80.9255,False,12,mechanical_001,79d0085777a69b241e0aecfb8f846de17ec9f872695857e4dba45a777a7b9804
5609,140.225,1.7527,81.0135,False,12,mechanical_001,79d0085777a69b241e0aecfb8f846de17ec9f872695857e4dba45a777a7b9804
5610,140.25,1.7531,81.1137,False,12,mechanical_001,79d0085777a69b241e0aecfb8f846de17ec9f872695857e4dba45a777a7b9804
5611,140.275,1.7534,81.2346,False,12,mechanical_001,79d0085777a69b241e0aecfb8f846de17ec9f872695857e4dba45a777a7b9804
5612,140.3,1.7537,81.3677,False,12,mechanical_001,79d0085777a69b241e0aecfb8f846de17ec9f872695857e4dba45a777a7b9804
5613,140.325,1.7541,81.4953,False,12,mechanical_001,79d0085777a69b241e0aecfb8f846de17ec9f872695857e4dba45a777a7b9804
5614,140.35,1.7544,81.6078,False,12,mechanical_001,79d0085777a69b241e0aecfb8f846de17ec9f872695857e4dba45a777a7b9804
5615,140.375,1.7547,81.6951,False,12,mechanical_001,79d0085777a69b241e0aecfb8f846de17ec9f872695857e4dba45a777a7b9804
5616,140.4,1.755,81.7453,False,12,mechanical_001,79d0085777a69b241e0aecfb8f846de17ec9f872695857e4dba45a777a7b9804
5617,140.425,1.7553,81.7874,False,12,mechanical_001,79d0085777a69b241e0aecfb8f846de17ec9f872695857e4dba45a777a7b9804
5618,140.45,1.7556,81.8334,False,12,mechanical_001,79d0085777a69b241e0aecfb8f846de17ec9f872695857e4dba45a777a7b9804
5619,140.475,1.756,81.8956,False,12,mechanical_001,79d0085777a69b241e0aecfb8f846de17ec9f872695857e4dba45a777a7b9804
5620,140.5,1.7563,81.9686,False,12,mechanical_001,79d0085777a69b241e0aecfb8f846de17ec9f872695857e4dba45a777a7b9804
5621,140.525,1.7566,82.0259,False,12,mechanical_001,79d0085777a69b241e0aecfb8f846de17ec9f872695857e4dba45a777a7b9804
5622,140.55,1.7569,82.073,False,12,mechanical_001,79d0085777a69b241e0aecfb8f846de17ec9f872695857e4dba45a777a7b9804
5623,140.575,1.7572,82.102,False,12,mechanical_001,79d0085777a69b241e0aecfb8f846de17ec9f872695857e4dba45a777a7b9804
5624,140.6,1.7575,82.12,False,12,mechanical_001,79d0085777a69b241e0aecfb8f846de17ec9f872695857e4dba45a777a7b9804
5625,140.625,1.7578,82.1427,False,12,mechanical_001,79d0085777a69b241e0aecfb8f846de17ec9f872695857e4dba45a777a7b9804
5626,140.65,1.7581,82.1751,False,12,mechanical_001,79d0085777a69b241e0aecfb8f846de17ec9f872695857e4dba45a777a7b9804
5627,140.675,1.7584,82.2313,False,12,mechanical_001,79d0085777a69b241e0aecfb8f846de17ec9f872695857e4dba45a777a7b9804
5628,140.7,1.7587,82.3104,False,12,mechanical_001,79d0085777a69b241e0aecfb8f846de17ec9f872695857e4dba45a777a7b9804
5629,140.725,1.759,82.4158,False,12,mechanical_001,79d0085777a69b241e0aecfb8f846de17ec9f872695857e4dba45a777a7b9804
5630,140.75,1.7594,82.5543,False,12,mechanical_001,79d0085777a69b241e0aecfb8f846de17ec9f872695857e4dba45a777a7b9804
5631,140.775,1.7597,82.7016,False,12,mechanical_001,79d0085777a69b241e0aecfb8f846de17ec9f872695857e4dba45a777a7b9804
5632,140.8,1.76,82.8455,False,12,mechanical_001,79d0085777a69b241e0aecfb8f846de17ec9f872695857e4dba45a777a7b9804
5633,140.825,1.7603,82.9898,False,12,mechanical_001,79d0085777a69b241e0aecfb8f846de17ec9f872695857e4dba45a777a7b9804
5634,140.85,1.7607,83.1465,False,12,mechanical_001,79d0085777a69b241e0aecfb8f846de17ec9f872695857e4dba45a777a7b9804
5635,140.875,1.761,83.3303,False,12,mechanical_001,79d0085777a69b241e0aecfb8f846de17ec9f872695857e4dba45a777a7b9804
5636,140.9,1.7614,83.5068,False,12,mechanical_001,79d0085777a69b241e0aecfb8f846de17ec9f872695857e4dba45a777a7b9804
5637,140.925,1.7617,83.6144,False,12,mechanical_001,79d0085777a69b241e0aecfb8f846de17ec9f872695857e4dba45a777a7b9804
5638,140.95,1.762,83.6403,False,12,mechanical_001,79d0085777a69b241e0aecfb8f846de17ec9f872695857e4dba45a777a7b9804
5639,140.975,1.7623,83.6156,False,12,mechanical_001,79d0085777a69b241e0aecfb8f846de17ec9f872695857e4dba45a777a7b9804
5640,141.0,1.7626,83.5586,False,12,mechanical_001,79d0085777a69b241e0aecfb8f846de17ec9f872695857e4dba45a777a7b9804
5641,141.025,1.7628,83.4913,False,12,mechanical_001,79d0085777a69b241e0aecfb8f846de17ec9f872695857e4dba45a777a7b9804
5642,141.05,1.7631,83.4375,False,12,mechanical_001,79d0085777a69b241e0aecfb8f846de17ec9f872695857e4dba45a777a7b9804
5643,141.075,1.7634,83.3936,False,12,mechanical_001,79d0085777a69b241e0aecfb8f846de17ec9f872695857e4dba45a777a7b9804
5644,141.1,1.7637,83.3617,False,12,mechanical_001,79d0085777a69b241e0aecfb8f846de17ec9f872695857e4dba45a777a7b9804
5645,141.125,1.7639,83.3424,False,12,mechanical_001,79d0085777a69b241e0aecfb8f846de17ec9f872695857e4dba45a777a7b9804
5646,141.15,1.7642,83.3371,False,12,mechanical_001,79d0085777a69b241e0aecfb8f846de17ec9f872695857e4dba45a777a7b9804
5647,141.175,1.7645,83.3556,False,12,mechanical_001,79d0085777a69b241e0aecfb8f846de17ec9f872695857e4dba45a777a7b9804
5648,141.2,1.7648,83.4109,False,12,mechanical_001,79d0085777a69b241e0aecfb8f846de17ec9f872695857e4dba45a777a7b9804
5649,141.225,1.7651,83.4947,False,12,mechanical_001,79d0085777a69b241e0aecfb8f846de17ec9f872695857e4dba45a777a7b9804
5650,141.25,1.7654,83.6047,False,12,mechanical_001,79d0085777a69b241e0aecfb8f846de17ec9f872695857e4dba45a777a7b9804
5651,141.275,1.7657,83.7214,False,12,mechanical_001,79d0085777a69b241e0aecfb8f846de17ec9f872695857e4dba45a777a7b9804
5652,141.3,1.766,83.8462,False,12,mechanical_001,79d0085777a69b241e0aecfb8f846de17ec9f872695857e4dba45a777a7b9804
5653,141.325,1.7664,83.9565,False,12,mechanical_001,79d0085777a69b241e0aecfb8f846de17ec9f872695857e4dba45a777a7b9804
5654,141.35,1.7667,84.0526,False,12,mechanical_001,79d0085777a69b241e0aecfb8f846de17ec9f872695857e4dba45a777a7b9804
5655,141.375,1.767,84.1395,False,12,mechanical_001,79d0085777a69b241e0aecfb8f846de17ec9f872695857e4dba45a777a7b9804
5656,141.4,1.7673,84.2263,False,12,mechanical_001,79d0085777a69b241e0aecfb8f846de17ec9f872695857e4dba45a777a7b9804
5657,141.425,1.7676,84.3083,False,12,mechanical_001,79d0085777a69b241e0aecfb8f846de17ec9f872695857e4dba45a777a7b9804
5658,141.45,1.7679,84.3819,False,12,mechanical_001,79d0085777a69b241e0aecfb8f846de17ec9f872695857e4dba45a777a7b9804
5659,141.475,1.7682,84.4633,False,12,mechanical_001,79d0085777a69b241e0aecfb8f846de17ec9f872695857e4dba45a777a7b9804
5660,141.5,1.7685,84.5405,False,12,mechanical_001,79d0085777a69b241e0aecfb8f846de17ec9f872695857e4dba45a777a7b9804
5661,141.525,1.7688,84.6155,False,12,mechanical_001,79d0085777a69b241e0aecfb8f846de17ec9f872695857e4dba45a777a7b9804
5662,141.55,1.7691,84.6808,False,12,mechanical_001,79d0085777a69b241e0aecfb8f846de17ec9f872695857e4dba45a777a7b9804
5663,141.575,1.7694,84.7465,False,12,mechanical_001,79d0085777a69b241e0aecfb8f846de17ec9f872695857e4dba45a777a7b9804
5664,141.6,1.7697,84.8224,False,12,mechanical_001,79d0085777a69b241e0aecfb8f846de17ec9f872695857e4dba45a777a7b9804
5665,141.625,1.77,84.9056,False,12,mechanical_001,79d0085777a69b241e0aecfb8f846de17ec9f872695857e4dba45a777a7b9804
5666,141.65,1.7703,84.9812,False,12,mechanical_001,79d0085777a69b241e0aecfb8f846de17ec9f872695857e4dba45a777a7b9804
5667,141.675,1.7706,85.0385,False,12,mechanical_001,79d0085777a69b241e0aecfb8f846de17ec9f872695857e4dba45a777a7b9804
5668,141.7,1.7709,85.08,False,12,mechanical_001,79d0085777a69b241e0aecfb8f846de17ec9f872695857e4dba45a777a7b9804
5669,141.725,1.7712,85.114,False,12,mechanical_001,79d0085777a69b241e0aecfb8f846de17ec9f872695857e4dba45a777a7b9804
5670,141.75,1.7715,85.1404,False,12,mechanical_001,79d0085777a69b241e0aecfb8f846de17ec9f872695857e4dba45a777a7b9804
5671,141.775,1.7718,85.1641,False,12,mechanical_001,79d0085777a69b241e0aecfb8f846de17ec9f872695857e4dba45a777a7b9804
5672,141.8,1.7721,85.1831,False,12,mechanical_001,79d0085777a69b241e0aecfb8f846de17ec9f872695857e4dba45a777a7b9804
5673,141.825,1.7724,85.2101,False,12,mechanical_001,79d0085777a69b241e0aecfb8f846de17ec9f872695857e4dba45a777a7b9804
5674,141.85,1.7727,85.2463,False,12,mechanical_001,79d0085777a69b241e0aecfb8f846de17ec9f872695857e4dba45a777a7b9804
5675,141.875,1.773,85.3109,False,12,mechanical_001,79d0085777a69b241e0aecfb8f846de17ec9f872695857e4dba45a777a7b9804
5676,141.9,1.7733,85.397,False,12,mechanical_001,79d0085777a69b241e0aecfb8f846de17ec9f872695857e4dba45a777a7b9804
5677,141.925,1.7736,85.5084,False,12,mechanical_001,79d0085777a69b241e0aecfb8f846de17ec9f872695857e4dba45a777a7b9804
5678,141.95,1.7739,85.6412,False,12,mechanical_001,79d0085777a69b241e0aecfb8f846de17ec9f872695857e4dba45a777a7b9804
5679,141.975,1.7742,85.7879,False,12,mechanical_001,79d0085777a69b241e0aecfb8f846de17ec9f872695857e4dba45a777a7b9804
5680,142.0,1.7746,85.9243,False,12,mechanical_001,79d0085777a69b241e0aecfb8f846de17ec9f872695857e4dba45a777a7b9804
5681,142.025,1.7749,86.0572,False,12,mechanical_001,79d0085777a69b241e0aecfb8f846de17ec9f872695857e4dba45a777a7b9804
5682,142.05,1.7752,86.1763,False,12,mechanical_001,79d0085777a69b241e0aecfb8f846de17ec9f872695857e4dba45a777a7b9804
5683,142.075,1.7755,86.2795,False,12,mechanical_001,79d0085777a69b241e0aecfb8f846de17ec9f872695857e4dba45a777a7b9804
5684,142.1,1.7758,86.3887,False,12,mechanical_001,79d0085777a69b241e0aecfb8f846de17ec9f872695857e4dba45a777a7b9804
5685,142.125,1.7761,86.4997,False,12,mechanical_001,79d0085777a69b241e0aecfb8f846de17ec9f872695857e4dba45a777a7b9804
5686,142.15,1.7765,86.6041,False,12,mechanical_001,79d0085777a69b241e0aecfb8f846de17ec9f872695857e4dba45a777a7b9804
5687,142.175,1.7768,86.7138,False,12,mechanical_001,79d0085777a69b241e0aecfb8f846de17ec9f872695857e4dba45a777a7b9804
5688,142.2,1.7771,86.8197,False,12,mechanical_001,79d0085777a69b241e0aecfb8f846de17ec9f872695857e4dba45a777a7b9804
5689,142.225,1.7774,86.9251,False,12,mechanical_001,79d0085777a69b241e0aecfb8f846de17ec9f872695857e4dba45a777a7b9804
5690,142.25,1.7777,87.0268,False,12,mechanical_001,79d0085777a69b241e0aecfb8f846de17ec9f872695857e4dba45a777a7b9804
5691,142.275,1.778,87.1255,False,12,mechanical_001,79d0085777a69b241e0aecfb8f846de17ec9f872695857e4dba45a777a7b9804
5692,142.3,1.7783,87.2134,False,12,mechanical_001,79d0085777a69b241e0aecfb8f846de17ec9f872695857e4dba45a777a7b9804
5693,142.325,1.7786,87.2976,False,12,mechanical_001,79d0085777a69b241e0aecfb8f846de17ec9f872695857e4dba45a777a7b9804
5694,142.35,1.779,87.3684,False,12,mechanical_001,79d0085777a69b241e0aecfb8f846de17ec9f872695857e4dba45a777a7b9804
5695,142.375,1.7793,87.4373,False,12,mechanical_001,79d0085777a69b241e0aecfb8f846de17ec9f872695857e4dba45a777a7b9804
5696,142.4,1.7796,87.5183,False,12,mechanical_001,79d0085777a69b241e0aecfb8f846de17ec9f872695857e4dba45a777a7b9804
5697,142.425,1.7799,87.6161,False,12,mechanical_001,79d0085777a69b241e0aecfb8f846de17ec9f872695857e4dba45a777a7b9804
5698,142.45,1.7802,87.722,False,12,mechanical_001,79d0085777a69b241e0aecfb8f846de17ec9f872695857e4dba45a777a7b9804
5699,142.475,1.7805,87.8334,False,12,mechanical_001,79d0085777a69b241e0aecfb8f846de17ec9f872695857e4dba45a777a7b9804
5700,142.5,1.7808,87.961,False,12,mechanical_001,79d0085777a69b241e0aecfb8f846de17ec9f872695857e4dba45a777a7b9804
5701,142.525,1.7811,88.0863,False,12,mechanical_001,79d0085777a69b241e0aecfb8f846de17ec9f872695857e4dba45a777a7b9804
5702,142.55,1.7815,88.2099,False,12,mechanical_001,79d0085777a69b241e0aecfb8f846de17ec9f872695857e4dba45a777a7b9804
5703,142.575,1.7818,88.3413,False,12,mechanical_001,79d0085777a69b241e0aecfb8f846de17ec9f872695857e4dba45a777a7b9804
5704,142.6,1.7821,88.4812,False,12,mechanical_001,79d0085777a69b241e0aecfb8f846de17ec9f872695857e4dba45a777a7b9804
5705,142.625,1.7824,88.6242,False,12,mechanical_001,79d0085777a69b241e0aecfb8f846de17ec9f872695857e4dba45a777a7b9804
5706,142.65,1.7828,88.775,False,12,mechanical_001,79d0085777a69b241e0aecfb8f846de17ec9f872695857e4dba45a777a7b9804
5707,142.675,1.7831,88.9379,False,12,mechanical_001,79d0085777a69b241e0aecfb8f846de17ec9f872695857e4dba45a777a7b9804
5708,142.7,1.7834,89.1143,False,12,mechanical_001,79d0085777a69b241e0aecfb8f846de17ec9f872695857e4dba45a777a7b9804
5709,142.725,1.7838,89.2846,False,12,mechanical_001,79d0085777a69b241e0aecfb8f846de17ec9f872695857e4dba45a777a7b9804
5710,142.75,1.7841,89.4549,False,12,mechanical_001,79d0085777a69b241e0aecfb8f846de17ec9f872695857e4dba45a777a7b9804
5711,142.775,1.7844,89.614,False,12,mechanical_001,79d0085777a69b241e0aecfb8f846de17ec9f872695857e4dba45a777a7b9804
5712,142.8,1.7848,89.7494,False,12,mechanical_001,79d0085777a69b241e0aecfb8f846de17ec9f872695857e4dba45a777a7b9804
5713,142.825,1.7851,89.8559,False,12,mechanical_001,79d0085777a69b241e0aecfb8f846de17ec9f872695857e4dba45a777a7b9804
5714,142.85,1.7854,89.9304,False,12,mechanical_001,79d0085777a69b241e0aecfb8f846de17ec9f872695857e4dba45a777a7b9804
5715,142.875,1.7857,89.9907,False,12,mechanical_001,79d0085777a69b241e0aecfb8f846de17ec9f872695857e4dba45a777a7b9804
5716,142.9,1.786,90.0376,False,12,mechanical_001,79d0085777a69b241e0aecfb8f846de17ec9f872695857e4dba45a777a7b9804
5717,142.925,1.7863,90.0773,False,12,mechanical_001,79d0085777a69b241e0aecfb8f846de17ec9f872695857e4dba45a777a7b9804
5718,142.95,1.7866,90.1325,False,12,mechanical_001,79d0085777a69b241e0aecfb8f846de17ec9f872695857e4dba45a777a7b9804
5719,142.975,1.7869,90.2073,False,12,mechanical_001,79d0085777a69b241e0aecfb8f846de17ec9f872695857e4dba45a777a7b9804
5720,143.0,1.7872,90.304,False,12,mechanical_001,79d0085777a69b241e0aecfb8f846de17ec9f872695857e4dba45a777a7b9804
5721,143.025,1.7876,90.4236,False,12,mechanical_001,79d0085777a69b241e0aecfb8f846de17ec9f872695857e4dba45a777a7b9804
5722,143.05,1.7879,90.5533,False,12,mechanical_001,79d0085777a69b241e0aecfb8f846de17ec9f872695857e4dba45a777a7b9804
5723,143.075,1.7882,90.6731,False,12,mechanical_001,79d0085777a69b241e0aecfb8f846de17ec9f872695857e4dba45a777a7b9804
5724,143.1,1.7885,90.779,False,12,mechanical_001,79d0085777a69b241e0aecfb8f846de17ec9f872695857e4dba45a777a7b9804
5725,143.125,1.7888,90.8701,False,12,mechanical_001,79d0085777a69b241e0aecfb8f846de17ec9f872695857e4dba45a777a7b9804
5726,143.15,1.7892,90.9488,False,12,mechanical_001,79d0085777a69b241e0aecfb8f846de17ec9f872695857e4dba45a777a7b9804
5727,143.175,1.7895,91.018,False,12,mechanical_001,79d0085777a69b241e0aecfb8f846de17ec9f872695857e4dba45a777a7b9804
5728,143.2,1.7898,91.0857,False,12,mechanical_001,79d0085777a69b241e0aecfb8f846de17ec9f872695857e4dba45a777a7b9804
5729,143.225,1.7901,91.1344,False,12,mechanical_001,79d0085777a69b241e0aecfb8f846de17ec9f872695857e4dba45a777a7b9804
5730,143.25,1.7904,91.181,False,12,mechanical_001,79d0085777a69b241e0aecfb8f846de17ec9f872695857e4dba45a777a7b9804
5731,143.275,1.7907,91.2432,False,12,mechanical_001,79d0085777a69b241e0aecfb8f846de17ec9f872695857e4dba45a777a7b9804
5732,143.3,1.791,91.3207,False,12,mechanical_001,79d0085777a69b241e0aecfb8f846de17ec9f872695857e4dba45a777a7b9804
5733,143.325,1.7913,91.4102,False,12,mechanical_001,79d0085777a69b241e0aecfb8f846de17ec9f872695857e4dba45a777a7b9804
5734,143.35,1.7916,91.5108,False,12,mechanical_001,79d0085777a69b241e0aecfb8f846de17ec9f872695857e4dba45a777a7b9804
5735,143.375,1.7919,91.6108,False,12,mechanical_001,79d0085777a69b241e0aecfb8f846de17ec9f872695857e4dba45a777a7b9804
5736,143.4,1.7923,91.6959,False,12,mechanical_001,79d0085777a69b241e0aecfb8f846de17ec9f872695857e4dba45a777a7b9804
5737,143.425,1.7926,91.7649,False,12,mechanical_001,79d0085777a69b241e0aecfb8f846de17ec9f872695857e4dba45a777a7b9804
5738,143.45,1.7929,91.8344,False,12,mechanical_001,79d0085777a69b241e0aecfb8f846de17ec9f872695857e4dba45a777a7b9804
5739,143.475,1.7932,91.9149,False,12,mechanical_001,79d0085777a69b241e0aecfb8f846de17ec9f872695857e4dba45a777a7b9804
5740,143.5,1.7935,91.9939,False,12,mechanical_001,79d0085777a69b241e0aecfb8f846de17ec9f872695857e4dba45a777a7b9804
5741,143.525,1.7938,92.0813,False,12,mechanical_001,79d0085777a69b241e0aecfb8f846de17ec9f872695857e4dba45a777a7b9804
5742,143.55,1.7941,92.1809,False,12,mechanical_001,79d0085777a69b241e0aecfb8f846de17ec9f872695857e4dba45a777a7b9804
5743,143.575,1.7944,92.2782,False,12,mechanical_001,79d0085777a69b241e0aecfb8f846de17ec9f872695857e4dba45a777a7b9804
5744,143.6,1.7948,92.375,False,12,mechanical_001,79d0085777a69b241e0aecfb8f846de17ec9f872695857e4dba45a777a7b9804
5745,143.625,1.7951,92.465,False,12,mechanical_001,79d0085777a69b241e0aecfb8f846de17ec9f872695857e4dba45a777a7b9804
5746,143.65,1.7954,92.5479,False,12,mechanical_001,79d0085777a69b241e0aecfb8f846de17ec9f872695857e4dba45a777a7b9804
5747,143.675,1.7957,92.623,False,12,mechanical_001,79d0085777a69b241e0aecfb8f846de17ec9f872695857e4dba45a777a7b9804
5748,143.7,1.796,92.6918,False,12,mechanical_001,79d0085777a69b241e0aecfb8f846de17ec9f872695857e4dba45a777a7b9804
5749,143.725,1.7963,92.7587,False,12,mechanical_001,79d0085777a69b241e0aecfb8f846de17ec9f872695857e4dba45a777a7b9804
5750,143.75,1.7966,92.8235,False,12,mechanical_001,79d0085777a69b241e0aecfb8f846de17ec9f872695857e4dba45a777a7b9804
5751,143.775,1.797,92.8867,False,12,mechanical_001,79d0085777a69b241e0aecfb8f846de17ec9f872695857e4dba45a777a7b9804
5752,143.8,1.7973,92.9412,False,12,mechanical_001,79d0085777a69b241e0aecfb8f846de17ec9f872695857e4dba45a777a7b9804
5753,143.825,1.7976,93.0037,False,12,mechanical_001,79d0085777a69b241e0aecfb8f846de17ec9f872695857e4dba45a777a7b9804
5754,143.85,1.7979,93.0691,False,12,mechanical_001,79d0085777a69b241e0aecfb8f846de17ec9f872695857e4dba45a777a7b9804
5755,143.875,1.7982,93.1273,False,12,mechanical_001,79d0085777a69b241e0aecfb8f846de17ec9f872695857e4dba45a777a7b9804
5756,143.9,1.7985,93.1831,False,12,mechanical_001,79d0085777a69b241e0aecfb8f846de17ec9f872695857e4dba45a777a7b9804
5757,143.925,1.7988,93.2328,False,12,mechanical_001,79d0085777a69b241e0aecfb8f846de17ec9f872695857e4dba45a777a7b9804
5758,143.95,1.7991,93.2688,False,12,mechanical_001,79d0085777a69b241e0aecfb8f846de17ec9f872695857e4dba45a777a7b9804
5759,143.975,1.7994,93.315,False,12,mechanical_001,79d0085777a69b241e0aecfb8f846de17ec9f872695857e4dba45a777a7b9804
5760,144.0,1.7997,93.3977,False,12,mechanical_001,79d0085777a69b241e0aecfb8f846de17ec9f872695857e4dba45a777a7b9804
5761,144.025,1.8,93.514,False,12,mechanical_001,79d0085777a69b241e0aecfb8f846de17ec9f872695857e4dba45a777a7b9804
5762,144.05,1.8004,93.6529,False,12,mechanical_001,79d0085777a69b241e0aecfb8f846de17ec9f872695857e4dba45a777a7b9804
5763,144.075,1.8007,93.8045,False,12,mechanical_001,79d0085777a69b241e0aecfb8f846de17ec9f872695857e4dba45a777a7b9804
5764,144.1,1.801,93.9497,False,12,mechanical_001,79d0085777a69b241e0aecfb8f846de17ec9f872695857e4dba45a777a7b9804
5765,144.125,1.8013,94.0621,False,12,mechanical_001,79d0085777a69b241e0aecfb8f846de17ec9f872695857e4dba45a777a7b9804
5766,144.15,1.8017,94.14,False,12,mechanical_001,79d0085777a69b241e0aecfb8f846de17ec9f872695857e4dba45a777a7b9804
5767,144.175,1.802,94.1993,False,12,mechanical_001,79d0085777a69b241e0aecfb8f846de17ec9f872695857e4dba45a777a7b9804
5768,144.2,1.8023,94.2446,False,12,mechanical_001,79d0085777a69b241e0aecfb8f846de17ec9f872695857e4dba45a777a7b9804
5769,144.225,1.8026,94.3036,False,12,mechanical_001,79d0085777a69b241e0aecfb8f846de17ec9f872695857e4dba45a777a7b9804
5770,144.25,1.8029,94.3849,False,12,mechanical_001,79d0085777a69b241e0aecfb8f846de17ec9f872695857e4dba45a777a7b9804
5771,144.275,1.8032,94.4791,False,12,mechanical_001,79d0085777a69b241e0aecfb8f846de17ec9f872695857e4dba45a777a7b9804
5772,144.3,1.8035,94.5831,False,12,mechanical_001,79d0085777a69b241e0aecfb8f846de17ec9f872695857e4dba45a777a7b9804
5773,144.325,1.8038,94.6928,False,12,mechanical_001,79d0085777a69b241e0aecfb8f846de17ec9f872695857e4dba45a777a7b9804
5774,144.35,1.8041,94.8083,False,12,mechanical_001,79d0085777a69b241e0aecfb8f846de17ec9f872695857e4dba45a777a7b9804
5775,144.375,1.8045,94.9179,False,12,mechanical_001,79d0085777a69b241e0aecfb8f846de17ec9f872695857e4dba45a777a7b9804
5776,144.4,1.8048,95.0248,False,12,mechanical_001,79d0085777a69b241e0aecfb8f846de17ec9f872695857e4dba45a777a7b9804
5777,144.425,1.8051,95.1294,False,12,mechanical_001,79d0085777a69b241e0aecfb8f846de17ec9f872695857e4dba45a777a7b9804
5778,144.45,1.8054,95.2267,False,12,mechanical_001,79d0085777a69b241e0aecfb8f846de17ec9f872695857e4dba45a777a7b9804
5779,144.475,1.8057,95.3062,False,12,mechanical_001,79d0085777a69b241e0aecfb8f846de17ec9f872695857e4dba45a777a7b9804
5780,144.5,1.806,95.3708,False,12,mechanical_001,79d0085777a69b241e0aecfb8f846de17ec9f872695857e4dba45a777a7b9804
5781,144.525,1.8063,95.4328,False,12,mechanical_001,79d0085777a69b241e0aecfb8f846de17ec9f872695857e4dba45a777a7b9804
5782,144.55,1.8066,95.5027,False,12,mechanical_001,79d0085777a69b241e0aecfb8f846de17ec9f872695857e4dba45a777a7b9804
5783,144.575,1.8069,95.5881,False,12,mechanical_001,79d0085777a69b241e0aecfb8f846de17ec9f872695857e4dba45a777a7b9804
5784,144.6,1.8072,95.687,False,12,mechanical_001,79d0085777a69b241e0aecfb8f846de17ec9f872695857e4dba45a777a7b9804
5785,144.625,1.8075,95.7959,False,12,mechanical_001,79d0085777a69b241e0aecfb8f846de17ec9f872695857e4dba45a777a7b9804
5786,144.65,1.8078,95.9086,False,12,mechanical_001,79d0085777a69b241e0aecfb8f846de17ec9f872695857e4dba45a777a7b9804
5787,144.675,1.8081,96.0216,False,12,mechanical_001,79d0085777a69b241e0aecfb8f846de17ec9f872695857e4dba45a777a7b9804
5788,144.7,1.8084,96.1224,False,12,mechanical_001,79d0085777a69b241e0aecfb8f846de17ec9f872695857e4dba45a777a7b9804
5789,144.725,1.8088,96.22,False,12,mechanical_001,79d0085777a69b241e0aecfb8f846de17ec9f872695857e4dba45a777a7b9804
5790,144.75,1.8091,96.3228,False,12,mechanical_001,79d0085777a69b241e0aecfb8f846de17ec9f872695857e4dba45a777a7b9804
5791,144.775,1.8094,96.4217,False,12,mechanical_001,79d0085777a69b241e0aecfb8f846de17ec9f872695857e4dba45a777a7b9804
5792,144.8,1.8097,96.514,False,12,mechanical_001,79d0085777a69b241e0aecfb8f846de17ec9f872695857e4dba45a777a7b9804
5793,144.825,1.81,96.6078,False,12,mechanical_001,79d0085777a69b241e0aecfb8f846de17ec9f872695857e4dba45a777a7b9804
5794,144.85,1.8103,96.7027,False,12,mechanical_001,79d0085777a69b241e0aecfb8f846de17ec9f872695857e4dba45a777a7b9804
5795,144.875,1.8106,96.7981,False,12,mechanical_001,79d0085777a69b241e0aecfb8f846de17ec9f872695857e4dba45a777a7b9804
5796,144.9,1.8109,96.8971,False,12,mechanical_001,79d0085777a69b241e0aecfb8f846de17ec9f872695857e4dba45a777a7b9804
5797,144.925,1.8112,97.0114,False,12,mechanical_001,79d0085777a69b241e0aecfb8f846de17ec9f872695857e4dba45a777a7b9804
5798,144.95,1.8115,97.1349,False,12,mechanical_001,79d0085777a69b241e0aecfb8f846de17ec9f872695857e4dba45a777a7b9804
5799,144.975,1.8118,97.2536,False,12,mechanical_001,79d0085777a69b241e0aecfb8f846de17ec9f872695857e4dba45a777a7b9804
5800,145.0,1.8121,97.38,False,12,mechanical_001,79d0085777a69b241e0aecfb8f846de17ec9f872695857e4dba45a777a7b9804
5801,145.025,1.8124,97.5113,False,12,mechanical_001,79d0085777a69b241e0aecfb8f846de17ec9f872695857e4dba45a777a7b9804
5802,145.05,1.8128,97.6351,False,12,mechanical_001,79d0085777a69b241e0aecfb8f846de17ec9f872695857e4dba45a777a7b9804
5803,145.075,1.8131,97.746,False,12,mechanical_001,79d0085777a69b241e0aecfb8f846de17ec9f872695857e4dba45a777a7b9804
5804,145.1,1.8134,97.8524,False,12,mechanical_001,79d0085777a69b241e0aecfb8f846de17ec9f872695857e4dba45a777a7b9804
5805,145.125,1.8137,97.96,False,12,mechanical_001,79d0085777a69b241e0aecfb8f846de17ec9f872695857e4dba45a777a7b9804
5806,145.15,1.814,98.081,False,12,mechanical_001,79d0085777a69b241e0aecfb8f846de17ec9f872695857e4dba45a777a7b9804
5807,145.175,1.8143,98.2104,False,12,mechanical_001,79d0085777a69b241e0aecfb8f846de17ec9f872695857e4dba45a777a7b9804
5808,145.2,1.8146,98.3485,False,12,mechanical_001,79d0085777a69b241e0aecfb8f846de17ec9f872695857e4dba45a777a7b9804
5809,145.225,1.8149,98.4876,False,12,mechanical_001,79d0085777a69b241e0aecfb8f846de17ec9f872695857e4dba45a777a7b9804
5810,145.25,1.8153,98.6272,False,12,mechanical_001,79d0085777a69b241e0aecfb8f846de17ec9f872695857e4dba45a777a7b9804
5811,145.275,1.8156,98.7591,False,12,mechanical_001,79d0085777a69b241e0aecfb8f846de17ec9f872695857e4dba45a777a7b9804
5812,145.3,1.8159,98.8896,False,12,mechanical_001,79d0085777a69b241e0aecfb8f846de17ec9f872695857e4dba45a777a7b9804
5813,145.325,1.8162,99.0123,False,12,mechanical_001,79d0085777a69b241e0aecfb8f846de17ec9f872695857e4dba45a777a7b9804
5814,145.35,1.8165,99.1218,False,12,mechanical_001,79d0085777a69b241e0aecfb8f846de17ec9f872695857e4dba45a777a7b9804
5815,145.375,1.8168,99.2215,False,12,mechanical_001,79d0085777a69b241e0aecfb8f846de17ec9f872695857e4dba45a777a7b9804
5816,145.4,1.8171,99.3124,False,12,mechanical_001,79d0085777a69b241e0aecfb8f846de17ec9f872695857e4dba45a777a7b9804
5817,145.425,1.8174,99.3973,False,12,mechanical_001,79d0085777a69b241e0aecfb8f846de17ec9f872695857e4dba45a777a7b9804
5818,145.45,1.8177,99.4838,False,12,mechanical_001,79d0085777a69b241e0aecfb8f846de17ec9f872695857e4dba45a777a7b9804
5819,145.475,1.8181,99.5735,False,12,mechanical_001,79d0085777a69b241e0aecfb8f846de17ec9f872695857e4dba45a777a7b9804
5820,145.5,1.8184,99.6747,False,12,mechanical_001,79d0085777a69b241e0aecfb8f846de17ec9f872695857e4dba45a777a7b9804
5821,145.525,1.8187,99.7766,False,12,mechanical_001,79d0085777a69b241e0aecfb8f846de17ec9f872695857e4dba45a777a7b9804
5822,145.55,1.819,99.8564,False,12,mechanical_001,79d0085777a69b241e0aecfb8f846de17ec9f872695857e4dba45a777a7b9804
5823,145.575,1.8193,99.9301,False,12,mechanical_001,79d0085777a69b241e0aecfb8f846de17ec9f872695857e4dba45a777a7b9804
5824,145.6,1.8196,100.0071,False,12,mechanical_001,79d0085777a69b241e0aecfb8f846de17ec9f872695857e4dba45a777a7b9804
5825,145.625,1.8199,100.0955,False,12,mechanical_001,79d0085777a69b241e0aecfb8f846de17ec9f872695857e4dba45a777a7b9804
5826,145.65,1.8202,100.2032,False,12,mechanical_001,79d0085777a69b241e0aecfb8f846de17ec9f872695857e4dba45a777a7b9804
5827,145.675,1.8205,100.3274,False,12,mechanical_001,79d0085777a69b241e0aecfb8f846de17ec9f872695857e4dba45a777a7b9804
5828,145.7,1.8208,100.4586,False,12,mechanical_001,79d0085777a69b241e0aecfb8f846de17ec9f872695857e4dba45a777a7b9804
5829,145.725,1.8211,100.5963,False,12,mechanical_001,79d0085777a69b241e0aecfb8f846de17ec9f872695857e4dba45a777a7b9804
5830,145.75,1.8214,100.7361,False,12,mechanical_001,79d0085777a69b241e0aecfb8f846de17ec9f872695857e4dba45a777a7b9804
5831,145.775,1.8217,100.8709,False,12,mechanical_001,79d0085777a69b241e0aecfb8f846de17ec9f872695857e4dba45a777a7b9804
5832,145.8,1.8221,100.9965,False,12,mechanical_001,79d0085777a69b241e0aecfb8f846de17ec9f872695857e4dba45a777a7b9804
5833,145.825,1.8224,101.1204,False,12,mechanical_001,79d0085777a69b241e0aecfb8f846de17ec9f872695857e4dba45a777a7b9804
5834,145.85,1.8227,101.2341,False,12,mechanical_001,79d0085777a69b241e0aecfb8f846de17ec9f872695857e4dba45a777a7b9804
5835,145.875,1.823,101.3459,False,12,mechanical_001,79d0085777a69b241e0aecfb8f846de17ec9f872695857e4dba45a777a7b9804
5836,145.9,1.8233,101.4603,False,12,mechanical_001,79d0085777a69b241e0aecfb8f846de17ec9f872695857e4dba45a777a7b9804
5837,145.925,1.8236,101.5832,False,12,mechanical_001,79d0085777a69b241e0aecfb8f846de17ec9f872695857e4dba45a777a7b9804
5838,145.95,1.8239,101.6961,False,12,mechanical_001,79d0085777a69b241e0aecfb8f846de17ec9f872695857e4dba45a777a7b9804
5839,145.975,1.8242,101.8051,False,12,mechanical_001,79d0085777a69b241e0aecfb8f846de17ec9f872695857e4dba45a777a7b9804
5840,146.0,1.8246,101.918,False,12,mechanical_001,79d0085777a69b241e0aecfb8f846de17ec9f872695857e4dba45a777a7b9804
5841,146.025,1.8249,102.0323,False,12,mechanical_001,79d0085777a69b241e0aecfb8f846de17ec9f872695857e4dba45a777a7b9804
5842,146.05,1.8252,102.1432,False,12,mechanical_001,79d0085777a69b241e0aecfb8f846de17ec9f872695857e4dba45a777a7b9804
5843,146.075,1.8255,102.2488,False,12,mechanical_001,79d0085777a69b241e0aecfb8f846de17ec9f872695857e4dba45a777a7b9804
5844,146.1,1.8258,102.3649,False,12,mechanical_001,79d0085777a69b241e0aecfb8f846de17ec9f872695857e4dba45a777a7b9804
5845,146.125,1.8261,102.4924,False,12,mechanical_001,79d0085777a69b241e0aecfb8f846de17ec9f872695857e4dba45a777a7b9804
5846,146.15,1.8264,102.6288,False,12,mechanical_001,79d0085777a69b241e0aecfb8f846de17ec9f872695857e4dba45a777a7b9804
5847,146.175,1.8268,102.7594,False,12,mechanical_001,79d0085777a69b241e0aecfb8f846de17ec9f872695857e4dba45a777a7b9804
5848,146.2,1.8271,102.8752,False,12,mechanical_001,79d0085777a69b241e0aecfb8f846de17ec9f872695857e4dba45a777a7b9804
5849,146.225,1.8274,102.993,False,12,mechanical_001,79d0085777a69b241e0aecfb8f846de17ec9f872695857e4dba45a777a7b9804
5850,146.25,1.8277,103.1101,False,12,mechanical_001,79d0085777a69b241e0aecfb8f846de17ec9f872695857e4dba45a777a7b9804
5851,146.275,1.828,103.2211,False,12,mechanical_001,79d0085777a69b241e0aecfb8f846de17ec9f872695857e4dba45a777a7b9804
5852,146.3,1.8283,103.3275,False,12,mechanical_001,79d0085777a69b241e0aecfb8f846de17ec9f872695857e4dba45a777a7b9804
5853,146.325,1.8286,103.4298,False,12,mechanical_001,79d0085777a69b241e0aecfb8f846de17ec9f872695857e4dba45a777a7b9804
5854,146.35,1.8289,103.5415,False,12,mechanical_001,79d0085777a69b241e0aecfb8f846de17ec9f872695857e4dba45a777a7b9804
5855,146.375,1.8292,103.6576,False,12,mechanical_001,79d0085777a69b241e0aecfb8f846de17ec9f872695857e4dba45a777a7b9804
5856,146.4,1.8296,103.7736,False,12,mechanical_001,79d0085777a69b241e0aecfb8f846de17ec9f872695857e4dba45a777a7b9804
5857,146.425,1.8299,103.8954,False,12,mechanical_001,79d0085777a69b241e0aecfb8f846de17ec9f872695857e4dba45a777a7b9804
5858,146.45,1.8302,104.0189,False,12,mechanical_001,79d0085777a69b241e0aecfb8f846de17ec9f872695857e4dba45a777a7b9804
5859,146.475,1.8305,104.1517,False,12,mechanical_001,79d0085777a69b241e0aecfb8f846de17ec9f872695857e4dba45a777a7b9804
5860,146.5,1.8308,104.2858,False,12,mechanical_001,79d0085777a69b241e0aecfb8f846de17ec9f872695857e4dba45a777a7b9804
5861,146.525,1.8311,104.4181,False,12,mechanical_001,79d0085777a69b241e0aecfb8f846de17ec9f872695857e4dba45a777a7b9804
5862,146.55,1.8314,104.5641,False,12,mechanical_001,79d0085777a69b241e0aecfb8f846de17ec9f872695857e4dba45a777a7b9804
5863,146.575,1.8318,104.7142,False,12,mechanical_001,79d0085777a69b241e0aecfb8f846de17ec9f872695857e4dba45a777a7b9804
5864,146.6,1.8321,104.8541,False,12,mechanical_001,79d0085777a69b241e0aecfb8f846de17ec9f872695857e4dba45a777a7b9804
5865,146.625,1.8324,104.9746,False,12,mechanical_001,79d0085777a69b241e0aecfb8f846de17ec9f872695857e4dba45a777a7b9804
5866,146.65,1.8327,105.0916,False,12,mechanical_001,79d0085777a69b241e0aecfb8f846de17ec9f872695857e4dba45a777a7b9804
5867,146.675,1.833,105.1935,False,12,mechanical_001,79d0085777a69b241e0aecfb8f846de17ec9f872695857e4dba45a777a7b9804
5868,146.7,1.8333,105.2879,False,12,mechanical_001,79d0085777a69b241e0aecfb8f846de17ec9f872695857e4dba45a777a7b9804
5869,146.725,1.8336,105.3887,False,12,mechanical_001,79d0085777a69b241e0aecfb8f846de17ec9f872695857e4dba45a777a7b9804
5870,146.75,1.8339,105.4917,False,12,mechanical_001,79d0085777a69b241e0aecfb8f846de17ec9f872695857e4dba45a777a7b9804
5871,146.775,1.8342,105.6042,False,12,mechanical_001,79d0085777a69b241e0aecfb8f846de17ec9f872695857e4dba45a777a7b9804
5872,146.8,1.8345,105.7289,False,12,mechanical_001,79d0085777a69b241e0aecfb8f846de17ec9f872695857e4dba45a777a7b9804
5873,146.825,1.8349,105.8608,False,12,mechanical_001,79d0085777a69b241e0aecfb8f846de17ec9f872695857e4dba45a777a7b9804
5874,146.85,1.8352,105.9993,False,12,mechanical_001,79d0085777a69b241e0aecfb8f846de17ec9f872695857e4dba45a777a7b9804
5875,146.875,1.8355,106.1383,False,12,mechanical_001,79d0085777a69b241e0aecfb8f846de17ec9f872695857e4dba45a777a7b9804
5876,146.9,1.8358,106.2637,False,12,mechanical_001,79d0085777a69b241e0aecfb8f846de17ec9f872695857e4dba45a777a7b9804
5877,146.925,1.8361,106.3828,False,12,mechanical_001,79d0085777a69b241e0aecfb8f846de17ec9f872695857e4dba45a777a7b9804
5878,146.95,1.8364,106.5151,False,12,mechanical_001,79d0085777a69b241e0aecfb8f846de17ec9f872695857e4dba45a777a7b9804
5879,146.975,1.8367,106.6515,False,12,mechanical_001,79d0085777a69b241e0aecfb8f846de17ec9f872695857e4dba45a777a7b9804
5880,147.0,1.8371,106.7872,False,12,mechanical_001,79d0085777a69b241e0aecfb8f846de17ec9f872695857e4dba45a777a7b9804
5881,147.025,1.8374,106.9245,False,12,mechanical_001,79d0085777a69b241e0aecfb8f846de17ec9f872695857e4dba45a777a7b9804
5882,147.05,1.8377,107.0596,False,12,mechanical_001,79d0085777a69b241e0aecfb8f846de17ec9f872695857e4dba45a777a7b9804
5883,147.075,1.838,107.187,False,12,mechanical_001,79d0085777a69b241e0aecfb8f846de17ec9f872695857e4dba45a777a7b9804
5884,147.1,1.8383,107.3201,False,12,mechanical_001,79d0085777a69b241e0aecfb8f846de17ec9f872695857e4dba45a777a7b9804
5885,147.125,1.8386,107.4379,False,12,mechanical_001,79d0085777a69b241e0aecfb8f846de17ec9f872695857e4dba45a777a7b9804
5886,147.15,1.839,107.5497,False,12,mechanical_001,79d0085777a69b241e0aecfb8f846de17ec9f872695857e4dba45a777a7b9804
5887,147.175,1.8393,107.6608,False,12,mechanical_001,79d0085777a69b241e0aecfb8f846de17ec9f872695857e4dba45a777a7b9804
5888,147.2,1.8396,107.7755,False,12,mechanical_001,79d0085777a69b241e0aecfb8f846de17ec9f872695857e4dba45a777a7b9804
5889,147.225,1.8399,107.8975,False,12,mechanical_001,79d0085777a69b241e0aecfb8f846de17ec9f872695857e4dba45a777a7b9804
5890,147.25,1.8402,108.0183,False,12,mechanical_001,79d0085777a69b241e0aecfb8f846de17ec9f872695857e4dba45a777a7b9804
5891,147.275,1.8405,108.1346,False,12,mechanical_001,79d0085777a69b241e0aecfb8f846de17ec9f872695857e4dba45a777a7b9804
5892,147.3,1.8408,108.2557,False,12,mechanical_001,79d0085777a69b241e0aecfb8f846de17ec9f872695857e4dba45a777a7b9804
5893,147.325,1.8411,108.3815,False,12,mechanical_001,79d0085777a69b241e0aecfb8f846de17ec9f872695857e4dba45a777a7b9804
5894,147.35,1.8414,108.4939,False,12,mechanical_001,79d0085777a69b241e0aecfb8f846de17ec9f872695857e4dba45a777a7b9804
5895,147.375,1.8418,108.6065,False,12,mechanical_001,79d0085777a69b241e0aecfb8f846de17ec9f872695857e4dba45a777a7b9804
5896,147.4,1.8421,108.7355,False,12,mechanical_001,79d0085777a69b241e0aecfb8f846de17ec9f872695857e4dba45a777a7b9804
5897,147.425,1.8424,108.8615,False,12,mechanical_001,79d0085777a69b241e0aecfb8f846de17ec9f872695857e4dba45a777a7b9804
5898,147.45,1.8427,108.976,False,12,mechanical_001,79d0085777a69b241e0aecfb8f846de17ec9f872695857e4dba45a777a7b9804
5899,147.475,1.843,109.0752,False,12,mechanical_001,79d0085777a69b241e0aecfb8f846de17ec9f872695857e4dba45a777a7b9804
5900,147.5,1.8433,109.1574,False,12,mechanical_001,79d0085777a69b241e0aecfb8f846de17ec9f872695857e4dba45a777a7b9804
5901,147.525,1.8436,109.2416,False,12,mechanical_001,79d0085777a69b241e0aecfb8f846de17ec9f872695857e4dba45a777a7b9804
5902,147.55,1.8439,109.329,False,12,mechanical_001,79d0085777a69b241e0aecfb8f846de17ec9f872695857e4dba45a777a7b9804
5903,147.575,1.8442,109.4139,False,12,mechanical_001,79d0085777a69b241e0aecfb8f846de17ec9f872695857e4dba45a777a7b9804
5904,147.6,1.8445,109.5083,False,12,mechanical_001,79d0085777a69b241e0aecfb8f846de17ec9f872695857e4dba45a777a7b9804
5905,147.625,1.8448,109.6048,False,12,mechanical_001,79d0085777a69b241e0aecfb8f846de17ec9f872695857e4dba45a777a7b9804
5906,147.65,1.8451,109.7112,False,12,mechanical_001,79d0085777a69b241e0aecfb8f846de17ec9f872695857e4dba45a777a7b9804
5907,147.675,1.8455,109.8295,False,12,mechanical_001,79d0085777a69b241e0aecfb8f846de17ec9f872695857e4dba45a777a7b9804
5908,147.7,1.8458,109.9645,False,12,mechanical_001,79d0085777a69b241e0aecfb8f846de17ec9f872695857e4dba45a777a7b9804
5909,147.725,1.8461,110.0792,False,12,mechanical_001,79d0085777a69b241e0aecfb8f846de17ec9f872695857e4dba45a777a7b9804
5910,147.75,1.8464,110.1763,False,12,mechanical_001,79d0085777a69b241e0aecfb8f846de17ec9f872695857e4dba45a777a7b9804
5911,147.775,1.8467,110.2698,False,12,mechanical_001,79d0085777a69b241e0aecfb8f846de17ec9f872695857e4dba45a777a7b9804
5912,147.8,1.847,110.3863,False,12,mechanical_001,79d0085777a69b241e0aecfb8f846de17ec9f872695857e4dba45a777a7b9804
5913,147.825,1.8474,110.4973,False,12,mechanical_001,79d0085777a69b241e0aecfb8f846de17ec9f872695857e4dba45a777a7b9804
5914,147.85,1.8477,110.5927,False,12,mechanical_001,79d0085777a69b241e0aecfb8f846de17ec9f872695857e4dba45a777a7b9804
5915,147.875,1.848,110.6925,False,12,mechanical_001,79d0085777a69b241e0aecfb8f846de17ec9f872695857e4dba45a777a7b9804
5916,147.9,1.8483,110.8063,False,12,mechanical_001,79d0085777a69b241e0aecfb8f846de17ec9f872695857e4dba45a777a7b9804
5917,147.925,1.8486,110.9186,False,12,mechanical_001,79d0085777a69b241e0aecfb8f846de17ec9f872695857e4dba45a777a7b9804
5918,147.95,1.8489,111.0284,False,12,mechanical_001,79d0085777a69b241e0aecfb8f846de17ec9f872695857e4dba45a777a7b9804
5919,147.975,1.8492,111.1331,False,12,mechanical_001,79d0085777a69b241e0aecfb8f846de17ec9f872695857e4dba45a777a7b9804
5920,148.0,1.8495,111.2418,False,12,mechanical_001,79d0085777a69b241e0aecfb8f846de17ec9f872695857e4dba45a777a7b9804
5921,148.025,1.8498,111.3391,False,12,mechanical_001,79d0085777a69b241e0aecfb8f846de17ec9f872695857e4dba45a777a7b9804
5922,148.05,1.8501,111.4302,False,12,mechanical_001,79d0085777a69b241e0aecfb8f846de17ec9f872695857e4dba45a777a7b9804
5923,148.075,1.8504,111.5402,False,12,mechanical_001,79d0085777a69b241e0aecfb8f846de17ec9f872695857e4dba45a777a7b9804
5924,148.1,1.8508,111.6684,False,12,mechanical_001,79d0085777a69b241e0aecfb8f846de17ec9f872695857e4dba45a777a7b9804
5925,148.125,1.8511,111.8168,False,12,mechanical_001,79d0085777a69b241e0aecfb8f846de17ec9f872695857e4dba45a777a7b9804
5926,148.15,1.8514,111.962,False,12,mechanical_001,79d0085777a69b241e0aecfb8f846de17ec9f872695857e4dba45a777a7b9804
5927,148.175,1.8517,112.1025,False,12,mechanical_001,79d0085777a69b241e0aecfb8f846de17ec9f872695857e4dba45a777a7b9804
5928,148.2,1.852,112.2344,False,12,mechanical_001,79d0085777a69b241e0aecfb8f846de17ec9f872695857e4dba45a777a7b9804
5929,148.225,1.8523,112.3577,False,12,mechanical_001,79d0085777a69b241e0aecfb8f846de17ec9f872695857e4dba45a777a7b9804
5930,148.25,1.8527,112.4693,False,12,mechanical_001,79d0085777a69b241e0aecfb8f846de17ec9f872695857e4dba45a777a7b9804
5931,148.275,1.853,112.556,False,12,mechanical_001,79d0085777a69b241e0aecfb8f846de17ec9f872695857e4dba45a777a7b9804
5932,148.3,1.8533,112.6146,False,12,mechanical_001,79d0085777a69b241e0aecfb8f846de17ec9f872695857e4dba45a777a7b9804
5933,148.325,1.8536,112.6636,False,12,mechanical_001,79d0085777a69b241e0aecfb8f846de17ec9f872695857e4dba45a777a7b9804
5934,148.35,1.8538,112.7302,False,12,mechanical_001,79d0085777a69b241e0aecfb8f846de17ec9f872695857e4dba45a777a7b9804
5935,148.375,1.8542,112.809,False,12,mechanical_001,79d0085777a69b241e0aecfb8f846de17ec9f872695857e4dba45a777a7b9804
5936,148.4,1.8545,112.9028,False,12,mechanical_001,79d0085777a69b241e0aecfb8f846de17ec9f872695857e4dba45a777a7b9804
5937,148.425,1.8548,113.0128,False,12,mechanical_001,79d0085777a69b241e0aecfb8f846de17ec9f872695857e4dba45a777a7b9804
5938,148.45,1.8551,113.1307,False,12,mechanical_001,79d0085777a69b241e0aecfb8f846de17ec9f872695857e4dba45a777a7b9804
5939,148.475,1.8554,113.258,False,12,mechanical_001,79d0085777a69b241e0aecfb8f846de17ec9f872695857e4dba45a777a7b9804
5940,148.5,1.8557,113.3868,False,12,mechanical_001,79d0085777a69b241e0aecfb8f846de17ec9f872695857e4dba45a777a7b9804
5941,148.525,1.856,113.5308,False,12,mechanical_001,79d0085777a69b241e0aecfb8f846de17ec9f872695857e4dba45a777a7b9804
5942,148.55,1.8564,113.6795,False,12,mechanical_001,79d0085777a69b241e0aecfb8f846de17ec9f872695857e4dba45a777a7b9804
5943,148.575,1.8567,113.832,False,12,mechanical_001,79d0085777a69b241e0aecfb8f846de17ec9f872695857e4dba45a777a7b9804
5944,148.6,1.857,113.9744,False,12,mechanical_001,79d0085777a69b241e0aecfb8f846de17ec9f872695857e4dba45a777a7b9804
5945,148.625,1.8573,114.1092,False,12,mechanical_001,79d0085777a69b241e0aecfb8f846de17ec9f872695857e4dba45a777a7b9804
5946,148.65,1.8576,114.2342,False,12,mechanical_001,79d0085777a69b241e0aecfb8f846de17ec9f872695857e4dba45a777a7b9804
5947,148.675,1.858,114.3487,False,12,mechanical_001,79d0085777a69b241e0aecfb8f846de17ec9f872695857e4dba45a777a7b9804
5948,148.7,1.8583,114.4535,False,12,mechanical_001,79d0085777a69b241e0aecfb8f846de17ec9f872695857e4dba45a777a7b9804
5949,148.725,1.8586,114.5573,False,12,mechanical_001,79d0085777a69b241e0aecfb8f846de17ec9f872695857e4dba45a777a7b9804
5950,148.75,1.8589,114.6533,False,12,mechanical_001,79d0085777a69b241e0aecfb8f846de17ec9f872695857e4dba45a777a7b9804
5951,148.775,1.8592,114.7418,False,12,mechanical_001,79d0085777a69b241e0aecfb8f846de17ec9f872695857e4dba45a777a7b9804
5952,148.8,1.8595,114.8277,False,12,mechanical_001,79d0085777a69b241e0aecfb8f846de17ec9f872695857e4dba45a777a7b9804
5953,148.825,1.8598,114.9165,False,12,mechanical_001,79d0085777a69b241e0aecfb8f846de17ec9f872695857e4dba45a777a7b9804
5954,148.85,1.8601,115.0098,False,12,mechanical_001,79d0085777a69b241e0aecfb8f846de17ec9f872695857e4dba45a777a7b9804
5955,148.875,1.8604,115.1078,False,12,mechanical_001,79d0085777a69b241e0aecfb8f846de17ec9f872695857e4dba45a777a7b9804
5956,148.9,1.8607,115.2153,False,12,mechanical_001,79d0085777a69b241e0aecfb8f846de17ec9f872695857e4dba45a777a7b9804
5957,148.925,1.8611,115.3339,False,12,mechanical_001,79d0085777a69b241e0aecfb8f846de17ec9f872695857e4dba45a777a7b9804
5958,148.95,1.8614,115.4482,False,12,mechanical_001,79d0085777a69b241e0aecfb8f846de17ec9f872695857e4dba45a777a7b9804
5959,148.975,1.8617,115.5659,False,12,mechanical_001,79d0085777a69b241e0aecfb8f846de17ec9f872695857e4dba45a777a7b9804
5960,149.0,1.862,115.6836,False,12,mechanical_001,79d0085777a69b241e0aecfb8f846de17ec9f872695857e4dba45a777a7b9804
5961,149.025,1.8623,115.8067,False,12,mechanical_001,79d0085777a69b241e0aecfb8f846de17ec9f872695857e4dba45a777a7b9804
5962,149.05,1.8626,115.9371,False,12,mechanical_001,79d0085777a69b241e0aecfb8f846de17ec9f872695857e4dba45a777a7b9804
5963,149.075,1.8629,116.0696,False,12,mechanical_001,79d0085777a69b241e0aecfb8f846de17ec9f872695857e4dba45a777a7b9804
5964,149.1,1.8633,116.196,False,12,mechanical_001,79d0085777a69b241e0aecfb8f846de17ec9f872695857e4dba45a777a7b9804
5965,149.125,1.8636,116.3044,False,12,mechanical_001,79d0085777a69b241e0aecfb8f846de17ec9f872695857e4dba45a777a7b9804
5966,149.15,1.8639,116.4079,False,12,mechanical_001,79d0085777a69b241e0aecfb8f846de17ec9f872695857e4dba45a777a7b9804
5967,149.175,1.8642,116.5067,False,12,mechanical_001,79d0085777a69b241e0aecfb8f846de17ec9f872695857e4dba45a777a7b9804
5968,149.2,1.8645,116.5966,False,12,mechanical_001,79d0085777a69b241e0aecfb8f846de17ec9f872695857e4dba45a777a7b9804
5969,149.225,1.8648,116.6844,False,12,mechanical_001,79d0085777a69b241e0aecfb8f846de17ec9f872695857e4dba45a777a7b9804
5970,149.25,1.8651,116.7669,False,12,mechanical_001,79d0085777a69b241e0aecfb8f846de17ec9f872695857e4dba45a777a7b9804
5971,149.275,1.8654,116.8355,False,12,mechanical_001,79d0085777a69b241e0aecfb8f846de17ec9f872695857e4dba45a777a7b9804
5972,149.3,1.8657,116.9052,False,12,mechanical_001,79d0085777a69b241e0aecfb8f846de17ec9f872695857e4dba45a777a7b9804
5973,149.325,1.866,116.9744,False,12,mechanical_001,79d0085777a69b241e0aecfb8f846de17ec9f872695857e4dba45a777a7b9804
5974,149.35,1.8663,117.0461,False,12,mechanical_001,79d0085777a69b241e0aecfb8f846de17ec9f872695857e4dba45a777a7b9804
5975,149.375,1.8666,117.1219,False,12,mechanical_001,79d0085777a69b241e0aecfb8f846de17ec9f872695857e4dba45a777a7b9804
5976,149.4,1.8669,117.1851,False,12,mechanical_001,79d0085777a69b241e0aecfb8f846de17ec9f872695857e4dba45a777a7b9804
5977,149.425,1.8672,117.2597,False,12,mechanical_001,79d0085777a69b241e0aecfb8f846de17ec9f872695857e4dba45a777a7b9804
5978,149.45,1.8675,117.3393,False,12,mechanical_001,79d0085777a69b241e0aecfb8f846de17ec9f872695857e4dba45a777a7b9804
5979,149.475,1.8678,117.4236,False,12,mechanical_001,79d0085777a69b241e0aecfb8f846de17ec9f872695857e4dba45a777a7b9804
5980,149.5,1.8681,117.537,False,12,mechanical_001,79d0085777a69b241e0aecfb8f846de17ec9f872695857e4dba45a777a7b9804
5981,149.525,1.8685,117.6696,False,12,mechanical_001,79d0085777a69b241e0aecfb8f846de17ec9f872695857e4dba45a777a7b9804
5982,149.55,1.8688,117.8096,False,12,mechanical_001,79d0085777a69b241e0aecfb8f846de17ec9f872695857e4dba45a777a7b9804
5983,149.575,1.8691,117.9639,False,12,mechanical_001,79d0085777a69b241e0aecfb8f846de17ec9f872695857e4dba45a777a7b9804
5984,149.6,1.8694,118.1186,False,12,mechanical_001,79d0085777a69b241e0aecfb8f846de17ec9f872695857e4dba45a777a7b9804
5985,149.625,1.8698,118.2639,False,12,mechanical_001,79d0085777a69b241e0aecfb8f846de17ec9f872695857e4dba45a777a7b9804
5986,149.65,1.8701,118.3901,False,12,mechanical_001,79d0085777a69b241e0aecfb8f846de17ec9f872695857e4dba45a777a7b9804
5987,149.675,1.8704,118.5041,False,12,mechanical_001,79d0085777a69b241e0aecfb8f846de17ec9f872695857e4dba45a777a7b9804
5988,149.7,1.8707,118.6104,False,12,mechanical_001,79d0085777a69b241e0aecfb8f846de17ec9f872695857e4dba45a777a7b9804
5989,149.725,1.871,118.718,False,12,mechanical_001,79d0085777a69b241e0aecfb8f846de17ec9f872695857e4dba45a777a7b9804
5990,149.75,1.8713,118.8378,False,12,mechanical_001,79d0085777a69b241e0aecfb8f846de17ec9f872695857e4dba45a777a7b9804
5991,149.775,1.8717,118.9556,False,12,mechanical_001,79d0085777a69b241e0aecfb8f846de17ec9f872695857e4dba45a777a7b9804
5992,149.8,1.872,119.0647,False,12,mechanical_001,79d0085777a69b241e0aecfb8f846de17ec9f872695857e4dba45a777a7b9804
5993,149.825,1.8723,119.175,False,12,mechanical_001,79d0085777a69b241e0aecfb8f846de17ec9f872695857e4dba45a777a7b9804
5994,149.85,1.8726,119.2786,False,12,mechanical_001,79d0085777a69b241e0aecfb8f846de17ec9f872695857e4dba45a777a7b9804
5995,149.875,1.8729,119.3713,False,12,mechanical_001,79d0085777a69b241e0aecfb8f846de17ec9f872695857e4dba45a777a7b9804
5996,149.9,1.8732,119.4517,False,12,mechanical_001,79d0085777a69b241e0aecfb8f846de17ec9f872695857e4dba45a777a7b9804
5997,149.925,1.8735,119.5298,False,12,mechanical_001,79d0085777a69b241e0aecfb8f846de17ec9f872695857e4dba45a777a7b9804
5998,149.95,1.8739,119.6209,False,12,mechanical_001,79d0085777a69b241e0aecfb8f846de17ec9f872695857e4dba45a777a7b9804
5999,149.975,1.8742,119.7159,False,12,mechanical_001,79d0085777a69b241e0aecfb8f846de17ec9f872695857e4dba45a777a7b9804
6000,150.0,1.8745,119.8276,False,12,mechanical_001,79d0085777a69b241e0aecfb8f846de17ec9f872695857e4dba45a777a7b9804
6001,150.025,1.8748,119.9534,False,12,mechanical_001,79d0085777a69b241e0aecfb8f846de17ec9f872695857e4dba45a777a7b9804
6002,150.05,1.8751,120.0788,False,12,mechanical_001,79d0085777a69b241e0aecfb8f846de17ec9f872695857e4dba45a777a7b9804
6003,150.075,1.8754,120.2074,False,12,mechanical_001,79d0085777a69b241e0aecfb8f846de17ec9f872695857e4dba45a777a7b9804
6004,150.1,1.8758,120.3535,False,12,mechanical_001,79d0085777a69b241e0aecfb8f846de17ec9f872695857e4dba45a777a7b9804
6005,150.125,1.8761,120.5109,False,12,mechanical_001,79d0085777a69b241e0aecfb8f846de17ec9f872695857e4dba45a777a7b9804
6006,150.15,1.8764,120.6651,False,12,mechanical_001,79d0085777a69b241e0aecfb8f846de17ec9f872695857e4dba45a777a7b9804
6007,150.175,1.8768,120.8008,False,12,mechanical_001,79d0085777a69b241e0aecfb8f846de17ec9f872695857e4dba45a777a7b9804
6008,150.2,1.8771,120.9167,False,12,mechanical_001,79d0085777a69b241e0aecfb8f846de17ec9f872695857e4dba45a777a7b9804
6009,150.225,1.8774,121.0194,False,12,mechanical_001,79d0085777a69b241e0aecfb8f846de17ec9f872695857e4dba45a777a7b9804
6010,150.25,1.8777,121.1125,False,12,mechanical_001,79d0085777a69b241e0aecfb8f846de17ec9f872695857e4dba45a777a7b9804
6011,150.275,1.878,121.2065,False,12,mechanical_001,79d0085777a69b241e0aecfb8f846de17ec9f872695857e4dba45a777a7b9804
6012,150.3,1.8783,121.2924,False,12,mechanical_001,79d0085777a69b241e0aecfb8f846de17ec9f872695857e4dba45a777a7b9804
6013,150.325,1.8786,121.363,False,12,mechanical_001,79d0085777a69b241e0aecfb8f846de17ec9f872695857e4dba45a777a7b9804
6014,150.35,1.8789,121.4404,False,12,mechanical_001,79d0085777a69b241e0aecfb8f846de17ec9f872695857e4dba45a777a7b9804
6015,150.375,1.8793,121.5348,False,12,mechanical_001,79d0085777a69b241e0aecfb8f846de17ec9f872695857e4dba45a777a7b9804
6016,150.4,1.8796,121.6432,False,12,mechanical_001,79d0085777a69b241e0aecfb8f846de17ec9f872695857e4dba45a777a7b9804
6017,150.425,1.8799,121.7534,False,12,mechanical_001,79d0085777a69b241e0aecfb8f846de17ec9f872695857e4dba45a777a7b9804
6018,150.45,1.8802,121.8806,False,12,mechanical_001,79d0085777a69b241e0aecfb8f846de17ec9f872695857e4dba45a777a7b9804
6019,150.475,1.8805,122.0183,False,12,mechanical_001,79d0085777a69b241e0aecfb8f846de17ec9f872695857e4dba45a777a7b9804
6020,150.5,1.8809,122.1765,False,12,mechanical_001,79d0085777a69b241e0aecfb8f846de17ec9f872695857e4dba45a777a7b9804
6021,150.525,1.8812,122.3434,False,12,mechanical_001,79d0085777a69b241e0aecfb8f846de17ec9f872695857e4dba45a777a7b9804
6022,150.55,1.8815,122.5232,False,12,mechanical_001,79d0085777a69b241e0aecfb8f846de17ec9f872695857e4dba45a777a7b9804
6023,150.575,1.8819,122.7139,False,12,mechanical_001,79d0085777a69b241e0aecfb8f846de17ec9f872695857e4dba45a777a7b9804
6024,150.6,1.8822,122.9224,False,12,mechanical_001,79d0085777a69b241e0aecfb8f846de17ec9f872695857e4dba45a777a7b9804
6025,150.625,1.8826,123.1159,False,12,mechanical_001,79d0085777a69b241e0aecfb8f846de17ec9f872695857e4dba45a777a7b9804
6026,150.65,1.8829,123.2832,False,12,mechanical_001,79d0085777a69b241e0aecfb8f846de17ec9f872695857e4dba45a777a7b9804
6027,150.675,1.8832,123.4084,False,12,mechanical_001,79d0085777a69b241e0aecfb8f846de17ec9f872695857e4dba45a777a7b9804
6028,150.7,1.8836,123.4949,False,12,mechanical_001,79d0085777a69b241e0aecfb8f846de17ec9f872695857e4dba45a777a7b9804
6029,150.725,1.8839,123.5478,False,12,mechanical_001,79d0085777a69b241e0aecfb8f846de17ec9f872695857e4dba45a777a7b9804
6030,150.75,1.8842,123.5785,False,12,mechanical_001,79d0085777a69b241e0aecfb8f846de17ec9f872695857e4dba45a777a7b9804
6031,150.775,1.8845,123.6018,False,12,mechanical_001,79d0085777a69b241e0aecfb8f846de17ec9f872695857e4dba45a777a7b9804
6032,150.8,1.8848,123.6257,False,12,mechanical_001,79d0085777a69b241e0aecfb8f846de17ec9f872695857e4dba45a777a7b9804
6033,150.825,1.8851,123.6598,False,12,mechanical_001,79d0085777a69b241e0aecfb8f846de17ec9f872695857e4dba45a777a7b9804
6034,150.85,1.8854,123.7133,False,12,mechanical_001,79d0085777a69b241e0aecfb8f846de17ec9f872695857e4dba45a777a7b9804
6035,150.875,1.8857,123.7972,False,12,mechanical_001,79d0085777a69b241e0aecfb8f846de17ec9f872695857e4dba45a777a7b9804
6036,150.9,1.886,123.9034,False,12,mechanical_001,79d0085777a69b241e0aecfb8f846de17ec9f872695857e4dba45a777a7b9804
6037,150.925,1.8863,124.0214,False,12,mechanical_001,79d0085777a69b241e0aecfb8f846de17ec9f872695857e4dba45a777a7b9804
6038,150.95,1.8866,124.146,False,12,mechanical_001,79d0085777a69b241e0aecfb8f846de17ec9f872695857e4dba45a777a7b9804
6039,150.975,1.8869,124.2739,False,12,mechanical_001,79d0085777a69b241e0aecfb8f846de17ec9f872695857e4dba45a777a7b9804
6040,151.0,1.8873,124.3907,False,12,mechanical_001,79d0085777a69b241e0aecfb8f846de17ec9f872695857e4dba45a777a7b9804
6041,151.025,1.8876,124.5003,False,12,mechanical_001,79d0085777a69b241e0aecfb8f846de17ec9f872695857e4dba45a777a7b9804
6042,151.05,1.8879,124.6019,False,12,mechanical_001,79d0085777a69b241e0aecfb8f846de17ec9f872695857e4dba45a777a7b9804
6043,151.075,1.8882,124.6998,False,12,mechanical_001,79d0085777a69b241e0aecfb8f846de17ec9f872695857e4dba45a777a7b9804
6044,151.1,1.8885,124.7847,False,12,mechanical_001,79d0085777a69b241e0aecfb8f846de17ec9f872695857e4dba45a777a7b9804
6045,151.125,1.8888,124.8585,False,12,mechanical_001,79d0085777a69b241e0aecfb8f846de17ec9f872695857e4dba45a777a7b9804
6046,151.15,1.8891,124.9433,False,12,mechanical_001,79d0085777a69b241e0aecfb8f846de17ec9f872695857e4dba45a777a7b9804
6047,151.175,1.8894,125.0607,False,12,mechanical_001,79d0085777a69b241e0aecfb8f846de17ec9f872695857e4dba45a777a7b9804
6048,151.2,1.8898,125.187,False,12,mechanical_001,79d0085777a69b241e0aecfb8f846de17ec9f872695857e4dba45a777a7b9804
6049,151.225,1.8901,125.3106,False,12,mechanical_001,79d0085777a69b241e0aecfb8f846de17ec9f872695857e4dba45a777a7b9804
6050,151.25,1.8904,125.4306,False,12,mechanical_001,79d0085777a69b241e0aecfb8f846de17ec9f872695857e4dba45a777a7b9804
6051,151.275,1.8907,125.5452,False,12,mechanical_001,79d0085777a69b241e0aecfb8f846de17ec9f872695857e4dba45a777a7b9804
6052,151.3,1.891,125.6538,False,12,mechanical_001,79d0085777a69b241e0aecfb8f846de17ec9f872695857e4dba45a777a7b9804
6053,151.325,1.8913,125.7518,False,12,mechanical_001,79d0085777a69b241e0aecfb8f846de17ec9f872695857e4dba45a777a7b9804
6054,151.35,1.8916,125.8461,False,12,mechanical_001,79d0085777a69b241e0aecfb8f846de17ec9f872695857e4dba45a777a7b9804
6055,151.375,1.8919,125.9518,False,12,mechanical_001,79d0085777a69b241e0aecfb8f846de17ec9f872695857e4dba45a777a7b9804
6056,151.4,1.8922,126.0621,False,12,mechanical_001,79d0085777a69b241e0aecfb8f846de17ec9f872695857e4dba45a777a7b9804
6057,151.425,1.8925,126.1678,False,12,mechanical_001,79d0085777a69b241e0aecfb8f846de17ec9f872695857e4dba45a777a7b9804
6058,151.45,1.8929,126.2779,False,12,mechanical_001,79d0085777a69b241e0aecfb8f846de17ec9f872695857e4dba45a777a7b9804
6059,151.475,1.8932,126.401,False,12,mechanical_001,79d0085777a69b241e0aecfb8f846de17ec9f872695857e4dba45a777a7b9804
6060,151.5,1.8935,126.5252,False,12,mechanical_001,79d0085777a69b241e0aecfb8f846de17ec9f872695857e4dba45a777a7b9804
6061,151.525,1.8938,126.6519,False,12,mechanical_001,79d0085777a69b241e0aecfb8f846de17ec9f872695857e4dba45a777a7b9804
6062,151.55,1.8941,126.7733,False,12,mechanical_001,79d0085777a69b241e0aecfb8f846de17ec9f872695857e4dba45a777a7b9804
6063,151.575,1.8944,126.8897,False,12,mechanical_001,79d0085777a69b241e0aecfb8f846de17ec9f872695857e4dba45a777a7b9804
6064,151.6,1.8947,127.0029,False,12,mechanical_001,79d0085777a69b241e0aecfb8f846de17ec9f872695857e4dba45a777a7b9804
6065,151.625,1.8951,127.0996,False,12,mechanical_001,79d0085777a69b241e0aecfb8f846de17ec9f872695857e4dba45a777a7b9804
6066,151.65,1.8954,127.1885,False,12,mechanical_001,79d0085777a69b241e0aecfb8f846de17ec9f872695857e4dba45a777a7b9804
6067,151.675,1.8957,127.285,False,12,mechanical_001,79d0085777a69b241e0aecfb8f846de17ec9f872695857e4dba45a777a7b9804
6068,151.7,1.896,127.3984,False,12,mechanical_001,79d0085777a69b241e0aecfb8f846de17ec9f872695857e4dba45a777a7b9804
6069,151.725,1.8963,127.5252,False,12,mechanical_001,79d0085777a69b241e0aecfb8f846de17ec9f872695857e4dba45a777a7b9804
6070,151.75,1.8966,127.6702,False,12,mechanical_001,79d0085777a69b241e0aecfb8f846de17ec9f872695857e4dba45a777a7b9804
6071,151.775,1.8969,127.8177,False,12,mechanical_001,79d0085777a69b241e0aecfb8f846de17ec9f872695857e4dba45a777a7b9804
6072,151.8,1.8972,127.9544,False,12,mechanical_001,79d0085777a69b241e0aecfb8f846de17ec9f872695857e4dba45a777a7b9804
6073,151.825,1.8976,128.0796,False,12,mechanical_001,79d0085777a69b241e0aecfb8f846de17ec9f872695857e4dba45a777a7b9804
6074,151.85,1.8979,128.1931,False,12,mechanical_001,79d0085777a69b241e0aecfb8f846de17ec9f872695857e4dba45a777a7b9804
6075,151.875,1.8982,128.2874,False,12,mechanical_001,79d0085777a69b241e0aecfb8f846de17ec9f872695857e4dba45a777a7b9804
6076,151.9,1.8985,128.3768,False,12,mechanical_001,79d0085777a69b241e0aecfb8f846de17ec9f872695857e4dba45a777a7b9804
6077,151.925,1.8988,128.4728,False,12,mechanical_001,79d0085777a69b241e0aecfb8f846de17ec9f872695857e4dba45a777a7b9804
6078,151.95,1.8991,128.5776,False,12,mechanical_001,79d0085777a69b241e0aecfb8f846de17ec9f872695857e4dba45a777a7b9804
6079,151.975,1.8994,128.6834,False,12,mechanical_001,79d0085777a69b241e0aecfb8f846de17ec9f872695857e4dba45a777a7b9804
6080,152.0,1.8997,128.7897,False,12,mechanical_001,79d0085777a69b241e0aecfb8f846de17ec9f872695857e4dba45a777a7b9804
6081,152.025,1.9,128.8972,False,12,mechanical_001,79d0085777a69b241e0aecfb8f846de17ec9f872695857e4dba45a777a7b9804
6082,152.05,1.9003,129.002,False,12,mechanical_001,79d0085777a69b241e0aecfb8f846de17ec9f872695857e4dba45a777a7b9804
6083,152.075,1.9006,129.102,False,12,mechanical_001,79d0085777a69b241e0aecfb8f846de17ec9f872695857e4dba45a777a7b9804
6084,152.1,1.9009,129.2044,False,12,mechanical_001,79d0085777a69b241e0aecfb8f846de17ec9f872695857e4dba45a777a7b9804
6085,152.125,1.9012,129.3121,False,12,mechanical_001,79d0085777a69b241e0aecfb8f846de17ec9f872695857e4dba45a777a7b9804
6086,152.15,1.9015,129.4019,False,12,mechanical_001,79d0085777a69b241e0aecfb8f846de17ec9f872695857e4dba45a777a7b9804
6087,152.175,1.9018,129.4855,False,12,mechanical_001,79d0085777a69b241e0aecfb8f846de17ec9f872695857e4dba45a777a7b9804
6088,152.2,1.9021,129.5651,False,12,mechanical_001,79d0085777a69b241e0aecfb8f846de17ec9f872695857e4dba45a777a7b9804
6089,152.225,1.9024,129.638,False,12,mechanical_001,79d0085777a69b241e0aecfb8f846de17ec9f872695857e4dba45a777a7b9804
6090,152.25,1.9027,129.7076,False,12,mechanical_001,79d0085777a69b241e0aecfb8f846de17ec9f872695857e4dba45a777a7b9804
6091,152.275,1.903,129.7753,False,12,mechanical_001,79d0085777a69b241e0aecfb8f846de17ec9f872695857e4dba45a777a7b9804
6092,152.3,1.9033,129.8461,False,12,mechanical_001,79d0085777a69b241e0aecfb8f846de17ec9f872695857e4dba45a777a7b9804
6093,152.325,1.9036,129.94,False,12,mechanical_001,79d0085777a69b241e0aecfb8f846de17ec9f872695857e4dba45a777a7b9804
6094,152.35,1.9039,130.0609,False,12,mechanical_001,79d0085777a69b241e0aecfb8f846de17ec9f872695857e4dba45a777a7b9804
6095,152.375,1.9042,130.203,False,12,mechanical_001,79d0085777a69b241e0aecfb8f846de17ec9f872695857e4dba45a777a7b9804
6096,152.4,1.9045,130.336,False,12,mechanical_001,79d0085777a69b241e0aecfb8f846de17ec9f872695857e4dba45a777a7b9804
6097,152.425,1.9048,130.4688,False,12,mechanical_001,79d0085777a69b241e0aecfb8f846de17ec9f872695857e4dba45a777a7b9804
6098,152.45,1.9052,130.6293,False,12,mechanical_001,79d0085777a69b241e0aecfb8f846de17ec9f872695857e4dba45a777a7b9804
6099,152.475,1.9055,130.7968,False,12,mechanical_001,79d0085777a69b241e0aecfb8f846de17ec9f872695857e4dba45a777a7b9804
6100,152.5,1.9058,130.9612,False,12,mechanical_001,79d0085777a69b241e0aecfb8f846de17ec9f872695857e4dba45a777a7b9804
6101,152.525,1.9061,131.1202,False,12,mechanical_001,79d0085777a69b241e0aecfb8f846de17ec9f872695857e4dba45a777a7b9804
6102,152.55,1.9064,131.2738,False,12,mechanical_001,79d0085777a69b241e0aecfb8f846de17ec9f872695857e4dba45a777a7b9804
6103,152.575,1.9067,131.4045,False,12,mechanical_001,79d0085777a69b241e0aecfb8f846de17ec9f872695857e4dba45a777a7b9804
6104,152.6,1.9071,131.5223,False,12,mechanical_001,79d0085777a69b241e0aecfb8f846de17ec9f872695857e4dba45a777a7b9804
6105,152.625,1.9074,131.6335,False,12,mechanical_001,79d0085777a69b241e0aecfb8f846de17ec9f872695857e4dba45a777a7b9804
6106,152.65,1.9077,131.7527,False,12,mechanical_001,79d0085777a69b241e0aecfb8f846de17ec9f872695857e4dba45a777a7b9804
6107,152.675,1.908,131.8872,False,12,mechanical_001,79d0085777a69b241e0aecfb8f846de17ec9f872695857e4dba45a777a7b9804
6108,152.7,1.9083,132.0227,False,12,mechanical_001,79d0085777a69b241e0aecfb8f846de17ec9f872695857e4dba45a777a7b9804
6109,152.725,1.9086,132.1602,False,12,mechanical_001,79d0085777a69b241e0aecfb8f846de17ec9f872695857e4dba45a777a7b9804
6110,152.75,1.9089,132.298,False,12,mechanical_001,79d0085777a69b241e0aecfb8f846de17ec9f872695857e4dba45a777a7b9804
6111,152.775,1.9092,132.4377,False,12,mechanical_001,79d0085777a69b241e0aecfb8f846de17ec9f872695857e4dba45a777a7b9804
6112,152.8,1.9095,132.5698,False,12,mechanical_001,79d0085777a69b241e0aecfb8f846de17ec9f872695857e4dba45a777a7b9804
6113,152.825,1.9099,132.7081,False,12,mechanical_001,79d0085777a69b241e0aecfb8f846de17ec9f872695857e4dba45a777a7b9804
6114,152.85,1.9102,132.8487,False,12,mechanical_001,79d0085777a69b241e0aecfb8f846de17ec9f872695857e4dba45a777a7b9804
6115,152.875,1.9105,132.9851,False,12,mechanical_001,79d0085777a69b241e0aecfb8f846de17ec9f872695857e4dba45a777a7b9804
6116,152.9,1.9108,133.1219,False,12,mechanical_001,79d0085777a69b241e0aecfb8f846de17ec9f872695857e4dba45a777a7b9804
6117,152.925,1.9111,133.2572,False,12,mechanical_001,79d0085777a69b241e0aecfb8f846de17ec9f872695857e4dba45a777a7b9804
6118,152.95,1.9114,133.393,False,12,mechanical_001,79d0085777a69b241e0aecfb8f846de17ec9f872695857e4dba45a777a7b9804
6119,152.975,1.9117,133.5242,False,12,mechanical_001,79d0085777a69b241e0aecfb8f846de17ec9f872695857e4dba45a777a7b9804
6120,153.0,1.912,133.6553,False,12,mechanical_001,79d0085777a69b241e0aecfb8f846de17ec9f872695857e4dba45a777a7b9804
6121,153.025,1.9124,133.7924,False,12,mechanical_001,79d0085777a69b241e0aecfb8f846de17ec9f872695857e4dba45a777a7b9804
6122,153.05,1.9127,133.9351,False,12,mechanical_001,79d0085777a69b241e0aecfb8f846de17ec9f872695857e4dba45a777a7b9804
6123,153.075,1.913,134.0764,False,12,mechanical_001,79d0085777a69b241e0aecfb8f846de17ec9f872695857e4dba45a777a7b9804
6124,153.1,1.9133,134.2194,False,12,mechanical_001,79d0085777a69b241e0aecfb8f846de17ec9f872695857e4dba45a777a7b9804
6125,153.125,1.9136,134.3647,False,12,mechanical_001,79d0085777a69b241e0aecfb8f846de17ec9f872695857e4dba45a777a7b9804
6126,153.15,1.9139,134.5008,False,12,mechanical_001,79d0085777a69b241e0aecfb8f846de17ec9f872695857e4dba45a777a7b9804
6127,153.175,1.9142,134.6253,False,12,mechanical_001,79d0085777a69b241e0aecfb8f846de17ec9f872695857e4dba45a777a7b9804
6128,153.2,1.9146,134.7456,False,12,mechanical_001,79d0085777a69b241e0aecfb8f846de17ec9f872695857e4dba45a777a7b9804
6129,153.225,1.9149,134.8736,False,12,mechanical_001,79d0085777a69b241e0aecfb8f846de17ec9f872695857e4dba45a777a7b9804
6130,153.25,1.9152,135.0366,False,12,mechanical_001,79d0085777a69b241e0aecfb8f846de17ec9f872695857e4dba45a777a7b9804
6131,153.275,1.9155,135.1988,False,12,mechanical_001,79d0085777a69b241e0aecfb8f846de17ec9f872695857e4dba45a777a7b9804
6132,153.3,1.9158,135.3334,False,12,mechanical_001,79d0085777a69b241e0aecfb8f846de17ec9f872695857e4dba45a777a7b9804
6133,153.325,1.9161,135.4454,False,12,mechanical_001,79d0085777a69b241e0aecfb8f846de17ec9f872695857e4dba45a777a7b9804
6134,153.35,1.9164,135.5787,False,12,mechanical_001,79d0085777a69b241e0aecfb8f846de17ec9f872695857e4dba45a777a7b9804
6135,153.375,1.9168,135.7196,False,12,mechanical_001,79d0085777a69b241e0aecfb8f846de17ec9f872695857e4dba45a777a7b9804
6136,153.4,1.9171,135.8639,False,12,mechanical_001,79d0085777a69b241e0aecfb8f846de17ec9f872695857e4dba45a777a7b9804
6137,153.425,1.9174,136.01,False,12,mechanical_001,79d0085777a69b241e0aecfb8f846de17ec9f872695857e4dba45a777a7b9804
6138,153.45,1.9177,136.1671,False,12,mechanical_001,79d0085777a69b241e0aecfb8f846de17ec9f872695857e4dba45a777a7b9804
6139,153.475,1.918,136.3201,False,12,mechanical_001,79d0085777a69b241e0aecfb8f846de17ec9f872695857e4dba45a777a7b9804
6140,153.5,1.9183,136.4737,False,12,mechanical_001,79d0085777a69b241e0aecfb8f846de17ec9f872695857e4dba45a777a7b9804
6141,153.525,1.9187,136.6324,False,12,mechanical_001,79d0085777a69b241e0aecfb8f846de17ec9f872695857e4dba45a777a7b9804
6142,153.55,1.919,136.7851,False,12,mechanical_001,79d0085777a69b241e0aecfb8f846de17ec9f872695857e4dba45a777a7b9804
6143,153.575,1.9193,136.942,False,12,mechanical_001,79d0085777a69b241e0aecfb8f846de17ec9f872695857e4dba45a777a7b9804
6144,153.6,1.9196,137.1163,False,12,mechanical_001,79d0085777a69b241e0aecfb8f846de17ec9f872695857e4dba45a777a7b9804
6145,153.625,1.92,137.2875,False,12,mechanical_001,79d0085777a69b241e0aecfb8f846de17ec9f872695857e4dba45a777a7b9804
6146,153.65,1.9203,137.4596,False,12,mechanical_001,79d0085777a69b241e0aecfb8f846de17ec9f872695857e4dba45a777a7b9804
6147,153.675,1.9206,137.6484,False,12,mechanical_001,79d0085777a69b241e0aecfb8f846de17ec9f872695857e4dba45a777a7b9804
6148,153.7,1.9209,137.8425,False,12,mechanical_001,79d0085777a69b241e0aecfb8f846de17ec9f872695857e4dba45a777a7b9804
6149,153.725,1.9213,138.044,False,12,mechanical_001,79d0085777a69b241e0aecfb8f846de17ec9f872695857e4dba45a777a7b9804
6150,153.75,1.9216,138.2411,False,12,mechanical_001,79d0085777a69b241e0aecfb8f846de17ec9f872695857e4dba45a777a7b9804
6151,153.775,1.9219,138.4321,False,12,mechanical_001,79d0085777a69b241e0aecfb8f846de17ec9f872695857e4dba45a777a7b9804
6152,153.8,1.9223,138.6093,False,12,mechanical_001,79d0085777a69b241e0aecfb8f846de17ec9f872695857e4dba45a777a7b9804
6153,153.825,1.9226,138.7561,False,12,mechanical_001,79d0085777a69b241e0aecfb8f846de17ec9f872695857e4dba45a777a7b9804
6154,153.85,1.9229,138.8662,False,12,mechanical_001,79d0085777a69b241e0aecfb8f846de17ec9f872695857e4dba45a777a7b9804
6155,153.875,1.9232,138.9539,False,12,mechanical_001,79d0085777a69b241e0aecfb8f846de17ec9f872695857e4dba45a777a7b9804
6156,153.9,1.9235,139.0328,False,12,mechanical_001,79d0085777a69b241e0aecfb8f846de17ec9f872695857e4dba45a777a7b9804
6157,153.925,1.9238,139.1092,False,12,mechanical_001,79d0085777a69b241e0aecfb8f846de17ec9f872695857e4dba45a777a7b9804
6158,153.95,1.9241,139.2035,False,12,mechanical_001,79d0085777a69b241e0aecfb8f846de17ec9f872695857e4dba45a777a7b9804
6159,153.975,1.9244,139.3173,False,12,mechanical_001,79d0085777a69b241e0aecfb8f846de17ec9f872695857e4dba45a777a7b9804
6160,154.0,1.9247,139.4452,False,12,mechanical_001,79d0085777a69b241e0aecfb8f846de17ec9f872695857e4dba45a777a7b9804
6161,154.025,1.925,139.5741,False,12,mechanical_001,79d0085777a69b241e0aecfb8f846de17ec9f872695857e4dba45a777a7b9804
6162,154.05,1.9254,139.7164,False,12,mechanical_001,79d0085777a69b241e0aecfb8f846de17ec9f872695857e4dba45a777a7b9804
6163,154.075,1.9257,139.8682,False,12,mechanical_001,79d0085777a69b241e0aecfb8f846de17ec9f872695857e4dba45a777a7b9804
6164,154.1,1.926,140.0124,False,12,mechanical_001,79d0085777a69b241e0aecfb8f846de17ec9f872695857e4dba45a777a7b9804
6165,154.125,1.9263,140.1568,False,12,mechanical_001,79d0085777a69b241e0aecfb8f846de17ec9f872695857e4dba45a777a7b9804
6166,154.15,1.9266,140.2903,False,12,mechanical_001,79d0085777a69b241e0aecfb8f846de17ec9f872695857e4dba45a777a7b9804
6167,154.175,1.9269,140.4211,False,12,mechanical_001,79d0085777a69b241e0aecfb8f846de17ec9f872695857e4dba45a777a7b9804
6168,154.2,1.9272,140.5572,False,12,mechanical_001,79d0085777a69b241e0aecfb8f846de17ec9f872695857e4dba45a777a7b9804
6169,154.225,1.9276,140.7038,False,12,mechanical_001,79d0085777a69b241e0aecfb8f846de17ec9f872695857e4dba45a777a7b9804
6170,154.25,1.9279,140.8418,False,12,mechanical_001,79d0085777a69b241e0aecfb8f846de17ec9f872695857e4dba45a777a7b9804
6171,154.275,1.9282,140.9679,False,12,mechanical_001,79d0085777a69b241e0aecfb8f846de17ec9f872695857e4dba45a777a7b9804
6172,154.3,1.9285,141.0914,False,12,mechanical_001,79d0085777a69b241e0aecfb8f846de17ec9f872695857e4dba45a777a7b9804
6173,154.325,1.9288,141.2131,False,12,mechanical_001,79d0085777a69b241e0aecfb8f846de17ec9f872695857e4dba45a777a7b9804
6174,154.35,1.9291,141.3279,False,12,mechanical_001,79d0085777a69b241e0aecfb8f846de17ec9f872695857e4dba45a777a7b9804
6175,154.375,1.9294,141.4519,False,12,mechanical_001,79d0085777a69b241e0aecfb8f846de17ec9f872695857e4dba45a777a7b9804
6176,154.4,1.9297,141.5838,False,12,mechanical_001,79d0085777a69b241e0aecfb8f846de17ec9f872695857e4dba45a777a7b9804
6177,154.425,1.93,141.7187,False,12,mechanical_001,79d0085777a69b241e0aecfb8f846de17ec9f872695857e4dba45a777a7b9804
6178,154.45,1.9303,141.8621,False,12,mechanical_001,79d0085777a69b241e0aecfb8f846de17ec9f872695857e4dba45a777a7b9804
6179,154.475,1.9307,142.0225,False,12,mechanical_001,79d0085777a69b241e0aecfb8f846de17ec9f872695857e4dba45a777a7b9804
6180,154.5,1.931,142.1877,False,12,mechanical_001,79d0085777a69b241e0aecfb8f846de17ec9f872695857e4dba45a777a7b9804
6181,154.525,1.9313,142.3643,False,12,mechanical_001,79d0085777a69b241e0aecfb8f846de17ec9f872695857e4dba45a777a7b9804
6182,154.55,1.9316,142.5456,False,12,mechanical_001,79d0085777a69b241e0aecfb8f846de17ec9f872695857e4dba45a777a7b9804
6183,154.575,1.9319,142.7247,False,12,mechanical_001,79d0085777a69b241e0aecfb8f846de17ec9f872695857e4dba45a777a7b9804
6184,154.6,1.9322,142.8926,False,12,mechanical_001,79d0085777a69b241e0aecfb8f846de17ec9f872695857e4dba45a777a7b9804
6185,154.625,1.9326,143.0441,False,12,mechanical_001,79d0085777a69b241e0aecfb8f846de17ec9f872695857e4dba45a777a7b9804
6186,154.65,1.9329,143.1949,False,12,mechanical_001,79d0085777a69b241e0aecfb8f846de17ec9f872695857e4dba45a777a7b9804
6187,154.675,1.9332,143.3438,False,12,mechanical_001,79d0085777a69b241e0aecfb8f846de17ec9f872695857e4dba45a777a7b9804
6188,154.7,1.9335,143.4984,False,12,mechanical_001,79d0085777a69b241e0aecfb8f846de17ec9f872695857e4dba45a777a7b9804
6189,154.725,1.9338,143.6641,False,12,mechanical_001,79d0085777a69b241e0aecfb8f846de17ec9f872695857e4dba45a777a7b9804
6190,154.75,1.9341,143.8298,False,12,mechanical_001,79d0085777a69b241e0aecfb8f846de17ec9f872695857e4dba45a777a7b9804
6191,154.775,1.9344,143.9943,False,12,mechanical_001,79d0085777a69b241e0aecfb8f846de17ec9f872695857e4dba45a777a7b9804
6192,154.8,1.9347,144.1591,False,12,mechanical_001,79d0085777a69b241e0aecfb8f846de17ec9f872695857e4dba45a777a7b9804
6193,154.825,1.935,144.3187,False,12,mechanical_001,79d0085777a69b241e0aecfb8f846de17ec9f872695857e4dba45a777a7b9804
6194,154.85,1.9353,144.456,False,12,mechanical_001,79d0085777a69b241e0aecfb8f846de17ec9f872695857e4dba45a777a7b9804
6195,154.875,1.9356,144.5856,False,12,mechanical_001,79d0085777a69b241e0aecfb8f846de17ec9f872695857e4dba45a777a7b9804
6196,154.9,1.9359,144.7115,False,12,mechanical_001,79d0085777a69b241e0aecfb8f846de17ec9f872695857e4dba45a777a7b9804
6197,154.925,1.9362,144.848,False,12,mechanical_001,79d0085777a69b241e0aecfb8f846de17ec9f872695857e4dba45a777a7b9804
6198,154.95,1.9366,144.996,False,12,mechanical_001,79d0085777a69b241e0aecfb8f846de17ec9f872695857e4dba45a777a7b9804
6199,154.975,1.9369,145.1462,False,12,mechanical_001,79d0085777a69b241e0aecfb8f846de17ec9f872695857e4dba45a777a7b9804
6200,155.0,1.9372,145.2967,False,12,mechanical_001,79d0085777a69b241e0aecfb8f846de17ec9f872695857e4dba45a777a7b9804
6201,155.025,1.9375,145.4657,False,12,mechanical_001,79d0085777a69b241e0aecfb8f846de17ec9f872695857e4dba45a777a7b9804
6202,155.05,1.9378,145.6501,False,12,mechanical_001,79d0085777a69b241e0aecfb8f846de17ec9f872695857e4dba45a777a7b9804
6203,155.075,1.9381,145.8428,False,12,mechanical_001,79d0085777a69b241e0aecfb8f846de17ec9f872695857e4dba45a777a7b9804
6204,155.1,1.9384,146.0486,False,12,mechanical_001,79d0085777a69b241e0aecfb8f846de17ec9f872695857e4dba45a777a7b9804
6205,155.125,1.9388,146.2681,False,12,mechanical_001,79d0085777a69b241e0aecfb8f846de17ec9f872695857e4dba45a777a7b9804
6206,155.15,1.9391,146.4971,False,12,mechanical_001,79d0085777a69b241e0aecfb8f846de17ec9f872695857e4dba45a777a7b9804
6207,155.175,1.9394,146.7273,False,12,mechanical_001,79d0085777a69b241e0aecfb8f846de17ec9f872695857e4dba45a777a7b9804
6208,155.2,1.9397,146.9558,False,12,mechanical_001,79d0085777a69b241e0aecfb8f846de17ec9f872695857e4dba45a777a7b9804
6209,155.225,1.9401,147.1838,False,12,mechanical_001,79d0085777a69b241e0aecfb8f846de17ec9f872695857e4dba45a777a7b9804
6210,155.25,1.9404,147.3749,False,12,mechanical_001,79d0085777a69b241e0aecfb8f846de17ec9f872695857e4dba45a777a7b9804
6211,155.275,1.9407,147.5381,False,12,mechanical_001,79d0085777a69b241e0aecfb8f846de17ec9f872695857e4dba45a777a7b9804
6212,155.3,1.941,147.6987,False,12,mechanical_001,79d0085777a69b241e0aecfb8f846de17ec9f872695857e4dba45a777a7b9804
6213,155.325,1.9413,147.8601,False,12,mechanical_001,79d0085777a69b241e0aecfb8f846de17ec9f872695857e4dba45a777a7b9804
6214,155.35,1.9416,148.0199,False,12,mechanical_001,79d0085777a69b241e0aecfb8f846de17ec9f872695857e4dba45a777a7b9804
6215,155.375,1.9419,148.183,False,12,mechanical_001,79d0085777a69b241e0aecfb8f846de17ec9f872695857e4dba45a777a7b9804
6216,155.4,1.9423,148.3539,False,12,mechanical_001,79d0085777a69b241e0aecfb8f846de17ec9f872695857e4dba45a777a7b9804
6217,155.425,1.9426,148.5338,False,12,mechanical_001,79d0085777a69b241e0aecfb8f846de17ec9f872695857e4dba45a777a7b9804
6218,155.45,1.9429,148.7246,False,12,mechanical_001,79d0085777a69b241e0aecfb8f846de17ec9f872695857e4dba45a777a7b9804
6219,155.475,1.9432,148.9194,False,12,mechanical_001,79d0085777a69b241e0aecfb8f846de17ec9f872695857e4dba45a777a7b9804
6220,155.5,1.9435,149.1071,False,12,mechanical_001,79d0085777a69b241e0aecfb8f846de17ec9f872695857e4dba45a777a7b9804
6221,155.525,1.9438,149.3022,False,12,mechanical_001,79d0085777a69b241e0aecfb8f846de17ec9f872695857e4dba45a777a7b9804
6222,155.55,1.9442,149.4948,False,12,mechanical_001,79d0085777a69b241e0aecfb8f846de17ec9f872695857e4dba45a777a7b9804
6223,155.575,1.9445,149.6789,False,12,mechanical_001,79d0085777a69b241e0aecfb8f846de17ec9f872695857e4dba45a777a7b9804
6224,155.6,1.9448,149.8573,False,12,mechanical_001,79d0085777a69b241e0aecfb8f846de17ec9f872695857e4dba45a777a7b9804
6225,155.625,1.9451,150.041,False,12,mechanical_001,79d0085777a69b241e0aecfb8f846de17ec9f872695857e4dba45a777a7b9804
6226,155.65,1.9454,150.2147,False,12,mechanical_001,79d0085777a69b241e0aecfb8f846de17ec9f872695857e4dba45a777a7b9804
6227,155.675,1.9457,150.3811,False,12,mechanical_001,79d0085777a69b241e0aecfb8f846de17ec9f872695857e4dba45a777a7b9804
6228,155.7,1.946,150.5438,False,12,mechanical_001,79d0085777a69b241e0aecfb8f846de17ec9f872695857e4dba45a777a7b9804
6229,155.725,1.9463,150.7121,False,12,mechanical_001,79d0085777a69b241e0aecfb8f846de17ec9f872695857e4dba45a777a7b9804
6230,155.75,1.9467,150.8806,False,12,mechanical_001,79d0085777a69b241e0aecfb8f846de17ec9f872695857e4dba45a777a7b9804
6231,155.775,1.947,151.063,False,12,mechanical_001,79d0085777a69b241e0aecfb8f846de17ec9f872695857e4dba45a777a7b9804
6232,155.8,1.9473,151.2577,False,12,mechanical_001,79d0085777a69b241e0aecfb8f846de17ec9f872695857e4dba45a777a7b9804
6233,155.825,1.9476,151.4474,False,12,mechanical_001,79d0085777a69b241e0aecfb8f846de17ec9f872695857e4dba45a777a7b9804
6234,155.85,1.9479,151.6367,False,12,mechanical_001,79d0085777a69b241e0aecfb8f846de17ec9f872695857e4dba45a777a7b9804
6235,155.875,1.9482,151.8177,False,12,mechanical_001,79d0085777a69b241e0aecfb8f846de17ec9f872695857e4dba45a777a7b9804
6236,155.9,1.9485,152.006,False,12,mechanical_001,79d0085777a69b241e0aecfb8f846de17ec9f872695857e4dba45a777a7b9804
6237,155.925,1.9489,152.1963,False,12,mechanical_001,79d0085777a69b241e0aecfb8f846de17ec9f872695857e4dba45a777a7b9804
6238,155.95,1.9492,152.3838,False,12,mechanical_001,79d0085777a69b241e0aecfb8f846de17ec9f872695857e4dba45a777a7b9804
6239,155.975,1.9495,152.5582,False,12,mechanical_001,79d0085777a69b241e0aecfb8f846de17ec9f872695857e4dba45a777a7b9804
6240,156.0,1.9498,152.722,False,12,mechanical_001,79d0085777a69b241e0aecfb8f846de17ec9f872695857e4dba45a777a7b9804
6241,156.025,1.9501,152.8824,False,12,mechanical_001,79d0085777a69b241e0aecfb8f846de17ec9f872695857e4dba45a777a7b9804
6242,156.05,1.9504,153.0536,False,12,mechanical_001,79d0085777a69b241e0aecfb8f846de17ec9f872695857e4dba45a777a7b9804
6243,156.075,1.9507,153.237,False,12,mechanical_001,79d0085777a69b241e0aecfb8f846de17ec9f872695857e4dba45a777a7b9804
6244,156.1,1.951,153.4173,False,12,mechanical_001,79d0085777a69b241e0aecfb8f846de17ec9f872695857e4dba45a777a7b9804
6245,156.125,1.9514,153.5903,False,12,mechanical_001,79d0085777a69b241e0aecfb8f846de17ec9f872695857e4dba45a777a7b9804
6246,156.15,1.9517,153.7595,False,12,mechanical_001,79d0085777a69b241e0aecfb8f846de17ec9f872695857e4dba45a777a7b9804
6247,156.175,1.952,153.9337,False,12,mechanical_001,79d0085777a69b241e0aecfb8f846de17ec9f872695857e4dba45a777a7b9804
6248,156.2,1.9523,154.102,False,12,mechanical_001,79d0085777a69b241e0aecfb8f846de17ec9f872695857e4dba45a777a7b9804
6249,156.225,1.9526,154.2613,False,12,mechanical_001,79d0085777a69b241e0aecfb8f846de17ec9f872695857e4dba45a777a7b9804
6250,156.25,1.9529,154.4249,False,12,mechanical_001,79d0085777a69b241e0aecfb8f846de17ec9f872695857e4dba45a777a7b9804
6251,156.275,1.9532,154.588,False,12,mechanical_001,79d0085777a69b241e0aecfb8f846de17ec9f872695857e4dba45a777a7b9804
6252,156.3,1.9535,154.7626,False,12,mechanical_001,79d0085777a69b241e0aecfb8f846de17ec9f872695857e4dba45a777a7b9804
6253,156.325,1.9538,154.9536,False,12,mechanical_001,79d0085777a69b241e0aecfb8f846de17ec9f872695857e4dba45a777a7b9804
6254,156.35,1.9541,155.1401,False,12,mechanical_001,79d0085777a69b241e0aecfb8f846de17ec9f872695857e4dba45a777a7b9804
6255,156.375,1.9545,155.328,False,12,mechanical_001,79d0085777a69b241e0aecfb8f846de17ec9f872695857e4dba45a777a7b9804
6256,156.4,1.9548,155.5184,False,12,mechanical_001,79d0085777a69b241e0aecfb8f846de17ec9f872695857e4dba45a777a7b9804
6257,156.425,1.9551,155.7062,False,12,mechanical_001,79d0085777a69b241e0aecfb8f846de17ec9f872695857e4dba45a777a7b9804
6258,156.45,1.9554,155.8864,False,12,mechanical_001,79d0085777a69b241e0aecfb8f846de17ec9f872695857e4dba45a777a7b9804
6259,156.475,1.9557,156.0654,False,12,mechanical_001,79d0085777a69b241e0aecfb8f846de17ec9f872695857e4dba45a777a7b9804
6260,156.5,1.956,156.2433,False,12,mechanical_001,79d0085777a69b241e0aecfb8f846de17ec9f872695857e4dba45a777a7b9804
6261,156.525,1.9563,156.4133,False,12,mechanical_001,79d0085777a69b241e0aecfb8f846de17ec9f872695857e4dba45a777a7b9804
6262,156.55,1.9566,156.5827,False,12,mechanical_001,79d0085777a69b241e0aecfb8f846de17ec9f872695857e4dba45a777a7b9804
6263,156.575,1.9569,156.7619,False,12,mechanical_001,79d0085777a69b241e0aecfb8f846de17ec9f872695857e4dba45a777a7b9804
6264,156.6,1.9573,156.9348,False,12,mechanical_001,79d0085777a69b241e0aecfb8f846de17ec9f872695857e4dba45a777a7b9804
6265,156.625,1.9576,157.0983,False,12,mechanical_001,79d0085777a69b241e0aecfb8f846de17ec9f872695857e4dba45a777a7b9804
6266,156.65,1.9579,157.2626,False,12,mechanical_001,79d0085777a69b241e0aecfb8f846de17ec9f872695857e4dba45a777a7b9804
6267,156.675,1.9582,157.4328,False,12,mechanical_001,79d0085777a69b241e0aecfb8f846de17ec9f872695857e4dba45a777a7b9804
6268,156.7,1.9585,157.6059,False,12,mechanical_001,79d0085777a69b241e0aecfb8f846de17ec9f872695857e4dba45a777a7b9804
6269,156.725,1.9588,157.7893,False,12,mechanical_001,79d0085777a69b241e0aecfb8f846de17ec9f872695857e4dba45a777a7b9804
6270,156.75,1.9591,157.9724,False,12,mechanical_001,79d0085777a69b241e0aecfb8f846de17ec9f872695857e4dba45a777a7b9804
6271,156.775,1.9594,158.1518,False,12,mechanical_001,79d0085777a69b241e0aecfb8f846de17ec9f872695857e4dba45a777a7b9804
6272,156.8,1.9598,158.3269,False,12,mechanical_001,79d0085777a69b241e0aecfb8f846de17ec9f872695857e4dba45a777a7b9804
6273,156.825,1.9601,158.5023,False,12,mechanical_001,79d0085777a69b241e0aecfb8f846de17ec9f872695857e4dba45a777a7b9804
6274,156.85,1.9604,158.665,False,12,mechanical_001,79d0085777a69b241e0aecfb8f846de17ec9f872695857e4dba45a777a7b9804
6275,156.875,1.9607,158.8118,False,12,mechanical_001,79d0085777a69b241e0aecfb8f846de17ec9f872695857e4dba45a777a7b9804
6276,156.9,1.961,158.9501,False,12,mechanical_001,79d0085777a69b241e0aecfb8f846de17ec9f872695857e4dba45a777a7b9804
6277,156.925,1.9613,159.0838,False,12,mechanical_001,79d0085777a69b241e0aecfb8f846de17ec9f872695857e4dba45a777a7b9804
6278,156.95,1.9616,159.2334,False,12,mechanical_001,79d0085777a69b241e0aecfb8f846de17ec9f872695857e4dba45a777a7b9804
6279,156.975,1.9619,159.3957,False,12,mechanical_001,79d0085777a69b241e0aecfb8f846de17ec9f872695857e4dba45a777a7b9804
6280,157.0,1.9622,159.5524,False,12,mechanical_001,79d0085777a69b241e0aecfb8f846de17ec9f872695857e4dba45a777a7b9804
6281,157.025,1.9625,159.71,False,12,mechanical_001,79d0085777a69b241e0aecfb8f846de17ec9f872695857e4dba45a777a7b9804
6282,157.05,1.9628,159.8729,False,12,mechanical_001,79d0085777a69b241e0aecfb8f846de17ec9f872695857e4dba45a777a7b9804
6283,157.075,1.9631,160.0373,False,12,mechanical_001,79d0085777a69b241e0aecfb8f846de17ec9f872695857e4dba45a777a7b9804
6284,157.1,1.9635,160.1982,False,12,mechanical_001,79d0085777a69b241e0aecfb8f846de17ec9f872695857e4dba45a777a7b9804
6285,157.125,1.9638,160.3607,False,12,mechanical_001,79d0085777a69b241e0aecfb8f846de17ec9f872695857e4dba45a777a7b9804
6286,157.15,1.9641,160.5293,False,12,mechanical_001,79d0085777a69b241e0aecfb8f846de17ec9f872695857e4dba45a777a7b9804
6287,157.175,1.9644,160.6938,False,12,mechanical_001,79d0085777a69b241e0aecfb8f846de17ec9f872695857e4dba45a777a7b9804
6288,157.2,1.9647,160.8641,False,12,mechanical_001,79d0085777a69b241e0aecfb8f846de17ec9f872695857e4dba45a777a7b9804
6289,157.225,1.965,161.0462,False,12,mechanical_001,79d0085777a69b241e0aecfb8f846de17ec9f872695857e4dba45a777a7b9804
6290,157.25,1.9653,161.2347,False,12,mechanical_001,79d0085777a69b241e0aecfb8f846de17ec9f872695857e4dba45a777a7b9804
6291,157.275,1.9657,161.4286,False,12,mechanical_001,79d0085777a69b241e0aecfb8f846de17ec9f872695857e4dba45a777a7b9804
6292,157.3,1.966,161.6253,False,12,mechanical_001,79d0085777a69b241e0aecfb8f846de17ec9f872695857e4dba45a777a7b9804
6293,157.325,1.9663,161.8277,False,12,mechanical_001,79d0085777a69b241e0aecfb8f846de17ec9f872695857e4dba45a777a7b9804
6294,157.35,1.9666,162.0268,False,12,mechanical_001,79d0085777a69b241e0aecfb8f846de17ec9f872695857e4dba45a777a7b9804
6295,157.375,1.9669,162.2127,False,12,mechanical_001,79d0085777a69b241e0aecfb8f846de17ec9f872695857e4dba45a777a7b9804
6296,157.4,1.9672,162.3797,False,12,mechanical_001,79d0085777a69b241e0aecfb8f846de17ec9f872695857e4dba45a777a7b9804
6297,157.425,1.9675,162.5307,False,12,mechanical_001,79d0085777a69b241e0aecfb8f846de17ec9f872695857e4dba45a777a7b9804
6298,157.45,1.9679,162.6705,False,12,mechanical_001,79d0085777a69b241e0aecfb8f846de17ec9f872695857e4dba45a777a7b9804
6299,157.475,1.9682,162.8154,False,12,mechanical_001,79d0085777a69b241e0aecfb8f846de17ec9f872695857e4dba45a777a7b9804
6300,157.5,1.9685,162.9752,False,12,mechanical_001,79d0085777a69b241e0aecfb8f846de17ec9f872695857e4dba45a777a7b9804
6301,157.525,1.9688,163.1441,False,12,mechanical_001,79d0085777a69b241e0aecfb8f846de17ec9f872695857e4dba45a777a7b9804
6302,157.55,1.9691,163.3138,False,12,mechanical_001,79d0085777a69b241e0aecfb8f846de17ec9f872695857e4dba45a777a7b9804
6303,157.575,1.9694,163.4838,False,12,mechanical_001,79d0085777a69b241e0aecfb8f846de17ec9f872695857e4dba45a777a7b9804
6304,157.6,1.9697,163.6541,False,12,mechanical_001,79d0085777a69b241e0aecfb8f846de17ec9f872695857e4dba45a777a7b9804
6305,157.625,1.97,163.8323,False,12,mechanical_001,79d0085777a69b241e0aecfb8f846de17ec9f872695857e4dba45a777a7b9804
6306,157.65,1.9703,164.0064,False,12,mechanical_001,79d0085777a69b241e0aecfb8f846de17ec9f872695857e4dba45a777a7b9804
6307,157.675,1.9706,164.1661,False,12,mechanical_001,79d0085777a69b241e0aecfb8f846de17ec9f872695857e4dba45a777a7b9804
6308,157.7,1.9709,164.3048,False,12,mechanical_001,79d0085777a69b241e0aecfb8f846de17ec9f872695857e4dba45a777a7b9804
6309,157.725,1.9712,164.4249,False,12,mechanical_001,79d0085777a69b241e0aecfb8f846de17ec9f872695857e4dba45a777a7b9804
6310,157.75,1.9715,164.5273,False,12,mechanical_001,79d0085777a69b241e0aecfb8f846de17ec9f872695857e4dba45a777a7b9804
6311,157.775,1.9718,164.6244,False,12,mechanical_001,79d0085777a69b241e0aecfb8f846de17ec9f872695857e4dba45a777a7b9804
6312,157.8,1.9721,164.7169,False,12,mechanical_001,79d0085777a69b241e0aecfb8f846de17ec9f872695857e4dba45a777a7b9804
6313,157.825,1.9724,164.7978,False,12,mechanical_001,79d0085777a69b241e0aecfb8f846de17ec9f872695857e4dba45a777a7b9804
6314,157.85,1.9727,164.8737,False,12,mechanical_001,79d0085777a69b241e0aecfb8f846de17ec9f872695857e4dba45a777a7b9804
6315,157.875,1.973,164.9523,False,12,mechanical_001,79d0085777a69b241e0aecfb8f846de17ec9f872695857e4dba45a777a7b9804
6316,157.9,1.9732,165.0512,False,12,mechanical_001,79d0085777a69b241e0aecfb8f846de17ec9f872695857e4dba45a777a7b9804
6317,157.925,1.9735,165.1718,False,12,mechanical_001,79d0085777a69b241e0aecfb8f846de17ec9f872695857e4dba45a777a7b9804
6318,157.95,1.9738,165.3203,False,12,mechanical_001,79d0085777a69b241e0aecfb8f846de17ec9f872695857e4dba45a777a7b9804
6319,157.975,1.9741,165.4847,False,12,mechanical_001,79d0085777a69b241e0aecfb8f846de17ec9f872695857e4dba45a777a7b9804
6320,158.0,1.9745,165.6547,False,12,mechanical_001,79d0085777a69b241e0aecfb8f846de17ec9f872695857e4dba45a777a7b9804
6321,158.025,1.9748,165.8432,False,12,mechanical_001,79d0085777a69b241e0aecfb8f846de17ec9f872695857e4dba45a777a7b9804
6322,158.05,1.9751,166.0658,False,12,mechanical_001,79d0085777a69b241e0aecfb8f846de17ec9f872695857e4dba45a777a7b9804
6323,158.075,1.9754,166.3129,False,12,mechanical_001,79d0085777a69b241e0aecfb8f846de17ec9f872695857e4dba45a777a7b9804
6324,158.1,1.9757,166.5531,False,12,mechanical_001,79d0085777a69b241e0aecfb8f846de17ec9f872695857e4dba45a777a7b9804
6325,158.125,1.9761,166.777,False,12,mechanical_001,79d0085777a69b241e0aecfb8f846de17ec9f872695857e4dba45a777a7b9804
6326,158.15,1.9764,166.9925,False,12,mechanical_001,79d0085777a69b241e0aecfb8f846de17ec9f872695857e4dba45a777a7b9804
6327,158.175,1.9767,167.1964,False,12,mechanical_001,79d0085777a69b241e0aecfb8f846de17ec9f872695857e4dba45a777a7b9804
6328,158.2,1.977,167.3788,False,12,mechanical_001,79d0085777a69b241e0aecfb8f846de17ec9f872695857e4dba45a777a7b9804
6329,158.225,1.9773,167.5483,False,12,mechanical_001,79d0085777a69b241e0aecfb8f846de17ec9f872695857e4dba45a777a7b9804
6330,158.25,1.9776,167.7143,False,12,mechanical_001,79d0085777a69b241e0aecfb8f846de17ec9f872695857e4dba45a777a7b9804
6331,158.275,1.9779,167.8719,False,12,mechanical_001,79d0085777a69b241e0aecfb8f846de17ec9f872695857e4dba45a777a7b9804
6332,158.3,1.9782,168.0125,False,12,mechanical_001,79d0085777a69b241e0aecfb8f846de17ec9f872695857e4dba45a777a7b9804
6333,158.325,1.9785,168.1599,False,12,mechanical_001,79d0085777a69b241e0aecfb8f846de17ec9f872695857e4dba45a777a7b9804
6334,158.35,1.9788,168.335,False,12,mechanical_001,79d0085777a69b241e0aecfb8f846de17ec9f872695857e4dba45a777a7b9804
6335,158.375,1.9792,168.521,False,12,mechanical_001,79d0085777a69b241e0aecfb8f846de17ec9f872695857e4dba45a777a7b9804
6336,158.4,1.9795,168.7208,False,12,mechanical_001,79d0085777a69b241e0aecfb8f846de17ec9f872695857e4dba45a777a7b9804
6337,158.425,1.9798,168.9317,False,12,mechanical_001,79d0085777a69b241e0aecfb8f846de17ec9f872695857e4dba45a777a7b9804
6338,158.45,1.9801,169.1504,False,12,mechanical_001,79d0085777a69b241e0aecfb8f846de17ec9f872695857e4dba45a777a7b9804
6339,158.475,1.9804,169.3737,False,12,mechanical_001,79d0085777a69b241e0aecfb8f846de17ec9f872695857e4dba45a777a7b9804
6340,158.5,1.9808,169.5998,False,12,mechanical_001,79d0085777a69b241e0aecfb8f846de17ec9f872695857e4dba45a777a7b9804
6341,158.525,1.9811,169.829,False,12,mechanical_001,79d0085777a69b241e0aecfb8f846de17ec9f872695857e4dba45a777a7b9804
6342,158.55,1.9814,170.0432,False,12,mechanical_001,79d0085777a69b241e0aecfb8f846de17ec9f872695857e4dba45a777a7b9804
6343,158.575,1.9817,170.2399,False,12,mechanical_001,79d0085777a69b241e0aecfb8f846de17ec9f872695857e4dba45a777a7b9804
6344,158.6,1.982,170.4056,False,12,mechanical_001,79d0085777a69b241e0aecfb8f846de17ec9f872695857e4dba45a777a7b9804
6345,158.625,1.9824,170.5573,False,12,mechanical_001,79d0085777a69b241e0aecfb8f846de17ec9f872695857e4dba45a777a7b9804
6346,158.65,1.9827,170.6909,False,12,mechanical_001,79d0085777a69b241e0aecfb8f846de17ec9f872695857e4dba45a777a7b9804
6347,158.675,1.983,170.8465,False,12,mechanical_001,79d0085777a69b241e0aecfb8f846de17ec9f872695857e4dba45a777a7b9804
6348,158.7,1.9833,171.0169,False,12,mechanical_001,79d0085777a69b241e0aecfb8f846de17ec9f872695857e4dba45a777a7b9804
6349,158.725,1.9836,171.179,False,12,mechanical_001,79d0085777a69b241e0aecfb8f846de17ec9f872695857e4dba45a777a7b9804
6350,158.75,1.9839,171.3537,False,12,mechanical_001,79d0085777a69b241e0aecfb8f846de17ec9f872695857e4dba45a777a7b9804
6351,158.775,1.9842,171.5308,False,12,mechanical_001,79d0085777a69b241e0aecfb8f846de17ec9f872695857e4dba45a777a7b9804
6352,158.8,1.9845,171.715,False,12,mechanical_001,79d0085777a69b241e0aecfb8f846de17ec9f872695857e4dba45a777a7b9804
6353,158.825,1.9848,171.9056,False,12,mechanical_001,79d0085777a69b241e0aecfb8f846de17ec9f872695857e4dba45a777a7b9804
6354,158.85,1.9852,172.0969,False,12,mechanical_001,79d0085777a69b241e0aecfb8f846de17ec9f872695857e4dba45a777a7b9804
6355,158.875,1.9855,172.284,False,12,mechanical_001,79d0085777a69b241e0aecfb8f846de17ec9f872695857e4dba45a777a7b9804
6356,158.9,1.9858,172.4673,False,12,mechanical_001,79d0085777a69b241e0aecfb8f846de17ec9f872695857e4dba45a777a7b9804
6357,158.925,1.9861,172.6547,False,12,mechanical_001,79d0085777a69b241e0aecfb8f846de17ec9f872695857e4dba45a777a7b9804
6358,158.95,1.9864,172.8481,False,12,mechanical_001,79d0085777a69b241e0aecfb8f846de17ec9f872695857e4dba45a777a7b9804
6359,158.975,1.9868,173.0305,False,12,mechanical_001,79d0085777a69b241e0aecfb8f846de17ec9f872695857e4dba45a777a7b9804
6360,159.0,1.9871,173.2063,False,12,mechanical_001,79d0085777a69b241e0aecfb8f846de17ec9f872695857e4dba45a777a7b9804
6361,159.025,1.9874,173.3799,False,12,mechanical_001,79d0085777a69b241e0aecfb8f846de17ec9f872695857e4dba45a777a7b9804
6362,159.05,1.9877,173.5581,False,12,mechanical_001,79d0085777a69b241e0aecfb8f846de17ec9f872695857e4dba45a777a7b9804
6363,159.075,1.988,173.7278,False,12,mechanical_001,79d0085777a69b241e0aecfb8f846de17ec9f872695857e4dba45a777a7b9804
6364,159.1,1.9883,173.8886,False,12,mechanical_001,79d0085777a69b241e0aecfb8f846de17ec9f872695857e4dba45a777a7b9804
6365,159.125,1.9886,174.0399,False,12,mechanical_001,79d0085777a69b241e0aecfb8f846de17ec9f872695857e4dba45a777a7b9804
6366,159.15,1.9889,174.1913,False,12,mechanical_001,79d0085777a69b241e0aecfb8f846de17ec9f872695857e4dba45a777a7b9804
6367,159.175,1.9892,174.3681,False,12,mechanical_001,79d0085777a69b241e0aecfb8f846de17ec9f872695857e4dba45a777a7b9804
6368,159.2,1.9896,174.554,False,12,mechanical_001,79d0085777a69b241e0aecfb8f846de17ec9f872695857e4dba45a777a7b9804
6369,159.225,1.9899,174.7452,False,12,mechanical_001,79d0085777a69b241e0aecfb8f846de17ec9f872695857e4dba45a777a7b9804
6370,159.25,1.9902,174.9251,False,12,mechanical_001,79d0085777a69b241e0aecfb8f846de17ec9f872695857e4dba45a777a7b9804
6371,159.275,1.9905,175.0851,False,12,mechanical_001,79d0085777a69b241e0aecfb8f846de17ec9f872695857e4dba45a777a7b9804
6372,159.3,1.9908,175.2343,False,12,mechanical_001,79d0085777a69b241e0aecfb8f846de17ec9f872695857e4dba45a777a7b9804
6373,159.325,1.9911,175.3792,False,12,mechanical_001,79d0085777a69b241e0aecfb8f846de17ec9f872695857e4dba45a777a7b9804
6374,159.35,1.9914,175.52,False,12,mechanical_001,79d0085777a69b241e0aecfb8f846de17ec9f872695857e4dba45a777a7b9804
6375,159.375,1.9917,175.6675,False,12,mechanical_001,79d0085777a69b241e0aecfb8f846de17ec9f872695857e4dba45a777a7b9804
6376,159.4,1.992,175.8317,False,12,mechanical_001,79d0085777a69b241e0aecfb8f846de17ec9f872695857e4dba45a777a7b9804
6377,159.425,1.9924,175.9994,False,12,mechanical_001,79d0085777a69b241e0aecfb8f846de17ec9f872695857e4dba45a777a7b9804
6378,159.45,1.9927,176.1852,False,12,mechanical_001,79d0085777a69b241e0aecfb8f846de17ec9f872695857e4dba45a777a7b9804
6379,159.475,1.993,176.3715,False,12,mechanical_001,79d0085777a69b241e0aecfb8f846de17ec9f872695857e4dba45a777a7b9804
6380,159.5,1.9933,176.5662,False,12,mechanical_001,79d0085777a69b241e0aecfb8f846de17ec9f872695857e4dba45a777a7b9804
6381,159.525,1.9936,176.7584,False,12,mechanical_001,79d0085777a69b241e0aecfb8f846de17ec9f872695857e4dba45a777a7b9804
6382,159.55,1.9939,176.9459,False,12,mechanical_001,79d0085777a69b241e0aecfb8f846de17ec9f872695857e4dba45a777a7b9804
6383,159.575,1.9943,177.1442,False,12,mechanical_001,79d0085777a69b241e0aecfb8f846de17ec9f872695857e4dba45a777a7b9804
6384,159.6,1.9946,177.3408,False,12,mechanical_001,79d0085777a69b241e0aecfb8f846de17ec9f872695857e4dba45a777a7b9804
6385,159.625,1.9949,177.5284,False,12,mechanical_001,79d0085777a69b241e0aecfb8f846de17ec9f872695857e4dba45a777a7b9804
6386,159.65,1.9952,177.7135,False,12,mechanical_001,79d0085777a69b241e0aecfb8f846de17ec9f872695857e4dba45a777a7b9804
6387,159.675,1.9955,177.897,False,12,mechanical_001,79d0085777a69b241e0aecfb8f846de17ec9f872695857e4dba45a777a7b9804
6388,159.7,1.9958,178.0738,False,12,mechanical_001,79d0085777a69b241e0aecfb8f846de17ec9f872695857e4dba45a777a7b9804
6389,159.725,1.9962,178.244,False,12,mechanical_001,79d0085777a69b241e0aecfb8f846de17ec9f872695857e4dba45a777a7b9804
6390,159.75,1.9965,178.4139,False,12,mechanical_001,79d0085777a69b241e0aecfb8f846de17ec9f872695857e4dba45a777a7b9804
6391,159.775,1.9968,178.5678,False,12,mechanical_001,79d0085777a69b241e0aecfb8f846de17ec9f872695857e4dba45a777a7b9804
6392,159.8,1.9971,178.7156,False,12,mechanical_001,79d0085777a69b241e0aecfb8f846de17ec9f872695857e4dba45a777a7b9804
6393,159.825,1.9974,178.8603,False,12,mechanical_001,79d0085777a69b241e0aecfb8f846de17ec9f872695857e4dba45a777a7b9804
6394,159.85,1.9977,179.0108,False,12,mechanical_001,79d0085777a69b241e0aecfb8f846de17ec9f872695857e4dba45a777a7b9804
6395,159.875,1.998,179.1682,False,12,mechanical_001,79d0085777a69b241e0aecfb8f846de17ec9f872695857e4dba45a777a7b9804
6396,159.9,1.9983,179.3425,False,12,mechanical_001,79d0085777a69b241e0aecfb8f846de17ec9f872695857e4dba45a777a7b9804
6397,159.925,1.9986,179.5224,False,12,mechanical_001,79d0085777a69b241e0aecfb8f846de17ec9f872695857e4dba45a777a7b9804
6398,159.95,1.9989,179.7095,False,12,mechanical_001,79d0085777a69b241e0aecfb8f846de17ec9f872695857e4dba45a777a7b9804
6399,159.975,1.9992,179.9115,False,12,mechanical_001,79d0085777a69b241e0aecfb8f846de17ec9f872695857e4dba45a777a7b9804
6400,160.0,1.9996,180.1023,False,12,mechanical_001,79d0085777a69b241e0aecfb8f846de17ec9f872695857e4dba45a777a7b9804
6401,160.025,1.9999,180.2913,False,12,mechanical_001,79d0085777a69b241e0aecfb8f846de17ec9f872695857e4dba45a777a7b9804
6402,160.05,2.0002,180.4731,False,12,mechanical_001,79d0085777a69b241e0aecfb8f846de17ec9f872695857e4dba45a777a7b9804
6403,160.075,2.0005,180.6397,False,12,mechanical_001,79d0085777a69b241e0aecfb8f846de17ec9f872695857e4dba45a777a7b9804
6404,160.1,2.0008,180.8062,False,12,mechanical_001,79d0085777a69b241e0aecfb8f846de17ec9f872695857e4dba45a777a7b9804
6405,160.125,2.0011,180.9763,False,12,mechanical_001,79d0085777a69b241e0aecfb8f846de17ec9f872695857e4dba45a777a7b9804
6406,160.15,2.0014,181.1549,False,12,mechanical_001,79d0085777a69b241e0aecfb8f846de17ec9f872695857e4dba45a777a7b9804
6407,160.175,2.0018,181.3315,False,12,mechanical_001,79d0085777a69b241e0aecfb8f846de17ec9f872695857e4dba45a777a7b9804
6408,160.2,2.0021,181.5008,False,12,mechanical_001,79d0085777a69b241e0aecfb8f846de17ec9f872695857e4dba45a777a7b9804
6409,160.225,2.0024,181.6612,False,12,mechanical_001,79d0085777a69b241e0aecfb8f846de17ec9f872695857e4dba45a777a7b9804
6410,160.25,2.0027,181.8223,False,12,mechanical_001,79d0085777a69b241e0aecfb8f846de17ec9f872695857e4dba45a777a7b9804
6411,160.275,2.003,181.9881,False,12,mechanical_001,79d0085777a69b241e0aecfb8f846de17ec9f872695857e4dba45a777a7b9804
6412,160.3,2.0033,182.1479,False,12,mechanical_001,79d0085777a69b241e0aecfb8f846de17ec9f872695857e4dba45a777a7b9804
6413,160.325,2.0036,182.2973,False,12,mechanical_001,79d0085777a69b241e0aecfb8f846de17ec9f872695857e4dba45a777a7b9804
6414,160.35,2.0039,182.45,False,12,mechanical_001,79d0085777a69b241e0aecfb8f846de17ec9f872695857e4dba45a777a7b9804
6415,160.375,2.0042,182.6006,False,12,mechanical_001,79d0085777a69b241e0aecfb8f846de17ec9f872695857e4dba45a777a7b9804
6416,160.4,2.0045,182.766,False,12,mechanical_001,79d0085777a69b241e0aecfb8f846de17ec9f872695857e4dba45a777a7b9804
6417,160.425,2.0049,182.9623,False,12,mechanical_001,79d0085777a69b241e0aecfb8f846de17ec9f872695857e4dba45a777a7b9804
6418,160.45,2.0052,183.1733,False,12,mechanical_001,79d0085777a69b241e0aecfb8f846de17ec9f872695857e4dba45a777a7b9804
6419,160.475,2.0055,183.392,False,12,mechanical_001,79d0085777a69b241e0aecfb8f846de17ec9f872695857e4dba45a777a7b9804
6420,160.5,2.0058,183.6026,False,12,mechanical_001,79d0085777a69b241e0aecfb8f846de17ec9f872695857e4dba45a777a7b9804
6421,160.525,2.0061,183.7953,False,12,mechanical_001,79d0085777a69b241e0aecfb8f846de17ec9f872695857e4dba45a777a7b9804
6422,160.55,2.0065,183.9628,False,12,mechanical_001,79d0085777a69b241e0aecfb8f846de17ec9f872695857e4dba45a777a7b9804
6423,160.575,2.0068,184.123,False,12,mechanical_001,79d0085777a69b241e0aecfb8f846de17ec9f872695857e4dba45a777a7b9804
6424,160.6,2.0071,184.2834,False,12,mechanical_001,79d0085777a69b241e0aecfb8f846de17ec9f872695857e4dba45a777a7b9804
6425,160.625,2.0074,184.4506,False,12,mechanical_001,79d0085777a69b241e0aecfb8f846de17ec9f872695857e4dba45a777a7b9804
6426,160.65,2.0077,184.6282,False,12,mechanical_001,79d0085777a69b241e0aecfb8f846de17ec9f872695857e4dba45a777a7b9804
6427,160.675,2.008,184.808,False,12,mechanical_001,79d0085777a69b241e0aecfb8f846de17ec9f872695857e4dba45a777a7b9804
6428,160.7,2.0083,184.9848,False,12,mechanical_001,79d0085777a69b241e0aecfb8f846de17ec9f872695857e4dba45a777a7b9804
6429,160.725,2.0086,185.1583,False,12,mechanical_001,79d0085777a69b241e0aecfb8f846de17ec9f872695857e4dba45a777a7b9804
6430,160.75,2.009,185.3344,False,12,mechanical_001,79d0085777a69b241e0aecfb8f846de17ec9f872695857e4dba45a777a7b9804
6431,160.775,2.0093,185.5071,False,12,mechanical_001,79d0085777a69b241e0aecfb8f846de17ec9f872695857e4dba45a777a7b9804
6432,160.8,2.0096,185.6821,False,12,mechanical_001,79d0085777a69b241e0aecfb8f846de17ec9f872695857e4dba45a777a7b9804
6433,160.825,2.0099,185.8601,False,12,mechanical_001,79d0085777a69b241e0aecfb8f846de17ec9f872695857e4dba45a777a7b9804
6434,160.85,2.0102,186.0365,False,12,mechanical_001,79d0085777a69b241e0aecfb8f846de17ec9f872695857e4dba45a777a7b9804
6435,160.875,2.0105,186.2113,False,12,mechanical_001,79d0085777a69b241e0aecfb8f846de17ec9f872695857e4dba45a777a7b9804
6436,160.9,2.0108,186.3844,False,12,mechanical_001,79d0085777a69b241e0aecfb8f846de17ec9f872695857e4dba45a777a7b9804
6437,160.925,2.0112,186.5572,False,12,mechanical_001,79d0085777a69b241e0aecfb8f846de17ec9f872695857e4dba45a777a7b9804
6438,160.95,2.0115,186.7351,False,12,mechanical_001,79d0085777a69b241e0aecfb8f846de17ec9f872695857e4dba45a777a7b9804
6439,160.975,2.0118,186.9139,False,12,mechanical_001,79d0085777a69b241e0aecfb8f846de17ec9f872695857e4dba45a777a7b9804
6440,161.0,2.0121,187.093,False,12,mechanical_001,79d0085777a69b241e0aecfb8f846de17ec9f872695857e4dba45a777a7b9804
6441,161.025,2.0124,187.2868,False,12,mechanical_001,79d0085777a69b241e0aecfb8f846de17ec9f872695857e4dba45a777a7b9804
6442,161.05,2.0127,187.4857,False,12,mechanical_001,79d0085777a69b241e0aecfb8f846de17ec9f872695857e4dba45a777a7b9804
6443,161.075,2.0131,187.6926,False,12,mechanical_001,79d0085777a69b241e0aecfb8f846de17ec9f872695857e4dba45a777a7b9804
6444,161.1,2.0134,187.9044,False,12,mechanical_001,79d0085777a69b241e0aecfb8f846de17ec9f872695857e4dba45a777a7b9804
6445,161.125,2.0137,188.1038,False,12,mechanical_001,79d0085777a69b241e0aecfb8f846de17ec9f872695857e4dba45a777a7b9804
6446,161.15,2.014,188.2861,False,12,mechanical_001,79d0085777a69b241e0aecfb8f846de17ec9f872695857e4dba45a777a7b9804
6447,161.175,2.0143,188.4658,False,12,mechanical_001,79d0085777a69b241e0aecfb8f846de17ec9f872695857e4dba45a777a7b9804
6448,161.2,2.0147,188.6528,False,12,mechanical_001,79d0085777a69b241e0aecfb8f846de17ec9f872695857e4dba45a777a7b9804
6449,161.225,2.015,188.836,False,12,mechanical_001,79d0085777a69b241e0aecfb8f846de17ec9f872695857e4dba45a777a7b9804
6450,161.25,2.0153,189.0154,False,12,mechanical_001,79d0085777a69b241e0aecfb8f846de17ec9f872695857e4dba45a777a7b9804
6451,161.275,2.0156,189.1886,False,12,mechanical_001,79d0085777a69b241e0aecfb8f846de17ec9f872695857e4dba45a777a7b9804
6452,161.3,2.0159,189.3736,False,12,mechanical_001,79d0085777a69b241e0aecfb8f846de17ec9f872695857e4dba45a777a7b9804
6453,161.325,2.0162,189.571,False,12,mechanical_001,79d0085777a69b241e0aecfb8f846de17ec9f872695857e4dba45a777a7b9804
6454,161.35,2.0165,189.766,False,12,mechanical_001,79d0085777a69b241e0aecfb8f846de17ec9f872695857e4dba45a777a7b9804
6455,161.375,2.0169,189.9754,False,12,mechanical_001,79d0085777a69b241e0aecfb8f846de17ec9f872695857e4dba45a777a7b9804
6456,161.4,2.0172,190.1992,False,12,mechanical_001,79d0085777a69b241e0aecfb8f846de17ec9f872695857e4dba45a777a7b9804
6457,161.425,2.0175,190.4302,False,12,mechanical_001,79d0085777a69b241e0aecfb8f846de17ec9f872695857e4dba45a777a7b9804
6458,161.45,2.0178,190.6849,False,12,mechanical_001,79d0085777a69b241e0aecfb8f846de17ec9f872695857e4dba45a777a7b9804
6459,161.475,2.0182,190.9442,False,12,mechanical_001,79d0085777a69b241e0aecfb8f846de17ec9f872695857e4dba45a777a7b9804
6460,161.5,2.0185,191.1666,False,12,mechanical_001,79d0085777a69b241e0aecfb8f846de17ec9f872695857e4dba45a777a7b9804
6461,161.525,2.0188,191.3504,False,12,mechanical_001,79d0085777a69b241e0aecfb8f846de17ec9f872695857e4dba45a777a7b9804
6462,161.55,2.0191,191.5034,False,12,mechanical_001,79d0085777a69b241e0aecfb8f846de17ec9f872695857e4dba45a777a7b9804
6463,161.575,2.0194,191.6273,False,12,mechanical_001,79d0085777a69b241e0aecfb8f846de17ec9f872695857e4dba45a777a7b9804
6464,161.6,2.0197,191.7376,False,12,mechanical_001,79d0085777a69b241e0aecfb8f846de17ec9f872695857e4dba45a777a7b9804
6465,161.625,2.02,191.8659,False,12,mechanical_001,79d0085777a69b241e0aecfb8f846de17ec9f872695857e4dba45a777a7b9804
6466,161.65,2.0203,192.025,False,12,mechanical_001,79d0085777a69b241e0aecfb8f846de17ec9f872695857e4dba45a777a7b9804
6467,161.675,2.0207,192.197,False,12,mechanical_001,79d0085777a69b241e0aecfb8f846de17ec9f872695857e4dba45a777a7b9804
6468,161.7,2.021,192.3716,False,12,mechanical_001,79d0085777a69b241e0aecfb8f846de17ec9f872695857e4dba45a777a7b9804
6469,161.725,2.0213,192.5458,False,12,mechanical_001,79d0085777a69b241e0aecfb8f846de17ec9f872695857e4dba45a777a7b9804
6470,161.75,2.0216,192.7212,False,12,mechanical_001,79d0085777a69b241e0aecfb8f846de17ec9f872695857e4dba45a777a7b9804
6471,161.775,2.0219,192.8977,False,12,mechanical_001,79d0085777a69b241e0aecfb8f846de17ec9f872695857e4dba45a777a7b9804
6472,161.8,2.0222,193.0867,False,12,mechanical_001,79d0085777a69b241e0aecfb8f846de17ec9f872695857e4dba45a777a7b9804
6473,161.825,2.0225,193.2574,False,12,mechanical_001,79d0085777a69b241e0aecfb8f846de17ec9f872695857e4dba45a777a7b9804
6474,161.85,2.0229,193.4125,False,12,mechanical_001,79d0085777a69b241e0aecfb8f846de17ec9f872695857e4dba45a777a7b9804
6475,161.875,2.0232,193.5624,False,12,mechanical_001,79d0085777a69b241e0aecfb8f846de17ec9f872695857e4dba45a777a7b9804
6476,161.9,2.0235,193.7181,False,12,mechanical_001,79d0085777a69b241e0aecfb8f846de17ec9f872695857e4dba45a777a7b9804
6477,161.925,2.0238,193.8737,False,12,mechanical_001,79d0085777a69b241e0aecfb8f846de17ec9f872695857e4dba45a777a7b9804
6478,161.95,2.0241,194.0303,False,12,mechanical_001,79d0085777a69b241e0aecfb8f846de17ec9f872695857e4dba45a777a7b9804
6479,161.975,2.0244,194.1874,False,12,mechanical_001,79d0085777a69b241e0aecfb8f846de17ec9f872695857e4dba45a777a7b9804
6480,162.0,2.0247,194.3462,False,12,mechanical_001,79d0085777a69b241e0aecfb8f846de17ec9f872695857e4dba45a777a7b9804
6481,162.025,2.025,194.509,False,12,mechanical_001,79d0085777a69b241e0aecfb8f846de17ec9f872695857e4dba45a777a7b9804
6482,162.05,2.0253,194.6739,False,12,mechanical_001,79d0085777a69b241e0aecfb8f846de17ec9f872695857e4dba45a777a7b9804
6483,162.075,2.0256,194.8409,False,12,mechanical_001,79d0085777a69b241e0aecfb8f846de17ec9f872695857e4dba45a777a7b9804
6484,162.1,2.026,195.0036,False,12,mechanical_001,79d0085777a69b241e0aecfb8f846de17ec9f872695857e4dba45a777a7b9804
6485,162.125,2.0263,195.1621,False,12,mechanical_001,79d0085777a69b241e0aecfb8f846de17ec9f872695857e4dba45a777a7b9804
6486,162.15,2.0266,195.3276,False,12,mechanical_001,79d0085777a69b241e0aecfb8f846de17ec9f872695857e4dba45a777a7b9804
6487,162.175,2.0269,195.4873,False,12,mechanical_001,79d0085777a69b241e0aecfb8f846de17ec9f872695857e4dba45a777a7b9804
6488,162.2,2.0272,195.6374,False,12,mechanical_001,79d0085777a69b241e0aecfb8f846de17ec9f872695857e4dba45a777a7b9804
6489,162.225,2.0275,195.7737,False,12,mechanical_001,79d0085777a69b241e0aecfb8f846de17ec9f872695857e4dba45a777a7b9804
6490,162.25,2.0278,195.9019,False,12,mechanical_001,79d0085777a69b241e0aecfb8f846de17ec9f872695857e4dba45a777a7b9804
6491,162.275,2.0281,196.0304,False,12,mechanical_001,79d0085777a69b241e0aecfb8f846de17ec9f872695857e4dba45a777a7b9804
6492,162.3,2.0284,196.1525,False,12,mechanical_001,79d0085777a69b241e0aecfb8f846de17ec9f872695857e4dba45a777a7b9804
6493,162.325,2.0287,196.2622,False,12,mechanical_001,79d0085777a69b241e0aecfb8f846de17ec9f872695857e4dba45a777a7b9804
6494,162.35,2.029,196.3591,False,12,mechanical_001,79d0085777a69b241e0aecfb8f846de17ec9f872695857e4dba45a777a7b9804
6495,162.375,2.0293,196.4574,False,12,mechanical_001,79d0085777a69b241e0aecfb8f846de17ec9f872695857e4dba45a777a7b9804
6496,162.4,2.0296,196.5623,False,12,mechanical_001,79d0085777a69b241e0aecfb8f846de17ec9f872695857e4dba45a777a7b9804
6497,162.425,2.0299,196.6585,False,12,mechanical_001,79d0085777a69b241e0aecfb8f846de17ec9f872695857e4dba45a777a7b9804
6498,162.45,2.0302,196.766,False,12,mechanical_001,79d0085777a69b241e0aecfb8f846de17ec9f872695857e4dba45a777a7b9804
6499,162.475,2.0305,196.9056,False,12,mechanical_001,79d0085777a69b241e0aecfb8f846de17ec9f872695857e4dba45a777a7b9804
6500,162.5,2.0308,197.071,False,12,mechanical_001,79d0085777a69b241e0aecfb8f846de17ec9f872695857e4dba45a777a7b9804
6501,162.525,2.0311,197.2464,False,12,mechanical_001,79d0085777a69b241e0aecfb8f846de17ec9f872695857e4dba45a777a7b9804
6502,162.55,2.0314,197.4295,False,12,mechanical_001,79d0085777a69b241e0aecfb8f846de17ec9f872695857e4dba45a777a7b9804
6503,162.575,2.0317,197.6297,False,12,mechanical_001,79d0085777a69b241e0aecfb8f846de17ec9f872695857e4dba45a777a7b9804
6504,162.6,2.032,197.822,False,12,mechanical_001,79d0085777a69b241e0aecfb8f846de17ec9f872695857e4dba45a777a7b9804
6505,162.625,2.0324,198.0139,False,12,mechanical_001,79d0085777a69b241e0aecfb8f846de17ec9f872695857e4dba45a777a7b9804
6506,162.65,2.0327,198.2053,False,12,mechanical_001,79d0085777a69b241e0aecfb8f846de17ec9f872695857e4dba45a777a7b9804
6507,162.675,2.033,198.376,False,12,mechanical_001,79d0085777a69b241e0aecfb8f846de17ec9f872695857e4dba45a777a7b9804
6508,162.7,2.0333,198.5352,False,12,mechanical_001,79d0085777a69b241e0aecfb8f846de17ec9f872695857e4dba45a777a7b9804
6509,162.725,2.0336,198.6944,False,12,mechanical_001,79d0085777a69b241e0aecfb8f846de17ec9f872695857e4dba45a777a7b9804
6510,162.75,2.0339,198.8603,False,12,mechanical_001,79d0085777a69b241e0aecfb8f846de17ec9f872695857e4dba45a777a7b9804
6511,162.775,2.0342,199.0392,False,12,mechanical_001,79d0085777a69b241e0aecfb8f846de17ec9f872695857e4dba45a777a7b9804
6512,162.8,2.0345,199.2184,False,12,mechanical_001,79d0085777a69b241e0aecfb8f846de17ec9f872695857e4dba45a777a7b9804
6513,162.825,2.0349,199.4068,False,12,mechanical_001,79d0085777a69b241e0aecfb8f846de17ec9f872695857e4dba45a777a7b9804
6514,162.85,2.0352,199.5962,False,12,mechanical_001,79d0085777a69b241e0aecfb8f846de17ec9f872695857e4dba45a777a7b9804
6515,162.875,2.0355,199.7727,False,12,mechanical_001,79d0085777a69b241e0aecfb8f846de17ec9f872695857e4dba45a777a7b9804
6516,162.9,2.0358,199.9243,False,12,mechanical_001,79d0085777a69b241e0aecfb8f846de17ec9f872695857e4dba45a777a7b9804
6517,162.925,2.0361,200.0756,False,12,mechanical_001,79d0085777a69b241e0aecfb8f846de17ec9f872695857e4dba45a777a7b9804
6518,162.95,2.0364,200.241,False,12,mechanical_001,79d0085777a69b241e0aecfb8f846de17ec9f872695857e4dba45a777a7b9804
6519,162.975,2.0367,200.4145,False,12,mechanical_001,79d0085777a69b241e0aecfb8f846de17ec9f872695857e4dba45a777a7b9804
6520,163.0,2.037,200.6089,False,12,mechanical_001,79d0085777a69b241e0aecfb8f846de17ec9f872695857e4dba45a777a7b9804
6521,163.025,2.0373,200.7993,False,12,mechanical_001,79d0085777a69b241e0aecfb8f846de17ec9f872695857e4dba45a777a7b9804
6522,163.05,2.0377,200.9753,False,12,mechanical_001,79d0085777a69b241e0aecfb8f846de17ec9f872695857e4dba45a777a7b9804
6523,163.075,2.038,201.1477,False,12,mechanical_001,79d0085777a69b241e0aecfb8f846de17ec9f872695857e4dba45a777a7b9804
6524,163.1,2.0383,201.3104,False,12,mechanical_001,79d0085777a69b241e0aecfb8f846de17ec9f872695857e4dba45a777a7b9804
6525,163.125,2.0386,201.4596,False,12,mechanical_001,79d0085777a69b241e0aecfb8f846de17ec9f872695857e4dba45a777a7b9804
6526,163.15,2.0389,201.6124,False,12,mechanical_001,79d0085777a69b241e0aecfb8f846de17ec9f872695857e4dba45a777a7b9804
6527,163.175,2.0392,201.78,False,12,mechanical_001,79d0085777a69b241e0aecfb8f846de17ec9f872695857e4dba45a777a7b9804
6528,163.2,2.0395,201.957,False,12,mechanical_001,79d0085777a69b241e0aecfb8f846de17ec9f872695857e4dba45a777a7b9804
6529,163.225,2.0398,202.148,False,12,mechanical_001,79d0085777a69b241e0aecfb8f846de17ec9f872695857e4dba45a777a7b9804
6530,163.25,2.0402,202.344,False,12,mechanical_001,79d0085777a69b241e0aecfb8f846de17ec9f872695857e4dba45a777a7b9804
6531,163.275,2.0405,202.5383,False,12,mechanical_001,79d0085777a69b241e0aecfb8f846de17ec9f872695857e4dba45a777a7b9804
6532,163.3,2.0408,202.7288,False,12,mechanical_001,79d0085777a69b241e0aecfb8f846de17ec9f872695857e4dba45a777a7b9804
6533,163.325,2.0411,202.9107,False,12,mechanical_001,79d0085777a69b241e0aecfb8f846de17ec9f872695857e4dba45a777a7b9804
6534,163.35,2.0414,203.0939,False,12,mechanical_001,79d0085777a69b241e0aecfb8f846de17ec9f872695857e4dba45a777a7b9804
6535,163.375,2.0417,203.2782,False,12,mechanical_001,79d0085777a69b241e0aecfb8f846de17ec9f872695857e4dba45a777a7b9804
6536,163.4,2.0421,203.4512,False,12,mechanical_001,79d0085777a69b241e0aecfb8f846de17ec9f872695857e4dba45a777a7b9804
6537,163.425,2.0424,203.6096,False,12,mechanical_001,79d0085777a69b241e0aecfb8f846de17ec9f872695857e4dba45a777a7b9804
6538,163.45,2.0427,203.7637,False,12,mechanical_001,79d0085777a69b241e0aecfb8f846de17ec9f872695857e4dba45a777a7b9804
6539,163.475,2.043,203.9142,False,12,mechanical_001,79d0085777a69b241e0aecfb8f846de17ec9f872695857e4dba45a777a7b9804
6540,163.5,2.0433,204.0659,False,12,mechanical_001,79d0085777a69b241e0aecfb8f846de17ec9f872695857e4dba45a777a7b9804
6541,163.525,2.0436,204.2169,False,12,mechanical_001,79d0085777a69b241e0aecfb8f846de17ec9f872695857e4dba45a777a7b9804
6542,163.55,2.0439,204.3852,False,12,mechanical_001,79d0085777a69b241e0aecfb8f846de17ec9f872695857e4dba45a777a7b9804
6543,163.575,2.0442,204.5537,False,12,mechanical_001,79d0085777a69b241e0aecfb8f846de17ec9f872695857e4dba45a777a7b9804
6544,163.6,2.0446,204.7322,False,12,mechanical_001,79d0085777a69b241e0aecfb8f846de17ec9f872695857e4dba45a777a7b9804
6545,163.625,2.0449,204.9225,False,12,mechanical_001,79d0085777a69b241e0aecfb8f846de17ec9f872695857e4dba45a777a7b9804
6546,163.65,2.0452,205.1071,False,12,mechanical_001,79d0085777a69b241e0aecfb8f846de17ec9f872695857e4dba45a777a7b9804
6547,163.675,2.0455,205.2944,False,12,mechanical_001,79d0085777a69b241e0aecfb8f846de17ec9f872695857e4dba45a777a7b9804
6548,163.7,2.0458,205.4732,False,12,mechanical_001,79d0085777a69b241e0aecfb8f846de17ec9f872695857e4dba45a777a7b9804
6549,163.725,2.0461,205.6385,False,12,mechanical_001,79d0085777a69b241e0aecfb8f846de17ec9f872695857e4dba45a777a7b9804
6550,163.75,2.0465,205.8016,False,12,mechanical_001,79d0085777a69b241e0aecfb8f846de17ec9f872695857e4dba45a777a7b9804
6551,163.775,2.0468,205.9587,False,12,mechanical_001,79d0085777a69b241e0aecfb8f846de17ec9f872695857e4dba45a777a7b9804
6552,163.8,2.0471,206.1128,False,12,mechanical_001,79d0085777a69b241e0aecfb8f846de17ec9f872695857e4dba45a777a7b9804
6553,163.825,2.0474,206.2716,False,12,mechanical_001,79d0085777a69b241e0aecfb8f846de17ec9f872695857e4dba45a777a7b9804
6554,163.85,2.0477,206.4269,False,12,mechanical_001,79d0085777a69b241e0aecfb8f846de17ec9f872695857e4dba45a777a7b9804
6555,163.875,2.048,206.5935,False,12,mechanical_001,79d0085777a69b241e0aecfb8f846de17ec9f872695857e4dba45a777a7b9804
6556,163.9,2.0483,206.7741,False,12,mechanical_001,79d0085777a69b241e0aecfb8f846de17ec9f872695857e4dba45a777a7b9804
6557,163.925,2.0487,206.9595,False,12,mechanical_001,79d0085777a69b241e0aecfb8f846de17ec9f872695857e4dba45a777a7b9804
6558,163.95,2.049,207.1569,False,12,mechanical_001,79d0085777a69b241e0aecfb8f846de17ec9f872695857e4dba45a777a7b9804
6559,163.975,2.0493,207.3654,False,12,mechanical_001,79d0085777a69b241e0aecfb8f846de17ec9f872695857e4dba45a777a7b9804
6560,164.0,2.0496,207.5745,False,12,mechanical_001,79d0085777a69b241e0aecfb8f846de17ec9f872695857e4dba45a777a7b9804
6561,164.025,2.05,207.7846,False,12,mechanical_001,79d0085777a69b241e0aecfb8f846de17ec9f872695857e4dba45a777a7b9804
6562,164.05,2.0503,208.0215,False,12,mechanical_001,79d0085777a69b241e0aecfb8f846de17ec9f872695857e4dba45a777a7b9804
6563,164.075,2.0506,208.2684,False,12,mechanical_001,79d0085777a69b241e0aecfb8f846de17ec9f872695857e4dba45a777a7b9804
6564,164.1,2.051,208.5267,False,12,mechanical_001,79d0085777a69b241e0aecfb8f846de17ec9f872695857e4dba45a777a7b9804
6565,164.125,2.0513,208.7987,False,12,mechanical_001,79d0085777a69b241e0aecfb8f846de17ec9f872695857e4dba45a777a7b9804
6566,164.15,2.0517,209.0564,False,12,mechanical_001,79d0085777a69b241e0aecfb8f846de17ec9f872695857e4dba45a777a7b9804
6567,164.175,2.052,209.3001,False,12,mechanical_001,79d0085777a69b241e0aecfb8f846de17ec9f872695857e4dba45a777a7b9804
6568,164.2,2.0523,209.5337,False,12,mechanical_001,79d0085777a69b241e0aecfb8f846de17ec9f872695857e4dba45a777a7b9804
6569,164.225,2.0527,209.7412,False,12,mechanical_001,79d0085777a69b241e0aecfb8f846de17ec9f872695857e4dba45a777a7b9804
6570,164.25,2.053,209.9108,False,12,mechanical_001,79d0085777a69b241e0aecfb8f846de17ec9f872695857e4dba45a777a7b9804
6571,164.275,2.0533,210.0528,False,12,mechanical_001,79d0085777a69b241e0aecfb8f846de17ec9f872695857e4dba45a777a7b9804
6572,164.3,2.0536,210.1809,False,12,mechanical_001,79d0085777a69b241e0aecfb8f846de17ec9f872695857e4dba45a777a7b9804
6573,164.325,2.0539,210.2971,False,12,mechanical_001,79d0085777a69b241e0aecfb8f846de17ec9f872695857e4dba45a777a7b9804
6574,164.35,2.0542,210.413,False,12,mechanical_001,79d0085777a69b241e0aecfb8f846de17ec9f872695857e4dba45a777a7b9804
6575,164.375,2.0545,210.5486,False,12,mechanical_001,79d0085777a69b241e0aecfb8f846de17ec9f872695857e4dba45a777a7b9804
6576,164.4,2.0548,210.6998,False,12,mechanical_001,79d0085777a69b241e0aecfb8f846de17ec9f872695857e4dba45a777a7b9804
6577,164.425,2.0551,210.8641,False,12,mechanical_001,79d0085777a69b241e0aecfb8f846de17ec9f872695857e4dba45a777a7b9804
6578,164.45,2.0554,211.0279,False,12,mechanical_001,79d0085777a69b241e0aecfb8f846de17ec9f872695857e4dba45a777a7b9804
6579,164.475,2.0557,211.1928,False,12,mechanical_001,79d0085777a69b241e0aecfb8f846de17ec9f872695857e4dba45a777a7b9804
6580,164.5,2.056,211.3609,False,12,mechanical_001,79d0085777a69b241e0aecfb8f846de17ec9f872695857e4dba45a777a7b9804
6581,164.525,2.0564,211.5328,False,12,mechanical_001,79d0085777a69b241e0aecfb8f846de17ec9f872695857e4dba45a777a7b9804
6582,164.55,2.0567,211.7177,False,12,mechanical_001,79d0085777a69b241e0aecfb8f846de17ec9f872695857e4dba45a777a7b9804
6583,164.575,2.057,211.9201,False,12,mechanical_001,79d0085777a69b241e0aecfb8f846de17ec9f872695857e4dba45a777a7b9804
6584,164.6,2.0573,212.1295,False,12,mechanical_001,79d0085777a69b241e0aecfb8f846de17ec9f872695857e4dba45a777a7b9804
6585,164.625,2.0576,212.3318,False,12,mechanical_001,79d0085777a69b241e0aecfb8f846de17ec9f872695857e4dba45a777a7b9804
6586,164.65,2.0579,212.5345,False,12,mechanical_001,79d0085777a69b241e0aecfb8f846de17ec9f872695857e4dba45a777a7b9804
6587,164.675,2.0582,212.7242,False,12,mechanical_001,79d0085777a69b241e0aecfb8f846de17ec9f872695857e4dba45a777a7b9804
6588,164.7,2.0586,212.9097,False,12,mechanical_001,79d0085777a69b241e0aecfb8f846de17ec9f872695857e4dba45a777a7b9804
6589,164.725,2.0589,213.0763,False,12,mechanical_001,79d0085777a69b241e0aecfb8f846de17ec9f872695857e4dba45a777a7b9804
6590,164.75,2.0592,213.2348,False,12,mechanical_001,79d0085777a69b241e0aecfb8f846de17ec9f872695857e4dba45a777a7b9804
6591,164.775,2.0595,213.4045,False,12,mechanical_001,79d0085777a69b241e0aecfb8f846de17ec9f872695857e4dba45a777a7b9804
6592,164.8,2.0598,213.5735,False,12,mechanical_001,79d0085777a69b241e0aecfb8f846de17ec9f872695857e4dba45a777a7b9804
6593,164.825,2.0601,213.7415,False,12,mechanical_001,79d0085777a69b241e0aecfb8f846de17ec9f872695857e4dba45a777a7b9804
6594,164.85,2.0604,213.9123,False,12,mechanical_001,79d0085777a69b241e0aecfb8f846de17ec9f872695857e4dba45a777a7b9804
6595,164.875,2.0607,214.0921,False,12,mechanical_001,79d0085777a69b241e0aecfb8f846de17ec9f872695857e4dba45a777a7b9804
6596,164.9,2.061,214.2802,False,12,mechanical_001,79d0085777a69b241e0aecfb8f846de17ec9f872695857e4dba45a777a7b9804
6597,164.925,2.0613,214.4721,False,12,mechanical_001,79d0085777a69b241e0aecfb8f846de17ec9f872695857e4dba45a777a7b9804
6598,164.95,2.0616,214.6645,False,12,mechanical_001,79d0085777a69b241e0aecfb8f846de17ec9f872695857e4dba45a777a7b9804
6599,164.975,2.0619,214.8604,False,12,mechanical_001,79d0085777a69b241e0aecfb8f846de17ec9f872695857e4dba45a777a7b9804
6600,165.0,2.0622,215.0487,False,12,mechanical_001,79d0085777a69b241e0aecfb8f846de17ec9f872695857e4dba45a777a7b9804
6601,165.025,2.0626,215.2486,False,12,mechanical_001,79d0085777a69b241e0aecfb8f846de17ec9f872695857e4dba45a777a7b9804
6602,165.05,2.0629,215.4633,False,12,mechanical_001,79d0085777a69b241e0aecfb8f846de17ec9f872695857e4dba45a777a7b9804
6603,165.075,2.0632,215.6717,False,12,mechanical_001,79d0085777a69b241e0aecfb8f846de17ec9f872695857e4dba45a777a7b9804
6604,165.1,2.0635,215.8604,False,12,mechanical_001,79d0085777a69b241e0aecfb8f846de17ec9f872695857e4dba45a777a7b9804
6605,165.125,2.0638,216.0451,False,12,mechanical_001,79d0085777a69b241e0aecfb8f846de17ec9f872695857e4dba45a777a7b9804
6606,165.15,2.0641,216.2341,False,12,mechanical_001,79d0085777a69b241e0aecfb8f846de17ec9f872695857e4dba45a777a7b9804
6607,165.175,2.0644,216.4303,False,12,mechanical_001,79d0085777a69b241e0aecfb8f846de17ec9f872695857e4dba45a777a7b9804
6608,165.2,2.0647,216.6118,False,12,mechanical_001,79d0085777a69b241e0aecfb8f846de17ec9f872695857e4dba45a777a7b9804
6609,165.225,2.0651,216.7842,False,12,mechanical_001,79d0085777a69b241e0aecfb8f846de17ec9f872695857e4dba45a777a7b9804
6610,165.25,2.0654,216.9516,False,12,mechanical_001,79d0085777a69b241e0aecfb8f846de17ec9f872695857e4dba45a777a7b9804
6611,165.275,2.0657,217.1087,False,12,mechanical_001,79d0085777a69b241e0aecfb8f846de17ec9f872695857e4dba45a777a7b9804
6612,165.3,2.066,217.273,False,12,mechanical_001,79d0085777a69b241e0aecfb8f846de17ec9f872695857e4dba45a777a7b9804
6613,165.325,2.0663,217.4465,False,12,mechanical_001,79d0085777a69b241e0aecfb8f846de17ec9f872695857e4dba45a777a7b9804
6614,165.35,2.0666,217.6213,False,12,mechanical_001,79d0085777a69b241e0aecfb8f846de17ec9f872695857e4dba45a777a7b9804
6615,165.375,2.0669,217.8006,False,12,mechanical_001,79d0085777a69b241e0aecfb8f846de17ec9f872695857e4dba45a777a7b9804
6616,165.4,2.0672,217.9823,False,12,mechanical_001,79d0085777a69b241e0aecfb8f846de17ec9f872695857e4dba45a777a7b9804
6617,165.425,2.0675,218.1763,False,12,mechanical_001,79d0085777a69b241e0aecfb8f846de17ec9f872695857e4dba45a777a7b9804
6618,165.45,2.0678,218.3685,False,12,mechanical_001,79d0085777a69b241e0aecfb8f846de17ec9f872695857e4dba45a777a7b9804
6619,165.475,2.0681,218.563,False,12,mechanical_001,79d0085777a69b241e0aecfb8f846de17ec9f872695857e4dba45a777a7b9804
6620,165.5,2.0684,218.7591,False,12,mechanical_001,79d0085777a69b241e0aecfb8f846de17ec9f872695857e4dba45a777a7b9804
6621,165.525,2.0687,218.9583,False,12,mechanical_001,79d0085777a69b241e0aecfb8f846de17ec9f872695857e4dba45a777a7b9804
6622,165.55,2.069,219.1463,False,12,mechanical_001,79d0085777a69b241e0aecfb8f846de17ec9f872695857e4dba45a777a7b9804
6623,165.575,2.0693,219.3342,False,12,mechanical_001,79d0085777a69b241e0aecfb8f846de17ec9f872695857e4dba45a777a7b9804
6624,165.6,2.0696,219.5105,False,12,mechanical_001,79d0085777a69b241e0aecfb8f846de17ec9f872695857e4dba45a777a7b9804
6625,165.625,2.0699,219.6641,False,12,mechanical_001,79d0085777a69b241e0aecfb8f846de17ec9f872695857e4dba45a777a7b9804
6626,165.65,2.0702,219.7975,False,12,mechanical_001,79d0085777a69b241e0aecfb8f846de17ec9f872695857e4dba45a777a7b9804
6627,165.675,2.0705,219.9036,False,12,mechanical_001,79d0085777a69b241e0aecfb8f846de17ec9f872695857e4dba45a777a7b9804
6628,165.7,2.0708,219.9955,False,12,mechanical_001,79d0085777a69b241e0aecfb8f846de17ec9f872695857e4dba45a777a7b9804
6629,165.725,2.0711,220.0903,False,12,mechanical_001,79d0085777a69b241e0aecfb8f846de17ec9f872695857e4dba45a777a7b9804
6630,165.75,2.0714,220.2104,False,12,mechanical_001,79d0085777a69b241e0aecfb8f846de17ec9f872695857e4dba45a777a7b9804
6631,165.775,2.0717,220.3694,False,12,mechanical_001,79d0085777a69b241e0aecfb8f846de17ec9f872695857e4dba45a777a7b9804
6632,165.8,2.072,220.5703,False,12,mechanical_001,79d0085777a69b241e0aecfb8f846de17ec9f872695857e4dba45a777a7b9804
6633,165.825,2.0723,220.8131,False,12,mechanical_001,79d0085777a69b241e0aecfb8f846de17ec9f872695857e4dba45a777a7b9804
6634,165.85,2.0726,221.0899,False,12,mechanical_001,79d0085777a69b241e0aecfb8f846de17ec9f872695857e4dba45a777a7b9804
6635,165.875,2.073,221.3898,False,12,mechanical_001,79d0085777a69b241e0aecfb8f846de17ec9f872695857e4dba45a777a7b9804
6636,165.9,2.0733,221.6971,False,12,mechanical_001,79d0085777a69b241e0aecfb8f846de17ec9f872695857e4dba45a777a7b9804
6637,165.925,2.0736,221.9992,False,12,mechanical_001,79d0085777a69b241e0aecfb8f846de17ec9f872695857e4dba45a777a7b9804
6638,165.95,2.074,222.2669,False,12,mechanical_001,79d0085777a69b241e0aecfb8f846de17ec9f872695857e4dba45a777a7b9804
6639,165.975,2.0743,222.4917,False,12,mechanical_001,79d0085777a69b241e0aecfb8f846de17ec9f872695857e4dba45a777a7b9804
6640,166.0,2.0746,222.6916,False,12,mechanical_001,79d0085777a69b241e0aecfb8f846de17ec9f872695857e4dba45a777a7b9804
6641,166.025,2.0749,222.879,False,12,mechanical_001,79d0085777a69b241e0aecfb8f846de17ec9f872695857e4dba45a777a7b9804
6642,166.05,2.0752,223.0562,False,12,mechanical_001,79d0085777a69b241e0aecfb8f846de17ec9f872695857e4dba45a777a7b9804
6643,166.075,2.0755,223.2257,False,12,mechanical_001,79d0085777a69b241e0aecfb8f846de17ec9f872695857e4dba45a777a7b9804
6644,166.1,2.0758,223.3907,False,12,mechanical_001,79d0085777a69b241e0aecfb8f846de17ec9f872695857e4dba45a777a7b9804
6645,166.125,2.0761,223.5807,False,12,mechanical_001,79d0085777a69b241e0aecfb8f846de17ec9f872695857e4dba45a777a7b9804
6646,166.15,2.0764,223.7877,False,12,mechanical_001,79d0085777a69b241e0aecfb8f846de17ec9f872695857e4dba45a777a7b9804
6647,166.175,2.0767,223.9898,False,12,mechanical_001,79d0085777a69b241e0aecfb8f846de17ec9f872695857e4dba45a777a7b9804
6648,166.2,2.077,224.1989,False,12,mechanical_001,79d0085777a69b241e0aecfb8f846de17ec9f872695857e4dba45a777a7b9804
6649,166.225,2.0774,224.4323,False,12,mechanical_001,79d0085777a69b241e0aecfb8f846de17ec9f872695857e4dba45a777a7b9804
6650,166.25,2.0777,224.6836,False,12,mechanical_001,79d0085777a69b241e0aecfb8f846de17ec9f872695857e4dba45a777a7b9804
6651,166.275,2.078,224.9346,False,12,mechanical_001,79d0085777a69b241e0aecfb8f846de17ec9f872695857e4dba45a777a7b9804
6652,166.3,2.0783,225.1712,False,12,mechanical_001,79d0085777a69b241e0aecfb8f846de17ec9f872695857e4dba45a777a7b9804
6653,166.325,2.0786,225.3987,False,12,mechanical_001,79d0085777a69b241e0aecfb8f846de17ec9f872695857e4dba45a777a7b9804
6654,166.35,2.079,225.6299,False,12,mechanical_001,79d0085777a69b241e0aecfb8f846de17ec9f872695857e4dba45a777a7b9804
6655,166.375,2.0793,225.8493,False,12,mechanical_001,79d0085777a69b241e0aecfb8f846de17ec9f872695857e4dba45a777a7b9804
6656,166.4,2.0796,226.0587,False,12,mechanical_001,79d0085777a69b241e0aecfb8f846de17ec9f872695857e4dba45a777a7b9804
6657,166.425,2.0799,226.27,False,12,mechanical_001,79d0085777a69b241e0aecfb8f846de17ec9f872695857e4dba45a777a7b9804
6658,166.45,2.0802,226.4674,False,12,mechanical_001,79d0085777a69b241e0aecfb8f846de17ec9f872695857e4dba45a777a7b9804
6659,166.475,2.0805,226.6725,False,12,mechanical_001,79d0085777a69b241e0aecfb8f846de17ec9f872695857e4dba45a777a7b9804
6660,166.5,2.0808,226.8927,False,12,mechanical_001,79d0085777a69b241e0aecfb8f846de17ec9f872695857e4dba45a777a7b9804
6661,166.525,2.0811,227.1144,False,12,mechanical_001,79d0085777a69b241e0aecfb8f846de17ec9f872695857e4dba45a777a7b9804
6662,166.55,2.0814,227.3434,False,12,mechanical_001,79d0085777a69b241e0aecfb8f846de17ec9f872695857e4dba45a777a7b9804
6663,166.575,2.0818,227.5808,False,12,mechanical_001,79d0085777a69b241e0aecfb8f846de17ec9f872695857e4dba45a777a7b9804
6664,166.6,2.0821,227.8239,False,12,mechanical_001,79d0085777a69b241e0aecfb8f846de17ec9f872695857e4dba45a777a7b9804
6665,166.625,2.0824,228.0667,False,12,mechanical_001,79d0085777a69b241e0aecfb8f846de17ec9f872695857e4dba45a777a7b9804
6666,166.65,2.0827,228.2974,False,12,mechanical_001,79d0085777a69b241e0aecfb8f846de17ec9f872695857e4dba45a777a7b9804
6667,166.675,2.083,228.5215,False,12,mechanical_001,79d0085777a69b241e0aecfb8f846de17ec9f872695857e4dba45a777a7b9804
6668,166.7,2.0833,228.7483,False,12,mechanical_001,79d0085777a69b241e0aecfb8f846de17ec9f872695857e4dba45a777a7b9804
6669,166.725,2.0837,228.9797,False,12,mechanical_001,79d0085777a69b241e0aecfb8f846de17ec9f872695857e4dba45a777a7b9804
6670,166.75,2.084,229.2183,False,12,mechanical_001,79d0085777a69b241e0aecfb8f846de17ec9f872695857e4dba45a777a7b9804
6671,166.775,2.0843,229.461,False,12,mechanical_001,79d0085777a69b241e0aecfb8f846de17ec9f872695857e4dba45a777a7b9804
6672,166.8,2.0846,229.7183,False,12,mechanical_001,79d0085777a69b241e0aecfb8f846de17ec9f872695857e4dba45a777a7b9804
6673,166.825,2.085,229.9857,False,12,mechanical_001,79d0085777a69b241e0aecfb8f846de17ec9f872695857e4dba45a777a7b9804
6674,166.85,2.0853,230.2482,False,12,mechanical_001,79d0085777a69b241e0aecfb8f846de17ec9f872695857e4dba45a777a7b9804
6675,166.875,2.0856,230.4907,False,12,mechanical_001,79d0085777a69b241e0aecfb8f846de17ec9f872695857e4dba45a777a7b9804
6676,166.9,2.086,230.7193,False,12,mechanical_001,79d0085777a69b241e0aecfb8f846de17ec9f872695857e4dba45a777a7b9804
6677,166.925,2.0863,230.9417,False,12,mechanical_001,79d0085777a69b241e0aecfb8f846de17ec9f872695857e4dba45a777a7b9804
6678,166.95,2.0866,231.165,False,12,mechanical_001,79d0085777a69b241e0aecfb8f846de17ec9f872695857e4dba45a777a7b9804
6679,166.975,2.0869,231.3897,False,12,mechanical_001,79d0085777a69b241e0aecfb8f846de17ec9f872695857e4dba45a777a7b9804
6680,167.0,2.0872,231.6065,False,12,mechanical_001,79d0085777a69b241e0aecfb8f846de17ec9f872695857e4dba45a777a7b9804
6681,167.025,2.0876,231.8076,False,12,mechanical_001,79d0085777a69b241e0aecfb8f846de17ec9f872695857e4dba45a777a7b9804
6682,167.05,2.0879,231.9994,False,12,mechanical_001,79d0085777a69b241e0aecfb8f846de17ec9f872695857e4dba45a777a7b9804
6683,167.075,2.0882,232.1857,False,12,mechanical_001,79d0085777a69b241e0aecfb8f846de17ec9f872695857e4dba45a777a7b9804
6684,167.1,2.0885,232.3677,False,12,mechanical_001,79d0085777a69b241e0aecfb8f846de17ec9f872695857e4dba45a777a7b9804
6685,167.125,2.0888,232.5463,False,12,mechanical_001,79d0085777a69b241e0aecfb8f846de17ec9f872695857e4dba45a777a7b9804
6686,167.15,2.0891,232.7233,False,12,mechanical_001,79d0085777a69b241e0aecfb8f846de17ec9f872695857e4dba45a777a7b9804
6687,167.175,2.0894,232.8928,False,12,mechanical_001,79d0085777a69b241e0aecfb8f846de17ec9f872695857e4dba45a777a7b9804
6688,167.2,2.0897,233.0636,False,12,mechanical_001,79d0085777a69b241e0aecfb8f846de17ec9f872695857e4dba45a777a7b9804
6689,167.225,2.09,233.243,False,12,mechanical_001,79d0085777a69b241e0aecfb8f846de17ec9f872695857e4dba45a777a7b9804
6690,167.25,2.0904,233.4316,False,12,mechanical_001,79d0085777a69b241e0aecfb8f846de17ec9f872695857e4dba45a777a7b9804
6691,167.275,2.0907,233.6256,False,12,mechanical_001,79d0085777a69b241e0aecfb8f846de17ec9f872695857e4dba45a777a7b9804
6692,167.3,2.091,233.8284,False,12,mechanical_001,79d0085777a69b241e0aecfb8f846de17ec9f872695857e4dba45a777a7b9804
6693,167.325,2.0913,234.0252,False,12,mechanical_001,79d0085777a69b241e0aecfb8f846de17ec9f872695857e4dba45a777a7b9804
6694,167.35,2.0916,234.2077,False,12,mechanical_001,79d0085777a69b241e0aecfb8f846de17ec9f872695857e4dba45a777a7b9804
6695,167.375,2.0919,234.3893,False,12,mechanical_001,79d0085777a69b241e0aecfb8f846de17ec9f872695857e4dba45a777a7b9804
6696,167.4,2.0922,234.5704,False,12,mechanical_001,79d0085777a69b241e0aecfb8f846de17ec9f872695857e4dba45a777a7b9804
6697,167.425,2.0926,234.7546,False,12,mechanical_001,79d0085777a69b241e0aecfb8f846de17ec9f872695857e4dba45a777a7b9804
6698,167.45,2.0929,234.9344,False,12,mechanical_001,79d0085777a69b241e0aecfb8f846de17ec9f872695857e4dba45a777a7b9804
6699,167.475,2.0932,235.1201,False,12,mechanical_001,79d0085777a69b241e0aecfb8f846de17ec9f872695857e4dba45a777a7b9804
6700,167.5,2.0935,235.3059,False,12,mechanical_001,79d0085777a69b241e0aecfb8f846de17ec9f872695857e4dba45a777a7b9804
6701,167.525,2.0938,235.497,False,12,mechanical_001,79d0085777a69b241e0aecfb8f846de17ec9f872695857e4dba45a777a7b9804
6702,167.55,2.0941,235.6954,False,12,mechanical_001,79d0085777a69b241e0aecfb8f846de17ec9f872695857e4dba45a777a7b9804
6703,167.575,2.0944,235.8998,False,12,mechanical_001,79d0085777a69b241e0aecfb8f846de17ec9f872695857e4dba45a777a7b9804
6704,167.6,2.0947,236.1049,False,12,mechanical_001,79d0085777a69b241e0aecfb8f846de17ec9f872695857e4dba45a777a7b9804
6705,167.625,2.095,236.3031,False,12,mechanical_001,79d0085777a69b241e0aecfb8f846de17ec9f872695857e4dba45a777a7b9804
6706,167.65,2.0954,236.5016,False,12,mechanical_001,79d0085777a69b241e0aecfb8f846de17ec9f872695857e4dba45a777a7b9804
6707,167.675,2.0957,236.7037,False,12,mechanical_001,79d0085777a69b241e0aecfb8f846de17ec9f872695857e4dba45a777a7b9804
6708,167.7,2.096,236.9079,False,12,mechanical_001,79d0085777a69b241e0aecfb8f846de17ec9f872695857e4dba45a777a7b9804
6709,167.725,2.0963,237.1261,False,12,mechanical_001,79d0085777a69b241e0aecfb8f846de17ec9f872695857e4dba45a777a7b9804
6710,167.75,2.0966,237.3396,False,12,mechanical_001,79d0085777a69b241e0aecfb8f846de17ec9f872695857e4dba45a777a7b9804
6711,167.775,2.0969,237.5403,False,12,mechanical_001,79d0085777a69b241e0aecfb8f846de17ec9f872695857e4dba45a777a7b9804
6712,167.8,2.0972,237.7326,False,12,mechanical_001,79d0085777a69b241e0aecfb8f846de17ec9f872695857e4dba45a777a7b9804
6713,167.825,2.0975,237.9238,False,12,mechanical_001,79d0085777a69b241e0aecfb8f846de17ec9f872695857e4dba45a777a7b9804
6714,167.85,2.0979,238.1303,False,12,mechanical_001,79d0085777a69b241e0aecfb8f846de17ec9f872695857e4dba45a777a7b9804
6715,167.875,2.0982,238.3414,False,12,mechanical_001,79d0085777a69b241e0aecfb8f846de17ec9f872695857e4dba45a777a7b9804
6716,167.9,2.0985,238.5468,False,12,mechanical_001,79d0085777a69b241e0aecfb8f846de17ec9f872695857e4dba45a777a7b9804
6717,167.925,2.0988,238.747,False,12,mechanical_001,79d0085777a69b241e0aecfb8f846de17ec9f872695857e4dba45a777a7b9804
6718,167.95,2.0991,238.948,False,12,mechanical_001,79d0085777a69b241e0aecfb8f846de17ec9f872695857e4dba45a777a7b9804
6719,167.975,2.0994,239.1565,False,12,mechanical_001,79d0085777a69b241e0aecfb8f846de17ec9f872695857e4dba45a777a7b9804
6720,168.0,2.0997,239.3659,False,12,mechanical_001,79d0085777a69b241e0aecfb8f846de17ec9f872695857e4dba45a777a7b9804
6721,168.025,2.1,239.5733,False,12,mechanical_001,79d0085777a69b241e0aecfb8f846de17ec9f872695857e4dba45a777a7b9804
6722,168.05,2.1003,239.7901,False,12,mechanical_001,79d0085777a69b241e0aecfb8f846de17ec9f872695857e4dba45a777a7b9804
6723,168.075,2.1006,240.0087,False,12,mechanical_001,79d0085777a69b241e0aecfb8f846de17ec9f872695857e4dba45a777a7b9804
6724,168.1,2.1009,240.2271,False,12,mechanical_001,79d0085777a69b241e0aecfb8f846de17ec9f872695857e4dba45a777a7b9804
6725,168.125,2.1013,240.4585,False,12,mechanical_001,79d0085777a69b241e0aecfb8f846de17ec9f872695857e4dba45a777a7b9804
6726,168.15,2.1016,240.7033,False,12,mechanical_001,79d0085777a69b241e0aecfb8f846de17ec9f872695857e4dba45a777a7b9804
6727,168.175,2.1019,240.9517,False,12,mechanical_001,79d0085777a69b241e0aecfb8f846de17ec9f872695857e4dba45a777a7b9804
6728,168.2,2.1022,241.2046,False,12,mechanical_001,79d0085777a69b241e0aecfb8f846de17ec9f872695857e4dba45a777a7b9804
6729,168.225,2.1025,241.4451,False,12,mechanical_001,79d0085777a69b241e0aecfb8f846de17ec9f872695857e4dba45a777a7b9804
6730,168.25,2.1028,241.6676,False,12,mechanical_001,79d0085777a69b241e0aecfb8f846de17ec9f872695857e4dba45a777a7b9804
6731,168.275,2.1032,241.8839,False,12,mechanical_001,79d0085777a69b241e0aecfb8f846de17ec9f872695857e4dba45a777a7b9804
6732,168.3,2.1035,242.1005,False,12,mechanical_001,79d0085777a69b241e0aecfb8f846de17ec9f872695857e4dba45a777a7b9804
6733,168.325,2.1038,242.3228,False,12,mechanical_001,79d0085777a69b241e0aecfb8f846de17ec9f872695857e4dba45a777a7b9804
6734,168.35,2.1041,242.5391,False,12,mechanical_001,79d0085777a69b241e0aecfb8f846de17ec9f872695857e4dba45a777a7b9804
6735,168.375,2.1044,242.755,False,12,mechanical_001,79d0085777a69b241e0aecfb8f846de17ec9f872695857e4dba45a777a7b9804
6736,168.4,2.1047,242.9692,False,12,mechanical_001,79d0085777a69b241e0aecfb8f846de17ec9f872695857e4dba45a777a7b9804
6737,168.425,2.105,243.1791,False,12,mechanical_001,79d0085777a69b241e0aecfb8f846de17ec9f872695857e4dba45a777a7b9804
6738,168.45,2.1053,243.3761,False,12,mechanical_001,79d0085777a69b241e0aecfb8f846de17ec9f872695857e4dba45a777a7b9804
6739,168.475,2.1056,243.5484,False,12,mechanical_001,79d0085777a69b241e0aecfb8f846de17ec9f872695857e4dba45a777a7b9804
6740,168.5,2.1059,243.726,False,12,mechanical_001,79d0085777a69b241e0aecfb8f846de17ec9f872695857e4dba45a777a7b9804
6741,168.525,2.1062,243.9202,False,12,mechanical_001,79d0085777a69b241e0aecfb8f846de17ec9f872695857e4dba45a777a7b9804
6742,168.55,2.1065,244.1203,False,12,mechanical_001,79d0085777a69b241e0aecfb8f846de17ec9f872695857e4dba45a777a7b9804
6743,168.575,2.1068,244.3086,False,12,mechanical_001,79d0085777a69b241e0aecfb8f846de17ec9f872695857e4dba45a777a7b9804
6744,168.6,2.1071,244.4816,False,12,mechanical_001,79d0085777a69b241e0aecfb8f846de17ec9f872695857e4dba45a777a7b9804
6745,168.625,2.1074,244.6458,False,12,mechanical_001,79d0085777a69b241e0aecfb8f846de17ec9f872695857e4dba45a777a7b9804
6746,168.65,2.1077,244.8024,False,12,mechanical_001,79d0085777a69b241e0aecfb8f846de17ec9f872695857e4dba45a777a7b9804
6747,168.675,2.108,244.9569,False,12,mechanical_001,79d0085777a69b241e0aecfb8f846de17ec9f872695857e4dba45a777a7b9804
6748,168.7,2.1083,245.1331,False,12,mechanical_001,79d0085777a69b241e0aecfb8f846de17ec9f872695857e4dba45a777a7b9804
6749,168.725,2.1086,245.346,False,12,mechanical_001,79d0085777a69b241e0aecfb8f846de17ec9f872695857e4dba45a777a7b9804
6750,168.75,2.1089,245.5824,False,12,mechanical_001,79d0085777a69b241e0aecfb8f846de17ec9f872695857e4dba45a777a7b9804
6751,168.775,2.1092,245.8335,False,12,mechanical_001,79d0085777a69b241e0aecfb8f846de17ec9f872695857e4dba45a777a7b9804
6752,168.8,2.1095,246.0857,False,12,mechanical_001,79d0085777a69b241e0aecfb8f846de17ec9f872695857e4dba45a777a7b9804
6753,168.825,2.1099,246.3384,False,12,mechanical_001,79d0085777a69b241e0aecfb8f846de17ec9f872695857e4dba45a777a7b9804
6754,168.85,2.1102,246.5976,False,12,mechanical_001,79d0085777a69b241e0aecfb8f846de17ec9f872695857e4dba45a777a7b9804
6755,168.875,2.1105,246.8478,False,12,mechanical_001,79d0085777a69b241e0aecfb8f846de17ec9f872695857e4dba45a777a7b9804
6756,168.9,2.1108,247.0886,False,12,mechanical_001,79d0085777a69b241e0aecfb8f846de17ec9f872695857e4dba45a777a7b9804
6757,168.925,2.1111,247.3272,False,12,mechanical_001,79d0085777a69b241e0aecfb8f846de17ec9f872695857e4dba45a777a7b9804
6758,168.95,2.1114,247.5675,False,12,mechanical_001,79d0085777a69b241e0aecfb8f846de17ec9f872695857e4dba45a777a7b9804
6759,168.975,2.1117,247.8026,False,12,mechanical_001,79d0085777a69b241e0aecfb8f846de17ec9f872695857e4dba45a777a7b9804
6760,169.0,2.1121,248.0424,False,12,mechanical_001,79d0085777a69b241e0aecfb8f846de17ec9f872695857e4dba45a777a7b9804
6761,169.025,2.1124,248.2827,False,12,mechanical_001,79d0085777a69b241e0aecfb8f846de17ec9f872695857e4dba45a777a7b9804
6762,169.05,2.1127,248.5188,False,12,mechanical_001,79d0085777a69b241e0aecfb8f846de17ec9f872695857e4dba45a777a7b9804
6763,169.075,2.113,248.7427,False,12,mechanical_001,79d0085777a69b241e0aecfb8f846de17ec9f872695857e4dba45a777a7b9804
6764,169.1,2.1133,248.967,False,12,mechanical_001,79d0085777a69b241e0aecfb8f846de17ec9f872695857e4dba45a777a7b9804
6765,169.125,2.1136,249.1912,False,12,mechanical_001,79d0085777a69b241e0aecfb8f846de17ec9f872695857e4dba45a777a7b9804
6766,169.15,2.1139,249.4194,False,12,mechanical_001,79d0085777a69b241e0aecfb8f846de17ec9f872695857e4dba45a777a7b9804
6767,169.175,2.1142,249.6411,False,12,mechanical_001,79d0085777a69b241e0aecfb8f846de17ec9f872695857e4dba45a777a7b9804
6768,169.2,2.1145,249.8817,False,12,mechanical_001,79d0085777a69b241e0aecfb8f846de17ec9f872695857e4dba45a777a7b9804
6769,169.225,2.1149,250.13,False,12,mechanical_001,79d0085777a69b241e0aecfb8f846de17ec9f872695857e4dba45a777a7b9804
6770,169.25,2.1152,250.3844,False,12,mechanical_001,79d0085777a69b241e0aecfb8f846de17ec9f872695857e4dba45a777a7b9804
6771,169.275,2.1155,250.637,False,12,mechanical_001,79d0085777a69b241e0aecfb8f846de17ec9f872695857e4dba45a777a7b9804
6772,169.3,2.1158,250.8799,False,12,mechanical_001,79d0085777a69b241e0aecfb8f846de17ec9f872695857e4dba45a777a7b9804
6773,169.325,2.1161,251.1175,False,12,mechanical_001,79d0085777a69b241e0aecfb8f846de17ec9f872695857e4dba45a777a7b9804
6774,169.35,2.1164,251.3454,False,12,mechanical_001,79d0085777a69b241e0aecfb8f846de17ec9f872695857e4dba45a777a7b9804
6775,169.375,2.1168,251.5629,False,12,mechanical_001,79d0085777a69b241e0aecfb8f846de17ec9f872695857e4dba45a777a7b9804
6776,169.4,2.1171,251.7978,False,12,mechanical_001,79d0085777a69b241e0aecfb8f846de17ec9f872695857e4dba45a777a7b9804
6777,169.425,2.1174,252.0472,False,12,mechanical_001,79d0085777a69b241e0aecfb8f846de17ec9f872695857e4dba45a777a7b9804
6778,169.45,2.1177,252.3024,False,12,mechanical_001,79d0085777a69b241e0aecfb8f846de17ec9f872695857e4dba45a777a7b9804
6779,169.475,2.118,252.5521,False,12,mechanical_001,79d0085777a69b241e0aecfb8f846de17ec9f872695857e4dba45a777a7b9804
6780,169.5,2.1183,252.7896,False,12,mechanical_001,79d0085777a69b241e0aecfb8f846de17ec9f872695857e4dba45a777a7b9804
6781,169.525,2.1186,253.0225,False,12,mechanical_001,79d0085777a69b241e0aecfb8f846de17ec9f872695857e4dba45a777a7b9804
6782,169.55,2.119,253.2292,False,12,mechanical_001,79d0085777a69b241e0aecfb8f846de17ec9f872695857e4dba45a777a7b9804
6783,169.575,2.1193,253.4359,False,12,mechanical_001,79d0085777a69b241e0aecfb8f846de17ec9f872695857e4dba45a777a7b9804
6784,169.6,2.1196,253.6698,False,12,mechanical_001,79d0085777a69b241e0aecfb8f846de17ec9f872695857e4dba45a777a7b9804
6785,169.625,2.1199,253.8978,False,12,mechanical_001,79d0085777a69b241e0aecfb8f846de17ec9f872695857e4dba45a777a7b9804
6786,169.65,2.1202,254.122,False,12,mechanical_001,79d0085777a69b241e0aecfb8f846de17ec9f872695857e4dba45a777a7b9804
6787,169.675,2.1205,254.3673,False,12,mechanical_001,79d0085777a69b241e0aecfb8f846de17ec9f872695857e4dba45a777a7b9804
6788,169.7,2.1208,254.6192,False,12,mechanical_001,79d0085777a69b241e0aecfb8f846de17ec9f872695857e4dba45a777a7b9804
6789,169.725,2.1212,254.8678,False,12,mechanical_001,79d0085777a69b241e0aecfb8f846de17ec9f872695857e4dba45a777a7b9804
6790,169.75,2.1215,255.1099,False,12,mechanical_001,79d0085777a69b241e0aecfb8f846de17ec9f872695857e4dba45a777a7b9804
6791,169.775,2.1218,255.3495,False,12,mechanical_001,79d0085777a69b241e0aecfb8f846de17ec9f872695857e4dba45a777a7b9804
6792,169.8,2.1221,255.5954,False,12,mechanical_001,79d0085777a69b241e0aecfb8f846de17ec9f872695857e4dba45a777a7b9804
6793,169.825,2.1224,255.8518,False,12,mechanical_001,79d0085777a69b241e0aecfb8f846de17ec9f872695857e4dba45a777a7b9804
6794,169.85,2.1227,256.1121,False,12,mechanical_001,79d0085777a69b241e0aecfb8f846de17ec9f872695857e4dba45a777a7b9804
6795,169.875,2.1231,256.3716,False,12,mechanical_001,79d0085777a69b241e0aecfb8f846de17ec9f872695857e4dba45a777a7b9804
6796,169.9,2.1234,256.6301,False,12,mechanical_001,79d0085777a69b241e0aecfb8f846de17ec9f872695857e4dba45a777a7b9804
6797,169.925,2.1237,256.8932,False,12,mechanical_001,79d0085777a69b241e0aecfb8f846de17ec9f872695857e4dba45a777a7b9804
6798,169.95,2.124,257.1537,False,12,mechanical_001,79d0085777a69b241e0aecfb8f846de17ec9f872695857e4dba45a777a7b9804
6799,169.975,2.1244,257.3969,False,12,mechanical_001,79d0085777a69b241e0aecfb8f846de17ec9f872695857e4dba45a777a7b9804
6800,170.0,2.1247,257.6288,False,12,mechanical_001,79d0085777a69b241e0aecfb8f846de17ec9f872695857e4dba45a777a7b9804
6801,170.025,2.125,257.8654,False,12,mechanical_001,79d0085777a69b241e0aecfb8f846de17ec9f872695857e4dba45a777a7b9804
6802,170.05,2.1253,258.1054,False,12,mechanical_001,79d0085777a69b241e0aecfb8f846de17ec9f872695857e4dba45a777a7b9804
6803,170.075,2.1256,258.3528,False,12,mechanical_001,79d0085777a69b241e0aecfb8f846de17ec9f872695857e4dba45a777a7b9804
6804,170.1,2.126,258.5998,False,12,mechanical_001,79d0085777a69b241e0aecfb8f846de17ec9f872695857e4dba45a777a7b9804
6805,170.125,2.1263,258.8338,False,12,mechanical_001,79d0085777a69b241e0aecfb8f846de17ec9f872695857e4dba45a777a7b9804
6806,170.15,2.1266,259.0615,False,12,mechanical_001,79d0085777a69b241e0aecfb8f846de17ec9f872695857e4dba45a777a7b9804
6807,170.175,2.1269,259.2875,False,12,mechanical_001,79d0085777a69b241e0aecfb8f846de17ec9f872695857e4dba45a777a7b9804
6808,170.2,2.1272,259.5,False,12,mechanical_001,79d0085777a69b241e0aecfb8f846de17ec9f872695857e4dba45a777a7b9804
6809,170.225,2.1275,259.7037,False,12,mechanical_001,79d0085777a69b241e0aecfb8f846de17ec9f872695857e4dba45a777a7b9804
6810,170.25,2.1279,259.8946,False,12,mechanical_001,79d0085777a69b241e0aecfb8f846de17ec9f872695857e4dba45a777a7b9804
6811,170.275,2.1282,260.0597,False,12,mechanical_001,79d0085777a69b241e0aecfb8f846de17ec9f872695857e4dba45a777a7b9804
6812,170.3,2.1285,260.2146,False,12,mechanical_001,79d0085777a69b241e0aecfb8f846de17ec9f872695857e4dba45a777a7b9804
6813,170.325,2.1288,260.3829,False,12,mechanical_001,79d0085777a69b241e0aecfb8f846de17ec9f872695857e4dba45a777a7b9804
6814,170.35,2.1291,260.5562,False,12,mechanical_001,79d0085777a69b241e0aecfb8f846de17ec9f872695857e4dba45a777a7b9804
6815,170.375,2.1294,260.7283,False,12,mechanical_001,79d0085777a69b241e0aecfb8f846de17ec9f872695857e4dba45a777a7b9804
6816,170.4,2.1297,260.9078,False,12,mechanical_001,79d0085777a69b241e0aecfb8f846de17ec9f872695857e4dba45a777a7b9804
6817,170.425,2.13,261.0843,False,12,mechanical_001,79d0085777a69b241e0aecfb8f846de17ec9f872695857e4dba45a777a7b9804
6818,170.45,2.1303,261.2482,False,12,mechanical_001,79d0085777a69b241e0aecfb8f846de17ec9f872695857e4dba45a777a7b9804
6819,170.475,2.1306,261.411,False,12,mechanical_001,79d0085777a69b241e0aecfb8f846de17ec9f872695857e4dba45a777a7b9804
6820,170.5,2.1309,261.5707,False,12,mechanical_001,79d0085777a69b241e0aecfb8f846de17ec9f872695857e4dba45a777a7b9804
6821,170.525,2.1312,261.7335,False,12,mechanical_001,79d0085777a69b241e0aecfb8f846de17ec9f872695857e4dba45a777a7b9804
6822,170.55,2.1315,261.8887,False,12,mechanical_001,79d0085777a69b241e0aecfb8f846de17ec9f872695857e4dba45a777a7b9804
6823,170.575,2.1318,262.0322,False,12,mechanical_001,79d0085777a69b241e0aecfb8f846de17ec9f872695857e4dba45a777a7b9804
6824,170.6,2.1321,262.1662,False,12,mechanical_001,79d0085777a69b241e0aecfb8f846de17ec9f872695857e4dba45a777a7b9804
6825,170.625,2.1324,262.2924,False,12,mechanical_001,79d0085777a69b241e0aecfb8f846de17ec9f872695857e4dba45a777a7b9804
6826,170.65,2.1327,262.4103,False,12,mechanical_001,79d0085777a69b241e0aecfb8f846de17ec9f872695857e4dba45a777a7b9804
6827,170.675,2.133,262.5112,False,12,mechanical_001,79d0085777a69b241e0aecfb8f846de17ec9f872695857e4dba45a777a7b9804
6828,170.7,2.1333,262.6079,False,12,mechanical_001,79d0085777a69b241e0aecfb8f846de17ec9f872695857e4dba45a777a7b9804
6829,170.725,2.1336,262.7326,False,12,mechanical_001,79d0085777a69b241e0aecfb8f846de17ec9f872695857e4dba45a777a7b9804
6830,170.75,2.1339,262.8738,False,12,mechanical_001,79d0085777a69b241e0aecfb8f846de17ec9f872695857e4dba45a777a7b9804
6831,170.775,2.1342,263.0416,False,12,mechanical_001,79d0085777a69b241e0aecfb8f846de17ec9f872695857e4dba45a777a7b9804
6832,170.8,2.1345,263.2384,False,12,mechanical_001,79d0085777a69b241e0aecfb8f846de17ec9f872695857e4dba45a777a7b9804
6833,170.825,2.1348,263.4465,False,12,mechanical_001,79d0085777a69b241e0aecfb8f846de17ec9f872695857e4dba45a777a7b9804
6834,170.85,2.1352,263.6632,False,12,mechanical_001,79d0085777a69b241e0aecfb8f846de17ec9f872695857e4dba45a777a7b9804
6835,170.875,2.1355,263.8751,False,12,mechanical_001,79d0085777a69b241e0aecfb8f846de17ec9f872695857e4dba45a777a7b9804
6836,170.9,2.1358,264.0703,False,12,mechanical_001,79d0085777a69b241e0aecfb8f846de17ec9f872695857e4dba45a777a7b9804
6837,170.925,2.1361,264.2671,False,12,mechanical_001,79d0085777a69b241e0aecfb8f846de17ec9f872695857e4dba45a777a7b9804
6838,170.95,2.1364,264.4808,False,12,mechanical_001,79d0085777a69b241e0aecfb8f846de17ec9f872695857e4dba45a777a7b9804
6839,170.975,2.1367,264.6883,False,12,mechanical_001,79d0085777a69b241e0aecfb8f846de17ec9f872695857e4dba45a777a7b9804
6840,171.0,2.137,264.879,False,12,mechanical_001,79d0085777a69b241e0aecfb8f846de17ec9f872695857e4dba45a777a7b9804
6841,171.025,2.1374,265.0671,False,12,mechanical_001,79d0085777a69b241e0aecfb8f846de17ec9f872695857e4dba45a777a7b9804
6842,171.05,2.1377,265.2601,False,12,mechanical_001,79d0085777a69b241e0aecfb8f846de17ec9f872695857e4dba45a777a7b9804
6843,171.075,2.138,265.4554,False,12,mechanical_001,79d0085777a69b241e0aecfb8f846de17ec9f872695857e4dba45a777a7b9804
6844,171.1,2.1383,265.6572,False,12,mechanical_001,79d0085777a69b241e0aecfb8f846de17ec9f872695857e4dba45a777a7b9804
6845,171.125,2.1386,265.8421,False,12,mechanical_001,79d0085777a69b241e0aecfb8f846de17ec9f872695857e4dba45a777a7b9804
6846,171.15,2.1389,266.0085,False,12,mechanical_001,79d0085777a69b241e0aecfb8f846de17ec9f872695857e4dba45a777a7b9804
6847,171.175,2.1392,266.1656,False,12,mechanical_001,79d0085777a69b241e0aecfb8f846de17ec9f872695857e4dba45a777a7b9804
6848,171.2,2.1395,266.3243,False,12,mechanical_001,79d0085777a69b241e0aecfb8f846de17ec9f872695857e4dba45a777a7b9804
6849,171.225,2.1398,266.4888,False,12,mechanical_001,79d0085777a69b241e0aecfb8f846de17ec9f872695857e4dba45a777a7b9804
6850,171.25,2.1401,266.6608,False,12,mechanical_001,79d0085777a69b241e0aecfb8f846de17ec9f872695857e4dba45a777a7b9804
6851,171.275,2.1404,266.8525,False,12,mechanical_001,79d0085777a69b241e0aecfb8f846de17ec9f872695857e4dba45a777a7b9804
6852,171.3,2.1407,267.0764,False,12,mechanical_001,79d0085777a69b241e0aecfb8f846de17ec9f872695857e4dba45a777a7b9804
6853,171.325,2.141,267.3388,False,12,mechanical_001,79d0085777a69b241e0aecfb8f846de17ec9f872695857e4dba45a777a7b9804
6854,171.35,2.1413,267.6382,False,12,mechanical_001,79d0085777a69b241e0aecfb8f846de17ec9f872695857e4dba45a777a7b9804
6855,171.375,2.1417,267.9472,False,12,mechanical_001,79d0085777a69b241e0aecfb8f846de17ec9f872695857e4dba45a777a7b9804
6856,171.4,2.142,268.2561,False,12,mechanical_001,79d0085777a69b241e0aecfb8f846de17ec9f872695857e4dba45a777a7b9804
6857,171.425,2.1424,268.5639,False,12,mechanical_001,79d0085777a69b241e0aecfb8f846de17ec9f872695857e4dba45a777a7b9804
6858,171.45,2.1427,268.8355,False,12,mechanical_001,79d0085777a69b241e0aecfb8f846de17ec9f872695857e4dba45a777a7b9804
6859,171.475,2.143,269.0572,False,12,mechanical_001,79d0085777a69b241e0aecfb8f846de17ec9f872695857e4dba45a777a7b9804
6860,171.5,2.1433,269.2559,False,12,mechanical_001,79d0085777a69b241e0aecfb8f846de17ec9f872695857e4dba45a777a7b9804
6861,171.525,2.1436,269.4457,False,12,mechanical_001,79d0085777a69b241e0aecfb8f846de17ec9f872695857e4dba45a777a7b9804
6862,171.55,2.1439,269.6478,False,12,mechanical_001,79d0085777a69b241e0aecfb8f846de17ec9f872695857e4dba45a777a7b9804
6863,171.575,2.1442,269.863,False,12,mechanical_001,79d0085777a69b241e0aecfb8f846de17ec9f872695857e4dba45a777a7b9804
6864,171.6,2.1445,270.0712,False,12,mechanical_001,79d0085777a69b241e0aecfb8f846de17ec9f872695857e4dba45a777a7b9804
6865,171.625,2.1449,270.2907,False,12,mechanical_001,79d0085777a69b241e0aecfb8f846de17ec9f872695857e4dba45a777a7b9804
6866,171.65,2.1452,270.511,False,12,mechanical_001,79d0085777a69b241e0aecfb8f846de17ec9f872695857e4dba45a777a7b9804
6867,171.675,2.1455,270.7237,False,12,mechanical_001,79d0085777a69b241e0aecfb8f846de17ec9f872695857e4dba45a777a7b9804
6868,171.7,2.1458,270.9472,False,12,mechanical_001,79d0085777a69b241e0aecfb8f846de17ec9f872695857e4dba45a777a7b9804
6869,171.725,2.1461,271.1795,False,12,mechanical_001,79d0085777a69b241e0aecfb8f846de17ec9f872695857e4dba45a777a7b9804
6870,171.75,2.1464,271.4084,False,12,mechanical_001,79d0085777a69b241e0aecfb8f846de17ec9f872695857e4dba45a777a7b9804
6871,171.775,2.1468,271.6222,False,12,mechanical_001,79d0085777a69b241e0aecfb8f846de17ec9f872695857e4dba45a777a7b9804
6872,171.8,2.1471,271.8248,False,12,mechanical_001,79d0085777a69b241e0aecfb8f846de17ec9f872695857e4dba45a777a7b9804
6873,171.825,2.1474,272.0296,False,12,mechanical_001,79d0085777a69b241e0aecfb8f846de17ec9f872695857e4dba45a777a7b9804
6874,171.85,2.1477,272.2353,False,12,mechanical_001,79d0085777a69b241e0aecfb8f846de17ec9f872695857e4dba45a777a7b9804
6875,171.875,2.148,272.4522,False,12,mechanical_001,79d0085777a69b241e0aecfb8f846de17ec9f872695857e4dba45a777a7b9804
6876,171.9,2.1483,272.6706,False,12,mechanical_001,79d0085777a69b241e0aecfb8f846de17ec9f872695857e4dba45a777a7b9804
6877,171.925,2.1486,272.8933,False,12,mechanical_001,79d0085777a69b241e0aecfb8f846de17ec9f872695857e4dba45a777a7b9804
6878,171.95,2.149,273.1199,False,12,mechanical_001,79d0085777a69b241e0aecfb8f846de17ec9f872695857e4dba45a777a7b9804
6879,171.975,2.1493,273.3416,False,12,mechanical_001,79d0085777a69b241e0aecfb8f846de17ec9f872695857e4dba45a777a7b9804
6880,172.0,2.1496,273.5706,False,12,mechanical_001,79d0085777a69b241e0aecfb8f846de17ec9f872695857e4dba45a777a7b9804
6881,172.025,2.1499,273.7966,False,12,mechanical_001,79d0085777a69b241e0aecfb8f846de17ec9f872695857e4dba45a777a7b9804
6882,172.05,2.1502,274.0303,False,12,mechanical_001,79d0085777a69b241e0aecfb8f846de17ec9f872695857e4dba45a777a7b9804
6883,172.075,2.1505,274.2825,False,12,mechanical_001,79d0085777a69b241e0aecfb8f846de17ec9f872695857e4dba45a777a7b9804
6884,172.1,2.1509,274.5581,False,12,mechanical_001,79d0085777a69b241e0aecfb8f846de17ec9f872695857e4dba45a777a7b9804
6885,172.125,2.1512,274.8383,False,12,mechanical_001,79d0085777a69b241e0aecfb8f846de17ec9f872695857e4dba45a777a7b9804
6886,172.15,2.1515,275.129,False,12,mechanical_001,79d0085777a69b241e0aecfb8f846de17ec9f872695857e4dba45a777a7b9804
6887,172.175,2.1519,275.4354,False,12,mechanical_001,79d0085777a69b241e0aecfb8f846de17ec9f872695857e4dba45a777a7b9804
6888,172.2,2.1522,275.7503,False,12,mechanical_001,79d0085777a69b241e0aecfb8f846de17ec9f872695857e4dba45a777a7b9804
6889,172.225,2.1526,276.0826,False,12,mechanical_001,79d0085777a69b241e0aecfb8f846de17ec9f872695857e4dba45a777a7b9804
6890,172.25,2.1529,276.4024,False,12,mechanical_001,79d0085777a69b241e0aecfb8f846de17ec9f872695857e4dba45a777a7b9804
6891,172.275,2.1532,276.6746,False,12,mechanical_001,79d0085777a69b241e0aecfb8f846de17ec9f872695857e4dba45a777a7b9804
6892,172.3,2.1536,276.9171,False,12,mechanical_001,79d0085777a69b241e0aecfb8f846de17ec9f872695857e4dba45a777a7b9804
6893,172.325,2.1539,277.1349,False,12,mechanical_001,79d0085777a69b241e0aecfb8f846de17ec9f872695857e4dba45a777a7b9804
6894,172.35,2.1542,277.3329,False,12,mechanical_001,79d0085777a69b241e0aecfb8f846de17ec9f872695857e4dba45a777a7b9804
6895,172.375,2.1545,277.5191,False,12,mechanical_001,79d0085777a69b241e0aecfb8f846de17ec9f872695857e4dba45a777a7b9804
6896,172.4,2.1548,277.6947,False,12,mechanical_001,79d0085777a69b241e0aecfb8f846de17ec9f872695857e4dba45a777a7b9804
6897,172.425,2.1551,277.8766,False,12,mechanical_001,79d0085777a69b241e0aecfb8f846de17ec9f872695857e4dba45a777a7b9804
6898,172.45,2.1554,278.0734,False,12,mechanical_001,79d0085777a69b241e0aecfb8f846de17ec9f872695857e4dba45a777a7b9804
6899,172.475,2.1557,278.2825,False,12,mechanical_001,79d0085777a69b241e0aecfb8f846de17ec9f872695857e4dba45a777a7b9804
6900,172.5,2.156,278.5036,False,12,mechanical_001,79d0085777a69b241e0aecfb8f846de17ec9f872695857e4dba45a777a7b9804
6901,172.525,2.1563,278.7332,False,12,mechanical_001,79d0085777a69b241e0aecfb8f846de17ec9f872695857e4dba45a777a7b9804
6902,172.55,2.1567,278.972,False,12,mechanical_001,79d0085777a69b241e0aecfb8f846de17ec9f872695857e4dba45a777a7b9804
6903,172.575,2.157,279.2036,False,12,mechanical_001,79d0085777a69b241e0aecfb8f846de17ec9f872695857e4dba45a777a7b9804
6904,172.6,2.1573,279.4344,False,12,mechanical_001,79d0085777a69b241e0aecfb8f846de17ec9f872695857e4dba45a777a7b9804
6905,172.625,2.1576,279.6657,False,12,mechanical_001,79d0085777a69b241e0aecfb8f846de17ec9f872695857e4dba45a777a7b9804
6906,172.65,2.1579,279.893,False,12,mechanical_001,79d0085777a69b241e0aecfb8f846de17ec9f872695857e4dba45a777a7b9804
6907,172.675,2.1582,280.1095,False,12,mechanical_001,79d0085777a69b241e0aecfb8f846de17ec9f872695857e4dba45a777a7b9804
6908,172.7,2.1586,280.3293,False,12,mechanical_001,79d0085777a69b241e0aecfb8f846de17ec9f872695857e4dba45a777a7b9804
6909,172.725,2.1589,280.5423,False,12,mechanical_001,79d0085777a69b241e0aecfb8f846de17ec9f872695857e4dba45a777a7b9804
6910,172.75,2.1592,280.756,False,12,mechanical_001,79d0085777a69b241e0aecfb8f846de17ec9f872695857e4dba45a777a7b9804
6911,172.775,2.1595,280.9747,False,12,mechanical_001,79d0085777a69b241e0aecfb8f846de17ec9f872695857e4dba45a777a7b9804
6912,172.8,2.1598,281.1947,False,12,mechanical_001,79d0085777a69b241e0aecfb8f846de17ec9f872695857e4dba45a777a7b9804
6913,172.825,2.1601,281.407,False,12,mechanical_001,79d0085777a69b241e0aecfb8f846de17ec9f872695857e4dba45a777a7b9804
6914,172.85,2.1604,281.6316,False,12,mechanical_001,79d0085777a69b241e0aecfb8f846de17ec9f872695857e4dba45a777a7b9804
6915,172.875,2.1607,281.859,False,12,mechanical_001,79d0085777a69b241e0aecfb8f846de17ec9f872695857e4dba45a777a7b9804
6916,172.9,2.1611,282.0905,False,12,mechanical_001,79d0085777a69b241e0aecfb8f846de17ec9f872695857e4dba45a777a7b9804
6917,172.925,2.1614,282.3119,False,12,mechanical_001,79d0085777a69b241e0aecfb8f846de17ec9f872695857e4dba45a777a7b9804
6918,172.95,2.1617,282.5256,False,12,mechanical_001,79d0085777a69b241e0aecfb8f846de17ec9f872695857e4dba45a777a7b9804
6919,172.975,2.162,282.7233,False,12,mechanical_001,79d0085777a69b241e0aecfb8f846de17ec9f872695857e4dba45a777a7b9804
6920,173.0,2.1623,282.9255,False,12,mechanical_001,79d0085777a69b241e0aecfb8f846de17ec9f872695857e4dba45a777a7b9804
6921,173.025,2.1626,283.1311,False,12,mechanical_001,79d0085777a69b241e0aecfb8f846de17ec9f872695857e4dba45a777a7b9804
6922,173.05,2.1629,283.3267,False,12,mechanical_001,79d0085777a69b241e0aecfb8f846de17ec9f872695857e4dba45a777a7b9804
6923,173.075,2.1632,283.5056,False,12,mechanical_001,79d0085777a69b241e0aecfb8f846de17ec9f872695857e4dba45a777a7b9804
6924,173.1,2.1635,283.669,False,12,mechanical_001,79d0085777a69b241e0aecfb8f846de17ec9f872695857e4dba45a777a7b9804
6925,173.125,2.1638,283.8395,False,12,mechanical_001,79d0085777a69b241e0aecfb8f846de17ec9f872695857e4dba45a777a7b9804
6926,173.15,2.1641,284.0297,False,12,mechanical_001,79d0085777a69b241e0aecfb8f846de17ec9f872695857e4dba45a777a7b9804
6927,173.175,2.1644,284.2311,False,12,mechanical_001,79d0085777a69b241e0aecfb8f846de17ec9f872695857e4dba45a777a7b9804
6928,173.2,2.1647,284.4457,False,12,mechanical_001,79d0085777a69b241e0aecfb8f846de17ec9f872695857e4dba45a777a7b9804
6929,173.225,2.1651,284.6561,False,12,mechanical_001,79d0085777a69b241e0aecfb8f846de17ec9f872695857e4dba45a777a7b9804
6930,173.25,2.1654,284.8753,False,12,mechanical_001,79d0085777a69b241e0aecfb8f846de17ec9f872695857e4dba45a777a7b9804
6931,173.275,2.1657,285.0979,False,12,mechanical_001,79d0085777a69b241e0aecfb8f846de17ec9f872695857e4dba45a777a7b9804
6932,173.3,2.166,285.3211,False,12,mechanical_001,79d0085777a69b241e0aecfb8f846de17ec9f872695857e4dba45a777a7b9804
6933,173.325,2.1663,285.5374,False,12,mechanical_001,79d0085777a69b241e0aecfb8f846de17ec9f872695857e4dba45a777a7b9804
6934,173.35,2.1666,285.7401,False,12,mechanical_001,79d0085777a69b241e0aecfb8f846de17ec9f872695857e4dba45a777a7b9804
6935,173.375,2.1669,285.9408,False,12,mechanical_001,79d0085777a69b241e0aecfb8f846de17ec9f872695857e4dba45a777a7b9804
6936,173.4,2.1672,286.1368,False,12,mechanical_001,79d0085777a69b241e0aecfb8f846de17ec9f872695857e4dba45a777a7b9804
6937,173.425,2.1675,286.3325,False,12,mechanical_001,79d0085777a69b241e0aecfb8f846de17ec9f872695857e4dba45a777a7b9804
6938,173.45,2.1679,286.5288,False,12,mechanical_001,79d0085777a69b241e0aecfb8f846de17ec9f872695857e4dba45a777a7b9804
6939,173.475,2.1682,286.7303,False,12,mechanical_001,79d0085777a69b241e0aecfb8f846de17ec9f872695857e4dba45a777a7b9804
6940,173.5,2.1685,286.9255,False,12,mechanical_001,79d0085777a69b241e0aecfb8f846de17ec9f872695857e4dba45a777a7b9804
6941,173.525,2.1688,287.1064,False,12,mechanical_001,79d0085777a69b241e0aecfb8f846de17ec9f872695857e4dba45a777a7b9804
6942,173.55,2.1691,287.2844,False,12,mechanical_001,79d0085777a69b241e0aecfb8f846de17ec9f872695857e4dba45a777a7b9804
6943,173.575,2.1694,287.468,False,12,mechanical_001,79d0085777a69b241e0aecfb8f846de17ec9f872695857e4dba45a777a7b9804
6944,173.6,2.1697,287.6513,False,12,mechanical_001,79d0085777a69b241e0aecfb8f846de17ec9f872695857e4dba45a777a7b9804
6945,173.625,2.17,287.8259,False,12,mechanical_001,79d0085777a69b241e0aecfb8f846de17ec9f872695857e4dba45a777a7b9804
6946,173.65,2.1703,287.9936,False,12,mechanical_001,79d0085777a69b241e0aecfb8f846de17ec9f872695857e4dba45a777a7b9804
6947,173.675,2.1706,288.1569,False,12,mechanical_001,79d0085777a69b241e0aecfb8f846de17ec9f872695857e4dba45a777a7b9804
6948,173.7,2.1709,288.3181,False,12,mechanical_001,79d0085777a69b241e0aecfb8f846de17ec9f872695857e4dba45a777a7b9804
6949,173.725,2.1712,288.4592,False,12,mechanical_001,79d0085777a69b241e0aecfb8f846de17ec9f872695857e4dba45a777a7b9804
6950,173.75,2.1715,288.5865,False,12,mechanical_001,79d0085777a69b241e0aecfb8f846de17ec9f872695857e4dba45a777a7b9804
6951,173.775,2.1718,288.7062,False,12,mechanical_001,79d0085777a69b241e0aecfb8f846de17ec9f872695857e4dba45a777a7b9804
6952,173.8,2.1721,288.8229,False,12,mechanical_001,79d0085777a69b241e0aecfb8f846de17ec9f872695857e4dba45a777a7b9804
6953,173.825,2.1724,288.9326,False,12,mechanical_001,79d0085777a69b241e0aecfb8f846de17ec9f872695857e4dba45a777a7b9804
6954,173.85,2.1727,289.037,False,12,mechanical_001,79d0085777a69b241e0aecfb8f846de17ec9f872695857e4dba45a777a7b9804
6955,173.875,2.173,289.1467,False,12,mechanical_001,79d0085777a69b241e0aecfb8f846de17ec9f872695857e4dba45a777a7b9804
6956,173.9,2.1733,289.2527,False,12,mechanical_001,79d0085777a69b241e0aecfb8f846de17ec9f872695857e4dba45a777a7b9804
6957,173.925,2.1736,289.368,False,12,mechanical_001,79d0085777a69b241e0aecfb8f846de17ec9f872695857e4dba45a777a7b9804
6958,173.95,2.1739,289.5083,False,12,mechanical_001,79d0085777a69b241e0aecfb8f846de17ec9f872695857e4dba45a777a7b9804
6959,173.975,2.1742,289.6543,False,12,mechanical_001,79d0085777a69b241e0aecfb8f846de17ec9f872695857e4dba45a777a7b9804
6960,174.0,2.1745,289.8127,False,12,mechanical_001,79d0085777a69b241e0aecfb8f846de17ec9f872695857e4dba45a777a7b9804
6961,174.025,2.1748,289.9814,False,12,mechanical_001,79d0085777a69b241e0aecfb8f846de17ec9f872695857e4dba45a777a7b9804
6962,174.05,2.1751,290.1471,False,12,mechanical_001,79d0085777a69b241e0aecfb8f846de17ec9f872695857e4dba45a777a7b9804
6963,174.075,2.1754,290.316,False,12,mechanical_001,79d0085777a69b241e0aecfb8f846de17ec9f872695857e4dba45a777a7b9804
6964,174.1,2.1757,290.4867,False,12,mechanical_001,79d0085777a69b241e0aecfb8f846de17ec9f872695857e4dba45a777a7b9804
6965,174.125,2.176,290.6554,False,12,mechanical_001,79d0085777a69b241e0aecfb8f846de17ec9f872695857e4dba45a777a7b9804
6966,174.15,2.1763,290.8245,False,12,mechanical_001,79d0085777a69b241e0aecfb8f846de17ec9f872695857e4dba45a777a7b9804
6967,174.175,2.1767,291.0105,False,12,mechanical_001,79d0085777a69b241e0aecfb8f846de17ec9f872695857e4dba45a777a7b9804
6968,174.2,2.177,291.2006,False,12,mechanical_001,79d0085777a69b241e0aecfb8f846de17ec9f872695857e4dba45a777a7b9804
6969,174.225,2.1773,291.3859,False,12,mechanical_001,79d0085777a69b241e0aecfb8f846de17ec9f872695857e4dba45a777a7b9804
6970,174.25,2.1776,291.5781,False,12,mechanical_001,79d0085777a69b241e0aecfb8f846de17ec9f872695857e4dba45a777a7b9804
6971,174.275,2.1779,291.7805,False,12,mechanical_001,79d0085777a69b241e0aecfb8f846de17ec9f872695857e4dba45a777a7b9804
6972,174.3,2.1782,291.988,False,12,mechanical_001,79d0085777a69b241e0aecfb8f846de17ec9f872695857e4dba45a777a7b9804
6973,174.325,2.1785,292.1801,False,12,mechanical_001,79d0085777a69b241e0aecfb8f846de17ec9f872695857e4dba45a777a7b9804
6974,174.35,2.1788,292.3565,False,12,mechanical_001,79d0085777a69b241e0aecfb8f846de17ec9f872695857e4dba45a777a7b9804
6975,174.375,2.1792,292.5182,False,12,mechanical_001,79d0085777a69b241e0aecfb8f846de17ec9f872695857e4dba45a777a7b9804
6976,174.4,2.1794,292.6656,False,12,mechanical_001,79d0085777a69b241e0aecfb8f846de17ec9f872695857e4dba45a777a7b9804
6977,174.425,2.1797,292.8156,False,12,mechanical_001,79d0085777a69b241e0aecfb8f846de17ec9f872695857e4dba45a777a7b9804
6978,174.45,2.18,292.9702,False,12,mechanical_001,79d0085777a69b241e0aecfb8f846de17ec9f872695857e4dba45a777a7b9804
6979,174.475,2.1803,293.1248,False,12,mechanical_001,79d0085777a69b241e0aecfb8f846de17ec9f872695857e4dba45a777a7b9804
6980,174.5,2.1806,293.2831,False,12,mechanical_001,79d0085777a69b241e0aecfb8f846de17ec9f872695857e4dba45a777a7b9804
6981,174.525,2.1809,293.4677,False,12,mechanical_001,79d0085777a69b241e0aecfb8f846de17ec9f872695857e4dba45a777a7b9804
6982,174.55,2.1813,293.6709,False,12,mechanical_001,79d0085777a69b241e0aecfb8f846de17ec9f872695857e4dba45a777a7b9804
6983,174.575,2.1816,293.8871,False,12,mechanical_001,79d0085777a69b241e0aecfb8f846de17ec9f872695857e4dba45a777a7b9804
6984,174.6,2.1819,294.1233,False,12,mechanical_001,79d0085777a69b241e0aecfb8f846de17ec9f872695857e4dba45a777a7b9804
6985,174.625,2.1822,294.3784,False,12,mechanical_001,79d0085777a69b241e0aecfb8f846de17ec9f872695857e4dba45a777a7b9804
6986,174.65,2.1825,294.6458,False,12,mechanical_001,79d0085777a69b241e0aecfb8f846de17ec9f872695857e4dba45a777a7b9804
6987,174.675,2.1829,294.9149,False,12,mechanical_001,79d0085777a69b241e0aecfb8f846de17ec9f872695857e4dba45a777a7b9804
6988,174.7,2.1832,295.1787,False,12,mechanical_001,79d0085777a69b241e0aecfb8f846de17ec9f872695857e4dba45a777a7b9804
6989,174.725,2.1835,295.4387,False,12,mechanical_001,79d0085777a69b241e0aecfb8f846de17ec9f872695857e4dba45a777a7b9804
6990,174.75,2.1838,295.6995,False,12,mechanical_001,79d0085777a69b241e0aecfb8f846de17ec9f872695857e4dba45a777a7b9804
6991,174.775,2.1842,295.9592,False,12,mechanical_001,79d0085777a69b241e0aecfb8f846de17ec9f872695857e4dba45a777a7b9804
6992,174.8,2.1845,296.2108,False,12,mechanical_001,79d0085777a69b241e0aecfb8f846de17ec9f872695857e4dba45a777a7b9804
6993,174.825,2.1848,296.462,False,12,mechanical_001,79d0085777a69b241e0aecfb8f846de17ec9f872695857e4dba45a777a7b9804
6994,174.85,2.1851,296.7215,False,12,mechanical_001,79d0085777a69b241e0aecfb8f846de17ec9f872695857e4dba45a777a7b9804
6995,174.875,2.1854,296.9645,False,12,mechanical_001,79d0085777a69b241e0aecfb8f846de17ec9f872695857e4dba45a777a7b9804
6996,174.9,2.1858,297.1982,False,12,mechanical_001,79d0085777a69b241e0aecfb8f846de17ec9f872695857e4dba45a777a7b9804
6997,174.925,2.1861,297.4259,False,12,mechanical_001,79d0085777a69b241e0aecfb8f846de17ec9f872695857e4dba45a777a7b9804
6998,174.95,2.1864,297.6647,False,12,mechanical_001,79d0085777a69b241e0aecfb8f846de17ec9f872695857e4dba45a777a7b9804
6999,174.975,2.1867,297.9063,False,12,mechanical_001,79d0085777a69b241e0aecfb8f846de17ec9f872695857e4dba45a777a7b9804
7000,175.0,2.187,298.1485,False,12,mechanical_001,79d0085777a69b241e0aecfb8f846de17ec9f872695857e4dba45a777a7b9804
7001,175.025,2.1873,298.4015,False,12,mechanical_001,79d0085777a69b241e0aecfb8f846de17ec9f872695857e4dba45a777a7b9804
7002,175.05,2.1877,298.6711,False,12,mechanical_001,79d0085777a69b241e0aecfb8f846de17ec9f872695857e4dba45a777a7b9804
7003,175.075,2.188,298.9021,False,12,mechanical_001,79d0085777a69b241e0aecfb8f846de17ec9f872695857e4dba45a777a7b9804
7004,175.1,2.1883,299.1085,False,12,mechanical_001,79d0085777a69b241e0aecfb8f846de17ec9f872695857e4dba45a777a7b9804
7005,175.125,2.1886,299.3456,False,12,mechanical_001,79d0085777a69b241e0aecfb8f846de17ec9f872695857e4dba45a777a7b9804
7006,175.15,2.1889,299.6244,False,12,mechanical_001,79d0085777a69b241e0aecfb8f846de17ec9f872695857e4dba45a777a7b9804
7007,175.175,2.1893,299.8924,False,12,mechanical_001,79d0085777a69b241e0aecfb8f846de17ec9f872695857e4dba45a777a7b9804
7008,175.2,2.1896,300.1361,False,12,mechanical_001,79d0085777a69b241e0aecfb8f846de17ec9f872695857e4dba45a777a7b9804
7009,175.225,2.1899,300.362,False,12,mechanical_001,79d0085777a69b241e0aecfb8f846de17ec9f872695857e4dba45a777a7b9804
7010,175.25,2.1902,300.579,False,12,mechanical_001,79d0085777a69b241e0aecfb8f846de17ec9f872695857e4dba45a777a7b9804
7011,175.275,2.1905,300.7859,False,12,mechanical_001,79d0085777a69b241e0aecfb8f846de17ec9f872695857e4dba45a777a7b9804
7012,175.3,2.1908,301.0015,False,12,mechanical_001,79d0085777a69b241e0aecfb8f846de17ec9f872695857e4dba45a777a7b9804
7013,175.325,2.1911,301.2201,False,12,mechanical_001,79d0085777a69b241e0aecfb8f846de17ec9f872695857e4dba45a777a7b9804
7014,175.35,2.1914,301.4427,False,12,mechanical_001,79d0085777a69b241e0aecfb8f846de17ec9f872695857e4dba45a777a7b9804
7015,175.375,2.1917,301.6766,False,12,mechanical_001,79d0085777a69b241e0aecfb8f846de17ec9f872695857e4dba45a777a7b9804
7016,175.4,2.1921,301.91,False,12,mechanical_001,79d0085777a69b241e0aecfb8f846de17ec9f872695857e4dba45a777a7b9804
7017,175.425,2.1924,302.1442,False,12,mechanical_001,79d0085777a69b241e0aecfb8f846de17ec9f872695857e4dba45a777a7b9804
7018,175.45,2.1927,302.3838,False,12,mechanical_001,79d0085777a69b241e0aecfb8f846de17ec9f872695857e4dba45a777a7b9804
7019,175.475,2.193,302.6043,False,12,mechanical_001,79d0085777a69b241e0aecfb8f846de17ec9f872695857e4dba45a777a7b9804
7020,175.5,2.1933,302.8135,False,12,mechanical_001,79d0085777a69b241e0aecfb8f846de17ec9f872695857e4dba45a777a7b9804
7021,175.525,2.1936,303.0299,False,12,mechanical_001,79d0085777a69b241e0aecfb8f846de17ec9f872695857e4dba45a777a7b9804
7022,175.55,2.1939,303.2527,False,12,mechanical_001,79d0085777a69b241e0aecfb8f846de17ec9f872695857e4dba45a777a7b9804
7023,175.575,2.1942,303.4724,False,12,mechanical_001,79d0085777a69b241e0aecfb8f846de17ec9f872695857e4dba45a777a7b9804
7024,175.6,2.1946,303.6949,False,12,mechanical_001,79d0085777a69b241e0aecfb8f846de17ec9f872695857e4dba45a777a7b9804
7025,175.625,2.1949,303.9179,False,12,mechanical_001,79d0085777a69b241e0aecfb8f846de17ec9f872695857e4dba45a777a7b9804
7026,175.65,2.1952,304.1532,False,12,mechanical_001,79d0085777a69b241e0aecfb8f846de17ec9f872695857e4dba45a777a7b9804
7027,175.675,2.1955,304.3872,False,12,mechanical_001,79d0085777a69b241e0aecfb8f846de17ec9f872695857e4dba45a777a7b9804
7028,175.7,2.1958,304.6259,False,12,mechanical_001,79d0085777a69b241e0aecfb8f846de17ec9f872695857e4dba45a777a7b9804
7029,175.725,2.1961,304.8514,False,12,mechanical_001,79d0085777a69b241e0aecfb8f846de17ec9f872695857e4dba45a777a7b9804
7030,175.75,2.1964,305.074,False,12,mechanical_001,79d0085777a69b241e0aecfb8f846de17ec9f872695857e4dba45a777a7b9804
7031,175.775,2.1968,305.3036,False,12,mechanical_001,79d0085777a69b241e0aecfb8f846de17ec9f872695857e4dba45a777a7b9804
7032,175.8,2.1971,305.5398,False,12,mechanical_001,79d0085777a69b241e0aecfb8f846de17ec9f872695857e4dba45a777a7b9804
7033,175.825,2.1974,305.7708,False,12,mechanical_001,79d0085777a69b241e0aecfb8f846de17ec9f872695857e4dba45a777a7b9804
7034,175.85,2.1977,306.0018,False,12,mechanical_001,79d0085777a69b241e0aecfb8f846de17ec9f872695857e4dba45a777a7b9804
7035,175.875,2.198,306.2293,False,12,mechanical_001,79d0085777a69b241e0aecfb8f846de17ec9f872695857e4dba45a777a7b9804
7036,175.9,2.1983,306.4513,False,12,mechanical_001,79d0085777a69b241e0aecfb8f846de17ec9f872695857e4dba45a777a7b9804
7037,175.925,2.1986,306.6675,False,12,mechanical_001,79d0085777a69b241e0aecfb8f846de17ec9f872695857e4dba45a777a7b9804
7038,175.95,2.1989,306.8919,False,12,mechanical_001,79d0085777a69b241e0aecfb8f846de17ec9f872695857e4dba45a777a7b9804
7039,175.975,2.1993,307.1329,False,12,mechanical_001,79d0085777a69b241e0aecfb8f846de17ec9f872695857e4dba45a777a7b9804
7040,176.0,2.1996,307.3769,False,12,mechanical_001,79d0085777a69b241e0aecfb8f846de17ec9f872695857e4dba45a777a7b9804
7041,176.025,2.1999,307.61,False,12,mechanical_001,79d0085777a69b241e0aecfb8f846de17ec9f872695857e4dba45a777a7b9804
7042,176.05,2.2002,307.829,False,12,mechanical_001,79d0085777a69b241e0aecfb8f846de17ec9f872695857e4dba45a777a7b9804
7043,176.075,2.2005,308.047,False,12,mechanical_001,79d0085777a69b241e0aecfb8f846de17ec9f872695857e4dba45a777a7b9804
7044,176.1,2.2008,308.2726,False,12,mechanical_001,79d0085777a69b241e0aecfb8f846de17ec9f872695857e4dba45a777a7b9804
7045,176.125,2.2011,308.4951,False,12,mechanical_001,79d0085777a69b241e0aecfb8f846de17ec9f872695857e4dba45a777a7b9804
7046,176.15,2.2015,308.7086,False,12,mechanical_001,79d0085777a69b241e0aecfb8f846de17ec9f872695857e4dba45a777a7b9804
7047,176.175,2.2018,308.9036,False,12,mechanical_001,79d0085777a69b241e0aecfb8f846de17ec9f872695857e4dba45a777a7b9804
7048,176.2,2.2021,309.1104,False,12,mechanical_001,79d0085777a69b241e0aecfb8f846de17ec9f872695857e4dba45a777a7b9804
7049,176.225,2.2024,309.3305,False,12,mechanical_001,79d0085777a69b241e0aecfb8f846de17ec9f872695857e4dba45a777a7b9804
7050,176.25,2.2027,309.5655,False,12,mechanical_001,79d0085777a69b241e0aecfb8f846de17ec9f872695857e4dba45a777a7b9804
7051,176.275,2.203,309.8018,False,12,mechanical_001,79d0085777a69b241e0aecfb8f846de17ec9f872695857e4dba45a777a7b9804
7052,176.3,2.2033,310.03,False,12,mechanical_001,79d0085777a69b241e0aecfb8f846de17ec9f872695857e4dba45a777a7b9804
7053,176.325,2.2036,310.2524,False,12,mechanical_001,79d0085777a69b241e0aecfb8f846de17ec9f872695857e4dba45a777a7b9804
7054,176.35,2.204,310.4632,False,12,mechanical_001,79d0085777a69b241e0aecfb8f846de17ec9f872695857e4dba45a777a7b9804
7055,176.375,2.2043,310.6745,False,12,mechanical_001,79d0085777a69b241e0aecfb8f846de17ec9f872695857e4dba45a777a7b9804
7056,176.4,2.2046,310.8765,False,12,mechanical_001,79d0085777a69b241e0aecfb8f846de17ec9f872695857e4dba45a777a7b9804
7057,176.425,2.2049,311.0704,False,12,mechanical_001,79d0085777a69b241e0aecfb8f846de17ec9f872695857e4dba45a777a7b9804
7058,176.45,2.2052,311.2661,False,12,mechanical_001,79d0085777a69b241e0aecfb8f846de17ec9f872695857e4dba45a777a7b9804
7059,176.475,2.2055,311.461,False,12,mechanical_001,79d0085777a69b241e0aecfb8f846de17ec9f872695857e4dba45a777a7b9804
7060,176.5,2.2058,311.6564,False,12,mechanical_001,79d0085777a69b241e0aecfb8f846de17ec9f872695857e4dba45a777a7b9804
7061,176.525,2.2061,311.8585,False,12,mechanical_001,79d0085777a69b241e0aecfb8f846de17ec9f872695857e4dba45a777a7b9804
7062,176.55,2.2064,312.0557,False,12,mechanical_001,79d0085777a69b241e0aecfb8f846de17ec9f872695857e4dba45a777a7b9804
7063,176.575,2.2067,312.2456,False,12,mechanical_001,79d0085777a69b241e0aecfb8f846de17ec9f872695857e4dba45a777a7b9804
7064,176.6,2.207,312.4312,False,12,mechanical_001,79d0085777a69b241e0aecfb8f846de17ec9f872695857e4dba45a777a7b9804
7065,176.625,2.2073,312.6165,False,12,mechanical_001,79d0085777a69b241e0aecfb8f846de17ec9f872695857e4dba45a777a7b9804
7066,176.65,2.2076,312.7991,False,12,mechanical_001,79d0085777a69b241e0aecfb8f846de17ec9f872695857e4dba45a777a7b9804
7067,176.675,2.2079,312.9706,False,12,mechanical_001,79d0085777a69b241e0aecfb8f846de17ec9f872695857e4dba45a777a7b9804
7068,176.7,2.2082,313.1381,False,12,mechanical_001,79d0085777a69b241e0aecfb8f846de17ec9f872695857e4dba45a777a7b9804
7069,176.725,2.2085,313.3319,False,12,mechanical_001,79d0085777a69b241e0aecfb8f846de17ec9f872695857e4dba45a777a7b9804
7070,176.75,2.2089,313.5732,False,12,mechanical_001,79d0085777a69b241e0aecfb8f846de17ec9f872695857e4dba45a777a7b9804
7071,176.775,2.2092,313.8634,False,12,mechanical_001,79d0085777a69b241e0aecfb8f846de17ec9f872695857e4dba45a777a7b9804
7072,176.8,2.2095,314.1909,False,12,mechanical_001,79d0085777a69b241e0aecfb8f846de17ec9f872695857e4dba45a777a7b9804
7073,176.825,2.2099,314.526,False,12,mechanical_001,79d0085777a69b241e0aecfb8f846de17ec9f872695857e4dba45a777a7b9804
7074,176.85,2.2102,314.844,False,12,mechanical_001,79d0085777a69b241e0aecfb8f846de17ec9f872695857e4dba45a777a7b9804
7075,176.875,2.2106,315.1291,False,12,mechanical_001,79d0085777a69b241e0aecfb8f846de17ec9f872695857e4dba45a777a7b9804
7076,176.9,2.2109,315.3856,False,12,mechanical_001,79d0085777a69b241e0aecfb8f846de17ec9f872695857e4dba45a777a7b9804
7077,176.925,2.2112,315.6195,False,12,mechanical_001,79d0085777a69b241e0aecfb8f846de17ec9f872695857e4dba45a777a7b9804
7078,176.95,2.2115,315.8417,False,12,mechanical_001,79d0085777a69b241e0aecfb8f846de17ec9f872695857e4dba45a777a7b9804
7079,176.975,2.2118,316.0648,False,12,mechanical_001,79d0085777a69b241e0aecfb8f846de17ec9f872695857e4dba45a777a7b9804
7080,177.0,2.2122,316.2927,False,12,mechanical_001,79d0085777a69b241e0aecfb8f846de17ec9f872695857e4dba45a777a7b9804
7081,177.025,2.2125,316.5129,False,12,mechanical_001,79d0085777a69b241e0aecfb8f846de17ec9f872695857e4dba45a777a7b9804
7082,177.05,2.2128,316.7134,False,12,mechanical_001,79d0085777a69b241e0aecfb8f846de17ec9f872695857e4dba45a777a7b9804
7083,177.075,2.2131,316.9171,False,12,mechanical_001,79d0085777a69b241e0aecfb8f846de17ec9f872695857e4dba45a777a7b9804
7084,177.1,2.2134,317.1418,False,12,mechanical_001,79d0085777a69b241e0aecfb8f846de17ec9f872695857e4dba45a777a7b9804
7085,177.125,2.2137,317.3789,False,12,mechanical_001,79d0085777a69b241e0aecfb8f846de17ec9f872695857e4dba45a777a7b9804
7086,177.15,2.214,317.6112,False,12,mechanical_001,79d0085777a69b241e0aecfb8f846de17ec9f872695857e4dba45a777a7b9804
7087,177.175,2.2143,317.8394,False,12,mechanical_001,79d0085777a69b241e0aecfb8f846de17ec9f872695857e4dba45a777a7b9804
7088,177.2,2.2147,318.0622,False,12,mechanical_001,79d0085777a69b241e0aecfb8f846de17ec9f872695857e4dba45a777a7b9804
7089,177.225,2.215,318.2982,False,12,mechanical_001,79d0085777a69b241e0aecfb8f846de17ec9f872695857e4dba45a777a7b9804
7090,177.25,2.2153,318.5421,False,12,mechanical_001,79d0085777a69b241e0aecfb8f846de17ec9f872695857e4dba45a777a7b9804
7091,177.275,2.2156,318.7877,False,12,mechanical_001,79d0085777a69b241e0aecfb8f846de17ec9f872695857e4dba45a777a7b9804
7092,177.3,2.2159,319.0372,False,12,mechanical_001,79d0085777a69b241e0aecfb8f846de17ec9f872695857e4dba45a777a7b9804
7093,177.325,2.2163,319.2859,False,12,mechanical_001,79d0085777a69b241e0aecfb8f846de17ec9f872695857e4dba45a777a7b9804
7094,177.35,2.2166,319.5411,False,12,mechanical_001,79d0085777a69b241e0aecfb8f846de17ec9f872695857e4dba45a777a7b9804
7095,177.375,2.2169,319.7924,False,12,mechanical_001,79d0085777a69b241e0aecfb8f846de17ec9f872695857e4dba45a777a7b9804
7096,177.4,2.2172,320.0568,False,12,mechanical_001,79d0085777a69b241e0aecfb8f846de17ec9f872695857e4dba45a777a7b9804
7097,177.425,2.2175,320.3202,False,12,mechanical_001,79d0085777a69b241e0aecfb8f846de17ec9f872695857e4dba45a777a7b9804
7098,177.45,2.2179,320.5692,False,12,mechanical_001,79d0085777a69b241e0aecfb8f846de17ec9f872695857e4dba45a777a7b9804
7099,177.475,2.2182,320.8133,False,12,mechanical_001,79d0085777a69b241e0aecfb8f846de17ec9f872695857e4dba45a777a7b9804
7100,177.5,2.2185,321.0332,False,12,mechanical_001,79d0085777a69b241e0aecfb8f846de17ec9f872695857e4dba45a777a7b9804
7101,177.525,2.2188,321.2416,False,12,mechanical_001,79d0085777a69b241e0aecfb8f846de17ec9f872695857e4dba45a777a7b9804
7102,177.55,2.2191,321.4655,False,12,mechanical_001,79d0085777a69b241e0aecfb8f846de17ec9f872695857e4dba45a777a7b9804
7103,177.575,2.2194,321.6984,False,12,mechanical_001,79d0085777a69b241e0aecfb8f846de17ec9f872695857e4dba45a777a7b9804
7104,177.6,2.2197,321.9335,False,12,mechanical_001,79d0085777a69b241e0aecfb8f846de17ec9f872695857e4dba45a777a7b9804
7105,177.625,2.2201,322.1941,False,12,mechanical_001,79d0085777a69b241e0aecfb8f846de17ec9f872695857e4dba45a777a7b9804
7106,177.65,2.2204,322.483,False,12,mechanical_001,79d0085777a69b241e0aecfb8f846de17ec9f872695857e4dba45a777a7b9804
7107,177.675,2.2207,322.7729,False,12,mechanical_001,79d0085777a69b241e0aecfb8f846de17ec9f872695857e4dba45a777a7b9804
7108,177.7,2.221,323.0494,False,12,mechanical_001,79d0085777a69b241e0aecfb8f846de17ec9f872695857e4dba45a777a7b9804
7109,177.725,2.2214,323.3049,False,12,mechanical_001,79d0085777a69b241e0aecfb8f846de17ec9f872695857e4dba45a777a7b9804
7110,177.75,2.2217,323.5427,False,12,mechanical_001,79d0085777a69b241e0aecfb8f846de17ec9f872695857e4dba45a777a7b9804
7111,177.775,2.222,323.7571,False,12,mechanical_001,79d0085777a69b241e0aecfb8f846de17ec9f872695857e4dba45a777a7b9804
7112,177.8,2.2223,323.9762,False,12,mechanical_001,79d0085777a69b241e0aecfb8f846de17ec9f872695857e4dba45a777a7b9804
7113,177.825,2.2226,324.2178,False,12,mechanical_001,79d0085777a69b241e0aecfb8f846de17ec9f872695857e4dba45a777a7b9804
7114,177.85,2.2229,324.4823,False,12,mechanical_001,79d0085777a69b241e0aecfb8f846de17ec9f872695857e4dba45a777a7b9804
7115,177.875,2.2232,324.7395,False,12,mechanical_001,79d0085777a69b241e0aecfb8f846de17ec9f872695857e4dba45a777a7b9804
7116,177.9,2.2235,324.9915,False,12,mechanical_001,79d0085777a69b241e0aecfb8f846de17ec9f872695857e4dba45a777a7b9804
7117,177.925,2.2238,325.2432,False,12,mechanical_001,79d0085777a69b241e0aecfb8f846de17ec9f872695857e4dba45a777a7b9804
7118,177.95,2.2241,325.4946,False,12,mechanical_001,79d0085777a69b241e0aecfb8f846de17ec9f872695857e4dba45a777a7b9804
7119,177.975,2.2245,325.7544,False,12,mechanical_001,79d0085777a69b241e0aecfb8f846de17ec9f872695857e4dba45a777a7b9804
7120,178.0,2.2248,326.0158,False,12,mechanical_001,79d0085777a69b241e0aecfb8f846de17ec9f872695857e4dba45a777a7b9804
7121,178.025,2.2251,326.2691,False,12,mechanical_001,79d0085777a69b241e0aecfb8f846de17ec9f872695857e4dba45a777a7b9804
7122,178.05,2.2254,326.5229,False,12,mechanical_001,79d0085777a69b241e0aecfb8f846de17ec9f872695857e4dba45a777a7b9804
7123,178.075,2.2257,326.778,False,12,mechanical_001,79d0085777a69b241e0aecfb8f846de17ec9f872695857e4dba45a777a7b9804
7124,178.1,2.226,327.0194,False,12,mechanical_001,79d0085777a69b241e0aecfb8f846de17ec9f872695857e4dba45a777a7b9804
7125,178.125,2.2263,327.256,False,12,mechanical_001,79d0085777a69b241e0aecfb8f846de17ec9f872695857e4dba45a777a7b9804
7126,178.15,2.2266,327.5136,False,12,mechanical_001,79d0085777a69b241e0aecfb8f846de17ec9f872695857e4dba45a777a7b9804
7127,178.175,2.2269,327.7823,False,12,mechanical_001,79d0085777a69b241e0aecfb8f846de17ec9f872695857e4dba45a777a7b9804
7128,178.2,2.2273,328.0579,False,12,mechanical_001,79d0085777a69b241e0aecfb8f846de17ec9f872695857e4dba45a777a7b9804
7129,178.225,2.2276,328.3388,False,12,mechanical_001,79d0085777a69b241e0aecfb8f846de17ec9f872695857e4dba45a777a7b9804
7130,178.25,2.2279,328.6349,False,12,mechanical_001,79d0085777a69b241e0aecfb8f846de17ec9f872695857e4dba45a777a7b9804
7131,178.275,2.2282,328.9242,False,12,mechanical_001,79d0085777a69b241e0aecfb8f846de17ec9f872695857e4dba45a777a7b9804
7132,178.3,2.2285,329.2077,False,12,mechanical_001,79d0085777a69b241e0aecfb8f846de17ec9f872695857e4dba45a777a7b9804
7133,178.325,2.2288,329.4849,False,12,mechanical_001,79d0085777a69b241e0aecfb8f846de17ec9f872695857e4dba45a777a7b9804
7134,178.35,2.2292,329.754,False,12,mechanical_001,79d0085777a69b241e0aecfb8f846de17ec9f872695857e4dba45a777a7b9804
7135,178.375,2.2295,330.0193,False,12,mechanical_001,79d0085777a69b241e0aecfb8f846de17ec9f872695857e4dba45a777a7b9804
7136,178.4,2.2298,330.2795,False,12,mechanical_001,79d0085777a69b241e0aecfb8f846de17ec9f872695857e4dba45a777a7b9804
7137,178.425,2.2301,330.5237,False,12,mechanical_001,79d0085777a69b241e0aecfb8f846de17ec9f872695857e4dba45a777a7b9804
7138,178.45,2.2304,330.7495,False,12,mechanical_001,79d0085777a69b241e0aecfb8f846de17ec9f872695857e4dba45a777a7b9804
7139,178.475,2.2307,330.9843,False,12,mechanical_001,79d0085777a69b241e0aecfb8f846de17ec9f872695857e4dba45a777a7b9804
7140,178.5,2.231,331.2321,False,12,mechanical_001,79d0085777a69b241e0aecfb8f846de17ec9f872695857e4dba45a777a7b9804
7141,178.525,2.2313,331.4789,False,12,mechanical_001,79d0085777a69b241e0aecfb8f846de17ec9f872695857e4dba45a777a7b9804
7142,178.55,2.2316,331.7257,False,12,mechanical_001,79d0085777a69b241e0aecfb8f846de17ec9f872695857e4dba45a777a7b9804
7143,178.575,2.2319,331.9708,False,12,mechanical_001,79d0085777a69b241e0aecfb8f846de17ec9f872695857e4dba45a777a7b9804
7144,178.6,2.2322,332.2273,False,12,mechanical_001,79d0085777a69b241e0aecfb8f846de17ec9f872695857e4dba45a777a7b9804
7145,178.625,2.2326,332.4992,False,12,mechanical_001,79d0085777a69b241e0aecfb8f846de17ec9f872695857e4dba45a777a7b9804
7146,178.65,2.2329,332.7732,False,12,mechanical_001,79d0085777a69b241e0aecfb8f846de17ec9f872695857e4dba45a777a7b9804
7147,178.675,2.2332,333.0399,False,12,mechanical_001,79d0085777a69b241e0aecfb8f846de17ec9f872695857e4dba45a777a7b9804
7148,178.7,2.2335,333.3011,False,12,mechanical_001,79d0085777a69b241e0aecfb8f846de17ec9f872695857e4dba45a777a7b9804
7149,178.725,2.2338,333.5662,False,12,mechanical_001,79d0085777a69b241e0aecfb8f846de17ec9f872695857e4dba45a777a7b9804
7150,178.75,2.2341,333.828,False,12,mechanical_001,79d0085777a69b241e0aecfb8f846de17ec9f872695857e4dba45a777a7b9804
7151,178.775,2.2344,334.0807,False,12,mechanical_001,79d0085777a69b241e0aecfb8f846de17ec9f872695857e4dba45a777a7b9804
7152,178.8,2.2347,334.3351,False,12,mechanical_001,79d0085777a69b241e0aecfb8f846de17ec9f872695857e4dba45a777a7b9804
7153,178.825,2.235,334.6031,False,12,mechanical_001,79d0085777a69b241e0aecfb8f846de17ec9f872695857e4dba45a777a7b9804
7154,178.85,2.2354,334.8781,False,12,mechanical_001,79d0085777a69b241e0aecfb8f846de17ec9f872695857e4dba45a777a7b9804
7155,178.875,2.2357,335.1549,False,12,mechanical_001,79d0085777a69b241e0aecfb8f846de17ec9f872695857e4dba45a777a7b9804
7156,178.9,2.236,335.4219,False,12,mechanical_001,79d0085777a69b241e0aecfb8f846de17ec9f872695857e4dba45a777a7b9804
7157,178.925,2.2363,335.69,False,12,mechanical_001,79d0085777a69b241e0aecfb8f846de17ec9f872695857e4dba45a777a7b9804
7158,178.95,2.2366,335.955,False,12,mechanical_001,79d0085777a69b241e0aecfb8f846de17ec9f872695857e4dba45a777a7b9804
7159,178.975,2.2369,336.2183,False,12,mechanical_001,79d0085777a69b241e0aecfb8f846de17ec9f872695857e4dba45a777a7b9804
7160,179.0,2.2372,336.4853,False,12,mechanical_001,79d0085777a69b241e0aecfb8f846de17ec9f872695857e4dba45a777a7b9804
7161,179.025,2.2375,336.762,False,12,mechanical_001,79d0085777a69b241e0aecfb8f846de17ec9f872695857e4dba45a777a7b9804
7162,179.05,2.2379,337.0327,False,12,mechanical_001,79d0085777a69b241e0aecfb8f846de17ec9f872695857e4dba45a777a7b9804
7163,179.075,2.2382,337.3107,False,12,mechanical_001,79d0085777a69b241e0aecfb8f846de17ec9f872695857e4dba45a777a7b9804
7164,179.1,2.2385,337.5885,False,12,mechanical_001,79d0085777a69b241e0aecfb8f846de17ec9f872695857e4dba45a777a7b9804
7165,179.125,2.2388,337.8426,False,12,mechanical_001,79d0085777a69b241e0aecfb8f846de17ec9f872695857e4dba45a777a7b9804
7166,179.15,2.2391,338.0898,False,12,mechanical_001,79d0085777a69b241e0aecfb8f846de17ec9f872695857e4dba45a777a7b9804
7167,179.175,2.2394,338.3262,False,12,mechanical_001,79d0085777a69b241e0aecfb8f846de17ec9f872695857e4dba45a777a7b9804
7168,179.2,2.2397,338.5699,False,12,mechanical_001,79d0085777a69b241e0aecfb8f846de17ec9f872695857e4dba45a777a7b9804
7169,179.225,2.24,338.8124,False,12,mechanical_001,79d0085777a69b241e0aecfb8f846de17ec9f872695857e4dba45a777a7b9804
7170,179.25,2.2403,339.0559,False,12,mechanical_001,79d0085777a69b241e0aecfb8f846de17ec9f872695857e4dba45a777a7b9804
7171,179.275,2.2406,339.2956,False,12,mechanical_001,79d0085777a69b241e0aecfb8f846de17ec9f872695857e4dba45a777a7b9804
7172,179.3,2.2409,339.5137,False,12,mechanical_001,79d0085777a69b241e0aecfb8f846de17ec9f872695857e4dba45a777a7b9804
7173,179.325,2.2412,339.7134,False,12,mechanical_001,79d0085777a69b241e0aecfb8f846de17ec9f872695857e4dba45a777a7b9804
7174,179.35,2.2415,339.9081,False,12,mechanical_001,79d0085777a69b241e0aecfb8f846de17ec9f872695857e4dba45a777a7b9804
7175,179.375,2.2418,340.0862,False,12,mechanical_001,79d0085777a69b241e0aecfb8f846de17ec9f872695857e4dba45a777a7b9804
7176,179.4,2.2421,340.2445,False,12,mechanical_001,79d0085777a69b241e0aecfb8f846de17ec9f872695857e4dba45a777a7b9804
7177,179.425,2.2424,340.4034,False,12,mechanical_001,79d0085777a69b241e0aecfb8f846de17ec9f872695857e4dba45a777a7b9804
7178,179.45,2.2427,340.5704,False,12,mechanical_001,79d0085777a69b241e0aecfb8f846de17ec9f872695857e4dba45a777a7b9804
7179,179.475,2.243,340.7677,False,12,mechanical_001,79d0085777a69b241e0aecfb8f846de17ec9f872695857e4dba45a777a7b9804
7180,179.5,2.2433,340.9919,False,12,mechanical_001,79d0085777a69b241e0aecfb8f846de17ec9f872695857e4dba45a777a7b9804
7181,179.525,2.2436,341.2462,False,12,mechanical_001,79d0085777a69b241e0aecfb8f846de17ec9f872695857e4dba45a777a7b9804
7182,179.55,2.2439,341.5229,False,12,mechanical_001,79d0085777a69b241e0aecfb8f846de17ec9f872695857e4dba45a777a7b9804
7183,179.575,2.2442,341.8179,False,12,mechanical_001,79d0085777a69b241e0aecfb8f846de17ec9f872695857e4dba45a777a7b9804
7184,179.6,2.2446,342.1051,False,12,mechanical_001,79d0085777a69b241e0aecfb8f846de17ec9f872695857e4dba45a777a7b9804
7185,179.625,2.2449,342.3809,False,12,mechanical_001,79d0085777a69b241e0aecfb8f846de17ec9f872695857e4dba45a777a7b9804
7186,179.65,2.2452,342.6427,False,12,mechanical_001,79d0085777a69b241e0aecfb8f846de17ec9f872695857e4dba45a777a7b9804
7187,179.675,2.2455,342.8981,False,12,mechanical_001,79d0085777a69b241e0aecfb8f846de17ec9f872695857e4dba45a777a7b9804
7188,179.7,2.2458,343.1416,False,12,mechanical_001,79d0085777a69b241e0aecfb8f846de17ec9f872695857e4dba45a777a7b9804
7189,179.725,2.2461,343.3799,False,12,mechanical_001,79d0085777a69b241e0aecfb8f846de17ec9f872695857e4dba45a777a7b9804
7190,179.75,2.2464,343.6174,False,12,mechanical_001,79d0085777a69b241e0aecfb8f846de17ec9f872695857e4dba45a777a7b9804
7191,179.775,2.2467,343.8586,False,12,mechanical_001,79d0085777a69b241e0aecfb8f846de17ec9f872695857e4dba45a777a7b9804
7192,179.8,2.247,344.1206,False,12,mechanical_001,79d0085777a69b241e0aecfb8f846de17ec9f872695857e4dba45a777a7b9804
7193,179.825,2.2473,344.3931,False,12,mechanical_001,79d0085777a69b241e0aecfb8f846de17ec9f872695857e4dba45a777a7b9804
7194,179.85,2.2477,344.6784,False,12,mechanical_001,79d0085777a69b241e0aecfb8f846de17ec9f872695857e4dba45a777a7b9804
7195,179.875,2.248,344.9732,False,12,mechanical_001,79d0085777a69b241e0aecfb8f846de17ec9f872695857e4dba45a777a7b9804
7196,179.9,2.2483,345.2617,False,12,mechanical_001,79d0085777a69b241e0aecfb8f846de17ec9f872695857e4dba45a777a7b9804
7197,179.925,2.2486,345.5381,False,12,mechanical_001,79d0085777a69b241e0aecfb8f846de17ec9f872695857e4dba45a777a7b9804
7198,179.95,2.2489,345.8057,False,12,mechanical_001,79d0085777a69b241e0aecfb8f846de17ec9f872695857e4dba45a777a7b9804
7199,179.975,2.2492,346.0603,False,12,mechanical_001,79d0085777a69b241e0aecfb8f846de17ec9f872695857e4dba45a777a7b9804
7200,180.0,2.2496,346.2958,False,12,mechanical_001,79d0085777a69b241e0aecfb8f846de17ec9f872695857e4dba45a777a7b9804
7201,180.025,2.2499,346.5141,False,12,mechanical_001,79d0085777a69b241e0aecfb8f846de17ec9f872695857e4dba45a777a7b9804
7202,180.05,2.2502,346.7451,False,12,mechanical_001,79d0085777a69b241e0aecfb8f846de17ec9f872695857e4dba45a777a7b9804
7203,180.075,2.2505,346.998,False,12,mechanical_001,79d0085777a69b241e0aecfb8f846de17ec9f872695857e4dba45a777a7b9804
7204,180.1,2.2508,347.2726,False,12,mechanical_001,79d0085777a69b241e0aecfb8f846de17ec9f872695857e4dba45a777a7b9804
7205,180.125,2.2511,347.5633,False,12,mechanical_001,79d0085777a69b241e0aecfb8f846de17ec9f872695857e4dba45a777a7b9804
7206,180.15,2.2514,347.8457,False,12,mechanical_001,79d0085777a69b241e0aecfb8f846de17ec9f872695857e4dba45a777a7b9804
7207,180.175,2.2518,348.0968,False,12,mechanical_001,79d0085777a69b241e0aecfb8f846de17ec9f872695857e4dba45a777a7b9804
7208,180.2,2.2521,348.3211,False,12,mechanical_001,79d0085777a69b241e0aecfb8f846de17ec9f872695857e4dba45a777a7b9804
7209,180.225,2.2524,348.5682,False,12,mechanical_001,79d0085777a69b241e0aecfb8f846de17ec9f872695857e4dba45a777a7b9804
7210,180.25,2.2527,348.8267,False,12,mechanical_001,79d0085777a69b241e0aecfb8f846de17ec9f872695857e4dba45a777a7b9804
7211,180.275,2.253,349.0672,False,12,mechanical_001,79d0085777a69b241e0aecfb8f846de17ec9f872695857e4dba45a777a7b9804
7212,180.3,2.2533,349.2931,False,12,mechanical_001,79d0085777a69b241e0aecfb8f846de17ec9f872695857e4dba45a777a7b9804
7213,180.325,2.2536,349.514,False,12,mechanical_001,79d0085777a69b241e0aecfb8f846de17ec9f872695857e4dba45a777a7b9804
7214,180.35,2.2539,349.7376,False,12,mechanical_001,79d0085777a69b241e0aecfb8f846de17ec9f872695857e4dba45a777a7b9804
7215,180.375,2.2542,349.9654,False,12,mechanical_001,79d0085777a69b241e0aecfb8f846de17ec9f872695857e4dba45a777a7b9804
7216,180.4,2.2546,350.2034,False,12,mechanical_001,79d0085777a69b241e0aecfb8f846de17ec9f872695857e4dba45a777a7b9804
7217,180.425,2.2549,350.4353,False,12,mechanical_001,79d0085777a69b241e0aecfb8f846de17ec9f872695857e4dba45a777a7b9804
7218,180.45,2.2552,350.6643,False,12,mechanical_001,79d0085777a69b241e0aecfb8f846de17ec9f872695857e4dba45a777a7b9804
7219,180.475,2.2555,350.8772,False,12,mechanical_001,79d0085777a69b241e0aecfb8f846de17ec9f872695857e4dba45a777a7b9804
7220,180.5,2.2558,351.1184,False,12,mechanical_001,79d0085777a69b241e0aecfb8f846de17ec9f872695857e4dba45a777a7b9804
7221,180.525,2.2561,351.3759,False,12,mechanical_001,79d0085777a69b241e0aecfb8f846de17ec9f872695857e4dba45a777a7b9804
7222,180.55,2.2565,351.6208,False,12,mechanical_001,79d0085777a69b241e0aecfb8f846de17ec9f872695857e4dba45a777a7b9804
7223,180.575,2.2568,351.8656,False,12,mechanical_001,79d0085777a69b241e0aecfb8f846de17ec9f872695857e4dba45a777a7b9804
7224,180.6,2.2571,352.1099,False,12,mechanical_001,79d0085777a69b241e0aecfb8f846de17ec9f872695857e4dba45a777a7b9804
7225,180.625,2.2574,352.3706,False,12,mechanical_001,79d0085777a69b241e0aecfb8f846de17ec9f872695857e4dba45a777a7b9804
7226,180.65,2.2577,352.6411,False,12,mechanical_001,79d0085777a69b241e0aecfb8f846de17ec9f872695857e4dba45a777a7b9804
7227,180.675,2.258,352.9123,False,12,mechanical_001,79d0085777a69b241e0aecfb8f846de17ec9f872695857e4dba45a777a7b9804
7228,180.7,2.2584,353.1877,False,12,mechanical_001,79d0085777a69b241e0aecfb8f846de17ec9f872695857e4dba45a777a7b9804
7229,180.725,2.2587,353.4681,False,12,mechanical_001,79d0085777a69b241e0aecfb8f846de17ec9f872695857e4dba45a777a7b9804
7230,180.75,2.259,353.7616,False,12,mechanical_001,79d0085777a69b241e0aecfb8f846de17ec9f872695857e4dba45a777a7b9804
7231,180.775,2.2593,354.0585,False,12,mechanical_001,79d0085777a69b241e0aecfb8f846de17ec9f872695857e4dba45a777a7b9804
7232,180.8,2.2597,354.3558,False,12,mechanical_001,79d0085777a69b241e0aecfb8f846de17ec9f872695857e4dba45a777a7b9804
7233,180.825,2.26,354.643,False,12,mechanical_001,79d0085777a69b241e0aecfb8f846de17ec9f872695857e4dba45a777a7b9804
7234,180.85,2.2603,354.9201,False,12,mechanical_001,79d0085777a69b241e0aecfb8f846de17ec9f872695857e4dba45a777a7b9804
7235,180.875,2.2606,355.196,False,12,mechanical_001,79d0085777a69b241e0aecfb8f846de17ec9f872695857e4dba45a777a7b9804
7236,180.9,2.261,355.4763,False,12,mechanical_001,79d0085777a69b241e0aecfb8f846de17ec9f872695857e4dba45a777a7b9804
7237,180.925,2.2613,355.7621,False,12,mechanical_001,79d0085777a69b241e0aecfb8f846de17ec9f872695857e4dba45a777a7b9804
7238,180.95,2.2616,356.0402,False,12,mechanical_001,79d0085777a69b241e0aecfb8f846de17ec9f872695857e4dba45a777a7b9804
7239,180.975,2.2619,356.3048,False,12,mechanical_001,79d0085777a69b241e0aecfb8f846de17ec9f872695857e4dba45a777a7b9804
7240,181.0,2.2622,356.5517,False,12,mechanical_001,79d0085777a69b241e0aecfb8f846de17ec9f872695857e4dba45a777a7b9804
7241,181.025,2.2626,356.7982,False,12,mechanical_001,79d0085777a69b241e0aecfb8f846de17ec9f872695857e4dba45a777a7b9804
7242,181.05,2.2629,357.0395,False,12,mechanical_001,79d0085777a69b241e0aecfb8f846de17ec9f872695857e4dba45a777a7b9804
7243,181.075,2.2632,357.2541,False,12,mechanical_001,79d0085777a69b241e0aecfb8f846de17ec9f872695857e4dba45a777a7b9804
7244,181.1,2.2635,357.4513,False,12,mechanical_001,79d0085777a69b241e0aecfb8f846de17ec9f872695857e4dba45a777a7b9804
7245,181.125,2.2638,357.6526,False,12,mechanical_001,79d0085777a69b241e0aecfb8f846de17ec9f872695857e4dba45a777a7b9804
7246,181.15,2.2641,357.8578,False,12,mechanical_001,79d0085777a69b241e0aecfb8f846de17ec9f872695857e4dba45a777a7b9804
7247,181.175,2.2644,358.068,False,12,mechanical_001,79d0085777a69b241e0aecfb8f846de17ec9f872695857e4dba45a777a7b9804
7248,181.2,2.2647,358.2761,False,12,mechanical_001,79d0085777a69b241e0aecfb8f846de17ec9f872695857e4dba45a777a7b9804
7249,181.225,2.265,358.456,False,12,mechanical_001,79d0085777a69b241e0aecfb8f846de17ec9f872695857e4dba45a777a7b9804
7250,181.25,2.2653,358.6263,False,12,mechanical_001,79d0085777a69b241e0aecfb8f846de17ec9f872695857e4dba45a777a7b9804
7251,181.275,2.2656,358.7988,False,12,mechanical_001,79d0085777a69b241e0aecfb8f846de17ec9f872695857e4dba45a777a7b9804
7252,181.3,2.2659,358.9676,False,12,mechanical_001,79d0085777a69b241e0aecfb8f846de17ec9f872695857e4dba45a777a7b9804
7253,181.325,2.2661,359.1244,False,12,mechanical_001,79d0085777a69b241e0aecfb8f846de17ec9f872695857e4dba45a777a7b9804
7254,181.35,2.2664,359.2836,False,12,mechanical_001,79d0085777a69b241e0aecfb8f846de17ec9f872695857e4dba45a777a7b9804
7255,181.375,2.2667,359.4658,False,12,mechanical_001,79d0085777a69b241e0aecfb8f846de17ec9f872695857e4dba45a777a7b9804
7256,181.4,2.267,359.6736,False,12,mechanical_001,79d0085777a69b241e0aecfb8f846de17ec9f872695857e4dba45a777a7b9804
7257,181.425,2.2673,359.9115,False,12,mechanical_001,79d0085777a69b241e0aecfb8f846de17ec9f872695857e4dba45a777a7b9804
7258,181.45,2.2677,360.1745,False,12,mechanical_001,79d0085777a69b241e0aecfb8f846de17ec9f872695857e4dba45a777a7b9804
7259,181.475,2.268,360.4635,False,12,mechanical_001,79d0085777a69b241e0aecfb8f846de17ec9f872695857e4dba45a777a7b9804
7260,181.5,2.2683,360.7552,False,12,mechanical_001,79d0085777a69b241e0aecfb8f846de17ec9f872695857e4dba45a777a7b9804
7261,181.525,2.2686,361.0254,False,12,mechanical_001,79d0085777a69b241e0aecfb8f846de17ec9f872695857e4dba45a777a7b9804
7262,181.55,2.2689,361.2814,False,12,mechanical_001,79d0085777a69b241e0aecfb8f846de17ec9f872695857e4dba45a777a7b9804
7263,181.575,2.2692,361.5082,False,12,mechanical_001,79d0085777a69b241e0aecfb8f846de17ec9f872695857e4dba45a777a7b9804
7264,181.6,2.2695,361.7253,False,12,mechanical_001,79d0085777a69b241e0aecfb8f846de17ec9f872695857e4dba45a777a7b9804
7265,181.625,2.2698,361.9379,False,12,mechanical_001,79d0085777a69b241e0aecfb8f846de17ec9f872695857e4dba45a777a7b9804
7266,181.65,2.2701,362.1509,False,12,mechanical_001,79d0085777a69b241e0aecfb8f846de17ec9f872695857e4dba45a777a7b9804
7267,181.675,2.2705,362.3619,False,12,mechanical_001,79d0085777a69b241e0aecfb8f846de17ec9f872695857e4dba45a777a7b9804
7268,181.7,2.2708,362.5775,False,12,mechanical_001,79d0085777a69b241e0aecfb8f846de17ec9f872695857e4dba45a777a7b9804
7269,181.725,2.2711,362.7964,False,12,mechanical_001,79d0085777a69b241e0aecfb8f846de17ec9f872695857e4dba45a777a7b9804
7270,181.75,2.2714,362.9999,False,12,mechanical_001,79d0085777a69b241e0aecfb8f846de17ec9f872695857e4dba45a777a7b9804
7271,181.775,2.2717,363.2116,False,12,mechanical_001,79d0085777a69b241e0aecfb8f846de17ec9f872695857e4dba45a777a7b9804
7272,181.8,2.272,363.424,False,12,mechanical_001,79d0085777a69b241e0aecfb8f846de17ec9f872695857e4dba45a777a7b9804
7273,181.825,2.2723,363.6488,False,12,mechanical_001,79d0085777a69b241e0aecfb8f846de17ec9f872695857e4dba45a777a7b9804
7274,181.85,2.2726,363.8791,False,12,mechanical_001,79d0085777a69b241e0aecfb8f846de17ec9f872695857e4dba45a777a7b9804
7275,181.875,2.2729,364.1079,False,12,mechanical_001,79d0085777a69b241e0aecfb8f846de17ec9f872695857e4dba45a777a7b9804
7276,181.9,2.2732,364.3429,False,12,mechanical_001,79d0085777a69b241e0aecfb8f846de17ec9f872695857e4dba45a777a7b9804
7277,181.925,2.2735,364.5892,False,12,mechanical_001,79d0085777a69b241e0aecfb8f846de17ec9f872695857e4dba45a777a7b9804
7278,181.95,2.2738,364.8492,False,12,mechanical_001,79d0085777a69b241e0aecfb8f846de17ec9f872695857e4dba45a777a7b9804
7279,181.975,2.2742,365.1055,False,12,mechanical_001,79d0085777a69b241e0aecfb8f846de17ec9f872695857e4dba45a777a7b9804
7280,182.0,2.2745,365.3527,False,12,mechanical_001,79d0085777a69b241e0aecfb8f846de17ec9f872695857e4dba45a777a7b9804
7281,182.025,2.2748,365.583,False,12,mechanical_001,79d0085777a69b241e0aecfb8f846de17ec9f872695857e4dba45a777a7b9804
7282,182.05,2.2751,365.7886,False,12,mechanical_001,79d0085777a69b241e0aecfb8f846de17ec9f872695857e4dba45a777a7b9804
7283,182.075,2.2754,365.9854,False,12,mechanical_001,79d0085777a69b241e0aecfb8f846de17ec9f872695857e4dba45a777a7b9804
7284,182.1,2.2757,366.1681,False,12,mechanical_001,79d0085777a69b241e0aecfb8f846de17ec9f872695857e4dba45a777a7b9804
7285,182.125,2.276,366.3254,False,12,mechanical_001,79d0085777a69b241e0aecfb8f846de17ec9f872695857e4dba45a777a7b9804
7286,182.15,2.2763,366.4704,False,12,mechanical_001,79d0085777a69b241e0aecfb8f846de17ec9f872695857e4dba45a777a7b9804
7287,182.175,2.2766,366.624,False,12,mechanical_001,79d0085777a69b241e0aecfb8f846de17ec9f872695857e4dba45a777a7b9804
7288,182.2,2.2769,366.8127,False,12,mechanical_001,79d0085777a69b241e0aecfb8f846de17ec9f872695857e4dba45a777a7b9804
7289,182.225,2.2772,367.0403,False,12,mechanical_001,79d0085777a69b241e0aecfb8f846de17ec9f872695857e4dba45a777a7b9804
7290,182.25,2.2775,367.2971,False,12,mechanical_001,79d0085777a69b241e0aecfb8f846de17ec9f872695857e4dba45a777a7b9804
7291,182.275,2.2778,367.5619,False,12,mechanical_001,79d0085777a69b241e0aecfb8f846de17ec9f872695857e4dba45a777a7b9804
7292,182.3,2.2781,367.8353,False,12,mechanical_001,79d0085777a69b241e0aecfb8f846de17ec9f872695857e4dba45a777a7b9804
7293,182.325,2.2785,368.0921,False,12,mechanical_001,79d0085777a69b241e0aecfb8f846de17ec9f872695857e4dba45a777a7b9804
7294,182.35,2.2788,368.3221,False,12,mechanical_001,79d0085777a69b241e0aecfb8f846de17ec9f872695857e4dba45a777a7b9804
7295,182.375,2.2791,368.5344,False,12,mechanical_001,79d0085777a69b241e0aecfb8f846de17ec9f872695857e4dba45a777a7b9804
7296,182.4,2.2794,368.7378,False,12,mechanical_001,79d0085777a69b241e0aecfb8f846de17ec9f872695857e4dba45a777a7b9804
7297,182.425,2.2797,368.9512,False,12,mechanical_001,79d0085777a69b241e0aecfb8f846de17ec9f872695857e4dba45a777a7b9804
7298,182.45,2.28,369.1754,False,12,mechanical_001,79d0085777a69b241e0aecfb8f846de17ec9f872695857e4dba45a777a7b9804
7299,182.475,2.2803,369.4088,False,12,mechanical_001,79d0085777a69b241e0aecfb8f846de17ec9f872695857e4dba45a777a7b9804
7300,182.5,2.2807,369.6481,False,12,mechanical_001,79d0085777a69b241e0aecfb8f846de17ec9f872695857e4dba45a777a7b9804
7301,182.525,2.281,369.8975,False,12,mechanical_001,79d0085777a69b241e0aecfb8f846de17ec9f872695857e4dba45a777a7b9804
7302,182.55,2.2813,370.1781,False,12,mechanical_001,79d0085777a69b241e0aecfb8f846de17ec9f872695857e4dba45a777a7b9804
7303,182.575,2.2816,370.4777,False,12,mechanical_001,79d0085777a69b241e0aecfb8f846de17ec9f872695857e4dba45a777a7b9804
7304,182.6,2.282,370.7634,False,12,mechanical_001,79d0085777a69b241e0aecfb8f846de17ec9f872695857e4dba45a777a7b9804
7305,182.625,2.2823,371.038,False,12,mechanical_001,79d0085777a69b241e0aecfb8f846de17ec9f872695857e4dba45a777a7b9804
7306,182.65,2.2826,371.3166,False,12,mechanical_001,79d0085777a69b241e0aecfb8f846de17ec9f872695857e4dba45a777a7b9804
7307,182.675,2.2829,371.5805,False,12,mechanical_001,79d0085777a69b241e0aecfb8f846de17ec9f872695857e4dba45a777a7b9804
7308,182.7,2.2833,371.8258,False,12,mechanical_001,79d0085777a69b241e0aecfb8f846de17ec9f872695857e4dba45a777a7b9804
7309,182.725,2.2836,372.0585,False,12,mechanical_001,79d0085777a69b241e0aecfb8f846de17ec9f872695857e4dba45a777a7b9804
7310,182.75,2.2839,372.292,False,12,mechanical_001,79d0085777a69b241e0aecfb8f846de17ec9f872695857e4dba45a777a7b9804
7311,182.775,2.2842,372.5154,False,12,mechanical_001,79d0085777a69b241e0aecfb8f846de17ec9f872695857e4dba45a777a7b9804
7312,182.8,2.2845,372.7413,False,12,mechanical_001,79d0085777a69b241e0aecfb8f846de17ec9f872695857e4dba45a777a7b9804
7313,182.825,2.2848,372.9561,False,12,mechanical_001,79d0085777a69b241e0aecfb8f846de17ec9f872695857e4dba45a777a7b9804
7314,182.85,2.2852,373.151,False,12,mechanical_001,79d0085777a69b241e0aecfb8f846de17ec9f872695857e4dba45a777a7b9804
7315,182.875,2.2855,373.3326,False,12,mechanical_001,79d0085777a69b241e0aecfb8f846de17ec9f872695857e4dba45a777a7b9804
7316,182.9,2.2858,373.5091,False,12,mechanical_001,79d0085777a69b241e0aecfb8f846de17ec9f872695857e4dba45a777a7b9804
7317,182.925,2.2861,373.6927,False,12,mechanical_001,79d0085777a69b241e0aecfb8f846de17ec9f872695857e4dba45a777a7b9804
7318,182.95,2.2864,373.8809,False,12,mechanical_001,79d0085777a69b241e0aecfb8f846de17ec9f872695857e4dba45a777a7b9804
7319,182.975,2.2867,374.0776,False,12,mechanical_001,79d0085777a69b241e0aecfb8f846de17ec9f872695857e4dba45a777a7b9804
7320,183.0,2.287,374.2915,False,12,mechanical_001,79d0085777a69b241e0aecfb8f846de17ec9f872695857e4dba45a777a7b9804
7321,183.025,2.2873,374.5385,False,12,mechanical_001,79d0085777a69b241e0aecfb8f846de17ec9f872695857e4dba45a777a7b9804
7322,183.05,2.2877,374.8063,False,12,mechanical_001,79d0085777a69b241e0aecfb8f846de17ec9f872695857e4dba45a777a7b9804
7323,183.075,2.288,375.06,False,12,mechanical_001,79d0085777a69b241e0aecfb8f846de17ec9f872695857e4dba45a777a7b9804
7324,183.1,2.2883,375.2907,False,12,mechanical_001,79d0085777a69b241e0aecfb8f846de17ec9f872695857e4dba45a777a7b9804
7325,183.125,2.2886,375.5146,False,12,mechanical_001,79d0085777a69b241e0aecfb8f846de17ec9f872695857e4dba45a777a7b9804
7326,183.15,2.289,375.7322,False,12,mechanical_001,79d0085777a69b241e0aecfb8f846de17ec9f872695857e4dba45a777a7b9804
7327,183.175,2.2893,375.9436,False,12,mechanical_001,79d0085777a69b241e0aecfb8f846de17ec9f872695857e4dba45a777a7b9804
7328,183.2,2.2896,376.1587,False,12,mechanical_001,79d0085777a69b241e0aecfb8f846de17ec9f872695857e4dba45a777a7b9804
7329,183.225,2.2899,376.3839,False,12,mechanical_001,79d0085777a69b241e0aecfb8f846de17ec9f872695857e4dba45a777a7b9804
7330,183.25,2.2902,376.6077,False,12,mechanical_001,79d0085777a69b241e0aecfb8f846de17ec9f872695857e4dba45a777a7b9804
7331,183.275,2.2905,376.8237,False,12,mechanical_001,79d0085777a69b241e0aecfb8f846de17ec9f872695857e4dba45a777a7b9804
7332,183.3,2.2909,377.0415,False,12,mechanical_001,79d0085777a69b241e0aecfb8f846de17ec9f872695857e4dba45a777a7b9804
7333,183.325,2.2912,377.2493,False,12,mechanical_001,79d0085777a69b241e0aecfb8f846de17ec9f872695857e4dba45a777a7b9804
7334,183.35,2.2915,377.4623,False,12,mechanical_001,79d0085777a69b241e0aecfb8f846de17ec9f872695857e4dba45a777a7b9804
7335,183.375,2.2918,377.689,False,12,mechanical_001,79d0085777a69b241e0aecfb8f846de17ec9f872695857e4dba45a777a7b9804
7336,183.4,2.2921,377.9207,False,12,mechanical_001,79d0085777a69b241e0aecfb8f846de17ec9f872695857e4dba45a777a7b9804
7337,183.425,2.2925,378.1642,False,12,mechanical_001,79d0085777a69b241e0aecfb8f846de17ec9f872695857e4dba45a777a7b9804
7338,183.45,2.2928,378.4153,False,12,mechanical_001,79d0085777a69b241e0aecfb8f846de17ec9f872695857e4dba45a777a7b9804
7339,183.475,2.2931,378.6732,False,12,mechanical_001,79d0085777a69b241e0aecfb8f846de17ec9f872695857e4dba45a777a7b9804
7340,183.5,2.2935,378.9406,False,12,mechanical_001,79d0085777a69b241e0aecfb8f846de17ec9f872695857e4dba45a777a7b9804
7341,183.525,2.2938,379.1962,False,12,mechanical_001,79d0085777a69b241e0aecfb8f846de17ec9f872695857e4dba45a777a7b9804
7342,183.55,2.2941,379.4595,False,12,mechanical_001,79d0085777a69b241e0aecfb8f846de17ec9f872695857e4dba45a777a7b9804
7343,183.575,2.2945,379.6942,False,12,mechanical_001,79d0085777a69b241e0aecfb8f846de17ec9f872695857e4dba45a777a7b9804
7344,183.6,2.2948,379.8908,False,12,mechanical_001,79d0085777a69b241e0aecfb8f846de17ec9f872695857e4dba45a777a7b9804
7345,183.625,2.2951,380.0538,False,12,mechanical_001,79d0085777a69b241e0aecfb8f846de17ec9f872695857e4dba45a777a7b9804
7346,183.65,2.2954,380.1971,False,12,mechanical_001,79d0085777a69b241e0aecfb8f846de17ec9f872695857e4dba45a777a7b9804
7347,183.675,2.2957,380.3378,False,12,mechanical_001,79d0085777a69b241e0aecfb8f846de17ec9f872695857e4dba45a777a7b9804
7348,183.7,2.296,380.484,False,12,mechanical_001,79d0085777a69b241e0aecfb8f846de17ec9f872695857e4dba45a777a7b9804
7349,183.725,2.2963,380.6532,False,12,mechanical_001,79d0085777a69b241e0aecfb8f846de17ec9f872695857e4dba45a777a7b9804
7350,183.75,2.2966,380.8384,False,12,mechanical_001,79d0085777a69b241e0aecfb8f846de17ec9f872695857e4dba45a777a7b9804
7351,183.775,2.2969,381.0252,False,12,mechanical_001,79d0085777a69b241e0aecfb8f846de17ec9f872695857e4dba45a777a7b9804
7352,183.8,2.2972,381.223,False,12,mechanical_001,79d0085777a69b241e0aecfb8f846de17ec9f872695857e4dba45a777a7b9804
7353,183.825,2.2976,381.4364,False,12,mechanical_001,79d0085777a69b241e0aecfb8f846de17ec9f872695857e4dba45a777a7b9804
7354,183.85,2.2979,381.6592,False,12,mechanical_001,79d0085777a69b241e0aecfb8f846de17ec9f872695857e4dba45a777a7b9804
7355,183.875,2.2982,381.8766,False,12,mechanical_001,79d0085777a69b241e0aecfb8f846de17ec9f872695857e4dba45a777a7b9804
7356,183.9,2.2985,382.0935,False,12,mechanical_001,79d0085777a69b241e0aecfb8f846de17ec9f872695857e4dba45a777a7b9804
7357,183.925,2.2988,382.2963,False,12,mechanical_001,79d0085777a69b241e0aecfb8f846de17ec9f872695857e4dba45a777a7b9804
7358,183.95,2.2991,382.4914,False,12,mechanical_001,79d0085777a69b241e0aecfb8f846de17ec9f872695857e4dba45a777a7b9804
7359,183.975,2.2994,382.6804,False,12,mechanical_001,79d0085777a69b241e0aecfb8f846de17ec9f872695857e4dba45a777a7b9804
7360,184.0,2.2997,382.8615,False,12,mechanical_001,79d0085777a69b241e0aecfb8f846de17ec9f872695857e4dba45a777a7b9804
7361,184.025,2.3001,383.0441,False,12,mechanical_001,79d0085777a69b241e0aecfb8f846de17ec9f872695857e4dba45a777a7b9804
7362,184.05,2.3004,383.2397,False,12,mechanical_001,79d0085777a69b241e0aecfb8f846de17ec9f872695857e4dba45a777a7b9804
7363,184.075,2.3007,383.4495,False,12,mechanical_001,79d0085777a69b241e0aecfb8f846de17ec9f872695857e4dba45a777a7b9804
7364,184.1,2.301,383.664,False,12,mechanical_001,79d0085777a69b241e0aecfb8f846de17ec9f872695857e4dba45a777a7b9804
7365,184.125,2.3013,383.8807,False,12,mechanical_001,79d0085777a69b241e0aecfb8f846de17ec9f872695857e4dba45a777a7b9804
7366,184.15,2.3016,384.0917,False,12,mechanical_001,79d0085777a69b241e0aecfb8f846de17ec9f872695857e4dba45a777a7b9804
7367,184.175,2.3019,384.2939,False,12,mechanical_001,79d0085777a69b241e0aecfb8f846de17ec9f872695857e4dba45a777a7b9804
7368,184.2,2.3022,384.5086,False,12,mechanical_001,79d0085777a69b241e0aecfb8f846de17ec9f872695857e4dba45a777a7b9804
7369,184.225,2.3025,384.731,False,12,mechanical_001,79d0085777a69b241e0aecfb8f846de17ec9f872695857e4dba45a777a7b9804
7370,184.25,2.3028,384.9373,False,12,mechanical_001,79d0085777a69b241e0aecfb8f846de17ec9f872695857e4dba45a777a7b9804
7371,184.275,2.3032,385.1238,False,12,mechanical_001,79d0085777a69b241e0aecfb8f846de17ec9f872695857e4dba45a777a7b9804
7372,184.3,2.3035,385.3183,False,12,mechanical_001,79d0085777a69b241e0aecfb8f846de17ec9f872695857e4dba45a777a7b9804
7373,184.325,2.3038,385.5087,False,12,mechanical_001,79d0085777a69b241e0aecfb8f846de17ec9f872695857e4dba45a777a7b9804
7374,184.35,2.3041,385.6858,False,12,mechanical_001,79d0085777a69b241e0aecfb8f846de17ec9f872695857e4dba45a777a7b9804
7375,184.375,2.3044,385.858,False,12,mechanical_001,79d0085777a69b241e0aecfb8f846de17ec9f872695857e4dba45a777a7b9804
7376,184.4,2.3047,386.0212,False,12,mechanical_001,79d0085777a69b241e0aecfb8f846de17ec9f872695857e4dba45a777a7b9804
7377,184.425,2.3049,386.1804,False,12,mechanical_001,79d0085777a69b241e0aecfb8f846de17ec9f872695857e4dba45a777a7b9804
7378,184.45,2.3052,386.319,False,12,mechanical_001,79d0085777a69b241e0aecfb8f846de17ec9f872695857e4dba45a777a7b9804
7379,184.475,2.3055,386.4521,False,12,mechanical_001,79d0085777a69b241e0aecfb8f846de17ec9f872695857e4dba45a777a7b9804
7380,184.5,2.3058,386.5876,False,12,mechanical_001,79d0085777a69b241e0aecfb8f846de17ec9f872695857e4dba45a777a7b9804
7381,184.525,2.3061,386.7335,False,12,mechanical_001,79d0085777a69b241e0aecfb8f846de17ec9f872695857e4dba45a777a7b9804
7382,184.55,2.3064,386.9095,False,12,mechanical_001,79d0085777a69b241e0aecfb8f846de17ec9f872695857e4dba45a777a7b9804
7383,184.575,2.3067,387.1037,False,12,mechanical_001,79d0085777a69b241e0aecfb8f846de17ec9f872695857e4dba45a777a7b9804
7384,184.6,2.307,387.3186,False,12,mechanical_001,79d0085777a69b241e0aecfb8f846de17ec9f872695857e4dba45a777a7b9804
7385,184.625,2.3073,387.5643,False,12,mechanical_001,79d0085777a69b241e0aecfb8f846de17ec9f872695857e4dba45a777a7b9804
7386,184.65,2.3076,387.8256,False,12,mechanical_001,79d0085777a69b241e0aecfb8f846de17ec9f872695857e4dba45a777a7b9804
7387,184.675,2.308,388.097,False,12,mechanical_001,79d0085777a69b241e0aecfb8f846de17ec9f872695857e4dba45a777a7b9804
7388,184.7,2.3083,388.3636,False,12,mechanical_001,79d0085777a69b241e0aecfb8f846de17ec9f872695857e4dba45a777a7b9804
7389,184.725,2.3086,388.6135,False,12,mechanical_001,79d0085777a69b241e0aecfb8f846de17ec9f872695857e4dba45a777a7b9804
7390,184.75,2.3089,388.8632,False,12,mechanical_001,79d0085777a69b241e0aecfb8f846de17ec9f872695857e4dba45a777a7b9804
7391,184.775,2.3092,389.0992,False,12,mechanical_001,79d0085777a69b241e0aecfb8f846de17ec9f872695857e4dba45a777a7b9804
7392,184.8,2.3095,389.3052,False,12,mechanical_001,79d0085777a69b241e0aecfb8f846de17ec9f872695857e4dba45a777a7b9804
7393,184.825,2.3098,389.4563,False,12,mechanical_001,79d0085777a69b241e0aecfb8f846de17ec9f872695857e4dba45a777a7b9804
7394,184.85,2.3101,389.5703,False,12,mechanical_001,79d0085777a69b241e0aecfb8f846de17ec9f872695857e4dba45a777a7b9804
7395,184.875,2.3104,389.7135,False,12,mechanical_001,79d0085777a69b241e0aecfb8f846de17ec9f872695857e4dba45a777a7b9804
7396,184.9,2.3107,389.9252,False,12,mechanical_001,79d0085777a69b241e0aecfb8f846de17ec9f872695857e4dba45a777a7b9804
7397,184.925,2.311,390.181,False,12,mechanical_001,79d0085777a69b241e0aecfb8f846de17ec9f872695857e4dba45a777a7b9804
7398,184.95,2.3113,390.4163,False,12,mechanical_001,79d0085777a69b241e0aecfb8f846de17ec9f872695857e4dba45a777a7b9804
7399,184.975,2.3116,390.6212,False,12,mechanical_001,79d0085777a69b241e0aecfb8f846de17ec9f872695857e4dba45a777a7b9804
7400,185.0,2.3119,390.8343,False,12,mechanical_001,79d0085777a69b241e0aecfb8f846de17ec9f872695857e4dba45a777a7b9804
7401,185.025,2.3123,391.0598,False,12,mechanical_001,79d0085777a69b241e0aecfb8f846de17ec9f872695857e4dba45a777a7b9804
7402,185.05,2.3126,391.2841,False,12,mechanical_001,79d0085777a69b241e0aecfb8f846de17ec9f872695857e4dba45a777a7b9804
7403,185.075,2.3129,391.502,False,12,mechanical_001,79d0085777a69b241e0aecfb8f846de17ec9f872695857e4dba45a777a7b9804
7404,185.1,2.3132,391.679,False,12,mechanical_001,79d0085777a69b241e0aecfb8f846de17ec9f872695857e4dba45a777a7b9804
7405,185.125,2.3135,391.8601,False,12,mechanical_001,79d0085777a69b241e0aecfb8f846de17ec9f872695857e4dba45a777a7b9804
7406,185.15,2.3138,392.0571,False,12,mechanical_001,79d0085777a69b241e0aecfb8f846de17ec9f872695857e4dba45a777a7b9804
7407,185.175,2.3141,392.2667,False,12,mechanical_001,79d0085777a69b241e0aecfb8f846de17ec9f872695857e4dba45a777a7b9804
7408,185.2,2.3144,392.4752,False,12,mechanical_001,79d0085777a69b241e0aecfb8f846de17ec9f872695857e4dba45a777a7b9804
7409,185.225,2.3147,392.6935,False,12,mechanical_001,79d0085777a69b241e0aecfb8f846de17ec9f872695857e4dba45a777a7b9804
7410,185.25,2.315,392.908,False,12,mechanical_001,79d0085777a69b241e0aecfb8f846de17ec9f872695857e4dba45a777a7b9804
7411,185.275,2.3153,393.1229,False,12,mechanical_001,79d0085777a69b241e0aecfb8f846de17ec9f872695857e4dba45a777a7b9804
7412,185.3,2.3156,393.3336,False,12,mechanical_001,79d0085777a69b241e0aecfb8f846de17ec9f872695857e4dba45a777a7b9804
7413,185.325,2.3159,393.5226,False,12,mechanical_001,79d0085777a69b241e0aecfb8f846de17ec9f872695857e4dba45a777a7b9804
7414,185.35,2.3162,393.6977,False,12,mechanical_001,79d0085777a69b241e0aecfb8f846de17ec9f872695857e4dba45a777a7b9804
7415,185.375,2.3165,393.8628,False,12,mechanical_001,79d0085777a69b241e0aecfb8f846de17ec9f872695857e4dba45a777a7b9804
7416,185.4,2.3168,394.0286,False,12,mechanical_001,79d0085777a69b241e0aecfb8f846de17ec9f872695857e4dba45a777a7b9804
7417,185.425,2.3171,394.2146,False,12,mechanical_001,79d0085777a69b241e0aecfb8f846de17ec9f872695857e4dba45a777a7b9804
7418,185.45,2.3175,394.4328,False,12,mechanical_001,79d0085777a69b241e0aecfb8f846de17ec9f872695857e4dba45a777a7b9804
7419,185.475,2.3178,394.6865,False,12,mechanical_001,79d0085777a69b241e0aecfb8f846de17ec9f872695857e4dba45a777a7b9804
7420,185.5,2.3181,394.9641,False,12,mechanical_001,79d0085777a69b241e0aecfb8f846de17ec9f872695857e4dba45a777a7b9804
7421,185.525,2.3184,395.2545,False,12,mechanical_001,79d0085777a69b241e0aecfb8f846de17ec9f872695857e4dba45a777a7b9804
7422,185.55,2.3188,395.5431,False,12,mechanical_001,79d0085777a69b241e0aecfb8f846de17ec9f872695857e4dba45a777a7b9804
7423,185.575,2.3191,395.8233,False,12,mechanical_001,79d0085777a69b241e0aecfb8f846de17ec9f872695857e4dba45a777a7b9804
7424,185.6,2.3194,396.108,False,12,mechanical_001,79d0085777a69b241e0aecfb8f846de17ec9f872695857e4dba45a777a7b9804
7425,185.625,2.3197,396.3877,False,12,mechanical_001,79d0085777a69b241e0aecfb8f846de17ec9f872695857e4dba45a777a7b9804
7426,185.65,2.3201,396.6424,False,12,mechanical_001,79d0085777a69b241e0aecfb8f846de17ec9f872695857e4dba45a777a7b9804
7427,185.675,2.3204,396.895,False,12,mechanical_001,79d0085777a69b241e0aecfb8f846de17ec9f872695857e4dba45a777a7b9804
7428,185.7,2.3207,397.1495,False,12,mechanical_001,79d0085777a69b241e0aecfb8f846de17ec9f872695857e4dba45a777a7b9804
7429,185.725,2.321,397.4084,False,12,mechanical_001,79d0085777a69b241e0aecfb8f846de17ec9f872695857e4dba45a777a7b9804
7430,185.75,2.3214,397.6856,False,12,mechanical_001,79d0085777a69b241e0aecfb8f846de17ec9f872695857e4dba45a777a7b9804
7431,185.775,2.3217,397.9717,False,12,mechanical_001,79d0085777a69b241e0aecfb8f846de17ec9f872695857e4dba45a777a7b9804
7432,185.8,2.322,398.2673,False,12,mechanical_001,79d0085777a69b241e0aecfb8f846de17ec9f872695857e4dba45a777a7b9804
7433,185.825,2.3223,398.5585,False,12,mechanical_001,79d0085777a69b241e0aecfb8f846de17ec9f872695857e4dba45a777a7b9804
7434,185.85,2.3227,398.8446,False,12,mechanical_001,79d0085777a69b241e0aecfb8f846de17ec9f872695857e4dba45a777a7b9804
7435,185.875,2.323,399.1127,False,12,mechanical_001,79d0085777a69b241e0aecfb8f846de17ec9f872695857e4dba45a777a7b9804
7436,185.9,2.3233,399.3612,False,12,mechanical_001,79d0085777a69b241e0aecfb8f846de17ec9f872695857e4dba45a777a7b9804
7437,185.925,2.3236,399.5968,False,12,mechanical_001,79d0085777a69b241e0aecfb8f846de17ec9f872695857e4dba45a777a7b9804
7438,185.95,2.3239,399.8293,False,12,mechanical_001,79d0085777a69b241e0aecfb8f846de17ec9f872695857e4dba45a777a7b9804
7439,185.975,2.3243,400.0618,False,12,mechanical_001,79d0085777a69b241e0aecfb8f846de17ec9f872695857e4dba45a777a7b9804
7440,186.0,2.3246,400.3072,False,12,mechanical_001,79d0085777a69b241e0aecfb8f846de17ec9f872695857e4dba45a777a7b9804
7441,186.025,2.3249,400.5934,False,12,mechanical_001,79d0085777a69b241e0aecfb8f846de17ec9f872695857e4dba45a777a7b9804
7442,186.05,2.3253,400.9405,False,12,mechanical_001,79d0085777a69b241e0aecfb8f846de17ec9f872695857e4dba45a777a7b9804
7443,186.075,2.3256,401.3055,False,12,mechanical_001,79d0085777a69b241e0aecfb8f846de17ec9f872695857e4dba45a777a7b9804
7444,186.1,2.3259,401.6338,False,12,mechanical_001,79d0085777a69b241e0aecfb8f846de17ec9f872695857e4dba45a777a7b9804
7445,186.125,2.3263,401.9177,False,12,mechanical_001,79d0085777a69b241e0aecfb8f846de17ec9f872695857e4dba45a777a7b9804
7446,186.15,2.3266,402.1682,False,12,mechanical_001,79d0085777a69b241e0aecfb8f846de17ec9f872695857e4dba45a777a7b9804
7447,186.175,2.3269,402.4055,False,12,mechanical_001,79d0085777a69b241e0aecfb8f846de17ec9f872695857e4dba45a777a7b9804
7448,186.2,2.3272,402.6555,False,12,mechanical_001,79d0085777a69b241e0aecfb8f846de17ec9f872695857e4dba45a777a7b9804
7449,186.225,2.3276,402.9294,False,12,mechanical_001,79d0085777a69b241e0aecfb8f846de17ec9f872695857e4dba45a777a7b9804
7450,186.25,2.3279,403.1829,False,12,mechanical_001,79d0085777a69b241e0aecfb8f846de17ec9f872695857e4dba45a777a7b9804
7451,186.275,2.3282,403.3972,False,12,mechanical_001,79d0085777a69b241e0aecfb8f846de17ec9f872695857e4dba45a777a7b9804
7452,186.3,2.3285,403.5955,False,12,mechanical_001,79d0085777a69b241e0aecfb8f846de17ec9f872695857e4dba45a777a7b9804
7453,186.325,2.3288,403.8001,False,12,mechanical_001,79d0085777a69b241e0aecfb8f846de17ec9f872695857e4dba45a777a7b9804
7454,186.35,2.3291,404.0054,False,12,mechanical_001,79d0085777a69b241e0aecfb8f846de17ec9f872695857e4dba45a777a7b9804
7455,186.375,2.3294,404.1981,False,12,mechanical_001,79d0085777a69b241e0aecfb8f846de17ec9f872695857e4dba45a777a7b9804
7456,186.4,2.3297,404.3966,False,12,mechanical_001,79d0085777a69b241e0aecfb8f846de17ec9f872695857e4dba45a777a7b9804
7457,186.425,2.3301,404.6095,False,12,mechanical_001,79d0085777a69b241e0aecfb8f846de17ec9f872695857e4dba45a777a7b9804
7458,186.45,2.3304,404.8315,False,12,mechanical_001,79d0085777a69b241e0aecfb8f846de17ec9f872695857e4dba45a777a7b9804
7459,186.475,2.3307,405.051,False,12,mechanical_001,79d0085777a69b241e0aecfb8f846de17ec9f872695857e4dba45a777a7b9804
7460,186.5,2.331,405.2637,False,12,mechanical_001,79d0085777a69b241e0aecfb8f846de17ec9f872695857e4dba45a777a7b9804
7461,186.525,2.3313,405.4765,False,12,mechanical_001,79d0085777a69b241e0aecfb8f846de17ec9f872695857e4dba45a777a7b9804
7462,186.55,2.3316,405.687,False,12,mechanical_001,79d0085777a69b241e0aecfb8f846de17ec9f872695857e4dba45a777a7b9804
7463,186.575,2.3319,405.8914,False,12,mechanical_001,79d0085777a69b241e0aecfb8f846de17ec9f872695857e4dba45a777a7b9804
7464,186.6,2.3322,406.0854,False,12,mechanical_001,79d0085777a69b241e0aecfb8f846de17ec9f872695857e4dba45a777a7b9804
7465,186.625,2.3326,406.2888,False,12,mechanical_001,79d0085777a69b241e0aecfb8f846de17ec9f872695857e4dba45a777a7b9804
7466,186.65,2.3329,406.4939,False,12,mechanical_001,79d0085777a69b241e0aecfb8f846de17ec9f872695857e4dba45a777a7b9804
7467,186.675,2.3332,406.6904,False,12,mechanical_001,79d0085777a69b241e0aecfb8f846de17ec9f872695857e4dba45a777a7b9804
7468,186.7,2.3335,406.8817,False,12,mechanical_001,79d0085777a69b241e0aecfb8f846de17ec9f872695857e4dba45a777a7b9804
7469,186.725,2.3338,407.0635,False,12,mechanical_001,79d0085777a69b241e0aecfb8f846de17ec9f872695857e4dba45a777a7b9804
7470,186.75,2.3341,407.259,False,12,mechanical_001,79d0085777a69b241e0aecfb8f846de17ec9f872695857e4dba45a777a7b9804
7471,186.775,2.3344,407.4653,False,12,mechanical_001,79d0085777a69b241e0aecfb8f846de17ec9f872695857e4dba45a777a7b9804
7472,186.8,2.3347,407.6734,False,12,mechanical_001,79d0085777a69b241e0aecfb8f846de17ec9f872695857e4dba45a777a7b9804
7473,186.825,2.3351,407.8734,False,12,mechanical_001,79d0085777a69b241e0aecfb8f846de17ec9f872695857e4dba45a777a7b9804
7474,186.85,2.3354,408.0703,False,12,mechanical_001,79d0085777a69b241e0aecfb8f846de17ec9f872695857e4dba45a777a7b9804
7475,186.875,2.3357,408.2709,False,12,mechanical_001,79d0085777a69b241e0aecfb8f846de17ec9f872695857e4dba45a777a7b9804
7476,186.9,2.336,408.4742,False,12,mechanical_001,79d0085777a69b241e0aecfb8f846de17ec9f872695857e4dba45a777a7b9804
7477,186.925,2.3363,408.677,False,12,mechanical_001,79d0085777a69b241e0aecfb8f846de17ec9f872695857e4dba45a777a7b9804
7478,186.95,2.3366,408.8617,False,12,mechanical_001,79d0085777a69b241e0aecfb8f846de17ec9f872695857e4dba45a777a7b9804
7479,186.975,2.3369,409.0385,False,12,mechanical_001,79d0085777a69b241e0aecfb8f846de17ec9f872695857e4dba45a777a7b9804
7480,187.0,2.3372,409.2155,False,12,mechanical_001,79d0085777a69b241e0aecfb8f846de17ec9f872695857e4dba45a777a7b9804
7481,187.025,2.3375,409.4074,False,12,mechanical_001,79d0085777a69b241e0aecfb8f846de17ec9f872695857e4dba45a777a7b9804
7482,187.05,2.3379,409.6109,False,12,mechanical_001,79d0085777a69b241e0aecfb8f846de17ec9f872695857e4dba45a777a7b9804
7483,187.075,2.3382,409.8166,False,12,mechanical_001,79d0085777a69b241e0aecfb8f846de17ec9f872695857e4dba45a777a7b9804
7484,187.1,2.3385,410.0058,False,12,mechanical_001,79d0085777a69b241e0aecfb8f846de17ec9f872695857e4dba45a777a7b9804
7485,187.125,2.3388,410.1895,False,12,mechanical_001,79d0085777a69b241e0aecfb8f846de17ec9f872695857e4dba45a777a7b9804
7486,187.15,2.3391,410.36,False,12,mechanical_001,79d0085777a69b241e0aecfb8f846de17ec9f872695857e4dba45a777a7b9804
7487,187.175,2.3394,410.5184,False,12,mechanical_001,79d0085777a69b241e0aecfb8f846de17ec9f872695857e4dba45a777a7b9804
7488,187.2,2.3397,410.6685,False,12,mechanical_001,79d0085777a69b241e0aecfb8f846de17ec9f872695857e4dba45a777a7b9804
7489,187.225,2.34,410.8168,False,12,mechanical_001,79d0085777a69b241e0aecfb8f846de17ec9f872695857e4dba45a777a7b9804
7490,187.25,2.3403,410.952,False,12,mechanical_001,79d0085777a69b241e0aecfb8f846de17ec9f872695857e4dba45a777a7b9804
7491,187.275,2.3406,411.0734,False,12,mechanical_001,79d0085777a69b241e0aecfb8f846de17ec9f872695857e4dba45a777a7b9804
7492,187.3,2.3409,411.1843,False,12,mechanical_001,79d0085777a69b241e0aecfb8f846de17ec9f872695857e4dba45a777a7b9804
7493,187.325,2.3411,411.2874,False,12,mechanical_001,79d0085777a69b241e0aecfb8f846de17ec9f872695857e4dba45a777a7b9804
7494,187.35,2.3414,411.3817,False,12,mechanical_001,79d0085777a69b241e0aecfb8f846de17ec9f872695857e4dba45a777a7b9804
7495,187.375,2.3417,411.4803,False,12,mechanical_001,79d0085777a69b241e0aecfb8f846de17ec9f872695857e4dba45a777a7b9804
7496,187.4,2.342,411.6086,False,12,mechanical_001,79d0085777a69b241e0aecfb8f846de17ec9f872695857e4dba45a777a7b9804
7497,187.425,2.3423,411.7687,False,12,mechanical_001,79d0085777a69b241e0aecfb8f846de17ec9f872695857e4dba45a777a7b9804
7498,187.45,2.3426,411.9518,False,12,mechanical_001,79d0085777a69b241e0aecfb8f846de17ec9f872695857e4dba45a777a7b9804
7499,187.475,2.3429,412.1499,False,12,mechanical_001,79d0085777a69b241e0aecfb8f846de17ec9f872695857e4dba45a777a7b9804
7500,187.5,2.3432,412.3614,False,12,mechanical_001,79d0085777a69b241e0aecfb8f846de17ec9f872695857e4dba45a777a7b9804
7501,187.525,2.3435,412.5801,False,12,mechanical_001,79d0085777a69b241e0aecfb8f846de17ec9f872695857e4dba45a777a7b9804
7502,187.55,2.3439,412.8102,False,12,mechanical_001,79d0085777a69b241e0aecfb8f846de17ec9f872695857e4dba45a777a7b9804
7503,187.575,2.3442,413.0484,False,12,mechanical_001,79d0085777a69b241e0aecfb8f846de17ec9f872695857e4dba45a777a7b9804
7504,187.6,2.3445,413.2808,False,12,mechanical_001,79d0085777a69b241e0aecfb8f846de17ec9f872695857e4dba45a777a7b9804
7505,187.625,2.3448,413.5078,False,12,mechanical_001,79d0085777a69b241e0aecfb8f846de17ec9f872695857e4dba45a777a7b9804
7506,187.65,2.3451,413.7166,False,12,mechanical_001,79d0085777a69b241e0aecfb8f846de17ec9f872695857e4dba45a777a7b9804
7507,187.675,2.3454,413.9267,False,12,mechanical_001,79d0085777a69b241e0aecfb8f846de17ec9f872695857e4dba45a777a7b9804
7508,187.7,2.3457,414.1431,False,12,mechanical_001,79d0085777a69b241e0aecfb8f846de17ec9f872695857e4dba45a777a7b9804
7509,187.725,2.346,414.3502,False,12,mechanical_001,79d0085777a69b241e0aecfb8f846de17ec9f872695857e4dba45a777a7b9804
7510,187.75,2.3463,414.5322,False,12,mechanical_001,79d0085777a69b241e0aecfb8f846de17ec9f872695857e4dba45a777a7b9804
7511,187.775,2.3466,414.7516,False,12,mechanical_001,79d0085777a69b241e0aecfb8f846de17ec9f872695857e4dba45a777a7b9804
7512,187.8,2.347,415.0138,False,12,mechanical_001,79d0085777a69b241e0aecfb8f846de17ec9f872695857e4dba45a777a7b9804
7513,187.825,2.3473,415.3025,False,12,mechanical_001,79d0085777a69b241e0aecfb8f846de17ec9f872695857e4dba45a777a7b9804
7514,187.85,2.3476,415.6022,False,12,mechanical_001,79d0085777a69b241e0aecfb8f846de17ec9f872695857e4dba45a777a7b9804
7515,187.875,2.348,415.9076,False,12,mechanical_001,79d0085777a69b241e0aecfb8f846de17ec9f872695857e4dba45a777a7b9804
7516,187.9,2.3483,416.2091,False,12,mechanical_001,79d0085777a69b241e0aecfb8f846de17ec9f872695857e4dba45a777a7b9804
7517,187.925,2.3486,416.4964,False,12,mechanical_001,79d0085777a69b241e0aecfb8f846de17ec9f872695857e4dba45a777a7b9804
7518,187.95,2.3489,416.761,False,12,mechanical_001,79d0085777a69b241e0aecfb8f846de17ec9f872695857e4dba45a777a7b9804
7519,187.975,2.3492,417.0044,False,12,mechanical_001,79d0085777a69b241e0aecfb8f846de17ec9f872695857e4dba45a777a7b9804
7520,188.0,2.3496,417.2621,False,12,mechanical_001,79d0085777a69b241e0aecfb8f846de17ec9f872695857e4dba45a777a7b9804
7521,188.025,2.3499,417.5177,False,12,mechanical_001,79d0085777a69b241e0aecfb8f846de17ec9f872695857e4dba45a777a7b9804
7522,188.05,2.3502,417.7621,False,12,mechanical_001,79d0085777a69b241e0aecfb8f846de17ec9f872695857e4dba45a777a7b9804
7523,188.075,2.3505,418.0059,False,12,mechanical_001,79d0085777a69b241e0aecfb8f846de17ec9f872695857e4dba45a777a7b9804
7524,188.1,2.3508,418.2312,False,12,mechanical_001,79d0085777a69b241e0aecfb8f846de17ec9f872695857e4dba45a777a7b9804
7525,188.125,2.3511,418.4484,False,12,mechanical_001,79d0085777a69b241e0aecfb8f846de17ec9f872695857e4dba45a777a7b9804
7526,188.15,2.3514,418.6781,False,12,mechanical_001,79d0085777a69b241e0aecfb8f846de17ec9f872695857e4dba45a777a7b9804
7527,188.175,2.3517,418.9294,False,12,mechanical_001,79d0085777a69b241e0aecfb8f846de17ec9f872695857e4dba45a777a7b9804
7528,188.2,2.3521,419.1819,False,12,mechanical_001,79d0085777a69b241e0aecfb8f846de17ec9f872695857e4dba45a777a7b9804
7529,188.225,2.3524,419.4335,False,12,mechanical_001,79d0085777a69b241e0aecfb8f846de17ec9f872695857e4dba45a777a7b9804
7530,188.25,2.3527,419.6917,False,12,mechanical_001,79d0085777a69b241e0aecfb8f846de17ec9f872695857e4dba45a777a7b9804
7531,188.275,2.353,419.9524,False,12,mechanical_001,79d0085777a69b241e0aecfb8f846de17ec9f872695857e4dba45a777a7b9804
7532,188.3,2.3533,420.206,False,12,mechanical_001,79d0085777a69b241e0aecfb8f846de17ec9f872695857e4dba45a777a7b9804
7533,188.325,2.3536,420.4616,False,12,mechanical_001,79d0085777a69b241e0aecfb8f846de17ec9f872695857e4dba45a777a7b9804
7534,188.35,2.3539,420.7089,False,12,mechanical_001,79d0085777a69b241e0aecfb8f846de17ec9f872695857e4dba45a777a7b9804
7535,188.375,2.3543,420.9607,False,12,mechanical_001,79d0085777a69b241e0aecfb8f846de17ec9f872695857e4dba45a777a7b9804
7536,188.4,2.3546,421.2383,False,12,mechanical_001,79d0085777a69b241e0aecfb8f846de17ec9f872695857e4dba45a777a7b9804
7537,188.425,2.3549,421.5372,False,12,mechanical_001,79d0085777a69b241e0aecfb8f846de17ec9f872695857e4dba45a777a7b9804
7538,188.45,2.3552,421.8492,False,12,mechanical_001,79d0085777a69b241e0aecfb8f846de17ec9f872695857e4dba45a777a7b9804
7539,188.475,2.3556,422.178,False,12,mechanical_001,79d0085777a69b241e0aecfb8f846de17ec9f872695857e4dba45a777a7b9804
7540,188.5,2.3559,422.5173,False,12,mechanical_001,79d0085777a69b241e0aecfb8f846de17ec9f872695857e4dba45a777a7b9804
7541,188.525,2.3562,422.8416,False,12,mechanical_001,79d0085777a69b241e0aecfb8f846de17ec9f872695857e4dba45a777a7b9804
7542,188.55,2.3566,423.1801,False,12,mechanical_001,79d0085777a69b241e0aecfb8f846de17ec9f872695857e4dba45a777a7b9804
7543,188.575,2.3569,423.5227,False,12,mechanical_001,79d0085777a69b241e0aecfb8f846de17ec9f872695857e4dba45a777a7b9804
7544,188.6,2.3573,423.866,False,12,mechanical_001,79d0085777a69b241e0aecfb8f846de17ec9f872695857e4dba45a777a7b9804
7545,188.625,2.3576,424.1744,False,12,mechanical_001,79d0085777a69b241e0aecfb8f846de17ec9f872695857e4dba45a777a7b9804
7546,188.65,2.3579,424.4316,False,12,mechanical_001,79d0085777a69b241e0aecfb8f846de17ec9f872695857e4dba45a777a7b9804
7547,188.675,2.3582,424.664,False,12,mechanical_001,79d0085777a69b241e0aecfb8f846de17ec9f872695857e4dba45a777a7b9804
7548,188.7,2.3585,424.8924,False,12,mechanical_001,79d0085777a69b241e0aecfb8f846de17ec9f872695857e4dba45a777a7b9804
7549,188.725,2.3588,425.1096,False,12,mechanical_001,79d0085777a69b241e0aecfb8f846de17ec9f872695857e4dba45a777a7b9804
7550,188.75,2.3591,425.336,False,12,mechanical_001,79d0085777a69b241e0aecfb8f846de17ec9f872695857e4dba45a777a7b9804
7551,188.775,2.3594,425.5633,False,12,mechanical_001,79d0085777a69b241e0aecfb8f846de17ec9f872695857e4dba45a777a7b9804
7552,188.8,2.3598,425.7833,False,12,mechanical_001,79d0085777a69b241e0aecfb8f846de17ec9f872695857e4dba45a777a7b9804
7553,188.825,2.3601,425.9971,False,12,mechanical_001,79d0085777a69b241e0aecfb8f846de17ec9f872695857e4dba45a777a7b9804
7554,188.85,2.3604,426.2265,False,12,mechanical_001,79d0085777a69b241e0aecfb8f846de17ec9f872695857e4dba45a777a7b9804
7555,188.875,2.3607,426.4729,False,12,mechanical_001,79d0085777a69b241e0aecfb8f846de17ec9f872695857e4dba45a777a7b9804
7556,188.9,2.361,426.7273,False,12,mechanical_001,79d0085777a69b241e0aecfb8f846de17ec9f872695857e4dba45a777a7b9804
7557,188.925,2.3613,426.9839,False,12,mechanical_001,79d0085777a69b241e0aecfb8f846de17ec9f872695857e4dba45a777a7b9804
7558,188.95,2.3616,427.2479,False,12,mechanical_001,79d0085777a69b241e0aecfb8f846de17ec9f872695857e4dba45a777a7b9804
7559,188.975,2.362,427.5072,False,12,mechanical_001,79d0085777a69b241e0aecfb8f846de17ec9f872695857e4dba45a777a7b9804
7560,189.0,2.3623,427.7456,False,12,mechanical_001,79d0085777a69b241e0aecfb8f846de17ec9f872695857e4dba45a777a7b9804
7561,189.025,2.3626,427.9673,False,12,mechanical_001,79d0085777a69b241e0aecfb8f846de17ec9f872695857e4dba45a777a7b9804
7562,189.05,2.3629,428.203,False,12,mechanical_001,79d0085777a69b241e0aecfb8f846de17ec9f872695857e4dba45a777a7b9804
7563,189.075,2.3632,428.4464,False,12,mechanical_001,79d0085777a69b241e0aecfb8f846de17ec9f872695857e4dba45a777a7b9804
7564,189.1,2.3635,428.6938,False,12,mechanical_001,79d0085777a69b241e0aecfb8f846de17ec9f872695857e4dba45a777a7b9804
7565,189.125,2.3638,428.9385,False,12,mechanical_001,79d0085777a69b241e0aecfb8f846de17ec9f872695857e4dba45a777a7b9804
7566,189.15,2.3641,429.1784,False,12,mechanical_001,79d0085777a69b241e0aecfb8f846de17ec9f872695857e4dba45a777a7b9804
7567,189.175,2.3645,429.4153,False,12,mechanical_001,79d0085777a69b241e0aecfb8f846de17ec9f872695857e4dba45a777a7b9804
7568,189.2,2.3648,429.6512,False,12,mechanical_001,79d0085777a69b241e0aecfb8f846de17ec9f872695857e4dba45a777a7b9804
7569,189.225,2.3651,429.8829,False,12,mechanical_001,79d0085777a69b241e0aecfb8f846de17ec9f872695857e4dba45a777a7b9804
7570,189.25,2.3654,430.1257,False,12,mechanical_001,79d0085777a69b241e0aecfb8f846de17ec9f872695857e4dba45a777a7b9804
7571,189.275,2.3657,430.3812,False,12,mechanical_001,79d0085777a69b241e0aecfb8f846de17ec9f872695857e4dba45a777a7b9804
7572,189.3,2.366,430.6309,False,12,mechanical_001,79d0085777a69b241e0aecfb8f846de17ec9f872695857e4dba45a777a7b9804
7573,189.325,2.3663,430.8672,False,12,mechanical_001,79d0085777a69b241e0aecfb8f846de17ec9f872695857e4dba45a777a7b9804
7574,189.35,2.3666,431.11,False,12,mechanical_001,79d0085777a69b241e0aecfb8f846de17ec9f872695857e4dba45a777a7b9804
7575,189.375,2.367,431.3689,False,12,mechanical_001,79d0085777a69b241e0aecfb8f846de17ec9f872695857e4dba45a777a7b9804
7576,189.4,2.3673,431.6334,False,12,mechanical_001,79d0085777a69b241e0aecfb8f846de17ec9f872695857e4dba45a777a7b9804
7577,189.425,2.3676,431.9037,False,12,mechanical_001,79d0085777a69b241e0aecfb8f846de17ec9f872695857e4dba45a777a7b9804
7578,189.45,2.3679,432.1796,False,12,mechanical_001,79d0085777a69b241e0aecfb8f846de17ec9f872695857e4dba45a777a7b9804
7579,189.475,2.3682,432.4336,False,12,mechanical_001,79d0085777a69b241e0aecfb8f846de17ec9f872695857e4dba45a777a7b9804
7580,189.5,2.3685,432.6751,False,12,mechanical_001,79d0085777a69b241e0aecfb8f846de17ec9f872695857e4dba45a777a7b9804
7581,189.525,2.3689,432.9048,False,12,mechanical_001,79d0085777a69b241e0aecfb8f846de17ec9f872695857e4dba45a777a7b9804
7582,189.55,2.3692,433.1362,False,12,mechanical_001,79d0085777a69b241e0aecfb8f846de17ec9f872695857e4dba45a777a7b9804
7583,189.575,2.3695,433.355,False,12,mechanical_001,79d0085777a69b241e0aecfb8f846de17ec9f872695857e4dba45a777a7b9804
7584,189.6,2.3698,433.5564,False,12,mechanical_001,79d0085777a69b241e0aecfb8f846de17ec9f872695857e4dba45a777a7b9804
7585,189.625,2.3701,433.7473,False,12,mechanical_001,79d0085777a69b241e0aecfb8f846de17ec9f872695857e4dba45a777a7b9804
7586,189.65,2.3704,433.9221,False,12,mechanical_001,79d0085777a69b241e0aecfb8f846de17ec9f872695857e4dba45a777a7b9804
7587,189.675,2.3707,434.1056,False,12,mechanical_001,79d0085777a69b241e0aecfb8f846de17ec9f872695857e4dba45a777a7b9804
7588,189.7,2.371,434.3151,False,12,mechanical_001,79d0085777a69b241e0aecfb8f846de17ec9f872695857e4dba45a777a7b9804
7589,189.725,2.3713,434.5449,False,12,mechanical_001,79d0085777a69b241e0aecfb8f846de17ec9f872695857e4dba45a777a7b9804
7590,189.75,2.3716,434.7848,False,12,mechanical_001,79d0085777a69b241e0aecfb8f846de17ec9f872695857e4dba45a777a7b9804
7591,189.775,2.3719,435.0178,False,12,mechanical_001,79d0085777a69b241e0aecfb8f846de17ec9f872695857e4dba45a777a7b9804
7592,189.8,2.3722,435.2481,False,12,mechanical_001,79d0085777a69b241e0aecfb8f846de17ec9f872695857e4dba45a777a7b9804
7593,189.825,2.3726,435.4845,False,12,mechanical_001,79d0085777a69b241e0aecfb8f846de17ec9f872695857e4dba45a777a7b9804
7594,189.85,2.3729,435.715,False,12,mechanical_001,79d0085777a69b241e0aecfb8f846de17ec9f872695857e4dba45a777a7b9804
7595,189.875,2.3732,435.9323,False,12,mechanical_001,79d0085777a69b241e0aecfb8f846de17ec9f872695857e4dba45a777a7b9804
7596,189.9,2.3735,436.1318,False,12,mechanical_001,79d0085777a69b241e0aecfb8f846de17ec9f872695857e4dba45a777a7b9804
7597,189.925,2.3738,436.3257,False,12,mechanical_001,79d0085777a69b241e0aecfb8f846de17ec9f872695857e4dba45a777a7b9804
7598,189.95,2.3741,436.5049,False,12,mechanical_001,79d0085777a69b241e0aecfb8f846de17ec9f872695857e4dba45a777a7b9804
7599,189.975,2.3744,436.6789,False,12,mechanical_001,79d0085777a69b241e0aecfb8f846de17ec9f872695857e4dba45a777a7b9804
7600,190.0,2.3747,436.8389,False,12,mechanical_001,79d0085777a69b241e0aecfb8f846de17ec9f872695857e4dba45a777a7b9804
7601,190.025,2.375,436.9943,False,12,mechanical_001,79d0085777a69b241e0aecfb8f846de17ec9f872695857e4dba45a777a7b9804
7602,190.05,2.3753,437.1461,False,12,mechanical_001,79d0085777a69b241e0aecfb8f846de17ec9f872695857e4dba45a777a7b9804
7603,190.075,2.3756,437.282,False,12,mechanical_001,79d0085777a69b241e0aecfb8f846de17ec9f872695857e4dba45a777a7b9804
7604,190.1,2.3759,437.4066,False,12,mechanical_001,79d0085777a69b241e0aecfb8f846de17ec9f872695857e4dba45a777a7b9804
7605,190.125,2.3762,437.5308,False,12,mechanical_001,79d0085777a69b241e0aecfb8f846de17ec9f872695857e4dba45a777a7b9804
7606,190.15,2.3765,437.6545,False,12,mechanical_001,79d0085777a69b241e0aecfb8f846de17ec9f872695857e4dba45a777a7b9804
7607,190.175,2.3768,437.7639,False,12,mechanical_001,79d0085777a69b241e0aecfb8f846de17ec9f872695857e4dba45a777a7b9804
7608,190.2,2.377,437.8848,False,12,mechanical_001,79d0085777a69b241e0aecfb8f846de17ec9f872695857e4dba45a777a7b9804
7609,190.225,2.3773,438.0174,False,12,mechanical_001,79d0085777a69b241e0aecfb8f846de17ec9f872695857e4dba45a777a7b9804
7610,190.25,2.3776,438.1499,False,12,mechanical_001,79d0085777a69b241e0aecfb8f846de17ec9f872695857e4dba45a777a7b9804
7611,190.275,2.3779,438.2972,False,12,mechanical_001,79d0085777a69b241e0aecfb8f846de17ec9f872695857e4dba45a777a7b9804
7612,190.3,2.3782,438.4637,False,12,mechanical_001,79d0085777a69b241e0aecfb8f846de17ec9f872695857e4dba45a777a7b9804
7613,190.325,2.3785,438.6214,False,12,mechanical_001,79d0085777a69b241e0aecfb8f846de17ec9f872695857e4dba45a777a7b9804
7614,190.35,2.3788,438.7781,False,12,mechanical_001,79d0085777a69b241e0aecfb8f846de17ec9f872695857e4dba45a777a7b9804
7615,190.375,2.3792,438.9647,False,12,mechanical_001,79d0085777a69b241e0aecfb8f846de17ec9f872695857e4dba45a777a7b9804
7616,190.4,2.3795,439.1763,False,12,mechanical_001,79d0085777a69b241e0aecfb8f846de17ec9f872695857e4dba45a777a7b9804
7617,190.425,2.3798,439.3984,False,12,mechanical_001,79d0085777a69b241e0aecfb8f846de17ec9f872695857e4dba45a777a7b9804
7618,190.45,2.3801,439.6316,False,12,mechanical_001,79d0085777a69b241e0aecfb8f846de17ec9f872695857e4dba45a777a7b9804
7619,190.475,2.3804,439.8722,False,12,mechanical_001,79d0085777a69b241e0aecfb8f846de17ec9f872695857e4dba45a777a7b9804
7620,190.5,2.3808,440.1129,False,12,mechanical_001,79d0085777a69b241e0aecfb8f846de17ec9f872695857e4dba45a777a7b9804
7621,190.525,2.3811,440.3427,False,12,mechanical_001,79d0085777a69b241e0aecfb8f846de17ec9f872695857e4dba45a777a7b9804
7622,190.55,2.3814,440.5665,False,12,mechanical_001,79d0085777a69b241e0aecfb8f846de17ec9f872695857e4dba45a777a7b9804
7623,190.575,2.3817,440.7854,False,12,mechanical_001,79d0085777a69b241e0aecfb8f846de17ec9f872695857e4dba45a777a7b9804
7624,190.6,2.382,441.0055,False,12,mechanical_001,79d0085777a69b241e0aecfb8f846de17ec9f872695857e4dba45a777a7b9804
7625,190.625,2.3824,441.2267,False,12,mechanical_001,79d0085777a69b241e0aecfb8f846de17ec9f872695857e4dba45a777a7b9804
7626,190.65,2.3827,441.4442,False,12,mechanical_001,79d0085777a69b241e0aecfb8f846de17ec9f872695857e4dba45a777a7b9804
7627,190.675,2.383,441.658,False,12,mechanical_001,79d0085777a69b241e0aecfb8f846de17ec9f872695857e4dba45a777a7b9804
7628,190.7,2.3833,441.8588,False,12,mechanical_001,79d0085777a69b241e0aecfb8f846de17ec9f872695857e4dba45a777a7b9804
7629,190.725,2.3836,442.0583,False,12,mechanical_001,79d0085777a69b241e0aecfb8f846de17ec9f872695857e4dba45a777a7b9804
7630,190.75,2.3839,442.2481,False,12,mechanical_001,79d0085777a69b241e0aecfb8f846de17ec9f872695857e4dba45a777a7b9804
7631,190.775,2.3842,442.4446,False,12,mechanical_001,79d0085777a69b241e0aecfb8f846de17ec9f872695857e4dba45a777a7b9804
7632,190.8,2.3845,442.6419,False,12,mechanical_001,79d0085777a69b241e0aecfb8f846de17ec9f872695857e4dba45a777a7b9804
7633,190.825,2.3848,442.8421,False,12,mechanical_001,79d0085777a69b241e0aecfb8f846de17ec9f872695857e4dba45a777a7b9804
7634,190.85,2.3851,443.0442,False,12,mechanical_001,79d0085777a69b241e0aecfb8f846de17ec9f872695857e4dba45a777a7b9804
7635,190.875,2.3855,443.2448,False,12,mechanical_001,79d0085777a69b241e0aecfb8f846de17ec9f872695857e4dba45a777a7b9804
7636,190.9,2.3858,443.4426,False,12,mechanical_001,79d0085777a69b241e0aecfb8f846de17ec9f872695857e4dba45a777a7b9804
7637,190.925,2.3861,443.643,False,12,mechanical_001,79d0085777a69b241e0aecfb8f846de17ec9f872695857e4dba45a777a7b9804
7638,190.95,2.3864,443.8529,False,12,mechanical_001,79d0085777a69b241e0aecfb8f846de17ec9f872695857e4dba45a777a7b9804
7639,190.975,2.3867,444.0648,False,12,mechanical_001,79d0085777a69b241e0aecfb8f846de17ec9f872695857e4dba45a777a7b9804
7640,191.0,2.387,444.2773,False,12,mechanical_001,79d0085777a69b241e0aecfb8f846de17ec9f872695857e4dba45a777a7b9804
7641,191.025,2.3873,444.4958,False,12,mechanical_001,79d0085777a69b241e0aecfb8f846de17ec9f872695857e4dba45a777a7b9804
7642,191.05,2.3877,444.7102,False,12,mechanical_001,79d0085777a69b241e0aecfb8f846de17ec9f872695857e4dba45a777a7b9804
7643,191.075,2.388,444.9319,False,12,mechanical_001,79d0085777a69b241e0aecfb8f846de17ec9f872695857e4dba45a777a7b9804
7644,191.1,2.3883,445.1559,False,12,mechanical_001,79d0085777a69b241e0aecfb8f846de17ec9f872695857e4dba45a777a7b9804
7645,191.125,2.3886,445.3784,False,12,mechanical_001,79d0085777a69b241e0aecfb8f846de17ec9f872695857e4dba45a777a7b9804
7646,191.15,2.3889,445.5842,False,12,mechanical_001,79d0085777a69b241e0aecfb8f846de17ec9f872695857e4dba45a777a7b9804
7647,191.175,2.3892,445.7604,False,12,mechanical_001,79d0085777a69b241e0aecfb8f846de17ec9f872695857e4dba45a777a7b9804
7648,191.2,2.3895,445.9175,False,12,mechanical_001,79d0085777a69b241e0aecfb8f846de17ec9f872695857e4dba45a777a7b9804
7649,191.225,2.3898,446.0733,False,12,mechanical_001,79d0085777a69b241e0aecfb8f846de17ec9f872695857e4dba45a777a7b9804
7650,191.25,2.3901,446.2461,False,12,mechanical_001,79d0085777a69b241e0aecfb8f846de17ec9f872695857e4dba45a777a7b9804
7651,191.275,2.3904,446.4414,False,12,mechanical_001,79d0085777a69b241e0aecfb8f846de17ec9f872695857e4dba45a777a7b9804
7652,191.3,2.3908,446.6463,False,12,mechanical_001,79d0085777a69b241e0aecfb8f846de17ec9f872695857e4dba45a777a7b9804
7653,191.325,2.3911,446.8585,False,12,mechanical_001,79d0085777a69b241e0aecfb8f846de17ec9f872695857e4dba45a777a7b9804
7654,191.35,2.3914,447.0872,False,12,mechanical_001,79d0085777a69b241e0aecfb8f846de17ec9f872695857e4dba45a777a7b9804
7655,191.375,2.3917,447.3382,False,12,mechanical_001,79d0085777a69b241e0aecfb8f846de17ec9f872695857e4dba45a777a7b9804
7656,191.4,2.392,447.6031,False,12,mechanical_001,79d0085777a69b241e0aecfb8f846de17ec9f872695857e4dba45a777a7b9804
7657,191.425,2.3924,447.8803,False,12,mechanical_001,79d0085777a69b241e0aecfb8f846de17ec9f872695857e4dba45a777a7b9804
7658,191.45,2.3927,448.1068,False,12,mechanical_001,79d0085777a69b241e0aecfb8f846de17ec9f872695857e4dba45a777a7b9804
7659,191.475,2.393,448.2557,False,12,mechanical_001,79d0085777a69b241e0aecfb8f846de17ec9f872695857e4dba45a777a7b9804
7660,191.5,2.3933,448.3409,False,12,mechanical_001,79d0085777a69b241e0aecfb8f846de17ec9f872695857e4dba45a777a7b9804
7661,191.525,2.3936,448.4943,False,12,mechanical_001,79d0085777a69b241e0aecfb8f846de17ec9f872695857e4dba45a777a7b9804
7662,191.55,2.3939,448.7105,False,12,mechanical_001,79d0085777a69b241e0aecfb8f846de17ec9f872695857e4dba45a777a7b9804
7663,191.575,2.3942,448.9176,False,12,mechanical_001,79d0085777a69b241e0aecfb8f846de17ec9f872695857e4dba45a777a7b9804
7664,191.6,2.3945,449.1129,False,12,mechanical_001,79d0085777a69b241e0aecfb8f846de17ec9f872695857e4dba45a777a7b9804
7665,191.625,2.3948,449.3054,False,12,mechanical_001,79d0085777a69b241e0aecfb8f846de17ec9f872695857e4dba45a777a7b9804
7666,191.65,2.3951,449.4955,False,12,mechanical_001,79d0085777a69b241e0aecfb8f846de17ec9f872695857e4dba45a777a7b9804
7667,191.675,2.3955,449.6899,False,12,mechanical_001,79d0085777a69b241e0aecfb8f846de17ec9f872695857e4dba45a777a7b9804
7668,191.7,2.3958,449.9023,False,12,mechanical_001,79d0085777a69b241e0aecfb8f846de17ec9f872695857e4dba45a777a7b9804
7669,191.725,2.3961,450.1293,False,12,mechanical_001,79d0085777a69b241e0aecfb8f846de17ec9f872695857e4dba45a777a7b9804
7670,191.75,2.3964,450.3677,False,12,mechanical_001,79d0085777a69b241e0aecfb8f846de17ec9f872695857e4dba45a777a7b9804
7671,191.775,2.3967,450.605,False,12,mechanical_001,79d0085777a69b241e0aecfb8f846de17ec9f872695857e4dba45a777a7b9804
7672,191.8,2.3971,450.8328,False,12,mechanical_001,79d0085777a69b241e0aecfb8f846de17ec9f872695857e4dba45a777a7b9804
7673,191.825,2.3974,451.0602,False,12,mechanical_001,79d0085777a69b241e0aecfb8f846de17ec9f872695857e4dba45a777a7b9804
7674,191.85,2.3977,451.2939,False,12,mechanical_001,79d0085777a69b241e0aecfb8f846de17ec9f872695857e4dba45a777a7b9804
7675,191.875,2.398,451.5122,False,12,mechanical_001,79d0085777a69b241e0aecfb8f846de17ec9f872695857e4dba45a777a7b9804
7676,191.9,2.3983,451.7163,False,12,mechanical_001,79d0085777a69b241e0aecfb8f846de17ec9f872695857e4dba45a777a7b9804
7677,191.925,2.3986,451.9214,False,12,mechanical_001,79d0085777a69b241e0aecfb8f846de17ec9f872695857e4dba45a777a7b9804
7678,191.95,2.3989,452.1372,False,12,mechanical_001,79d0085777a69b241e0aecfb8f846de17ec9f872695857e4dba45a777a7b9804
7679,191.975,2.3992,452.3567,False,12,mechanical_001,79d0085777a69b241e0aecfb8f846de17ec9f872695857e4dba45a777a7b9804
7680,192.0,2.3996,452.5717,False,12,mechanical_001,79d0085777a69b241e0aecfb8f846de17ec9f872695857e4dba45a777a7b9804
7681,192.002,2.3996,452.5887,False,12,mechanical_001,79d0085777a69b241e0aecfb8f846de17ec9f872695857e4dba45a777a7b9804
