round_id,variant,kappa,selected_count,top4_mean_actual,overlap_with_kappa035,selected_formulations,scope
ROUND_003,campaign_bounds_learned,0.35,4,52.75,4,v2_430e18c49d10;v2_27a2b16cc327;v2_8f6028d7e59a;v2_a7291b600bea,rerank_measured_frozen_slate_without_production_constraints_or_new_candidates
ROUND_003,campaign_bounds_learned,0.0,4,52.75,4,v2_430e18c49d10;v2_27a2b16cc327;v2_8f6028d7e59a;v2_a7291b600bea,rerank_measured_frozen_slate_without_production_constraints_or_new_candidates
ROUND_003,campaign_bounds_learned,1.0,4,52.75,4,v2_430e18c49d10;v2_27a2b16cc327;v2_8f6028d7e59a;v2_a7291b600bea,rerank_measured_frozen_slate_without_production_constraints_or_new_candidates
ROUND_003,campaign_bounds_learned,2.0,4,46.125,3,v2_8f6028d7e59a;v2_a7291b600bea;v2_27a2b16cc327;v2_afa1348627bc,rerank_measured_frozen_slate_without_production_constraints_or_new_candidates
ROUND_003,campaign_existing,0.35,4,51.25,4,v2_430e18c49d10;v2_27a2b16cc327;v2_4aeffae55153;v2_afa1348627bc,rerank_measured_frozen_slate_without_production_constraints_or_new_candidates
ROUND_003,campaign_existing,0.0,4,51.25,4,v2_430e18c49d10;v2_27a2b16cc327;v2_4aeffae55153;v2_afa1348627bc,rerank_measured_frozen_slate_without_production_constraints_or_new_candidates
ROUND_003,campaign_existing,1.0,4,51.25,4,v2_430e18c49d10;v2_27a2b16cc327;v2_4aeffae55153;v2_afa1348627bc,rerank_measured_frozen_slate_without_production_constraints_or_new_candidates
ROUND_003,campaign_existing,2.0,4,51.25,4,v2_27a2b16cc327;v2_430e18c49d10;v2_4aeffae55153;v2_afa1348627bc,rerank_measured_frozen_slate_without_production_constraints_or_new_candidates
ROUND_003,campaign_existing_adaptive,0.35,4,51.25,4,v2_430e18c49d10;v2_27a2b16cc327;v2_4aeffae55153;v2_afa1348627bc,rerank_measured_frozen_slate_without_production_constraints_or_new_candidates
ROUND_003,campaign_existing_adaptive,0.0,4,51.25,4,v2_430e18c49d10;v2_27a2b16cc327;v2_4aeffae55153;v2_afa1348627bc,rerank_measured_frozen_slate_without_production_constraints_or_new_candidates
ROUND_003,campaign_existing_adaptive,1.0,4,51.25,4,v2_27a2b16cc327;v2_430e18c49d10;v2_4aeffae55153;v2_afa1348627bc,rerank_measured_frozen_slate_without_production_constraints_or_new_candidates
ROUND_003,campaign_existing_adaptive,2.0,4,51.25,4,v2_27a2b16cc327;v2_430e18c49d10;v2_4aeffae55153;v2_afa1348627bc,rerank_measured_frozen_slate_without_production_constraints_or_new_candidates
ROUND_003,campaign_mean,0.35,4,48.5,4,v2_0a63a12b60f3;v2_27a2b16cc327;v2_3db5f7aa7cdd;v2_430e18c49d10,rerank_measured_frozen_slate_without_production_constraints_or_new_candidates
ROUND_003,campaign_mean,0.0,4,48.5,4,v2_0a63a12b60f3;v2_27a2b16cc327;v2_3db5f7aa7cdd;v2_430e18c49d10,rerank_measured_frozen_slate_without_production_constraints_or_new_candidates
ROUND_003,campaign_mean,1.0,4,48.5,4,v2_0a63a12b60f3;v2_27a2b16cc327;v2_3db5f7aa7cdd;v2_430e18c49d10,rerank_measured_frozen_slate_without_production_constraints_or_new_candidates
ROUND_003,campaign_mean,2.0,4,48.5,4,v2_0a63a12b60f3;v2_27a2b16cc327;v2_3db5f7aa7cdd;v2_430e18c49d10,rerank_measured_frozen_slate_without_production_constraints_or_new_candidates
ROUND_003,campaign_median,0.35,4,48.5,4,v2_0a63a12b60f3;v2_27a2b16cc327;v2_3db5f7aa7cdd;v2_430e18c49d10,rerank_measured_frozen_slate_without_production_constraints_or_new_candidates
ROUND_003,campaign_median,0.0,4,48.5,4,v2_0a63a12b60f3;v2_27a2b16cc327;v2_3db5f7aa7cdd;v2_430e18c49d10,rerank_measured_frozen_slate_without_production_constraints_or_new_candidates
ROUND_003,campaign_median,1.0,4,48.5,4,v2_0a63a12b60f3;v2_27a2b16cc327;v2_3db5f7aa7cdd;v2_430e18c49d10,rerank_measured_frozen_slate_without_production_constraints_or_new_candidates
ROUND_003,campaign_median,2.0,4,48.5,4,v2_0a63a12b60f3;v2_27a2b16cc327;v2_3db5f7aa7cdd;v2_430e18c49d10,rerank_measured_frozen_slate_without_production_constraints_or_new_candidates
ROUND_003,current_mixed,0.35,4,46.0,4,v2_27a2b16cc327;v2_84c11063c325;v2_4aeffae55153;v2_0a63a12b60f3,rerank_measured_frozen_slate_without_production_constraints_or_new_candidates
ROUND_003,current_mixed,0.0,4,52.75,3,v2_27a2b16cc327;v2_84c11063c325;v2_4aeffae55153;v2_430e18c49d10,rerank_measured_frozen_slate_without_production_constraints_or_new_candidates
ROUND_003,current_mixed,1.0,4,42.25,3,v2_84c11063c325;v2_4aeffae55153;v2_3db5f7aa7cdd;v2_0a63a12b60f3,rerank_measured_frozen_slate_without_production_constraints_or_new_candidates
ROUND_003,current_mixed,2.0,4,37.625,1,v2_3db5f7aa7cdd;v2_afa1348627bc;v2_0a63a12b60f3;v2_4f4525f1566d,rerank_measured_frozen_slate_without_production_constraints_or_new_candidates
ROUND_003,legacy_correction,0.35,4,49.125,4,v2_430e18c49d10;v2_84c11063c325;v2_4aeffae55153;v2_afa1348627bc,rerank_measured_frozen_slate_without_production_constraints_or_new_candidates
ROUND_003,legacy_correction,0.0,4,49.125,4,v2_430e18c49d10;v2_84c11063c325;v2_4aeffae55153;v2_afa1348627bc,rerank_measured_frozen_slate_without_production_constraints_or_new_candidates
ROUND_003,legacy_correction,1.0,4,49.125,4,v2_430e18c49d10;v2_84c11063c325;v2_4aeffae55153;v2_afa1348627bc,rerank_measured_frozen_slate_without_production_constraints_or_new_candidates
ROUND_003,legacy_correction,2.0,4,39.25,2,v2_4aeffae55153;v2_afa1348627bc;v2_8f6028d7e59a;v2_d93bf1a562c8,rerank_measured_frozen_slate_without_production_constraints_or_new_candidates
ROUND_003,sens_amplitude_learned,0.35,4,51.25,4,v2_430e18c49d10;v2_27a2b16cc327;v2_4aeffae55153;v2_afa1348627bc,rerank_measured_frozen_slate_without_production_constraints_or_new_candidates
ROUND_003,sens_amplitude_learned,0.0,4,51.25,4,v2_430e18c49d10;v2_27a2b16cc327;v2_4aeffae55153;v2_afa1348627bc,rerank_measured_frozen_slate_without_production_constraints_or_new_candidates
ROUND_003,sens_amplitude_learned,1.0,4,51.25,4,v2_430e18c49d10;v2_27a2b16cc327;v2_4aeffae55153;v2_afa1348627bc,rerank_measured_frozen_slate_without_production_constraints_or_new_candidates
ROUND_003,sens_amplitude_learned,2.0,4,51.25,4,v2_27a2b16cc327;v2_430e18c49d10;v2_4aeffae55153;v2_afa1348627bc,rerank_measured_frozen_slate_without_production_constraints_or_new_candidates
ROUND_003,sens_ard_learned,0.35,4,49.375,4,v2_8f6028d7e59a;v2_430e18c49d10;v2_27a2b16cc327;v2_afa1348627bc,rerank_measured_frozen_slate_without_production_constraints_or_new_candidates
ROUND_003,sens_ard_learned,0.0,4,49.375,4,v2_8f6028d7e59a;v2_430e18c49d10;v2_27a2b16cc327;v2_afa1348627bc,rerank_measured_frozen_slate_without_production_constraints_or_new_candidates
ROUND_003,sens_ard_learned,1.0,4,49.375,4,v2_8f6028d7e59a;v2_430e18c49d10;v2_27a2b16cc327;v2_afa1348627bc,rerank_measured_frozen_slate_without_production_constraints_or_new_candidates
ROUND_003,sens_ard_learned,2.0,4,48.25,3,v2_8f6028d7e59a;v2_afa1348627bc;v2_430e18c49d10;v2_4aeffae55153,rerank_measured_frozen_slate_without_production_constraints_or_new_candidates
ROUND_003,sens_baseline,0.35,4,51.25,4,v2_430e18c49d10;v2_27a2b16cc327;v2_4aeffae55153;v2_afa1348627bc,rerank_measured_frozen_slate_without_production_constraints_or_new_candidates
ROUND_003,sens_baseline,0.0,4,51.25,4,v2_430e18c49d10;v2_27a2b16cc327;v2_4aeffae55153;v2_afa1348627bc,rerank_measured_frozen_slate_without_production_constraints_or_new_candidates
ROUND_003,sens_baseline,1.0,4,51.25,4,v2_430e18c49d10;v2_27a2b16cc327;v2_4aeffae55153;v2_afa1348627bc,rerank_measured_frozen_slate_without_production_constraints_or_new_candidates
ROUND_003,sens_baseline,2.0,4,51.25,4,v2_27a2b16cc327;v2_430e18c49d10;v2_4aeffae55153;v2_afa1348627bc,rerank_measured_frozen_slate_without_production_constraints_or_new_candidates
ROUND_003,sens_bounds,0.35,4,52.75,4,v2_430e18c49d10;v2_27a2b16cc327;v2_8f6028d7e59a;v2_a7291b600bea,rerank_measured_frozen_slate_without_production_constraints_or_new_candidates
ROUND_003,sens_bounds,0.0,4,50.875,3,v2_430e18c49d10;v2_27a2b16cc327;v2_8f6028d7e59a;v2_84c11063c325,rerank_measured_frozen_slate_without_production_constraints_or_new_candidates
ROUND_003,sens_bounds,1.0,4,52.75,4,v2_430e18c49d10;v2_8f6028d7e59a;v2_27a2b16cc327;v2_a7291b600bea,rerank_measured_frozen_slate_without_production_constraints_or_new_candidates
ROUND_003,sens_bounds,2.0,4,52.75,4,v2_8f6028d7e59a;v2_27a2b16cc327;v2_a7291b600bea;v2_430e18c49d10,rerank_measured_frozen_slate_without_production_constraints_or_new_candidates
ROUND_003,sens_bounds_learned,0.35,4,52.75,4,v2_430e18c49d10;v2_27a2b16cc327;v2_8f6028d7e59a;v2_a7291b600bea,rerank_measured_frozen_slate_without_production_constraints_or_new_candidates
ROUND_003,sens_bounds_learned,0.0,4,52.75,4,v2_430e18c49d10;v2_27a2b16cc327;v2_8f6028d7e59a;v2_a7291b600bea,rerank_measured_frozen_slate_without_production_constraints_or_new_candidates
ROUND_003,sens_bounds_learned,1.0,4,52.75,4,v2_430e18c49d10;v2_27a2b16cc327;v2_8f6028d7e59a;v2_a7291b600bea,rerank_measured_frozen_slate_without_production_constraints_or_new_candidates
ROUND_003,sens_bounds_learned,2.0,4,46.125,3,v2_8f6028d7e59a;v2_a7291b600bea;v2_27a2b16cc327;v2_afa1348627bc,rerank_measured_frozen_slate_without_production_constraints_or_new_candidates
ROUND_003,sens_bounds_learned_restarts,0.35,4,52.75,4,v2_430e18c49d10;v2_27a2b16cc327;v2_8f6028d7e59a;v2_a7291b600bea,rerank_measured_frozen_slate_without_production_constraints_or_new_candidates
ROUND_003,sens_bounds_learned_restarts,0.0,4,52.75,4,v2_430e18c49d10;v2_27a2b16cc327;v2_8f6028d7e59a;v2_a7291b600bea,rerank_measured_frozen_slate_without_production_constraints_or_new_candidates
ROUND_003,sens_bounds_learned_restarts,1.0,4,52.75,4,v2_430e18c49d10;v2_27a2b16cc327;v2_8f6028d7e59a;v2_a7291b600bea,rerank_measured_frozen_slate_without_production_constraints_or_new_candidates
ROUND_003,sens_bounds_learned_restarts,2.0,4,46.125,3,v2_8f6028d7e59a;v2_a7291b600bea;v2_27a2b16cc327;v2_afa1348627bc,rerank_measured_frozen_slate_without_production_constraints_or_new_candidates
ROUND_003,sens_bounds_learned_wide,0.35,4,52.75,4,v2_430e18c49d10;v2_27a2b16cc327;v2_8f6028d7e59a;v2_a7291b600bea,rerank_measured_frozen_slate_without_production_constraints_or_new_candidates
ROUND_003,sens_bounds_learned_wide,0.0,4,52.75,4,v2_430e18c49d10;v2_27a2b16cc327;v2_8f6028d7e59a;v2_a7291b600bea,rerank_measured_frozen_slate_without_production_constraints_or_new_candidates
ROUND_003,sens_bounds_learned_wide,1.0,4,52.75,4,v2_430e18c49d10;v2_27a2b16cc327;v2_8f6028d7e59a;v2_a7291b600bea,rerank_measured_frozen_slate_without_production_constraints_or_new_candidates
ROUND_003,sens_bounds_learned_wide,2.0,4,46.125,3,v2_8f6028d7e59a;v2_a7291b600bea;v2_27a2b16cc327;v2_afa1348627bc,rerank_measured_frozen_slate_without_production_constraints_or_new_candidates
ROUND_003,sens_length_learned,0.35,4,51.875,4,v2_430e18c49d10;v2_27a2b16cc327;v2_4aeffae55153;v2_8f6028d7e59a,rerank_measured_frozen_slate_without_production_constraints_or_new_candidates
ROUND_003,sens_length_learned,0.0,4,51.875,4,v2_430e18c49d10;v2_27a2b16cc327;v2_4aeffae55153;v2_8f6028d7e59a,rerank_measured_frozen_slate_without_production_constraints_or_new_candidates
ROUND_003,sens_length_learned,1.0,4,51.875,4,v2_430e18c49d10;v2_4aeffae55153;v2_27a2b16cc327;v2_8f6028d7e59a,rerank_measured_frozen_slate_without_production_constraints_or_new_candidates
ROUND_003,sens_length_learned,2.0,4,45.25,3,v2_4aeffae55153;v2_8f6028d7e59a;v2_27a2b16cc327;v2_afa1348627bc,rerank_measured_frozen_slate_without_production_constraints_or_new_candidates
ROUND_003,sens_length_long,0.35,4,51.875,4,v2_430e18c49d10;v2_27a2b16cc327;v2_4aeffae55153;v2_8f6028d7e59a,rerank_measured_frozen_slate_without_production_constraints_or_new_candidates
ROUND_003,sens_length_long,0.0,4,51.875,4,v2_430e18c49d10;v2_27a2b16cc327;v2_4aeffae55153;v2_8f6028d7e59a,rerank_measured_frozen_slate_without_production_constraints_or_new_candidates
ROUND_003,sens_length_long,1.0,4,51.875,4,v2_4aeffae55153;v2_430e18c49d10;v2_27a2b16cc327;v2_8f6028d7e59a,rerank_measured_frozen_slate_without_production_constraints_or_new_candidates
ROUND_003,sens_length_long,2.0,4,51.875,4,v2_4aeffae55153;v2_8f6028d7e59a;v2_27a2b16cc327;v2_430e18c49d10,rerank_measured_frozen_slate_without_production_constraints_or_new_candidates
ROUND_003,sens_length_short,0.35,4,42.25,4,v2_27a2b16cc327;v2_4aeffae55153;v2_afa1348627bc;v2_d93bf1a562c8,rerank_measured_frozen_slate_without_production_constraints_or_new_candidates
ROUND_003,sens_length_short,0.0,4,42.25,4,v2_27a2b16cc327;v2_4aeffae55153;v2_afa1348627bc;v2_d93bf1a562c8,rerank_measured_frozen_slate_without_production_constraints_or_new_candidates
ROUND_003,sens_length_short,1.0,4,42.25,4,v2_27a2b16cc327;v2_4aeffae55153;v2_afa1348627bc;v2_d93bf1a562c8,rerank_measured_frozen_slate_without_production_constraints_or_new_candidates
ROUND_003,sens_length_short,2.0,4,42.25,4,v2_27a2b16cc327;v2_4aeffae55153;v2_afa1348627bc;v2_d93bf1a562c8,rerank_measured_frozen_slate_without_production_constraints_or_new_candidates
ROUND_003,sens_logit,0.35,4,51.25,4,v2_430e18c49d10;v2_27a2b16cc327;v2_4aeffae55153;v2_afa1348627bc,rerank_measured_frozen_slate_without_production_constraints_or_new_candidates
ROUND_003,sens_logit,0.0,4,51.25,4,v2_430e18c49d10;v2_27a2b16cc327;v2_4aeffae55153;v2_afa1348627bc,rerank_measured_frozen_slate_without_production_constraints_or_new_candidates
ROUND_003,sens_logit,1.0,4,51.25,4,v2_430e18c49d10;v2_27a2b16cc327;v2_4aeffae55153;v2_afa1348627bc,rerank_measured_frozen_slate_without_production_constraints_or_new_candidates
ROUND_003,sens_logit,2.0,4,51.25,4,v2_27a2b16cc327;v2_430e18c49d10;v2_4aeffae55153;v2_afa1348627bc,rerank_measured_frozen_slate_without_production_constraints_or_new_candidates
ROUND_003,sens_matern15,0.35,4,51.25,4,v2_430e18c49d10;v2_27a2b16cc327;v2_4aeffae55153;v2_afa1348627bc,rerank_measured_frozen_slate_without_production_constraints_or_new_candidates
ROUND_003,sens_matern15,0.0,4,51.25,4,v2_430e18c49d10;v2_27a2b16cc327;v2_4aeffae55153;v2_afa1348627bc,rerank_measured_frozen_slate_without_production_constraints_or_new_candidates
ROUND_003,sens_matern15,1.0,4,51.25,4,v2_430e18c49d10;v2_27a2b16cc327;v2_4aeffae55153;v2_afa1348627bc,rerank_measured_frozen_slate_without_production_constraints_or_new_candidates
ROUND_003,sens_matern15,2.0,4,51.25,4,v2_27a2b16cc327;v2_430e18c49d10;v2_4aeffae55153;v2_afa1348627bc,rerank_measured_frozen_slate_without_production_constraints_or_new_candidates
ROUND_003,sens_mean_median,0.35,4,51.25,4,v2_430e18c49d10;v2_27a2b16cc327;v2_4aeffae55153;v2_afa1348627bc,rerank_measured_frozen_slate_without_production_constraints_or_new_candidates
ROUND_003,sens_mean_median,0.0,4,51.25,4,v2_430e18c49d10;v2_27a2b16cc327;v2_4aeffae55153;v2_afa1348627bc,rerank_measured_frozen_slate_without_production_constraints_or_new_candidates
ROUND_003,sens_mean_median,1.0,4,51.25,4,v2_430e18c49d10;v2_27a2b16cc327;v2_4aeffae55153;v2_afa1348627bc,rerank_measured_frozen_slate_without_production_constraints_or_new_candidates
ROUND_003,sens_mean_median,2.0,4,51.25,4,v2_27a2b16cc327;v2_430e18c49d10;v2_4aeffae55153;v2_afa1348627bc,rerank_measured_frozen_slate_without_production_constraints_or_new_candidates
ROUND_003,sens_mixed_sources,0.35,4,46.0,4,v2_27a2b16cc327;v2_84c11063c325;v2_4aeffae55153;v2_0a63a12b60f3,rerank_measured_frozen_slate_without_production_constraints_or_new_candidates
ROUND_003,sens_mixed_sources,0.0,4,52.75,3,v2_27a2b16cc327;v2_84c11063c325;v2_4aeffae55153;v2_430e18c49d10,rerank_measured_frozen_slate_without_production_constraints_or_new_candidates
ROUND_003,sens_mixed_sources,1.0,4,42.25,3,v2_84c11063c325;v2_4aeffae55153;v2_3db5f7aa7cdd;v2_0a63a12b60f3,rerank_measured_frozen_slate_without_production_constraints_or_new_candidates
ROUND_003,sens_mixed_sources,2.0,4,37.625,1,v2_3db5f7aa7cdd;v2_afa1348627bc;v2_0a63a12b60f3;v2_4f4525f1566d,rerank_measured_frozen_slate_without_production_constraints_or_new_candidates
ROUND_003,sens_noise_10pp,0.35,4,51.25,4,v2_430e18c49d10;v2_27a2b16cc327;v2_4aeffae55153;v2_afa1348627bc,rerank_measured_frozen_slate_without_production_constraints_or_new_candidates
ROUND_003,sens_noise_10pp,0.0,4,51.25,4,v2_430e18c49d10;v2_27a2b16cc327;v2_4aeffae55153;v2_afa1348627bc,rerank_measured_frozen_slate_without_production_constraints_or_new_candidates
ROUND_003,sens_noise_10pp,1.0,4,51.25,4,v2_27a2b16cc327;v2_430e18c49d10;v2_4aeffae55153;v2_afa1348627bc,rerank_measured_frozen_slate_without_production_constraints_or_new_candidates
ROUND_003,sens_noise_10pp,2.0,4,51.25,4,v2_27a2b16cc327;v2_430e18c49d10;v2_4aeffae55153;v2_afa1348627bc,rerank_measured_frozen_slate_without_production_constraints_or_new_candidates
ROUND_003,sens_noise_1pp,0.35,4,51.25,4,v2_430e18c49d10;v2_27a2b16cc327;v2_4aeffae55153;v2_afa1348627bc,rerank_measured_frozen_slate_without_production_constraints_or_new_candidates
ROUND_003,sens_noise_1pp,0.0,4,51.25,4,v2_430e18c49d10;v2_27a2b16cc327;v2_4aeffae55153;v2_afa1348627bc,rerank_measured_frozen_slate_without_production_constraints_or_new_candidates
ROUND_003,sens_noise_1pp,1.0,4,51.25,4,v2_430e18c49d10;v2_27a2b16cc327;v2_4aeffae55153;v2_afa1348627bc,rerank_measured_frozen_slate_without_production_constraints_or_new_candidates
ROUND_003,sens_noise_1pp,2.0,4,51.25,4,v2_27a2b16cc327;v2_430e18c49d10;v2_4aeffae55153;v2_afa1348627bc,rerank_measured_frozen_slate_without_production_constraints_or_new_candidates
ROUND_003,sens_noise_3pp,0.35,4,51.25,4,v2_430e18c49d10;v2_27a2b16cc327;v2_4aeffae55153;v2_afa1348627bc,rerank_measured_frozen_slate_without_production_constraints_or_new_candidates
ROUND_003,sens_noise_3pp,0.0,4,51.25,4,v2_430e18c49d10;v2_27a2b16cc327;v2_4aeffae55153;v2_afa1348627bc,rerank_measured_frozen_slate_without_production_constraints_or_new_candidates
ROUND_003,sens_noise_3pp,1.0,4,51.25,4,v2_430e18c49d10;v2_27a2b16cc327;v2_4aeffae55153;v2_afa1348627bc,rerank_measured_frozen_slate_without_production_constraints_or_new_candidates
ROUND_003,sens_noise_3pp,2.0,4,51.25,4,v2_27a2b16cc327;v2_430e18c49d10;v2_4aeffae55153;v2_afa1348627bc,rerank_measured_frozen_slate_without_production_constraints_or_new_candidates
ROUND_003,sens_noise_5pp,0.35,4,51.25,4,v2_430e18c49d10;v2_27a2b16cc327;v2_4aeffae55153;v2_afa1348627bc,rerank_measured_frozen_slate_without_production_constraints_or_new_candidates
ROUND_003,sens_noise_5pp,0.0,4,51.25,4,v2_430e18c49d10;v2_27a2b16cc327;v2_4aeffae55153;v2_afa1348627bc,rerank_measured_frozen_slate_without_production_constraints_or_new_candidates
ROUND_003,sens_noise_5pp,1.0,4,51.25,4,v2_27a2b16cc327;v2_430e18c49d10;v2_4aeffae55153;v2_afa1348627bc,rerank_measured_frozen_slate_without_production_constraints_or_new_candidates
ROUND_003,sens_noise_5pp,2.0,4,51.25,4,v2_27a2b16cc327;v2_430e18c49d10;v2_4aeffae55153;v2_afa1348627bc,rerank_measured_frozen_slate_without_production_constraints_or_new_candidates
ROUND_003,sens_noise_learned,0.35,4,51.25,4,v2_430e18c49d10;v2_27a2b16cc327;v2_4aeffae55153;v2_afa1348627bc,rerank_measured_frozen_slate_without_production_constraints_or_new_candidates
ROUND_003,sens_noise_learned,0.0,4,51.25,4,v2_430e18c49d10;v2_27a2b16cc327;v2_4aeffae55153;v2_afa1348627bc,rerank_measured_frozen_slate_without_production_constraints_or_new_candidates
ROUND_003,sens_noise_learned,1.0,4,51.25,4,v2_430e18c49d10;v2_27a2b16cc327;v2_4aeffae55153;v2_afa1348627bc,rerank_measured_frozen_slate_without_production_constraints_or_new_candidates
ROUND_003,sens_noise_learned,2.0,4,51.25,4,v2_27a2b16cc327;v2_430e18c49d10;v2_4aeffae55153;v2_afa1348627bc,rerank_measured_frozen_slate_without_production_constraints_or_new_candidates
ROUND_003,sens_rbf,0.35,4,51.25,4,v2_430e18c49d10;v2_27a2b16cc327;v2_4aeffae55153;v2_afa1348627bc,rerank_measured_frozen_slate_without_production_constraints_or_new_candidates
ROUND_003,sens_rbf,0.0,4,51.25,4,v2_430e18c49d10;v2_27a2b16cc327;v2_4aeffae55153;v2_afa1348627bc,rerank_measured_frozen_slate_without_production_constraints_or_new_candidates
ROUND_003,sens_rbf,1.0,4,51.25,4,v2_430e18c49d10;v2_27a2b16cc327;v2_4aeffae55153;v2_afa1348627bc,rerank_measured_frozen_slate_without_production_constraints_or_new_candidates
ROUND_003,sens_rbf,2.0,4,42.25,3,v2_27a2b16cc327;v2_4aeffae55153;v2_afa1348627bc;v2_d93bf1a562c8,rerank_measured_frozen_slate_without_production_constraints_or_new_candidates
ROUND_003,sens_recent3,0.35,4,51.25,4,v2_430e18c49d10;v2_27a2b16cc327;v2_4aeffae55153;v2_afa1348627bc,rerank_measured_frozen_slate_without_production_constraints_or_new_candidates
ROUND_003,sens_recent3,0.0,4,51.25,4,v2_430e18c49d10;v2_27a2b16cc327;v2_4aeffae55153;v2_afa1348627bc,rerank_measured_frozen_slate_without_production_constraints_or_new_candidates
ROUND_003,sens_recent3,1.0,4,51.25,4,v2_430e18c49d10;v2_27a2b16cc327;v2_4aeffae55153;v2_afa1348627bc,rerank_measured_frozen_slate_without_production_constraints_or_new_candidates
ROUND_003,sens_recent3,2.0,4,51.25,4,v2_27a2b16cc327;v2_430e18c49d10;v2_4aeffae55153;v2_afa1348627bc,rerank_measured_frozen_slate_without_production_constraints_or_new_candidates
ROUND_004,campaign_bounds_learned,0.35,4,35.489375,4,v2_eb8bb8b8618f;v2_6005e837cd4b;v2_4da335e6bc9d;v2_8d9d8b0a7098,rerank_measured_frozen_slate_without_production_constraints_or_new_candidates
ROUND_004,campaign_bounds_learned,0.0,4,45.59125,3,v2_eb8bb8b8618f;v2_6005e837cd4b;v2_8d9d8b0a7098;v2_0e9e2b605ce7,rerank_measured_frozen_slate_without_production_constraints_or_new_candidates
ROUND_004,campaign_bounds_learned,1.0,4,23.171875,3,v2_eb8bb8b8618f;v2_6005e837cd4b;v2_4da335e6bc9d;v2_98a8e114024b,rerank_measured_frozen_slate_without_production_constraints_or_new_candidates
ROUND_004,campaign_bounds_learned,2.0,4,23.171875,3,v2_6005e837cd4b;v2_4da335e6bc9d;v2_eb8bb8b8618f;v2_98a8e114024b,rerank_measured_frozen_slate_without_production_constraints_or_new_candidates
ROUND_004,campaign_existing,0.35,4,35.4675,4,v2_eb8bb8b8618f;v2_4da335e6bc9d;v2_6005e837cd4b;v2_0e9e2b605ce7,rerank_measured_frozen_slate_without_production_constraints_or_new_candidates
ROUND_004,campaign_existing,0.0,4,35.4675,4,v2_eb8bb8b8618f;v2_4da335e6bc9d;v2_6005e837cd4b;v2_0e9e2b605ce7,rerank_measured_frozen_slate_without_production_constraints_or_new_candidates
ROUND_004,campaign_existing,1.0,4,31.795,3,v2_eb8bb8b8618f;v2_6005e837cd4b;v2_4da335e6bc9d;v2_1d06992cb257,rerank_measured_frozen_slate_without_production_constraints_or_new_candidates
ROUND_004,campaign_existing,2.0,4,31.795,3,v2_eb8bb8b8618f;v2_6005e837cd4b;v2_4da335e6bc9d;v2_1d06992cb257,rerank_measured_frozen_slate_without_production_constraints_or_new_candidates
ROUND_004,campaign_existing_adaptive,0.35,4,35.4675,4,v2_eb8bb8b8618f;v2_4da335e6bc9d;v2_6005e837cd4b;v2_0e9e2b605ce7,rerank_measured_frozen_slate_without_production_constraints_or_new_candidates
ROUND_004,campaign_existing_adaptive,0.0,4,35.4675,4,v2_eb8bb8b8618f;v2_4da335e6bc9d;v2_6005e837cd4b;v2_0e9e2b605ce7,rerank_measured_frozen_slate_without_production_constraints_or_new_candidates
ROUND_004,campaign_existing_adaptive,1.0,4,31.795,3,v2_eb8bb8b8618f;v2_4da335e6bc9d;v2_6005e837cd4b;v2_1d06992cb257,rerank_measured_frozen_slate_without_production_constraints_or_new_candidates
ROUND_004,campaign_existing_adaptive,2.0,4,31.795,3,v2_eb8bb8b8618f;v2_6005e837cd4b;v2_4da335e6bc9d;v2_1d06992cb257,rerank_measured_frozen_slate_without_production_constraints_or_new_candidates
ROUND_004,campaign_mean,0.35,4,24.284375,4,v2_0e9e2b605ce7;v2_1d06992cb257;v2_1e09bd3298a1;v2_4da335e6bc9d,rerank_measured_frozen_slate_without_production_constraints_or_new_candidates
ROUND_004,campaign_mean,0.0,4,24.284375,4,v2_0e9e2b605ce7;v2_1d06992cb257;v2_1e09bd3298a1;v2_4da335e6bc9d,rerank_measured_frozen_slate_without_production_constraints_or_new_candidates
ROUND_004,campaign_mean,1.0,4,24.284375,4,v2_0e9e2b605ce7;v2_1d06992cb257;v2_1e09bd3298a1;v2_4da335e6bc9d,rerank_measured_frozen_slate_without_production_constraints_or_new_candidates
ROUND_004,campaign_mean,2.0,4,24.284375,4,v2_0e9e2b605ce7;v2_1d06992cb257;v2_1e09bd3298a1;v2_4da335e6bc9d,rerank_measured_frozen_slate_without_production_constraints_or_new_candidates
ROUND_004,campaign_median,0.35,4,24.284375,4,v2_0e9e2b605ce7;v2_1d06992cb257;v2_1e09bd3298a1;v2_4da335e6bc9d,rerank_measured_frozen_slate_without_production_constraints_or_new_candidates
ROUND_004,campaign_median,0.0,4,24.284375,4,v2_0e9e2b605ce7;v2_1d06992cb257;v2_1e09bd3298a1;v2_4da335e6bc9d,rerank_measured_frozen_slate_without_production_constraints_or_new_candidates
ROUND_004,campaign_median,1.0,4,24.284375,4,v2_0e9e2b605ce7;v2_1d06992cb257;v2_1e09bd3298a1;v2_4da335e6bc9d,rerank_measured_frozen_slate_without_production_constraints_or_new_candidates
ROUND_004,campaign_median,2.0,4,24.284375,4,v2_0e9e2b605ce7;v2_1d06992cb257;v2_1e09bd3298a1;v2_4da335e6bc9d,rerank_measured_frozen_slate_without_production_constraints_or_new_candidates
ROUND_004,current_mixed,0.35,4,41.026875,4,v2_0e9e2b605ce7;v2_8d9d8b0a7098;v2_eb8bb8b8618f;v2_4da335e6bc9d,rerank_measured_frozen_slate_without_production_constraints_or_new_candidates
ROUND_004,current_mixed,0.0,4,41.026875,4,v2_0e9e2b605ce7;v2_8d9d8b0a7098;v2_eb8bb8b8618f;v2_4da335e6bc9d,rerank_measured_frozen_slate_without_production_constraints_or_new_candidates
ROUND_004,current_mixed,1.0,4,27.97875,3,v2_8d9d8b0a7098;v2_0e9e2b605ce7;v2_4da335e6bc9d;v2_1e09bd3298a1,rerank_measured_frozen_slate_without_production_constraints_or_new_candidates
ROUND_004,current_mixed,2.0,4,19.57875,0,v2_e5b28bf5a066;v2_98a8e114024b;v2_1e09bd3298a1;v2_1d06992cb257,rerank_measured_frozen_slate_without_production_constraints_or_new_candidates
ROUND_004,legacy_correction,0.35,4,38.6725,4,v2_0e9e2b605ce7;v2_8d9d8b0a7098;v2_eb8bb8b8618f;v2_1e09bd3298a1,rerank_measured_frozen_slate_without_production_constraints_or_new_candidates
ROUND_004,legacy_correction,0.0,4,38.6725,4,v2_0e9e2b605ce7;v2_8d9d8b0a7098;v2_eb8bb8b8618f;v2_1e09bd3298a1,rerank_measured_frozen_slate_without_production_constraints_or_new_candidates
ROUND_004,legacy_correction,1.0,4,38.6725,4,v2_eb8bb8b8618f;v2_8d9d8b0a7098;v2_0e9e2b605ce7;v2_1e09bd3298a1,rerank_measured_frozen_slate_without_production_constraints_or_new_candidates
ROUND_004,legacy_correction,2.0,4,28.570625,3,v2_eb8bb8b8618f;v2_1e09bd3298a1;v2_4da335e6bc9d;v2_8d9d8b0a7098,rerank_measured_frozen_slate_without_production_constraints_or_new_candidates
ROUND_004,sens_amplitude_learned,0.35,4,35.4675,4,v2_eb8bb8b8618f;v2_4da335e6bc9d;v2_6005e837cd4b;v2_0e9e2b605ce7,rerank_measured_frozen_slate_without_production_constraints_or_new_candidates
ROUND_004,sens_amplitude_learned,0.0,4,35.4675,4,v2_eb8bb8b8618f;v2_4da335e6bc9d;v2_6005e837cd4b;v2_0e9e2b605ce7,rerank_measured_frozen_slate_without_production_constraints_or_new_candidates
ROUND_004,sens_amplitude_learned,1.0,4,31.795,3,v2_eb8bb8b8618f;v2_4da335e6bc9d;v2_6005e837cd4b;v2_1d06992cb257,rerank_measured_frozen_slate_without_production_constraints_or_new_candidates
ROUND_004,sens_amplitude_learned,2.0,4,31.795,3,v2_eb8bb8b8618f;v2_6005e837cd4b;v2_4da335e6bc9d;v2_1d06992cb257,rerank_measured_frozen_slate_without_production_constraints_or_new_candidates
ROUND_004,sens_ard_learned,0.35,4,37.489374999999995,4,v2_eb8bb8b8618f;v2_6005e837cd4b;v2_ced63818bdd1;v2_1d06992cb257,rerank_measured_frozen_slate_without_production_constraints_or_new_candidates
ROUND_004,sens_ard_learned,0.0,4,37.489374999999995,4,v2_eb8bb8b8618f;v2_6005e837cd4b;v2_ced63818bdd1;v2_1d06992cb257,rerank_measured_frozen_slate_without_production_constraints_or_new_candidates
ROUND_004,sens_ard_learned,1.0,4,37.489374999999995,4,v2_eb8bb8b8618f;v2_6005e837cd4b;v2_ced63818bdd1;v2_1d06992cb257,rerank_measured_frozen_slate_without_production_constraints_or_new_candidates
ROUND_004,sens_ard_learned,2.0,4,37.489374999999995,4,v2_eb8bb8b8618f;v2_6005e837cd4b;v2_ced63818bdd1;v2_1d06992cb257,rerank_measured_frozen_slate_without_production_constraints_or_new_candidates
ROUND_004,sens_baseline,0.35,4,35.4675,4,v2_eb8bb8b8618f;v2_4da335e6bc9d;v2_6005e837cd4b;v2_0e9e2b605ce7,rerank_measured_frozen_slate_without_production_constraints_or_new_candidates
ROUND_004,sens_baseline,0.0,4,35.4675,4,v2_eb8bb8b8618f;v2_4da335e6bc9d;v2_6005e837cd4b;v2_0e9e2b605ce7,rerank_measured_frozen_slate_without_production_constraints_or_new_candidates
ROUND_004,sens_baseline,1.0,4,31.795,3,v2_eb8bb8b8618f;v2_6005e837cd4b;v2_4da335e6bc9d;v2_1d06992cb257,rerank_measured_frozen_slate_without_production_constraints_or_new_candidates
ROUND_004,sens_baseline,2.0,4,31.795,3,v2_eb8bb8b8618f;v2_6005e837cd4b;v2_4da335e6bc9d;v2_1d06992cb257,rerank_measured_frozen_slate_without_production_constraints_or_new_candidates
ROUND_004,sens_bounds,0.35,4,45.59125,4,v2_eb8bb8b8618f;v2_6005e837cd4b;v2_8d9d8b0a7098;v2_0e9e2b605ce7,rerank_measured_frozen_slate_without_production_constraints_or_new_candidates
ROUND_004,sens_bounds,0.0,4,45.59125,4,v2_eb8bb8b8618f;v2_6005e837cd4b;v2_8d9d8b0a7098;v2_0e9e2b605ce7,rerank_measured_frozen_slate_without_production_constraints_or_new_candidates
ROUND_004,sens_bounds,1.0,4,35.489375,3,v2_eb8bb8b8618f;v2_6005e837cd4b;v2_4da335e6bc9d;v2_8d9d8b0a7098,rerank_measured_frozen_slate_without_production_constraints_or_new_candidates
ROUND_004,sens_bounds,2.0,4,23.171875,2,v2_6005e837cd4b;v2_eb8bb8b8618f;v2_4da335e6bc9d;v2_98a8e114024b,rerank_measured_frozen_slate_without_production_constraints_or_new_candidates
ROUND_004,sens_bounds_learned,0.35,4,35.489375,4,v2_eb8bb8b8618f;v2_6005e837cd4b;v2_4da335e6bc9d;v2_8d9d8b0a7098,rerank_measured_frozen_slate_without_production_constraints_or_new_candidates
ROUND_004,sens_bounds_learned,0.0,4,45.59125,3,v2_eb8bb8b8618f;v2_6005e837cd4b;v2_8d9d8b0a7098;v2_0e9e2b605ce7,rerank_measured_frozen_slate_without_production_constraints_or_new_candidates
ROUND_004,sens_bounds_learned,1.0,4,23.171875,3,v2_eb8bb8b8618f;v2_6005e837cd4b;v2_4da335e6bc9d;v2_98a8e114024b,rerank_measured_frozen_slate_without_production_constraints_or_new_candidates
ROUND_004,sens_bounds_learned,2.0,4,23.171875,3,v2_6005e837cd4b;v2_4da335e6bc9d;v2_eb8bb8b8618f;v2_98a8e114024b,rerank_measured_frozen_slate_without_production_constraints_or_new_candidates
ROUND_004,sens_bounds_learned_restarts,0.35,4,35.489375,4,v2_eb8bb8b8618f;v2_6005e837cd4b;v2_4da335e6bc9d;v2_8d9d8b0a7098,rerank_measured_frozen_slate_without_production_constraints_or_new_candidates
ROUND_004,sens_bounds_learned_restarts,0.0,4,45.59125,3,v2_eb8bb8b8618f;v2_6005e837cd4b;v2_8d9d8b0a7098;v2_0e9e2b605ce7,rerank_measured_frozen_slate_without_production_constraints_or_new_candidates
ROUND_004,sens_bounds_learned_restarts,1.0,4,23.171875,3,v2_eb8bb8b8618f;v2_6005e837cd4b;v2_4da335e6bc9d;v2_98a8e114024b,rerank_measured_frozen_slate_without_production_constraints_or_new_candidates
ROUND_004,sens_bounds_learned_restarts,2.0,4,23.171875,3,v2_6005e837cd4b;v2_4da335e6bc9d;v2_eb8bb8b8618f;v2_98a8e114024b,rerank_measured_frozen_slate_without_production_constraints_or_new_candidates
ROUND_004,sens_bounds_learned_wide,0.35,4,35.489375,4,v2_eb8bb8b8618f;v2_6005e837cd4b;v2_4da335e6bc9d;v2_8d9d8b0a7098,rerank_measured_frozen_slate_without_production_constraints_or_new_candidates
ROUND_004,sens_bounds_learned_wide,0.0,4,45.59125,3,v2_eb8bb8b8618f;v2_6005e837cd4b;v2_8d9d8b0a7098;v2_0e9e2b605ce7,rerank_measured_frozen_slate_without_production_constraints_or_new_candidates
ROUND_004,sens_bounds_learned_wide,1.0,4,23.171875,3,v2_eb8bb8b8618f;v2_6005e837cd4b;v2_4da335e6bc9d;v2_98a8e114024b,rerank_measured_frozen_slate_without_production_constraints_or_new_candidates
ROUND_004,sens_bounds_learned_wide,2.0,4,23.171875,3,v2_6005e837cd4b;v2_4da335e6bc9d;v2_eb8bb8b8618f;v2_98a8e114024b,rerank_measured_frozen_slate_without_production_constraints_or_new_candidates
ROUND_004,sens_length_learned,0.35,4,45.59125,4,v2_eb8bb8b8618f;v2_0e9e2b605ce7;v2_8d9d8b0a7098;v2_6005e837cd4b,rerank_measured_frozen_slate_without_production_constraints_or_new_candidates
ROUND_004,sens_length_learned,0.0,4,45.59125,4,v2_eb8bb8b8618f;v2_0e9e2b605ce7;v2_8d9d8b0a7098;v2_6005e837cd4b,rerank_measured_frozen_slate_without_production_constraints_or_new_candidates
ROUND_004,sens_length_learned,1.0,4,45.591249999999995,4,v2_eb8bb8b8618f;v2_6005e837cd4b;v2_0e9e2b605ce7;v2_8d9d8b0a7098,rerank_measured_frozen_slate_without_production_constraints_or_new_candidates
ROUND_004,sens_length_learned,2.0,4,41.896874999999994,3,v2_6005e837cd4b;v2_eb8bb8b8618f;v2_0e9e2b605ce7;v2_1d06992cb257,rerank_measured_frozen_slate_without_production_constraints_or_new_candidates
ROUND_004,sens_length_long,0.35,4,45.59125,4,v2_eb8bb8b8618f;v2_0e9e2b605ce7;v2_8d9d8b0a7098;v2_6005e837cd4b,rerank_measured_frozen_slate_without_production_constraints_or_new_candidates
ROUND_004,sens_length_long,0.0,4,45.59125,4,v2_eb8bb8b8618f;v2_0e9e2b605ce7;v2_8d9d8b0a7098;v2_6005e837cd4b,rerank_measured_frozen_slate_without_production_constraints_or_new_candidates
ROUND_004,sens_length_long,1.0,4,45.591249999999995,4,v2_eb8bb8b8618f;v2_6005e837cd4b;v2_0e9e2b605ce7;v2_8d9d8b0a7098,rerank_measured_frozen_slate_without_production_constraints_or_new_candidates
ROUND_004,sens_length_long,2.0,4,45.591249999999995,4,v2_6005e837cd4b;v2_eb8bb8b8618f;v2_0e9e2b605ce7;v2_8d9d8b0a7098,rerank_measured_frozen_slate_without_production_constraints_or_new_candidates
ROUND_004,sens_length_short,0.35,4,31.795,4,v2_eb8bb8b8618f;v2_4da335e6bc9d;v2_6005e837cd4b;v2_1d06992cb257,rerank_measured_frozen_slate_without_production_constraints_or_new_candidates
ROUND_004,sens_length_short,0.0,4,31.795,4,v2_eb8bb8b8618f;v2_4da335e6bc9d;v2_6005e837cd4b;v2_1d06992cb257,rerank_measured_frozen_slate_without_production_constraints_or_new_candidates
ROUND_004,sens_length_short,1.0,4,31.795,4,v2_eb8bb8b8618f;v2_4da335e6bc9d;v2_6005e837cd4b;v2_1d06992cb257,rerank_measured_frozen_slate_without_production_constraints_or_new_candidates
ROUND_004,sens_length_short,2.0,4,31.795,4,v2_eb8bb8b8618f;v2_4da335e6bc9d;v2_6005e837cd4b;v2_1d06992cb257,rerank_measured_frozen_slate_without_production_constraints_or_new_candidates
ROUND_004,sens_logit,0.35,4,35.4675,4,v2_eb8bb8b8618f;v2_4da335e6bc9d;v2_6005e837cd4b;v2_0e9e2b605ce7,rerank_measured_frozen_slate_without_production_constraints_or_new_candidates
ROUND_004,sens_logit,0.0,4,35.4675,4,v2_eb8bb8b8618f;v2_4da335e6bc9d;v2_6005e837cd4b;v2_0e9e2b605ce7,rerank_measured_frozen_slate_without_production_constraints_or_new_candidates
ROUND_004,sens_logit,1.0,4,31.795,3,v2_eb8bb8b8618f;v2_4da335e6bc9d;v2_6005e837cd4b;v2_1d06992cb257,rerank_measured_frozen_slate_without_production_constraints_or_new_candidates
ROUND_004,sens_logit,2.0,4,31.795,3,v2_eb8bb8b8618f;v2_6005e837cd4b;v2_4da335e6bc9d;v2_1d06992cb257,rerank_measured_frozen_slate_without_production_constraints_or_new_candidates
ROUND_004,sens_matern15,0.35,4,35.4675,4,v2_eb8bb8b8618f;v2_4da335e6bc9d;v2_6005e837cd4b;v2_0e9e2b605ce7,rerank_measured_frozen_slate_without_production_constraints_or_new_candidates
ROUND_004,sens_matern15,0.0,4,35.4675,4,v2_eb8bb8b8618f;v2_4da335e6bc9d;v2_0e9e2b605ce7;v2_6005e837cd4b,rerank_measured_frozen_slate_without_production_constraints_or_new_candidates
ROUND_004,sens_matern15,1.0,4,35.4675,4,v2_eb8bb8b8618f;v2_6005e837cd4b;v2_4da335e6bc9d;v2_0e9e2b605ce7,rerank_measured_frozen_slate_without_production_constraints_or_new_candidates
ROUND_004,sens_matern15,2.0,4,31.795,3,v2_eb8bb8b8618f;v2_6005e837cd4b;v2_4da335e6bc9d;v2_1d06992cb257,rerank_measured_frozen_slate_without_production_constraints_or_new_candidates
ROUND_004,sens_mean_median,0.35,4,41.026875000000004,4,v2_eb8bb8b8618f;v2_0e9e2b605ce7;v2_4da335e6bc9d;v2_8d9d8b0a7098,rerank_measured_frozen_slate_without_production_constraints_or_new_candidates
ROUND_004,sens_mean_median,0.0,4,41.026875000000004,4,v2_eb8bb8b8618f;v2_0e9e2b605ce7;v2_4da335e6bc9d;v2_8d9d8b0a7098,rerank_measured_frozen_slate_without_production_constraints_or_new_candidates
ROUND_004,sens_mean_median,1.0,4,41.026875000000004,4,v2_eb8bb8b8618f;v2_0e9e2b605ce7;v2_4da335e6bc9d;v2_8d9d8b0a7098,rerank_measured_frozen_slate_without_production_constraints_or_new_candidates
ROUND_004,sens_mean_median,2.0,4,35.4675,3,v2_eb8bb8b8618f;v2_4da335e6bc9d;v2_0e9e2b605ce7;v2_6005e837cd4b,rerank_measured_frozen_slate_without_production_constraints_or_new_candidates
ROUND_004,sens_mixed_sources,0.35,4,41.026875,4,v2_0e9e2b605ce7;v2_8d9d8b0a7098;v2_eb8bb8b8618f;v2_4da335e6bc9d,rerank_measured_frozen_slate_without_production_constraints_or_new_candidates
ROUND_004,sens_mixed_sources,0.0,4,41.026875,4,v2_0e9e2b605ce7;v2_8d9d8b0a7098;v2_eb8bb8b8618f;v2_4da335e6bc9d,rerank_measured_frozen_slate_without_production_constraints_or_new_candidates
ROUND_004,sens_mixed_sources,1.0,4,27.97875,3,v2_8d9d8b0a7098;v2_0e9e2b605ce7;v2_4da335e6bc9d;v2_1e09bd3298a1,rerank_measured_frozen_slate_without_production_constraints_or_new_candidates
ROUND_004,sens_mixed_sources,2.0,4,19.57875,0,v2_e5b28bf5a066;v2_98a8e114024b;v2_1e09bd3298a1;v2_1d06992cb257,rerank_measured_frozen_slate_without_production_constraints_or_new_candidates
ROUND_004,sens_noise_10pp,0.35,4,35.4675,4,v2_eb8bb8b8618f;v2_4da335e6bc9d;v2_0e9e2b605ce7;v2_6005e837cd4b,rerank_measured_frozen_slate_without_production_constraints_or_new_candidates
ROUND_004,sens_noise_10pp,0.0,4,35.4675,4,v2_eb8bb8b8618f;v2_4da335e6bc9d;v2_0e9e2b605ce7;v2_6005e837cd4b,rerank_measured_frozen_slate_without_production_constraints_or_new_candidates
ROUND_004,sens_noise_10pp,1.0,4,35.4675,4,v2_eb8bb8b8618f;v2_4da335e6bc9d;v2_6005e837cd4b;v2_0e9e2b605ce7,rerank_measured_frozen_slate_without_production_constraints_or_new_candidates
ROUND_004,sens_noise_10pp,2.0,4,31.795,3,v2_eb8bb8b8618f;v2_6005e837cd4b;v2_4da335e6bc9d;v2_1d06992cb257,rerank_measured_frozen_slate_without_production_constraints_or_new_candidates
ROUND_004,sens_noise_1pp,0.35,4,35.4675,4,v2_eb8bb8b8618f;v2_4da335e6bc9d;v2_6005e837cd4b;v2_0e9e2b605ce7,rerank_measured_frozen_slate_without_production_constraints_or_new_candidates
ROUND_004,sens_noise_1pp,0.0,4,35.4675,4,v2_eb8bb8b8618f;v2_4da335e6bc9d;v2_6005e837cd4b;v2_0e9e2b605ce7,rerank_measured_frozen_slate_without_production_constraints_or_new_candidates
ROUND_004,sens_noise_1pp,1.0,4,31.795,3,v2_eb8bb8b8618f;v2_6005e837cd4b;v2_4da335e6bc9d;v2_1d06992cb257,rerank_measured_frozen_slate_without_production_constraints_or_new_candidates
ROUND_004,sens_noise_1pp,2.0,4,31.795,3,v2_eb8bb8b8618f;v2_6005e837cd4b;v2_4da335e6bc9d;v2_1d06992cb257,rerank_measured_frozen_slate_without_production_constraints_or_new_candidates
ROUND_004,sens_noise_3pp,0.35,4,35.4675,4,v2_eb8bb8b8618f;v2_4da335e6bc9d;v2_6005e837cd4b;v2_0e9e2b605ce7,rerank_measured_frozen_slate_without_production_constraints_or_new_candidates
ROUND_004,sens_noise_3pp,0.0,4,35.4675,4,v2_eb8bb8b8618f;v2_4da335e6bc9d;v2_6005e837cd4b;v2_0e9e2b605ce7,rerank_measured_frozen_slate_without_production_constraints_or_new_candidates
ROUND_004,sens_noise_3pp,1.0,4,31.795,3,v2_eb8bb8b8618f;v2_4da335e6bc9d;v2_6005e837cd4b;v2_1d06992cb257,rerank_measured_frozen_slate_without_production_constraints_or_new_candidates
ROUND_004,sens_noise_3pp,2.0,4,31.795,3,v2_eb8bb8b8618f;v2_6005e837cd4b;v2_4da335e6bc9d;v2_1d06992cb257,rerank_measured_frozen_slate_without_production_constraints_or_new_candidates
ROUND_004,sens_noise_5pp,0.35,4,35.4675,4,v2_eb8bb8b8618f;v2_4da335e6bc9d;v2_6005e837cd4b;v2_0e9e2b605ce7,rerank_measured_frozen_slate_without_production_constraints_or_new_candidates
ROUND_004,sens_noise_5pp,0.0,4,35.4675,4,v2_eb8bb8b8618f;v2_4da335e6bc9d;v2_6005e837cd4b;v2_0e9e2b605ce7,rerank_measured_frozen_slate_without_production_constraints_or_new_candidates
ROUND_004,sens_noise_5pp,1.0,4,31.795,3,v2_eb8bb8b8618f;v2_4da335e6bc9d;v2_6005e837cd4b;v2_1d06992cb257,rerank_measured_frozen_slate_without_production_constraints_or_new_candidates
ROUND_004,sens_noise_5pp,2.0,4,31.795,3,v2_eb8bb8b8618f;v2_6005e837cd4b;v2_4da335e6bc9d;v2_1d06992cb257,rerank_measured_frozen_slate_without_production_constraints_or_new_candidates
ROUND_004,sens_noise_learned,0.35,4,35.4675,4,v2_eb8bb8b8618f;v2_4da335e6bc9d;v2_6005e837cd4b;v2_0e9e2b605ce7,rerank_measured_frozen_slate_without_production_constraints_or_new_candidates
ROUND_004,sens_noise_learned,0.0,4,35.4675,4,v2_eb8bb8b8618f;v2_4da335e6bc9d;v2_6005e837cd4b;v2_0e9e2b605ce7,rerank_measured_frozen_slate_without_production_constraints_or_new_candidates
ROUND_004,sens_noise_learned,1.0,4,31.795,3,v2_eb8bb8b8618f;v2_4da335e6bc9d;v2_6005e837cd4b;v2_1d06992cb257,rerank_measured_frozen_slate_without_production_constraints_or_new_candidates
ROUND_004,sens_noise_learned,2.0,4,31.795,3,v2_eb8bb8b8618f;v2_6005e837cd4b;v2_4da335e6bc9d;v2_1d06992cb257,rerank_measured_frozen_slate_without_production_constraints_or_new_candidates
ROUND_004,sens_rbf,0.35,4,31.795,4,v2_eb8bb8b8618f;v2_4da335e6bc9d;v2_6005e837cd4b;v2_1d06992cb257,rerank_measured_frozen_slate_without_production_constraints_or_new_candidates
ROUND_004,sens_rbf,0.0,4,31.795,4,v2_eb8bb8b8618f;v2_4da335e6bc9d;v2_6005e837cd4b;v2_1d06992cb257,rerank_measured_frozen_slate_without_production_constraints_or_new_candidates
ROUND_004,sens_rbf,1.0,4,31.795,4,v2_eb8bb8b8618f;v2_4da335e6bc9d;v2_6005e837cd4b;v2_1d06992cb257,rerank_measured_frozen_slate_without_production_constraints_or_new_candidates
ROUND_004,sens_rbf,2.0,4,18.9075,3,v2_6005e837cd4b;v2_1d06992cb257;v2_4da335e6bc9d;v2_98a8e114024b,rerank_measured_frozen_slate_without_production_constraints_or_new_candidates
ROUND_004,sens_recent3,0.35,4,35.4675,4,v2_eb8bb8b8618f;v2_4da335e6bc9d;v2_6005e837cd4b;v2_0e9e2b605ce7,rerank_measured_frozen_slate_without_production_constraints_or_new_candidates
ROUND_004,sens_recent3,0.0,4,35.4675,4,v2_eb8bb8b8618f;v2_4da335e6bc9d;v2_6005e837cd4b;v2_0e9e2b605ce7,rerank_measured_frozen_slate_without_production_constraints_or_new_candidates
ROUND_004,sens_recent3,1.0,4,31.795,3,v2_eb8bb8b8618f;v2_6005e837cd4b;v2_4da335e6bc9d;v2_1d06992cb257,rerank_measured_frozen_slate_without_production_constraints_or_new_candidates
ROUND_004,sens_recent3,2.0,4,31.795,3,v2_eb8bb8b8618f;v2_6005e837cd4b;v2_4da335e6bc9d;v2_1d06992cb257,rerank_measured_frozen_slate_without_production_constraints_or_new_candidates
ROUND_005,campaign_bounds_learned,0.35,4,35.182500000000005,4,v2_f3bcb989040c;v2_711df1b41503;v2_88865d95334d;v2_011eef292ff1,rerank_measured_frozen_slate_without_production_constraints_or_new_candidates
ROUND_005,campaign_bounds_learned,0.0,4,40.555625000000006,3,v2_f3bcb989040c;v2_711df1b41503;v2_88865d95334d;v2_1be28fc1c3ad,rerank_measured_frozen_slate_without_production_constraints_or_new_candidates
ROUND_005,campaign_bounds_learned,1.0,4,35.182500000000005,4,v2_f3bcb989040c;v2_711df1b41503;v2_88865d95334d;v2_011eef292ff1,rerank_measured_frozen_slate_without_production_constraints_or_new_candidates
ROUND_005,campaign_bounds_learned,2.0,4,35.182500000000005,4,v2_f3bcb989040c;v2_711df1b41503;v2_88865d95334d;v2_011eef292ff1,rerank_measured_frozen_slate_without_production_constraints_or_new_candidates
ROUND_005,campaign_existing,0.35,4,48.176875,4,v2_f3bcb989040c;v2_1be28fc1c3ad;v2_711df1b41503;v2_011eef292ff1,rerank_measured_frozen_slate_without_production_constraints_or_new_candidates
ROUND_005,campaign_existing,0.0,4,48.176875,4,v2_f3bcb989040c;v2_1be28fc1c3ad;v2_711df1b41503;v2_011eef292ff1,rerank_measured_frozen_slate_without_production_constraints_or_new_candidates
ROUND_005,campaign_existing,1.0,4,41.221875000000004,3,v2_f3bcb989040c;v2_711df1b41503;v2_011eef292ff1;v2_5526047f869b,rerank_measured_frozen_slate_without_production_constraints_or_new_candidates
ROUND_005,campaign_existing,2.0,4,38.098125,2,v2_f3bcb989040c;v2_711df1b41503;v2_5526047f869b;v2_40e9f706b46d,rerank_measured_frozen_slate_without_production_constraints_or_new_candidates
ROUND_005,campaign_existing_adaptive,0.35,4,48.176875,4,v2_f3bcb989040c;v2_1be28fc1c3ad;v2_711df1b41503;v2_011eef292ff1,rerank_measured_frozen_slate_without_production_constraints_or_new_candidates
ROUND_005,campaign_existing_adaptive,0.0,4,48.176875,4,v2_f3bcb989040c;v2_1be28fc1c3ad;v2_711df1b41503;v2_011eef292ff1,rerank_measured_frozen_slate_without_production_constraints_or_new_candidates
ROUND_005,campaign_existing_adaptive,1.0,4,48.176875,4,v2_f3bcb989040c;v2_711df1b41503;v2_1be28fc1c3ad;v2_011eef292ff1,rerank_measured_frozen_slate_without_production_constraints_or_new_candidates
ROUND_005,campaign_existing_adaptive,2.0,4,38.098125,2,v2_f3bcb989040c;v2_711df1b41503;v2_5526047f869b;v2_40e9f706b46d,rerank_measured_frozen_slate_without_production_constraints_or_new_candidates
ROUND_005,campaign_mean,0.35,4,29.115,4,v2_011eef292ff1;v2_117f554a123f;v2_1be28fc1c3ad;v2_40e9f706b46d,rerank_measured_frozen_slate_without_production_constraints_or_new_candidates
ROUND_005,campaign_mean,0.0,4,29.115,4,v2_011eef292ff1;v2_117f554a123f;v2_1be28fc1c3ad;v2_40e9f706b46d,rerank_measured_frozen_slate_without_production_constraints_or_new_candidates
ROUND_005,campaign_mean,1.0,4,29.115,4,v2_011eef292ff1;v2_117f554a123f;v2_1be28fc1c3ad;v2_40e9f706b46d,rerank_measured_frozen_slate_without_production_constraints_or_new_candidates
ROUND_005,campaign_mean,2.0,4,29.115,4,v2_011eef292ff1;v2_117f554a123f;v2_1be28fc1c3ad;v2_40e9f706b46d,rerank_measured_frozen_slate_without_production_constraints_or_new_candidates
ROUND_005,campaign_median,0.35,4,29.115,4,v2_011eef292ff1;v2_117f554a123f;v2_1be28fc1c3ad;v2_40e9f706b46d,rerank_measured_frozen_slate_without_production_constraints_or_new_candidates
ROUND_005,campaign_median,0.0,4,29.115,4,v2_011eef292ff1;v2_117f554a123f;v2_1be28fc1c3ad;v2_40e9f706b46d,rerank_measured_frozen_slate_without_production_constraints_or_new_candidates
ROUND_005,campaign_median,1.0,4,29.115,4,v2_011eef292ff1;v2_117f554a123f;v2_1be28fc1c3ad;v2_40e9f706b46d,rerank_measured_frozen_slate_without_production_constraints_or_new_candidates
ROUND_005,campaign_median,2.0,4,29.115,4,v2_011eef292ff1;v2_117f554a123f;v2_1be28fc1c3ad;v2_40e9f706b46d,rerank_measured_frozen_slate_without_production_constraints_or_new_candidates
ROUND_005,current_mixed,0.35,4,37.819375,4,v2_f3bcb989040c;v2_711df1b41503;v2_011eef292ff1;v2_117f554a123f,rerank_measured_frozen_slate_without_production_constraints_or_new_candidates
ROUND_005,current_mixed,0.0,4,48.176875,3,v2_f3bcb989040c;v2_711df1b41503;v2_1be28fc1c3ad;v2_011eef292ff1,rerank_measured_frozen_slate_without_production_constraints_or_new_candidates
ROUND_005,current_mixed,1.0,4,25.195,2,v2_011eef292ff1;v2_117f554a123f;v2_5526047f869b;v2_79ec2bf8acae,rerank_measured_frozen_slate_without_production_constraints_or_new_candidates
ROUND_005,current_mixed,2.0,4,25.195,2,v2_011eef292ff1;v2_117f554a123f;v2_5526047f869b;v2_79ec2bf8acae,rerank_measured_frozen_slate_without_production_constraints_or_new_candidates
ROUND_005,legacy_correction,0.35,4,37.0125,4,v2_f3bcb989040c;v2_011eef292ff1;v2_5526047f869b;v2_79ec2bf8acae,rerank_measured_frozen_slate_without_production_constraints_or_new_candidates
ROUND_005,legacy_correction,0.0,4,37.0125,4,v2_f3bcb989040c;v2_011eef292ff1;v2_5526047f869b;v2_79ec2bf8acae,rerank_measured_frozen_slate_without_production_constraints_or_new_candidates
ROUND_005,legacy_correction,1.0,4,37.0125,4,v2_011eef292ff1;v2_f3bcb989040c;v2_5526047f869b;v2_79ec2bf8acae,rerank_measured_frozen_slate_without_production_constraints_or_new_candidates
ROUND_005,legacy_correction,2.0,4,22.558125,3,v2_011eef292ff1;v2_5526047f869b;v2_79ec2bf8acae;v2_88865d95334d,rerank_measured_frozen_slate_without_production_constraints_or_new_candidates
ROUND_005,sens_amplitude_learned,0.35,4,48.176875,4,v2_f3bcb989040c;v2_1be28fc1c3ad;v2_711df1b41503;v2_011eef292ff1,rerank_measured_frozen_slate_without_production_constraints_or_new_candidates
ROUND_005,sens_amplitude_learned,0.0,4,48.176875,4,v2_f3bcb989040c;v2_1be28fc1c3ad;v2_711df1b41503;v2_011eef292ff1,rerank_measured_frozen_slate_without_production_constraints_or_new_candidates
ROUND_005,sens_amplitude_learned,1.0,4,41.221875000000004,3,v2_f3bcb989040c;v2_711df1b41503;v2_011eef292ff1;v2_5526047f869b,rerank_measured_frozen_slate_without_production_constraints_or_new_candidates
ROUND_005,sens_amplitude_learned,2.0,4,41.221875000000004,3,v2_f3bcb989040c;v2_711df1b41503;v2_5526047f869b;v2_011eef292ff1,rerank_measured_frozen_slate_without_production_constraints_or_new_candidates
ROUND_005,sens_ard_learned,0.35,4,45.053125,4,v2_f3bcb989040c;v2_711df1b41503;v2_1be28fc1c3ad;v2_40e9f706b46d,rerank_measured_frozen_slate_without_production_constraints_or_new_candidates
ROUND_005,sens_ard_learned,0.0,4,42.5375,3,v2_f3bcb989040c;v2_1be28fc1c3ad;v2_711df1b41503;v2_d9aaefea702e,rerank_measured_frozen_slate_without_production_constraints_or_new_candidates
ROUND_005,sens_ard_learned,1.0,4,25.511875,2,v2_f3bcb989040c;v2_40e9f706b46d;v2_88865d95334d;v2_f1b5aed4af5a,rerank_measured_frozen_slate_without_production_constraints_or_new_candidates
ROUND_005,sens_ard_learned,2.0,4,25.511875,2,v2_f3bcb989040c;v2_40e9f706b46d;v2_88865d95334d;v2_f1b5aed4af5a,rerank_measured_frozen_slate_without_production_constraints_or_new_candidates
ROUND_005,sens_baseline,0.35,4,48.176875,4,v2_f3bcb989040c;v2_1be28fc1c3ad;v2_711df1b41503;v2_011eef292ff1,rerank_measured_frozen_slate_without_production_constraints_or_new_candidates
ROUND_005,sens_baseline,0.0,4,48.176875,4,v2_f3bcb989040c;v2_1be28fc1c3ad;v2_711df1b41503;v2_011eef292ff1,rerank_measured_frozen_slate_without_production_constraints_or_new_candidates
ROUND_005,sens_baseline,1.0,4,41.221875000000004,3,v2_f3bcb989040c;v2_711df1b41503;v2_011eef292ff1;v2_5526047f869b,rerank_measured_frozen_slate_without_production_constraints_or_new_candidates
ROUND_005,sens_baseline,2.0,4,38.098125,2,v2_f3bcb989040c;v2_711df1b41503;v2_5526047f869b;v2_40e9f706b46d,rerank_measured_frozen_slate_without_production_constraints_or_new_candidates
ROUND_005,sens_bounds,0.35,4,35.182500000000005,4,v2_f3bcb989040c;v2_711df1b41503;v2_88865d95334d;v2_011eef292ff1,rerank_measured_frozen_slate_without_production_constraints_or_new_candidates
ROUND_005,sens_bounds,0.0,4,40.555625000000006,3,v2_f3bcb989040c;v2_711df1b41503;v2_88865d95334d;v2_1be28fc1c3ad,rerank_measured_frozen_slate_without_production_constraints_or_new_candidates
ROUND_005,sens_bounds,1.0,4,35.182500000000005,4,v2_f3bcb989040c;v2_711df1b41503;v2_88865d95334d;v2_011eef292ff1,rerank_measured_frozen_slate_without_production_constraints_or_new_candidates
ROUND_005,sens_bounds,2.0,4,35.182500000000005,4,v2_711df1b41503;v2_f3bcb989040c;v2_88865d95334d;v2_011eef292ff1,rerank_measured_frozen_slate_without_production_constraints_or_new_candidates
ROUND_005,sens_bounds_learned,0.35,4,35.182500000000005,4,v2_f3bcb989040c;v2_711df1b41503;v2_88865d95334d;v2_011eef292ff1,rerank_measured_frozen_slate_without_production_constraints_or_new_candidates
ROUND_005,sens_bounds_learned,0.0,4,40.555625000000006,3,v2_f3bcb989040c;v2_711df1b41503;v2_88865d95334d;v2_1be28fc1c3ad,rerank_measured_frozen_slate_without_production_constraints_or_new_candidates
ROUND_005,sens_bounds_learned,1.0,4,35.182500000000005,4,v2_f3bcb989040c;v2_711df1b41503;v2_88865d95334d;v2_011eef292ff1,rerank_measured_frozen_slate_without_production_constraints_or_new_candidates
ROUND_005,sens_bounds_learned,2.0,4,35.182500000000005,4,v2_f3bcb989040c;v2_711df1b41503;v2_88865d95334d;v2_011eef292ff1,rerank_measured_frozen_slate_without_production_constraints_or_new_candidates
ROUND_005,sens_bounds_learned_restarts,0.35,4,35.182500000000005,4,v2_f3bcb989040c;v2_711df1b41503;v2_88865d95334d;v2_011eef292ff1,rerank_measured_frozen_slate_without_production_constraints_or_new_candidates
ROUND_005,sens_bounds_learned_restarts,0.0,4,40.555625000000006,3,v2_f3bcb989040c;v2_711df1b41503;v2_88865d95334d;v2_1be28fc1c3ad,rerank_measured_frozen_slate_without_production_constraints_or_new_candidates
ROUND_005,sens_bounds_learned_restarts,1.0,4,35.182500000000005,4,v2_f3bcb989040c;v2_711df1b41503;v2_88865d95334d;v2_011eef292ff1,rerank_measured_frozen_slate_without_production_constraints_or_new_candidates
ROUND_005,sens_bounds_learned_restarts,2.0,4,35.182500000000005,4,v2_f3bcb989040c;v2_711df1b41503;v2_88865d95334d;v2_011eef292ff1,rerank_measured_frozen_slate_without_production_constraints_or_new_candidates
ROUND_005,sens_bounds_learned_wide,0.35,4,35.182500000000005,4,v2_f3bcb989040c;v2_711df1b41503;v2_88865d95334d;v2_011eef292ff1,rerank_measured_frozen_slate_without_production_constraints_or_new_candidates
ROUND_005,sens_bounds_learned_wide,0.0,4,40.555625000000006,3,v2_f3bcb989040c;v2_711df1b41503;v2_88865d95334d;v2_1be28fc1c3ad,rerank_measured_frozen_slate_without_production_constraints_or_new_candidates
ROUND_005,sens_bounds_learned_wide,1.0,4,35.182500000000005,4,v2_f3bcb989040c;v2_711df1b41503;v2_88865d95334d;v2_011eef292ff1,rerank_measured_frozen_slate_without_production_constraints_or_new_candidates
ROUND_005,sens_bounds_learned_wide,2.0,4,35.182500000000005,4,v2_f3bcb989040c;v2_711df1b41503;v2_88865d95334d;v2_011eef292ff1,rerank_measured_frozen_slate_without_production_constraints_or_new_candidates
ROUND_005,sens_length_learned,0.35,4,41.221875000000004,4,v2_f3bcb989040c;v2_711df1b41503;v2_011eef292ff1;v2_5526047f869b,rerank_measured_frozen_slate_without_production_constraints_or_new_candidates
ROUND_005,sens_length_learned,0.0,4,48.176875,3,v2_f3bcb989040c;v2_711df1b41503;v2_011eef292ff1;v2_1be28fc1c3ad,rerank_measured_frozen_slate_without_production_constraints_or_new_candidates
ROUND_005,sens_length_learned,1.0,4,38.098125,3,v2_f3bcb989040c;v2_711df1b41503;v2_5526047f869b;v2_40e9f706b46d,rerank_measured_frozen_slate_without_production_constraints_or_new_candidates
ROUND_005,sens_length_learned,2.0,4,38.098125,3,v2_f3bcb989040c;v2_711df1b41503;v2_5526047f869b;v2_40e9f706b46d,rerank_measured_frozen_slate_without_production_constraints_or_new_candidates
ROUND_005,sens_length_long,0.35,4,41.221875000000004,4,v2_f3bcb989040c;v2_711df1b41503;v2_5526047f869b;v2_011eef292ff1,rerank_measured_frozen_slate_without_production_constraints_or_new_candidates
ROUND_005,sens_length_long,0.0,4,48.176875,3,v2_f3bcb989040c;v2_711df1b41503;v2_011eef292ff1;v2_1be28fc1c3ad,rerank_measured_frozen_slate_without_production_constraints_or_new_candidates
ROUND_005,sens_length_long,1.0,4,38.098125,3,v2_f3bcb989040c;v2_711df1b41503;v2_5526047f869b;v2_40e9f706b46d,rerank_measured_frozen_slate_without_production_constraints_or_new_candidates
ROUND_005,sens_length_long,2.0,4,32.05875,2,v2_711df1b41503;v2_f3bcb989040c;v2_40e9f706b46d;v2_88865d95334d,rerank_measured_frozen_slate_without_production_constraints_or_new_candidates
ROUND_005,sens_length_short,0.35,4,48.176875,4,v2_1be28fc1c3ad;v2_f3bcb989040c;v2_011eef292ff1;v2_711df1b41503,rerank_measured_frozen_slate_without_production_constraints_or_new_candidates
ROUND_005,sens_length_short,0.0,4,48.176875,4,v2_1be28fc1c3ad;v2_f3bcb989040c;v2_011eef292ff1;v2_711df1b41503,rerank_measured_frozen_slate_without_production_constraints_or_new_candidates
ROUND_005,sens_length_short,1.0,4,48.176875,4,v2_1be28fc1c3ad;v2_f3bcb989040c;v2_011eef292ff1;v2_711df1b41503,rerank_measured_frozen_slate_without_production_constraints_or_new_candidates
ROUND_005,sens_length_short,2.0,4,48.176875,4,v2_1be28fc1c3ad;v2_f3bcb989040c;v2_011eef292ff1;v2_711df1b41503,rerank_measured_frozen_slate_without_production_constraints_or_new_candidates
ROUND_005,sens_logit,0.35,4,48.176875,4,v2_f3bcb989040c;v2_1be28fc1c3ad;v2_711df1b41503;v2_011eef292ff1,rerank_measured_frozen_slate_without_production_constraints_or_new_candidates
ROUND_005,sens_logit,0.0,4,48.176875,4,v2_f3bcb989040c;v2_1be28fc1c3ad;v2_011eef292ff1;v2_711df1b41503,rerank_measured_frozen_slate_without_production_constraints_or_new_candidates
ROUND_005,sens_logit,1.0,4,48.176875,4,v2_f3bcb989040c;v2_711df1b41503;v2_011eef292ff1;v2_1be28fc1c3ad,rerank_measured_frozen_slate_without_production_constraints_or_new_candidates
ROUND_005,sens_logit,2.0,4,41.221875000000004,3,v2_f3bcb989040c;v2_711df1b41503;v2_011eef292ff1;v2_5526047f869b,rerank_measured_frozen_slate_without_production_constraints_or_new_candidates
ROUND_005,sens_matern15,0.35,4,48.176875,4,v2_f3bcb989040c;v2_1be28fc1c3ad;v2_711df1b41503;v2_011eef292ff1,rerank_measured_frozen_slate_without_production_constraints_or_new_candidates
ROUND_005,sens_matern15,0.0,4,48.176875,4,v2_f3bcb989040c;v2_1be28fc1c3ad;v2_711df1b41503;v2_011eef292ff1,rerank_measured_frozen_slate_without_production_constraints_or_new_candidates
ROUND_005,sens_matern15,1.0,4,48.176875,4,v2_f3bcb989040c;v2_711df1b41503;v2_1be28fc1c3ad;v2_011eef292ff1,rerank_measured_frozen_slate_without_production_constraints_or_new_candidates
ROUND_005,sens_matern15,2.0,4,38.098125,2,v2_f3bcb989040c;v2_711df1b41503;v2_5526047f869b;v2_40e9f706b46d,rerank_measured_frozen_slate_without_production_constraints_or_new_candidates
ROUND_005,sens_mean_median,0.35,4,48.176875,4,v2_f3bcb989040c;v2_1be28fc1c3ad;v2_711df1b41503;v2_011eef292ff1,rerank_measured_frozen_slate_without_production_constraints_or_new_candidates
ROUND_005,sens_mean_median,0.0,4,48.176875,4,v2_f3bcb989040c;v2_1be28fc1c3ad;v2_011eef292ff1;v2_711df1b41503,rerank_measured_frozen_slate_without_production_constraints_or_new_candidates
ROUND_005,sens_mean_median,1.0,4,48.176875,4,v2_f3bcb989040c;v2_711df1b41503;v2_011eef292ff1;v2_1be28fc1c3ad,rerank_measured_frozen_slate_without_production_constraints_or_new_candidates
ROUND_005,sens_mean_median,2.0,4,41.221875000000004,3,v2_f3bcb989040c;v2_711df1b41503;v2_011eef292ff1;v2_5526047f869b,rerank_measured_frozen_slate_without_production_constraints_or_new_candidates
ROUND_005,sens_mixed_sources,0.35,4,37.819375,4,v2_f3bcb989040c;v2_711df1b41503;v2_011eef292ff1;v2_117f554a123f,rerank_measured_frozen_slate_without_production_constraints_or_new_candidates
ROUND_005,sens_mixed_sources,0.0,4,48.176875,3,v2_f3bcb989040c;v2_711df1b41503;v2_1be28fc1c3ad;v2_011eef292ff1,rerank_measured_frozen_slate_without_production_constraints_or_new_candidates
ROUND_005,sens_mixed_sources,1.0,4,25.195,2,v2_011eef292ff1;v2_117f554a123f;v2_5526047f869b;v2_79ec2bf8acae,rerank_measured_frozen_slate_without_production_constraints_or_new_candidates
ROUND_005,sens_mixed_sources,2.0,4,25.195,2,v2_011eef292ff1;v2_117f554a123f;v2_5526047f869b;v2_79ec2bf8acae,rerank_measured_frozen_slate_without_production_constraints_or_new_candidates
ROUND_005,sens_noise_10pp,0.35,4,48.176875,4,v2_f3bcb989040c;v2_1be28fc1c3ad;v2_711df1b41503;v2_011eef292ff1,rerank_measured_frozen_slate_without_production_constraints_or_new_candidates
ROUND_005,sens_noise_10pp,0.0,4,48.176875,4,v2_f3bcb989040c;v2_1be28fc1c3ad;v2_711df1b41503;v2_011eef292ff1,rerank_measured_frozen_slate_without_production_constraints_or_new_candidates
ROUND_005,sens_noise_10pp,1.0,4,46.595000000000006,3,v2_f3bcb989040c;v2_711df1b41503;v2_1be28fc1c3ad;v2_5526047f869b,rerank_measured_frozen_slate_without_production_constraints_or_new_candidates
ROUND_005,sens_noise_10pp,2.0,4,38.098125,2,v2_f3bcb989040c;v2_711df1b41503;v2_5526047f869b;v2_40e9f706b46d,rerank_measured_frozen_slate_without_production_constraints_or_new_candidates
ROUND_005,sens_noise_1pp,0.35,4,48.176875,4,v2_f3bcb989040c;v2_1be28fc1c3ad;v2_711df1b41503;v2_011eef292ff1,rerank_measured_frozen_slate_without_production_constraints_or_new_candidates
ROUND_005,sens_noise_1pp,0.0,4,48.176875,4,v2_f3bcb989040c;v2_1be28fc1c3ad;v2_711df1b41503;v2_011eef292ff1,rerank_measured_frozen_slate_without_production_constraints_or_new_candidates
ROUND_005,sens_noise_1pp,1.0,4,41.221875000000004,3,v2_f3bcb989040c;v2_711df1b41503;v2_011eef292ff1;v2_5526047f869b,rerank_measured_frozen_slate_without_production_constraints_or_new_candidates
ROUND_005,sens_noise_1pp,2.0,4,38.098125,2,v2_f3bcb989040c;v2_711df1b41503;v2_5526047f869b;v2_40e9f706b46d,rerank_measured_frozen_slate_without_production_constraints_or_new_candidates
ROUND_005,sens_noise_3pp,0.35,4,48.176875,4,v2_f3bcb989040c;v2_1be28fc1c3ad;v2_711df1b41503;v2_011eef292ff1,rerank_measured_frozen_slate_without_production_constraints_or_new_candidates
ROUND_005,sens_noise_3pp,0.0,4,48.176875,4,v2_f3bcb989040c;v2_1be28fc1c3ad;v2_711df1b41503;v2_011eef292ff1,rerank_measured_frozen_slate_without_production_constraints_or_new_candidates
ROUND_005,sens_noise_3pp,1.0,4,41.221875000000004,3,v2_f3bcb989040c;v2_711df1b41503;v2_011eef292ff1;v2_5526047f869b,rerank_measured_frozen_slate_without_production_constraints_or_new_candidates
ROUND_005,sens_noise_3pp,2.0,4,38.098125,2,v2_f3bcb989040c;v2_711df1b41503;v2_5526047f869b;v2_40e9f706b46d,rerank_measured_frozen_slate_without_production_constraints_or_new_candidates
ROUND_005,sens_noise_5pp,0.35,4,48.176875,4,v2_f3bcb989040c;v2_1be28fc1c3ad;v2_711df1b41503;v2_011eef292ff1,rerank_measured_frozen_slate_without_production_constraints_or_new_candidates
ROUND_005,sens_noise_5pp,0.0,4,48.176875,4,v2_f3bcb989040c;v2_1be28fc1c3ad;v2_711df1b41503;v2_011eef292ff1,rerank_measured_frozen_slate_without_production_constraints_or_new_candidates
ROUND_005,sens_noise_5pp,1.0,4,48.176875,4,v2_f3bcb989040c;v2_711df1b41503;v2_1be28fc1c3ad;v2_011eef292ff1,rerank_measured_frozen_slate_without_production_constraints_or_new_candidates
ROUND_005,sens_noise_5pp,2.0,4,38.098125,2,v2_f3bcb989040c;v2_711df1b41503;v2_5526047f869b;v2_40e9f706b46d,rerank_measured_frozen_slate_without_production_constraints_or_new_candidates
ROUND_005,sens_noise_learned,0.35,4,48.176875,4,v2_f3bcb989040c;v2_1be28fc1c3ad;v2_711df1b41503;v2_011eef292ff1,rerank_measured_frozen_slate_without_production_constraints_or_new_candidates
ROUND_005,sens_noise_learned,0.0,4,48.176875,4,v2_f3bcb989040c;v2_1be28fc1c3ad;v2_711df1b41503;v2_011eef292ff1,rerank_measured_frozen_slate_without_production_constraints_or_new_candidates
ROUND_005,sens_noise_learned,1.0,4,41.221875000000004,3,v2_f3bcb989040c;v2_711df1b41503;v2_011eef292ff1;v2_5526047f869b,rerank_measured_frozen_slate_without_production_constraints_or_new_candidates
ROUND_005,sens_noise_learned,2.0,4,38.098125,2,v2_f3bcb989040c;v2_711df1b41503;v2_5526047f869b;v2_40e9f706b46d,rerank_measured_frozen_slate_without_production_constraints_or_new_candidates
ROUND_005,sens_rbf,0.35,4,48.176875,4,v2_f3bcb989040c;v2_011eef292ff1;v2_1be28fc1c3ad;v2_711df1b41503,rerank_measured_frozen_slate_without_production_constraints_or_new_candidates
ROUND_005,sens_rbf,0.0,4,48.176875,4,v2_f3bcb989040c;v2_1be28fc1c3ad;v2_011eef292ff1;v2_711df1b41503,rerank_measured_frozen_slate_without_production_constraints_or_new_candidates
ROUND_005,sens_rbf,1.0,4,41.221875000000004,3,v2_f3bcb989040c;v2_011eef292ff1;v2_711df1b41503;v2_5526047f869b,rerank_measured_frozen_slate_without_production_constraints_or_new_candidates
ROUND_005,sens_rbf,2.0,4,41.221875000000004,3,v2_f3bcb989040c;v2_711df1b41503;v2_011eef292ff1;v2_5526047f869b,rerank_measured_frozen_slate_without_production_constraints_or_new_candidates
ROUND_005,sens_recent3,0.35,4,48.176875,4,v2_f3bcb989040c;v2_1be28fc1c3ad;v2_011eef292ff1;v2_711df1b41503,rerank_measured_frozen_slate_without_production_constraints_or_new_candidates
ROUND_005,sens_recent3,0.0,4,48.176875,4,v2_f3bcb989040c;v2_1be28fc1c3ad;v2_011eef292ff1;v2_711df1b41503,rerank_measured_frozen_slate_without_production_constraints_or_new_candidates
ROUND_005,sens_recent3,1.0,4,48.176875,4,v2_f3bcb989040c;v2_711df1b41503;v2_011eef292ff1;v2_1be28fc1c3ad,rerank_measured_frozen_slate_without_production_constraints_or_new_candidates
ROUND_005,sens_recent3,2.0,4,41.221875000000004,3,v2_f3bcb989040c;v2_711df1b41503;v2_011eef292ff1;v2_5526047f869b,rerank_measured_frozen_slate_without_production_constraints_or_new_candidates
ROUND_006,campaign_bounds_learned,0.35,4,37.7525,4,v2_13f1ff7a70b9;v2_ea8a9ce5fcb2;v2_fb629591d74c;v2_e579d58c9088,rerank_measured_frozen_slate_without_production_constraints_or_new_candidates
ROUND_006,campaign_bounds_learned,0.0,4,37.7525,4,v2_13f1ff7a70b9;v2_ea8a9ce5fcb2;v2_fb629591d74c;v2_e579d58c9088,rerank_measured_frozen_slate_without_production_constraints_or_new_candidates
ROUND_006,campaign_bounds_learned,1.0,4,37.7525,4,v2_ea8a9ce5fcb2;v2_13f1ff7a70b9;v2_fb629591d74c;v2_e579d58c9088,rerank_measured_frozen_slate_without_production_constraints_or_new_candidates
ROUND_006,campaign_bounds_learned,2.0,4,37.7525,4,v2_ea8a9ce5fcb2;v2_13f1ff7a70b9;v2_fb629591d74c;v2_e579d58c9088,rerank_measured_frozen_slate_without_production_constraints_or_new_candidates
ROUND_006,campaign_existing,0.35,4,37.7275,4,v2_13f1ff7a70b9;v2_ea8a9ce5fcb2;v2_fb629591d74c;v2_0edd7362eda9,rerank_measured_frozen_slate_without_production_constraints_or_new_candidates
ROUND_006,campaign_existing,0.0,4,37.7275,4,v2_13f1ff7a70b9;v2_fb629591d74c;v2_ea8a9ce5fcb2;v2_0edd7362eda9,rerank_measured_frozen_slate_without_production_constraints_or_new_candidates
ROUND_006,campaign_existing,1.0,4,37.7275,4,v2_ea8a9ce5fcb2;v2_13f1ff7a70b9;v2_fb629591d74c;v2_0edd7362eda9,rerank_measured_frozen_slate_without_production_constraints_or_new_candidates
ROUND_006,campaign_existing,2.0,4,37.7275,4,v2_ea8a9ce5fcb2;v2_fb629591d74c;v2_13f1ff7a70b9;v2_0edd7362eda9,rerank_measured_frozen_slate_without_production_constraints_or_new_candidates
ROUND_006,campaign_existing_adaptive,0.35,4,37.7275,4,v2_13f1ff7a70b9;v2_fb629591d74c;v2_ea8a9ce5fcb2;v2_0edd7362eda9,rerank_measured_frozen_slate_without_production_constraints_or_new_candidates
ROUND_006,campaign_existing_adaptive,0.0,4,37.7275,4,v2_13f1ff7a70b9;v2_fb629591d74c;v2_ea8a9ce5fcb2;v2_0edd7362eda9,rerank_measured_frozen_slate_without_production_constraints_or_new_candidates
ROUND_006,campaign_existing_adaptive,1.0,4,37.7275,4,v2_ea8a9ce5fcb2;v2_13f1ff7a70b9;v2_fb629591d74c;v2_0edd7362eda9,rerank_measured_frozen_slate_without_production_constraints_or_new_candidates
ROUND_006,campaign_existing_adaptive,2.0,4,37.7275,4,v2_ea8a9ce5fcb2;v2_13f1ff7a70b9;v2_fb629591d74c;v2_0edd7362eda9,rerank_measured_frozen_slate_without_production_constraints_or_new_candidates
ROUND_006,campaign_mean,0.35,4,19.878749999999997,4,v2_0edd7362eda9;v2_13f1ff7a70b9;v2_445849cbfa02;v2_4673547a29eb,rerank_measured_frozen_slate_without_production_constraints_or_new_candidates
ROUND_006,campaign_mean,0.0,4,19.878749999999997,4,v2_0edd7362eda9;v2_13f1ff7a70b9;v2_445849cbfa02;v2_4673547a29eb,rerank_measured_frozen_slate_without_production_constraints_or_new_candidates
ROUND_006,campaign_mean,1.0,4,19.878749999999997,4,v2_0edd7362eda9;v2_13f1ff7a70b9;v2_445849cbfa02;v2_4673547a29eb,rerank_measured_frozen_slate_without_production_constraints_or_new_candidates
ROUND_006,campaign_mean,2.0,4,19.878749999999997,4,v2_0edd7362eda9;v2_13f1ff7a70b9;v2_445849cbfa02;v2_4673547a29eb,rerank_measured_frozen_slate_without_production_constraints_or_new_candidates
ROUND_006,campaign_median,0.35,4,19.878749999999997,4,v2_0edd7362eda9;v2_13f1ff7a70b9;v2_445849cbfa02;v2_4673547a29eb,rerank_measured_frozen_slate_without_production_constraints_or_new_candidates
ROUND_006,campaign_median,0.0,4,19.878749999999997,4,v2_0edd7362eda9;v2_13f1ff7a70b9;v2_445849cbfa02;v2_4673547a29eb,rerank_measured_frozen_slate_without_production_constraints_or_new_candidates
ROUND_006,campaign_median,1.0,4,19.878749999999997,4,v2_0edd7362eda9;v2_13f1ff7a70b9;v2_445849cbfa02;v2_4673547a29eb,rerank_measured_frozen_slate_without_production_constraints_or_new_candidates
ROUND_006,campaign_median,2.0,4,19.878749999999997,4,v2_0edd7362eda9;v2_13f1ff7a70b9;v2_445849cbfa02;v2_4673547a29eb,rerank_measured_frozen_slate_without_production_constraints_or_new_candidates
ROUND_006,current_mixed,0.35,4,37.7275,4,v2_ea8a9ce5fcb2;v2_fb629591d74c;v2_13f1ff7a70b9;v2_0edd7362eda9,rerank_measured_frozen_slate_without_production_constraints_or_new_candidates
ROUND_006,current_mixed,0.0,4,37.7275,4,v2_fb629591d74c;v2_13f1ff7a70b9;v2_ea8a9ce5fcb2;v2_0edd7362eda9,rerank_measured_frozen_slate_without_production_constraints_or_new_candidates
ROUND_006,current_mixed,1.0,4,9.4275,1,v2_0edd7362eda9;v2_9d3ceb7016d5;v2_e579d58c9088;v2_445849cbfa02,rerank_measured_frozen_slate_without_production_constraints_or_new_candidates
ROUND_006,current_mixed,2.0,4,9.4275,1,v2_0edd7362eda9;v2_9d3ceb7016d5;v2_e579d58c9088;v2_445849cbfa02,rerank_measured_frozen_slate_without_production_constraints_or_new_candidates
ROUND_006,legacy_correction,0.35,4,37.7525,4,v2_fb629591d74c;v2_13f1ff7a70b9;v2_ea8a9ce5fcb2;v2_e579d58c9088,rerank_measured_frozen_slate_without_production_constraints_or_new_candidates
ROUND_006,legacy_correction,0.0,4,37.7525,4,v2_fb629591d74c;v2_13f1ff7a70b9;v2_ea8a9ce5fcb2;v2_e579d58c9088,rerank_measured_frozen_slate_without_production_constraints_or_new_candidates
ROUND_006,legacy_correction,1.0,4,37.7525,4,v2_fb629591d74c;v2_13f1ff7a70b9;v2_ea8a9ce5fcb2;v2_e579d58c9088,rerank_measured_frozen_slate_without_production_constraints_or_new_candidates
ROUND_006,legacy_correction,2.0,4,12.87625,1,v2_e579d58c9088;v2_b0c3376ad599;v2_0edd7362eda9;v2_9d3ceb7016d5,rerank_measured_frozen_slate_without_production_constraints_or_new_candidates
ROUND_006,sens_amplitude_learned,0.35,4,37.7275,4,v2_13f1ff7a70b9;v2_ea8a9ce5fcb2;v2_fb629591d74c;v2_0edd7362eda9,rerank_measured_frozen_slate_without_production_constraints_or_new_candidates
ROUND_006,sens_amplitude_learned,0.0,4,37.7275,4,v2_13f1ff7a70b9;v2_fb629591d74c;v2_ea8a9ce5fcb2;v2_0edd7362eda9,rerank_measured_frozen_slate_without_production_constraints_or_new_candidates
ROUND_006,sens_amplitude_learned,1.0,4,37.7275,4,v2_ea8a9ce5fcb2;v2_13f1ff7a70b9;v2_fb629591d74c;v2_0edd7362eda9,rerank_measured_frozen_slate_without_production_constraints_or_new_candidates
ROUND_006,sens_amplitude_learned,2.0,4,41.91,3,v2_ea8a9ce5fcb2;v2_fb629591d74c;v2_13f1ff7a70b9;v2_b0c3376ad599,rerank_measured_frozen_slate_without_production_constraints_or_new_candidates
ROUND_006,sens_ard_learned,0.35,4,37.7275,4,v2_fb629591d74c;v2_13f1ff7a70b9;v2_ea8a9ce5fcb2;v2_0edd7362eda9,rerank_measured_frozen_slate_without_production_constraints_or_new_candidates
ROUND_006,sens_ard_learned,0.0,4,37.7275,4,v2_fb629591d74c;v2_13f1ff7a70b9;v2_ea8a9ce5fcb2;v2_0edd7362eda9,rerank_measured_frozen_slate_without_production_constraints_or_new_candidates
ROUND_006,sens_ard_learned,1.0,4,37.7275,4,v2_ea8a9ce5fcb2;v2_fb629591d74c;v2_13f1ff7a70b9;v2_0edd7362eda9,rerank_measured_frozen_slate_without_production_constraints_or_new_candidates
ROUND_006,sens_ard_learned,2.0,4,23.093125,2,v2_ea8a9ce5fcb2;v2_0edd7362eda9;v2_9d3ceb7016d5;v2_b0c3376ad599,rerank_measured_frozen_slate_without_production_constraints_or_new_candidates
ROUND_006,sens_baseline,0.35,4,37.7275,4,v2_13f1ff7a70b9;v2_ea8a9ce5fcb2;v2_fb629591d74c;v2_0edd7362eda9,rerank_measured_frozen_slate_without_production_constraints_or_new_candidates
ROUND_006,sens_baseline,0.0,4,37.7275,4,v2_13f1ff7a70b9;v2_fb629591d74c;v2_ea8a9ce5fcb2;v2_0edd7362eda9,rerank_measured_frozen_slate_without_production_constraints_or_new_candidates
ROUND_006,sens_baseline,1.0,4,37.7275,4,v2_ea8a9ce5fcb2;v2_13f1ff7a70b9;v2_fb629591d74c;v2_0edd7362eda9,rerank_measured_frozen_slate_without_production_constraints_or_new_candidates
ROUND_006,sens_baseline,2.0,4,37.7275,4,v2_ea8a9ce5fcb2;v2_fb629591d74c;v2_13f1ff7a70b9;v2_0edd7362eda9,rerank_measured_frozen_slate_without_production_constraints_or_new_candidates
ROUND_006,sens_bounds,0.35,4,37.7525,4,v2_ea8a9ce5fcb2;v2_13f1ff7a70b9;v2_fb629591d74c;v2_e579d58c9088,rerank_measured_frozen_slate_without_production_constraints_or_new_candidates
ROUND_006,sens_bounds,0.0,4,37.7525,4,v2_ea8a9ce5fcb2;v2_13f1ff7a70b9;v2_fb629591d74c;v2_e579d58c9088,rerank_measured_frozen_slate_without_production_constraints_or_new_candidates
ROUND_006,sens_bounds,1.0,4,37.7525,4,v2_ea8a9ce5fcb2;v2_13f1ff7a70b9;v2_fb629591d74c;v2_e579d58c9088,rerank_measured_frozen_slate_without_production_constraints_or_new_candidates
ROUND_006,sens_bounds,2.0,4,37.7525,4,v2_ea8a9ce5fcb2;v2_13f1ff7a70b9;v2_e579d58c9088;v2_fb629591d74c,rerank_measured_frozen_slate_without_production_constraints_or_new_candidates
ROUND_006,sens_bounds_learned,0.35,4,37.7525,4,v2_13f1ff7a70b9;v2_ea8a9ce5fcb2;v2_fb629591d74c;v2_e579d58c9088,rerank_measured_frozen_slate_without_production_constraints_or_new_candidates
ROUND_006,sens_bounds_learned,0.0,4,37.7525,4,v2_13f1ff7a70b9;v2_ea8a9ce5fcb2;v2_fb629591d74c;v2_e579d58c9088,rerank_measured_frozen_slate_without_production_constraints_or_new_candidates
ROUND_006,sens_bounds_learned,1.0,4,37.7525,4,v2_ea8a9ce5fcb2;v2_13f1ff7a70b9;v2_fb629591d74c;v2_e579d58c9088,rerank_measured_frozen_slate_without_production_constraints_or_new_candidates
ROUND_006,sens_bounds_learned,2.0,4,37.7525,4,v2_ea8a9ce5fcb2;v2_13f1ff7a70b9;v2_fb629591d74c;v2_e579d58c9088,rerank_measured_frozen_slate_without_production_constraints_or_new_candidates
ROUND_006,sens_bounds_learned_restarts,0.35,4,37.7525,4,v2_13f1ff7a70b9;v2_ea8a9ce5fcb2;v2_fb629591d74c;v2_e579d58c9088,rerank_measured_frozen_slate_without_production_constraints_or_new_candidates
ROUND_006,sens_bounds_learned_restarts,0.0,4,37.7525,4,v2_13f1ff7a70b9;v2_ea8a9ce5fcb2;v2_fb629591d74c;v2_e579d58c9088,rerank_measured_frozen_slate_without_production_constraints_or_new_candidates
ROUND_006,sens_bounds_learned_restarts,1.0,4,37.7525,4,v2_ea8a9ce5fcb2;v2_13f1ff7a70b9;v2_fb629591d74c;v2_e579d58c9088,rerank_measured_frozen_slate_without_production_constraints_or_new_candidates
ROUND_006,sens_bounds_learned_restarts,2.0,4,37.7525,4,v2_ea8a9ce5fcb2;v2_13f1ff7a70b9;v2_fb629591d74c;v2_e579d58c9088,rerank_measured_frozen_slate_without_production_constraints_or_new_candidates
ROUND_006,sens_bounds_learned_wide,0.35,4,37.7525,4,v2_13f1ff7a70b9;v2_ea8a9ce5fcb2;v2_fb629591d74c;v2_e579d58c9088,rerank_measured_frozen_slate_without_production_constraints_or_new_candidates
ROUND_006,sens_bounds_learned_wide,0.0,4,37.7525,4,v2_13f1ff7a70b9;v2_ea8a9ce5fcb2;v2_fb629591d74c;v2_e579d58c9088,rerank_measured_frozen_slate_without_production_constraints_or_new_candidates
ROUND_006,sens_bounds_learned_wide,1.0,4,37.7525,4,v2_ea8a9ce5fcb2;v2_13f1ff7a70b9;v2_fb629591d74c;v2_e579d58c9088,rerank_measured_frozen_slate_without_production_constraints_or_new_candidates
ROUND_006,sens_bounds_learned_wide,2.0,4,37.7525,4,v2_ea8a9ce5fcb2;v2_13f1ff7a70b9;v2_fb629591d74c;v2_e579d58c9088,rerank_measured_frozen_slate_without_production_constraints_or_new_candidates
ROUND_006,sens_length_learned,0.35,4,37.7275,4,v2_ea8a9ce5fcb2;v2_13f1ff7a70b9;v2_fb629591d74c;v2_0edd7362eda9,rerank_measured_frozen_slate_without_production_constraints_or_new_candidates
ROUND_006,sens_length_learned,0.0,4,37.7275,4,v2_ea8a9ce5fcb2;v2_13f1ff7a70b9;v2_fb629591d74c;v2_0edd7362eda9,rerank_measured_frozen_slate_without_production_constraints_or_new_candidates
ROUND_006,sens_length_learned,1.0,4,37.7275,4,v2_ea8a9ce5fcb2;v2_13f1ff7a70b9;v2_fb629591d74c;v2_0edd7362eda9,rerank_measured_frozen_slate_without_production_constraints_or_new_candidates
ROUND_006,sens_length_learned,2.0,4,37.7275,4,v2_ea8a9ce5fcb2;v2_13f1ff7a70b9;v2_fb629591d74c;v2_0edd7362eda9,rerank_measured_frozen_slate_without_production_constraints_or_new_candidates
ROUND_006,sens_length_long,0.35,4,37.7275,4,v2_ea8a9ce5fcb2;v2_13f1ff7a70b9;v2_fb629591d74c;v2_0edd7362eda9,rerank_measured_frozen_slate_without_production_constraints_or_new_candidates
ROUND_006,sens_length_long,0.0,4,37.7275,4,v2_ea8a9ce5fcb2;v2_13f1ff7a70b9;v2_fb629591d74c;v2_0edd7362eda9,rerank_measured_frozen_slate_without_production_constraints_or_new_candidates
ROUND_006,sens_length_long,1.0,4,37.7275,4,v2_ea8a9ce5fcb2;v2_13f1ff7a70b9;v2_fb629591d74c;v2_0edd7362eda9,rerank_measured_frozen_slate_without_production_constraints_or_new_candidates
ROUND_006,sens_length_long,2.0,4,23.093125,2,v2_ea8a9ce5fcb2;v2_0edd7362eda9;v2_9d3ceb7016d5;v2_b0c3376ad599,rerank_measured_frozen_slate_without_production_constraints_or_new_candidates
ROUND_006,sens_length_short,0.35,4,37.425625,4,v2_13f1ff7a70b9;v2_fb629591d74c;v2_ea8a9ce5fcb2;v2_4673547a29eb,rerank_measured_frozen_slate_without_production_constraints_or_new_candidates
ROUND_006,sens_length_short,0.0,4,37.425625,4,v2_13f1ff7a70b9;v2_fb629591d74c;v2_ea8a9ce5fcb2;v2_4673547a29eb,rerank_measured_frozen_slate_without_production_constraints_or_new_candidates
ROUND_006,sens_length_short,1.0,4,37.425625,4,v2_13f1ff7a70b9;v2_fb629591d74c;v2_ea8a9ce5fcb2;v2_4673547a29eb,rerank_measured_frozen_slate_without_production_constraints_or_new_candidates
ROUND_006,sens_length_short,2.0,4,37.425625,4,v2_13f1ff7a70b9;v2_fb629591d74c;v2_ea8a9ce5fcb2;v2_4673547a29eb,rerank_measured_frozen_slate_without_production_constraints_or_new_candidates
ROUND_006,sens_logit,0.35,4,37.425625,4,v2_13f1ff7a70b9;v2_fb629591d74c;v2_ea8a9ce5fcb2;v2_4673547a29eb,rerank_measured_frozen_slate_without_production_constraints_or_new_candidates
ROUND_006,sens_logit,0.0,4,37.425625,4,v2_13f1ff7a70b9;v2_fb629591d74c;v2_ea8a9ce5fcb2;v2_4673547a29eb,rerank_measured_frozen_slate_without_production_constraints_or_new_candidates
ROUND_006,sens_logit,1.0,4,37.7275,3,v2_ea8a9ce5fcb2;v2_13f1ff7a70b9;v2_fb629591d74c;v2_0edd7362eda9,rerank_measured_frozen_slate_without_production_constraints_or_new_candidates
ROUND_006,sens_logit,2.0,4,37.7275,3,v2_ea8a9ce5fcb2;v2_fb629591d74c;v2_13f1ff7a70b9;v2_0edd7362eda9,rerank_measured_frozen_slate_without_production_constraints_or_new_candidates
ROUND_006,sens_matern15,0.35,4,37.7275,4,v2_13f1ff7a70b9;v2_ea8a9ce5fcb2;v2_fb629591d74c;v2_0edd7362eda9,rerank_measured_frozen_slate_without_production_constraints_or_new_candidates
ROUND_006,sens_matern15,0.0,4,37.7275,4,v2_13f1ff7a70b9;v2_fb629591d74c;v2_ea8a9ce5fcb2;v2_0edd7362eda9,rerank_measured_frozen_slate_without_production_constraints_or_new_candidates
ROUND_006,sens_matern15,1.0,4,37.7275,4,v2_ea8a9ce5fcb2;v2_13f1ff7a70b9;v2_fb629591d74c;v2_0edd7362eda9,rerank_measured_frozen_slate_without_production_constraints_or_new_candidates
ROUND_006,sens_matern15,2.0,4,37.7275,4,v2_ea8a9ce5fcb2;v2_13f1ff7a70b9;v2_fb629591d74c;v2_0edd7362eda9,rerank_measured_frozen_slate_without_production_constraints_or_new_candidates
ROUND_006,sens_mean_median,0.35,4,37.7275,4,v2_13f1ff7a70b9;v2_ea8a9ce5fcb2;v2_fb629591d74c;v2_0edd7362eda9,rerank_measured_frozen_slate_without_production_constraints_or_new_candidates
ROUND_006,sens_mean_median,0.0,4,37.7275,4,v2_13f1ff7a70b9;v2_fb629591d74c;v2_ea8a9ce5fcb2;v2_0edd7362eda9,rerank_measured_frozen_slate_without_production_constraints_or_new_candidates
ROUND_006,sens_mean_median,1.0,4,37.7275,4,v2_ea8a9ce5fcb2;v2_13f1ff7a70b9;v2_fb629591d74c;v2_0edd7362eda9,rerank_measured_frozen_slate_without_production_constraints_or_new_candidates
ROUND_006,sens_mean_median,2.0,4,37.7275,4,v2_ea8a9ce5fcb2;v2_fb629591d74c;v2_13f1ff7a70b9;v2_0edd7362eda9,rerank_measured_frozen_slate_without_production_constraints_or_new_candidates
ROUND_006,sens_mixed_sources,0.35,4,37.7275,4,v2_ea8a9ce5fcb2;v2_fb629591d74c;v2_13f1ff7a70b9;v2_0edd7362eda9,rerank_measured_frozen_slate_without_production_constraints_or_new_candidates
ROUND_006,sens_mixed_sources,0.0,4,37.7275,4,v2_fb629591d74c;v2_13f1ff7a70b9;v2_ea8a9ce5fcb2;v2_0edd7362eda9,rerank_measured_frozen_slate_without_production_constraints_or_new_candidates
ROUND_006,sens_mixed_sources,1.0,4,9.4275,1,v2_0edd7362eda9;v2_9d3ceb7016d5;v2_e579d58c9088;v2_445849cbfa02,rerank_measured_frozen_slate_without_production_constraints_or_new_candidates
ROUND_006,sens_mixed_sources,2.0,4,9.4275,1,v2_0edd7362eda9;v2_9d3ceb7016d5;v2_e579d58c9088;v2_445849cbfa02,rerank_measured_frozen_slate_without_production_constraints_or_new_candidates
ROUND_006,sens_noise_10pp,0.35,4,37.7275,4,v2_13f1ff7a70b9;v2_fb629591d74c;v2_ea8a9ce5fcb2;v2_0edd7362eda9,rerank_measured_frozen_slate_without_production_constraints_or_new_candidates
ROUND_006,sens_noise_10pp,0.0,4,37.7275,4,v2_13f1ff7a70b9;v2_fb629591d74c;v2_ea8a9ce5fcb2;v2_0edd7362eda9,rerank_measured_frozen_slate_without_production_constraints_or_new_candidates
ROUND_006,sens_noise_10pp,1.0,4,37.7275,4,v2_13f1ff7a70b9;v2_ea8a9ce5fcb2;v2_fb629591d74c;v2_0edd7362eda9,rerank_measured_frozen_slate_without_production_constraints_or_new_candidates
ROUND_006,sens_noise_10pp,2.0,4,37.7275,4,v2_ea8a9ce5fcb2;v2_13f1ff7a70b9;v2_fb629591d74c;v2_0edd7362eda9,rerank_measured_frozen_slate_without_production_constraints_or_new_candidates
ROUND_006,sens_noise_1pp,0.35,4,37.7275,4,v2_13f1ff7a70b9;v2_ea8a9ce5fcb2;v2_fb629591d74c;v2_0edd7362eda9,rerank_measured_frozen_slate_without_production_constraints_or_new_candidates
ROUND_006,sens_noise_1pp,0.0,4,37.7275,4,v2_13f1ff7a70b9;v2_fb629591d74c;v2_ea8a9ce5fcb2;v2_0edd7362eda9,rerank_measured_frozen_slate_without_production_constraints_or_new_candidates
ROUND_006,sens_noise_1pp,1.0,4,37.7275,4,v2_ea8a9ce5fcb2;v2_13f1ff7a70b9;v2_fb629591d74c;v2_0edd7362eda9,rerank_measured_frozen_slate_without_production_constraints_or_new_candidates
ROUND_006,sens_noise_1pp,2.0,4,37.7275,4,v2_ea8a9ce5fcb2;v2_fb629591d74c;v2_13f1ff7a70b9;v2_0edd7362eda9,rerank_measured_frozen_slate_without_production_constraints_or_new_candidates
ROUND_006,sens_noise_3pp,0.35,4,37.7275,4,v2_13f1ff7a70b9;v2_ea8a9ce5fcb2;v2_fb629591d74c;v2_0edd7362eda9,rerank_measured_frozen_slate_without_production_constraints_or_new_candidates
ROUND_006,sens_noise_3pp,0.0,4,37.7275,4,v2_13f1ff7a70b9;v2_fb629591d74c;v2_ea8a9ce5fcb2;v2_0edd7362eda9,rerank_measured_frozen_slate_without_production_constraints_or_new_candidates
ROUND_006,sens_noise_3pp,1.0,4,37.7275,4,v2_ea8a9ce5fcb2;v2_13f1ff7a70b9;v2_fb629591d74c;v2_0edd7362eda9,rerank_measured_frozen_slate_without_production_constraints_or_new_candidates
ROUND_006,sens_noise_3pp,2.0,4,37.7275,4,v2_ea8a9ce5fcb2;v2_fb629591d74c;v2_13f1ff7a70b9;v2_0edd7362eda9,rerank_measured_frozen_slate_without_production_constraints_or_new_candidates
ROUND_006,sens_noise_5pp,0.35,4,37.7275,4,v2_13f1ff7a70b9;v2_fb629591d74c;v2_ea8a9ce5fcb2;v2_0edd7362eda9,rerank_measured_frozen_slate_without_production_constraints_or_new_candidates
ROUND_006,sens_noise_5pp,0.0,4,37.7275,4,v2_13f1ff7a70b9;v2_fb629591d74c;v2_ea8a9ce5fcb2;v2_0edd7362eda9,rerank_measured_frozen_slate_without_production_constraints_or_new_candidates
ROUND_006,sens_noise_5pp,1.0,4,37.7275,4,v2_ea8a9ce5fcb2;v2_13f1ff7a70b9;v2_fb629591d74c;v2_0edd7362eda9,rerank_measured_frozen_slate_without_production_constraints_or_new_candidates
ROUND_006,sens_noise_5pp,2.0,4,37.7275,4,v2_ea8a9ce5fcb2;v2_13f1ff7a70b9;v2_fb629591d74c;v2_0edd7362eda9,rerank_measured_frozen_slate_without_production_constraints_or_new_candidates
ROUND_006,sens_noise_learned,0.35,4,37.7275,4,v2_13f1ff7a70b9;v2_ea8a9ce5fcb2;v2_fb629591d74c;v2_0edd7362eda9,rerank_measured_frozen_slate_without_production_constraints_or_new_candidates
ROUND_006,sens_noise_learned,0.0,4,37.7275,4,v2_13f1ff7a70b9;v2_fb629591d74c;v2_ea8a9ce5fcb2;v2_0edd7362eda9,rerank_measured_frozen_slate_without_production_constraints_or_new_candidates
ROUND_006,sens_noise_learned,1.0,4,37.7275,4,v2_ea8a9ce5fcb2;v2_13f1ff7a70b9;v2_fb629591d74c;v2_0edd7362eda9,rerank_measured_frozen_slate_without_production_constraints_or_new_candidates
ROUND_006,sens_noise_learned,2.0,4,37.7275,4,v2_ea8a9ce5fcb2;v2_fb629591d74c;v2_13f1ff7a70b9;v2_0edd7362eda9,rerank_measured_frozen_slate_without_production_constraints_or_new_candidates
ROUND_006,sens_rbf,0.35,4,37.7275,4,v2_ea8a9ce5fcb2;v2_13f1ff7a70b9;v2_fb629591d74c;v2_0edd7362eda9,rerank_measured_frozen_slate_without_production_constraints_or_new_candidates
ROUND_006,sens_rbf,0.0,4,37.425625,3,v2_13f1ff7a70b9;v2_ea8a9ce5fcb2;v2_fb629591d74c;v2_4673547a29eb,rerank_measured_frozen_slate_without_production_constraints_or_new_candidates
ROUND_006,sens_rbf,1.0,4,37.7275,4,v2_ea8a9ce5fcb2;v2_13f1ff7a70b9;v2_fb629591d74c;v2_0edd7362eda9,rerank_measured_frozen_slate_without_production_constraints_or_new_candidates
ROUND_006,sens_rbf,2.0,4,37.7275,4,v2_ea8a9ce5fcb2;v2_13f1ff7a70b9;v2_fb629591d74c;v2_0edd7362eda9,rerank_measured_frozen_slate_without_production_constraints_or_new_candidates
ROUND_006,sens_recent3,0.35,4,37.425625,4,v2_13f1ff7a70b9;v2_fb629591d74c;v2_ea8a9ce5fcb2;v2_4673547a29eb,rerank_measured_frozen_slate_without_production_constraints_or_new_candidates
ROUND_006,sens_recent3,0.0,4,37.425625,4,v2_13f1ff7a70b9;v2_fb629591d74c;v2_ea8a9ce5fcb2;v2_4673547a29eb,rerank_measured_frozen_slate_without_production_constraints_or_new_candidates
ROUND_006,sens_recent3,1.0,4,37.7275,3,v2_13f1ff7a70b9;v2_fb629591d74c;v2_ea8a9ce5fcb2;v2_0edd7362eda9,rerank_measured_frozen_slate_without_production_constraints_or_new_candidates
ROUND_006,sens_recent3,2.0,4,37.7275,3,v2_fb629591d74c;v2_13f1ff7a70b9;v2_ea8a9ce5fcb2;v2_0edd7362eda9,rerank_measured_frozen_slate_without_production_constraints_or_new_candidates
ROUND_007,campaign_bounds_learned,0.35,4,51.4925,4,v2_655dce03a47b;v2_6f20e63adb1d;v2_6fb2fa9dc5d5;v2_7371aa062562,rerank_measured_frozen_slate_without_production_constraints_or_new_candidates
ROUND_007,campaign_bounds_learned,0.0,4,45.025625,3,v2_655dce03a47b;v2_6fb2fa9dc5d5;v2_6f20e63adb1d;v2_c0858ec7c2c6,rerank_measured_frozen_slate_without_production_constraints_or_new_candidates
ROUND_007,campaign_bounds_learned,1.0,4,51.4925,4,v2_655dce03a47b;v2_6f20e63adb1d;v2_6fb2fa9dc5d5;v2_7371aa062562,rerank_measured_frozen_slate_without_production_constraints_or_new_candidates
ROUND_007,campaign_bounds_learned,2.0,4,33.495625,2,v2_655dce03a47b;v2_6f20e63adb1d;v2_acaa3c7de271;v2_2df18f043f0c,rerank_measured_frozen_slate_without_production_constraints_or_new_candidates
ROUND_007,campaign_existing,0.35,4,51.4925,4,v2_655dce03a47b;v2_6f20e63adb1d;v2_6fb2fa9dc5d5;v2_7371aa062562,rerank_measured_frozen_slate_without_production_constraints_or_new_candidates
ROUND_007,campaign_existing,0.0,4,45.025625,3,v2_655dce03a47b;v2_6f20e63adb1d;v2_6fb2fa9dc5d5;v2_c0858ec7c2c6,rerank_measured_frozen_slate_without_production_constraints_or_new_candidates
ROUND_007,campaign_existing,1.0,4,51.4925,4,v2_655dce03a47b;v2_6f20e63adb1d;v2_6fb2fa9dc5d5;v2_7371aa062562,rerank_measured_frozen_slate_without_production_constraints_or_new_candidates
ROUND_007,campaign_existing,2.0,4,40.648125,3,v2_655dce03a47b;v2_6f20e63adb1d;v2_7371aa062562;v2_2df18f043f0c,rerank_measured_frozen_slate_without_production_constraints_or_new_candidates
ROUND_007,campaign_existing_adaptive,0.35,4,51.4925,4,v2_655dce03a47b;v2_6f20e63adb1d;v2_6fb2fa9dc5d5;v2_7371aa062562,rerank_measured_frozen_slate_without_production_constraints_or_new_candidates
ROUND_007,campaign_existing_adaptive,0.0,4,51.4925,4,v2_655dce03a47b;v2_6f20e63adb1d;v2_6fb2fa9dc5d5;v2_7371aa062562,rerank_measured_frozen_slate_without_production_constraints_or_new_candidates
ROUND_007,campaign_existing_adaptive,1.0,4,51.4925,4,v2_655dce03a47b;v2_6f20e63adb1d;v2_6fb2fa9dc5d5;v2_7371aa062562,rerank_measured_frozen_slate_without_production_constraints_or_new_candidates
ROUND_007,campaign_existing_adaptive,2.0,4,40.648125,3,v2_655dce03a47b;v2_6f20e63adb1d;v2_7371aa062562;v2_2df18f043f0c,rerank_measured_frozen_slate_without_production_constraints_or_new_candidates
ROUND_007,campaign_mean,0.35,4,40.466875,4,v2_2df18f043f0c;v2_655dce03a47b;v2_6f20e63adb1d;v2_6fb2fa9dc5d5,rerank_measured_frozen_slate_without_production_constraints_or_new_candidates
ROUND_007,campaign_mean,0.0,4,40.466875,4,v2_2df18f043f0c;v2_655dce03a47b;v2_6f20e63adb1d;v2_6fb2fa9dc5d5,rerank_measured_frozen_slate_without_production_constraints_or_new_candidates
ROUND_007,campaign_mean,1.0,4,40.466875,4,v2_2df18f043f0c;v2_655dce03a47b;v2_6f20e63adb1d;v2_6fb2fa9dc5d5,rerank_measured_frozen_slate_without_production_constraints_or_new_candidates
ROUND_007,campaign_mean,2.0,4,40.466875,4,v2_2df18f043f0c;v2_655dce03a47b;v2_6f20e63adb1d;v2_6fb2fa9dc5d5,rerank_measured_frozen_slate_without_production_constraints_or_new_candidates
ROUND_007,campaign_median,0.35,4,40.466875,4,v2_2df18f043f0c;v2_655dce03a47b;v2_6f20e63adb1d;v2_6fb2fa9dc5d5,rerank_measured_frozen_slate_without_production_constraints_or_new_candidates
ROUND_007,campaign_median,0.0,4,40.466875,4,v2_2df18f043f0c;v2_655dce03a47b;v2_6f20e63adb1d;v2_6fb2fa9dc5d5,rerank_measured_frozen_slate_without_production_constraints_or_new_candidates
ROUND_007,campaign_median,1.0,4,40.466875,4,v2_2df18f043f0c;v2_655dce03a47b;v2_6f20e63adb1d;v2_6fb2fa9dc5d5,rerank_measured_frozen_slate_without_production_constraints_or_new_candidates
ROUND_007,campaign_median,2.0,4,40.466875,4,v2_2df18f043f0c;v2_655dce03a47b;v2_6f20e63adb1d;v2_6fb2fa9dc5d5,rerank_measured_frozen_slate_without_production_constraints_or_new_candidates
ROUND_007,current_mixed,0.35,4,30.15625,4,v2_6f20e63adb1d;v2_655dce03a47b;v2_2df18f043f0c;v2_adfd2284b7fb,rerank_measured_frozen_slate_without_production_constraints_or_new_candidates
ROUND_007,current_mixed,0.0,4,40.466875,3,v2_6f20e63adb1d;v2_655dce03a47b;v2_6fb2fa9dc5d5;v2_2df18f043f0c,rerank_measured_frozen_slate_without_production_constraints_or_new_candidates
ROUND_007,current_mixed,1.0,4,10.07125,2,v2_2df18f043f0c;v2_adfd2284b7fb;v2_a1a1ae0b19bb;v2_724742f4ebc1,rerank_measured_frozen_slate_without_production_constraints_or_new_candidates
ROUND_007,current_mixed,2.0,4,10.07125,2,v2_2df18f043f0c;v2_adfd2284b7fb;v2_a1a1ae0b19bb;v2_724742f4ebc1,rerank_measured_frozen_slate_without_production_constraints_or_new_candidates
ROUND_007,legacy_correction,0.35,4,51.4925,4,v2_655dce03a47b;v2_6fb2fa9dc5d5;v2_6f20e63adb1d;v2_7371aa062562,rerank_measured_frozen_slate_without_production_constraints_or_new_candidates
ROUND_007,legacy_correction,0.0,4,51.4925,4,v2_6fb2fa9dc5d5;v2_655dce03a47b;v2_6f20e63adb1d;v2_7371aa062562,rerank_measured_frozen_slate_without_production_constraints_or_new_candidates
ROUND_007,legacy_correction,1.0,4,42.41,3,v2_655dce03a47b;v2_6fb2fa9dc5d5;v2_7371aa062562;v2_724742f4ebc1,rerank_measured_frozen_slate_without_production_constraints_or_new_candidates
ROUND_007,legacy_correction,2.0,4,31.565624999999997,2,v2_655dce03a47b;v2_7371aa062562;v2_724742f4ebc1;v2_2df18f043f0c,rerank_measured_frozen_slate_without_production_constraints_or_new_candidates
ROUND_007,sens_amplitude_learned,0.35,4,51.4925,4,v2_655dce03a47b;v2_6f20e63adb1d;v2_6fb2fa9dc5d5;v2_7371aa062562,rerank_measured_frozen_slate_without_production_constraints_or_new_candidates
ROUND_007,sens_amplitude_learned,0.0,4,45.025625,3,v2_655dce03a47b;v2_6f20e63adb1d;v2_6fb2fa9dc5d5;v2_c0858ec7c2c6,rerank_measured_frozen_slate_without_production_constraints_or_new_candidates
ROUND_007,sens_amplitude_learned,1.0,4,51.4925,4,v2_655dce03a47b;v2_6f20e63adb1d;v2_6fb2fa9dc5d5;v2_7371aa062562,rerank_measured_frozen_slate_without_production_constraints_or_new_candidates
ROUND_007,sens_amplitude_learned,2.0,4,40.648125,3,v2_655dce03a47b;v2_6f20e63adb1d;v2_7371aa062562;v2_2df18f043f0c,rerank_measured_frozen_slate_without_production_constraints_or_new_candidates
ROUND_007,sens_ard_learned,0.35,4,40.466875,4,v2_6f20e63adb1d;v2_655dce03a47b;v2_6fb2fa9dc5d5;v2_2df18f043f0c,rerank_measured_frozen_slate_without_production_constraints_or_new_candidates
ROUND_007,sens_ard_learned,0.0,4,45.025625,3,v2_6f20e63adb1d;v2_6fb2fa9dc5d5;v2_655dce03a47b;v2_c0858ec7c2c6,rerank_measured_frozen_slate_without_production_constraints_or_new_candidates
ROUND_007,sens_ard_learned,1.0,4,40.466875,4,v2_6f20e63adb1d;v2_655dce03a47b;v2_6fb2fa9dc5d5;v2_2df18f043f0c,rerank_measured_frozen_slate_without_production_constraints_or_new_candidates
ROUND_007,sens_ard_learned,2.0,4,30.15625,3,v2_655dce03a47b;v2_6f20e63adb1d;v2_2df18f043f0c;v2_adfd2284b7fb,rerank_measured_frozen_slate_without_production_constraints_or_new_candidates
ROUND_007,sens_baseline,0.35,4,51.4925,4,v2_655dce03a47b;v2_6f20e63adb1d;v2_6fb2fa9dc5d5;v2_7371aa062562,rerank_measured_frozen_slate_without_production_constraints_or_new_candidates
ROUND_007,sens_baseline,0.0,4,45.025625,3,v2_655dce03a47b;v2_6f20e63adb1d;v2_6fb2fa9dc5d5;v2_c0858ec7c2c6,rerank_measured_frozen_slate_without_production_constraints_or_new_candidates
ROUND_007,sens_baseline,1.0,4,51.4925,4,v2_655dce03a47b;v2_6f20e63adb1d;v2_6fb2fa9dc5d5;v2_7371aa062562,rerank_measured_frozen_slate_without_production_constraints_or_new_candidates
ROUND_007,sens_baseline,2.0,4,40.648125,3,v2_655dce03a47b;v2_6f20e63adb1d;v2_7371aa062562;v2_2df18f043f0c,rerank_measured_frozen_slate_without_production_constraints_or_new_candidates
ROUND_007,sens_bounds,0.35,4,44.34,4,v2_655dce03a47b;v2_6f20e63adb1d;v2_6fb2fa9dc5d5;v2_acaa3c7de271,rerank_measured_frozen_slate_without_production_constraints_or_new_candidates
ROUND_007,sens_bounds,0.0,4,51.4925,3,v2_655dce03a47b;v2_6f20e63adb1d;v2_6fb2fa9dc5d5;v2_7371aa062562,rerank_measured_frozen_slate_without_production_constraints_or_new_candidates
ROUND_007,sens_bounds,1.0,4,44.34,4,v2_655dce03a47b;v2_6f20e63adb1d;v2_6fb2fa9dc5d5;v2_acaa3c7de271,rerank_measured_frozen_slate_without_production_constraints_or_new_candidates
ROUND_007,sens_bounds,2.0,4,44.52125,3,v2_acaa3c7de271;v2_655dce03a47b;v2_6f20e63adb1d;v2_7371aa062562,rerank_measured_frozen_slate_without_production_constraints_or_new_candidates
ROUND_007,sens_bounds_learned,0.35,4,51.4925,4,v2_655dce03a47b;v2_6f20e63adb1d;v2_6fb2fa9dc5d5;v2_7371aa062562,rerank_measured_frozen_slate_without_production_constraints_or_new_candidates
ROUND_007,sens_bounds_learned,0.0,4,45.025625,3,v2_655dce03a47b;v2_6fb2fa9dc5d5;v2_6f20e63adb1d;v2_c0858ec7c2c6,rerank_measured_frozen_slate_without_production_constraints_or_new_candidates
ROUND_007,sens_bounds_learned,1.0,4,51.4925,4,v2_655dce03a47b;v2_6f20e63adb1d;v2_6fb2fa9dc5d5;v2_7371aa062562,rerank_measured_frozen_slate_without_production_constraints_or_new_candidates
ROUND_007,sens_bounds_learned,2.0,4,33.495625,2,v2_655dce03a47b;v2_6f20e63adb1d;v2_acaa3c7de271;v2_2df18f043f0c,rerank_measured_frozen_slate_without_production_constraints_or_new_candidates
ROUND_007,sens_bounds_learned_restarts,0.35,4,51.4925,4,v2_655dce03a47b;v2_6f20e63adb1d;v2_6fb2fa9dc5d5;v2_7371aa062562,rerank_measured_frozen_slate_without_production_constraints_or_new_candidates
ROUND_007,sens_bounds_learned_restarts,0.0,4,45.025625,3,v2_655dce03a47b;v2_6fb2fa9dc5d5;v2_6f20e63adb1d;v2_c0858ec7c2c6,rerank_measured_frozen_slate_without_production_constraints_or_new_candidates
ROUND_007,sens_bounds_learned_restarts,1.0,4,51.4925,4,v2_655dce03a47b;v2_6f20e63adb1d;v2_6fb2fa9dc5d5;v2_7371aa062562,rerank_measured_frozen_slate_without_production_constraints_or_new_candidates
ROUND_007,sens_bounds_learned_restarts,2.0,4,33.495625,2,v2_655dce03a47b;v2_6f20e63adb1d;v2_acaa3c7de271;v2_2df18f043f0c,rerank_measured_frozen_slate_without_production_constraints_or_new_candidates
ROUND_007,sens_bounds_learned_wide,0.35,4,51.4925,4,v2_655dce03a47b;v2_6f20e63adb1d;v2_6fb2fa9dc5d5;v2_7371aa062562,rerank_measured_frozen_slate_without_production_constraints_or_new_candidates
ROUND_007,sens_bounds_learned_wide,0.0,4,45.025625,3,v2_655dce03a47b;v2_6fb2fa9dc5d5;v2_6f20e63adb1d;v2_c0858ec7c2c6,rerank_measured_frozen_slate_without_production_constraints_or_new_candidates
ROUND_007,sens_bounds_learned_wide,1.0,4,51.4925,4,v2_655dce03a47b;v2_6f20e63adb1d;v2_6fb2fa9dc5d5;v2_7371aa062562,rerank_measured_frozen_slate_without_production_constraints_or_new_candidates
ROUND_007,sens_bounds_learned_wide,2.0,4,33.495625,2,v2_655dce03a47b;v2_6f20e63adb1d;v2_acaa3c7de271;v2_2df18f043f0c,rerank_measured_frozen_slate_without_production_constraints_or_new_candidates
ROUND_007,sens_length_learned,0.35,4,51.4925,4,v2_655dce03a47b;v2_6fb2fa9dc5d5;v2_6f20e63adb1d;v2_7371aa062562,rerank_measured_frozen_slate_without_production_constraints_or_new_candidates
ROUND_007,sens_length_learned,0.0,4,45.025625,3,v2_6fb2fa9dc5d5;v2_655dce03a47b;v2_6f20e63adb1d;v2_c0858ec7c2c6,rerank_measured_frozen_slate_without_production_constraints_or_new_candidates
ROUND_007,sens_length_learned,1.0,4,51.4925,4,v2_655dce03a47b;v2_6f20e63adb1d;v2_6fb2fa9dc5d5;v2_7371aa062562,rerank_measured_frozen_slate_without_production_constraints_or_new_candidates
ROUND_007,sens_length_learned,2.0,4,44.521249999999995,3,v2_655dce03a47b;v2_6f20e63adb1d;v2_7371aa062562;v2_acaa3c7de271,rerank_measured_frozen_slate_without_production_constraints_or_new_candidates
ROUND_007,sens_length_long,0.35,4,51.4925,4,v2_6f20e63adb1d;v2_655dce03a47b;v2_6fb2fa9dc5d5;v2_7371aa062562,rerank_measured_frozen_slate_without_production_constraints_or_new_candidates
ROUND_007,sens_length_long,0.0,4,51.4925,4,v2_6f20e63adb1d;v2_655dce03a47b;v2_6fb2fa9dc5d5;v2_7371aa062562,rerank_measured_frozen_slate_without_production_constraints_or_new_candidates
ROUND_007,sens_length_long,1.0,4,51.4925,4,v2_6f20e63adb1d;v2_655dce03a47b;v2_6fb2fa9dc5d5;v2_7371aa062562,rerank_measured_frozen_slate_without_production_constraints_or_new_candidates
ROUND_007,sens_length_long,2.0,4,28.303125,2,v2_2df18f043f0c;v2_adfd2284b7fb;v2_7371aa062562;v2_6f20e63adb1d,rerank_measured_frozen_slate_without_production_constraints_or_new_candidates
ROUND_007,sens_length_short,0.35,4,51.4925,4,v2_6fb2fa9dc5d5;v2_6f20e63adb1d;v2_655dce03a47b;v2_7371aa062562,rerank_measured_frozen_slate_without_production_constraints_or_new_candidates
ROUND_007,sens_length_short,0.0,4,51.4925,4,v2_6fb2fa9dc5d5;v2_6f20e63adb1d;v2_655dce03a47b;v2_7371aa062562,rerank_measured_frozen_slate_without_production_constraints_or_new_candidates
ROUND_007,sens_length_short,1.0,4,51.4925,4,v2_6fb2fa9dc5d5;v2_655dce03a47b;v2_6f20e63adb1d;v2_7371aa062562,rerank_measured_frozen_slate_without_production_constraints_or_new_candidates
ROUND_007,sens_length_short,2.0,4,42.316874999999996,3,v2_655dce03a47b;v2_6f20e63adb1d;v2_7371aa062562;v2_724742f4ebc1,rerank_measured_frozen_slate_without_production_constraints_or_new_candidates
ROUND_007,sens_logit,0.35,4,45.025625,4,v2_655dce03a47b;v2_6f20e63adb1d;v2_6fb2fa9dc5d5;v2_c0858ec7c2c6,rerank_measured_frozen_slate_without_production_constraints_or_new_candidates
ROUND_007,sens_logit,0.0,4,45.025625,4,v2_6fb2fa9dc5d5;v2_655dce03a47b;v2_6f20e63adb1d;v2_c0858ec7c2c6,rerank_measured_frozen_slate_without_production_constraints_or_new_candidates
ROUND_007,sens_logit,1.0,4,51.4925,3,v2_655dce03a47b;v2_6f20e63adb1d;v2_6fb2fa9dc5d5;v2_7371aa062562,rerank_measured_frozen_slate_without_production_constraints_or_new_candidates
ROUND_007,sens_logit,2.0,4,44.521249999999995,2,v2_655dce03a47b;v2_6f20e63adb1d;v2_7371aa062562;v2_acaa3c7de271,rerank_measured_frozen_slate_without_production_constraints_or_new_candidates
ROUND_007,sens_matern15,0.35,4,51.4925,4,v2_655dce03a47b;v2_6f20e63adb1d;v2_6fb2fa9dc5d5;v2_7371aa062562,rerank_measured_frozen_slate_without_production_constraints_or_new_candidates
ROUND_007,sens_matern15,0.0,4,45.025625,3,v2_655dce03a47b;v2_6fb2fa9dc5d5;v2_6f20e63adb1d;v2_c0858ec7c2c6,rerank_measured_frozen_slate_without_production_constraints_or_new_candidates
ROUND_007,sens_matern15,1.0,4,51.4925,4,v2_655dce03a47b;v2_6f20e63adb1d;v2_6fb2fa9dc5d5;v2_7371aa062562,rerank_measured_frozen_slate_without_production_constraints_or_new_candidates
ROUND_007,sens_matern15,2.0,4,40.648125,3,v2_655dce03a47b;v2_6f20e63adb1d;v2_7371aa062562;v2_2df18f043f0c,rerank_measured_frozen_slate_without_production_constraints_or_new_candidates
ROUND_007,sens_mean_median,0.35,4,51.4925,4,v2_655dce03a47b;v2_6f20e63adb1d;v2_6fb2fa9dc5d5;v2_7371aa062562,rerank_measured_frozen_slate_without_production_constraints_or_new_candidates
ROUND_007,sens_mean_median,0.0,4,45.025625,3,v2_655dce03a47b;v2_6f20e63adb1d;v2_6fb2fa9dc5d5;v2_c0858ec7c2c6,rerank_measured_frozen_slate_without_production_constraints_or_new_candidates
ROUND_007,sens_mean_median,1.0,4,51.4925,4,v2_655dce03a47b;v2_6f20e63adb1d;v2_6fb2fa9dc5d5;v2_7371aa062562,rerank_measured_frozen_slate_without_production_constraints_or_new_candidates
ROUND_007,sens_mean_median,2.0,4,40.648125,3,v2_655dce03a47b;v2_6f20e63adb1d;v2_7371aa062562;v2_2df18f043f0c,rerank_measured_frozen_slate_without_production_constraints_or_new_candidates
ROUND_007,sens_mixed_sources,0.35,4,30.15625,4,v2_6f20e63adb1d;v2_655dce03a47b;v2_2df18f043f0c;v2_adfd2284b7fb,rerank_measured_frozen_slate_without_production_constraints_or_new_candidates
ROUND_007,sens_mixed_sources,0.0,4,40.466875,3,v2_6f20e63adb1d;v2_655dce03a47b;v2_6fb2fa9dc5d5;v2_2df18f043f0c,rerank_measured_frozen_slate_without_production_constraints_or_new_candidates
ROUND_007,sens_mixed_sources,1.0,4,10.07125,2,v2_2df18f043f0c;v2_adfd2284b7fb;v2_a1a1ae0b19bb;v2_724742f4ebc1,rerank_measured_frozen_slate_without_production_constraints_or_new_candidates
ROUND_007,sens_mixed_sources,2.0,4,10.07125,2,v2_2df18f043f0c;v2_adfd2284b7fb;v2_a1a1ae0b19bb;v2_724742f4ebc1,rerank_measured_frozen_slate_without_production_constraints_or_new_candidates
ROUND_007,sens_noise_10pp,0.35,4,51.4925,4,v2_655dce03a47b;v2_6f20e63adb1d;v2_6fb2fa9dc5d5;v2_7371aa062562,rerank_measured_frozen_slate_without_production_constraints_or_new_candidates
ROUND_007,sens_noise_10pp,0.0,4,51.4925,4,v2_655dce03a47b;v2_6f20e63adb1d;v2_6fb2fa9dc5d5;v2_7371aa062562,rerank_measured_frozen_slate_without_production_constraints_or_new_candidates
ROUND_007,sens_noise_10pp,1.0,4,51.4925,4,v2_655dce03a47b;v2_6f20e63adb1d;v2_6fb2fa9dc5d5;v2_7371aa062562,rerank_measured_frozen_slate_without_production_constraints_or_new_candidates
ROUND_007,sens_noise_10pp,2.0,4,40.648125,3,v2_655dce03a47b;v2_6f20e63adb1d;v2_7371aa062562;v2_2df18f043f0c,rerank_measured_frozen_slate_without_production_constraints_or_new_candidates
ROUND_007,sens_noise_1pp,0.35,4,51.4925,4,v2_655dce03a47b;v2_6f20e63adb1d;v2_6fb2fa9dc5d5;v2_7371aa062562,rerank_measured_frozen_slate_without_production_constraints_or_new_candidates
ROUND_007,sens_noise_1pp,0.0,4,45.025625,3,v2_655dce03a47b;v2_6f20e63adb1d;v2_6fb2fa9dc5d5;v2_c0858ec7c2c6,rerank_measured_frozen_slate_without_production_constraints_or_new_candidates
ROUND_007,sens_noise_1pp,1.0,4,51.4925,4,v2_655dce03a47b;v2_6f20e63adb1d;v2_6fb2fa9dc5d5;v2_7371aa062562,rerank_measured_frozen_slate_without_production_constraints_or_new_candidates
ROUND_007,sens_noise_1pp,2.0,4,40.648125,3,v2_655dce03a47b;v2_6f20e63adb1d;v2_7371aa062562;v2_2df18f043f0c,rerank_measured_frozen_slate_without_production_constraints_or_new_candidates
ROUND_007,sens_noise_3pp,0.35,4,51.4925,4,v2_655dce03a47b;v2_6f20e63adb1d;v2_6fb2fa9dc5d5;v2_7371aa062562,rerank_measured_frozen_slate_without_production_constraints_or_new_candidates
ROUND_007,sens_noise_3pp,0.0,4,45.025625,3,v2_655dce03a47b;v2_6f20e63adb1d;v2_6fb2fa9dc5d5;v2_c0858ec7c2c6,rerank_measured_frozen_slate_without_production_constraints_or_new_candidates
ROUND_007,sens_noise_3pp,1.0,4,51.4925,4,v2_655dce03a47b;v2_6f20e63adb1d;v2_6fb2fa9dc5d5;v2_7371aa062562,rerank_measured_frozen_slate_without_production_constraints_or_new_candidates
ROUND_007,sens_noise_3pp,2.0,4,40.648125,3,v2_655dce03a47b;v2_6f20e63adb1d;v2_7371aa062562;v2_2df18f043f0c,rerank_measured_frozen_slate_without_production_constraints_or_new_candidates
ROUND_007,sens_noise_5pp,0.35,4,51.4925,4,v2_655dce03a47b;v2_6f20e63adb1d;v2_6fb2fa9dc5d5;v2_7371aa062562,rerank_measured_frozen_slate_without_production_constraints_or_new_candidates
ROUND_007,sens_noise_5pp,0.0,4,51.4925,4,v2_655dce03a47b;v2_6f20e63adb1d;v2_6fb2fa9dc5d5;v2_7371aa062562,rerank_measured_frozen_slate_without_production_constraints_or_new_candidates
ROUND_007,sens_noise_5pp,1.0,4,51.4925,4,v2_655dce03a47b;v2_6f20e63adb1d;v2_6fb2fa9dc5d5;v2_7371aa062562,rerank_measured_frozen_slate_without_production_constraints_or_new_candidates
ROUND_007,sens_noise_5pp,2.0,4,40.648125,3,v2_655dce03a47b;v2_6f20e63adb1d;v2_7371aa062562;v2_2df18f043f0c,rerank_measured_frozen_slate_without_production_constraints_or_new_candidates
ROUND_007,sens_noise_learned,0.35,4,51.4925,4,v2_655dce03a47b;v2_6f20e63adb1d;v2_6fb2fa9dc5d5;v2_7371aa062562,rerank_measured_frozen_slate_without_production_constraints_or_new_candidates
ROUND_007,sens_noise_learned,0.0,4,51.4925,4,v2_655dce03a47b;v2_6f20e63adb1d;v2_6fb2fa9dc5d5;v2_7371aa062562,rerank_measured_frozen_slate_without_production_constraints_or_new_candidates
ROUND_007,sens_noise_learned,1.0,4,51.4925,4,v2_655dce03a47b;v2_6f20e63adb1d;v2_6fb2fa9dc5d5;v2_7371aa062562,rerank_measured_frozen_slate_without_production_constraints_or_new_candidates
ROUND_007,sens_noise_learned,2.0,4,40.648125,3,v2_655dce03a47b;v2_6f20e63adb1d;v2_7371aa062562;v2_2df18f043f0c,rerank_measured_frozen_slate_without_production_constraints_or_new_candidates
ROUND_007,sens_rbf,0.35,4,51.4925,4,v2_655dce03a47b;v2_6f20e63adb1d;v2_6fb2fa9dc5d5;v2_7371aa062562,rerank_measured_frozen_slate_without_production_constraints_or_new_candidates
ROUND_007,sens_rbf,0.0,4,45.025625,3,v2_6f20e63adb1d;v2_655dce03a47b;v2_6fb2fa9dc5d5;v2_c0858ec7c2c6,rerank_measured_frozen_slate_without_production_constraints_or_new_candidates
ROUND_007,sens_rbf,1.0,4,51.4925,4,v2_655dce03a47b;v2_6f20e63adb1d;v2_6fb2fa9dc5d5;v2_7371aa062562,rerank_measured_frozen_slate_without_production_constraints_or_new_candidates
ROUND_007,sens_rbf,2.0,4,44.521249999999995,3,v2_655dce03a47b;v2_6f20e63adb1d;v2_7371aa062562;v2_acaa3c7de271,rerank_measured_frozen_slate_without_production_constraints_or_new_candidates
ROUND_007,sens_recent3,0.35,4,45.025625,4,v2_6fb2fa9dc5d5;v2_6f20e63adb1d;v2_655dce03a47b;v2_c0858ec7c2c6,rerank_measured_frozen_slate_without_production_constraints_or_new_candidates
ROUND_007,sens_recent3,0.0,4,45.025625,4,v2_6fb2fa9dc5d5;v2_6f20e63adb1d;v2_655dce03a47b;v2_c0858ec7c2c6,rerank_measured_frozen_slate_without_production_constraints_or_new_candidates
ROUND_007,sens_recent3,1.0,4,45.025625,4,v2_6f20e63adb1d;v2_6fb2fa9dc5d5;v2_655dce03a47b;v2_c0858ec7c2c6,rerank_measured_frozen_slate_without_production_constraints_or_new_candidates
ROUND_007,sens_recent3,2.0,4,30.15625,2,v2_6f20e63adb1d;v2_655dce03a47b;v2_2df18f043f0c;v2_adfd2284b7fb,rerank_measured_frozen_slate_without_production_constraints_or_new_candidates
ROUND_008,campaign_bounds_learned,0.35,4,33.22125,4,v2_b2a7d8453992;v2_cfd8fbca69e1;v2_6f20e63adb1d;v2_16ebd2e14898,rerank_measured_frozen_slate_without_production_constraints_or_new_candidates
ROUND_008,campaign_bounds_learned,0.0,4,33.22125,4,v2_b2a7d8453992;v2_cfd8fbca69e1;v2_6f20e63adb1d;v2_16ebd2e14898,rerank_measured_frozen_slate_without_production_constraints_or_new_candidates
ROUND_008,campaign_bounds_learned,1.0,4,31.199375,3,v2_b2a7d8453992;v2_cfd8fbca69e1;v2_16ebd2e14898;v2_2c468d77758b,rerank_measured_frozen_slate_without_production_constraints_or_new_candidates
ROUND_008,campaign_bounds_learned,2.0,4,31.199375,3,v2_b2a7d8453992;v2_16ebd2e14898;v2_cfd8fbca69e1;v2_2c468d77758b,rerank_measured_frozen_slate_without_production_constraints_or_new_candidates
ROUND_008,campaign_existing,0.35,4,33.22125,4,v2_b2a7d8453992;v2_cfd8fbca69e1;v2_16ebd2e14898;v2_6f20e63adb1d,rerank_measured_frozen_slate_without_production_constraints_or_new_candidates
ROUND_008,campaign_existing,0.0,4,33.22125,4,v2_b2a7d8453992;v2_cfd8fbca69e1;v2_6f20e63adb1d;v2_16ebd2e14898,rerank_measured_frozen_slate_without_production_constraints_or_new_candidates
ROUND_008,campaign_existing,1.0,4,30.714375,3,v2_b2a7d8453992;v2_16ebd2e14898;v2_cfd8fbca69e1;v2_d2de523913b8,rerank_measured_frozen_slate_without_production_constraints_or_new_candidates
ROUND_008,campaign_existing,2.0,4,25.555,2,v2_b2a7d8453992;v2_16ebd2e14898;v2_d2de523913b8;v2_4b9990641d38,rerank_measured_frozen_slate_without_production_constraints_or_new_candidates
ROUND_008,campaign_existing_adaptive,0.35,4,33.22125,4,v2_b2a7d8453992;v2_cfd8fbca69e1;v2_16ebd2e14898;v2_6f20e63adb1d,rerank_measured_frozen_slate_without_production_constraints_or_new_candidates
ROUND_008,campaign_existing_adaptive,0.0,4,33.22125,4,v2_b2a7d8453992;v2_cfd8fbca69e1;v2_6f20e63adb1d;v2_16ebd2e14898,rerank_measured_frozen_slate_without_production_constraints_or_new_candidates
ROUND_008,campaign_existing_adaptive,1.0,4,33.22125,4,v2_b2a7d8453992;v2_16ebd2e14898;v2_cfd8fbca69e1;v2_6f20e63adb1d,rerank_measured_frozen_slate_without_production_constraints_or_new_candidates
ROUND_008,campaign_existing_adaptive,2.0,4,25.555,2,v2_b2a7d8453992;v2_16ebd2e14898;v2_d2de523913b8;v2_4b9990641d38,rerank_measured_frozen_slate_without_production_constraints_or_new_candidates
ROUND_008,campaign_mean,0.35,4,22.10875,4,v2_00d4dc35ee8a;v2_0c1889c524b0;v2_16ebd2e14898;v2_2c468d77758b,rerank_measured_frozen_slate_without_production_constraints_or_new_candidates
ROUND_008,campaign_mean,0.0,4,22.10875,4,v2_00d4dc35ee8a;v2_0c1889c524b0;v2_16ebd2e14898;v2_2c468d77758b,rerank_measured_frozen_slate_without_production_constraints_or_new_candidates
ROUND_008,campaign_mean,1.0,4,22.10875,4,v2_00d4dc35ee8a;v2_0c1889c524b0;v2_16ebd2e14898;v2_2c468d77758b,rerank_measured_frozen_slate_without_production_constraints_or_new_candidates
ROUND_008,campaign_mean,2.0,4,22.10875,4,v2_00d4dc35ee8a;v2_0c1889c524b0;v2_16ebd2e14898;v2_2c468d77758b,rerank_measured_frozen_slate_without_production_constraints_or_new_candidates
ROUND_008,campaign_median,0.35,4,22.10875,4,v2_00d4dc35ee8a;v2_0c1889c524b0;v2_16ebd2e14898;v2_2c468d77758b,rerank_measured_frozen_slate_without_production_constraints_or_new_candidates
ROUND_008,campaign_median,0.0,4,22.10875,4,v2_00d4dc35ee8a;v2_0c1889c524b0;v2_16ebd2e14898;v2_2c468d77758b,rerank_measured_frozen_slate_without_production_constraints_or_new_candidates
ROUND_008,campaign_median,1.0,4,22.10875,4,v2_00d4dc35ee8a;v2_0c1889c524b0;v2_16ebd2e14898;v2_2c468d77758b,rerank_measured_frozen_slate_without_production_constraints_or_new_candidates
ROUND_008,campaign_median,2.0,4,22.10875,4,v2_00d4dc35ee8a;v2_0c1889c524b0;v2_16ebd2e14898;v2_2c468d77758b,rerank_measured_frozen_slate_without_production_constraints_or_new_candidates
ROUND_008,current_mixed,0.35,4,23.057499999999997,4,v2_16ebd2e14898;v2_b2a7d8453992;v2_c29d85c403ed;v2_d2de523913b8,rerank_measured_frozen_slate_without_production_constraints_or_new_candidates
ROUND_008,current_mixed,0.0,4,23.057499999999997,4,v2_16ebd2e14898;v2_b2a7d8453992;v2_c29d85c403ed;v2_d2de523913b8,rerank_measured_frozen_slate_without_production_constraints_or_new_candidates
ROUND_008,current_mixed,1.0,4,21.235625,3,v2_16ebd2e14898;v2_c29d85c403ed;v2_d2de523913b8;v2_0c1889c524b0,rerank_measured_frozen_slate_without_production_constraints_or_new_candidates
ROUND_008,current_mixed,2.0,4,15.456875,2,v2_c29d85c403ed;v2_d2de523913b8;v2_0c1889c524b0;v2_2c468d77758b,rerank_measured_frozen_slate_without_production_constraints_or_new_candidates
ROUND_008,legacy_correction,0.35,4,26.9575,4,v2_b2a7d8453992;v2_6f20e63adb1d;v2_cfd8fbca69e1;v2_d2de523913b8,rerank_measured_frozen_slate_without_production_constraints_or_new_candidates
ROUND_008,legacy_correction,0.0,4,33.22125,3,v2_b2a7d8453992;v2_6f20e63adb1d;v2_cfd8fbca69e1;v2_16ebd2e14898,rerank_measured_frozen_slate_without_production_constraints_or_new_candidates
ROUND_008,legacy_correction,1.0,4,15.934375000000001,2,v2_b2a7d8453992;v2_d2de523913b8;v2_4b9990641d38;v2_c29d85c403ed,rerank_measured_frozen_slate_without_production_constraints_or_new_candidates
ROUND_008,legacy_correction,2.0,4,12.623750000000001,1,v2_d2de523913b8;v2_4b9990641d38;v2_c29d85c403ed;v2_2c468d77758b,rerank_measured_frozen_slate_without_production_constraints_or_new_candidates
ROUND_008,sens_amplitude_learned,0.35,4,33.22125,4,v2_b2a7d8453992;v2_cfd8fbca69e1;v2_16ebd2e14898;v2_6f20e63adb1d,rerank_measured_frozen_slate_without_production_constraints_or_new_candidates
ROUND_008,sens_amplitude_learned,0.0,4,33.22125,4,v2_b2a7d8453992;v2_cfd8fbca69e1;v2_6f20e63adb1d;v2_16ebd2e14898,rerank_measured_frozen_slate_without_production_constraints_or_new_candidates
ROUND_008,sens_amplitude_learned,1.0,4,30.714375,3,v2_b2a7d8453992;v2_16ebd2e14898;v2_cfd8fbca69e1;v2_d2de523913b8,rerank_measured_frozen_slate_without_production_constraints_or_new_candidates
ROUND_008,sens_amplitude_learned,2.0,4,25.555,2,v2_b2a7d8453992;v2_16ebd2e14898;v2_d2de523913b8;v2_4b9990641d38,rerank_measured_frozen_slate_without_production_constraints_or_new_candidates
ROUND_008,sens_ard_learned,0.35,4,33.22125,4,v2_b2a7d8453992;v2_cfd8fbca69e1;v2_6f20e63adb1d;v2_16ebd2e14898,rerank_measured_frozen_slate_without_production_constraints_or_new_candidates
ROUND_008,sens_ard_learned,0.0,4,33.22125,4,v2_b2a7d8453992;v2_6f20e63adb1d;v2_cfd8fbca69e1;v2_16ebd2e14898,rerank_measured_frozen_slate_without_production_constraints_or_new_candidates
ROUND_008,sens_ard_learned,1.0,4,32.688125,3,v2_b2a7d8453992;v2_cfd8fbca69e1;v2_16ebd2e14898;v2_0c1889c524b0,rerank_measured_frozen_slate_without_production_constraints_or_new_candidates
ROUND_008,sens_ard_learned,2.0,4,28.873124999999998,2,v2_b2a7d8453992;v2_16ebd2e14898;v2_0c1889c524b0;v2_2c468d77758b,rerank_measured_frozen_slate_without_production_constraints_or_new_candidates
ROUND_008,sens_baseline,0.35,4,33.22125,4,v2_b2a7d8453992;v2_cfd8fbca69e1;v2_16ebd2e14898;v2_6f20e63adb1d,rerank_measured_frozen_slate_without_production_constraints_or_new_candidates
ROUND_008,sens_baseline,0.0,4,33.22125,4,v2_b2a7d8453992;v2_cfd8fbca69e1;v2_6f20e63adb1d;v2_16ebd2e14898,rerank_measured_frozen_slate_without_production_constraints_or_new_candidates
ROUND_008,sens_baseline,1.0,4,30.714375,3,v2_b2a7d8453992;v2_16ebd2e14898;v2_cfd8fbca69e1;v2_d2de523913b8,rerank_measured_frozen_slate_without_production_constraints_or_new_candidates
ROUND_008,sens_baseline,2.0,4,25.555,2,v2_b2a7d8453992;v2_16ebd2e14898;v2_d2de523913b8;v2_4b9990641d38,rerank_measured_frozen_slate_without_production_constraints_or_new_candidates
ROUND_008,sens_bounds,0.35,4,33.22125,4,v2_b2a7d8453992;v2_cfd8fbca69e1;v2_6f20e63adb1d;v2_16ebd2e14898,rerank_measured_frozen_slate_without_production_constraints_or_new_candidates
ROUND_008,sens_bounds,0.0,4,33.22125,4,v2_b2a7d8453992;v2_cfd8fbca69e1;v2_6f20e63adb1d;v2_16ebd2e14898,rerank_measured_frozen_slate_without_production_constraints_or_new_candidates
ROUND_008,sens_bounds,1.0,4,33.22125,4,v2_b2a7d8453992;v2_cfd8fbca69e1;v2_6f20e63adb1d;v2_16ebd2e14898,rerank_measured_frozen_slate_without_production_constraints_or_new_candidates
ROUND_008,sens_bounds,2.0,4,33.22125,4,v2_b2a7d8453992;v2_16ebd2e14898;v2_cfd8fbca69e1;v2_6f20e63adb1d,rerank_measured_frozen_slate_without_production_constraints_or_new_candidates
ROUND_008,sens_bounds_learned,0.35,4,33.22125,4,v2_b2a7d8453992;v2_cfd8fbca69e1;v2_6f20e63adb1d;v2_16ebd2e14898,rerank_measured_frozen_slate_without_production_constraints_or_new_candidates
ROUND_008,sens_bounds_learned,0.0,4,33.22125,4,v2_b2a7d8453992;v2_cfd8fbca69e1;v2_6f20e63adb1d;v2_16ebd2e14898,rerank_measured_frozen_slate_without_production_constraints_or_new_candidates
ROUND_008,sens_bounds_learned,1.0,4,31.199375,3,v2_b2a7d8453992;v2_cfd8fbca69e1;v2_16ebd2e14898;v2_2c468d77758b,rerank_measured_frozen_slate_without_production_constraints_or_new_candidates
ROUND_008,sens_bounds_learned,2.0,4,31.199375,3,v2_b2a7d8453992;v2_16ebd2e14898;v2_cfd8fbca69e1;v2_2c468d77758b,rerank_measured_frozen_slate_without_production_constraints_or_new_candidates
ROUND_008,sens_bounds_learned_restarts,0.35,4,33.22125,4,v2_b2a7d8453992;v2_cfd8fbca69e1;v2_6f20e63adb1d;v2_16ebd2e14898,rerank_measured_frozen_slate_without_production_constraints_or_new_candidates
ROUND_008,sens_bounds_learned_restarts,0.0,4,33.22125,4,v2_b2a7d8453992;v2_cfd8fbca69e1;v2_6f20e63adb1d;v2_16ebd2e14898,rerank_measured_frozen_slate_without_production_constraints_or_new_candidates
ROUND_008,sens_bounds_learned_restarts,1.0,4,31.199375,3,v2_b2a7d8453992;v2_cfd8fbca69e1;v2_16ebd2e14898;v2_2c468d77758b,rerank_measured_frozen_slate_without_production_constraints_or_new_candidates
ROUND_008,sens_bounds_learned_restarts,2.0,4,31.199375,3,v2_b2a7d8453992;v2_16ebd2e14898;v2_cfd8fbca69e1;v2_2c468d77758b,rerank_measured_frozen_slate_without_production_constraints_or_new_candidates
ROUND_008,sens_bounds_learned_wide,0.35,4,33.22125,4,v2_b2a7d8453992;v2_cfd8fbca69e1;v2_6f20e63adb1d;v2_16ebd2e14898,rerank_measured_frozen_slate_without_production_constraints_or_new_candidates
ROUND_008,sens_bounds_learned_wide,0.0,4,33.22125,4,v2_b2a7d8453992;v2_cfd8fbca69e1;v2_6f20e63adb1d;v2_16ebd2e14898,rerank_measured_frozen_slate_without_production_constraints_or_new_candidates
ROUND_008,sens_bounds_learned_wide,1.0,4,31.199375,3,v2_b2a7d8453992;v2_cfd8fbca69e1;v2_16ebd2e14898;v2_2c468d77758b,rerank_measured_frozen_slate_without_production_constraints_or_new_candidates
ROUND_008,sens_bounds_learned_wide,2.0,4,31.199375,3,v2_b2a7d8453992;v2_16ebd2e14898;v2_cfd8fbca69e1;v2_2c468d77758b,rerank_measured_frozen_slate_without_production_constraints_or_new_candidates
ROUND_008,sens_length_learned,0.35,4,33.22125,4,v2_b2a7d8453992;v2_cfd8fbca69e1;v2_16ebd2e14898;v2_6f20e63adb1d,rerank_measured_frozen_slate_without_production_constraints_or_new_candidates
ROUND_008,sens_length_learned,0.0,4,33.22125,4,v2_b2a7d8453992;v2_cfd8fbca69e1;v2_6f20e63adb1d;v2_16ebd2e14898,rerank_measured_frozen_slate_without_production_constraints_or_new_candidates
ROUND_008,sens_length_learned,1.0,4,30.714375,3,v2_b2a7d8453992;v2_16ebd2e14898;v2_cfd8fbca69e1;v2_d2de523913b8,rerank_measured_frozen_slate_without_production_constraints_or_new_candidates
ROUND_008,sens_length_learned,2.0,4,25.555,2,v2_b2a7d8453992;v2_16ebd2e14898;v2_d2de523913b8;v2_4b9990641d38,rerank_measured_frozen_slate_without_production_constraints_or_new_candidates
ROUND_008,sens_length_long,0.35,4,33.22125,4,v2_b2a7d8453992;v2_cfd8fbca69e1;v2_6f20e63adb1d;v2_16ebd2e14898,rerank_measured_frozen_slate_without_production_constraints_or_new_candidates
ROUND_008,sens_length_long,0.0,4,33.22125,4,v2_b2a7d8453992;v2_cfd8fbca69e1;v2_6f20e63adb1d;v2_16ebd2e14898,rerank_measured_frozen_slate_without_production_constraints_or_new_candidates
ROUND_008,sens_length_long,1.0,4,33.22125,4,v2_b2a7d8453992;v2_cfd8fbca69e1;v2_6f20e63adb1d;v2_16ebd2e14898,rerank_measured_frozen_slate_without_production_constraints_or_new_candidates
ROUND_008,sens_length_long,2.0,4,25.221874999999997,3,v2_b2a7d8453992;v2_cfd8fbca69e1;v2_949b1b9d7a24;v2_6f20e63adb1d,rerank_measured_frozen_slate_without_production_constraints_or_new_candidates
ROUND_008,sens_length_short,0.35,4,33.22125,4,v2_6f20e63adb1d;v2_cfd8fbca69e1;v2_b2a7d8453992;v2_16ebd2e14898,rerank_measured_frozen_slate_without_production_constraints_or_new_candidates
ROUND_008,sens_length_short,0.0,4,33.22125,4,v2_6f20e63adb1d;v2_cfd8fbca69e1;v2_b2a7d8453992;v2_16ebd2e14898,rerank_measured_frozen_slate_without_production_constraints_or_new_candidates
ROUND_008,sens_length_short,1.0,4,28.978749999999998,3,v2_b2a7d8453992;v2_cfd8fbca69e1;v2_16ebd2e14898;v2_949b1b9d7a24,rerank_measured_frozen_slate_without_production_constraints_or_new_candidates
ROUND_008,sens_length_short,2.0,4,28.978749999999998,3,v2_b2a7d8453992;v2_cfd8fbca69e1;v2_16ebd2e14898;v2_949b1b9d7a24,rerank_measured_frozen_slate_without_production_constraints_or_new_candidates
ROUND_008,sens_logit,0.35,4,33.22125,4,v2_b2a7d8453992;v2_cfd8fbca69e1;v2_16ebd2e14898;v2_6f20e63adb1d,rerank_measured_frozen_slate_without_production_constraints_or_new_candidates
ROUND_008,sens_logit,0.0,4,33.22125,4,v2_b2a7d8453992;v2_cfd8fbca69e1;v2_6f20e63adb1d;v2_16ebd2e14898,rerank_measured_frozen_slate_without_production_constraints_or_new_candidates
ROUND_008,sens_logit,1.0,4,30.714375,3,v2_b2a7d8453992;v2_16ebd2e14898;v2_cfd8fbca69e1;v2_d2de523913b8,rerank_measured_frozen_slate_without_production_constraints_or_new_candidates
ROUND_008,sens_logit,2.0,4,25.555,2,v2_b2a7d8453992;v2_16ebd2e14898;v2_d2de523913b8;v2_4b9990641d38,rerank_measured_frozen_slate_without_production_constraints_or_new_candidates
ROUND_008,sens_matern15,0.35,4,33.22125,4,v2_b2a7d8453992;v2_cfd8fbca69e1;v2_16ebd2e14898;v2_6f20e63adb1d,rerank_measured_frozen_slate_without_production_constraints_or_new_candidates
ROUND_008,sens_matern15,0.0,4,33.22125,4,v2_b2a7d8453992;v2_cfd8fbca69e1;v2_6f20e63adb1d;v2_16ebd2e14898,rerank_measured_frozen_slate_without_production_constraints_or_new_candidates
ROUND_008,sens_matern15,1.0,4,30.714375,3,v2_b2a7d8453992;v2_16ebd2e14898;v2_cfd8fbca69e1;v2_d2de523913b8,rerank_measured_frozen_slate_without_production_constraints_or_new_candidates
ROUND_008,sens_matern15,2.0,4,25.555,2,v2_b2a7d8453992;v2_16ebd2e14898;v2_d2de523913b8;v2_4b9990641d38,rerank_measured_frozen_slate_without_production_constraints_or_new_candidates
ROUND_008,sens_mean_median,0.35,4,33.22125,4,v2_b2a7d8453992;v2_cfd8fbca69e1;v2_16ebd2e14898;v2_6f20e63adb1d,rerank_measured_frozen_slate_without_production_constraints_or_new_candidates
ROUND_008,sens_mean_median,0.0,4,33.22125,4,v2_b2a7d8453992;v2_cfd8fbca69e1;v2_6f20e63adb1d;v2_16ebd2e14898,rerank_measured_frozen_slate_without_production_constraints_or_new_candidates
ROUND_008,sens_mean_median,1.0,4,30.714375,3,v2_b2a7d8453992;v2_16ebd2e14898;v2_cfd8fbca69e1;v2_d2de523913b8,rerank_measured_frozen_slate_without_production_constraints_or_new_candidates
ROUND_008,sens_mean_median,2.0,4,25.555,2,v2_b2a7d8453992;v2_16ebd2e14898;v2_d2de523913b8;v2_4b9990641d38,rerank_measured_frozen_slate_without_production_constraints_or_new_candidates
ROUND_008,sens_mixed_sources,0.35,4,23.057499999999997,4,v2_16ebd2e14898;v2_b2a7d8453992;v2_c29d85c403ed;v2_d2de523913b8,rerank_measured_frozen_slate_without_production_constraints_or_new_candidates
ROUND_008,sens_mixed_sources,0.0,4,23.057499999999997,4,v2_16ebd2e14898;v2_b2a7d8453992;v2_c29d85c403ed;v2_d2de523913b8,rerank_measured_frozen_slate_without_production_constraints_or_new_candidates
ROUND_008,sens_mixed_sources,1.0,4,21.235625,3,v2_16ebd2e14898;v2_c29d85c403ed;v2_d2de523913b8;v2_0c1889c524b0,rerank_measured_frozen_slate_without_production_constraints_or_new_candidates
ROUND_008,sens_mixed_sources,2.0,4,15.456875,2,v2_c29d85c403ed;v2_d2de523913b8;v2_0c1889c524b0;v2_2c468d77758b,rerank_measured_frozen_slate_without_production_constraints_or_new_candidates
ROUND_008,sens_noise_10pp,0.35,4,33.22125,4,v2_b2a7d8453992;v2_cfd8fbca69e1;v2_6f20e63adb1d;v2_16ebd2e14898,rerank_measured_frozen_slate_without_production_constraints_or_new_candidates
ROUND_008,sens_noise_10pp,0.0,4,33.22125,4,v2_b2a7d8453992;v2_cfd8fbca69e1;v2_6f20e63adb1d;v2_16ebd2e14898,rerank_measured_frozen_slate_without_production_constraints_or_new_candidates
ROUND_008,sens_noise_10pp,1.0,4,33.22125,4,v2_b2a7d8453992;v2_16ebd2e14898;v2_cfd8fbca69e1;v2_6f20e63adb1d,rerank_measured_frozen_slate_without_production_constraints_or_new_candidates
ROUND_008,sens_noise_10pp,2.0,4,25.555,2,v2_b2a7d8453992;v2_16ebd2e14898;v2_d2de523913b8;v2_4b9990641d38,rerank_measured_frozen_slate_without_production_constraints_or_new_candidates
ROUND_008,sens_noise_1pp,0.35,4,33.22125,4,v2_b2a7d8453992;v2_cfd8fbca69e1;v2_16ebd2e14898;v2_6f20e63adb1d,rerank_measured_frozen_slate_without_production_constraints_or_new_candidates
ROUND_008,sens_noise_1pp,0.0,4,33.22125,4,v2_b2a7d8453992;v2_cfd8fbca69e1;v2_6f20e63adb1d;v2_16ebd2e14898,rerank_measured_frozen_slate_without_production_constraints_or_new_candidates
ROUND_008,sens_noise_1pp,1.0,4,30.714375,3,v2_b2a7d8453992;v2_16ebd2e14898;v2_cfd8fbca69e1;v2_d2de523913b8,rerank_measured_frozen_slate_without_production_constraints_or_new_candidates
ROUND_008,sens_noise_1pp,2.0,4,25.555,2,v2_b2a7d8453992;v2_16ebd2e14898;v2_d2de523913b8;v2_4b9990641d38,rerank_measured_frozen_slate_without_production_constraints_or_new_candidates
ROUND_008,sens_noise_3pp,0.35,4,33.22125,4,v2_b2a7d8453992;v2_cfd8fbca69e1;v2_16ebd2e14898;v2_6f20e63adb1d,rerank_measured_frozen_slate_without_production_constraints_or_new_candidates
ROUND_008,sens_noise_3pp,0.0,4,33.22125,4,v2_b2a7d8453992;v2_cfd8fbca69e1;v2_6f20e63adb1d;v2_16ebd2e14898,rerank_measured_frozen_slate_without_production_constraints_or_new_candidates
ROUND_008,sens_noise_3pp,1.0,4,30.714375,3,v2_b2a7d8453992;v2_16ebd2e14898;v2_cfd8fbca69e1;v2_d2de523913b8,rerank_measured_frozen_slate_without_production_constraints_or_new_candidates
ROUND_008,sens_noise_3pp,2.0,4,25.555,2,v2_b2a7d8453992;v2_16ebd2e14898;v2_d2de523913b8;v2_4b9990641d38,rerank_measured_frozen_slate_without_production_constraints_or_new_candidates
ROUND_008,sens_noise_5pp,0.35,4,33.22125,4,v2_b2a7d8453992;v2_cfd8fbca69e1;v2_16ebd2e14898;v2_6f20e63adb1d,rerank_measured_frozen_slate_without_production_constraints_or_new_candidates
ROUND_008,sens_noise_5pp,0.0,4,33.22125,4,v2_b2a7d8453992;v2_cfd8fbca69e1;v2_6f20e63adb1d;v2_16ebd2e14898,rerank_measured_frozen_slate_without_production_constraints_or_new_candidates
ROUND_008,sens_noise_5pp,1.0,4,33.22125,4,v2_b2a7d8453992;v2_16ebd2e14898;v2_cfd8fbca69e1;v2_6f20e63adb1d,rerank_measured_frozen_slate_without_production_constraints_or_new_candidates
ROUND_008,sens_noise_5pp,2.0,4,25.555,2,v2_b2a7d8453992;v2_16ebd2e14898;v2_d2de523913b8;v2_4b9990641d38,rerank_measured_frozen_slate_without_production_constraints_or_new_candidates
ROUND_008,sens_noise_learned,0.35,4,33.22125,4,v2_b2a7d8453992;v2_cfd8fbca69e1;v2_16ebd2e14898;v2_6f20e63adb1d,rerank_measured_frozen_slate_without_production_constraints_or_new_candidates
ROUND_008,sens_noise_learned,0.0,4,33.22125,4,v2_b2a7d8453992;v2_cfd8fbca69e1;v2_6f20e63adb1d;v2_16ebd2e14898,rerank_measured_frozen_slate_without_production_constraints_or_new_candidates
ROUND_008,sens_noise_learned,1.0,4,33.22125,4,v2_b2a7d8453992;v2_16ebd2e14898;v2_cfd8fbca69e1;v2_6f20e63adb1d,rerank_measured_frozen_slate_without_production_constraints_or_new_candidates
ROUND_008,sens_noise_learned,2.0,4,25.555,2,v2_b2a7d8453992;v2_16ebd2e14898;v2_d2de523913b8;v2_4b9990641d38,rerank_measured_frozen_slate_without_production_constraints_or_new_candidates
ROUND_008,sens_rbf,0.35,4,33.22125,4,v2_b2a7d8453992;v2_cfd8fbca69e1;v2_6f20e63adb1d;v2_16ebd2e14898,rerank_measured_frozen_slate_without_production_constraints_or_new_candidates
ROUND_008,sens_rbf,0.0,4,33.22125,4,v2_b2a7d8453992;v2_cfd8fbca69e1;v2_6f20e63adb1d;v2_16ebd2e14898,rerank_measured_frozen_slate_without_production_constraints_or_new_candidates
ROUND_008,sens_rbf,1.0,4,23.591250000000002,2,v2_b2a7d8453992;v2_cfd8fbca69e1;v2_d2de523913b8;v2_4b9990641d38,rerank_measured_frozen_slate_without_production_constraints_or_new_candidates
ROUND_008,sens_rbf,2.0,4,15.934375000000001,1,v2_b2a7d8453992;v2_d2de523913b8;v2_4b9990641d38;v2_c29d85c403ed,rerank_measured_frozen_slate_without_production_constraints_or_new_candidates
ROUND_008,sens_recent3,0.35,4,33.22125,4,v2_cfd8fbca69e1;v2_6f20e63adb1d;v2_16ebd2e14898;v2_b2a7d8453992,rerank_measured_frozen_slate_without_production_constraints_or_new_candidates
ROUND_008,sens_recent3,0.0,4,33.22125,4,v2_cfd8fbca69e1;v2_6f20e63adb1d;v2_16ebd2e14898;v2_b2a7d8453992,rerank_measured_frozen_slate_without_production_constraints_or_new_candidates
ROUND_008,sens_recent3,1.0,4,33.22125,4,v2_cfd8fbca69e1;v2_6f20e63adb1d;v2_16ebd2e14898;v2_b2a7d8453992,rerank_measured_frozen_slate_without_production_constraints_or_new_candidates
ROUND_008,sens_recent3,2.0,4,28.978749999999998,3,v2_cfd8fbca69e1;v2_b2a7d8453992;v2_16ebd2e14898;v2_949b1b9d7a24,rerank_measured_frozen_slate_without_production_constraints_or_new_candidates
ROUND_009,campaign_bounds_learned,0.35,4,47.879375,4,v2_e4e4fdaec9b1;v2_958a475d561d;v2_a5836ff741f8;v2_74bd7b4dd0a7,rerank_measured_frozen_slate_without_production_constraints_or_new_candidates
ROUND_009,campaign_bounds_learned,0.0,4,49.97625,3,v2_e4e4fdaec9b1;v2_958a475d561d;v2_a5836ff741f8;v2_7371aa062562,rerank_measured_frozen_slate_without_production_constraints_or_new_candidates
ROUND_009,campaign_bounds_learned,1.0,4,47.879375,4,v2_a5836ff741f8;v2_958a475d561d;v2_e4e4fdaec9b1;v2_74bd7b4dd0a7,rerank_measured_frozen_slate_without_production_constraints_or_new_candidates
ROUND_009,campaign_bounds_learned,2.0,4,47.879375,4,v2_a5836ff741f8;v2_958a475d561d;v2_e4e4fdaec9b1;v2_74bd7b4dd0a7,rerank_measured_frozen_slate_without_production_constraints_or_new_candidates
ROUND_009,campaign_existing,0.35,4,47.879374999999996,4,v2_a5836ff741f8;v2_e4e4fdaec9b1;v2_958a475d561d;v2_74bd7b4dd0a7,rerank_measured_frozen_slate_without_production_constraints_or_new_candidates
ROUND_009,campaign_existing,0.0,4,49.97624999999999,3,v2_e4e4fdaec9b1;v2_a5836ff741f8;v2_958a475d561d;v2_7371aa062562,rerank_measured_frozen_slate_without_production_constraints_or_new_candidates
ROUND_009,campaign_existing,1.0,4,47.879374999999996,4,v2_a5836ff741f8;v2_e4e4fdaec9b1;v2_958a475d561d;v2_74bd7b4dd0a7,rerank_measured_frozen_slate_without_production_constraints_or_new_candidates
ROUND_009,campaign_existing,2.0,4,42.569374999999994,3,v2_a5836ff741f8;v2_74bd7b4dd0a7;v2_958a475d561d;v2_ee0e6b6d09bd,rerank_measured_frozen_slate_without_production_constraints_or_new_candidates
ROUND_009,campaign_existing_adaptive,0.35,4,47.879374999999996,4,v2_a5836ff741f8;v2_e4e4fdaec9b1;v2_958a475d561d;v2_74bd7b4dd0a7,rerank_measured_frozen_slate_without_production_constraints_or_new_candidates
ROUND_009,campaign_existing_adaptive,0.0,4,49.97624999999999,3,v2_e4e4fdaec9b1;v2_a5836ff741f8;v2_958a475d561d;v2_7371aa062562,rerank_measured_frozen_slate_without_production_constraints_or_new_candidates
ROUND_009,campaign_existing_adaptive,1.0,4,47.879374999999996,4,v2_a5836ff741f8;v2_e4e4fdaec9b1;v2_958a475d561d;v2_74bd7b4dd0a7,rerank_measured_frozen_slate_without_production_constraints_or_new_candidates
ROUND_009,campaign_existing_adaptive,2.0,4,47.879374999999996,4,v2_a5836ff741f8;v2_958a475d561d;v2_74bd7b4dd0a7;v2_e4e4fdaec9b1,rerank_measured_frozen_slate_without_production_constraints_or_new_candidates
ROUND_009,campaign_mean,0.35,4,36.261875,4,v2_058f0d84ea0e;v2_4d49c0b641bb;v2_6f20e63adb1d;v2_7371aa062562,rerank_measured_frozen_slate_without_production_constraints_or_new_candidates
ROUND_009,campaign_mean,0.0,4,36.261875,4,v2_058f0d84ea0e;v2_4d49c0b641bb;v2_6f20e63adb1d;v2_7371aa062562,rerank_measured_frozen_slate_without_production_constraints_or_new_candidates
ROUND_009,campaign_mean,1.0,4,36.261875,4,v2_058f0d84ea0e;v2_4d49c0b641bb;v2_6f20e63adb1d;v2_7371aa062562,rerank_measured_frozen_slate_without_production_constraints_or_new_candidates
ROUND_009,campaign_mean,2.0,4,36.261875,4,v2_058f0d84ea0e;v2_4d49c0b641bb;v2_6f20e63adb1d;v2_7371aa062562,rerank_measured_frozen_slate_without_production_constraints_or_new_candidates
ROUND_009,campaign_median,0.35,4,36.261875,4,v2_058f0d84ea0e;v2_4d49c0b641bb;v2_6f20e63adb1d;v2_7371aa062562,rerank_measured_frozen_slate_without_production_constraints_or_new_candidates
ROUND_009,campaign_median,0.0,4,36.261875,4,v2_058f0d84ea0e;v2_4d49c0b641bb;v2_6f20e63adb1d;v2_7371aa062562,rerank_measured_frozen_slate_without_production_constraints_or_new_candidates
ROUND_009,campaign_median,1.0,4,36.261875,4,v2_058f0d84ea0e;v2_4d49c0b641bb;v2_6f20e63adb1d;v2_7371aa062562,rerank_measured_frozen_slate_without_production_constraints_or_new_candidates
ROUND_009,campaign_median,2.0,4,36.261875,4,v2_058f0d84ea0e;v2_4d49c0b641bb;v2_6f20e63adb1d;v2_7371aa062562,rerank_measured_frozen_slate_without_production_constraints_or_new_candidates
ROUND_009,current_mixed,0.35,4,47.879374999999996,4,v2_e4e4fdaec9b1;v2_74bd7b4dd0a7;v2_958a475d561d;v2_a5836ff741f8,rerank_measured_frozen_slate_without_production_constraints_or_new_candidates
ROUND_009,current_mixed,0.0,4,47.879374999999996,4,v2_a5836ff741f8;v2_e4e4fdaec9b1;v2_74bd7b4dd0a7;v2_958a475d561d,rerank_measured_frozen_slate_without_production_constraints_or_new_candidates
ROUND_009,current_mixed,1.0,4,16.505625,0,v2_e520c20c7441;v2_4d49c0b641bb;v2_ee0e6b6d09bd;v2_f87d5e9bf5a4,rerank_measured_frozen_slate_without_production_constraints_or_new_candidates
ROUND_009,current_mixed,2.0,4,16.505625,0,v2_e520c20c7441;v2_4d49c0b641bb;v2_ee0e6b6d09bd;v2_f87d5e9bf5a4,rerank_measured_frozen_slate_without_production_constraints_or_new_candidates
ROUND_009,legacy_correction,0.35,4,49.97625,4,v2_e4e4fdaec9b1;v2_958a475d561d;v2_7371aa062562;v2_a5836ff741f8,rerank_measured_frozen_slate_without_production_constraints_or_new_candidates
ROUND_009,legacy_correction,0.0,4,49.97625,4,v2_e4e4fdaec9b1;v2_958a475d561d;v2_a5836ff741f8;v2_7371aa062562,rerank_measured_frozen_slate_without_production_constraints_or_new_candidates
ROUND_009,legacy_correction,1.0,4,44.816875,3,v2_e4e4fdaec9b1;v2_958a475d561d;v2_7371aa062562;v2_74bd7b4dd0a7,rerank_measured_frozen_slate_without_production_constraints_or_new_candidates
ROUND_009,legacy_correction,2.0,4,40.651250000000005,3,v2_e4e4fdaec9b1;v2_958a475d561d;v2_7371aa062562;v2_ee0e6b6d09bd,rerank_measured_frozen_slate_without_production_constraints_or_new_candidates
ROUND_009,sens_amplitude_learned,0.35,4,47.879374999999996,4,v2_a5836ff741f8;v2_e4e4fdaec9b1;v2_958a475d561d;v2_74bd7b4dd0a7,rerank_measured_frozen_slate_without_production_constraints_or_new_candidates
ROUND_009,sens_amplitude_learned,0.0,4,49.97624999999999,3,v2_e4e4fdaec9b1;v2_a5836ff741f8;v2_958a475d561d;v2_7371aa062562,rerank_measured_frozen_slate_without_production_constraints_or_new_candidates
ROUND_009,sens_amplitude_learned,1.0,4,47.879374999999996,4,v2_a5836ff741f8;v2_e4e4fdaec9b1;v2_958a475d561d;v2_74bd7b4dd0a7,rerank_measured_frozen_slate_without_production_constraints_or_new_candidates
ROUND_009,sens_amplitude_learned,2.0,4,42.569374999999994,3,v2_a5836ff741f8;v2_74bd7b4dd0a7;v2_958a475d561d;v2_ee0e6b6d09bd,rerank_measured_frozen_slate_without_production_constraints_or_new_candidates
ROUND_009,sens_ard_learned,0.35,4,49.97624999999999,4,v2_e4e4fdaec9b1;v2_a5836ff741f8;v2_958a475d561d;v2_7371aa062562,rerank_measured_frozen_slate_without_production_constraints_or_new_candidates
ROUND_009,sens_ard_learned,0.0,4,49.97624999999999,4,v2_e4e4fdaec9b1;v2_a5836ff741f8;v2_958a475d561d;v2_7371aa062562,rerank_measured_frozen_slate_without_production_constraints_or_new_candidates
ROUND_009,sens_ard_learned,1.0,4,46.746874999999996,3,v2_a5836ff741f8;v2_e4e4fdaec9b1;v2_958a475d561d;v2_a4c0156ecbf5,rerank_measured_frozen_slate_without_production_constraints_or_new_candidates
ROUND_009,sens_ard_learned,2.0,4,46.746875,3,v2_a5836ff741f8;v2_958a475d561d;v2_e4e4fdaec9b1;v2_a4c0156ecbf5,rerank_measured_frozen_slate_without_production_constraints_or_new_candidates
ROUND_009,sens_baseline,0.35,4,47.879374999999996,4,v2_a5836ff741f8;v2_e4e4fdaec9b1;v2_958a475d561d;v2_74bd7b4dd0a7,rerank_measured_frozen_slate_without_production_constraints_or_new_candidates
ROUND_009,sens_baseline,0.0,4,49.97624999999999,3,v2_e4e4fdaec9b1;v2_a5836ff741f8;v2_958a475d561d;v2_7371aa062562,rerank_measured_frozen_slate_without_production_constraints_or_new_candidates
ROUND_009,sens_baseline,1.0,4,47.879374999999996,4,v2_a5836ff741f8;v2_e4e4fdaec9b1;v2_958a475d561d;v2_74bd7b4dd0a7,rerank_measured_frozen_slate_without_production_constraints_or_new_candidates
ROUND_009,sens_baseline,2.0,4,42.569374999999994,3,v2_a5836ff741f8;v2_74bd7b4dd0a7;v2_958a475d561d;v2_ee0e6b6d09bd,rerank_measured_frozen_slate_without_production_constraints_or_new_candidates
ROUND_009,sens_bounds,0.35,4,49.97624999999999,4,v2_a5836ff741f8;v2_e4e4fdaec9b1;v2_958a475d561d;v2_7371aa062562,rerank_measured_frozen_slate_without_production_constraints_or_new_candidates
ROUND_009,sens_bounds,0.0,4,49.97624999999999,4,v2_a5836ff741f8;v2_e4e4fdaec9b1;v2_958a475d561d;v2_7371aa062562,rerank_measured_frozen_slate_without_production_constraints_or_new_candidates
ROUND_009,sens_bounds,1.0,4,49.97624999999999,4,v2_a5836ff741f8;v2_e4e4fdaec9b1;v2_958a475d561d;v2_7371aa062562,rerank_measured_frozen_slate_without_production_constraints_or_new_candidates
ROUND_009,sens_bounds,2.0,4,36.413125,1,v2_a5836ff741f8;v2_a4c0156ecbf5;v2_ee0e6b6d09bd;v2_058f0d84ea0e,rerank_measured_frozen_slate_without_production_constraints_or_new_candidates
ROUND_009,sens_bounds_learned,0.35,4,47.879375,4,v2_e4e4fdaec9b1;v2_958a475d561d;v2_a5836ff741f8;v2_74bd7b4dd0a7,rerank_measured_frozen_slate_without_production_constraints_or_new_candidates
ROUND_009,sens_bounds_learned,0.0,4,49.97625,3,v2_e4e4fdaec9b1;v2_958a475d561d;v2_a5836ff741f8;v2_7371aa062562,rerank_measured_frozen_slate_without_production_constraints_or_new_candidates
ROUND_009,sens_bounds_learned,1.0,4,47.879375,4,v2_a5836ff741f8;v2_958a475d561d;v2_e4e4fdaec9b1;v2_74bd7b4dd0a7,rerank_measured_frozen_slate_without_production_constraints_or_new_candidates
ROUND_009,sens_bounds_learned,2.0,4,47.879375,4,v2_a5836ff741f8;v2_958a475d561d;v2_e4e4fdaec9b1;v2_74bd7b4dd0a7,rerank_measured_frozen_slate_without_production_constraints_or_new_candidates
ROUND_009,sens_bounds_learned_restarts,0.35,4,47.879375,4,v2_e4e4fdaec9b1;v2_958a475d561d;v2_a5836ff741f8;v2_74bd7b4dd0a7,rerank_measured_frozen_slate_without_production_constraints_or_new_candidates
ROUND_009,sens_bounds_learned_restarts,0.0,4,49.97625,3,v2_e4e4fdaec9b1;v2_958a475d561d;v2_a5836ff741f8;v2_7371aa062562,rerank_measured_frozen_slate_without_production_constraints_or_new_candidates
ROUND_009,sens_bounds_learned_restarts,1.0,4,47.879375,4,v2_a5836ff741f8;v2_958a475d561d;v2_e4e4fdaec9b1;v2_74bd7b4dd0a7,rerank_measured_frozen_slate_without_production_constraints_or_new_candidates
ROUND_009,sens_bounds_learned_restarts,2.0,4,47.879375,4,v2_a5836ff741f8;v2_958a475d561d;v2_e4e4fdaec9b1;v2_74bd7b4dd0a7,rerank_measured_frozen_slate_without_production_constraints_or_new_candidates
ROUND_009,sens_bounds_learned_wide,0.35,4,47.879375,4,v2_e4e4fdaec9b1;v2_958a475d561d;v2_a5836ff741f8;v2_74bd7b4dd0a7,rerank_measured_frozen_slate_without_production_constraints_or_new_candidates
ROUND_009,sens_bounds_learned_wide,0.0,4,49.97625,3,v2_e4e4fdaec9b1;v2_958a475d561d;v2_a5836ff741f8;v2_7371aa062562,rerank_measured_frozen_slate_without_production_constraints_or_new_candidates
ROUND_009,sens_bounds_learned_wide,1.0,4,47.879375,4,v2_a5836ff741f8;v2_958a475d561d;v2_e4e4fdaec9b1;v2_74bd7b4dd0a7,rerank_measured_frozen_slate_without_production_constraints_or_new_candidates
ROUND_009,sens_bounds_learned_wide,2.0,4,47.879375,4,v2_a5836ff741f8;v2_958a475d561d;v2_e4e4fdaec9b1;v2_74bd7b4dd0a7,rerank_measured_frozen_slate_without_production_constraints_or_new_candidates
ROUND_009,sens_length_learned,0.35,4,47.879375,4,v2_e4e4fdaec9b1;v2_958a475d561d;v2_a5836ff741f8;v2_74bd7b4dd0a7,rerank_measured_frozen_slate_without_production_constraints_or_new_candidates
ROUND_009,sens_length_learned,0.0,4,49.97625,3,v2_e4e4fdaec9b1;v2_958a475d561d;v2_a5836ff741f8;v2_7371aa062562,rerank_measured_frozen_slate_without_production_constraints_or_new_candidates
ROUND_009,sens_length_learned,1.0,4,47.879374999999996,4,v2_e4e4fdaec9b1;v2_a5836ff741f8;v2_958a475d561d;v2_74bd7b4dd0a7,rerank_measured_frozen_slate_without_production_constraints_or_new_candidates
ROUND_009,sens_length_learned,2.0,4,47.879374999999996,4,v2_a5836ff741f8;v2_958a475d561d;v2_74bd7b4dd0a7;v2_e4e4fdaec9b1,rerank_measured_frozen_slate_without_production_constraints_or_new_candidates
ROUND_009,sens_length_long,0.35,4,49.97624999999999,4,v2_a5836ff741f8;v2_e4e4fdaec9b1;v2_958a475d561d;v2_7371aa062562,rerank_measured_frozen_slate_without_production_constraints_or_new_candidates
ROUND_009,sens_length_long,0.0,4,49.97624999999999,4,v2_a5836ff741f8;v2_e4e4fdaec9b1;v2_958a475d561d;v2_7371aa062562,rerank_measured_frozen_slate_without_production_constraints_or_new_candidates
ROUND_009,sens_length_long,1.0,4,41.723124999999996,2,v2_a5836ff741f8;v2_e4e4fdaec9b1;v2_a4c0156ecbf5;v2_058f0d84ea0e,rerank_measured_frozen_slate_without_production_constraints_or_new_candidates
ROUND_009,sens_length_long,2.0,4,36.413124999999994,1,v2_a4c0156ecbf5;v2_058f0d84ea0e;v2_ee0e6b6d09bd;v2_a5836ff741f8,rerank_measured_frozen_slate_without_production_constraints_or_new_candidates
ROUND_009,sens_length_short,0.35,4,49.97625,4,v2_e4e4fdaec9b1;v2_7371aa062562;v2_958a475d561d;v2_a5836ff741f8,rerank_measured_frozen_slate_without_production_constraints_or_new_candidates
ROUND_009,sens_length_short,0.0,4,50.63,3,v2_7371aa062562;v2_e4e4fdaec9b1;v2_958a475d561d;v2_6f20e63adb1d,rerank_measured_frozen_slate_without_production_constraints_or_new_candidates
ROUND_009,sens_length_short,1.0,4,47.879375,3,v2_e4e4fdaec9b1;v2_958a475d561d;v2_a5836ff741f8;v2_74bd7b4dd0a7,rerank_measured_frozen_slate_without_production_constraints_or_new_candidates
ROUND_009,sens_length_short,2.0,4,47.879375,3,v2_e4e4fdaec9b1;v2_958a475d561d;v2_a5836ff741f8;v2_74bd7b4dd0a7,rerank_measured_frozen_slate_without_production_constraints_or_new_candidates
ROUND_009,sens_logit,0.35,4,47.879374999999996,4,v2_a5836ff741f8;v2_e4e4fdaec9b1;v2_958a475d561d;v2_74bd7b4dd0a7,rerank_measured_frozen_slate_without_production_constraints_or_new_candidates
ROUND_009,sens_logit,0.0,4,49.97624999999999,3,v2_e4e4fdaec9b1;v2_a5836ff741f8;v2_958a475d561d;v2_7371aa062562,rerank_measured_frozen_slate_without_production_constraints_or_new_candidates
ROUND_009,sens_logit,1.0,4,47.879374999999996,4,v2_a5836ff741f8;v2_958a475d561d;v2_74bd7b4dd0a7;v2_e4e4fdaec9b1,rerank_measured_frozen_slate_without_production_constraints_or_new_candidates
ROUND_009,sens_logit,2.0,4,47.879374999999996,4,v2_a5836ff741f8;v2_74bd7b4dd0a7;v2_958a475d561d;v2_e4e4fdaec9b1,rerank_measured_frozen_slate_without_production_constraints_or_new_candidates
ROUND_009,sens_matern15,0.35,4,47.879374999999996,4,v2_e4e4fdaec9b1;v2_a5836ff741f8;v2_958a475d561d;v2_74bd7b4dd0a7,rerank_measured_frozen_slate_without_production_constraints_or_new_candidates
ROUND_009,sens_matern15,0.0,4,49.97624999999999,3,v2_e4e4fdaec9b1;v2_a5836ff741f8;v2_958a475d561d;v2_7371aa062562,rerank_measured_frozen_slate_without_production_constraints_or_new_candidates
ROUND_009,sens_matern15,1.0,4,47.879374999999996,4,v2_a5836ff741f8;v2_e4e4fdaec9b1;v2_958a475d561d;v2_74bd7b4dd0a7,rerank_measured_frozen_slate_without_production_constraints_or_new_candidates
ROUND_009,sens_matern15,2.0,4,47.879374999999996,4,v2_a5836ff741f8;v2_958a475d561d;v2_74bd7b4dd0a7;v2_e4e4fdaec9b1,rerank_measured_frozen_slate_without_production_constraints_or_new_candidates
ROUND_009,sens_mean_median,0.35,4,47.879374999999996,4,v2_a5836ff741f8;v2_e4e4fdaec9b1;v2_958a475d561d;v2_74bd7b4dd0a7,rerank_measured_frozen_slate_without_production_constraints_or_new_candidates
ROUND_009,sens_mean_median,0.0,4,49.97624999999999,3,v2_e4e4fdaec9b1;v2_a5836ff741f8;v2_958a475d561d;v2_7371aa062562,rerank_measured_frozen_slate_without_production_constraints_or_new_candidates
ROUND_009,sens_mean_median,1.0,4,47.879374999999996,4,v2_a5836ff741f8;v2_e4e4fdaec9b1;v2_958a475d561d;v2_74bd7b4dd0a7,rerank_measured_frozen_slate_without_production_constraints_or_new_candidates
ROUND_009,sens_mean_median,2.0,4,47.879374999999996,4,v2_a5836ff741f8;v2_74bd7b4dd0a7;v2_958a475d561d;v2_e4e4fdaec9b1,rerank_measured_frozen_slate_without_production_constraints_or_new_candidates
ROUND_009,sens_mixed_sources,0.35,4,47.879374999999996,4,v2_e4e4fdaec9b1;v2_74bd7b4dd0a7;v2_958a475d561d;v2_a5836ff741f8,rerank_measured_frozen_slate_without_production_constraints_or_new_candidates
ROUND_009,sens_mixed_sources,0.0,4,47.879374999999996,4,v2_a5836ff741f8;v2_e4e4fdaec9b1;v2_74bd7b4dd0a7;v2_958a475d561d,rerank_measured_frozen_slate_without_production_constraints_or_new_candidates
ROUND_009,sens_mixed_sources,1.0,4,16.505625,0,v2_e520c20c7441;v2_4d49c0b641bb;v2_ee0e6b6d09bd;v2_f87d5e9bf5a4,rerank_measured_frozen_slate_without_production_constraints_or_new_candidates
ROUND_009,sens_mixed_sources,2.0,4,16.505625,0,v2_e520c20c7441;v2_4d49c0b641bb;v2_ee0e6b6d09bd;v2_f87d5e9bf5a4,rerank_measured_frozen_slate_without_production_constraints_or_new_candidates
ROUND_009,sens_noise_10pp,0.35,4,49.97624999999999,4,v2_e4e4fdaec9b1;v2_a5836ff741f8;v2_958a475d561d;v2_7371aa062562,rerank_measured_frozen_slate_without_production_constraints_or_new_candidates
ROUND_009,sens_noise_10pp,0.0,4,49.97624999999999,4,v2_e4e4fdaec9b1;v2_a5836ff741f8;v2_958a475d561d;v2_7371aa062562,rerank_measured_frozen_slate_without_production_constraints_or_new_candidates
ROUND_009,sens_noise_10pp,1.0,4,47.879374999999996,3,v2_a5836ff741f8;v2_e4e4fdaec9b1;v2_958a475d561d;v2_74bd7b4dd0a7,rerank_measured_frozen_slate_without_production_constraints_or_new_candidates
ROUND_009,sens_noise_10pp,2.0,4,47.879375,3,v2_a5836ff741f8;v2_958a475d561d;v2_e4e4fdaec9b1;v2_74bd7b4dd0a7,rerank_measured_frozen_slate_without_production_constraints_or_new_candidates
ROUND_009,sens_noise_1pp,0.35,4,47.879374999999996,4,v2_a5836ff741f8;v2_e4e4fdaec9b1;v2_958a475d561d;v2_74bd7b4dd0a7,rerank_measured_frozen_slate_without_production_constraints_or_new_candidates
ROUND_009,sens_noise_1pp,0.0,4,49.97624999999999,3,v2_e4e4fdaec9b1;v2_a5836ff741f8;v2_958a475d561d;v2_7371aa062562,rerank_measured_frozen_slate_without_production_constraints_or_new_candidates
ROUND_009,sens_noise_1pp,1.0,4,47.879374999999996,4,v2_a5836ff741f8;v2_e4e4fdaec9b1;v2_958a475d561d;v2_74bd7b4dd0a7,rerank_measured_frozen_slate_without_production_constraints_or_new_candidates
ROUND_009,sens_noise_1pp,2.0,4,42.569374999999994,3,v2_a5836ff741f8;v2_74bd7b4dd0a7;v2_958a475d561d;v2_ee0e6b6d09bd,rerank_measured_frozen_slate_without_production_constraints_or_new_candidates
ROUND_009,sens_noise_3pp,0.35,4,47.879374999999996,4,v2_a5836ff741f8;v2_e4e4fdaec9b1;v2_958a475d561d;v2_74bd7b4dd0a7,rerank_measured_frozen_slate_without_production_constraints_or_new_candidates
ROUND_009,sens_noise_3pp,0.0,4,49.97624999999999,3,v2_e4e4fdaec9b1;v2_a5836ff741f8;v2_958a475d561d;v2_7371aa062562,rerank_measured_frozen_slate_without_production_constraints_or_new_candidates
ROUND_009,sens_noise_3pp,1.0,4,47.879374999999996,4,v2_a5836ff741f8;v2_e4e4fdaec9b1;v2_958a475d561d;v2_74bd7b4dd0a7,rerank_measured_frozen_slate_without_production_constraints_or_new_candidates
ROUND_009,sens_noise_3pp,2.0,4,47.879374999999996,4,v2_a5836ff741f8;v2_74bd7b4dd0a7;v2_958a475d561d;v2_e4e4fdaec9b1,rerank_measured_frozen_slate_without_production_constraints_or_new_candidates
ROUND_009,sens_noise_5pp,0.35,4,47.879374999999996,4,v2_a5836ff741f8;v2_e4e4fdaec9b1;v2_958a475d561d;v2_74bd7b4dd0a7,rerank_measured_frozen_slate_without_production_constraints_or_new_candidates
ROUND_009,sens_noise_5pp,0.0,4,49.97624999999999,3,v2_e4e4fdaec9b1;v2_a5836ff741f8;v2_958a475d561d;v2_7371aa062562,rerank_measured_frozen_slate_without_production_constraints_or_new_candidates
ROUND_009,sens_noise_5pp,1.0,4,47.879374999999996,4,v2_a5836ff741f8;v2_e4e4fdaec9b1;v2_958a475d561d;v2_74bd7b4dd0a7,rerank_measured_frozen_slate_without_production_constraints_or_new_candidates
ROUND_009,sens_noise_5pp,2.0,4,47.879374999999996,4,v2_a5836ff741f8;v2_958a475d561d;v2_74bd7b4dd0a7;v2_e4e4fdaec9b1,rerank_measured_frozen_slate_without_production_constraints_or_new_candidates
ROUND_009,sens_noise_learned,0.35,4,49.97624999999999,4,v2_e4e4fdaec9b1;v2_a5836ff741f8;v2_958a475d561d;v2_7371aa062562,rerank_measured_frozen_slate_without_production_constraints_or_new_candidates
ROUND_009,sens_noise_learned,0.0,4,49.97624999999999,4,v2_e4e4fdaec9b1;v2_a5836ff741f8;v2_958a475d561d;v2_7371aa062562,rerank_measured_frozen_slate_without_production_constraints_or_new_candidates
ROUND_009,sens_noise_learned,1.0,4,47.879374999999996,3,v2_a5836ff741f8;v2_e4e4fdaec9b1;v2_958a475d561d;v2_74bd7b4dd0a7,rerank_measured_frozen_slate_without_production_constraints_or_new_candidates
ROUND_009,sens_noise_learned,2.0,4,47.879375,3,v2_a5836ff741f8;v2_958a475d561d;v2_e4e4fdaec9b1;v2_74bd7b4dd0a7,rerank_measured_frozen_slate_without_production_constraints_or_new_candidates
ROUND_009,sens_rbf,0.35,4,47.879374999999996,4,v2_74bd7b4dd0a7;v2_a5836ff741f8;v2_e4e4fdaec9b1;v2_958a475d561d,rerank_measured_frozen_slate_without_production_constraints_or_new_candidates
ROUND_009,sens_rbf,0.0,4,47.879374999999996,4,v2_74bd7b4dd0a7;v2_a5836ff741f8;v2_e4e4fdaec9b1;v2_958a475d561d,rerank_measured_frozen_slate_without_production_constraints_or_new_candidates
ROUND_009,sens_rbf,1.0,4,47.879374999999996,4,v2_74bd7b4dd0a7;v2_a5836ff741f8;v2_e4e4fdaec9b1;v2_958a475d561d,rerank_measured_frozen_slate_without_production_constraints_or_new_candidates
ROUND_009,sens_rbf,2.0,4,36.279375,2,v2_74bd7b4dd0a7;v2_a5836ff741f8;v2_058f0d84ea0e;v2_f87d5e9bf5a4,rerank_measured_frozen_slate_without_production_constraints_or_new_candidates
ROUND_009,sens_recent3,0.35,4,49.97625,4,v2_e4e4fdaec9b1;v2_7371aa062562;v2_958a475d561d;v2_a5836ff741f8,rerank_measured_frozen_slate_without_production_constraints_or_new_candidates
ROUND_009,sens_recent3,0.0,4,50.63,3,v2_7371aa062562;v2_e4e4fdaec9b1;v2_958a475d561d;v2_6f20e63adb1d,rerank_measured_frozen_slate_without_production_constraints_or_new_candidates
ROUND_009,sens_recent3,1.0,4,49.97625,4,v2_e4e4fdaec9b1;v2_958a475d561d;v2_7371aa062562;v2_a5836ff741f8,rerank_measured_frozen_slate_without_production_constraints_or_new_candidates
ROUND_009,sens_recent3,2.0,4,47.879375,3,v2_e4e4fdaec9b1;v2_958a475d561d;v2_a5836ff741f8;v2_74bd7b4dd0a7,rerank_measured_frozen_slate_without_production_constraints_or_new_candidates
