strategy,model_name,batch_id,formulation_id,stage,evidence,predicted,latent_lower,latent_upper,future_lower,future_upper,is_control,conditioning_ids,calibration_status,actual,evaluation_subset,conditioning_observation_ids,model_version,training_sha256,training_cutoff,created_at
current,Current GP,ROUND_001,v2_237544a25f30,before_batch,historical_forward_refit,73.04247959306934,41.8991729620634,104.18578622407529,-29.78701786710917,175.87197705324786,False,[],not used,69.21,full_slate,,,,,
current,Current GP,ROUND_001,v2_da5df4899b60,before_batch,historical_forward_refit,59.82829861111112,12.071040710084745,107.58555651213749,-49.188927927748985,168.84552514997122,False,[],not used,43.34,full_slate,,,,,
current,Current GP,ROUND_001,v2_21a3a498433e,before_batch,historical_forward_refit,62.13189993902781,18.733801416523505,105.5299984615321,-45.04736557146629,169.3111654495219,False,[],not used,36.22,full_slate,,,,,
current,Current GP,ROUND_001,v2_e0e6b16a3f20,before_batch,historical_forward_refit,59.82830287609556,12.071044975101096,107.58556077709002,-49.18892366275058,168.84552941494172,False,[],not used,26.53,full_slate,,,,,
current,Current GP,ROUND_001,v2_19eed4dca0d3,before_batch,historical_forward_refit,59.82829861111112,12.071040710084745,107.58555651213749,-49.188927927748985,168.84552514997122,False,[],not used,35.84,full_slate,,,,,
current,Current GP,ROUND_001,v2_2eead01c8392,before_batch,historical_forward_refit,59.82829861111112,12.071040710084745,107.58555651213749,-49.188927927748985,168.84552514997122,False,[],not used,60.53,full_slate,,,,,
current,Current GP,ROUND_001,v2_4a0cb1ead8d1,before_batch,historical_forward_refit,59.82829862104331,12.07104072001694,107.58555652206968,-49.18892791781679,168.84552515990342,False,[],not used,60.33,full_slate,,,,,
current,Current GP,ROUND_001,v2_6b7389efb1b5,before_batch,historical_forward_refit,59.82829861111112,12.071040710084745,107.58555651213749,-49.188927927748985,168.84552514997122,False,[],not used,35.92,full_slate,,,,,
current,Current GP,ROUND_001,v2_a803deb82ca6,before_batch,historical_forward_refit,59.8282986132028,12.071040712176426,107.58555651422915,-49.1889279256573,168.8455251520629,False,[],not used,28.72,full_slate,,,,,
current,Current GP,ROUND_001,v2_49123b81735d,before_batch,historical_forward_refit,62.761539483618215,20.033677643520207,105.48940132371622,-44.14809608505493,169.67117505229135,False,[],not used,40.44,full_slate,,,,,
current,Current GP,ROUND_001,v2_b9ae21107fa4,before_batch,historical_forward_refit,59.82829861111112,12.071040710084745,107.58555651213749,-49.188927927748985,168.84552514997122,False,[],not used,15.93,full_slate,,,,,
current,Current GP,ROUND_001,v2_a2b4c2d7b0b6,before_batch,historical_forward_refit,59.82829806391538,12.071040162889156,107.58555596494162,-49.188928474944674,168.84552460277544,False,[],not used,24.39,full_slate,,,,,
current,Current GP,ROUND_002,v2_e0e6b16a3f20,before_batch,historical_forward_refit,26.584597512672865,24.6262425588002,28.54295246654553,23.81390190951513,29.3552931158306,False,[],not used,30.4375,full_slate,,,,,
current,Current GP,ROUND_002,v2_75d69addc009,before_batch,historical_forward_refit,54.65394246966191,7.0556369721892125,102.2522479671346,7.0152996864051715,102.29258525291864,False,[],not used,29.2025,full_slate,,,,,
current,Current GP,ROUND_002,v2_42188f45e98a,before_batch,historical_forward_refit,38.800489010424336,12.865636654699305,64.73534136614937,12.791679604508502,64.80929841634017,False,[],not used,38.805,full_slate,,,,,
current,Current GP,ROUND_002,v2_a3cd6cc2afa7,before_batch,historical_forward_refit,81.88894312513793,78.024176784738,85.75370946553785,77.555581974035,86.22230427624086,False,[],not used,57.3875,full_slate,,,,,
current,Current GP,ROUND_002,v2_655729013931,before_batch,historical_forward_refit,68.87923046361021,59.81287163912441,77.94558928809602,59.603430641798,78.15503028542243,False,[],not used,64.9,full_slate,,,,,
current,Current GP,ROUND_002,v2_34d667ff4762,before_batch,historical_forward_refit,83.49403132064572,79.43560776996,87.55245487133143,78.98710312987536,88.00095951141607,False,[],not used,63.88,full_slate,,,,,
current,Current GP,ROUND_002,v2_db8935ce2c34,before_batch,historical_forward_refit,66.22317734820413,56.65847016071664,75.78788453569162,56.45971363995106,75.9866410564572,False,[],not used,61.5875,full_slate,,,,,
current,Current GP,ROUND_002,v2_fc5b4c04eee9,before_batch,historical_forward_refit,77.52647364751809,71.7031380725992,83.34980922243697,71.3821398985982,83.67080739643798,False,[],not used,56.2875,full_slate,,,,,
current,Current GP,ROUND_002,v2_3e8ef993abba,before_batch,historical_forward_refit,57.565426330065435,38.00773072472411,77.12312193540676,37.909764107917155,77.22108855221371,False,[],not used,65.5625,full_slate,,,,,
current,Current GP,ROUND_002,v2_8a721b7d8f1c,before_batch,historical_forward_refit,45.45006313943168,5.959675604676448,84.94045067418692,5.911065837462182,84.9890604414012,False,[],not used,63.9975,full_slate,,,,,
current,Current GP,ROUND_002,v2_384020959c42,before_batch,historical_forward_refit,59.300890841528336,16.010494900657747,102.59128678239892,15.966147497216896,102.63563418583978,False,[],not used,21.375,full_slate,,,,,
current,Current GP,ROUND_002,v2_b2c883db5caf,before_batch,historical_forward_refit,60.04763638255304,12.80532789621973,107.28994486888637,12.764686906892363,107.33058585821372,False,[],not used,43.185,full_slate,,,,,
campaign,Proposed GP — campaign-only,ROUND_002,v2_e0e6b16a3f20,before_batch,historical_forward_refit,26.58483087761639,24.628903165762583,28.540758589470197,23.81585034066824,29.35381141456454,False,[],not used,30.4375,full_slate,,,,,
campaign,Proposed GP — campaign-only,ROUND_002,v2_75d69addc009,before_batch,historical_forward_refit,40.06764617871141,10.086251879325228,70.0490404780976,10.022253784281514,70.11303857314131,False,[],not used,29.2025,full_slate,,,,,
campaign,Proposed GP — campaign-only,ROUND_002,v2_42188f45e98a,before_batch,historical_forward_refit,40.06113020655602,10.0247211253834,70.09753928772864,9.960840000454205,70.16142041265783,False,[],not used,38.805,full_slate,,,,,
campaign,Proposed GP — campaign-only,ROUND_002,v2_a3cd6cc2afa7,before_batch,historical_forward_refit,40.77273717577863,10.432985832896064,71.1124885186612,10.369742067599825,71.17573228395744,False,[],not used,57.3875,full_slate,,,,,
campaign,Proposed GP — campaign-only,ROUND_002,v2_655729013931,before_batch,historical_forward_refit,39.95111067694621,9.593944983363468,70.30827637052894,9.530737422371622,70.3714839315208,False,[],not used,64.9,full_slate,,,,,
campaign,Proposed GP — campaign-only,ROUND_002,v2_34d667ff4762,before_batch,historical_forward_refit,41.5025088228733,11.197713163509125,71.80730448223748,11.13439660041506,71.87062104533155,False,[],not used,63.88,full_slate,,,,,
campaign,Proposed GP — campaign-only,ROUND_002,v2_db8935ce2c34,before_batch,historical_forward_refit,41.21890281205443,10.899976430334831,71.53782919377403,10.836689315665913,71.60111630844295,False,[],not used,61.5875,full_slate,,,,,
campaign,Proposed GP — campaign-only,ROUND_002,v2_fc5b4c04eee9,before_batch,historical_forward_refit,40.14978694040643,9.794604721856928,70.50496915895594,9.731393039325066,70.5681808414878,False,[],not used,56.2875,full_slate,,,,,
campaign,Proposed GP — campaign-only,ROUND_002,v2_3e8ef993abba,before_batch,historical_forward_refit,40.63180105174424,10.305439730576584,70.9581623729119,10.242168099337366,71.02143400415112,False,[],not used,65.5625,full_slate,,,,,
campaign,Proposed GP — campaign-only,ROUND_002,v2_8a721b7d8f1c,before_batch,historical_forward_refit,40.258098430866205,9.91430942065188,70.60188744108054,9.851074053324693,70.66512280840772,False,[],not used,63.9975,full_slate,,,,,
campaign,Proposed GP — campaign-only,ROUND_002,v2_384020959c42,before_batch,historical_forward_refit,39.814555961440554,10.219197011832094,69.40991491104901,10.154365952673423,69.47474597020769,False,[],not used,21.375,full_slate,,,,,
campaign,Proposed GP — campaign-only,ROUND_002,v2_b2c883db5caf,before_batch,historical_forward_refit,39.73054788929835,9.373147318759436,70.08794845983726,9.309940245792006,70.1511555328047,False,[],not used,43.185,full_slate,,,,,
campaign_noise,Proposed GP — campaign-only + fitted residual noise (matched comparison),ROUND_002,v2_e0e6b16a3f20,before_batch,historical_forward_refit,26.543750388750293,25.56426043340733,27.523240344093256,25.15818170672195,27.929319070778636,False,[],not used,30.4375,full_slate,,,,,
campaign_noise,Proposed GP — campaign-only + fitted residual noise (matched comparison),ROUND_002,v2_75d69addc009,before_batch,historical_forward_refit,40.06856967112009,10.088347545366393,70.04879179687379,10.072334595538829,70.06480474670136,False,[],not used,29.2025,full_slate,,,,,
campaign_noise,Proposed GP — campaign-only + fitted residual noise (matched comparison),ROUND_002,v2_42188f45e98a,before_batch,historical_forward_refit,40.062029375118385,10.026620143462557,70.09743860677422,10.0106366001897,70.11342215004707,False,[],not used,38.805,full_slate,,,,,
campaign_noise,Proposed GP — campaign-only + fitted residual noise (matched comparison),ROUND_002,v2_a3cd6cc2afa7,before_batch,historical_forward_refit,40.775829161904944,10.436133658935653,71.11552466487424,10.420310335620734,71.13134798818916,False,[],not used,57.3875,full_slate,,,,,
campaign_noise,Proposed GP — campaign-only + fitted residual noise (matched comparison),ROUND_002,v2_655729013931,before_batch,historical_forward_refit,39.951635084864,9.59447085006648,70.30879931966152,9.578656627385222,70.32461354234277,False,[],not used,64.9,full_slate,,,,,
campaign_noise,Proposed GP — campaign-only + fitted residual noise (matched comparison),ROUND_002,v2_34d667ff4762,before_batch,historical_forward_refit,41.5078806411304,11.20325011312372,71.81251116913708,11.187408490469648,71.82835279179115,False,[],not used,63.88,full_slate,,,,,
campaign_noise,Proposed GP — campaign-only + fitted residual noise (matched comparison),ROUND_002,v2_db8935ce2c34,before_batch,historical_forward_refit,41.22339019404513,10.904584642260032,71.54219574583023,10.888750422210771,71.55802996587948,False,[],not used,61.5875,full_slate,,,,,
campaign_noise,Proposed GP — campaign-only + fitted residual noise (matched comparison),ROUND_002,v2_fc5b4c04eee9,before_batch,historical_forward_refit,40.1509319831746,9.79575741907939,70.50610654726981,9.77994216037342,70.52192180597578,False,[],not used,56.2875,full_slate,,,,,
campaign_noise,Proposed GP — campaign-only + fitted residual noise (matched comparison),ROUND_002,v2_3e8ef993abba,before_batch,historical_forward_refit,40.63445908257842,10.308194750174463,70.96072341498237,10.29236442253828,70.97655374261855,False,[],not used,65.5625,full_slate,,,,,
campaign_noise,Proposed GP — campaign-only + fitted residual noise (matched comparison),ROUND_002,v2_8a721b7d8f1c,before_batch,historical_forward_refit,40.259586998330725,9.91584084722146,70.60333314943999,9.90001963509318,70.61915436156826,False,[],not used,63.9975,full_slate,,,,,
campaign_noise,Proposed GP — campaign-only + fitted residual noise (matched comparison),ROUND_002,v2_384020959c42,before_batch,historical_forward_refit,39.814702363241835,10.221736539901311,69.40766818658236,10.20551415718998,69.42389056929369,False,[],not used,21.375,full_slate,,,,,
campaign_noise,Proposed GP — campaign-only + fitted residual noise (matched comparison),ROUND_002,v2_b2c883db5caf,before_batch,historical_forward_refit,39.73038393009865,9.372984082711008,70.0877837774863,9.35716998270462,70.10359787749267,False,[],not used,43.185,full_slate,,,,,
batch,Proposed GP — campaign-only + batch effect,ROUND_002,v2_e0e6b16a3f20,before_batch,historical_forward_refit,26.543750291257044,25.563754905623032,27.523745676891057,25.15782426297705,27.929676319537037,False,[],not used,30.4375,full_slate,,,,,
batch,Proposed GP — campaign-only + batch effect,ROUND_002,v2_75d69addc009,before_batch,historical_forward_refit,40.06856965070362,10.088338895918596,70.04880040548865,10.072325950697484,70.06481335070976,False,[],not used,29.2025,full_slate,,,,,
batch,Proposed GP — campaign-only + batch effect,ROUND_002,v2_42188f45e98a,before_batch,historical_forward_refit,40.06202935669325,10.026611578872489,70.09744713451401,10.010628040145107,70.1134306732414,False,[],not used,38.805,full_slate,,,,,
batch,Proposed GP — campaign-only + batch effect,ROUND_002,v2_a3cd6cc2afa7,before_batch,historical_forward_refit,40.77582915789303,10.436125471839429,71.11553284394662,10.420302152790075,71.13135616299598,False,[],not used,57.3875,full_slate,,,,,
batch,Proposed GP — campaign-only + batch effect,ROUND_002,v2_655729013931,before_batch,historical_forward_refit,39.951635084084735,9.594462684188208,70.30880748398127,9.578648465758253,70.32462170241122,False,[],not used,64.9,full_slate,,,,,
batch,Proposed GP — campaign-only + batch effect,ROUND_002,v2_34d667ff4762,before_batch,historical_forward_refit,41.50788063476046,11.203241893179882,71.81251937634104,11.187400274817172,71.82836099470376,False,[],not used,63.88,full_slate,,,,,
batch,Proposed GP — campaign-only + batch effect,ROUND_002,v2_db8935ce2c34,before_batch,historical_forward_refit,41.22339018759501,10.904576425193763,71.54220394999625,10.888742209430315,71.5580381657597,False,[],not used,61.5875,full_slate,,,,,
batch,Proposed GP — campaign-only + batch effect,ROUND_002,v2_fc5b4c04eee9,before_batch,historical_forward_refit,40.150931981789576,9.79574925093628,70.50611471264287,9.779933996483027,70.52192996709613,False,[],not used,56.2875,full_slate,,,,,
batch,Proposed GP — campaign-only + batch effect,ROUND_002,v2_3e8ef993abba,before_batch,historical_forward_refit,40.63445907520218,10.308186523214136,70.96073162719023,10.292356199866344,70.97656195053801,False,[],not used,65.5625,full_slate,,,,,
batch,Proposed GP — campaign-only + batch effect,ROUND_002,v2_8a721b7d8f1c,before_batch,historical_forward_refit,40.25958699330934,9.915832652388024,70.60334133423066,9.900011444527678,70.619162542091,False,[],not used,63.9975,full_slate,,,,,
batch,Proposed GP — campaign-only + batch effect,ROUND_002,v2_384020959c42,before_batch,historical_forward_refit,39.81470233745297,10.22172755388064,69.4076771210253,10.205505176078468,69.42389949882747,False,[],not used,21.375,full_slate,,,,,
batch,Proposed GP — campaign-only + batch effect,ROUND_002,v2_b2c883db5caf,before_batch,historical_forward_refit,39.730383929260405,9.372975916755369,70.08779194176545,9.357161821000226,70.10360603752059,False,[],not used,43.185,full_slate,,,,,
batch,Proposed GP — campaign-only + batch effect,ROUND_002,v2_75d69addc009,reference_conditioned,historical_forward_refit,40.07155861355298,10.091327877644396,70.05178934946156,10.07531493241321,70.06780229469275,False,"[""v2_e0e6b16a3f20""]",not used,29.2025,matched_nonreference,,,,,
batch,Proposed GP — campaign-only + batch effect,ROUND_002,v2_42188f45e98a,reference_conditioned,historical_forward_refit,40.06436014289364,10.028942376530257,70.09977790925703,10.01295883779678,70.11576144799051,False,"[""v2_e0e6b16a3f20""]",not used,38.805,matched_nonreference,,,,,
batch,Proposed GP — campaign-only + batch effect,ROUND_002,v2_a3cd6cc2afa7,reference_conditioned,historical_forward_refit,40.77817851858582,10.438474844056191,71.11788219311545,10.422651525000834,71.1337055121708,False,"[""v2_e0e6b16a3f20""]",not used,57.3875,matched_nonreference,,,,,
batch,Proposed GP — campaign-only + batch effect,ROUND_002,v2_655729013931,reference_conditioned,historical_forward_refit,39.95277634831892,9.59560395114024,70.30994874549759,9.579789732708871,70.32576296392897,False,"[""v2_e0e6b16a3f20""]",not used,64.9,matched_nonreference,,,,,
batch,Proposed GP — campaign-only + batch effect,ROUND_002,v2_34d667ff4762,reference_conditioned,historical_forward_refit,41.509861619319125,11.205222885941438,71.81450035269681,11.189381267574449,71.8303419710638,False,"[""v2_e0e6b16a3f20""]",not used,63.88,matched_nonreference,,,,,
batch,Proposed GP — campaign-only + batch effect,ROUND_002,v2_db8935ce2c34,reference_conditioned,historical_forward_refit,41.22521379396947,10.9064000385163,71.54402754942265,10.890565822749227,71.55986176518972,False,"[""v2_e0e6b16a3f20""]",not used,61.5875,matched_nonreference,,,,,
batch,Proposed GP — campaign-only + batch effect,ROUND_002,v2_fc5b4c04eee9,reference_conditioned,historical_forward_refit,40.15271731932979,9.797534595128027,70.50790004353155,9.781719340671316,70.52371529798826,False,"[""v2_e0e6b16a3f20""]",not used,56.2875,matched_nonreference,,,,,
batch,Proposed GP — campaign-only + batch effect,ROUND_002,v2_3e8ef993abba,reference_conditioned,historical_forward_refit,40.63670885870351,10.310436317287936,70.96298140011908,10.294605993934624,70.97881172347239,False,"[""v2_e0e6b16a3f20""]",not used,65.5625,matched_nonreference,,,,,
batch,Proposed GP — campaign-only + batch effect,ROUND_002,v2_8a721b7d8f1c,reference_conditioned,historical_forward_refit,40.2625643663438,9.918810043928431,70.60631868875917,9.90298883605844,70.62213989662916,False,"[""v2_e0e6b16a3f20""]",not used,63.9975,matched_nonreference,,,,,
batch,Proposed GP — campaign-only + batch effect,ROUND_002,v2_384020959c42,reference_conditioned,historical_forward_refit,39.81687302752284,10.223898254036555,69.40984780100912,10.207675876228858,69.42607017881681,False,"[""v2_e0e6b16a3f20""]",not used,21.375,matched_nonreference,,,,,
batch,Proposed GP — campaign-only + batch effect,ROUND_002,v2_b2c883db5caf,reference_conditioned,historical_forward_refit,39.7365634974335,9.37915556461147,70.09397143025554,9.363341468814838,70.10978552605216,False,"[""v2_e0e6b16a3f20""]",not used,43.185,matched_nonreference,,,,,
batch,Proposed GP — campaign-only + batch effect,ROUND_002,v2_75d69addc009,before_batch,historical_forward_refit,40.06856965070362,10.088338895918596,70.04880040548865,10.072325950697484,70.06481335070976,False,"[""v2_e0e6b16a3f20""]",not used,29.2025,matched_nonreference,,,,,
batch,Proposed GP — campaign-only + batch effect,ROUND_002,v2_42188f45e98a,before_batch,historical_forward_refit,40.06202935669325,10.026611578872489,70.09744713451401,10.010628040145107,70.1134306732414,False,"[""v2_e0e6b16a3f20""]",not used,38.805,matched_nonreference,,,,,
batch,Proposed GP — campaign-only + batch effect,ROUND_002,v2_a3cd6cc2afa7,before_batch,historical_forward_refit,40.77582915789303,10.436125471839429,71.11553284394662,10.420302152790075,71.13135616299598,False,"[""v2_e0e6b16a3f20""]",not used,57.3875,matched_nonreference,,,,,
batch,Proposed GP — campaign-only + batch effect,ROUND_002,v2_655729013931,before_batch,historical_forward_refit,39.951635084084735,9.594462684188208,70.30880748398127,9.578648465758253,70.32462170241122,False,"[""v2_e0e6b16a3f20""]",not used,64.9,matched_nonreference,,,,,
batch,Proposed GP — campaign-only + batch effect,ROUND_002,v2_34d667ff4762,before_batch,historical_forward_refit,41.50788063476046,11.203241893179882,71.81251937634104,11.187400274817172,71.82836099470376,False,"[""v2_e0e6b16a3f20""]",not used,63.88,matched_nonreference,,,,,
batch,Proposed GP — campaign-only + batch effect,ROUND_002,v2_db8935ce2c34,before_batch,historical_forward_refit,41.22339018759501,10.904576425193763,71.54220394999625,10.888742209430315,71.5580381657597,False,"[""v2_e0e6b16a3f20""]",not used,61.5875,matched_nonreference,,,,,
batch,Proposed GP — campaign-only + batch effect,ROUND_002,v2_fc5b4c04eee9,before_batch,historical_forward_refit,40.150931981789576,9.79574925093628,70.50611471264287,9.779933996483027,70.52192996709613,False,"[""v2_e0e6b16a3f20""]",not used,56.2875,matched_nonreference,,,,,
batch,Proposed GP — campaign-only + batch effect,ROUND_002,v2_3e8ef993abba,before_batch,historical_forward_refit,40.63445907520218,10.308186523214136,70.96073162719023,10.292356199866344,70.97656195053801,False,"[""v2_e0e6b16a3f20""]",not used,65.5625,matched_nonreference,,,,,
batch,Proposed GP — campaign-only + batch effect,ROUND_002,v2_8a721b7d8f1c,before_batch,historical_forward_refit,40.25958699330934,9.915832652388024,70.60334133423066,9.900011444527678,70.619162542091,False,"[""v2_e0e6b16a3f20""]",not used,63.9975,matched_nonreference,,,,,
batch,Proposed GP — campaign-only + batch effect,ROUND_002,v2_384020959c42,before_batch,historical_forward_refit,39.81470233745297,10.22172755388064,69.4076771210253,10.205505176078468,69.42389949882747,False,"[""v2_e0e6b16a3f20""]",not used,21.375,matched_nonreference,,,,,
batch,Proposed GP — campaign-only + batch effect,ROUND_002,v2_b2c883db5caf,before_batch,historical_forward_refit,39.730383929260405,9.372975916755369,70.08779194176545,9.357161821000226,70.10360603752059,False,"[""v2_e0e6b16a3f20""]",not used,43.185,matched_nonreference,,,,,
control,Proposed GP — campaign-only + batch effect + control calibration,ROUND_002,v2_e0e6b16a3f20,before_batch,historical_forward_refit,26.543750291257044,25.563754905623032,27.523745676891057,25.15782426297705,27.929676319537037,False,[],insufficient reference history; prior-sensitive,30.4375,full_slate,,,,,
control,Proposed GP — campaign-only + batch effect + control calibration,ROUND_002,v2_75d69addc009,before_batch,historical_forward_refit,40.06856965070362,10.088338895918596,70.04880040548865,10.072325950697484,70.06481335070976,False,[],insufficient reference history; prior-sensitive,29.2025,full_slate,,,,,
control,Proposed GP — campaign-only + batch effect + control calibration,ROUND_002,v2_42188f45e98a,before_batch,historical_forward_refit,40.06202935669325,10.026611578872489,70.09744713451401,10.010628040145107,70.1134306732414,False,[],insufficient reference history; prior-sensitive,38.805,full_slate,,,,,
control,Proposed GP — campaign-only + batch effect + control calibration,ROUND_002,v2_a3cd6cc2afa7,before_batch,historical_forward_refit,40.77582915789303,10.436125471839429,71.11553284394662,10.420302152790075,71.13135616299598,False,[],insufficient reference history; prior-sensitive,57.3875,full_slate,,,,,
control,Proposed GP — campaign-only + batch effect + control calibration,ROUND_002,v2_655729013931,before_batch,historical_forward_refit,39.951635084084735,9.594462684188208,70.30880748398127,9.578648465758253,70.32462170241122,False,[],insufficient reference history; prior-sensitive,64.9,full_slate,,,,,
control,Proposed GP — campaign-only + batch effect + control calibration,ROUND_002,v2_34d667ff4762,before_batch,historical_forward_refit,41.50788063476046,11.203241893179882,71.81251937634104,11.187400274817172,71.82836099470376,False,[],insufficient reference history; prior-sensitive,63.88,full_slate,,,,,
control,Proposed GP — campaign-only + batch effect + control calibration,ROUND_002,v2_db8935ce2c34,before_batch,historical_forward_refit,41.22339018759501,10.904576425193763,71.54220394999625,10.888742209430315,71.5580381657597,False,[],insufficient reference history; prior-sensitive,61.5875,full_slate,,,,,
control,Proposed GP — campaign-only + batch effect + control calibration,ROUND_002,v2_fc5b4c04eee9,before_batch,historical_forward_refit,40.150931981789576,9.79574925093628,70.50611471264287,9.779933996483027,70.52192996709613,False,[],insufficient reference history; prior-sensitive,56.2875,full_slate,,,,,
control,Proposed GP — campaign-only + batch effect + control calibration,ROUND_002,v2_3e8ef993abba,before_batch,historical_forward_refit,40.63445907520218,10.308186523214136,70.96073162719023,10.292356199866344,70.97656195053801,False,[],insufficient reference history; prior-sensitive,65.5625,full_slate,,,,,
control,Proposed GP — campaign-only + batch effect + control calibration,ROUND_002,v2_8a721b7d8f1c,before_batch,historical_forward_refit,40.25958699330934,9.915832652388024,70.60334133423066,9.900011444527678,70.619162542091,False,[],insufficient reference history; prior-sensitive,63.9975,full_slate,,,,,
control,Proposed GP — campaign-only + batch effect + control calibration,ROUND_002,v2_384020959c42,before_batch,historical_forward_refit,39.81470233745297,10.22172755388064,69.4076771210253,10.205505176078468,69.42389949882747,False,[],insufficient reference history; prior-sensitive,21.375,full_slate,,,,,
control,Proposed GP — campaign-only + batch effect + control calibration,ROUND_002,v2_b2c883db5caf,before_batch,historical_forward_refit,39.730383929260405,9.372975916755369,70.08779194176545,9.357161821000226,70.10360603752059,False,[],insufficient reference history; prior-sensitive,43.185,full_slate,,,,,
control,Proposed GP — campaign-only + batch effect + control calibration,ROUND_002,v2_75d69addc009,reference_conditioned,historical_forward_refit,40.07155861355298,10.091327877644396,70.05178934946156,10.07531493241321,70.06780229469275,False,"[""v2_e0e6b16a3f20""]",insufficient reference history; prior-sensitive,29.2025,matched_nonreference,,,,,
control,Proposed GP — campaign-only + batch effect + control calibration,ROUND_002,v2_42188f45e98a,reference_conditioned,historical_forward_refit,40.06436014289364,10.028942376530257,70.09977790925703,10.01295883779678,70.11576144799051,False,"[""v2_e0e6b16a3f20""]",insufficient reference history; prior-sensitive,38.805,matched_nonreference,,,,,
control,Proposed GP — campaign-only + batch effect + control calibration,ROUND_002,v2_a3cd6cc2afa7,reference_conditioned,historical_forward_refit,40.77817851858582,10.438474844056191,71.11788219311545,10.422651525000834,71.1337055121708,False,"[""v2_e0e6b16a3f20""]",insufficient reference history; prior-sensitive,57.3875,matched_nonreference,,,,,
control,Proposed GP — campaign-only + batch effect + control calibration,ROUND_002,v2_655729013931,reference_conditioned,historical_forward_refit,39.95277634831892,9.59560395114024,70.30994874549759,9.579789732708871,70.32576296392897,False,"[""v2_e0e6b16a3f20""]",insufficient reference history; prior-sensitive,64.9,matched_nonreference,,,,,
control,Proposed GP — campaign-only + batch effect + control calibration,ROUND_002,v2_34d667ff4762,reference_conditioned,historical_forward_refit,41.509861619319125,11.205222885941438,71.81450035269681,11.189381267574449,71.8303419710638,False,"[""v2_e0e6b16a3f20""]",insufficient reference history; prior-sensitive,63.88,matched_nonreference,,,,,
control,Proposed GP — campaign-only + batch effect + control calibration,ROUND_002,v2_db8935ce2c34,reference_conditioned,historical_forward_refit,41.22521379396947,10.9064000385163,71.54402754942265,10.890565822749227,71.55986176518972,False,"[""v2_e0e6b16a3f20""]",insufficient reference history; prior-sensitive,61.5875,matched_nonreference,,,,,
control,Proposed GP — campaign-only + batch effect + control calibration,ROUND_002,v2_fc5b4c04eee9,reference_conditioned,historical_forward_refit,40.15271731932979,9.797534595128027,70.50790004353155,9.781719340671316,70.52371529798826,False,"[""v2_e0e6b16a3f20""]",insufficient reference history; prior-sensitive,56.2875,matched_nonreference,,,,,
control,Proposed GP — campaign-only + batch effect + control calibration,ROUND_002,v2_3e8ef993abba,reference_conditioned,historical_forward_refit,40.63670885870351,10.310436317287936,70.96298140011908,10.294605993934624,70.97881172347239,False,"[""v2_e0e6b16a3f20""]",insufficient reference history; prior-sensitive,65.5625,matched_nonreference,,,,,
control,Proposed GP — campaign-only + batch effect + control calibration,ROUND_002,v2_8a721b7d8f1c,reference_conditioned,historical_forward_refit,40.2625643663438,9.918810043928431,70.60631868875917,9.90298883605844,70.62213989662916,False,"[""v2_e0e6b16a3f20""]",insufficient reference history; prior-sensitive,63.9975,matched_nonreference,,,,,
control,Proposed GP — campaign-only + batch effect + control calibration,ROUND_002,v2_384020959c42,reference_conditioned,historical_forward_refit,39.81687302752284,10.223898254036555,69.40984780100912,10.207675876228858,69.42607017881681,False,"[""v2_e0e6b16a3f20""]",insufficient reference history; prior-sensitive,21.375,matched_nonreference,,,,,
control,Proposed GP — campaign-only + batch effect + control calibration,ROUND_002,v2_b2c883db5caf,reference_conditioned,historical_forward_refit,39.7365634974335,9.37915556461147,70.09397143025554,9.363341468814838,70.10978552605216,False,"[""v2_e0e6b16a3f20""]",insufficient reference history; prior-sensitive,43.185,matched_nonreference,,,,,
control,Proposed GP — campaign-only + batch effect + control calibration,ROUND_002,v2_75d69addc009,before_batch,historical_forward_refit,40.06856965070362,10.088338895918596,70.04880040548865,10.072325950697484,70.06481335070976,False,"[""v2_e0e6b16a3f20""]",insufficient reference history; prior-sensitive,29.2025,matched_nonreference,,,,,
control,Proposed GP — campaign-only + batch effect + control calibration,ROUND_002,v2_42188f45e98a,before_batch,historical_forward_refit,40.06202935669325,10.026611578872489,70.09744713451401,10.010628040145107,70.1134306732414,False,"[""v2_e0e6b16a3f20""]",insufficient reference history; prior-sensitive,38.805,matched_nonreference,,,,,
control,Proposed GP — campaign-only + batch effect + control calibration,ROUND_002,v2_a3cd6cc2afa7,before_batch,historical_forward_refit,40.77582915789303,10.436125471839429,71.11553284394662,10.420302152790075,71.13135616299598,False,"[""v2_e0e6b16a3f20""]",insufficient reference history; prior-sensitive,57.3875,matched_nonreference,,,,,
control,Proposed GP — campaign-only + batch effect + control calibration,ROUND_002,v2_655729013931,before_batch,historical_forward_refit,39.951635084084735,9.594462684188208,70.30880748398127,9.578648465758253,70.32462170241122,False,"[""v2_e0e6b16a3f20""]",insufficient reference history; prior-sensitive,64.9,matched_nonreference,,,,,
control,Proposed GP — campaign-only + batch effect + control calibration,ROUND_002,v2_34d667ff4762,before_batch,historical_forward_refit,41.50788063476046,11.203241893179882,71.81251937634104,11.187400274817172,71.82836099470376,False,"[""v2_e0e6b16a3f20""]",insufficient reference history; prior-sensitive,63.88,matched_nonreference,,,,,
control,Proposed GP — campaign-only + batch effect + control calibration,ROUND_002,v2_db8935ce2c34,before_batch,historical_forward_refit,41.22339018759501,10.904576425193763,71.54220394999625,10.888742209430315,71.5580381657597,False,"[""v2_e0e6b16a3f20""]",insufficient reference history; prior-sensitive,61.5875,matched_nonreference,,,,,
control,Proposed GP — campaign-only + batch effect + control calibration,ROUND_002,v2_fc5b4c04eee9,before_batch,historical_forward_refit,40.150931981789576,9.79574925093628,70.50611471264287,9.779933996483027,70.52192996709613,False,"[""v2_e0e6b16a3f20""]",insufficient reference history; prior-sensitive,56.2875,matched_nonreference,,,,,
control,Proposed GP — campaign-only + batch effect + control calibration,ROUND_002,v2_3e8ef993abba,before_batch,historical_forward_refit,40.63445907520218,10.308186523214136,70.96073162719023,10.292356199866344,70.97656195053801,False,"[""v2_e0e6b16a3f20""]",insufficient reference history; prior-sensitive,65.5625,matched_nonreference,,,,,
control,Proposed GP — campaign-only + batch effect + control calibration,ROUND_002,v2_8a721b7d8f1c,before_batch,historical_forward_refit,40.25958699330934,9.915832652388024,70.60334133423066,9.900011444527678,70.619162542091,False,"[""v2_e0e6b16a3f20""]",insufficient reference history; prior-sensitive,63.9975,matched_nonreference,,,,,
control,Proposed GP — campaign-only + batch effect + control calibration,ROUND_002,v2_384020959c42,before_batch,historical_forward_refit,39.81470233745297,10.22172755388064,69.4076771210253,10.205505176078468,69.42389949882747,False,"[""v2_e0e6b16a3f20""]",insufficient reference history; prior-sensitive,21.375,matched_nonreference,,,,,
control,Proposed GP — campaign-only + batch effect + control calibration,ROUND_002,v2_b2c883db5caf,before_batch,historical_forward_refit,39.730383929260405,9.372975916755369,70.08779194176545,9.357161821000226,70.10360603752059,False,"[""v2_e0e6b16a3f20""]",insufficient reference history; prior-sensitive,43.185,matched_nonreference,,,,,
current,Current GP,ROUND_003,v2_75d69addc009,before_batch,historical_forward_refit,29.245757159192618,27.28744369843472,31.20407061995051,26.475090883621775,32.016423434763446,False,[],not used,34.5,full_slate,,,,,
current,Current GP,ROUND_003,v2_430e18c49d10,before_batch,historical_forward_refit,59.62554825319493,40.96450437648415,78.2865921299057,40.86185569100118,78.38924081538867,False,[],not used,65.0,full_slate,,,,,
current,Current GP,ROUND_003,v2_d93bf1a562c8,before_batch,historical_forward_refit,58.72474299294009,11.3163043126183,106.13318167326187,11.275805617000564,106.17368036887962,False,[],not used,29.0,full_slate,,,,,
current,Current GP,ROUND_003,v2_84c11063c325,before_batch,historical_forward_refit,62.81316623356126,20.114428844867696,105.51190362225483,20.0694675799747,105.55686488714782,False,[],not used,44.5,full_slate,,,,,
current,Current GP,ROUND_003,v2_4aeffae55153,before_batch,historical_forward_refit,59.8177297559355,14.047224349497611,105.5882351623734,14.005277680536167,105.63018183133484,False,[],not used,48.5,full_slate,,,,,
current,Current GP,ROUND_003,v2_27a2b16cc327,before_batch,historical_forward_refit,71.82075312112104,50.40673290929693,93.23477333294515,50.317221745265314,93.32428449697676,False,[],not used,53.0,full_slate,,,,,
current,Current GP,ROUND_003,v2_8f6028d7e59a,before_batch,historical_forward_refit,58.720808487472006,11.312369995340475,106.12924697960354,11.271871299562116,106.1697456753819,False,[],not used,41.0,full_slate,,,,,
current,Current GP,ROUND_003,v2_0a63a12b60f3,before_batch,historical_forward_refit,58.9301950973025,11.575082634710682,106.28530755989432,11.534538372822787,106.3258518217822,False,[],not used,38.0,full_slate,,,,,
current,Current GP,ROUND_003,v2_3db5f7aa7cdd,before_batch,historical_forward_refit,58.924370077011865,11.557433498184224,106.2913066558395,11.51689934862688,106.33184080539684,False,[],not used,38.0,full_slate,,,,,
current,Current GP,ROUND_003,v2_4f4525f1566d,before_batch,historical_forward_refit,58.918760209964645,11.555470414520585,106.2820500054087,11.514933146665037,106.32258727326423,False,[],not used,36.0,full_slate,,,,,
current,Current GP,ROUND_003,v2_afa1348627bc,before_batch,historical_forward_refit,58.914975039250464,11.544578878314631,106.28537120018628,11.504047686539836,106.3259023919611,False,[],not used,38.5,full_slate,,,,,
current,Current GP,ROUND_003,v2_a7291b600bea,before_batch,historical_forward_refit,58.724817049778736,11.316378369197936,106.13325573035954,11.275879673580413,106.17375442597704,False,[],not used,52.0,full_slate,,,,,
campaign,Proposed GP — campaign-only,ROUND_003,v2_75d69addc009,before_batch,historical_forward_refit,29.24062382390512,27.284757473360283,31.196490174449952,26.47168663046906,32.00956101734118,False,[],not used,34.5,full_slate,,,,,
campaign,Proposed GP — campaign-only,ROUND_003,v2_430e18c49d10,before_batch,historical_forward_refit,49.53160712700691,21.683120745621405,77.3800935083924,21.614232720838015,77.4489815331758,False,[],not used,65.0,full_slate,,,,,
campaign,Proposed GP — campaign-only,ROUND_003,v2_d93bf1a562c8,before_batch,historical_forward_refit,44.55993702379493,12.660625793255168,76.4592482543347,12.600468051628948,76.51940599596091,False,[],not used,29.0,full_slate,,,,,
campaign,Proposed GP — campaign-only,ROUND_003,v2_84c11063c325,before_batch,historical_forward_refit,39.81809714977715,9.130943702629713,70.5052505969246,9.068414441027569,70.56777985852673,False,[],not used,44.5,full_slate,,,,,
campaign,Proposed GP — campaign-only,ROUND_003,v2_4aeffae55153,before_batch,historical_forward_refit,44.750377924557434,12.850279981273792,76.65047586784107,12.79012372045122,76.71063212866365,False,[],not used,48.5,full_slate,,,,,
campaign,Proposed GP — campaign-only,ROUND_003,v2_27a2b16cc327,before_batch,historical_forward_refit,47.93973097772137,17.426491505195134,78.4529704502476,17.363606581262406,78.51585537418033,False,[],not used,53.0,full_slate,,,,,
campaign,Proposed GP — campaign-only,ROUND_003,v2_8f6028d7e59a,before_batch,historical_forward_refit,44.50337333146578,12.614588232565003,76.39215843036655,12.55441067093678,76.45233599199479,False,[],not used,41.0,full_slate,,,,,
campaign,Proposed GP — campaign-only,ROUND_003,v2_0a63a12b60f3,before_batch,historical_forward_refit,43.407792445797526,11.57620929357572,75.23937559801934,11.51592379598632,75.29966109560873,False,[],not used,38.0,full_slate,,,,,
campaign,Proposed GP — campaign-only,ROUND_003,v2_3db5f7aa7cdd,before_batch,historical_forward_refit,43.9831520783214,12.106251257760835,75.86005289888197,12.046051303143717,75.9202528534991,False,[],not used,38.0,full_slate,,,,,
campaign,Proposed GP — campaign-only,ROUND_003,v2_4f4525f1566d,before_batch,historical_forward_refit,43.52127027516971,11.678101723520768,75.36443882681866,11.617838117975024,75.4247024323644,False,[],not used,36.0,full_slate,,,,,
campaign,Proposed GP — campaign-only,ROUND_003,v2_afa1348627bc,before_batch,historical_forward_refit,44.665544750315334,12.76565444300534,76.56543505762534,12.705497791363442,76.62559170926723,False,[],not used,38.5,full_slate,,,,,
campaign,Proposed GP — campaign-only,ROUND_003,v2_a7291b600bea,before_batch,historical_forward_refit,44.54901126075147,12.650067468225776,76.44795505327717,12.589909034958051,76.50811348654489,False,[],not used,52.0,full_slate,,,,,
campaign_noise,Proposed GP — campaign-only + fitted residual noise (matched comparison),ROUND_003,v2_75d69addc009,before_batch,historical_forward_refit,29.429435062235218,24.685268893176964,34.17360123129346,22.677738208341495,36.18113191612893,False,[],not used,34.5,full_slate,,,,,
campaign_noise,Proposed GP — campaign-only + fitted residual noise (matched comparison),ROUND_003,v2_430e18c49d10,before_batch,historical_forward_refit,49.41659140545922,21.485426779739267,77.34775603117917,21.075309586947352,77.75787322397109,False,[],not used,65.0,full_slate,,,,,
campaign_noise,Proposed GP — campaign-only + fitted residual noise (matched comparison),ROUND_003,v2_d93bf1a562c8,before_batch,historical_forward_refit,44.56301277806826,12.66369001665676,76.46233553947977,12.303981633225304,76.82204392291122,False,[],not used,29.0,full_slate,,,,,
campaign_noise,Proposed GP — campaign-only + fitted residual noise (matched comparison),ROUND_003,v2_84c11063c325,before_batch,historical_forward_refit,39.88125717777384,9.174673969020567,70.58784038652712,8.801158237723314,70.96135611782437,False,[],not used,44.5,full_slate,,,,,
campaign_noise,Proposed GP — campaign-only + fitted residual noise (matched comparison),ROUND_003,v2_4aeffae55153,before_batch,historical_forward_refit,44.75037672563045,12.850278782344397,76.6504746689165,12.490579042469378,77.01017440879153,False,[],not used,48.5,full_slate,,,,,
campaign_noise,Proposed GP — campaign-only + fitted residual noise (matched comparison),ROUND_003,v2_27a2b16cc327,before_batch,historical_forward_refit,47.96392545162171,17.422575293780504,78.50527560946293,17.047063268807804,78.88078763443562,False,[],not used,53.0,full_slate,,,,,
campaign_noise,Proposed GP — campaign-only + fitted residual noise (matched comparison),ROUND_003,v2_8f6028d7e59a,before_batch,historical_forward_refit,44.50591035832344,12.616923737092751,76.39489697955413,12.257100062495915,76.75472065415096,False,[],not used,41.0,full_slate,,,,,
campaign_noise,Proposed GP — campaign-only + fitted residual noise (matched comparison),ROUND_003,v2_0a63a12b60f3,before_batch,historical_forward_refit,43.42794108943306,11.595566784015716,75.26031539485041,11.235110339599396,75.62077183926672,False,[],not used,38.0,full_slate,,,,,
campaign_noise,Proposed GP — campaign-only + fitted residual noise (matched comparison),ROUND_003,v2_3db5f7aa7cdd,before_batch,historical_forward_refit,43.994616697798925,12.11745113501674,75.87178226058111,11.757495516088738,76.23173787950911,False,[],not used,38.0,full_slate,,,,,
campaign_noise,Proposed GP — campaign-only + fitted residual noise (matched comparison),ROUND_003,v2_4f4525f1566d,before_batch,historical_forward_refit,43.53955852404361,11.695740273801498,75.38337677428572,11.335411919581404,75.74370512850582,False,[],not used,36.0,full_slate,,,,,
campaign_noise,Proposed GP — campaign-only + fitted residual noise (matched comparison),ROUND_003,v2_afa1348627bc,before_batch,historical_forward_refit,44.667151025005886,12.767257076765327,76.56704497324644,12.407555062312303,76.92674698769946,False,[],not used,38.5,full_slate,,,,,
campaign_noise,Proposed GP — campaign-only + fitted residual noise (matched comparison),ROUND_003,v2_a7291b600bea,before_batch,historical_forward_refit,44.55220144139357,12.653241247464669,76.45116163532246,12.293528821133728,76.81087406165341,False,[],not used,52.0,full_slate,,,,,
batch,Proposed GP — campaign-only + batch effect,ROUND_003,v2_75d69addc009,before_batch,historical_forward_refit,27.528982945929677,21.515399397749217,33.54256649411014,21.436070088277212,33.62189580358214,False,[],not used,34.5,full_slate,,,,,
batch,Proposed GP — campaign-only + batch effect,ROUND_003,v2_430e18c49d10,before_batch,historical_forward_refit,48.90349500347893,20.570065141324815,77.23692486563304,20.55312202967827,77.25386797727958,False,[],not used,65.0,full_slate,,,,,
batch,Proposed GP — campaign-only + batch effect,ROUND_003,v2_d93bf1a562c8,before_batch,historical_forward_refit,44.54986003882773,12.267908902664942,76.8318111749905,12.253037143106198,76.84668293454925,False,[],not used,29.0,full_slate,,,,,
batch,Proposed GP — campaign-only + batch effect,ROUND_003,v2_84c11063c325,before_batch,historical_forward_refit,39.30165328528643,8.200306383588277,70.40300018698457,8.184870368349635,70.41843620222322,False,[],not used,44.5,full_slate,,,,,
batch,Proposed GP — campaign-only + batch effect,ROUND_003,v2_4aeffae55153,before_batch,historical_forward_refit,44.75037503543684,12.467666820851242,77.03308325002243,12.452795409897206,77.04795466097647,False,[],not used,48.5,full_slate,,,,,
batch,Proposed GP — campaign-only + batch effect,ROUND_003,v2_27a2b16cc327,before_batch,historical_forward_refit,47.34737770706762,16.41687598905355,78.2778794250817,16.401354755352628,78.29340065878262,False,[],not used,53.0,full_slate,,,,,
batch,Proposed GP — campaign-only + batch effect,ROUND_003,v2_8f6028d7e59a,before_batch,historical_forward_refit,44.4659061905522,12.194148809994855,76.73766357110954,12.17927235502271,76.75254002608168,False,[],not used,41.0,full_slate,,,,,
batch,Proposed GP — campaign-only + batch effect,ROUND_003,v2_0a63a12b60f3,before_batch,historical_forward_refit,43.28714694725916,11.070465192262468,75.50382870225584,11.055563317180775,75.51873057733755,False,[],not used,38.0,full_slate,,,,,
batch,Proposed GP — campaign-only + batch effect,ROUND_003,v2_3db5f7aa7cdd,before_batch,historical_forward_refit,43.9224846981244,11.662050329066275,76.18291906718252,11.64716865505045,76.19780074119835,False,[],not used,38.0,full_slate,,,,,
batch,Proposed GP — campaign-only + batch effect,ROUND_003,v2_4f4525f1566d,before_batch,historical_forward_refit,43.41037912750663,11.182493613029344,75.63826464198391,11.167596916068137,75.65316133894513,False,[],not used,36.0,full_slate,,,,,
batch,Proposed GP — campaign-only + batch effect,ROUND_003,v2_afa1348627bc,before_batch,historical_forward_refit,44.670021888013856,12.387509317805865,76.95253445822185,12.372637816766884,76.96740595926083,False,[],not used,38.5,full_slate,,,,,
batch,Proposed GP — campaign-only + batch effect,ROUND_003,v2_a7291b600bea,before_batch,historical_forward_refit,44.53376804325273,12.25217006974338,76.81536601676208,12.237298147561605,76.83023793894385,False,[],not used,52.0,full_slate,,,,,
batch,Proposed GP — campaign-only + batch effect,ROUND_003,v2_430e18c49d10,reference_conditioned,historical_forward_refit,54.63842923071162,26.751913523072467,82.52494493835079,26.73469904436547,82.54215941705777,False,"[""v2_75d69addc009""]",not used,65.0,matched_nonreference,,,,,
batch,Proposed GP — campaign-only + batch effect,ROUND_003,v2_d93bf1a562c8,reference_conditioned,historical_forward_refit,49.18483746045673,17.15808778601552,81.21158713489794,17.143097577776828,81.22657734313663,False,"[""v2_75d69addc009""]",not used,29.0,matched_nonreference,,,,,
batch,Proposed GP — campaign-only + batch effect,ROUND_003,v2_84c11063c325,reference_conditioned,historical_forward_refit,44.63335530032252,13.88311462757628,75.38359597306876,13.867502452858384,75.39920814778665,False,"[""v2_75d69addc009""]",not used,44.5,matched_nonreference,,,,,
batch,Proposed GP — campaign-only + batch effect,ROUND_003,v2_4aeffae55153,reference_conditioned,historical_forward_refit,49.36166224278462,17.33153716347632,81.39178732209291,17.31654853419974,81.4067759513695,False,"[""v2_75d69addc009""]",not used,48.5,matched_nonreference,,,,,
batch,Proposed GP — campaign-only + batch effect,ROUND_003,v2_27a2b16cc327,reference_conditioned,historical_forward_refit,52.67130702824793,22.09283861665391,83.24977543984195,22.07713878659029,83.26547526990558,False,"[""v2_75d69addc009""]",not used,53.0,matched_nonreference,,,,,
batch,Proposed GP — campaign-only + batch effect,ROUND_003,v2_8f6028d7e59a,reference_conditioned,historical_forward_refit,49.16061829859812,17.150793195250863,81.17044340194539,17.135795064942634,81.1854415322536,False,"[""v2_75d69addc009""]",not used,41.0,matched_nonreference,,,,,
batch,Proposed GP — campaign-only + batch effect,ROUND_003,v2_0a63a12b60f3,reference_conditioned,historical_forward_refit,48.10981358066269,16.170075859798306,80.04955130152707,16.15504483361013,80.06458232771524,False,"[""v2_75d69addc009""]",not used,38.0,matched_nonreference,,,,,
batch,Proposed GP — campaign-only + batch effect,ROUND_003,v2_3db5f7aa7cdd,reference_conditioned,historical_forward_refit,48.66445668274768,16.67137139314143,80.65754197235393,16.656365419005944,80.6725479464894,False,"[""v2_75d69addc009""]",not used,38.0,matched_nonreference,,,,,
batch,Proposed GP — campaign-only + batch effect,ROUND_003,v2_4f4525f1566d,reference_conditioned,historical_forward_refit,48.217308913044725,16.26445874654412,80.17015907954533,16.249433885717092,80.18518394037235,False,"[""v2_75d69addc009""]",not used,36.0,matched_nonreference,,,,,
batch,Proposed GP — campaign-only + batch effect,ROUND_003,v2_afa1348627bc,reference_conditioned,historical_forward_refit,49.29660537782963,17.268362644742233,81.32484811091703,17.253373134974268,81.339837620685,False,"[""v2_75d69addc009""]",not used,38.5,matched_nonreference,,,,,
batch,Proposed GP — campaign-only + batch effect,ROUND_003,v2_a7291b600bea,reference_conditioned,historical_forward_refit,49.17393870205848,17.148119494497337,81.19975790961962,17.13312885094217,81.21474855317479,False,"[""v2_75d69addc009""]",not used,52.0,matched_nonreference,,,,,
batch,Proposed GP — campaign-only + batch effect,ROUND_003,v2_430e18c49d10,before_batch,historical_forward_refit,48.90349500347893,20.570065141324815,77.23692486563304,20.55312202967827,77.25386797727958,False,"[""v2_75d69addc009""]",not used,65.0,matched_nonreference,,,,,
batch,Proposed GP — campaign-only + batch effect,ROUND_003,v2_d93bf1a562c8,before_batch,historical_forward_refit,44.54986003882773,12.267908902664942,76.8318111749905,12.253037143106198,76.84668293454925,False,"[""v2_75d69addc009""]",not used,29.0,matched_nonreference,,,,,
batch,Proposed GP — campaign-only + batch effect,ROUND_003,v2_84c11063c325,before_batch,historical_forward_refit,39.30165328528643,8.200306383588277,70.40300018698457,8.184870368349635,70.41843620222322,False,"[""v2_75d69addc009""]",not used,44.5,matched_nonreference,,,,,
batch,Proposed GP — campaign-only + batch effect,ROUND_003,v2_4aeffae55153,before_batch,historical_forward_refit,44.75037503543684,12.467666820851242,77.03308325002243,12.452795409897206,77.04795466097647,False,"[""v2_75d69addc009""]",not used,48.5,matched_nonreference,,,,,
batch,Proposed GP — campaign-only + batch effect,ROUND_003,v2_27a2b16cc327,before_batch,historical_forward_refit,47.34737770706762,16.41687598905355,78.2778794250817,16.401354755352628,78.29340065878262,False,"[""v2_75d69addc009""]",not used,53.0,matched_nonreference,,,,,
batch,Proposed GP — campaign-only + batch effect,ROUND_003,v2_8f6028d7e59a,before_batch,historical_forward_refit,44.4659061905522,12.194148809994855,76.73766357110954,12.17927235502271,76.75254002608168,False,"[""v2_75d69addc009""]",not used,41.0,matched_nonreference,,,,,
batch,Proposed GP — campaign-only + batch effect,ROUND_003,v2_0a63a12b60f3,before_batch,historical_forward_refit,43.28714694725916,11.070465192262468,75.50382870225584,11.055563317180775,75.51873057733755,False,"[""v2_75d69addc009""]",not used,38.0,matched_nonreference,,,,,
batch,Proposed GP — campaign-only + batch effect,ROUND_003,v2_3db5f7aa7cdd,before_batch,historical_forward_refit,43.9224846981244,11.662050329066275,76.18291906718252,11.64716865505045,76.19780074119835,False,"[""v2_75d69addc009""]",not used,38.0,matched_nonreference,,,,,
batch,Proposed GP — campaign-only + batch effect,ROUND_003,v2_4f4525f1566d,before_batch,historical_forward_refit,43.41037912750663,11.182493613029344,75.63826464198391,11.167596916068137,75.65316133894513,False,"[""v2_75d69addc009""]",not used,36.0,matched_nonreference,,,,,
batch,Proposed GP — campaign-only + batch effect,ROUND_003,v2_afa1348627bc,before_batch,historical_forward_refit,44.670021888013856,12.387509317805865,76.95253445822185,12.372637816766884,76.96740595926083,False,"[""v2_75d69addc009""]",not used,38.5,matched_nonreference,,,,,
batch,Proposed GP — campaign-only + batch effect,ROUND_003,v2_a7291b600bea,before_batch,historical_forward_refit,44.53376804325273,12.25217006974338,76.81536601676208,12.237298147561605,76.83023793894385,False,"[""v2_75d69addc009""]",not used,52.0,matched_nonreference,,,,,
control,Proposed GP — campaign-only + batch effect + control calibration,ROUND_003,v2_75d69addc009,before_batch,historical_forward_refit,27.528982945929677,21.515399397749217,33.54256649411014,21.436070088277212,33.62189580358214,False,[],insufficient reference history; prior-sensitive,34.5,full_slate,,,,,
control,Proposed GP — campaign-only + batch effect + control calibration,ROUND_003,v2_430e18c49d10,before_batch,historical_forward_refit,48.90349500347893,20.570065141324815,77.23692486563304,20.55312202967827,77.25386797727958,False,[],insufficient reference history; prior-sensitive,65.0,full_slate,,,,,
control,Proposed GP — campaign-only + batch effect + control calibration,ROUND_003,v2_d93bf1a562c8,before_batch,historical_forward_refit,44.54986003882773,12.267908902664942,76.8318111749905,12.253037143106198,76.84668293454925,False,[],insufficient reference history; prior-sensitive,29.0,full_slate,,,,,
control,Proposed GP — campaign-only + batch effect + control calibration,ROUND_003,v2_84c11063c325,before_batch,historical_forward_refit,39.30165328528643,8.200306383588277,70.40300018698457,8.184870368349635,70.41843620222322,False,[],insufficient reference history; prior-sensitive,44.5,full_slate,,,,,
control,Proposed GP — campaign-only + batch effect + control calibration,ROUND_003,v2_4aeffae55153,before_batch,historical_forward_refit,44.75037503543684,12.467666820851242,77.03308325002243,12.452795409897206,77.04795466097647,False,[],insufficient reference history; prior-sensitive,48.5,full_slate,,,,,
control,Proposed GP — campaign-only + batch effect + control calibration,ROUND_003,v2_27a2b16cc327,before_batch,historical_forward_refit,47.34737770706762,16.41687598905355,78.2778794250817,16.401354755352628,78.29340065878262,False,[],insufficient reference history; prior-sensitive,53.0,full_slate,,,,,
control,Proposed GP — campaign-only + batch effect + control calibration,ROUND_003,v2_8f6028d7e59a,before_batch,historical_forward_refit,44.4659061905522,12.194148809994855,76.73766357110954,12.17927235502271,76.75254002608168,False,[],insufficient reference history; prior-sensitive,41.0,full_slate,,,,,
control,Proposed GP — campaign-only + batch effect + control calibration,ROUND_003,v2_0a63a12b60f3,before_batch,historical_forward_refit,43.28714694725916,11.070465192262468,75.50382870225584,11.055563317180775,75.51873057733755,False,[],insufficient reference history; prior-sensitive,38.0,full_slate,,,,,
control,Proposed GP — campaign-only + batch effect + control calibration,ROUND_003,v2_3db5f7aa7cdd,before_batch,historical_forward_refit,43.9224846981244,11.662050329066275,76.18291906718252,11.64716865505045,76.19780074119835,False,[],insufficient reference history; prior-sensitive,38.0,full_slate,,,,,
control,Proposed GP — campaign-only + batch effect + control calibration,ROUND_003,v2_4f4525f1566d,before_batch,historical_forward_refit,43.41037912750663,11.182493613029344,75.63826464198391,11.167596916068137,75.65316133894513,False,[],insufficient reference history; prior-sensitive,36.0,full_slate,,,,,
control,Proposed GP — campaign-only + batch effect + control calibration,ROUND_003,v2_afa1348627bc,before_batch,historical_forward_refit,44.670021888013856,12.387509317805865,76.95253445822185,12.372637816766884,76.96740595926083,False,[],insufficient reference history; prior-sensitive,38.5,full_slate,,,,,
control,Proposed GP — campaign-only + batch effect + control calibration,ROUND_003,v2_a7291b600bea,before_batch,historical_forward_refit,44.53376804325273,12.25217006974338,76.81536601676208,12.237298147561605,76.83023793894385,False,[],insufficient reference history; prior-sensitive,52.0,full_slate,,,,,
control,Proposed GP — campaign-only + batch effect + control calibration,ROUND_003,v2_430e18c49d10,reference_conditioned,historical_forward_refit,54.63842923071162,26.751913523072467,82.52494493835079,26.73469904436547,82.54215941705777,False,"[""v2_75d69addc009""]",insufficient reference history; prior-sensitive,65.0,matched_nonreference,,,,,
control,Proposed GP — campaign-only + batch effect + control calibration,ROUND_003,v2_d93bf1a562c8,reference_conditioned,historical_forward_refit,49.18483746045673,17.15808778601552,81.21158713489794,17.143097577776828,81.22657734313663,False,"[""v2_75d69addc009""]",insufficient reference history; prior-sensitive,29.0,matched_nonreference,,,,,
control,Proposed GP — campaign-only + batch effect + control calibration,ROUND_003,v2_84c11063c325,reference_conditioned,historical_forward_refit,44.63335530032252,13.88311462757628,75.38359597306876,13.867502452858384,75.39920814778665,False,"[""v2_75d69addc009""]",insufficient reference history; prior-sensitive,44.5,matched_nonreference,,,,,
control,Proposed GP — campaign-only + batch effect + control calibration,ROUND_003,v2_4aeffae55153,reference_conditioned,historical_forward_refit,49.36166224278462,17.33153716347632,81.39178732209291,17.31654853419974,81.4067759513695,False,"[""v2_75d69addc009""]",insufficient reference history; prior-sensitive,48.5,matched_nonreference,,,,,
control,Proposed GP — campaign-only + batch effect + control calibration,ROUND_003,v2_27a2b16cc327,reference_conditioned,historical_forward_refit,52.67130702824793,22.09283861665391,83.24977543984195,22.07713878659029,83.26547526990558,False,"[""v2_75d69addc009""]",insufficient reference history; prior-sensitive,53.0,matched_nonreference,,,,,
control,Proposed GP — campaign-only + batch effect + control calibration,ROUND_003,v2_8f6028d7e59a,reference_conditioned,historical_forward_refit,49.16061829859812,17.150793195250863,81.17044340194539,17.135795064942634,81.1854415322536,False,"[""v2_75d69addc009""]",insufficient reference history; prior-sensitive,41.0,matched_nonreference,,,,,
control,Proposed GP — campaign-only + batch effect + control calibration,ROUND_003,v2_0a63a12b60f3,reference_conditioned,historical_forward_refit,48.10981358066269,16.170075859798306,80.04955130152707,16.15504483361013,80.06458232771524,False,"[""v2_75d69addc009""]",insufficient reference history; prior-sensitive,38.0,matched_nonreference,,,,,
control,Proposed GP — campaign-only + batch effect + control calibration,ROUND_003,v2_3db5f7aa7cdd,reference_conditioned,historical_forward_refit,48.66445668274768,16.67137139314143,80.65754197235393,16.656365419005944,80.6725479464894,False,"[""v2_75d69addc009""]",insufficient reference history; prior-sensitive,38.0,matched_nonreference,,,,,
control,Proposed GP — campaign-only + batch effect + control calibration,ROUND_003,v2_4f4525f1566d,reference_conditioned,historical_forward_refit,48.217308913044725,16.26445874654412,80.17015907954533,16.249433885717092,80.18518394037235,False,"[""v2_75d69addc009""]",insufficient reference history; prior-sensitive,36.0,matched_nonreference,,,,,
control,Proposed GP — campaign-only + batch effect + control calibration,ROUND_003,v2_afa1348627bc,reference_conditioned,historical_forward_refit,49.29660537782963,17.268362644742233,81.32484811091703,17.253373134974268,81.339837620685,False,"[""v2_75d69addc009""]",insufficient reference history; prior-sensitive,38.5,matched_nonreference,,,,,
control,Proposed GP — campaign-only + batch effect + control calibration,ROUND_003,v2_a7291b600bea,reference_conditioned,historical_forward_refit,49.17393870205848,17.148119494497337,81.19975790961962,17.13312885094217,81.21474855317479,False,"[""v2_75d69addc009""]",insufficient reference history; prior-sensitive,52.0,matched_nonreference,,,,,
control,Proposed GP — campaign-only + batch effect + control calibration,ROUND_003,v2_430e18c49d10,before_batch,historical_forward_refit,48.90349500347893,20.570065141324815,77.23692486563304,20.55312202967827,77.25386797727958,False,"[""v2_75d69addc009""]",insufficient reference history; prior-sensitive,65.0,matched_nonreference,,,,,
control,Proposed GP — campaign-only + batch effect + control calibration,ROUND_003,v2_d93bf1a562c8,before_batch,historical_forward_refit,44.54986003882773,12.267908902664942,76.8318111749905,12.253037143106198,76.84668293454925,False,"[""v2_75d69addc009""]",insufficient reference history; prior-sensitive,29.0,matched_nonreference,,,,,
control,Proposed GP — campaign-only + batch effect + control calibration,ROUND_003,v2_84c11063c325,before_batch,historical_forward_refit,39.30165328528643,8.200306383588277,70.40300018698457,8.184870368349635,70.41843620222322,False,"[""v2_75d69addc009""]",insufficient reference history; prior-sensitive,44.5,matched_nonreference,,,,,
control,Proposed GP — campaign-only + batch effect + control calibration,ROUND_003,v2_4aeffae55153,before_batch,historical_forward_refit,44.75037503543684,12.467666820851242,77.03308325002243,12.452795409897206,77.04795466097647,False,"[""v2_75d69addc009""]",insufficient reference history; prior-sensitive,48.5,matched_nonreference,,,,,
control,Proposed GP — campaign-only + batch effect + control calibration,ROUND_003,v2_27a2b16cc327,before_batch,historical_forward_refit,47.34737770706762,16.41687598905355,78.2778794250817,16.401354755352628,78.29340065878262,False,"[""v2_75d69addc009""]",insufficient reference history; prior-sensitive,53.0,matched_nonreference,,,,,
control,Proposed GP — campaign-only + batch effect + control calibration,ROUND_003,v2_8f6028d7e59a,before_batch,historical_forward_refit,44.4659061905522,12.194148809994855,76.73766357110954,12.17927235502271,76.75254002608168,False,"[""v2_75d69addc009""]",insufficient reference history; prior-sensitive,41.0,matched_nonreference,,,,,
control,Proposed GP — campaign-only + batch effect + control calibration,ROUND_003,v2_0a63a12b60f3,before_batch,historical_forward_refit,43.28714694725916,11.070465192262468,75.50382870225584,11.055563317180775,75.51873057733755,False,"[""v2_75d69addc009""]",insufficient reference history; prior-sensitive,38.0,matched_nonreference,,,,,
control,Proposed GP — campaign-only + batch effect + control calibration,ROUND_003,v2_3db5f7aa7cdd,before_batch,historical_forward_refit,43.9224846981244,11.662050329066275,76.18291906718252,11.64716865505045,76.19780074119835,False,"[""v2_75d69addc009""]",insufficient reference history; prior-sensitive,38.0,matched_nonreference,,,,,
control,Proposed GP — campaign-only + batch effect + control calibration,ROUND_003,v2_4f4525f1566d,before_batch,historical_forward_refit,43.41037912750663,11.182493613029344,75.63826464198391,11.167596916068137,75.65316133894513,False,"[""v2_75d69addc009""]",insufficient reference history; prior-sensitive,36.0,matched_nonreference,,,,,
control,Proposed GP — campaign-only + batch effect + control calibration,ROUND_003,v2_afa1348627bc,before_batch,historical_forward_refit,44.670021888013856,12.387509317805865,76.95253445822185,12.372637816766884,76.96740595926083,False,"[""v2_75d69addc009""]",insufficient reference history; prior-sensitive,38.5,matched_nonreference,,,,,
control,Proposed GP — campaign-only + batch effect + control calibration,ROUND_003,v2_a7291b600bea,before_batch,historical_forward_refit,44.53376804325273,12.25217006974338,76.81536601676208,12.237298147561605,76.83023793894385,False,"[""v2_75d69addc009""]",insufficient reference history; prior-sensitive,52.0,matched_nonreference,,,,,
current,Current GP,ROUND_004,v2_ced63818bdd1,before_batch,historical_forward_refit,46.80008917271425,1.5328797789571098,92.0672985664714,1.4904671670270346,92.10971117840148,False,[],not used,32.885,full_slate,,,,,
current,Current GP,ROUND_004,v2_6fb2fa9dc5d5,before_batch,historical_forward_refit,44.9521315269064,35.021903731353866,54.88235932245893,34.83032219894709,55.07394085486571,False,[],not used,58.35,full_slate,,,,,
current,Current GP,ROUND_004,v2_0e9e2b605ce7,before_batch,historical_forward_refit,76.5420520680309,57.16713092739046,95.91697320867134,57.06824480786639,96.0158593281954,False,[],not used,50.515,full_slate,,,,,
current,Current GP,ROUND_004,v2_8d9d8b0a7098,before_batch,historical_forward_refit,72.54485405954767,42.40915859993575,102.6805495191596,42.34548749608355,102.7442206230118,False,[],not used,50.6025,full_slate,,,,,
current,Current GP,ROUND_004,v2_eb8bb8b8618f,before_batch,historical_forward_refit,64.03442630141865,27.062675946460757,101.00617665637654,27.01075921792556,101.05809338491171,False,[],not used,52.8825,full_slate,,,,,
current,Current GP,ROUND_004,v2_6005e837cd4b,before_batch,historical_forward_refit,58.75409897182256,13.583396239974247,103.92480170367088,13.54089309910205,103.96730484454308,False,[],not used,28.365,full_slate,,,,,
current,Current GP,ROUND_004,v2_1d06992cb257,before_batch,historical_forward_refit,58.779574799170256,11.777582861603946,105.78156673673656,11.736734258881365,105.82241533945916,False,[],not used,35.825,full_slate,,,,,
current,Current GP,ROUND_004,v2_4da335e6bc9d,before_batch,historical_forward_refit,61.259400717529275,16.803607522969074,105.71519391208948,16.760421531962507,105.75837990309604,False,[],not used,10.1075,full_slate,,,,,
current,Current GP,ROUND_004,v2_1e09bd3298a1,before_batch,historical_forward_refit,60.70502243679533,15.389350306728955,106.0206945668617,15.34698301047451,106.06306186311616,False,[],not used,0.69,full_slate,,,,,
current,Current GP,ROUND_004,v2_e5b28bf5a066,before_batch,historical_forward_refit,60.22339920882706,14.308330336418171,106.13846808123594,14.266515616071864,106.18028280158224,False,[],not used,40.4675,full_slate,,,,,
current,Current GP,ROUND_004,v2_6886b09726ac,before_batch,historical_forward_refit,60.54920868092297,16.77191183889559,104.32650552295036,16.72805718081996,104.370360181026,False,[],not used,30.2175,full_slate,,,,,
current,Current GP,ROUND_004,v2_98a8e114024b,before_batch,historical_forward_refit,59.67589624337613,13.239074332127425,106.11271815462484,13.197729011685205,106.15406347506706,False,[],not used,1.3325,full_slate,,,,,
campaign,Proposed GP — campaign-only,ROUND_004,v2_ced63818bdd1,before_batch,historical_forward_refit,30.502251519018134,7.6992166924684895,53.30528634556779,7.615137299422074,53.3893657386142,False,[],not used,32.885,full_slate,,,,,
campaign,Proposed GP — campaign-only,ROUND_004,v2_6fb2fa9dc5d5,before_batch,historical_forward_refit,39.45247759632627,16.902291577324345,62.00266361532819,16.81727294755868,62.08768224509386,False,[],not used,58.35,full_slate,,,,,
campaign,Proposed GP — campaign-only,ROUND_004,v2_0e9e2b605ce7,before_batch,historical_forward_refit,44.1370233300431,16.839565174544795,71.4344814855414,16.769290107301018,71.50475655278518,False,[],not used,50.515,full_slate,,,,,
campaign,Proposed GP — campaign-only,ROUND_004,v2_8d9d8b0a7098,before_batch,historical_forward_refit,43.742569592679835,16.476165864462267,71.00897332089741,16.405810964961063,71.07932822039861,False,[],not used,50.6025,full_slate,,,,,
campaign,Proposed GP — campaign-only,ROUND_004,v2_eb8bb8b8618f,before_batch,historical_forward_refit,55.41959049350689,35.22150383982425,75.61767714718953,35.12662854928415,75.71255243772963,False,[],not used,52.8825,full_slate,,,,,
campaign,Proposed GP — campaign-only,ROUND_004,v2_6005e837cd4b,before_batch,historical_forward_refit,44.23862618432142,16.026966749137625,72.45028561950521,15.95896338423141,72.51828898441143,False,[],not used,28.365,full_slate,,,,,
campaign,Proposed GP — campaign-only,ROUND_004,v2_1d06992cb257,before_batch,historical_forward_refit,43.947870745191025,15.730165322935113,72.16557616744694,15.662176493551897,72.23356499683015,False,[],not used,35.825,full_slate,,,,,
campaign,Proposed GP — campaign-only,ROUND_004,v2_4da335e6bc9d,before_batch,historical_forward_refit,44.47910407124397,16.74181833141878,72.21638981106915,16.672654815491992,72.28555332699594,False,[],not used,10.1075,full_slate,,,,,
campaign,Proposed GP — campaign-only,ROUND_004,v2_1e09bd3298a1,before_batch,historical_forward_refit,42.97479363806691,15.890453724106454,70.05913355202738,15.819627120902052,70.12996015523177,False,[],not used,0.69,full_slate,,,,,
campaign,Proposed GP — campaign-only,ROUND_004,v2_e5b28bf5a066,before_batch,historical_forward_refit,29.17039059078528,8.278908922766636,50.06187225880393,8.187168572106664,50.1536126094639,False,[],not used,40.4675,full_slate,,,,,
campaign,Proposed GP — campaign-only,ROUND_004,v2_6886b09726ac,before_batch,historical_forward_refit,42.68802824551807,14.553103521740102,70.82295296929604,14.484915133440303,70.89114135759584,False,[],not used,30.2175,full_slate,,,,,
campaign,Proposed GP — campaign-only,ROUND_004,v2_98a8e114024b,before_batch,historical_forward_refit,43.82870108913649,15.657189586367622,72.00021259190535,15.589089541690608,72.06831263658236,False,[],not used,1.3325,full_slate,,,,,
campaign_noise,Proposed GP — campaign-only + fitted residual noise (matched comparison),ROUND_004,v2_ced63818bdd1,before_batch,historical_forward_refit,30.80494163641699,7.864948613110801,53.744934659723185,7.2746576235962515,54.33522564923773,False,[],not used,32.885,full_slate,,,,,
campaign_noise,Proposed GP — campaign-only + fitted residual noise (matched comparison),ROUND_004,v2_6fb2fa9dc5d5,before_batch,historical_forward_refit,39.62140783443595,16.921680660312354,62.32113500855956,16.32530087223482,62.91751479663709,False,[],not used,58.35,full_slate,,,,,
campaign_noise,Proposed GP — campaign-only + fitted residual noise (matched comparison),ROUND_004,v2_0e9e2b605ce7,before_batch,historical_forward_refit,44.15177594007466,16.8319035258778,71.47164835427151,16.334399813943254,71.96915206620606,False,[],not used,50.515,full_slate,,,,,
campaign_noise,Proposed GP — campaign-only + fitted residual noise (matched comparison),ROUND_004,v2_8d9d8b0a7098,before_batch,historical_forward_refit,43.7611096915694,16.470241515185855,71.05197786795296,15.97221853637188,71.55000084676692,False,[],not used,50.6025,full_slate,,,,,
campaign_noise,Proposed GP — campaign-only + fitted residual noise (matched comparison),ROUND_004,v2_eb8bb8b8618f,before_batch,historical_forward_refit,55.23583636481449,34.67034721133594,75.80132551829304,34.01390596401177,76.45776676561721,False,[],not used,52.8825,full_slate,,,,,
campaign_noise,Proposed GP — campaign-only + fitted residual noise (matched comparison),ROUND_004,v2_6005e837cd4b,before_batch,historical_forward_refit,44.23846472088521,16.02638932653556,72.45054011523486,15.54435062284866,72.93257881892177,False,[],not used,28.365,full_slate,,,,,
campaign_noise,Proposed GP — campaign-only + fitted residual noise (matched comparison),ROUND_004,v2_1d06992cb257,before_batch,historical_forward_refit,43.95826492854103,15.74040721027136,72.1761226468107,15.258465625703003,72.65806423137906,False,[],not used,35.825,full_slate,,,,,
campaign_noise,Proposed GP — campaign-only + fitted residual noise (matched comparison),ROUND_004,v2_4da335e6bc9d,before_batch,historical_forward_refit,44.48505585228754,16.736456747630477,72.2336549569446,16.246505285984647,72.72360641859044,False,[],not used,10.1075,full_slate,,,,,
campaign_noise,Proposed GP — campaign-only + fitted residual noise (matched comparison),ROUND_004,v2_1e09bd3298a1,before_batch,historical_forward_refit,43.03535478097109,15.922808296042492,70.14790126589969,15.42156904427637,70.64914051766581,False,[],not used,0.69,full_slate,,,,,
campaign_noise,Proposed GP — campaign-only + fitted residual noise (matched comparison),ROUND_004,v2_e5b28bf5a066,before_batch,historical_forward_refit,29.53285346180793,8.458217921393501,50.607489002222366,7.817162154000808,51.24854476961505,False,[],not used,40.4675,full_slate,,,,,
campaign_noise,Proposed GP — campaign-only + fitted residual noise (matched comparison),ROUND_004,v2_6886b09726ac,before_batch,historical_forward_refit,42.71741421522103,14.581146092417452,70.8536823380246,14.097830540873783,71.33699788956827,False,[],not used,30.2175,full_slate,,,,,
campaign_noise,Proposed GP — campaign-only + fitted residual noise (matched comparison),ROUND_004,v2_98a8e114024b,before_batch,historical_forward_refit,43.84049828335173,15.66760127841802,72.01339528828544,15.184903516094264,72.49609305060919,False,[],not used,1.3325,full_slate,,,,,
batch,Proposed GP — campaign-only + batch effect,ROUND_004,v2_ced63818bdd1,before_batch,historical_forward_refit,30.71997591893045,7.480959264281125,53.95899257357978,7.03457817148124,54.40537366637966,False,[],not used,32.885,full_slate,,,,,
batch,Proposed GP — campaign-only + batch effect,ROUND_004,v2_6fb2fa9dc5d5,before_batch,historical_forward_refit,39.72549184573509,16.685635831569737,62.76534785990045,16.235469782457354,63.21551390901283,False,[],not used,58.35,full_slate,,,,,
batch,Proposed GP — campaign-only + batch effect,ROUND_004,v2_0e9e2b605ce7,before_batch,historical_forward_refit,44.32693207338504,16.776858555364726,71.87700559140535,16.39929840656451,72.25456574020556,False,[],not used,50.515,full_slate,,,,,
batch,Proposed GP — campaign-only + batch effect,ROUND_004,v2_8d9d8b0a7098,before_batch,historical_forward_refit,44.003273015803046,16.483887158132415,71.52265887347367,16.10591168245889,71.9006343491472,False,[],not used,50.6025,full_slate,,,,,
batch,Proposed GP — campaign-only + batch effect,ROUND_004,v2_eb8bb8b8618f,before_batch,historical_forward_refit,55.37949562072145,34.55504806808793,76.20394317335497,34.05805600581299,76.70093523562991,False,[],not used,52.8825,full_slate,,,,,
batch,Proposed GP — campaign-only + batch effect,ROUND_004,v2_6005e837cd4b,before_batch,historical_forward_refit,44.24301966226236,15.817348755076438,72.66869056944829,15.45126844939864,73.03477087512609,False,[],not used,28.365,full_slate,,,,,
batch,Proposed GP — campaign-only + batch effect,ROUND_004,v2_1d06992cb257,before_batch,historical_forward_refit,43.94217625111688,15.510696651684384,72.37365585054938,15.144690187351705,72.73966231488207,False,[],not used,35.825,full_slate,,,,,
batch,Proposed GP — campaign-only + batch effect,ROUND_004,v2_4da335e6bc9d,before_batch,historical_forward_refit,44.37955354457761,16.412630357369547,72.34647673178567,16.040623361188555,72.71848372796667,False,[],not used,10.1075,full_slate,,,,,
batch,Proposed GP — campaign-only + batch effect,ROUND_004,v2_1e09bd3298a1,before_batch,historical_forward_refit,42.93399047491087,15.59691882314333,70.27106212667842,15.216457073223124,70.65152387659862,False,[],not used,0.69,full_slate,,,,,
batch,Proposed GP — campaign-only + batch effect,ROUND_004,v2_e5b28bf5a066,before_batch,historical_forward_refit,29.56760292089453,8.132344277648887,51.002861564140176,7.649197767174051,51.48600807461501,False,[],not used,40.4675,full_slate,,,,,
batch,Proposed GP — campaign-only + batch effect,ROUND_004,v2_6886b09726ac,before_batch,historical_forward_refit,42.6855029712575,14.334010246950635,71.03699569556436,13.966984362592664,71.40402157992233,False,[],not used,30.2175,full_slate,,,,,
batch,Proposed GP — campaign-only + batch effect,ROUND_004,v2_98a8e114024b,before_batch,historical_forward_refit,43.76351711394498,15.37608413449355,72.1509500933964,15.009517000175588,72.51751722771436,False,[],not used,1.3325,full_slate,,,,,
control,Proposed GP — campaign-only + batch effect + control calibration,ROUND_004,v2_ced63818bdd1,before_batch,historical_forward_refit,30.71997591893045,7.480959264281125,53.95899257357978,7.03457817148124,54.40537366637966,False,[],insufficient reference history; prior-sensitive,32.885,full_slate,,,,,
control,Proposed GP — campaign-only + batch effect + control calibration,ROUND_004,v2_6fb2fa9dc5d5,before_batch,historical_forward_refit,39.72549184573509,16.685635831569737,62.76534785990045,16.235469782457354,63.21551390901283,False,[],insufficient reference history; prior-sensitive,58.35,full_slate,,,,,
control,Proposed GP — campaign-only + batch effect + control calibration,ROUND_004,v2_0e9e2b605ce7,before_batch,historical_forward_refit,44.32693207338504,16.776858555364726,71.87700559140535,16.39929840656451,72.25456574020556,False,[],insufficient reference history; prior-sensitive,50.515,full_slate,,,,,
control,Proposed GP — campaign-only + batch effect + control calibration,ROUND_004,v2_8d9d8b0a7098,before_batch,historical_forward_refit,44.003273015803046,16.483887158132415,71.52265887347367,16.10591168245889,71.9006343491472,False,[],insufficient reference history; prior-sensitive,50.6025,full_slate,,,,,
control,Proposed GP — campaign-only + batch effect + control calibration,ROUND_004,v2_eb8bb8b8618f,before_batch,historical_forward_refit,55.37949562072145,34.55504806808793,76.20394317335497,34.05805600581299,76.70093523562991,False,[],insufficient reference history; prior-sensitive,52.8825,full_slate,,,,,
control,Proposed GP — campaign-only + batch effect + control calibration,ROUND_004,v2_6005e837cd4b,before_batch,historical_forward_refit,44.24301966226236,15.817348755076438,72.66869056944829,15.45126844939864,73.03477087512609,False,[],insufficient reference history; prior-sensitive,28.365,full_slate,,,,,
control,Proposed GP — campaign-only + batch effect + control calibration,ROUND_004,v2_1d06992cb257,before_batch,historical_forward_refit,43.94217625111688,15.510696651684384,72.37365585054938,15.144690187351705,72.73966231488207,False,[],insufficient reference history; prior-sensitive,35.825,full_slate,,,,,
control,Proposed GP — campaign-only + batch effect + control calibration,ROUND_004,v2_4da335e6bc9d,before_batch,historical_forward_refit,44.37955354457761,16.412630357369547,72.34647673178567,16.040623361188555,72.71848372796667,False,[],insufficient reference history; prior-sensitive,10.1075,full_slate,,,,,
control,Proposed GP — campaign-only + batch effect + control calibration,ROUND_004,v2_1e09bd3298a1,before_batch,historical_forward_refit,42.93399047491087,15.59691882314333,70.27106212667842,15.216457073223124,70.65152387659862,False,[],insufficient reference history; prior-sensitive,0.69,full_slate,,,,,
control,Proposed GP — campaign-only + batch effect + control calibration,ROUND_004,v2_e5b28bf5a066,before_batch,historical_forward_refit,29.56760292089453,8.132344277648887,51.002861564140176,7.649197767174051,51.48600807461501,False,[],insufficient reference history; prior-sensitive,40.4675,full_slate,,,,,
control,Proposed GP — campaign-only + batch effect + control calibration,ROUND_004,v2_6886b09726ac,before_batch,historical_forward_refit,42.6855029712575,14.334010246950635,71.03699569556436,13.966984362592664,71.40402157992233,False,[],insufficient reference history; prior-sensitive,30.2175,full_slate,,,,,
control,Proposed GP — campaign-only + batch effect + control calibration,ROUND_004,v2_98a8e114024b,before_batch,historical_forward_refit,43.76351711394498,15.37608413449355,72.1509500933964,15.009517000175588,72.51751722771436,False,[],insufficient reference history; prior-sensitive,1.3325,full_slate,,,,,
current,Current GP,ROUND_005,v2_1be28fc1c3ad,before_batch,historical_forward_refit,59.50215174930236,45.774601671843214,73.2297018267615,45.63538460158013,73.36891889702459,False,[],not used,53.3425,full_slate,,,,,
current,Current GP,ROUND_005,v2_d9aaefea702e,before_batch,historical_forward_refit,40.16970250193712,15.87942072377032,64.45998428010392,15.80047213118593,64.53893287268832,False,[],not used,9.2925,full_slate,,,,,
current,Current GP,ROUND_005,v2_f3bcb989040c,before_batch,historical_forward_refit,68.46280388895373,53.08978198845296,83.83582578945449,52.9653395043108,83.96026827359667,False,[],not used,59.182500000000005,full_slate,,,,,
current,Current GP,ROUND_005,v2_88865d95334d,before_batch,historical_forward_refit,56.99243953768352,9.438071761147569,104.54680731421948,9.397697237445776,104.58718183792126,False,[],not used,1.365,full_slate,,,,,
current,Current GP,ROUND_005,v2_f1b5aed4af5a,before_batch,historical_forward_refit,55.556224574518104,8.103524790037753,103.00892435899846,8.06306383703906,103.04938531199716,False,[],not used,22.145,full_slate,,,,,
current,Current GP,ROUND_005,v2_711df1b41503,before_batch,historical_forward_refit,63.209294600076234,36.69473953965826,89.72384966049421,36.62239500550265,89.79619419464981,False,[],not used,48.3325,full_slate,,,,,
current,Current GP,ROUND_005,v2_40e9f706b46d,before_batch,historical_forward_refit,55.97962349251585,9.339279629908155,102.61996735512356,9.29811456636515,102.66113241866654,False,[],not used,19.355,full_slate,,,,,
current,Current GP,ROUND_005,v2_011eef292ff1,before_batch,historical_forward_refit,57.30696101641415,9.703556818814056,104.91036521401423,9.663223849813852,104.95069818301444,False,[],not used,31.85,full_slate,,,,,
current,Current GP,ROUND_005,v2_5526047f869b,before_batch,historical_forward_refit,57.30696101641415,9.703556818814056,104.91036521401423,9.663223849813852,104.95069818301444,False,[],not used,25.5225,full_slate,,,,,
current,Current GP,ROUND_005,v2_c52464fe22c3,before_batch,historical_forward_refit,57.30696101641415,9.703556818814056,104.91036521401423,9.663223849813852,104.95069818301444,False,[],not used,6.93,full_slate,,,,,
current,Current GP,ROUND_005,v2_79ec2bf8acae,before_batch,historical_forward_refit,57.30696101641415,9.703556818814056,104.91036521401423,9.663223849813852,104.95069818301444,False,[],not used,31.495,full_slate,,,,,
current,Current GP,ROUND_005,v2_117f554a123f,before_batch,historical_forward_refit,57.30696101641415,9.703556818814056,104.91036521401423,9.663223849813852,104.95069818301444,False,[],not used,11.9125,full_slate,,,,,
campaign,Proposed GP — campaign-only,ROUND_005,v2_1be28fc1c3ad,before_batch,historical_forward_refit,48.11727934101311,29.78488238282199,66.44967629920423,29.68040384019424,66.55415484183197,False,[],not used,53.3425,full_slate,,,,,
campaign,Proposed GP — campaign-only,ROUND_005,v2_d9aaefea702e,before_batch,historical_forward_refit,35.77989811650607,13.087250678572197,58.47254555443994,13.002763798458798,58.557032434553335,False,[],not used,9.2925,full_slate,,,,,
campaign,Proposed GP — campaign-only,ROUND_005,v2_f3bcb989040c,before_batch,historical_forward_refit,55.93442432431965,27.57843225566755,84.29041639297175,27.51077420338232,84.35807444525699,False,[],not used,59.182500000000005,full_slate,,,,,
campaign,Proposed GP — campaign-only,ROUND_005,v2_88865d95334d,before_batch,historical_forward_refit,41.338489583333335,9.106265067519844,73.57071409914683,9.046727518716793,73.63025164794988,False,[],not used,1.365,full_slate,,,,,
campaign,Proposed GP — campaign-only,ROUND_005,v2_f1b5aed4af5a,before_batch,historical_forward_refit,39.36368157859009,9.276203164814476,69.4511599923657,9.212430239725002,69.51493291745518,False,[],not used,22.145,full_slate,,,,,
campaign,Proposed GP — campaign-only,ROUND_005,v2_711df1b41503,before_batch,historical_forward_refit,43.87900234844274,11.977356504524678,75.7806481923608,11.917203157052176,75.84080153983331,False,[],not used,48.3325,full_slate,,,,,
campaign,Proposed GP — campaign-only,ROUND_005,v2_40e9f706b46d,before_batch,historical_forward_refit,41.338489583333335,9.106265067519844,73.57071409914683,9.046727518716793,73.63025164794988,False,[],not used,19.355,full_slate,,,,,
campaign,Proposed GP — campaign-only,ROUND_005,v2_011eef292ff1,before_batch,historical_forward_refit,43.657571104917174,13.790515339551495,73.52462687028284,13.726272768702906,73.58886944113144,False,[],not used,31.85,full_slate,,,,,
campaign,Proposed GP — campaign-only,ROUND_005,v2_5526047f869b,before_batch,historical_forward_refit,41.67987834560257,9.479833111856976,73.87992357934816,9.420236173760957,73.93952051744418,False,[],not used,25.5225,full_slate,,,,,
campaign,Proposed GP — campaign-only,ROUND_005,v2_c52464fe22c3,before_batch,historical_forward_refit,30.948124246626485,7.230706180225479,54.66554231302749,7.149857088355386,54.74639140489758,False,[],not used,6.93,full_slate,,,,,
campaign,Proposed GP — campaign-only,ROUND_005,v2_79ec2bf8acae,before_batch,historical_forward_refit,41.02512988949095,8.945765113741452,73.10449466524045,8.885944392412817,73.16431538656909,False,[],not used,31.495,full_slate,,,,,
campaign,Proposed GP — campaign-only,ROUND_005,v2_117f554a123f,before_batch,historical_forward_refit,40.28178323197809,8.550647422268057,72.01291904168812,8.490171448769264,72.07339501518692,False,[],not used,11.9125,full_slate,,,,,
campaign_noise,Proposed GP — campaign-only + fitted residual noise (matched comparison),ROUND_005,v2_1be28fc1c3ad,before_batch,historical_forward_refit,48.23226910551986,29.256017686925546,67.20852052411418,28.545223812026276,67.91931439901344,False,[],not used,53.3425,full_slate,,,,,
campaign_noise,Proposed GP — campaign-only + fitted residual noise (matched comparison),ROUND_005,v2_d9aaefea702e,before_batch,historical_forward_refit,35.964779138889725,13.12105076848437,58.80850750929508,12.5272545181618,59.40230375961765,False,[],not used,9.2925,full_slate,,,,,
campaign_noise,Proposed GP — campaign-only + fitted residual noise (matched comparison),ROUND_005,v2_f3bcb989040c,before_batch,historical_forward_refit,55.65007241761684,27.19319319777504,84.10695163745865,26.714357299116156,84.58578753611752,False,[],not used,59.182500000000005,full_slate,,,,,
campaign_noise,Proposed GP — campaign-only + fitted residual noise (matched comparison),ROUND_005,v2_88865d95334d,before_batch,historical_forward_refit,41.338489583333335,9.106265067519844,73.57071409914683,8.682740752167739,73.99423841449894,False,[],not used,1.365,full_slate,,,,,
campaign_noise,Proposed GP — campaign-only + fitted residual noise (matched comparison),ROUND_005,v2_f1b5aed4af5a,before_batch,historical_forward_refit,39.407469918277066,9.27079215791797,69.54414767863616,8.818240099301764,69.99669973725237,False,[],not used,22.145,full_slate,,,,,
campaign_noise,Proposed GP — campaign-only + fitted residual noise (matched comparison),ROUND_005,v2_711df1b41503,before_batch,historical_forward_refit,43.82131723017856,11.912152912731738,75.73048154762537,11.48439712445132,76.1582373359058,False,[],not used,48.3325,full_slate,,,,,
campaign_noise,Proposed GP — campaign-only + fitted residual noise (matched comparison),ROUND_005,v2_40e9f706b46d,before_batch,historical_forward_refit,41.338489583333335,9.106265067519844,73.57071409914683,8.682740752167739,73.99423841449894,False,[],not used,19.355,full_slate,,,,,
campaign_noise,Proposed GP — campaign-only + fitted residual noise (matched comparison),ROUND_005,v2_011eef292ff1,before_batch,historical_forward_refit,43.4762981203694,13.554998768254432,73.39759747248436,13.099237870811994,73.85335836992681,False,[],not used,31.85,full_slate,,,,,
campaign_noise,Proposed GP — campaign-only + fitted residual noise (matched comparison),ROUND_005,v2_5526047f869b,before_batch,historical_forward_refit,41.67234113555488,9.471582210310856,73.8731000607989,9.047649415202216,74.29703285590755,False,[],not used,25.5225,full_slate,,,,,
campaign_noise,Proposed GP — campaign-only + fitted residual noise (matched comparison),ROUND_005,v2_c52464fe22c3,before_batch,historical_forward_refit,31.193067255811485,7.334828103234003,55.05130640838897,6.765680781856762,55.62045372976621,False,[],not used,6.93,full_slate,,,,,
campaign_noise,Proposed GP — campaign-only + fitted residual noise (matched comparison),ROUND_005,v2_79ec2bf8acae,before_batch,historical_forward_refit,41.01381570996684,8.931313617863069,73.09631780207062,8.505838612395735,73.52179280753795,False,[],not used,31.495,full_slate,,,,,
campaign_noise,Proposed GP — campaign-only + fitted residual noise (matched comparison),ROUND_005,v2_117f554a123f,before_batch,historical_forward_refit,40.29039737070776,8.554441357325462,72.02635338409006,8.124382097290678,72.45641264412484,False,[],not used,11.9125,full_slate,,,,,
batch,Proposed GP — campaign-only + batch effect,ROUND_005,v2_1be28fc1c3ad,before_batch,historical_forward_refit,51.23875452856437,30.490593383022816,71.98691567410593,30.438969183341023,72.03853987378771,False,[],not used,53.3425,full_slate,,,,,
batch,Proposed GP — campaign-only + batch effect,ROUND_005,v2_d9aaefea702e,before_batch,historical_forward_refit,37.550786063813874,13.130327418581707,61.97124470904604,13.086451208161211,62.01512091946654,False,[],not used,9.2925,full_slate,,,,,
batch,Proposed GP — campaign-only + batch effect,ROUND_005,v2_f3bcb989040c,before_batch,historical_forward_refit,56.420515214188136,26.767447388447476,86.07358303992879,26.73130318415973,86.10972724421654,False,[],not used,59.182500000000005,full_slate,,,,,
batch,Proposed GP — campaign-only + batch effect,ROUND_005,v2_88865d95334d,before_batch,historical_forward_refit,41.338489583333335,8.064854591088519,74.61212457557815,8.032639270165433,74.64433989650124,False,[],not used,1.365,full_slate,,,,,
batch,Proposed GP — campaign-only + batch effect,ROUND_005,v2_f1b5aed4af5a,before_batch,historical_forward_refit,40.59342873394495,9.317410638848564,71.86944682904132,9.283139891923646,71.90371757596625,False,[],not used,22.145,full_slate,,,,,
batch,Proposed GP — campaign-only + batch effect,ROUND_005,v2_711df1b41503,before_batch,historical_forward_refit,43.4173921557403,10.457785503842487,76.37699880763812,10.425263547027676,76.40952076445294,False,[],not used,48.3325,full_slate,,,,,
batch,Proposed GP — campaign-only + batch effect,ROUND_005,v2_40e9f706b46d,before_batch,historical_forward_refit,41.338489583333335,8.064854591088519,74.61212457557815,8.032639270165433,74.64433989650124,False,[],not used,19.355,full_slate,,,,,
batch,Proposed GP — campaign-only + batch effect,ROUND_005,v2_011eef292ff1,before_batch,historical_forward_refit,44.73415633254363,13.65813079105681,75.81018187403045,13.623639735400008,75.84467292968725,False,[],not used,31.85,full_slate,,,,,
batch,Proposed GP — campaign-only + batch effect,ROUND_005,v2_5526047f869b,before_batch,historical_forward_refit,41.46628499973435,8.2233450411171,74.70922495835161,8.191100002829543,74.74146999663917,False,[],not used,25.5225,full_slate,,,,,
batch,Proposed GP — campaign-only + batch effect,ROUND_005,v2_c52464fe22c3,before_batch,historical_forward_refit,31.760233953263192,6.4659809994072965,57.054486907119085,6.423617920737158,57.09684998578923,False,[],not used,6.93,full_slate,,,,,
batch,Proposed GP — campaign-only + batch effect,ROUND_005,v2_79ec2bf8acae,before_batch,historical_forward_refit,41.34641135356019,8.210577232723594,74.48224547439679,8.178228069430709,74.51459463768967,False,[],not used,31.495,full_slate,,,,,
batch,Proposed GP — campaign-only + batch effect,ROUND_005,v2_117f554a123f,before_batch,historical_forward_refit,39.36469529770699,6.563698496732314,72.16569209868166,6.531019435513947,72.19837115990003,False,[],not used,11.9125,full_slate,,,,,
control,Proposed GP — campaign-only + batch effect + control calibration,ROUND_005,v2_1be28fc1c3ad,before_batch,historical_forward_refit,51.23875452856437,30.490593383022816,71.98691567410593,30.438969183341023,72.03853987378771,False,[],insufficient reference history; prior-sensitive,53.3425,full_slate,,,,,
control,Proposed GP — campaign-only + batch effect + control calibration,ROUND_005,v2_d9aaefea702e,before_batch,historical_forward_refit,37.550786063813874,13.130327418581707,61.97124470904604,13.086451208161211,62.01512091946654,False,[],insufficient reference history; prior-sensitive,9.2925,full_slate,,,,,
control,Proposed GP — campaign-only + batch effect + control calibration,ROUND_005,v2_f3bcb989040c,before_batch,historical_forward_refit,56.420515214188136,26.767447388447476,86.07358303992879,26.73130318415973,86.10972724421654,False,[],insufficient reference history; prior-sensitive,59.182500000000005,full_slate,,,,,
control,Proposed GP — campaign-only + batch effect + control calibration,ROUND_005,v2_88865d95334d,before_batch,historical_forward_refit,41.338489583333335,8.064854591088519,74.61212457557815,8.032639270165433,74.64433989650124,False,[],insufficient reference history; prior-sensitive,1.365,full_slate,,,,,
control,Proposed GP — campaign-only + batch effect + control calibration,ROUND_005,v2_f1b5aed4af5a,before_batch,historical_forward_refit,40.59342873394495,9.317410638848564,71.86944682904132,9.283139891923646,71.90371757596625,False,[],insufficient reference history; prior-sensitive,22.145,full_slate,,,,,
control,Proposed GP — campaign-only + batch effect + control calibration,ROUND_005,v2_711df1b41503,before_batch,historical_forward_refit,43.4173921557403,10.457785503842487,76.37699880763812,10.425263547027676,76.40952076445294,False,[],insufficient reference history; prior-sensitive,48.3325,full_slate,,,,,
control,Proposed GP — campaign-only + batch effect + control calibration,ROUND_005,v2_40e9f706b46d,before_batch,historical_forward_refit,41.338489583333335,8.064854591088519,74.61212457557815,8.032639270165433,74.64433989650124,False,[],insufficient reference history; prior-sensitive,19.355,full_slate,,,,,
control,Proposed GP — campaign-only + batch effect + control calibration,ROUND_005,v2_011eef292ff1,before_batch,historical_forward_refit,44.73415633254363,13.65813079105681,75.81018187403045,13.623639735400008,75.84467292968725,False,[],insufficient reference history; prior-sensitive,31.85,full_slate,,,,,
control,Proposed GP — campaign-only + batch effect + control calibration,ROUND_005,v2_5526047f869b,before_batch,historical_forward_refit,41.46628499973435,8.2233450411171,74.70922495835161,8.191100002829543,74.74146999663917,False,[],insufficient reference history; prior-sensitive,25.5225,full_slate,,,,,
control,Proposed GP — campaign-only + batch effect + control calibration,ROUND_005,v2_c52464fe22c3,before_batch,historical_forward_refit,31.760233953263192,6.4659809994072965,57.054486907119085,6.423617920737158,57.09684998578923,False,[],insufficient reference history; prior-sensitive,6.93,full_slate,,,,,
control,Proposed GP — campaign-only + batch effect + control calibration,ROUND_005,v2_79ec2bf8acae,before_batch,historical_forward_refit,41.34641135356019,8.210577232723594,74.48224547439679,8.178228069430709,74.51459463768967,False,[],insufficient reference history; prior-sensitive,31.495,full_slate,,,,,
control,Proposed GP — campaign-only + batch effect + control calibration,ROUND_005,v2_117f554a123f,before_batch,historical_forward_refit,39.36469529770699,6.563698496732314,72.16569209868166,6.531019435513947,72.19837115990003,False,[],insufficient reference history; prior-sensitive,11.9125,full_slate,,,,,
current,Current GP,ROUND_006,v2_88865d95334d,before_batch,historical_forward_refit,1.4444992147019209,-0.5133394235644535,3.402337852968295,-1.325831475574735,4.214829904978576,False,[],not used,15.755,full_slate,,,,,
current,Current GP,ROUND_006,v2_d9aaefea702e,before_batch,historical_forward_refit,9.468709303797796,7.5151949211074625,11.422223686488126,6.701432945466739,12.23598566212885,False,[],not used,28.4675,full_slate,,,,,
current,Current GP,ROUND_006,v2_ea8a9ce5fcb2,before_batch,historical_forward_refit,65.12864492493026,43.48187885657106,86.77541099328946,43.39332617368423,86.86396367617628,False,[],not used,48.9925,full_slate,,,,,
current,Current GP,ROUND_006,v2_13f1ff7a70b9,before_batch,historical_forward_refit,66.33954348678645,60.28108759412966,72.39799937944325,59.97193107684284,72.70715589673006,False,[],not used,53.7125,full_slate,,,,,
current,Current GP,ROUND_006,v2_b7e07e99afa8,before_batch,historical_forward_refit,56.07863324662017,7.631590155309254,104.52567633793107,7.591958950569122,104.56530754267122,False,[],not used,40.6125,full_slate,,,,,
current,Current GP,ROUND_006,v2_4673547a29eb,before_batch,historical_forward_refit,53.71104413638004,5.50672089064836,101.91536738211173,5.466890298023756,101.95519797473632,False,[],not used,6.8175,full_slate,,,,,
current,Current GP,ROUND_006,v2_fb629591d74c,before_batch,historical_forward_refit,66.59621942370069,55.68506433691745,77.50737451048393,55.510421963534114,77.68201688386726,False,[],not used,40.18,full_slate,,,,,
current,Current GP,ROUND_006,v2_b0c3376ad599,before_batch,historical_forward_refit,54.517517043890095,6.130205082192845,102.90482900558736,6.090524995254555,102.94450909252564,False,[],not used,24.755000000000003,full_slate,,,,,
current,Current GP,ROUND_006,v2_0edd7362eda9,before_batch,historical_forward_refit,56.298833180708186,7.850919840115616,104.74674652130076,7.811289346672133,104.78637701474425,False,[],not used,8.025,full_slate,,,,,
current,Current GP,ROUND_006,v2_9d3ceb7016d5,before_batch,historical_forward_refit,56.298833180708186,7.850919840115616,104.74674652130076,7.811289346672133,104.78637701474425,False,[],not used,10.6,full_slate,,,,,
current,Current GP,ROUND_006,v2_e579d58c9088,before_batch,historical_forward_refit,56.29883318067364,7.850919840081069,104.7467465212662,7.811289346637587,104.7863770147097,False,[],not used,8.125,full_slate,,,,,
current,Current GP,ROUND_006,v2_445849cbfa02,before_batch,historical_forward_refit,56.29510059337891,7.847187378040914,104.74301380871692,7.807556884495057,104.78264430226275,False,[],not used,10.96,full_slate,,,,,
campaign,Proposed GP — campaign-only,ROUND_006,v2_88865d95334d,before_batch,historical_forward_refit,1.4818424723643062,-0.4750609848130118,3.438745929541624,-1.2878273889571723,4.251512333685785,False,[],not used,15.755,full_slate,,,,,
campaign,Proposed GP — campaign-only,ROUND_006,v2_d9aaefea702e,before_batch,historical_forward_refit,9.484494954956808,7.530888515649606,11.438101394264011,6.71715360996473,12.251836299948888,False,[],not used,28.4675,full_slate,,,,,
campaign,Proposed GP — campaign-only,ROUND_006,v2_ea8a9ce5fcb2,before_batch,historical_forward_refit,58.02741223949391,27.602327163913433,88.4524973150744,27.53926041200017,88.51556406698765,False,[],not used,48.9925,full_slate,,,,,
campaign,Proposed GP — campaign-only,ROUND_006,v2_13f1ff7a70b9,before_batch,historical_forward_refit,62.29423906817038,44.64439398934584,79.94408414699491,44.535899300430074,80.05257883591068,False,[],not used,53.7125,full_slate,,,,,
campaign,Proposed GP — campaign-only,ROUND_006,v2_b7e07e99afa8,before_batch,historical_forward_refit,36.2642484287425,1.7061600268851862,70.82233683059981,1.650622874770484,70.8778739827145,False,[],not used,40.6125,full_slate,,,,,
campaign,Proposed GP — campaign-only,ROUND_006,v2_4673547a29eb,before_batch,historical_forward_refit,37.84806401148332,6.33174190941283,69.3643861135538,6.2708545267701865,69.42527349619644,False,[],not used,6.8175,full_slate,,,,,
campaign,Proposed GP — campaign-only,ROUND_006,v2_fb629591d74c,before_batch,historical_forward_refit,59.359462254068326,38.43989777056685,80.27902673756981,38.34828003651148,80.37064447162517,False,[],not used,40.18,full_slate,,,,,
campaign,Proposed GP — campaign-only,ROUND_006,v2_b0c3376ad599,before_batch,historical_forward_refit,38.41620833333333,3.5896722473232288,73.24274441934344,3.5345625041846773,73.29785416248198,False,[],not used,24.755000000000003,full_slate,,,,,
campaign,Proposed GP — campaign-only,ROUND_006,v2_0edd7362eda9,before_batch,historical_forward_refit,38.41620833333334,3.589672247323236,73.24274441934344,3.5345625041846844,73.297854162482,False,[],not used,8.025,full_slate,,,,,
campaign,Proposed GP — campaign-only,ROUND_006,v2_9d3ceb7016d5,before_batch,historical_forward_refit,38.41620833333334,3.589672247323236,73.24274441934344,3.5345625041846844,73.297854162482,False,[],not used,10.6,full_slate,,,,,
campaign,Proposed GP — campaign-only,ROUND_006,v2_e579d58c9088,before_batch,historical_forward_refit,38.41604960447128,3.5895135190103886,73.24258568993218,3.5344037758709703,73.2976954330716,False,[],not used,8.125,full_slate,,,,,
campaign,Proposed GP — campaign-only,ROUND_006,v2_445849cbfa02,before_batch,historical_forward_refit,38.2928491360333,3.4664911876985443,73.11920708436804,3.4113811631176603,73.17431710894894,False,[],not used,10.96,full_slate,,,,,
campaign_noise,Proposed GP — campaign-only + fitted residual noise (matched comparison),ROUND_006,v2_88865d95334d,before_batch,historical_forward_refit,2.2484303238546843,-3.132405778242391,7.62926642595176,-5.407604003815455,9.904464651524822,False,[],not used,15.755,full_slate,,,,,
campaign_noise,Proposed GP — campaign-only + fitted residual noise (matched comparison),ROUND_006,v2_d9aaefea702e,before_batch,historical_forward_refit,10.68401374881578,5.368260014347245,15.999767483284312,3.07357997442759,18.29444752320397,False,[],not used,28.4675,full_slate,,,,,
campaign_noise,Proposed GP — campaign-only + fitted residual noise (matched comparison),ROUND_006,v2_ea8a9ce5fcb2,before_batch,historical_forward_refit,57.632173313819216,27.10429982532493,88.1600468023135,26.622295465005543,88.64205116263288,False,[],not used,48.9925,full_slate,,,,,
campaign_noise,Proposed GP — campaign-only + fitted residual noise (matched comparison),ROUND_006,v2_13f1ff7a70b9,before_batch,historical_forward_refit,62.21569421817202,44.125105655713114,80.30628278063092,43.32308034382945,81.10830809251459,False,[],not used,53.7125,full_slate,,,,,
campaign_noise,Proposed GP — campaign-only + fitted residual noise (matched comparison),ROUND_006,v2_b7e07e99afa8,before_batch,historical_forward_refit,36.32252151427224,1.7571246587161298,70.88791836982836,1.3306921215279883,71.31435090701649,False,[],not used,40.6125,full_slate,,,,,
campaign_noise,Proposed GP — campaign-only + fitted residual noise (matched comparison),ROUND_006,v2_4673547a29eb,before_batch,historical_forward_refit,37.82401286923959,6.236603207293335,69.41142253118585,5.7705276668400245,69.87749807163915,False,[],not used,6.8175,full_slate,,,,,
campaign_noise,Proposed GP — campaign-only + fitted residual noise (matched comparison),ROUND_006,v2_fb629591d74c,before_batch,historical_forward_refit,59.039160656754,37.73150970823768,80.34681160527032,37.04649248273199,81.031828830776,False,[],not used,40.18,full_slate,,,,,
campaign_noise,Proposed GP — campaign-only + fitted residual noise (matched comparison),ROUND_006,v2_b0c3376ad599,before_batch,historical_forward_refit,38.41620833333333,3.5896722473232288,73.24274441934344,3.1663986853508916,73.66601798131578,False,[],not used,24.755000000000003,full_slate,,,,,
campaign_noise,Proposed GP — campaign-only + fitted residual noise (matched comparison),ROUND_006,v2_0edd7362eda9,before_batch,historical_forward_refit,38.41620833333334,3.589672247323236,73.24274441934344,3.1663986853508987,73.66601798131578,False,[],not used,8.025,full_slate,,,,,
campaign_noise,Proposed GP — campaign-only + fitted residual noise (matched comparison),ROUND_006,v2_9d3ceb7016d5,before_batch,historical_forward_refit,38.41620833333334,3.589672247323236,73.24274441934344,3.1663986853508987,73.66601798131578,False,[],not used,10.6,full_slate,,,,,
campaign_noise,Proposed GP — campaign-only + fitted residual noise (matched comparison),ROUND_006,v2_e579d58c9088,before_batch,historical_forward_refit,38.41605290281078,3.5895168173384775,73.24258898828309,3.1662432553596744,73.66586255026189,False,[],not used,8.125,full_slate,,,,,
campaign_noise,Proposed GP — campaign-only + fitted residual noise (matched comparison),ROUND_006,v2_445849cbfa02,before_batch,historical_forward_refit,38.29529722036879,3.468936213376594,73.12165822736098,3.045660549075585,73.544933891662,False,[],not used,10.96,full_slate,,,,,
batch,Proposed GP — campaign-only + batch effect,ROUND_006,v2_88865d95334d,before_batch,historical_forward_refit,9.24027152564942,-4.6519924275985485,23.13253547889739,-4.686515531913889,23.16705858321273,False,[],not used,15.755,full_slate,,,,,
batch,Proposed GP — campaign-only + batch effect,ROUND_006,v2_d9aaefea702e,before_batch,historical_forward_refit,17.184097740308314,3.2928232101913864,31.07537227042524,3.258297653021577,31.10989782759505,False,[],not used,28.4675,full_slate,,,,,
batch,Proposed GP — campaign-only + batch effect,ROUND_006,v2_ea8a9ce5fcb2,before_batch,historical_forward_refit,56.562731032989376,23.86072667609043,89.26473538988833,23.846045856177263,89.2794162098015,False,[],not used,48.9925,full_slate,,,,,
batch,Proposed GP — campaign-only + batch effect,ROUND_006,v2_13f1ff7a70b9,before_batch,historical_forward_refit,68.08725588327285,46.242117547651304,89.93239421889439,46.22014658866232,89.95436517788337,False,[],not used,53.7125,full_slate,,,,,
batch,Proposed GP — campaign-only + batch effect,ROUND_006,v2_b7e07e99afa8,before_batch,historical_forward_refit,37.211039943828006,0.7275216197409833,73.69455826791503,0.7143618853526874,73.70771800230332,False,[],not used,40.6125,full_slate,,,,,
batch,Proposed GP — campaign-only + batch effect,ROUND_006,v2_4673547a29eb,before_batch,historical_forward_refit,39.78233080529515,5.98560796511736,73.57905364547295,5.971402472346419,73.5932591382439,False,[],not used,6.8175,full_slate,,,,,
batch,Proposed GP — campaign-only + batch effect,ROUND_006,v2_fb629591d74c,before_batch,historical_forward_refit,60.32287402665335,36.11710589943645,84.52864215387025,36.09727577545242,84.54847227785429,False,[],not used,40.18,full_slate,,,,,
batch,Proposed GP — campaign-only + batch effect,ROUND_006,v2_b0c3376ad599,before_batch,historical_forward_refit,38.41620833333334,1.6918468312083732,75.14056983545831,1.6787733692703384,75.15364329739634,False,[],not used,24.755000000000003,full_slate,,,,,
batch,Proposed GP — campaign-only + batch effect,ROUND_006,v2_0edd7362eda9,before_batch,historical_forward_refit,38.41620833333334,1.6918468312083732,75.14056983545831,1.6787733692703384,75.15364329739634,False,[],not used,8.025,full_slate,,,,,
batch,Proposed GP — campaign-only + batch effect,ROUND_006,v2_9d3ceb7016d5,before_batch,historical_forward_refit,38.41620833333334,1.6918468312083732,75.14056983545831,1.6787733692703384,75.15364329739634,False,[],not used,10.6,full_slate,,,,,
batch,Proposed GP — campaign-only + batch effect,ROUND_006,v2_e579d58c9088,before_batch,historical_forward_refit,38.41607083701987,1.6917093353937034,75.14043233864604,1.678635873455498,75.15350580058424,False,[],not used,8.125,full_slate,,,,,
batch,Proposed GP — campaign-only + batch effect,ROUND_006,v2_445849cbfa02,before_batch,historical_forward_refit,38.31626399747305,1.5920537985617855,75.04047419638431,1.578980282780449,75.05354771216565,False,[],not used,10.96,full_slate,,,,,
batch,Proposed GP — campaign-only + batch effect,ROUND_006,v2_ea8a9ce5fcb2,reference_conditioned,historical_forward_refit,62.95570784221518,31.79053389018631,94.12088179424406,31.77512947265605,94.13628621177432,False,"[""v2_88865d95334d"", ""v2_d9aaefea702e""]",not used,48.9925,matched_nonreference,,,,,
batch,Proposed GP — campaign-only + batch effect,ROUND_006,v2_13f1ff7a70b9,reference_conditioned,historical_forward_refit,76.22702396584978,58.484958154174535,93.96908977752504,58.45791314775268,93.99613478394689,False,"[""v2_88865d95334d"", ""v2_d9aaefea702e""]",not used,53.7125,matched_nonreference,,,,,
batch,Proposed GP — campaign-only + batch effect,ROUND_006,v2_b7e07e99afa8,reference_conditioned,historical_forward_refit,43.83126840648725,8.83719353875874,78.82534327421575,8.823473905145292,78.8390629078292,False,"[""v2_88865d95334d"", ""v2_d9aaefea702e""]",not used,40.6125,matched_nonreference,,,,,
batch,Proposed GP — campaign-only + batch effect,ROUND_006,v2_4673547a29eb,reference_conditioned,historical_forward_refit,46.324115717387905,14.090567623667,78.55766381110881,14.075673542451469,78.57255789232434,False,"[""v2_88865d95334d"", ""v2_d9aaefea702e""]",not used,6.8175,matched_nonreference,,,,,
batch,Proposed GP — campaign-only + batch effect,ROUND_006,v2_fb629591d74c,reference_conditioned,historical_forward_refit,66.95763420882261,45.07263572976137,88.84263268788385,45.0507047473825,88.86456367026273,False,"[""v2_88865d95334d"", ""v2_d9aaefea702e""]",not used,40.18,matched_nonreference,,,,,
batch,Proposed GP — campaign-only + batch effect,ROUND_006,v2_b0c3376ad599,reference_conditioned,historical_forward_refit,44.690024480329974,9.29045277690637,80.08959618375357,9.276890239121826,80.10315872153812,False,"[""v2_88865d95334d"", ""v2_d9aaefea702e""]",not used,24.755000000000003,matched_nonreference,,,,,
batch,Proposed GP — campaign-only + batch effect,ROUND_006,v2_0edd7362eda9,reference_conditioned,historical_forward_refit,44.690024480329974,9.29045277690637,80.08959618375357,9.276890239121826,80.10315872153812,False,"[""v2_88865d95334d"", ""v2_d9aaefea702e""]",not used,8.025,matched_nonreference,,,,,
batch,Proposed GP — campaign-only + batch effect,ROUND_006,v2_9d3ceb7016d5,reference_conditioned,historical_forward_refit,44.690024480329974,9.29045277690637,80.08959618375357,9.276890239121826,80.10315872153812,False,"[""v2_88865d95334d"", ""v2_d9aaefea702e""]",not used,10.6,matched_nonreference,,,,,
batch,Proposed GP — campaign-only + batch effect,ROUND_006,v2_e579d58c9088,reference_conditioned,historical_forward_refit,44.689889394309056,9.290318689111947,80.08946009950617,9.276756150945104,80.103022637673,False,"[""v2_88865d95334d"", ""v2_d9aaefea702e""]",not used,8.125,matched_nonreference,,,,,
batch,Proposed GP — campaign-only + batch effect,ROUND_006,v2_445849cbfa02,reference_conditioned,historical_forward_refit,44.599257121275336,9.20486538284272,79.99364885970795,9.191300860942732,80.00721338160794,False,"[""v2_88865d95334d"", ""v2_d9aaefea702e""]",not used,10.96,matched_nonreference,,,,,
batch,Proposed GP — campaign-only + batch effect,ROUND_006,v2_ea8a9ce5fcb2,before_batch,historical_forward_refit,56.562731032989376,23.86072667609043,89.26473538988833,23.846045856177263,89.2794162098015,False,"[""v2_88865d95334d"", ""v2_d9aaefea702e""]",not used,48.9925,matched_nonreference,,,,,
batch,Proposed GP — campaign-only + batch effect,ROUND_006,v2_13f1ff7a70b9,before_batch,historical_forward_refit,68.08725588327285,46.242117547651304,89.93239421889439,46.22014658866232,89.95436517788337,False,"[""v2_88865d95334d"", ""v2_d9aaefea702e""]",not used,53.7125,matched_nonreference,,,,,
batch,Proposed GP — campaign-only + batch effect,ROUND_006,v2_b7e07e99afa8,before_batch,historical_forward_refit,37.211039943828006,0.7275216197409833,73.69455826791503,0.7143618853526874,73.70771800230332,False,"[""v2_88865d95334d"", ""v2_d9aaefea702e""]",not used,40.6125,matched_nonreference,,,,,
batch,Proposed GP — campaign-only + batch effect,ROUND_006,v2_4673547a29eb,before_batch,historical_forward_refit,39.78233080529515,5.98560796511736,73.57905364547295,5.971402472346419,73.5932591382439,False,"[""v2_88865d95334d"", ""v2_d9aaefea702e""]",not used,6.8175,matched_nonreference,,,,,
batch,Proposed GP — campaign-only + batch effect,ROUND_006,v2_fb629591d74c,before_batch,historical_forward_refit,60.32287402665335,36.11710589943645,84.52864215387025,36.09727577545242,84.54847227785429,False,"[""v2_88865d95334d"", ""v2_d9aaefea702e""]",not used,40.18,matched_nonreference,,,,,
batch,Proposed GP — campaign-only + batch effect,ROUND_006,v2_b0c3376ad599,before_batch,historical_forward_refit,38.41620833333334,1.6918468312083732,75.14056983545831,1.6787733692703384,75.15364329739634,False,"[""v2_88865d95334d"", ""v2_d9aaefea702e""]",not used,24.755000000000003,matched_nonreference,,,,,
batch,Proposed GP — campaign-only + batch effect,ROUND_006,v2_0edd7362eda9,before_batch,historical_forward_refit,38.41620833333334,1.6918468312083732,75.14056983545831,1.6787733692703384,75.15364329739634,False,"[""v2_88865d95334d"", ""v2_d9aaefea702e""]",not used,8.025,matched_nonreference,,,,,
batch,Proposed GP — campaign-only + batch effect,ROUND_006,v2_9d3ceb7016d5,before_batch,historical_forward_refit,38.41620833333334,1.6918468312083732,75.14056983545831,1.6787733692703384,75.15364329739634,False,"[""v2_88865d95334d"", ""v2_d9aaefea702e""]",not used,10.6,matched_nonreference,,,,,
batch,Proposed GP — campaign-only + batch effect,ROUND_006,v2_e579d58c9088,before_batch,historical_forward_refit,38.41607083701987,1.6917093353937034,75.14043233864604,1.678635873455498,75.15350580058424,False,"[""v2_88865d95334d"", ""v2_d9aaefea702e""]",not used,8.125,matched_nonreference,,,,,
batch,Proposed GP — campaign-only + batch effect,ROUND_006,v2_445849cbfa02,before_batch,historical_forward_refit,38.31626399747305,1.5920537985617855,75.04047419638431,1.578980282780449,75.05354771216565,False,"[""v2_88865d95334d"", ""v2_d9aaefea702e""]",not used,10.96,matched_nonreference,,,,,
control,Proposed GP — campaign-only + batch effect + control calibration,ROUND_006,v2_88865d95334d,before_batch,historical_forward_refit,9.24027152564942,-4.6519924275985485,23.13253547889739,-4.686515531913889,23.16705858321273,False,[],insufficient reference history; prior-sensitive,15.755,full_slate,,,,,
control,Proposed GP — campaign-only + batch effect + control calibration,ROUND_006,v2_d9aaefea702e,before_batch,historical_forward_refit,17.184097740308314,3.2928232101913864,31.07537227042524,3.258297653021577,31.10989782759505,False,[],insufficient reference history; prior-sensitive,28.4675,full_slate,,,,,
control,Proposed GP — campaign-only + batch effect + control calibration,ROUND_006,v2_ea8a9ce5fcb2,before_batch,historical_forward_refit,56.562731032989376,23.86072667609043,89.26473538988833,23.846045856177263,89.2794162098015,False,[],insufficient reference history; prior-sensitive,48.9925,full_slate,,,,,
control,Proposed GP — campaign-only + batch effect + control calibration,ROUND_006,v2_13f1ff7a70b9,before_batch,historical_forward_refit,68.08725588327285,46.242117547651304,89.93239421889439,46.22014658866232,89.95436517788337,False,[],insufficient reference history; prior-sensitive,53.7125,full_slate,,,,,
control,Proposed GP — campaign-only + batch effect + control calibration,ROUND_006,v2_b7e07e99afa8,before_batch,historical_forward_refit,37.211039943828006,0.7275216197409833,73.69455826791503,0.7143618853526874,73.70771800230332,False,[],insufficient reference history; prior-sensitive,40.6125,full_slate,,,,,
control,Proposed GP — campaign-only + batch effect + control calibration,ROUND_006,v2_4673547a29eb,before_batch,historical_forward_refit,39.78233080529515,5.98560796511736,73.57905364547295,5.971402472346419,73.5932591382439,False,[],insufficient reference history; prior-sensitive,6.8175,full_slate,,,,,
control,Proposed GP — campaign-only + batch effect + control calibration,ROUND_006,v2_fb629591d74c,before_batch,historical_forward_refit,60.32287402665335,36.11710589943645,84.52864215387025,36.09727577545242,84.54847227785429,False,[],insufficient reference history; prior-sensitive,40.18,full_slate,,,,,
control,Proposed GP — campaign-only + batch effect + control calibration,ROUND_006,v2_b0c3376ad599,before_batch,historical_forward_refit,38.41620833333334,1.6918468312083732,75.14056983545831,1.6787733692703384,75.15364329739634,False,[],insufficient reference history; prior-sensitive,24.755000000000003,full_slate,,,,,
control,Proposed GP — campaign-only + batch effect + control calibration,ROUND_006,v2_0edd7362eda9,before_batch,historical_forward_refit,38.41620833333334,1.6918468312083732,75.14056983545831,1.6787733692703384,75.15364329739634,False,[],insufficient reference history; prior-sensitive,8.025,full_slate,,,,,
control,Proposed GP — campaign-only + batch effect + control calibration,ROUND_006,v2_9d3ceb7016d5,before_batch,historical_forward_refit,38.41620833333334,1.6918468312083732,75.14056983545831,1.6787733692703384,75.15364329739634,False,[],insufficient reference history; prior-sensitive,10.6,full_slate,,,,,
control,Proposed GP — campaign-only + batch effect + control calibration,ROUND_006,v2_e579d58c9088,before_batch,historical_forward_refit,38.41607083701987,1.6917093353937034,75.14043233864604,1.678635873455498,75.15350580058424,False,[],insufficient reference history; prior-sensitive,8.125,full_slate,,,,,
control,Proposed GP — campaign-only + batch effect + control calibration,ROUND_006,v2_445849cbfa02,before_batch,historical_forward_refit,38.31626399747305,1.5920537985617855,75.04047419638431,1.578980282780449,75.05354771216565,False,[],insufficient reference history; prior-sensitive,10.96,full_slate,,,,,
control,Proposed GP — campaign-only + batch effect + control calibration,ROUND_006,v2_ea8a9ce5fcb2,reference_conditioned,historical_forward_refit,62.95570784221518,31.79053389018631,94.12088179424406,31.77512947265605,94.13628621177432,False,"[""v2_88865d95334d"", ""v2_d9aaefea702e""]",insufficient reference history; prior-sensitive,48.9925,matched_nonreference,,,,,
control,Proposed GP — campaign-only + batch effect + control calibration,ROUND_006,v2_13f1ff7a70b9,reference_conditioned,historical_forward_refit,76.22702396584978,58.484958154174535,93.96908977752504,58.45791314775268,93.99613478394689,False,"[""v2_88865d95334d"", ""v2_d9aaefea702e""]",insufficient reference history; prior-sensitive,53.7125,matched_nonreference,,,,,
control,Proposed GP — campaign-only + batch effect + control calibration,ROUND_006,v2_b7e07e99afa8,reference_conditioned,historical_forward_refit,43.83126840648725,8.83719353875874,78.82534327421575,8.823473905145292,78.8390629078292,False,"[""v2_88865d95334d"", ""v2_d9aaefea702e""]",insufficient reference history; prior-sensitive,40.6125,matched_nonreference,,,,,
control,Proposed GP — campaign-only + batch effect + control calibration,ROUND_006,v2_4673547a29eb,reference_conditioned,historical_forward_refit,46.324115717387905,14.090567623667,78.55766381110881,14.075673542451469,78.57255789232434,False,"[""v2_88865d95334d"", ""v2_d9aaefea702e""]",insufficient reference history; prior-sensitive,6.8175,matched_nonreference,,,,,
control,Proposed GP — campaign-only + batch effect + control calibration,ROUND_006,v2_fb629591d74c,reference_conditioned,historical_forward_refit,66.95763420882261,45.07263572976137,88.84263268788385,45.0507047473825,88.86456367026273,False,"[""v2_88865d95334d"", ""v2_d9aaefea702e""]",insufficient reference history; prior-sensitive,40.18,matched_nonreference,,,,,
control,Proposed GP — campaign-only + batch effect + control calibration,ROUND_006,v2_b0c3376ad599,reference_conditioned,historical_forward_refit,44.690024480329974,9.29045277690637,80.08959618375357,9.276890239121826,80.10315872153812,False,"[""v2_88865d95334d"", ""v2_d9aaefea702e""]",insufficient reference history; prior-sensitive,24.755000000000003,matched_nonreference,,,,,
control,Proposed GP — campaign-only + batch effect + control calibration,ROUND_006,v2_0edd7362eda9,reference_conditioned,historical_forward_refit,44.690024480329974,9.29045277690637,80.08959618375357,9.276890239121826,80.10315872153812,False,"[""v2_88865d95334d"", ""v2_d9aaefea702e""]",insufficient reference history; prior-sensitive,8.025,matched_nonreference,,,,,
control,Proposed GP — campaign-only + batch effect + control calibration,ROUND_006,v2_9d3ceb7016d5,reference_conditioned,historical_forward_refit,44.690024480329974,9.29045277690637,80.08959618375357,9.276890239121826,80.10315872153812,False,"[""v2_88865d95334d"", ""v2_d9aaefea702e""]",insufficient reference history; prior-sensitive,10.6,matched_nonreference,,,,,
control,Proposed GP — campaign-only + batch effect + control calibration,ROUND_006,v2_e579d58c9088,reference_conditioned,historical_forward_refit,44.689889394309056,9.290318689111947,80.08946009950617,9.276756150945104,80.103022637673,False,"[""v2_88865d95334d"", ""v2_d9aaefea702e""]",insufficient reference history; prior-sensitive,8.125,matched_nonreference,,,,,
control,Proposed GP — campaign-only + batch effect + control calibration,ROUND_006,v2_445849cbfa02,reference_conditioned,historical_forward_refit,44.599257121275336,9.20486538284272,79.99364885970795,9.191300860942732,80.00721338160794,False,"[""v2_88865d95334d"", ""v2_d9aaefea702e""]",insufficient reference history; prior-sensitive,10.96,matched_nonreference,,,,,
control,Proposed GP — campaign-only + batch effect + control calibration,ROUND_006,v2_ea8a9ce5fcb2,before_batch,historical_forward_refit,56.562731032989376,23.86072667609043,89.26473538988833,23.846045856177263,89.2794162098015,False,"[""v2_88865d95334d"", ""v2_d9aaefea702e""]",insufficient reference history; prior-sensitive,48.9925,matched_nonreference,,,,,
control,Proposed GP — campaign-only + batch effect + control calibration,ROUND_006,v2_13f1ff7a70b9,before_batch,historical_forward_refit,68.08725588327285,46.242117547651304,89.93239421889439,46.22014658866232,89.95436517788337,False,"[""v2_88865d95334d"", ""v2_d9aaefea702e""]",insufficient reference history; prior-sensitive,53.7125,matched_nonreference,,,,,
control,Proposed GP — campaign-only + batch effect + control calibration,ROUND_006,v2_b7e07e99afa8,before_batch,historical_forward_refit,37.211039943828006,0.7275216197409833,73.69455826791503,0.7143618853526874,73.70771800230332,False,"[""v2_88865d95334d"", ""v2_d9aaefea702e""]",insufficient reference history; prior-sensitive,40.6125,matched_nonreference,,,,,
control,Proposed GP — campaign-only + batch effect + control calibration,ROUND_006,v2_4673547a29eb,before_batch,historical_forward_refit,39.78233080529515,5.98560796511736,73.57905364547295,5.971402472346419,73.5932591382439,False,"[""v2_88865d95334d"", ""v2_d9aaefea702e""]",insufficient reference history; prior-sensitive,6.8175,matched_nonreference,,,,,
control,Proposed GP — campaign-only + batch effect + control calibration,ROUND_006,v2_fb629591d74c,before_batch,historical_forward_refit,60.32287402665335,36.11710589943645,84.52864215387025,36.09727577545242,84.54847227785429,False,"[""v2_88865d95334d"", ""v2_d9aaefea702e""]",insufficient reference history; prior-sensitive,40.18,matched_nonreference,,,,,
control,Proposed GP — campaign-only + batch effect + control calibration,ROUND_006,v2_b0c3376ad599,before_batch,historical_forward_refit,38.41620833333334,1.6918468312083732,75.14056983545831,1.6787733692703384,75.15364329739634,False,"[""v2_88865d95334d"", ""v2_d9aaefea702e""]",insufficient reference history; prior-sensitive,24.755000000000003,matched_nonreference,,,,,
control,Proposed GP — campaign-only + batch effect + control calibration,ROUND_006,v2_0edd7362eda9,before_batch,historical_forward_refit,38.41620833333334,1.6918468312083732,75.14056983545831,1.6787733692703384,75.15364329739634,False,"[""v2_88865d95334d"", ""v2_d9aaefea702e""]",insufficient reference history; prior-sensitive,8.025,matched_nonreference,,,,,
control,Proposed GP — campaign-only + batch effect + control calibration,ROUND_006,v2_9d3ceb7016d5,before_batch,historical_forward_refit,38.41620833333334,1.6918468312083732,75.14056983545831,1.6787733692703384,75.15364329739634,False,"[""v2_88865d95334d"", ""v2_d9aaefea702e""]",insufficient reference history; prior-sensitive,10.6,matched_nonreference,,,,,
control,Proposed GP — campaign-only + batch effect + control calibration,ROUND_006,v2_e579d58c9088,before_batch,historical_forward_refit,38.41607083701987,1.6917093353937034,75.14043233864604,1.678635873455498,75.15350580058424,False,"[""v2_88865d95334d"", ""v2_d9aaefea702e""]",insufficient reference history; prior-sensitive,8.125,matched_nonreference,,,,,
control,Proposed GP — campaign-only + batch effect + control calibration,ROUND_006,v2_445849cbfa02,before_batch,historical_forward_refit,38.31626399747305,1.5920537985617855,75.04047419638431,1.578980282780449,75.05354771216565,False,"[""v2_88865d95334d"", ""v2_d9aaefea702e""]",insufficient reference history; prior-sensitive,10.96,matched_nonreference,,,,,
current,Current GP,ROUND_007,v2_6fb2fa9dc5d5,before_batch,historical_forward_refit,57.355190267326215,55.44112309077796,59.26925744387447,54.61561855694165,60.09476197771078,False,[],not used,49.37,full_slate,,,,,
current,Current GP,ROUND_007,v2_e579d58c9088,before_batch,historical_forward_refit,8.19963504453358,6.2411862719055105,10.158083817161648,5.428873128560215,10.970396960506942,False,[],not used,13.4225,full_slate,,,,,
current,Current GP,ROUND_007,v2_c0858ec7c2c6,before_batch,historical_forward_refit,24.04574576690738,8.741835216990403,39.34965631682436,8.616835302462388,39.47465623135237,False,[],not used,24.2275,full_slate,,,,,
current,Current GP,ROUND_007,v2_d880ac9c9187,before_batch,historical_forward_refit,16.385515239146322,5.20551230038263,27.565518177910015,5.0350057479047585,27.73602473038789,False,[],not used,21.47,full_slate,,,,,
current,Current GP,ROUND_007,v2_6f20e63adb1d,before_batch,historical_forward_refit,72.85715937304022,61.188619056840835,84.5256996892396,61.02515053638148,84.68916820969896,False,[],not used,48.9975,full_slate,,,,,
current,Current GP,ROUND_007,v2_7371aa062562,before_batch,historical_forward_refit,53.46533855811322,4.444367198294209,102.48630991793225,4.4051996155847775,102.52547750064166,False,[],not used,50.095,full_slate,,,,,
current,Current GP,ROUND_007,v2_655dce03a47b,before_batch,historical_forward_refit,63.38702541552693,40.330715541989534,86.44333528906432,40.24755642886741,86.52649440218644,False,[],not used,57.5075,full_slate,,,,,
current,Current GP,ROUND_007,v2_724742f4ebc1,before_batch,historical_forward_refit,55.291849091438266,6.058455814359846,104.52524236851669,6.019457089674539,104.564241093202,False,[],not used,12.6675,full_slate,,,,,
current,Current GP,ROUND_007,v2_adfd2284b7fb,before_batch,historical_forward_refit,55.2919621749409,6.05856889776144,104.52535545212037,6.019570173076211,104.56435417680558,False,[],not used,8.127500000000001,full_slate,,,,,
current,Current GP,ROUND_007,v2_a1a1ae0b19bb,before_batch,historical_forward_refit,55.29187317348515,6.05847989636171,104.5252664506086,6.019481171676432,104.56426517529388,False,[],not used,13.4975,full_slate,,,,,
current,Current GP,ROUND_007,v2_acaa3c7de271,before_batch,historical_forward_refit,55.27171453577311,6.038329167218592,104.50509990432762,5.999330436273745,104.54409863527246,False,[],not used,21.485,full_slate,,,,,
current,Current GP,ROUND_007,v2_2df18f043f0c,before_batch,historical_forward_refit,55.2919621749409,6.05856889776144,104.52535545212037,6.019570173076211,104.56435417680558,False,[],not used,5.9925,full_slate,,,,,
campaign,Proposed GP — campaign-only,ROUND_007,v2_6fb2fa9dc5d5,before_batch,historical_forward_refit,58.189646017486865,56.235720204325126,60.14357183064861,55.42207920106856,60.957212833905174,False,[],not used,49.37,full_slate,,,,,
campaign,Proposed GP — campaign-only,ROUND_007,v2_e579d58c9088,before_batch,historical_forward_refit,8.2084725522731,6.251394908515277,10.165550196030924,5.438679617106886,10.978265487439316,False,[],not used,13.4225,full_slate,,,,,
campaign,Proposed GP — campaign-only,ROUND_007,v2_c0858ec7c2c6,before_batch,historical_forward_refit,36.91564527179932,22.114887867118668,51.71640267647997,21.98567475099088,51.84561579260776,False,[],not used,24.2275,full_slate,,,,,
campaign,Proposed GP — campaign-only,ROUND_007,v2_d880ac9c9187,before_batch,historical_forward_refit,26.27563007029036,15.16881733419392,37.382442806386806,14.99720424242262,37.554055898158104,False,[],not used,21.47,full_slate,,,,,
campaign,Proposed GP — campaign-only,ROUND_007,v2_6f20e63adb1d,before_batch,historical_forward_refit,59.12224838870185,41.62217865964546,76.62231811775823,41.51276115818217,76.73173561922152,False,[],not used,48.9975,full_slate,,,,,
campaign,Proposed GP — campaign-only,ROUND_007,v2_7371aa062562,before_batch,historical_forward_refit,36.42502020583684,0.5840456430390617,72.26599476863461,0.5304933582641382,72.31954705340954,False,[],not used,50.095,full_slate,,,,,
campaign,Proposed GP — campaign-only,ROUND_007,v2_655dce03a47b,before_batch,historical_forward_refit,59.67048492748037,38.99219256687148,80.34877728808927,38.89951058945722,80.44145926550352,False,[],not used,57.5075,full_slate,,,,,
campaign,Proposed GP — campaign-only,ROUND_007,v2_724742f4ebc1,before_batch,historical_forward_refit,36.04112243517274,0.190494522583009,71.89175034776247,0.13695663610482,71.94528823424065,False,[],not used,12.6675,full_slate,,,,,
campaign,Proposed GP — campaign-only,ROUND_007,v2_adfd2284b7fb,before_batch,historical_forward_refit,36.13854166666667,0.2868878569214459,71.99019547641188,0.233351500148693,72.04373183318464,False,[],not used,8.127500000000001,full_slate,,,,,
campaign,Proposed GP — campaign-only,ROUND_007,v2_a1a1ae0b19bb,before_batch,historical_forward_refit,36.08248144560623,0.2309450014702392,71.93401788974222,0.1774084696991806,71.98755442151327,False,[],not used,13.4975,full_slate,,,,,
campaign,Proposed GP — campaign-only,ROUND_007,v2_acaa3c7de271,before_batch,historical_forward_refit,36.13596747219463,0.2851273954298321,71.98680754895943,0.231589825314785,72.04034511907447,False,[],not used,21.485,full_slate,,,,,
campaign,Proposed GP — campaign-only,ROUND_007,v2_2df18f043f0c,before_batch,historical_forward_refit,36.13854166666667,0.2868878569214459,71.99019547641188,0.233351500148693,72.04373183318464,False,[],not used,5.9925,full_slate,,,,,
campaign_noise,Proposed GP — campaign-only + fitted residual noise (matched comparison),ROUND_007,v2_6fb2fa9dc5d5,before_batch,historical_forward_refit,53.16646911735484,41.253229264995184,65.0797089697145,35.20550757068473,71.12743066402496,False,[],not used,49.37,full_slate,,,,,
campaign_noise,Proposed GP — campaign-only + fitted residual noise (matched comparison),ROUND_007,v2_e579d58c9088,before_batch,historical_forward_refit,11.577226631059222,-1.008679611960147,24.163132874078592,-6.836786833125771,29.991240095244216,False,[],not used,13.4225,full_slate,,,,,
campaign_noise,Proposed GP — campaign-only + fitted residual noise (matched comparison),ROUND_007,v2_c0858ec7c2c6,before_batch,historical_forward_refit,35.882385879268654,18.069003974193027,53.69576778434429,13.566753896347173,58.198017862190135,False,[],not used,24.2275,full_slate,,,,,
campaign_noise,Proposed GP — campaign-only + fitted residual noise (matched comparison),ROUND_007,v2_d880ac9c9187,before_batch,historical_forward_refit,27.097130017970187,13.02833237768159,41.16592765825878,7.639434292512295,46.55482574342808,False,[],not used,21.47,full_slate,,,,,
campaign_noise,Proposed GP — campaign-only + fitted residual noise (matched comparison),ROUND_007,v2_6f20e63adb1d,before_batch,historical_forward_refit,55.70041058582672,33.71217154252534,77.6886496291281,29.929234591579284,81.47158658007415,False,[],not used,48.9975,full_slate,,,,,
campaign_noise,Proposed GP — campaign-only + fitted residual noise (matched comparison),ROUND_007,v2_7371aa062562,before_batch,historical_forward_refit,36.39416765054765,0.551933831792006,72.2364014693033,-1.8855473564826823,74.67388265757799,False,[],not used,50.095,full_slate,,,,,
campaign_noise,Proposed GP — campaign-only + fitted residual noise (matched comparison),ROUND_007,v2_655dce03a47b,before_batch,historical_forward_refit,58.03069650327363,35.126814052689376,80.93457895385788,31.473989493343097,84.58740351320417,False,[],not used,57.5075,full_slate,,,,,
campaign_noise,Proposed GP — campaign-only + fitted residual noise (matched comparison),ROUND_007,v2_724742f4ebc1,before_batch,historical_forward_refit,36.05689543582383,0.206205680876323,71.90758519077134,-2.2307371862985548,74.34452805794622,False,[],not used,12.6675,full_slate,,,,,
campaign_noise,Proposed GP — campaign-only + fitted residual noise (matched comparison),ROUND_007,v2_adfd2284b7fb,before_batch,historical_forward_refit,36.13854166666667,0.2868878569214459,71.99019547641188,-2.1499936512967466,74.42707698463008,False,[],not used,8.127500000000001,full_slate,,,,,
campaign_noise,Proposed GP — campaign-only + fitted residual noise (matched comparison),ROUND_007,v2_a1a1ae0b19bb,before_batch,historical_forward_refit,36.09287122565229,0.2413240789173727,71.9444183723872,-2.1955642179078083,74.38130666921239,False,[],not used,13.4975,full_slate,,,,,
campaign_noise,Proposed GP — campaign-only + fitted residual noise (matched comparison),ROUND_007,v2_acaa3c7de271,before_batch,historical_forward_refit,36.13597011433336,0.2850320271553954,71.98690820151133,-2.1518950341935295,74.42383526286025,False,[],not used,21.485,full_slate,,,,,
campaign_noise,Proposed GP — campaign-only + fitted residual noise (matched comparison),ROUND_007,v2_2df18f043f0c,before_batch,historical_forward_refit,36.13854166666667,0.2868878569214459,71.99019547641188,-2.1499936512967466,74.42707698463008,False,[],not used,5.9925,full_slate,,,,,
batch,Proposed GP — campaign-only + batch effect,ROUND_007,v2_6fb2fa9dc5d5,before_batch,historical_forward_refit,60.55912419739222,40.69147341188603,80.42677498289842,39.77952111174646,81.33872728303798,False,[],not used,49.37,full_slate,,,,,
batch,Proposed GP — campaign-only + batch effect,ROUND_007,v2_e579d58c9088,before_batch,historical_forward_refit,13.266365498242568,-6.3319253827745285,32.864656379259664,-7.255850807973282,33.78858180445842,False,[],not used,13.4225,full_slate,,,,,
batch,Proposed GP — campaign-only + batch effect,ROUND_007,v2_c0858ec7c2c6,before_batch,historical_forward_refit,53.42438191014385,28.86594400558944,77.98281981469826,28.12249998460304,78.72626383568466,False,[],not used,24.2275,full_slate,,,,,
batch,Proposed GP — campaign-only + batch effect,ROUND_007,v2_d880ac9c9187,before_batch,historical_forward_refit,40.50849688995457,18.29802522297451,62.718968556934634,17.47865954072698,63.53833423918216,False,[],not used,21.47,full_slate,,,,,
batch,Proposed GP — campaign-only + batch effect,ROUND_007,v2_6f20e63adb1d,before_batch,historical_forward_refit,74.54201419079874,48.18168523666682,100.90234314493064,47.48771140487946,101.596316976718,False,[],not used,48.9975,full_slate,,,,,
batch,Proposed GP — campaign-only + batch effect,ROUND_007,v2_7371aa062562,before_batch,historical_forward_refit,36.241274996149706,-3.6037079895922304,76.08625798189163,-4.066181209820648,76.54873120212005,False,[],not used,50.095,full_slate,,,,,
batch,Proposed GP — campaign-only + batch effect,ROUND_007,v2_655dce03a47b,before_batch,historical_forward_refit,56.54510386785722,28.503163284788418,84.58704445092603,27.84982919890667,85.24037853680778,False,[],not used,57.5075,full_slate,,,,,
batch,Proposed GP — campaign-only + batch effect,ROUND_007,v2_724742f4ebc1,before_batch,historical_forward_refit,36.01892171924281,-3.833937274949186,75.87178071343482,-4.296320146249002,76.33416358473463,False,[],not used,12.6675,full_slate,,,,,
batch,Proposed GP — campaign-only + batch effect,ROUND_007,v2_adfd2284b7fb,before_batch,historical_forward_refit,36.13854166666667,-3.715164097205701,75.99224743053904,-4.177537256952235,76.45462059028557,False,[],not used,8.127500000000001,full_slate,,,,,
batch,Proposed GP — campaign-only + batch effect,ROUND_007,v2_a1a1ae0b19bb,before_batch,historical_forward_refit,36.08967389813814,-3.763941308707601,75.94328910498388,-4.226315507028147,76.40566330330442,False,[],not used,13.4975,full_slate,,,,,
batch,Proposed GP — campaign-only + batch effect,ROUND_007,v2_acaa3c7de271,before_batch,historical_forward_refit,36.12665378021085,-3.726368410022737,75.97967597044445,-4.188749409604881,76.44205697002658,False,[],not used,21.485,full_slate,,,,,
batch,Proposed GP — campaign-only + batch effect,ROUND_007,v2_2df18f043f0c,before_batch,historical_forward_refit,36.13854166666667,-3.715164097205701,75.99224743053904,-4.177537256952235,76.45462059028557,False,[],not used,5.9925,full_slate,,,,,
batch,Proposed GP — campaign-only + batch effect,ROUND_007,v2_c0858ec7c2c6,reference_conditioned,historical_forward_refit,50.249897035075065,32.80025931759145,67.69953475255869,31.768603434961975,68.73119063518816,False,"[""v2_6fb2fa9dc5d5"", ""v2_e579d58c9088""]",not used,24.2275,matched_nonreference,,,,,
batch,Proposed GP — campaign-only + batch effect,ROUND_007,v2_d880ac9c9187,reference_conditioned,historical_forward_refit,37.161405810958456,23.307901144504683,51.01491047741223,22.02905806827125,52.29375355364566,False,"[""v2_6fb2fa9dc5d5"", ""v2_e579d58c9088""]",not used,21.47,matched_nonreference,,,,,
batch,Proposed GP — campaign-only + batch effect,ROUND_007,v2_6f20e63adb1d,reference_conditioned,historical_forward_refit,69.70627815088937,49.42302920052611,89.98952710125263,48.528966124936545,90.8835901768422,False,"[""v2_6fb2fa9dc5d5"", ""v2_e579d58c9088""]",not used,48.9975,matched_nonreference,,,,,
batch,Proposed GP — campaign-only + batch effect,ROUND_007,v2_7371aa062562,reference_conditioned,historical_forward_refit,32.00372092948656,-4.626659566306849,68.63410142527997,-5.129190778710466,69.13663263768359,False,"[""v2_6fb2fa9dc5d5"", ""v2_e579d58c9088""]",not used,50.095,matched_nonreference,,,,,
batch,Proposed GP — campaign-only + batch effect,ROUND_007,v2_655dce03a47b,reference_conditioned,historical_forward_refit,52.196139161740334,29.154797333723337,75.23748098975733,28.363980428262582,76.02829789521809,False,"[""v2_6fb2fa9dc5d5"", ""v2_e579d58c9088""]",not used,57.5075,matched_nonreference,,,,,
batch,Proposed GP — campaign-only + batch effect,ROUND_007,v2_724742f4ebc1,reference_conditioned,historical_forward_refit,31.78830124926079,-4.850221350602062,68.42682384912365,-5.352642397378219,68.9292448958998,False,"[""v2_6fb2fa9dc5d5"", ""v2_e579d58c9088""]",not used,12.6675,matched_nonreference,,,,,
batch,Proposed GP — campaign-only + batch effect,ROUND_007,v2_adfd2284b7fb,reference_conditioned,historical_forward_refit,31.90280137321022,-4.742388666144993,68.54799141256544,-5.244719535763135,69.05032228218357,False,"[""v2_6fb2fa9dc5d5"", ""v2_e579d58c9088""]",not used,8.127500000000001,matched_nonreference,,,,,
batch,Proposed GP — campaign-only + batch effect,ROUND_007,v2_a1a1ae0b19bb,reference_conditioned,historical_forward_refit,31.853338556896436,-4.788190002503729,68.4948671162966,-5.290570389679065,68.99724750347194,False,"[""v2_6fb2fa9dc5d5"", ""v2_e579d58c9088""]",not used,13.4975,matched_nonreference,,,,,
batch,Proposed GP — campaign-only + batch effect,ROUND_007,v2_acaa3c7de271,reference_conditioned,historical_forward_refit,31.890160529216985,-4.7533906425130965,68.53371170094707,-5.255743674845064,69.03606473327903,False,"[""v2_6fb2fa9dc5d5"", ""v2_e579d58c9088""]",not used,21.485,matched_nonreference,,,,,
batch,Proposed GP — campaign-only + batch effect,ROUND_007,v2_2df18f043f0c,reference_conditioned,historical_forward_refit,31.90280137321022,-4.742388666144993,68.54799141256544,-5.244719535763135,69.05032228218357,False,"[""v2_6fb2fa9dc5d5"", ""v2_e579d58c9088""]",not used,5.9925,matched_nonreference,,,,,
batch,Proposed GP — campaign-only + batch effect,ROUND_007,v2_c0858ec7c2c6,before_batch,historical_forward_refit,53.42438191014385,28.86594400558944,77.98281981469826,28.12249998460304,78.72626383568466,False,"[""v2_6fb2fa9dc5d5"", ""v2_e579d58c9088""]",not used,24.2275,matched_nonreference,,,,,
batch,Proposed GP — campaign-only + batch effect,ROUND_007,v2_d880ac9c9187,before_batch,historical_forward_refit,40.50849688995457,18.29802522297451,62.718968556934634,17.47865954072698,63.53833423918216,False,"[""v2_6fb2fa9dc5d5"", ""v2_e579d58c9088""]",not used,21.47,matched_nonreference,,,,,
batch,Proposed GP — campaign-only + batch effect,ROUND_007,v2_6f20e63adb1d,before_batch,historical_forward_refit,74.54201419079874,48.18168523666682,100.90234314493064,47.48771140487946,101.596316976718,False,"[""v2_6fb2fa9dc5d5"", ""v2_e579d58c9088""]",not used,48.9975,matched_nonreference,,,,,
batch,Proposed GP — campaign-only + batch effect,ROUND_007,v2_7371aa062562,before_batch,historical_forward_refit,36.241274996149706,-3.6037079895922304,76.08625798189163,-4.066181209820648,76.54873120212005,False,"[""v2_6fb2fa9dc5d5"", ""v2_e579d58c9088""]",not used,50.095,matched_nonreference,,,,,
batch,Proposed GP — campaign-only + batch effect,ROUND_007,v2_655dce03a47b,before_batch,historical_forward_refit,56.54510386785722,28.503163284788418,84.58704445092603,27.84982919890667,85.24037853680778,False,"[""v2_6fb2fa9dc5d5"", ""v2_e579d58c9088""]",not used,57.5075,matched_nonreference,,,,,
batch,Proposed GP — campaign-only + batch effect,ROUND_007,v2_724742f4ebc1,before_batch,historical_forward_refit,36.01892171924281,-3.833937274949186,75.87178071343482,-4.296320146249002,76.33416358473463,False,"[""v2_6fb2fa9dc5d5"", ""v2_e579d58c9088""]",not used,12.6675,matched_nonreference,,,,,
batch,Proposed GP — campaign-only + batch effect,ROUND_007,v2_adfd2284b7fb,before_batch,historical_forward_refit,36.13854166666667,-3.715164097205701,75.99224743053904,-4.177537256952235,76.45462059028557,False,"[""v2_6fb2fa9dc5d5"", ""v2_e579d58c9088""]",not used,8.127500000000001,matched_nonreference,,,,,
batch,Proposed GP — campaign-only + batch effect,ROUND_007,v2_a1a1ae0b19bb,before_batch,historical_forward_refit,36.08967389813814,-3.763941308707601,75.94328910498388,-4.226315507028147,76.40566330330442,False,"[""v2_6fb2fa9dc5d5"", ""v2_e579d58c9088""]",not used,13.4975,matched_nonreference,,,,,
batch,Proposed GP — campaign-only + batch effect,ROUND_007,v2_acaa3c7de271,before_batch,historical_forward_refit,36.12665378021085,-3.726368410022737,75.97967597044445,-4.188749409604881,76.44205697002658,False,"[""v2_6fb2fa9dc5d5"", ""v2_e579d58c9088""]",not used,21.485,matched_nonreference,,,,,
batch,Proposed GP — campaign-only + batch effect,ROUND_007,v2_2df18f043f0c,before_batch,historical_forward_refit,36.13854166666667,-3.715164097205701,75.99224743053904,-4.177537256952235,76.45462059028557,False,"[""v2_6fb2fa9dc5d5"", ""v2_e579d58c9088""]",not used,5.9925,matched_nonreference,,,,,
control,Proposed GP — campaign-only + batch effect + control calibration,ROUND_007,v2_6fb2fa9dc5d5,before_batch,historical_forward_refit,60.55912419739222,40.69147341188603,80.42677498289842,39.77952111174646,81.33872728303798,False,[],insufficient reference history; prior-sensitive,49.37,full_slate,,,,,
control,Proposed GP — campaign-only + batch effect + control calibration,ROUND_007,v2_e579d58c9088,before_batch,historical_forward_refit,13.266365498242568,-6.3319253827745285,32.864656379259664,-7.255850807973282,33.78858180445842,False,[],insufficient reference history; prior-sensitive,13.4225,full_slate,,,,,
control,Proposed GP — campaign-only + batch effect + control calibration,ROUND_007,v2_c0858ec7c2c6,before_batch,historical_forward_refit,53.42438191014385,28.86594400558944,77.98281981469826,28.12249998460304,78.72626383568466,False,[],insufficient reference history; prior-sensitive,24.2275,full_slate,,,,,
control,Proposed GP — campaign-only + batch effect + control calibration,ROUND_007,v2_d880ac9c9187,before_batch,historical_forward_refit,40.50849688995457,18.29802522297451,62.718968556934634,17.47865954072698,63.53833423918216,False,[],insufficient reference history; prior-sensitive,21.47,full_slate,,,,,
control,Proposed GP — campaign-only + batch effect + control calibration,ROUND_007,v2_6f20e63adb1d,before_batch,historical_forward_refit,74.54201419079874,48.18168523666682,100.90234314493064,47.48771140487946,101.596316976718,False,[],insufficient reference history; prior-sensitive,48.9975,full_slate,,,,,
control,Proposed GP — campaign-only + batch effect + control calibration,ROUND_007,v2_7371aa062562,before_batch,historical_forward_refit,36.241274996149706,-3.6037079895922304,76.08625798189163,-4.066181209820648,76.54873120212005,False,[],insufficient reference history; prior-sensitive,50.095,full_slate,,,,,
control,Proposed GP — campaign-only + batch effect + control calibration,ROUND_007,v2_655dce03a47b,before_batch,historical_forward_refit,56.54510386785722,28.503163284788418,84.58704445092603,27.84982919890667,85.24037853680778,False,[],insufficient reference history; prior-sensitive,57.5075,full_slate,,,,,
control,Proposed GP — campaign-only + batch effect + control calibration,ROUND_007,v2_724742f4ebc1,before_batch,historical_forward_refit,36.01892171924281,-3.833937274949186,75.87178071343482,-4.296320146249002,76.33416358473463,False,[],insufficient reference history; prior-sensitive,12.6675,full_slate,,,,,
control,Proposed GP — campaign-only + batch effect + control calibration,ROUND_007,v2_adfd2284b7fb,before_batch,historical_forward_refit,36.13854166666667,-3.715164097205701,75.99224743053904,-4.177537256952235,76.45462059028557,False,[],insufficient reference history; prior-sensitive,8.127500000000001,full_slate,,,,,
control,Proposed GP — campaign-only + batch effect + control calibration,ROUND_007,v2_a1a1ae0b19bb,before_batch,historical_forward_refit,36.08967389813814,-3.763941308707601,75.94328910498388,-4.226315507028147,76.40566330330442,False,[],insufficient reference history; prior-sensitive,13.4975,full_slate,,,,,
control,Proposed GP — campaign-only + batch effect + control calibration,ROUND_007,v2_acaa3c7de271,before_batch,historical_forward_refit,36.12665378021085,-3.726368410022737,75.97967597044445,-4.188749409604881,76.44205697002658,False,[],insufficient reference history; prior-sensitive,21.485,full_slate,,,,,
control,Proposed GP — campaign-only + batch effect + control calibration,ROUND_007,v2_2df18f043f0c,before_batch,historical_forward_refit,36.13854166666667,-3.715164097205701,75.99224743053904,-4.177537256952235,76.45462059028557,False,[],insufficient reference history; prior-sensitive,5.9925,full_slate,,,,,
control,Proposed GP — campaign-only + batch effect + control calibration,ROUND_007,v2_c0858ec7c2c6,reference_conditioned,historical_forward_refit,50.249897035075065,32.80025931759145,67.69953475255869,31.768603434961975,68.73119063518816,False,"[""v2_6fb2fa9dc5d5"", ""v2_e579d58c9088""]",insufficient reference history; prior-sensitive,24.2275,matched_nonreference,,,,,
control,Proposed GP — campaign-only + batch effect + control calibration,ROUND_007,v2_d880ac9c9187,reference_conditioned,historical_forward_refit,37.161405810958456,23.307901144504683,51.01491047741223,22.02905806827125,52.29375355364566,False,"[""v2_6fb2fa9dc5d5"", ""v2_e579d58c9088""]",insufficient reference history; prior-sensitive,21.47,matched_nonreference,,,,,
control,Proposed GP — campaign-only + batch effect + control calibration,ROUND_007,v2_6f20e63adb1d,reference_conditioned,historical_forward_refit,69.70627815088937,49.42302920052611,89.98952710125263,48.528966124936545,90.8835901768422,False,"[""v2_6fb2fa9dc5d5"", ""v2_e579d58c9088""]",insufficient reference history; prior-sensitive,48.9975,matched_nonreference,,,,,
control,Proposed GP — campaign-only + batch effect + control calibration,ROUND_007,v2_7371aa062562,reference_conditioned,historical_forward_refit,32.00372092948656,-4.626659566306849,68.63410142527997,-5.129190778710466,69.13663263768359,False,"[""v2_6fb2fa9dc5d5"", ""v2_e579d58c9088""]",insufficient reference history; prior-sensitive,50.095,matched_nonreference,,,,,
control,Proposed GP — campaign-only + batch effect + control calibration,ROUND_007,v2_655dce03a47b,reference_conditioned,historical_forward_refit,52.196139161740334,29.154797333723337,75.23748098975733,28.363980428262582,76.02829789521809,False,"[""v2_6fb2fa9dc5d5"", ""v2_e579d58c9088""]",insufficient reference history; prior-sensitive,57.5075,matched_nonreference,,,,,
control,Proposed GP — campaign-only + batch effect + control calibration,ROUND_007,v2_724742f4ebc1,reference_conditioned,historical_forward_refit,31.78830124926079,-4.850221350602062,68.42682384912365,-5.352642397378219,68.9292448958998,False,"[""v2_6fb2fa9dc5d5"", ""v2_e579d58c9088""]",insufficient reference history; prior-sensitive,12.6675,matched_nonreference,,,,,
control,Proposed GP — campaign-only + batch effect + control calibration,ROUND_007,v2_adfd2284b7fb,reference_conditioned,historical_forward_refit,31.90280137321022,-4.742388666144993,68.54799141256544,-5.244719535763135,69.05032228218357,False,"[""v2_6fb2fa9dc5d5"", ""v2_e579d58c9088""]",insufficient reference history; prior-sensitive,8.127500000000001,matched_nonreference,,,,,
control,Proposed GP — campaign-only + batch effect + control calibration,ROUND_007,v2_a1a1ae0b19bb,reference_conditioned,historical_forward_refit,31.853338556896436,-4.788190002503729,68.4948671162966,-5.290570389679065,68.99724750347194,False,"[""v2_6fb2fa9dc5d5"", ""v2_e579d58c9088""]",insufficient reference history; prior-sensitive,13.4975,matched_nonreference,,,,,
control,Proposed GP — campaign-only + batch effect + control calibration,ROUND_007,v2_acaa3c7de271,reference_conditioned,historical_forward_refit,31.890160529216985,-4.7533906425130965,68.53371170094707,-5.255743674845064,69.03606473327903,False,"[""v2_6fb2fa9dc5d5"", ""v2_e579d58c9088""]",insufficient reference history; prior-sensitive,21.485,matched_nonreference,,,,,
control,Proposed GP — campaign-only + batch effect + control calibration,ROUND_007,v2_2df18f043f0c,reference_conditioned,historical_forward_refit,31.90280137321022,-4.742388666144993,68.54799141256544,-5.244719535763135,69.05032228218357,False,"[""v2_6fb2fa9dc5d5"", ""v2_e579d58c9088""]",insufficient reference history; prior-sensitive,5.9925,matched_nonreference,,,,,
control,Proposed GP — campaign-only + batch effect + control calibration,ROUND_007,v2_c0858ec7c2c6,before_batch,historical_forward_refit,53.42438191014385,28.86594400558944,77.98281981469826,28.12249998460304,78.72626383568466,False,"[""v2_6fb2fa9dc5d5"", ""v2_e579d58c9088""]",insufficient reference history; prior-sensitive,24.2275,matched_nonreference,,,,,
control,Proposed GP — campaign-only + batch effect + control calibration,ROUND_007,v2_d880ac9c9187,before_batch,historical_forward_refit,40.50849688995457,18.29802522297451,62.718968556934634,17.47865954072698,63.53833423918216,False,"[""v2_6fb2fa9dc5d5"", ""v2_e579d58c9088""]",insufficient reference history; prior-sensitive,21.47,matched_nonreference,,,,,
control,Proposed GP — campaign-only + batch effect + control calibration,ROUND_007,v2_6f20e63adb1d,before_batch,historical_forward_refit,74.54201419079874,48.18168523666682,100.90234314493064,47.48771140487946,101.596316976718,False,"[""v2_6fb2fa9dc5d5"", ""v2_e579d58c9088""]",insufficient reference history; prior-sensitive,48.9975,matched_nonreference,,,,,
control,Proposed GP — campaign-only + batch effect + control calibration,ROUND_007,v2_7371aa062562,before_batch,historical_forward_refit,36.241274996149706,-3.6037079895922304,76.08625798189163,-4.066181209820648,76.54873120212005,False,"[""v2_6fb2fa9dc5d5"", ""v2_e579d58c9088""]",insufficient reference history; prior-sensitive,50.095,matched_nonreference,,,,,
control,Proposed GP — campaign-only + batch effect + control calibration,ROUND_007,v2_655dce03a47b,before_batch,historical_forward_refit,56.54510386785722,28.503163284788418,84.58704445092603,27.84982919890667,85.24037853680778,False,"[""v2_6fb2fa9dc5d5"", ""v2_e579d58c9088""]",insufficient reference history; prior-sensitive,57.5075,matched_nonreference,,,,,
control,Proposed GP — campaign-only + batch effect + control calibration,ROUND_007,v2_724742f4ebc1,before_batch,historical_forward_refit,36.01892171924281,-3.833937274949186,75.87178071343482,-4.296320146249002,76.33416358473463,False,"[""v2_6fb2fa9dc5d5"", ""v2_e579d58c9088""]",insufficient reference history; prior-sensitive,12.6675,matched_nonreference,,,,,
control,Proposed GP — campaign-only + batch effect + control calibration,ROUND_007,v2_adfd2284b7fb,before_batch,historical_forward_refit,36.13854166666667,-3.715164097205701,75.99224743053904,-4.177537256952235,76.45462059028557,False,"[""v2_6fb2fa9dc5d5"", ""v2_e579d58c9088""]",insufficient reference history; prior-sensitive,8.127500000000001,matched_nonreference,,,,,
control,Proposed GP — campaign-only + batch effect + control calibration,ROUND_007,v2_a1a1ae0b19bb,before_batch,historical_forward_refit,36.08967389813814,-3.763941308707601,75.94328910498388,-4.226315507028147,76.40566330330442,False,"[""v2_6fb2fa9dc5d5"", ""v2_e579d58c9088""]",insufficient reference history; prior-sensitive,13.4975,matched_nonreference,,,,,
control,Proposed GP — campaign-only + batch effect + control calibration,ROUND_007,v2_acaa3c7de271,before_batch,historical_forward_refit,36.12665378021085,-3.726368410022737,75.97967597044445,-4.188749409604881,76.44205697002658,False,"[""v2_6fb2fa9dc5d5"", ""v2_e579d58c9088""]",insufficient reference history; prior-sensitive,21.485,matched_nonreference,,,,,
control,Proposed GP — campaign-only + batch effect + control calibration,ROUND_007,v2_2df18f043f0c,before_batch,historical_forward_refit,36.13854166666667,-3.715164097205701,75.99224743053904,-4.177537256952235,76.45462059028557,False,"[""v2_6fb2fa9dc5d5"", ""v2_e579d58c9088""]",insufficient reference history; prior-sensitive,5.9925,matched_nonreference,,,,,
current,Current GP,ROUND_008,v2_6f20e63adb1d,before_batch,historical_forward_refit,49.671634642938905,47.739368111037976,51.603901174839834,46.91931671975045,52.42395256612736,False,[],not used,26.3825,full_slate,,,,,
current,Current GP,ROUND_008,v2_445849cbfa02,before_batch,historical_forward_refit,11.02725821510441,9.068775599805717,12.985740830403106,8.256472378121115,13.798044052087706,False,[],not used,23.5725,full_slate,,,,,
current,Current GP,ROUND_008,v2_4b9990641d38,before_batch,historical_forward_refit,54.41348783678183,4.633478576650951,104.19349709691272,4.594907749241031,104.23206792432264,False,[],not used,12.9175,full_slate,,,,,
current,Current GP,ROUND_008,v2_cfd8fbca69e1,before_batch,historical_forward_refit,48.08174448045248,39.97138286790474,56.19210609300022,39.73791050042339,56.42557846048156,False,[],not used,33.555,full_slate,,,,,
current,Current GP,ROUND_008,v2_b2a7d8453992,before_batch,historical_forward_refit,69.41114502440087,54.567225997460426,84.25506405134131,54.43838535631147,84.38390469249026,False,[],not used,31.5375,full_slate,,,,,
current,Current GP,ROUND_008,v2_16ebd2e14898,before_batch,historical_forward_refit,80.0378246226204,61.6468735562606,98.4287756889802,61.542725781975065,98.53292346326576,False,[],not used,41.41,full_slate,,,,,
current,Current GP,ROUND_008,v2_00d4dc35ee8a,before_batch,historical_forward_refit,54.27172123099651,4.491943667825652,104.05149879416736,4.4533726610291495,104.09006980096387,False,[],not used,4.4799999999999995,full_slate,,,,,
current,Current GP,ROUND_008,v2_c29d85c403ed,before_batch,historical_forward_refit,54.42351801045167,4.643507931139347,104.203528089764,4.604937104363664,104.24209891653967,False,[],not used,2.9275,full_slate,,,,,
current,Current GP,ROUND_008,v2_d2de523913b8,before_batch,historical_forward_refit,54.42182607970252,4.641816034041383,104.20183612536366,4.603245207239652,104.2404069521654,False,[],not used,16.355,full_slate,,,,,
current,Current GP,ROUND_008,v2_0c1889c524b0,before_batch,historical_forward_refit,54.419427537906195,4.639417625587946,104.19943745022444,4.600846798682973,104.2380082771294,False,[],not used,24.25,full_slate,,,,,
current,Current GP,ROUND_008,v2_2c468d77758b,before_batch,historical_forward_refit,54.41709605547284,4.637086386021451,104.19710572492424,4.59851555892844,104.23567655201724,False,[],not used,18.295,full_slate,,,,,
current,Current GP,ROUND_008,v2_949b1b9d7a24,before_batch,historical_forward_refit,54.399958650181055,4.619970383203331,104.1799469171588,4.581399539539966,104.21851776082217,False,[],not used,9.4125,full_slate,,,,,
campaign,Proposed GP — campaign-only,ROUND_008,v2_6f20e63adb1d,before_batch,historical_forward_refit,49.09360066220735,47.14452703187602,51.042674292538685,46.32945739232191,51.85774393209279,False,[],not used,26.3825,full_slate,,,,,
campaign,Proposed GP — campaign-only,ROUND_008,v2_445849cbfa02,before_batch,historical_forward_refit,11.029142962043863,9.071995918049948,12.98629000603778,8.259300989689823,13.798984934397904,False,[],not used,23.5725,full_slate,,,,,
campaign,Proposed GP — campaign-only,ROUND_008,v2_4b9990641d38,before_batch,historical_forward_refit,34.65616414774556,-1.629285344786993,70.9416136402781,-1.6821826070963724,70.99451090258748,False,[],not used,12.9175,full_slate,,,,,
campaign,Proposed GP — campaign-only,ROUND_008,v2_cfd8fbca69e1,before_batch,historical_forward_refit,50.55271194529111,36.79909204530445,64.30633184527777,36.66013621746767,64.44528767311455,False,[],not used,33.555,full_slate,,,,,
campaign,Proposed GP — campaign-only,ROUND_008,v2_b2a7d8453992,before_batch,historical_forward_refit,59.33404577072572,38.52790102332809,80.14019051812335,38.43578605251804,80.2323054889334,False,[],not used,31.5375,full_slate,,,,,
campaign,Proposed GP — campaign-only,ROUND_008,v2_16ebd2e14898,before_batch,historical_forward_refit,44.96604020560544,14.429429372993518,75.50265103821735,14.366592479504371,75.5654879317065,False,[],not used,41.41,full_slate,,,,,
campaign,Proposed GP — campaign-only,ROUND_008,v2_00d4dc35ee8a,before_batch,historical_forward_refit,30.867480506583785,-5.071161394351353,66.80612240751893,-5.124568360959881,66.85952937412745,False,[],not used,4.4799999999999995,full_slate,,,,,
campaign,Proposed GP — campaign-only,ROUND_008,v2_c29d85c403ed,before_batch,historical_forward_refit,34.501654072834114,-1.7836686103816677,70.7869767560499,-1.836566057286376,70.8398742029546,False,[],not used,2.9275,full_slate,,,,,
campaign,Proposed GP — campaign-only,ROUND_008,v2_d2de523913b8,before_batch,historical_forward_refit,34.72863140167554,-1.5576207418985106,71.0148835452496,-1.6105168358249102,71.067779639176,False,[],not used,16.355,full_slate,,,,,
campaign,Proposed GP — campaign-only,ROUND_008,v2_0c1889c524b0,before_batch,historical_forward_refit,33.53389531145499,-2.7352646941286167,69.8030553170386,-2.7881856794605184,69.8559763023705,False,[],not used,24.25,full_slate,,,,,
campaign,Proposed GP — campaign-only,ROUND_008,v2_2c468d77758b,before_batch,historical_forward_refit,34.41951191064951,-1.862551067781979,70.701574889081,-1.9154532602553471,70.75447708155437,False,[],not used,18.295,full_slate,,,,,
campaign,Proposed GP — campaign-only,ROUND_008,v2_949b1b9d7a24,before_batch,historical_forward_refit,34.37053452146806,-1.8495694471854591,70.59063849012158,-1.9025620033679544,70.64363104630408,False,[],not used,9.4125,full_slate,,,,,
campaign_noise,Proposed GP — campaign-only + fitted residual noise (matched comparison),ROUND_008,v2_6f20e63adb1d,before_batch,historical_forward_refit,50.39016925931796,39.56333159170518,61.217006926930736,33.9373585248829,66.842979993753,False,[],not used,26.3825,full_slate,,,,,
campaign_noise,Proposed GP — campaign-only + fitted residual noise (matched comparison),ROUND_008,v2_445849cbfa02,before_batch,historical_forward_refit,13.442660420563431,1.7186336754458935,25.16668716568097,-3.613932741687165,30.499253582814028,False,[],not used,23.5725,full_slate,,,,,
campaign_noise,Proposed GP — campaign-only + fitted residual noise (matched comparison),ROUND_008,v2_4b9990641d38,before_batch,historical_forward_refit,34.68003322303489,-1.6055065683235767,70.96557301439336,-3.66204503483425,73.02211148090403,False,[],not used,12.9175,full_slate,,,,,
campaign_noise,Proposed GP — campaign-only + fitted residual noise (matched comparison),ROUND_008,v2_cfd8fbca69e1,before_batch,historical_forward_refit,51.10296081265719,34.520536370131865,67.68538525518251,30.403893984068905,71.80202764124547,False,[],not used,33.555,full_slate,,,,,
campaign_noise,Proposed GP — campaign-only + fitted residual noise (matched comparison),ROUND_008,v2_b2a7d8453992,before_batch,historical_forward_refit,57.135450888523934,34.398194989971365,79.87270678707651,31.242259254842192,83.02864252220567,False,[],not used,31.5375,full_slate,,,,,
campaign_noise,Proposed GP — campaign-only + fitted residual noise (matched comparison),ROUND_008,v2_16ebd2e14898,before_batch,historical_forward_refit,46.88825107997754,15.65191697250761,78.12458518744748,13.284930772963357,80.49157138699172,False,[],not used,41.41,full_slate,,,,,
campaign_noise,Proposed GP — campaign-only + fitted residual noise (matched comparison),ROUND_008,v2_00d4dc35ee8a,before_batch,historical_forward_refit,31.292697692625485,-4.6814645445262535,67.26685992977723,-6.754837258369914,69.34023264362088,False,[],not used,4.4799999999999995,full_slate,,,,,
campaign_noise,Proposed GP — campaign-only + fitted residual noise (matched comparison),ROUND_008,v2_c29d85c403ed,before_batch,historical_forward_refit,34.53910724083913,-1.7463202778532576,70.82453475953152,-3.8028647663044457,72.88107924798271,False,[],not used,2.9275,full_slate,,,,,
campaign_noise,Proposed GP — campaign-only + fitted residual noise (matched comparison),ROUND_008,v2_d2de523913b8,before_batch,historical_forward_refit,34.742571593425836,-1.543692105775584,71.02883529262726,-3.6001917450489316,73.0853349319006,False,[],not used,16.355,full_slate,,,,,
campaign_noise,Proposed GP — campaign-only + fitted residual noise (matched comparison),ROUND_008,v2_0c1889c524b0,before_batch,historical_forward_refit,33.69023449748675,-2.5805767602965517,69.96104575527005,-4.6379055106070695,72.01837450558057,False,[],not used,24.25,full_slate,,,,,
campaign_noise,Proposed GP — campaign-only + fitted residual noise (matched comparison),ROUND_008,v2_2c468d77758b,before_batch,historical_forward_refit,34.46427603390123,-1.8182244410942516,70.74677650889672,-3.874925938757898,72.80347800656035,False,[],not used,18.295,full_slate,,,,,
campaign_noise,Proposed GP — campaign-only + fitted residual noise (matched comparison),ROUND_008,v2_949b1b9d7a24,before_batch,historical_forward_refit,34.53627556238452,-1.7021196665755838,70.77467079134462,-3.761189836158763,72.8337409609278,False,[],not used,9.4125,full_slate,,,,,
batch,Proposed GP — campaign-only + batch effect,ROUND_008,v2_6f20e63adb1d,before_batch,historical_forward_refit,57.43414333397014,40.52499313203805,74.34329353590223,37.90388965764161,76.96439701029868,False,[],not used,26.3825,full_slate,,,,,
batch,Proposed GP — campaign-only + batch effect,ROUND_008,v2_445849cbfa02,before_batch,historical_forward_refit,15.88485792492001,-1.3579814334002407,33.12769728324026,-3.935004770040369,35.70472061988039,False,[],not used,23.5725,full_slate,,,,,
batch,Proposed GP — campaign-only + batch effect,ROUND_008,v2_4b9990641d38,before_batch,historical_forward_refit,34.70229557937759,-3.8846728574323777,73.28926401618756,-5.10305055972303,74.50764171847821,False,[],not used,12.9175,full_slate,,,,,
batch,Proposed GP — campaign-only + batch effect,ROUND_008,v2_cfd8fbca69e1,before_batch,historical_forward_refit,58.28478711950027,36.96815415479438,79.60142008420617,34.83462104200244,81.7349531969981,False,[],not used,33.555,full_slate,,,,,
batch,Proposed GP — campaign-only + batch effect,ROUND_008,v2_b2a7d8453992,before_batch,historical_forward_refit,54.10178913331487,27.799899270738308,80.40367899589143,26.042907144658376,82.16067112197136,False,[],not used,31.5375,full_slate,,,,,
batch,Proposed GP — campaign-only + batch effect,ROUND_008,v2_16ebd2e14898,before_batch,historical_forward_refit,45.234438999243864,11.382718035549686,79.08615996293804,10.000216142565776,80.46866185592195,False,[],not used,41.41,full_slate,,,,,
batch,Proposed GP — campaign-only + batch effect,ROUND_008,v2_00d4dc35ee8a,before_batch,historical_forward_refit,32.088901568064095,-6.203900006328212,70.3817031424564,-7.431347678695801,71.60915081482399,False,[],not used,4.4799999999999995,full_slate,,,,,
batch,Proposed GP — campaign-only + batch effect,ROUND_008,v2_c29d85c403ed,before_batch,historical_forward_refit,34.62029007856946,-3.966592640452575,73.2071727975915,-5.184972966432582,74.4255531235715,False,[],not used,2.9275,full_slate,,,,,
batch,Proposed GP — campaign-only + batch effect,ROUND_008,v2_d2de523913b8,before_batch,historical_forward_refit,34.76800219977021,-3.819641469052392,73.3556458685928,-5.037998503921045,74.57400290346146,False,[],not used,16.355,full_slate,,,,,
batch,Proposed GP — campaign-only + batch effect,ROUND_008,v2_0c1889c524b0,before_batch,historical_forward_refit,34.05081292779714,-4.522999439168196,72.62462529476247,-5.741779958719967,73.84340581431425,False,[],not used,24.25,full_slate,,,,,
batch,Proposed GP — campaign-only + batch effect,ROUND_008,v2_2c468d77758b,before_batch,historical_forward_refit,34.52932817631208,-4.054769986490982,73.11342633911514,-5.273235549496675,74.33189190212083,False,[],not used,18.295,full_slate,,,,,
batch,Proposed GP — campaign-only + batch effect,ROUND_008,v2_949b1b9d7a24,before_batch,historical_forward_refit,34.25815138301541,-4.283158039725741,72.79946080575655,-5.502934871383118,74.01923763741394,False,[],not used,9.4125,full_slate,,,,,
batch,Proposed GP — campaign-only + batch effect,ROUND_008,v2_4b9990641d38,reference_conditioned,historical_forward_refit,27.335639571524453,-9.878531894100291,64.5498110371492,-11.140405001471386,65.81168414452029,False,"[""v2_6f20e63adb1d"", ""v2_445849cbfa02""]",not used,12.9175,matched_nonreference,,,,,
batch,Proposed GP — campaign-only + batch effect,ROUND_008,v2_cfd8fbca69e1,reference_conditioned,historical_forward_refit,39.92167345614068,24.137262200231064,55.7060847120503,21.35667717803897,58.48666973424239,False,"[""v2_6f20e63adb1d"", ""v2_445849cbfa02""]",not used,33.555,matched_nonreference,,,,,
batch,Proposed GP — campaign-only + batch effect,ROUND_008,v2_b2a7d8453992,reference_conditioned,historical_forward_refit,46.70161755396974,22.58474444741265,70.81849066052683,20.679799467063884,72.72343564087559,False,"[""v2_6f20e63adb1d"", ""v2_445849cbfa02""]",not used,31.5375,matched_nonreference,,,,,
batch,Proposed GP — campaign-only + batch effect,ROUND_008,v2_16ebd2e14898,reference_conditioned,historical_forward_refit,38.32249423245746,6.155457345756162,70.48953111915876,4.703605045266187,71.94138341964873,False,"[""v2_6f20e63adb1d"", ""v2_445849cbfa02""]",not used,41.41,matched_nonreference,,,,,
batch,Proposed GP — campaign-only + batch effect,ROUND_008,v2_00d4dc35ee8a,reference_conditioned,historical_forward_refit,24.275870812338106,-12.574197475891095,61.12593910056731,-13.848124006639082,62.39986563131529,False,"[""v2_6f20e63adb1d"", ""v2_445849cbfa02""]",not used,4.4799999999999995,matched_nonreference,,,,,
batch,Proposed GP — campaign-only + batch effect,ROUND_008,v2_c29d85c403ed,reference_conditioned,historical_forward_refit,27.244041684388208,-9.968510173457602,64.45659354223402,-11.230436400221436,65.71851976899785,False,"[""v2_6f20e63adb1d"", ""v2_445849cbfa02""]",not used,2.9275,matched_nonreference,,,,,
batch,Proposed GP — campaign-only + batch effect,ROUND_008,v2_d2de523913b8,reference_conditioned,historical_forward_refit,27.411328634743946,-9.804516391141426,64.62717366062932,-11.066334614223775,65.88899188371167,False,"[""v2_6f20e63adb1d"", ""v2_445849cbfa02""]",not used,16.355,matched_nonreference,,,,,
batch,Proposed GP — campaign-only + batch effect,ROUND_008,v2_0c1889c524b0,reference_conditioned,historical_forward_refit,26.55846640859887,-10.622684178905017,63.739616996102754,-11.885641164875697,65.00257398207344,False,"[""v2_6f20e63adb1d"", ""v2_445849cbfa02""]",not used,24.25,matched_nonreference,,,,,
batch,Proposed GP — campaign-only + batch effect,ROUND_008,v2_2c468d77758b,reference_conditioned,historical_forward_refit,27.284329963576383,-9.912819221156523,64.48147914830929,-11.175250839931095,65.74391076708386,False,"[""v2_6f20e63adb1d"", ""v2_445849cbfa02""]",not used,18.295,matched_nonreference,,,,,
batch,Proposed GP — campaign-only + batch effect,ROUND_008,v2_949b1b9d7a24,reference_conditioned,historical_forward_refit,26.891789779283805,-10.266607332433791,64.0501868910014,-11.530312245753125,65.31389180432073,False,"[""v2_6f20e63adb1d"", ""v2_445849cbfa02""]",not used,9.4125,matched_nonreference,,,,,
batch,Proposed GP — campaign-only + batch effect,ROUND_008,v2_4b9990641d38,before_batch,historical_forward_refit,34.70229557937759,-3.8846728574323777,73.28926401618756,-5.10305055972303,74.50764171847821,False,"[""v2_6f20e63adb1d"", ""v2_445849cbfa02""]",not used,12.9175,matched_nonreference,,,,,
batch,Proposed GP — campaign-only + batch effect,ROUND_008,v2_cfd8fbca69e1,before_batch,historical_forward_refit,58.28478711950027,36.96815415479438,79.60142008420617,34.83462104200244,81.7349531969981,False,"[""v2_6f20e63adb1d"", ""v2_445849cbfa02""]",not used,33.555,matched_nonreference,,,,,
batch,Proposed GP — campaign-only + batch effect,ROUND_008,v2_b2a7d8453992,before_batch,historical_forward_refit,54.10178913331487,27.799899270738308,80.40367899589143,26.042907144658376,82.16067112197136,False,"[""v2_6f20e63adb1d"", ""v2_445849cbfa02""]",not used,31.5375,matched_nonreference,,,,,
batch,Proposed GP — campaign-only + batch effect,ROUND_008,v2_16ebd2e14898,before_batch,historical_forward_refit,45.234438999243864,11.382718035549686,79.08615996293804,10.000216142565776,80.46866185592195,False,"[""v2_6f20e63adb1d"", ""v2_445849cbfa02""]",not used,41.41,matched_nonreference,,,,,
batch,Proposed GP — campaign-only + batch effect,ROUND_008,v2_00d4dc35ee8a,before_batch,historical_forward_refit,32.088901568064095,-6.203900006328212,70.3817031424564,-7.431347678695801,71.60915081482399,False,"[""v2_6f20e63adb1d"", ""v2_445849cbfa02""]",not used,4.4799999999999995,matched_nonreference,,,,,
batch,Proposed GP — campaign-only + batch effect,ROUND_008,v2_c29d85c403ed,before_batch,historical_forward_refit,34.62029007856946,-3.966592640452575,73.2071727975915,-5.184972966432582,74.4255531235715,False,"[""v2_6f20e63adb1d"", ""v2_445849cbfa02""]",not used,2.9275,matched_nonreference,,,,,
batch,Proposed GP — campaign-only + batch effect,ROUND_008,v2_d2de523913b8,before_batch,historical_forward_refit,34.76800219977021,-3.819641469052392,73.3556458685928,-5.037998503921045,74.57400290346146,False,"[""v2_6f20e63adb1d"", ""v2_445849cbfa02""]",not used,16.355,matched_nonreference,,,,,
batch,Proposed GP — campaign-only + batch effect,ROUND_008,v2_0c1889c524b0,before_batch,historical_forward_refit,34.05081292779714,-4.522999439168196,72.62462529476247,-5.741779958719967,73.84340581431425,False,"[""v2_6f20e63adb1d"", ""v2_445849cbfa02""]",not used,24.25,matched_nonreference,,,,,
batch,Proposed GP — campaign-only + batch effect,ROUND_008,v2_2c468d77758b,before_batch,historical_forward_refit,34.52932817631208,-4.054769986490982,73.11342633911514,-5.273235549496675,74.33189190212083,False,"[""v2_6f20e63adb1d"", ""v2_445849cbfa02""]",not used,18.295,matched_nonreference,,,,,
batch,Proposed GP — campaign-only + batch effect,ROUND_008,v2_949b1b9d7a24,before_batch,historical_forward_refit,34.25815138301541,-4.283158039725741,72.79946080575655,-5.502934871383118,74.01923763741394,False,"[""v2_6f20e63adb1d"", ""v2_445849cbfa02""]",not used,9.4125,matched_nonreference,,,,,
control,Proposed GP — campaign-only + batch effect + control calibration,ROUND_008,v2_6f20e63adb1d,before_batch,historical_forward_refit,57.43414333397014,40.52499313203805,74.34329353590223,37.90388965764161,76.96439701029868,False,[],insufficient reference history; prior-sensitive,26.3825,full_slate,,,,,
control,Proposed GP — campaign-only + batch effect + control calibration,ROUND_008,v2_445849cbfa02,before_batch,historical_forward_refit,15.88485792492001,-1.3579814334002407,33.12769728324026,-3.935004770040369,35.70472061988039,False,[],insufficient reference history; prior-sensitive,23.5725,full_slate,,,,,
control,Proposed GP — campaign-only + batch effect + control calibration,ROUND_008,v2_4b9990641d38,before_batch,historical_forward_refit,34.70229557937759,-3.8846728574323777,73.28926401618756,-5.10305055972303,74.50764171847821,False,[],insufficient reference history; prior-sensitive,12.9175,full_slate,,,,,
control,Proposed GP — campaign-only + batch effect + control calibration,ROUND_008,v2_cfd8fbca69e1,before_batch,historical_forward_refit,58.28478711950027,36.96815415479438,79.60142008420617,34.83462104200244,81.7349531969981,False,[],insufficient reference history; prior-sensitive,33.555,full_slate,,,,,
control,Proposed GP — campaign-only + batch effect + control calibration,ROUND_008,v2_b2a7d8453992,before_batch,historical_forward_refit,54.10178913331487,27.799899270738308,80.40367899589143,26.042907144658376,82.16067112197136,False,[],insufficient reference history; prior-sensitive,31.5375,full_slate,,,,,
control,Proposed GP — campaign-only + batch effect + control calibration,ROUND_008,v2_16ebd2e14898,before_batch,historical_forward_refit,45.234438999243864,11.382718035549686,79.08615996293804,10.000216142565776,80.46866185592195,False,[],insufficient reference history; prior-sensitive,41.41,full_slate,,,,,
control,Proposed GP — campaign-only + batch effect + control calibration,ROUND_008,v2_00d4dc35ee8a,before_batch,historical_forward_refit,32.088901568064095,-6.203900006328212,70.3817031424564,-7.431347678695801,71.60915081482399,False,[],insufficient reference history; prior-sensitive,4.4799999999999995,full_slate,,,,,
control,Proposed GP — campaign-only + batch effect + control calibration,ROUND_008,v2_c29d85c403ed,before_batch,historical_forward_refit,34.62029007856946,-3.966592640452575,73.2071727975915,-5.184972966432582,74.4255531235715,False,[],insufficient reference history; prior-sensitive,2.9275,full_slate,,,,,
control,Proposed GP — campaign-only + batch effect + control calibration,ROUND_008,v2_d2de523913b8,before_batch,historical_forward_refit,34.76800219977021,-3.819641469052392,73.3556458685928,-5.037998503921045,74.57400290346146,False,[],insufficient reference history; prior-sensitive,16.355,full_slate,,,,,
control,Proposed GP — campaign-only + batch effect + control calibration,ROUND_008,v2_0c1889c524b0,before_batch,historical_forward_refit,34.05081292779714,-4.522999439168196,72.62462529476247,-5.741779958719967,73.84340581431425,False,[],insufficient reference history; prior-sensitive,24.25,full_slate,,,,,
control,Proposed GP — campaign-only + batch effect + control calibration,ROUND_008,v2_2c468d77758b,before_batch,historical_forward_refit,34.52932817631208,-4.054769986490982,73.11342633911514,-5.273235549496675,74.33189190212083,False,[],insufficient reference history; prior-sensitive,18.295,full_slate,,,,,
control,Proposed GP — campaign-only + batch effect + control calibration,ROUND_008,v2_949b1b9d7a24,before_batch,historical_forward_refit,34.25815138301541,-4.283158039725741,72.79946080575655,-5.502934871383118,74.01923763741394,False,[],insufficient reference history; prior-sensitive,9.4125,full_slate,,,,,
control,Proposed GP — campaign-only + batch effect + control calibration,ROUND_008,v2_4b9990641d38,reference_conditioned,historical_forward_refit,27.335639571524453,-9.878531894100291,64.5498110371492,-11.140405001471386,65.81168414452029,False,"[""v2_6f20e63adb1d"", ""v2_445849cbfa02""]",insufficient reference history; prior-sensitive,12.9175,matched_nonreference,,,,,
control,Proposed GP — campaign-only + batch effect + control calibration,ROUND_008,v2_cfd8fbca69e1,reference_conditioned,historical_forward_refit,39.92167345614068,24.137262200231064,55.7060847120503,21.35667717803897,58.48666973424239,False,"[""v2_6f20e63adb1d"", ""v2_445849cbfa02""]",insufficient reference history; prior-sensitive,33.555,matched_nonreference,,,,,
control,Proposed GP — campaign-only + batch effect + control calibration,ROUND_008,v2_b2a7d8453992,reference_conditioned,historical_forward_refit,46.70161755396974,22.58474444741265,70.81849066052683,20.679799467063884,72.72343564087559,False,"[""v2_6f20e63adb1d"", ""v2_445849cbfa02""]",insufficient reference history; prior-sensitive,31.5375,matched_nonreference,,,,,
control,Proposed GP — campaign-only + batch effect + control calibration,ROUND_008,v2_16ebd2e14898,reference_conditioned,historical_forward_refit,38.32249423245746,6.155457345756162,70.48953111915876,4.703605045266187,71.94138341964873,False,"[""v2_6f20e63adb1d"", ""v2_445849cbfa02""]",insufficient reference history; prior-sensitive,41.41,matched_nonreference,,,,,
control,Proposed GP — campaign-only + batch effect + control calibration,ROUND_008,v2_00d4dc35ee8a,reference_conditioned,historical_forward_refit,24.275870812338106,-12.574197475891095,61.12593910056731,-13.848124006639082,62.39986563131529,False,"[""v2_6f20e63adb1d"", ""v2_445849cbfa02""]",insufficient reference history; prior-sensitive,4.4799999999999995,matched_nonreference,,,,,
control,Proposed GP — campaign-only + batch effect + control calibration,ROUND_008,v2_c29d85c403ed,reference_conditioned,historical_forward_refit,27.244041684388208,-9.968510173457602,64.45659354223402,-11.230436400221436,65.71851976899785,False,"[""v2_6f20e63adb1d"", ""v2_445849cbfa02""]",insufficient reference history; prior-sensitive,2.9275,matched_nonreference,,,,,
control,Proposed GP — campaign-only + batch effect + control calibration,ROUND_008,v2_d2de523913b8,reference_conditioned,historical_forward_refit,27.411328634743946,-9.804516391141426,64.62717366062932,-11.066334614223775,65.88899188371167,False,"[""v2_6f20e63adb1d"", ""v2_445849cbfa02""]",insufficient reference history; prior-sensitive,16.355,matched_nonreference,,,,,
control,Proposed GP — campaign-only + batch effect + control calibration,ROUND_008,v2_0c1889c524b0,reference_conditioned,historical_forward_refit,26.55846640859887,-10.622684178905017,63.739616996102754,-11.885641164875697,65.00257398207344,False,"[""v2_6f20e63adb1d"", ""v2_445849cbfa02""]",insufficient reference history; prior-sensitive,24.25,matched_nonreference,,,,,
control,Proposed GP — campaign-only + batch effect + control calibration,ROUND_008,v2_2c468d77758b,reference_conditioned,historical_forward_refit,27.284329963576383,-9.912819221156523,64.48147914830929,-11.175250839931095,65.74391076708386,False,"[""v2_6f20e63adb1d"", ""v2_445849cbfa02""]",insufficient reference history; prior-sensitive,18.295,matched_nonreference,,,,,
control,Proposed GP — campaign-only + batch effect + control calibration,ROUND_008,v2_949b1b9d7a24,reference_conditioned,historical_forward_refit,26.891789779283805,-10.266607332433791,64.0501868910014,-11.530312245753125,65.31389180432073,False,"[""v2_6f20e63adb1d"", ""v2_445849cbfa02""]",insufficient reference history; prior-sensitive,9.4125,matched_nonreference,,,,,
control,Proposed GP — campaign-only + batch effect + control calibration,ROUND_008,v2_4b9990641d38,before_batch,historical_forward_refit,34.70229557937759,-3.8846728574323777,73.28926401618756,-5.10305055972303,74.50764171847821,False,"[""v2_6f20e63adb1d"", ""v2_445849cbfa02""]",insufficient reference history; prior-sensitive,12.9175,matched_nonreference,,,,,
control,Proposed GP — campaign-only + batch effect + control calibration,ROUND_008,v2_cfd8fbca69e1,before_batch,historical_forward_refit,58.28478711950027,36.96815415479438,79.60142008420617,34.83462104200244,81.7349531969981,False,"[""v2_6f20e63adb1d"", ""v2_445849cbfa02""]",insufficient reference history; prior-sensitive,33.555,matched_nonreference,,,,,
control,Proposed GP — campaign-only + batch effect + control calibration,ROUND_008,v2_b2a7d8453992,before_batch,historical_forward_refit,54.10178913331487,27.799899270738308,80.40367899589143,26.042907144658376,82.16067112197136,False,"[""v2_6f20e63adb1d"", ""v2_445849cbfa02""]",insufficient reference history; prior-sensitive,31.5375,matched_nonreference,,,,,
control,Proposed GP — campaign-only + batch effect + control calibration,ROUND_008,v2_16ebd2e14898,before_batch,historical_forward_refit,45.234438999243864,11.382718035549686,79.08615996293804,10.000216142565776,80.46866185592195,False,"[""v2_6f20e63adb1d"", ""v2_445849cbfa02""]",insufficient reference history; prior-sensitive,41.41,matched_nonreference,,,,,
control,Proposed GP — campaign-only + batch effect + control calibration,ROUND_008,v2_00d4dc35ee8a,before_batch,historical_forward_refit,32.088901568064095,-6.203900006328212,70.3817031424564,-7.431347678695801,71.60915081482399,False,"[""v2_6f20e63adb1d"", ""v2_445849cbfa02""]",insufficient reference history; prior-sensitive,4.4799999999999995,matched_nonreference,,,,,
control,Proposed GP — campaign-only + batch effect + control calibration,ROUND_008,v2_c29d85c403ed,before_batch,historical_forward_refit,34.62029007856946,-3.966592640452575,73.2071727975915,-5.184972966432582,74.4255531235715,False,"[""v2_6f20e63adb1d"", ""v2_445849cbfa02""]",insufficient reference history; prior-sensitive,2.9275,matched_nonreference,,,,,
control,Proposed GP — campaign-only + batch effect + control calibration,ROUND_008,v2_d2de523913b8,before_batch,historical_forward_refit,34.76800219977021,-3.819641469052392,73.3556458685928,-5.037998503921045,74.57400290346146,False,"[""v2_6f20e63adb1d"", ""v2_445849cbfa02""]",insufficient reference history; prior-sensitive,16.355,matched_nonreference,,,,,
control,Proposed GP — campaign-only + batch effect + control calibration,ROUND_008,v2_0c1889c524b0,before_batch,historical_forward_refit,34.05081292779714,-4.522999439168196,72.62462529476247,-5.741779958719967,73.84340581431425,False,"[""v2_6f20e63adb1d"", ""v2_445849cbfa02""]",insufficient reference history; prior-sensitive,24.25,matched_nonreference,,,,,
control,Proposed GP — campaign-only + batch effect + control calibration,ROUND_008,v2_2c468d77758b,before_batch,historical_forward_refit,34.52932817631208,-4.054769986490982,73.11342633911514,-5.273235549496675,74.33189190212083,False,"[""v2_6f20e63adb1d"", ""v2_445849cbfa02""]",insufficient reference history; prior-sensitive,18.295,matched_nonreference,,,,,
control,Proposed GP — campaign-only + batch effect + control calibration,ROUND_008,v2_949b1b9d7a24,before_batch,historical_forward_refit,34.25815138301541,-4.283158039725741,72.79946080575655,-5.502934871383118,74.01923763741394,False,"[""v2_6f20e63adb1d"", ""v2_445849cbfa02""]",insufficient reference history; prior-sensitive,9.4125,matched_nonreference,,,,,
current,Current GP,ROUND_009,v2_6f20e63adb1d,before_batch,historical_forward_refit,37.9683110453704,36.5992564112146,39.3373656795262,35.57751398344659,40.359108107294205,False,[],not used,59.495,full_slate,,,,,
current,Current GP,ROUND_009,v2_7371aa062562,before_batch,historical_forward_refit,50.09737772303093,48.13887222579726,52.05588322026459,47.32657571229568,52.86817973376617,False,[],not used,44.63,full_slate,,,,,
current,Current GP,ROUND_009,v2_e520c20c7441,before_batch,historical_forward_refit,53.37962780703198,2.903161696879856,103.8560939171841,2.865122652875158,103.8941329611888,False,[],not used,28.485,full_slate,,,,,
current,Current GP,ROUND_009,v2_a5836ff741f8,before_batch,historical_forward_refit,63.11232927402574,57.39470468369259,68.8299538643589,57.06808978869904,69.15656875935244,False,[],not used,56.879999999999995,full_slate,,,,,
current,Current GP,ROUND_009,v2_958a475d561d,before_batch,historical_forward_refit,60.63482828052929,38.64888470212267,82.62077185893591,38.56169268467705,82.70796387638154,False,[],not used,57.575,full_slate,,,,,
current,Current GP,ROUND_009,v2_e4e4fdaec9b1,before_batch,historical_forward_refit,62.58222941025704,49.78744438986511,75.37701443064897,49.63819125680409,75.52626756371,False,[],not used,40.82,full_slate,,,,,
current,Current GP,ROUND_009,v2_74bd7b4dd0a7,before_batch,historical_forward_refit,61.04297400939021,40.207553373829285,81.87839464495113,40.11556726462706,81.97038075415335,False,[],not used,36.2425,full_slate,,,,,
current,Current GP,ROUND_009,v2_058f0d84ea0e,before_batch,historical_forward_refit,53.310762736425495,2.834413233934825,103.78711223891617,2.796374102120616,103.82515137073035,False,[],not used,37.48,full_slate,,,,,
current,Current GP,ROUND_009,v2_f87d5e9bf5a4,before_batch,historical_forward_refit,53.336176257444635,2.859843707534395,103.81250880735487,2.821804562954277,103.850547951935,False,[],not used,14.515,full_slate,,,,,
current,Current GP,ROUND_009,v2_ee0e6b6d09bd,before_batch,historical_forward_refit,53.341761237045226,2.8654301570795795,103.81809231701088,2.8273910113925496,103.8561314626979,False,[],not used,19.58,full_slate,,,,,
current,Current GP,ROUND_009,v2_4d49c0b641bb,before_batch,historical_forward_refit,53.37663993499,2.9001743353964,103.8531055345836,2.862135291007234,103.89114457897276,False,[],not used,3.4425,full_slate,,,,,
current,Current GP,ROUND_009,v2_a4c0156ecbf5,before_batch,historical_forward_refit,53.32125267945191,2.844842617386071,103.79766274151774,2.806803531175319,103.8357018277285,False,[],not used,31.7125,full_slate,,,,,
campaign,Proposed GP — campaign-only,ROUND_009,v2_6f20e63adb1d,before_batch,historical_forward_refit,37.73778514631753,36.360154182847744,39.11541610978731,35.34206665878384,40.13350363385121,False,[],not used,59.495,full_slate,,,,,
campaign,Proposed GP — campaign-only,ROUND_009,v2_7371aa062562,before_batch,historical_forward_refit,50.045478666827805,48.08836435297637,52.00259298067924,47.27565982122036,52.81529751243525,False,[],not used,44.63,full_slate,,,,,
campaign,Proposed GP — campaign-only,ROUND_009,v2_e520c20c7441,before_batch,historical_forward_refit,32.999420438292866,-3.081572549853128,69.08041342643887,-3.1347691196678937,69.13360999625363,False,[],not used,28.485,full_slate,,,,,
campaign,Proposed GP — campaign-only,ROUND_009,v2_a5836ff741f8,before_batch,historical_forward_refit,56.14653865987348,33.40140267967104,78.89167464007592,33.31711004770932,78.97596727203764,False,[],not used,56.879999999999995,full_slate,,,,,
campaign,Proposed GP — campaign-only,ROUND_009,v2_958a475d561d,before_batch,historical_forward_refit,53.23869090557006,34.44168661820156,72.03569519293856,34.33977638173167,72.13760542940845,False,[],not used,57.575,full_slate,,,,,
campaign,Proposed GP — campaign-only,ROUND_009,v2_e4e4fdaec9b1,before_batch,historical_forward_refit,57.62963117339164,45.977461333903214,69.28180101288007,45.81376633122779,69.44549601555548,False,[],not used,40.82,full_slate,,,,,
campaign,Proposed GP — campaign-only,ROUND_009,v2_74bd7b4dd0a7,before_batch,historical_forward_refit,49.68839750136866,25.513285137138684,73.86350986559864,25.43396166329679,73.94283333944054,False,[],not used,36.2425,full_slate,,,,,
campaign,Proposed GP — campaign-only,ROUND_009,v2_058f0d84ea0e,before_batch,historical_forward_refit,33.061513308032055,-3.0216722710055635,69.14469888706967,-3.0748656130949,69.19789222915901,False,[],not used,37.48,full_slate,,,,,
campaign,Proposed GP — campaign-only,ROUND_009,v2_f87d5e9bf5a4,before_batch,historical_forward_refit,33.060148153045,-3.0230314046514053,69.1433277107414,-3.076224755604251,69.19652106169426,False,[],not used,14.515,full_slate,,,,,
campaign,Proposed GP — campaign-only,ROUND_009,v2_ee0e6b6d09bd,before_batch,historical_forward_refit,33.06447243570766,-3.018645393209077,69.1475902646244,-3.071838835027883,69.20078370644319,False,[],not used,19.58,full_slate,,,,,
campaign,Proposed GP — campaign-only,ROUND_009,v2_4d49c0b641bb,before_batch,historical_forward_refit,32.6650852518156,-3.413563719233906,68.7437342228651,-3.46676374012241,68.79693424375361,False,[],not used,3.4425,full_slate,,,,,
campaign,Proposed GP — campaign-only,ROUND_009,v2_a4c0156ecbf5,before_batch,historical_forward_refit,33.04650323982349,-3.0366150803004075,69.12962155994738,-3.089808521396151,69.18281500104312,False,[],not used,31.7125,full_slate,,,,,
campaign_noise,Proposed GP — campaign-only + fitted residual noise (matched comparison),ROUND_009,v2_6f20e63adb1d,before_batch,historical_forward_refit,38.97342869900413,30.03183397212677,47.915023425881486,21.62347176667104,56.32338563133721,False,[],not used,59.495,full_slate,,,,,
campaign_noise,Proposed GP — campaign-only + fitted residual noise (matched comparison),ROUND_009,v2_7371aa062562,before_batch,historical_forward_refit,47.64830787719315,33.90144816826504,61.395167586121254,27.398738964471995,67.8978767899143,False,[],not used,44.63,full_slate,,,,,
campaign_noise,Proposed GP — campaign-only + fitted residual noise (matched comparison),ROUND_009,v2_e520c20c7441,before_batch,historical_forward_refit,33.008604615184765,-3.072705511866893,69.08991474223643,-6.01612894929422,72.03333817966376,False,[],not used,28.485,full_slate,,,,,
campaign_noise,Proposed GP — campaign-only + fitted residual noise (matched comparison),ROUND_009,v2_a5836ff741f8,before_batch,historical_forward_refit,55.33634562751321,30.782785726015756,79.88990552901066,26.631882679558313,84.0408085754681,False,[],not used,56.879999999999995,full_slate,,,,,
campaign_noise,Proposed GP — campaign-only + fitted residual noise (matched comparison),ROUND_009,v2_958a475d561d,before_batch,historical_forward_refit,52.924404175018054,31.92058813908275,73.92822021095336,27.1905902842341,78.658218065802,False,[],not used,57.575,full_slate,,,,,
campaign_noise,Proposed GP — campaign-only + fitted residual noise (matched comparison),ROUND_009,v2_e4e4fdaec9b1,before_batch,historical_forward_refit,57.01740948401377,41.62636993945168,72.40844902857586,35.61757332678195,78.41724564124559,False,[],not used,40.82,full_slate,,,,,
campaign_noise,Proposed GP — campaign-only + fitted residual noise (matched comparison),ROUND_009,v2_74bd7b4dd0a7,before_batch,historical_forward_refit,45.07597383760699,18.78261618920096,71.36933148601301,14.869856150603855,75.28209152461012,False,[],not used,36.2425,full_slate,,,,,
campaign_noise,Proposed GP — campaign-only + fitted residual noise (matched comparison),ROUND_009,v2_058f0d84ea0e,before_batch,historical_forward_refit,33.06102057746698,-3.022170338258398,69.14421149319236,-5.965451924602412,72.08749307953636,False,[],not used,37.48,full_slate,,,,,
campaign_noise,Proposed GP — campaign-only + fitted residual noise (matched comparison),ROUND_009,v2_f87d5e9bf5a4,before_batch,historical_forward_refit,33.06039210147053,-3.0227935434893496,69.14357774643042,-5.966075527341722,72.08685973028278,False,[],not used,14.515,full_slate,,,,,
campaign_noise,Proposed GP — campaign-only + fitted residual noise (matched comparison),ROUND_009,v2_ee0e6b6d09bd,before_batch,historical_forward_refit,33.057262123240235,-3.025865844461869,69.14039009094233,-5.969152178199984,72.08367642468045,False,[],not used,19.58,full_slate,,,,,
campaign_noise,Proposed GP — campaign-only + fitted residual noise (matched comparison),ROUND_009,v2_4d49c0b641bb,before_batch,historical_forward_refit,32.7060204242552,-3.3730367627961115,68.78507761130652,-6.3166301366768565,71.72867098518725,False,[],not used,3.4425,full_slate,,,,,
campaign_noise,Proposed GP — campaign-only + fitted residual noise (matched comparison),ROUND_009,v2_a4c0156ecbf5,before_batch,historical_forward_refit,33.05113878127642,-3.0319891825297773,69.13426674508261,-5.975275516561709,72.07755307911455,False,[],not used,31.7125,full_slate,,,,,
batch,Proposed GP — campaign-only + batch effect,ROUND_009,v2_6f20e63adb1d,before_batch,historical_forward_refit,47.27455136818314,28.95981651989459,65.58928621647169,24.75645997366275,69.79264276270354,False,[],not used,59.495,full_slate,,,,,
batch,Proposed GP — campaign-only + batch effect,ROUND_009,v2_7371aa062562,before_batch,historical_forward_refit,52.01547131305207,31.203988703538545,72.8269539225656,27.423750431931484,76.60719219417265,False,[],not used,44.63,full_slate,,,,,
batch,Proposed GP — campaign-only + batch effect,ROUND_009,v2_e520c20c7441,before_batch,historical_forward_refit,33.008773047391365,-6.265751915550247,72.28329801033297,-8.393198385785368,74.4107444805681,False,[],not used,28.485,full_slate,,,,,
batch,Proposed GP — campaign-only + batch effect,ROUND_009,v2_a5836ff741f8,before_batch,historical_forward_refit,52.995080106545046,23.642484176265167,82.34767603682492,20.851498860281573,85.13866135280853,False,[],not used,56.879999999999995,full_slate,,,,,
batch,Proposed GP — campaign-only + batch effect,ROUND_009,v2_958a475d561d,before_batch,historical_forward_refit,54.697775894963186,28.485796470357688,80.90975531956869,25.39414484274032,84.00140694718606,False,[],not used,57.575,full_slate,,,,,
batch,Proposed GP — campaign-only + batch effect,ROUND_009,v2_e4e4fdaec9b1,before_batch,historical_forward_refit,58.22774109020568,36.28317808129482,80.17230409911654,32.66998741072678,83.78549476968459,False,[],not used,40.82,full_slate,,,,,
batch,Proposed GP — campaign-only + batch effect,ROUND_009,v2_74bd7b4dd0a7,before_batch,historical_forward_refit,48.38941417995083,17.793402929056057,78.98542543084561,15.106523200443997,81.67230515945766,False,[],not used,36.2425,full_slate,,,,,
batch,Proposed GP — campaign-only + batch effect,ROUND_009,v2_058f0d84ea0e,before_batch,historical_forward_refit,33.0606430631526,-6.215580597922752,72.33686672422795,-8.342939783790413,74.4642259100956,False,[],not used,37.48,full_slate,,,,,
batch,Proposed GP — campaign-only + batch effect,ROUND_009,v2_f87d5e9bf5a4,before_batch,historical_forward_refit,33.04989543055805,-6.226323828417506,72.32611468953361,-8.353683240469657,74.45347410158575,False,[],not used,14.515,full_slate,,,,,
batch,Proposed GP — campaign-only + batch effect,ROUND_009,v2_ee0e6b6d09bd,before_batch,historical_forward_refit,33.06166024855107,-6.214509297767258,72.3378297948694,-8.341871264110999,74.46519176121313,False,[],not used,19.58,full_slate,,,,,
batch,Proposed GP — campaign-only + batch effect,ROUND_009,v2_4d49c0b641bb,before_batch,historical_forward_refit,32.91133872431213,-6.361244795772244,72.18392224439651,-8.488791031895893,74.31146848052015,False,[],not used,3.4425,full_slate,,,,,
batch,Proposed GP — campaign-only + batch effect,ROUND_009,v2_a4c0156ecbf5,before_batch,historical_forward_refit,33.04510427344078,-6.2310696246149035,72.32127817149646,-8.358431367361312,74.44863991424288,False,[],not used,31.7125,full_slate,,,,,
batch,Proposed GP — campaign-only + batch effect,ROUND_009,v2_e520c20c7441,reference_conditioned,historical_forward_refit,35.41505105063726,-1.9987111384206744,72.8288132396952,-4.226146315590711,75.05624841686523,False,"[""v2_6f20e63adb1d"", ""v2_7371aa062562""]",not used,28.485,matched_nonreference,,,,,
batch,Proposed GP — campaign-only + batch effect,ROUND_009,v2_a5836ff741f8,reference_conditioned,historical_forward_refit,55.51604181373221,28.851566121181975,82.18051750628244,25.806965903373428,85.22511772409099,False,"[""v2_6f20e63adb1d"", ""v2_7371aa062562""]",not used,56.879999999999995,matched_nonreference,,,,,
batch,Proposed GP — campaign-only + batch effect,ROUND_009,v2_958a475d561d,reference_conditioned,historical_forward_refit,57.01848394924173,34.187216339836624,79.84975155864683,30.695457752751157,83.3415101457323,False,"[""v2_6f20e63adb1d"", ""v2_7371aa062562""]",not used,57.575,matched_nonreference,,,,,
batch,Proposed GP — campaign-only + batch effect,ROUND_009,v2_e4e4fdaec9b1,reference_conditioned,historical_forward_refit,60.51485535203135,42.83822458947275,78.19148611458994,38.51262358785135,82.51708711621134,False,"[""v2_6f20e63adb1d"", ""v2_7371aa062562""]",not used,40.82,matched_nonreference,,,,,
batch,Proposed GP — campaign-only + batch effect,ROUND_009,v2_74bd7b4dd0a7,reference_conditioned,historical_forward_refit,50.849307292070776,22.896283640535632,78.80233094360592,19.978504601629744,81.72010998251181,False,"[""v2_6f20e63adb1d"", ""v2_7371aa062562""]",not used,36.2425,matched_nonreference,,,,,
batch,Proposed GP — campaign-only + batch effect,ROUND_009,v2_058f0d84ea0e,reference_conditioned,historical_forward_refit,35.46730714329645,-1.9493772237307567,72.88399151032365,-4.176648215756671,75.11126250234958,False,"[""v2_6f20e63adb1d"", ""v2_7371aa062562""]",not used,37.48,matched_nonreference,,,,,
batch,Proposed GP — campaign-only + batch effect,ROUND_009,v2_f87d5e9bf5a4,reference_conditioned,historical_forward_refit,35.45646119967132,-1.9604409572758428,72.87336335661848,-4.187699713525156,75.1006221128678,False,"[""v2_6f20e63adb1d"", ""v2_7371aa062562""]",not used,14.515,matched_nonreference,,,,,
batch,Proposed GP — campaign-only + batch effect,ROUND_009,v2_ee0e6b6d09bd,reference_conditioned,historical_forward_refit,35.469060073705535,-1.947044018162728,72.8851641655738,-4.174347611587862,75.11246775899893,False,"[""v2_6f20e63adb1d"", ""v2_7371aa062562""]",not used,19.58,matched_nonreference,,,,,
batch,Proposed GP — campaign-only + batch effect,ROUND_009,v2_4d49c0b641bb,reference_conditioned,historical_forward_refit,35.33325714557385,-2.072160370889641,72.73867466203734,-4.300064530382258,74.96657882152996,False,"[""v2_6f20e63adb1d"", ""v2_7371aa062562""]",not used,3.4425,matched_nonreference,,,,,
batch,Proposed GP — campaign-only + batch effect,ROUND_009,v2_a4c0156ecbf5,reference_conditioned,historical_forward_refit,35.45192385889226,-1.964243404432814,72.86809112221732,-4.191543448672768,75.09539116645729,False,"[""v2_6f20e63adb1d"", ""v2_7371aa062562""]",not used,31.7125,matched_nonreference,,,,,
batch,Proposed GP — campaign-only + batch effect,ROUND_009,v2_e520c20c7441,before_batch,historical_forward_refit,33.008773047391365,-6.265751915550247,72.28329801033297,-8.393198385785368,74.4107444805681,False,"[""v2_6f20e63adb1d"", ""v2_7371aa062562""]",not used,28.485,matched_nonreference,,,,,
batch,Proposed GP — campaign-only + batch effect,ROUND_009,v2_a5836ff741f8,before_batch,historical_forward_refit,52.995080106545046,23.642484176265167,82.34767603682492,20.851498860281573,85.13866135280853,False,"[""v2_6f20e63adb1d"", ""v2_7371aa062562""]",not used,56.879999999999995,matched_nonreference,,,,,
batch,Proposed GP — campaign-only + batch effect,ROUND_009,v2_958a475d561d,before_batch,historical_forward_refit,54.697775894963186,28.485796470357688,80.90975531956869,25.39414484274032,84.00140694718606,False,"[""v2_6f20e63adb1d"", ""v2_7371aa062562""]",not used,57.575,matched_nonreference,,,,,
batch,Proposed GP — campaign-only + batch effect,ROUND_009,v2_e4e4fdaec9b1,before_batch,historical_forward_refit,58.22774109020568,36.28317808129482,80.17230409911654,32.66998741072678,83.78549476968459,False,"[""v2_6f20e63adb1d"", ""v2_7371aa062562""]",not used,40.82,matched_nonreference,,,,,
batch,Proposed GP — campaign-only + batch effect,ROUND_009,v2_74bd7b4dd0a7,before_batch,historical_forward_refit,48.38941417995083,17.793402929056057,78.98542543084561,15.106523200443997,81.67230515945766,False,"[""v2_6f20e63adb1d"", ""v2_7371aa062562""]",not used,36.2425,matched_nonreference,,,,,
batch,Proposed GP — campaign-only + batch effect,ROUND_009,v2_058f0d84ea0e,before_batch,historical_forward_refit,33.0606430631526,-6.215580597922752,72.33686672422795,-8.342939783790413,74.4642259100956,False,"[""v2_6f20e63adb1d"", ""v2_7371aa062562""]",not used,37.48,matched_nonreference,,,,,
batch,Proposed GP — campaign-only + batch effect,ROUND_009,v2_f87d5e9bf5a4,before_batch,historical_forward_refit,33.04989543055805,-6.226323828417506,72.32611468953361,-8.353683240469657,74.45347410158575,False,"[""v2_6f20e63adb1d"", ""v2_7371aa062562""]",not used,14.515,matched_nonreference,,,,,
batch,Proposed GP — campaign-only + batch effect,ROUND_009,v2_ee0e6b6d09bd,before_batch,historical_forward_refit,33.06166024855107,-6.214509297767258,72.3378297948694,-8.341871264110999,74.46519176121313,False,"[""v2_6f20e63adb1d"", ""v2_7371aa062562""]",not used,19.58,matched_nonreference,,,,,
batch,Proposed GP — campaign-only + batch effect,ROUND_009,v2_4d49c0b641bb,before_batch,historical_forward_refit,32.91133872431213,-6.361244795772244,72.18392224439651,-8.488791031895893,74.31146848052015,False,"[""v2_6f20e63adb1d"", ""v2_7371aa062562""]",not used,3.4425,matched_nonreference,,,,,
batch,Proposed GP — campaign-only + batch effect,ROUND_009,v2_a4c0156ecbf5,before_batch,historical_forward_refit,33.04510427344078,-6.2310696246149035,72.32127817149646,-8.358431367361312,74.44863991424288,False,"[""v2_6f20e63adb1d"", ""v2_7371aa062562""]",not used,31.7125,matched_nonreference,,,,,
control,Proposed GP — campaign-only + batch effect + control calibration,ROUND_009,v2_6f20e63adb1d,before_batch,historical_forward_refit,47.27455136818314,28.95981651989459,65.58928621647169,24.75645997366275,69.79264276270354,False,[],insufficient reference history; prior-sensitive,59.495,full_slate,,,,,
control,Proposed GP — campaign-only + batch effect + control calibration,ROUND_009,v2_7371aa062562,before_batch,historical_forward_refit,52.01547131305207,31.203988703538545,72.8269539225656,27.423750431931484,76.60719219417265,False,[],insufficient reference history; prior-sensitive,44.63,full_slate,,,,,
control,Proposed GP — campaign-only + batch effect + control calibration,ROUND_009,v2_e520c20c7441,before_batch,historical_forward_refit,33.008773047391365,-6.265751915550247,72.28329801033297,-8.393198385785368,74.4107444805681,False,[],insufficient reference history; prior-sensitive,28.485,full_slate,,,,,
control,Proposed GP — campaign-only + batch effect + control calibration,ROUND_009,v2_a5836ff741f8,before_batch,historical_forward_refit,52.995080106545046,23.642484176265167,82.34767603682492,20.851498860281573,85.13866135280853,False,[],insufficient reference history; prior-sensitive,56.879999999999995,full_slate,,,,,
control,Proposed GP — campaign-only + batch effect + control calibration,ROUND_009,v2_958a475d561d,before_batch,historical_forward_refit,54.697775894963186,28.485796470357688,80.90975531956869,25.39414484274032,84.00140694718606,False,[],insufficient reference history; prior-sensitive,57.575,full_slate,,,,,
control,Proposed GP — campaign-only + batch effect + control calibration,ROUND_009,v2_e4e4fdaec9b1,before_batch,historical_forward_refit,58.22774109020568,36.28317808129482,80.17230409911654,32.66998741072678,83.78549476968459,False,[],insufficient reference history; prior-sensitive,40.82,full_slate,,,,,
control,Proposed GP — campaign-only + batch effect + control calibration,ROUND_009,v2_74bd7b4dd0a7,before_batch,historical_forward_refit,48.38941417995083,17.793402929056057,78.98542543084561,15.106523200443997,81.67230515945766,False,[],insufficient reference history; prior-sensitive,36.2425,full_slate,,,,,
control,Proposed GP — campaign-only + batch effect + control calibration,ROUND_009,v2_058f0d84ea0e,before_batch,historical_forward_refit,33.0606430631526,-6.215580597922752,72.33686672422795,-8.342939783790413,74.4642259100956,False,[],insufficient reference history; prior-sensitive,37.48,full_slate,,,,,
control,Proposed GP — campaign-only + batch effect + control calibration,ROUND_009,v2_f87d5e9bf5a4,before_batch,historical_forward_refit,33.04989543055805,-6.226323828417506,72.32611468953361,-8.353683240469657,74.45347410158575,False,[],insufficient reference history; prior-sensitive,14.515,full_slate,,,,,
control,Proposed GP — campaign-only + batch effect + control calibration,ROUND_009,v2_ee0e6b6d09bd,before_batch,historical_forward_refit,33.06166024855107,-6.214509297767258,72.3378297948694,-8.341871264110999,74.46519176121313,False,[],insufficient reference history; prior-sensitive,19.58,full_slate,,,,,
control,Proposed GP — campaign-only + batch effect + control calibration,ROUND_009,v2_4d49c0b641bb,before_batch,historical_forward_refit,32.91133872431213,-6.361244795772244,72.18392224439651,-8.488791031895893,74.31146848052015,False,[],insufficient reference history; prior-sensitive,3.4425,full_slate,,,,,
control,Proposed GP — campaign-only + batch effect + control calibration,ROUND_009,v2_a4c0156ecbf5,before_batch,historical_forward_refit,33.04510427344078,-6.2310696246149035,72.32127817149646,-8.358431367361312,74.44863991424288,False,[],insufficient reference history; prior-sensitive,31.7125,full_slate,,,,,
control,Proposed GP — campaign-only + batch effect + control calibration,ROUND_009,v2_e520c20c7441,reference_conditioned,historical_forward_refit,35.41505105063726,-1.9987111384206744,72.8288132396952,-4.226146315590711,75.05624841686523,False,"[""v2_6f20e63adb1d"", ""v2_7371aa062562""]",insufficient reference history; prior-sensitive,28.485,matched_nonreference,,,,,
control,Proposed GP — campaign-only + batch effect + control calibration,ROUND_009,v2_a5836ff741f8,reference_conditioned,historical_forward_refit,55.51604181373221,28.851566121181975,82.18051750628244,25.806965903373428,85.22511772409099,False,"[""v2_6f20e63adb1d"", ""v2_7371aa062562""]",insufficient reference history; prior-sensitive,56.879999999999995,matched_nonreference,,,,,
control,Proposed GP — campaign-only + batch effect + control calibration,ROUND_009,v2_958a475d561d,reference_conditioned,historical_forward_refit,57.01848394924173,34.187216339836624,79.84975155864683,30.695457752751157,83.3415101457323,False,"[""v2_6f20e63adb1d"", ""v2_7371aa062562""]",insufficient reference history; prior-sensitive,57.575,matched_nonreference,,,,,
control,Proposed GP — campaign-only + batch effect + control calibration,ROUND_009,v2_e4e4fdaec9b1,reference_conditioned,historical_forward_refit,60.51485535203135,42.83822458947275,78.19148611458994,38.51262358785135,82.51708711621134,False,"[""v2_6f20e63adb1d"", ""v2_7371aa062562""]",insufficient reference history; prior-sensitive,40.82,matched_nonreference,,,,,
control,Proposed GP — campaign-only + batch effect + control calibration,ROUND_009,v2_74bd7b4dd0a7,reference_conditioned,historical_forward_refit,50.849307292070776,22.896283640535632,78.80233094360592,19.978504601629744,81.72010998251181,False,"[""v2_6f20e63adb1d"", ""v2_7371aa062562""]",insufficient reference history; prior-sensitive,36.2425,matched_nonreference,,,,,
control,Proposed GP — campaign-only + batch effect + control calibration,ROUND_009,v2_058f0d84ea0e,reference_conditioned,historical_forward_refit,35.46730714329645,-1.9493772237307567,72.88399151032365,-4.176648215756671,75.11126250234958,False,"[""v2_6f20e63adb1d"", ""v2_7371aa062562""]",insufficient reference history; prior-sensitive,37.48,matched_nonreference,,,,,
control,Proposed GP — campaign-only + batch effect + control calibration,ROUND_009,v2_f87d5e9bf5a4,reference_conditioned,historical_forward_refit,35.45646119967132,-1.9604409572758428,72.87336335661848,-4.187699713525156,75.1006221128678,False,"[""v2_6f20e63adb1d"", ""v2_7371aa062562""]",insufficient reference history; prior-sensitive,14.515,matched_nonreference,,,,,
control,Proposed GP — campaign-only + batch effect + control calibration,ROUND_009,v2_ee0e6b6d09bd,reference_conditioned,historical_forward_refit,35.469060073705535,-1.947044018162728,72.8851641655738,-4.174347611587862,75.11246775899893,False,"[""v2_6f20e63adb1d"", ""v2_7371aa062562""]",insufficient reference history; prior-sensitive,19.58,matched_nonreference,,,,,
control,Proposed GP — campaign-only + batch effect + control calibration,ROUND_009,v2_4d49c0b641bb,reference_conditioned,historical_forward_refit,35.33325714557385,-2.072160370889641,72.73867466203734,-4.300064530382258,74.96657882152996,False,"[""v2_6f20e63adb1d"", ""v2_7371aa062562""]",insufficient reference history; prior-sensitive,3.4425,matched_nonreference,,,,,
control,Proposed GP — campaign-only + batch effect + control calibration,ROUND_009,v2_a4c0156ecbf5,reference_conditioned,historical_forward_refit,35.45192385889226,-1.964243404432814,72.86809112221732,-4.191543448672768,75.09539116645729,False,"[""v2_6f20e63adb1d"", ""v2_7371aa062562""]",insufficient reference history; prior-sensitive,31.7125,matched_nonreference,,,,,
control,Proposed GP — campaign-only + batch effect + control calibration,ROUND_009,v2_e520c20c7441,before_batch,historical_forward_refit,33.008773047391365,-6.265751915550247,72.28329801033297,-8.393198385785368,74.4107444805681,False,"[""v2_6f20e63adb1d"", ""v2_7371aa062562""]",insufficient reference history; prior-sensitive,28.485,matched_nonreference,,,,,
control,Proposed GP — campaign-only + batch effect + control calibration,ROUND_009,v2_a5836ff741f8,before_batch,historical_forward_refit,52.995080106545046,23.642484176265167,82.34767603682492,20.851498860281573,85.13866135280853,False,"[""v2_6f20e63adb1d"", ""v2_7371aa062562""]",insufficient reference history; prior-sensitive,56.879999999999995,matched_nonreference,,,,,
control,Proposed GP — campaign-only + batch effect + control calibration,ROUND_009,v2_958a475d561d,before_batch,historical_forward_refit,54.697775894963186,28.485796470357688,80.90975531956869,25.39414484274032,84.00140694718606,False,"[""v2_6f20e63adb1d"", ""v2_7371aa062562""]",insufficient reference history; prior-sensitive,57.575,matched_nonreference,,,,,
control,Proposed GP — campaign-only + batch effect + control calibration,ROUND_009,v2_e4e4fdaec9b1,before_batch,historical_forward_refit,58.22774109020568,36.28317808129482,80.17230409911654,32.66998741072678,83.78549476968459,False,"[""v2_6f20e63adb1d"", ""v2_7371aa062562""]",insufficient reference history; prior-sensitive,40.82,matched_nonreference,,,,,
control,Proposed GP — campaign-only + batch effect + control calibration,ROUND_009,v2_74bd7b4dd0a7,before_batch,historical_forward_refit,48.38941417995083,17.793402929056057,78.98542543084561,15.106523200443997,81.67230515945766,False,"[""v2_6f20e63adb1d"", ""v2_7371aa062562""]",insufficient reference history; prior-sensitive,36.2425,matched_nonreference,,,,,
control,Proposed GP — campaign-only + batch effect + control calibration,ROUND_009,v2_058f0d84ea0e,before_batch,historical_forward_refit,33.0606430631526,-6.215580597922752,72.33686672422795,-8.342939783790413,74.4642259100956,False,"[""v2_6f20e63adb1d"", ""v2_7371aa062562""]",insufficient reference history; prior-sensitive,37.48,matched_nonreference,,,,,
control,Proposed GP — campaign-only + batch effect + control calibration,ROUND_009,v2_f87d5e9bf5a4,before_batch,historical_forward_refit,33.04989543055805,-6.226323828417506,72.32611468953361,-8.353683240469657,74.45347410158575,False,"[""v2_6f20e63adb1d"", ""v2_7371aa062562""]",insufficient reference history; prior-sensitive,14.515,matched_nonreference,,,,,
control,Proposed GP — campaign-only + batch effect + control calibration,ROUND_009,v2_ee0e6b6d09bd,before_batch,historical_forward_refit,33.06166024855107,-6.214509297767258,72.3378297948694,-8.341871264110999,74.46519176121313,False,"[""v2_6f20e63adb1d"", ""v2_7371aa062562""]",insufficient reference history; prior-sensitive,19.58,matched_nonreference,,,,,
control,Proposed GP — campaign-only + batch effect + control calibration,ROUND_009,v2_4d49c0b641bb,before_batch,historical_forward_refit,32.91133872431213,-6.361244795772244,72.18392224439651,-8.488791031895893,74.31146848052015,False,"[""v2_6f20e63adb1d"", ""v2_7371aa062562""]",insufficient reference history; prior-sensitive,3.4425,matched_nonreference,,,,,
control,Proposed GP — campaign-only + batch effect + control calibration,ROUND_009,v2_a4c0156ecbf5,before_batch,historical_forward_refit,33.04510427344078,-6.2310696246149035,72.32127817149646,-8.358431367361312,74.44863991424288,False,"[""v2_6f20e63adb1d"", ""v2_7371aa062562""]",insufficient reference history; prior-sensitive,31.7125,matched_nonreference,,,,,
current,Current GP,ROUND_010,v2_3e8ef993abba,before_batch,pre_outcome_challenger_after_slate_selection,65.31612900010757,63.37396877318869,67.25828922702644,62.55685620695616,68.07540179325898,False,[],not used,15.96,full_slate,[],batch_gp_v1,c66b0484f9ee05a9880381a866622b0e034cd63a1a3b9802c0179de3c568e9d9,9.0,2026-09-16T07:47:10.860600+00:00
current,Current GP,ROUND_010,v2_6f20e63adb1d,before_batch,pre_outcome_challenger_after_slate_selection,45.06595846798198,43.94377833968057,46.18813859628339,42.80744385869681,47.32447307726715,False,[],not used,26.385,full_slate,[],batch_gp_v1,c66b0484f9ee05a9880381a866622b0e034cd63a1a3b9802c0179de3c568e9d9,9.0,2026-09-16T07:47:10.860600+00:00
current,Current GP,ROUND_010,v2_4d49c0b641bb,before_batch,pre_outcome_challenger_after_slate_selection,3.5171400164100888,1.558621123143543,5.475658909676635,0.7463285368463826,6.287951495973795,False,[],not used,2.155,full_slate,[],batch_gp_v1,c66b0484f9ee05a9880381a866622b0e034cd63a1a3b9802c0179de3c568e9d9,9.0,2026-09-16T07:47:10.860600+00:00
current,Current GP,ROUND_010,v2_a288e68df07e,before_batch,pre_outcome_challenger_after_slate_selection,38.00527453886523,29.980714545588043,46.02983453214242,29.74481673764714,46.26573234008332,False,[],not used,31.5,full_slate,[],batch_gp_v1,c66b0484f9ee05a9880381a866622b0e034cd63a1a3b9802c0179de3c568e9d9,9.0,2026-09-16T07:47:10.860600+00:00
current,Current GP,ROUND_010,v2_211d2693ca45,before_batch,pre_outcome_challenger_after_slate_selection,82.43213385528881,65.45807842854586,99.40618928203176,65.34529220359256,99.51897550698506,False,[],not used,31.775,full_slate,[],batch_gp_v1,c66b0484f9ee05a9880381a866622b0e034cd63a1a3b9802c0179de3c568e9d9,9.0,2026-09-16T07:47:10.860600+00:00
current,Current GP,ROUND_010,v2_55f87bb2c839,before_batch,pre_outcome_challenger_after_slate_selection,80.73511978596954,63.732049580678435,97.73818999126064,63.619454551861395,97.8507850200777,False,[],not used,38.1975,full_slate,[],batch_gp_v1,c66b0484f9ee05a9880381a866622b0e034cd63a1a3b9802c0179de3c568e9d9,9.0,2026-09-16T07:47:10.860600+00:00
current,Current GP,ROUND_010,v2_a409fb1db800,before_batch,pre_outcome_challenger_after_slate_selection,53.29355304780877,10.273121008119965,96.31398508749756,10.228495601179446,96.35861049443808,False,[],not used,5.5225,full_slate,[],batch_gp_v1,c66b0484f9ee05a9880381a866622b0e034cd63a1a3b9802c0179de3c568e9d9,9.0,2026-09-16T07:47:10.860600+00:00
current,Current GP,ROUND_010,v2_c60ceb90bc67,before_batch,pre_outcome_challenger_after_slate_selection,51.86898913845721,1.5162313529283369,102.22174692398607,1.4780989239736186,102.2598793529408,False,[],not used,27.770000000000003,full_slate,[],batch_gp_v1,c66b0484f9ee05a9880381a866622b0e034cd63a1a3b9802c0179de3c568e9d9,9.0,2026-09-16T07:47:10.860600+00:00
current,Current GP,ROUND_010,v2_d3e3aa3e830f,before_batch,pre_outcome_challenger_after_slate_selection,52.821331428640335,2.434731969444343,103.20793088783633,2.3966251324064416,103.24603772487424,False,[],not used,21.097500000000004,full_slate,[],batch_gp_v1,c66b0484f9ee05a9880381a866622b0e034cd63a1a3b9802c0179de3c568e9d9,9.0,2026-09-16T07:47:10.860600+00:00
current,Current GP,ROUND_010,v2_cc16b5977344,before_batch,pre_outcome_challenger_after_slate_selection,52.81359865204382,2.4269699790795443,103.2002273250081,2.3888631641189875,103.23833413996866,False,[],not used,16.3325,full_slate,[],batch_gp_v1,c66b0484f9ee05a9880381a866622b0e034cd63a1a3b9802c0179de3c568e9d9,9.0,2026-09-16T07:47:10.860600+00:00
current,Current GP,ROUND_010,v2_d36a198b8927,before_batch,pre_outcome_challenger_after_slate_selection,52.77813068007615,2.39159025842541,103.1646711017269,2.3534833767717416,103.20277798338056,False,[],not used,16.0075,full_slate,[],batch_gp_v1,c66b0484f9ee05a9880381a866622b0e034cd63a1a3b9802c0179de3c568e9d9,9.0,2026-09-16T07:47:10.860600+00:00
campaign,Proposed GP — campaign-only,ROUND_010,v2_3e8ef993abba,before_batch,pre_outcome_challenger_after_slate_selection,65.53973351758918,63.58872991988027,67.49073711529809,62.77422903589455,68.30523799928382,False,[],not used,15.96,full_slate,[],batch_gp_v1,c66b0484f9ee05a9880381a866622b0e034cd63a1a3b9802c0179de3c568e9d9,9.0,2026-09-16T07:47:10.860600+00:00
campaign,Proposed GP — campaign-only,ROUND_010,v2_6f20e63adb1d,before_batch,pre_outcome_challenger_after_slate_selection,44.92995061140088,43.80297013271839,46.05693109008336,42.669047031119,47.19085419168275,False,[],not used,26.385,full_slate,[],batch_gp_v1,c66b0484f9ee05a9880381a866622b0e034cd63a1a3b9802c0179de3c568e9d9,9.0,2026-09-16T07:47:10.860600+00:00
campaign,Proposed GP — campaign-only,ROUND_010,v2_4d49c0b641bb,before_batch,pre_outcome_challenger_after_slate_selection,3.530480849115932,1.5734118276365776,5.487549870595286,0.7606940062642735,6.300267691967591,False,[],not used,2.155,full_slate,[],batch_gp_v1,c66b0484f9ee05a9880381a866622b0e034cd63a1a3b9802c0179de3c568e9d9,9.0,2026-09-16T07:47:10.860600+00:00
campaign,Proposed GP — campaign-only,ROUND_010,v2_a288e68df07e,before_batch,pre_outcome_challenger_after_slate_selection,36.90033217592694,20.3157636999419,53.484900651911985,20.200346800644816,53.600317551209066,False,[],not used,31.5,full_slate,[],batch_gp_v1,c66b0484f9ee05a9880381a866622b0e034cd63a1a3b9802c0179de3c568e9d9,9.0,2026-09-16T07:47:10.860600+00:00
campaign,Proposed GP — campaign-only,ROUND_010,v2_211d2693ca45,before_batch,pre_outcome_challenger_after_slate_selection,74.94069206864475,56.26679969708451,93.614584440205,56.16422125263101,93.71716288465848,False,[],not used,31.775,full_slate,[],batch_gp_v1,c66b0484f9ee05a9880381a866622b0e034cd63a1a3b9802c0179de3c568e9d9,9.0,2026-09-16T07:47:10.860600+00:00
campaign,Proposed GP — campaign-only,ROUND_010,v2_55f87bb2c839,before_batch,pre_outcome_challenger_after_slate_selection,61.33530054218965,37.30837445300048,85.36222663137882,37.22856336572052,85.44203771865878,False,[],not used,38.1975,full_slate,[],batch_gp_v1,c66b0484f9ee05a9880381a866622b0e034cd63a1a3b9802c0179de3c568e9d9,9.0,2026-09-16T07:47:10.860600+00:00
campaign,Proposed GP — campaign-only,ROUND_010,v2_a409fb1db800,before_batch,pre_outcome_challenger_after_slate_selection,32.660068527616865,-2.0877765466542897,67.40791360188803,-2.1430108951231617,67.4631479503569,False,[],not used,5.5225,full_slate,[],batch_gp_v1,c66b0484f9ee05a9880381a866622b0e034cd63a1a3b9802c0179de3c568e9d9,9.0,2026-09-16T07:47:10.860600+00:00
campaign,Proposed GP — campaign-only,ROUND_010,v2_c60ceb90bc67,before_batch,pre_outcome_challenger_after_slate_selection,31.645061736711902,-3.0347078623422057,66.32483133576602,-3.0900504618038376,66.38017393522765,False,[],not used,27.770000000000003,full_slate,[],batch_gp_v1,c66b0484f9ee05a9880381a866622b0e034cd63a1a3b9802c0179de3c568e9d9,9.0,2026-09-16T07:47:10.860600+00:00
campaign,Proposed GP — campaign-only,ROUND_010,v2_d3e3aa3e830f,before_batch,pre_outcome_challenger_after_slate_selection,32.15976544773888,-3.597442629401798,67.91697352487955,-3.651120180404064,67.97065107588182,False,[],not used,21.097500000000004,full_slate,[],batch_gp_v1,c66b0484f9ee05a9880381a866622b0e034cd63a1a3b9802c0179de3c568e9d9,9.0,2026-09-16T07:47:10.860600+00:00
campaign,Proposed GP — campaign-only,ROUND_010,v2_cc16b5977344,before_batch,pre_outcome_challenger_after_slate_selection,32.0495866026413,-3.725707870628014,67.82488107591061,-3.7793583252955822,67.87853153057819,False,[],not used,16.3325,full_slate,[],batch_gp_v1,c66b0484f9ee05a9880381a866622b0e034cd63a1a3b9802c0179de3c568e9d9,9.0,2026-09-16T07:47:10.860600+00:00
campaign,Proposed GP — campaign-only,ROUND_010,v2_d36a198b8927,before_batch,pre_outcome_challenger_after_slate_selection,31.687175606400288,-4.059946075627202,67.43429728842779,-4.113638749556479,67.48798996235706,False,[],not used,16.0075,full_slate,[],batch_gp_v1,c66b0484f9ee05a9880381a866622b0e034cd63a1a3b9802c0179de3c568e9d9,9.0,2026-09-16T07:47:10.860600+00:00
campaign_noise,Proposed GP — campaign-only + fitted residual noise (matched comparison),ROUND_010,v2_3e8ef993abba,before_batch,pre_outcome_challenger_after_slate_selection,61.78479290299861,48.43525963273308,75.13432617326414,40.68694031726984,82.88264548872738,False,[],not used,15.96,full_slate,[],batch_gp_v1,c66b0484f9ee05a9880381a866622b0e034cd63a1a3b9802c0179de3c568e9d9,9.0,2026-09-16T07:47:10.860600+00:00
campaign_noise,Proposed GP — campaign-only + fitted residual noise (matched comparison),ROUND_010,v2_6f20e63adb1d,before_batch,pre_outcome_challenger_after_slate_selection,44.39985108864198,36.09563942889635,52.704062748387614,26.07311443191362,62.72658774537034,False,[],not used,26.385,full_slate,[],batch_gp_v1,c66b0484f9ee05a9880381a866622b0e034cd63a1a3b9802c0179de3c568e9d9,9.0,2026-09-16T07:47:10.860600+00:00
campaign_noise,Proposed GP — campaign-only + fitted residual noise (matched comparison),ROUND_010,v2_4d49c0b641bb,before_batch,pre_outcome_challenger_after_slate_selection,8.52701004906767,-6.335811977822143,23.38983207595748,-13.559475044722529,30.613495142857868,False,[],not used,2.155,full_slate,[],batch_gp_v1,c66b0484f9ee05a9880381a866622b0e034cd63a1a3b9802c0179de3c568e9d9,9.0,2026-09-16T07:47:10.860600+00:00
campaign_noise,Proposed GP — campaign-only + fitted residual noise (matched comparison),ROUND_010,v2_a288e68df07e,before_batch,pre_outcome_challenger_after_slate_selection,36.34367082525313,17.208388877552824,55.478952772953434,11.18282106986528,61.50452058064097,False,[],not used,31.5,full_slate,[],batch_gp_v1,c66b0484f9ee05a9880381a866622b0e034cd63a1a3b9802c0179de3c568e9d9,9.0,2026-09-16T07:47:10.860600+00:00
campaign_noise,Proposed GP — campaign-only + fitted residual noise (matched comparison),ROUND_010,v2_211d2693ca45,before_batch,pre_outcome_challenger_after_slate_selection,59.388438983220645,36.137024231719835,82.63985373472146,30.971232344609504,87.80564562183179,False,[],not used,31.775,full_slate,[],batch_gp_v1,c66b0484f9ee05a9880381a866622b0e034cd63a1a3b9802c0179de3c568e9d9,9.0,2026-09-16T07:47:10.860600+00:00
campaign_noise,Proposed GP — campaign-only + fitted residual noise (matched comparison),ROUND_010,v2_55f87bb2c839,before_batch,pre_outcome_challenger_after_slate_selection,56.82856235679037,30.51871084684698,83.13841386673377,25.858938018247187,87.79818669533356,False,[],not used,38.1975,full_slate,[],batch_gp_v1,c66b0484f9ee05a9880381a866622b0e034cd63a1a3b9802c0179de3c568e9d9,9.0,2026-09-16T07:47:10.860600+00:00
campaign_noise,Proposed GP — campaign-only + fitted residual noise (matched comparison),ROUND_010,v2_a409fb1db800,before_batch,pre_outcome_challenger_after_slate_selection,32.617781116035296,-2.2993277275286914,67.53488995959928,-5.932365902990583,71.16792813506117,False,[],not used,5.5225,full_slate,[],batch_gp_v1,c66b0484f9ee05a9880381a866622b0e034cd63a1a3b9802c0179de3c568e9d9,9.0,2026-09-16T07:47:10.860600+00:00
campaign_noise,Proposed GP — campaign-only + fitted residual noise (matched comparison),ROUND_010,v2_c60ceb90bc67,before_batch,pre_outcome_challenger_after_slate_selection,31.951415687431467,-2.921943673151265,66.8247750480142,-6.559109345182133,70.46194072004506,False,[],not used,27.770000000000003,full_slate,[],batch_gp_v1,c66b0484f9ee05a9880381a866622b0e034cd63a1a3b9802c0179de3c568e9d9,9.0,2026-09-16T07:47:10.860600+00:00
campaign_noise,Proposed GP — campaign-only + fitted residual noise (matched comparison),ROUND_010,v2_d3e3aa3e830f,before_batch,pre_outcome_challenger_after_slate_selection,32.37719858197825,-3.387718347471562,68.14211551142806,-6.9424991300548555,71.69689629401135,False,[],not used,21.097500000000004,full_slate,[],batch_gp_v1,c66b0484f9ee05a9880381a866622b0e034cd63a1a3b9802c0179de3c568e9d9,9.0,2026-09-16T07:47:10.860600+00:00
campaign_noise,Proposed GP — campaign-only + fitted residual noise (matched comparison),ROUND_010,v2_cc16b5977344,before_batch,pre_outcome_challenger_after_slate_selection,32.29653982930096,-3.4823631913902418,68.07544284999216,-7.035879960984531,71.62895961958645,False,[],not used,16.3325,full_slate,[],batch_gp_v1,c66b0484f9ee05a9880381a866622b0e034cd63a1a3b9802c0179de3c568e9d9,9.0,2026-09-16T07:47:10.860600+00:00
campaign_noise,Proposed GP — campaign-only + fitted residual noise (matched comparison),ROUND_010,v2_d36a198b8927,before_batch,pre_outcome_challenger_after_slate_selection,31.965860072977684,-3.7909105650066337,67.722630710962,-7.346427976086993,71.27814812204235,False,[],not used,16.0075,full_slate,[],batch_gp_v1,c66b0484f9ee05a9880381a866622b0e034cd63a1a3b9802c0179de3c568e9d9,9.0,2026-09-16T07:47:10.860600+00:00
batch,Proposed GP — campaign-only + batch effect,ROUND_010,v2_3e8ef993abba,before_batch,pre_outcome_challenger_after_slate_selection,58.68856754788237,37.50873031115723,79.86840478460752,33.15692583111096,84.22020926465379,False,[],not used,15.96,full_slate,[],batch_gp_v1,c66b0484f9ee05a9880381a866622b0e034cd63a1a3b9802c0179de3c568e9d9,9.0,2026-09-16T07:47:10.860600+00:00
batch,Proposed GP — campaign-only + batch effect,ROUND_010,v2_6f20e63adb1d,before_batch,pre_outcome_challenger_after_slate_selection,52.32003429661831,34.18227520358782,70.4577933896488,29.2493271488904,75.39074144434622,False,[],not used,26.385,full_slate,[],batch_gp_v1,c66b0484f9ee05a9880381a866622b0e034cd63a1a3b9802c0179de3c568e9d9,9.0,2026-09-16T07:47:10.860600+00:00
batch,Proposed GP — campaign-only + batch effect,ROUND_010,v2_4d49c0b641bb,before_batch,pre_outcome_challenger_after_slate_selection,10.26064394723359,-11.410359322819094,31.931647217286272,-15.6798958719384,36.20118376640558,False,[],not used,2.155,full_slate,[],batch_gp_v1,c66b0484f9ee05a9880381a866622b0e034cd63a1a3b9802c0179de3c568e9d9,9.0,2026-09-16T07:47:10.860600+00:00
batch,Proposed GP — campaign-only + batch effect,ROUND_010,v2_a288e68df07e,before_batch,pre_outcome_challenger_after_slate_selection,41.24308538607881,16.375881778163464,66.11028899399416,12.57852471166883,69.90764606048879,False,[],not used,31.5,full_slate,[],batch_gp_v1,c66b0484f9ee05a9880381a866622b0e034cd63a1a3b9802c0179de3c568e9d9,9.0,2026-09-16T07:47:10.860600+00:00
batch,Proposed GP — campaign-only + batch effect,ROUND_010,v2_211d2693ca45,before_batch,pre_outcome_challenger_after_slate_selection,54.05102012893963,25.342623609122217,82.75941664875705,21.99713964437929,86.10490061349998,False,[],not used,31.775,full_slate,[],batch_gp_v1,c66b0484f9ee05a9880381a866622b0e034cd63a1a3b9802c0179de3c568e9d9,9.0,2026-09-16T07:47:10.860600+00:00
batch,Proposed GP — campaign-only + batch effect,ROUND_010,v2_55f87bb2c839,before_batch,pre_outcome_challenger_after_slate_selection,53.18238943964246,22.181959211185013,84.18281966809991,19.060462505061643,87.30431637422328,False,[],not used,38.1975,full_slate,[],batch_gp_v1,c66b0484f9ee05a9880381a866622b0e034cd63a1a3b9802c0179de3c568e9d9,9.0,2026-09-16T07:47:10.860600+00:00
batch,Proposed GP — campaign-only + batch effect,ROUND_010,v2_a409fb1db800,before_batch,pre_outcome_challenger_after_slate_selection,32.98216900930712,-5.369309199206732,71.33364721782098,-7.933782698523487,73.89812071713773,False,[],not used,5.5225,full_slate,[],batch_gp_v1,c66b0484f9ee05a9880381a866622b0e034cd63a1a3b9802c0179de3c568e9d9,9.0,2026-09-16T07:47:10.860600+00:00
batch,Proposed GP — campaign-only + batch effect,ROUND_010,v2_c60ceb90bc67,before_batch,pre_outcome_challenger_after_slate_selection,33.791845066867886,-4.507890349570523,72.0915804833063,-7.075610889535859,74.65930102327164,False,[],not used,27.770000000000003,full_slate,[],batch_gp_v1,c66b0484f9ee05a9880381a866622b0e034cd63a1a3b9802c0179de3c568e9d9,9.0,2026-09-16T07:47:10.860600+00:00
batch,Proposed GP — campaign-only + batch effect,ROUND_010,v2_d3e3aa3e830f,before_batch,pre_outcome_challenger_after_slate_selection,32.6169171056591,-6.4997907544088775,71.73362496572707,-9.017156165993256,74.25099037731145,False,[],not used,21.097500000000004,full_slate,[],batch_gp_v1,c66b0484f9ee05a9880381a866622b0e034cd63a1a3b9802c0179de3c568e9d9,9.0,2026-09-16T07:47:10.860600+00:00
batch,Proposed GP — campaign-only + batch effect,ROUND_010,v2_cc16b5977344,before_batch,pre_outcome_challenger_after_slate_selection,32.61652203986245,-6.513290398642056,71.74633447836696,-9.029863695900453,74.26290777562537,False,[],not used,16.3325,full_slate,[],batch_gp_v1,c66b0484f9ee05a9880381a866622b0e034cd63a1a3b9802c0179de3c568e9d9,9.0,2026-09-16T07:47:10.860600+00:00
batch,Proposed GP — campaign-only + batch effect,ROUND_010,v2_d36a198b8927,before_batch,pre_outcome_challenger_after_slate_selection,32.551846980785655,-6.557468944373731,71.66116290594505,-9.075281379375577,74.17897534094689,False,[],not used,16.0075,full_slate,[],batch_gp_v1,c66b0484f9ee05a9880381a866622b0e034cd63a1a3b9802c0179de3c568e9d9,9.0,2026-09-16T07:47:10.860600+00:00
batch,Proposed GP — campaign-only + batch effect,ROUND_010,v2_a288e68df07e,reference_conditioned,pre_outcome_challenger_after_slate_selection,22.916575751678515,2.037610994823705,43.79554050853332,-2.366034728598212,48.19918623195524,False,"[""v2_3e8ef993abba"", ""v2_6f20e63adb1d"", ""v2_4d49c0b641bb""]",not used,31.5,matched_nonreference,"[""obs_ROUND_010_v2_3e8ef993abba_viability_001_viability"", ""obs_ROUND_010_v2_3e8ef993abba_viability_002_viability"", ""obs_ROUND_010_v2_3e8ef993abba_viability_003_viability"", ""obs_ROUND_010_v2_3e8ef993abba_viability_004_viability"", ""obs_ROUND_010_v2_6f20e63adb1d_viability_001_viability"", ""obs_ROUND_010_v2_6f20e63adb1d_viability_002_viability"", ""obs_ROUND_010_v2_6f20e63adb1d_viability_003_viability"", ""obs_ROUND_010_v2_6f20e63adb1d_viability_004_viability"", ""obs_ROUND_010_v2_4d49c0b641bb_viability_001_viability"", ""obs_ROUND_010_v2_4d49c0b641bb_viability_002_viability"", ""obs_ROUND_010_v2_4d49c0b641bb_viability_003_viability"", ""obs_ROUND_010_v2_4d49c0b641bb_viability_004_viability""]",batch_gp_v1,c66b0484f9ee05a9880381a866622b0e034cd63a1a3b9802c0179de3c568e9d9,9.0,2026-09-16T07:47:10.860600+00:00
batch,Proposed GP — campaign-only + batch effect,ROUND_010,v2_211d2693ca45,reference_conditioned,pre_outcome_challenger_after_slate_selection,32.718209004786516,7.720484716340472,57.71593329323256,3.940345237985152,61.49607277158787,False,"[""v2_3e8ef993abba"", ""v2_6f20e63adb1d"", ""v2_4d49c0b641bb""]",not used,31.775,matched_nonreference,"[""obs_ROUND_010_v2_3e8ef993abba_viability_001_viability"", ""obs_ROUND_010_v2_3e8ef993abba_viability_002_viability"", ""obs_ROUND_010_v2_3e8ef993abba_viability_003_viability"", ""obs_ROUND_010_v2_3e8ef993abba_viability_004_viability"", ""obs_ROUND_010_v2_6f20e63adb1d_viability_001_viability"", ""obs_ROUND_010_v2_6f20e63adb1d_viability_002_viability"", ""obs_ROUND_010_v2_6f20e63adb1d_viability_003_viability"", ""obs_ROUND_010_v2_6f20e63adb1d_viability_004_viability"", ""obs_ROUND_010_v2_4d49c0b641bb_viability_001_viability"", ""obs_ROUND_010_v2_4d49c0b641bb_viability_002_viability"", ""obs_ROUND_010_v2_4d49c0b641bb_viability_003_viability"", ""obs_ROUND_010_v2_4d49c0b641bb_viability_004_viability""]",batch_gp_v1,c66b0484f9ee05a9880381a866622b0e034cd63a1a3b9802c0179de3c568e9d9,9.0,2026-09-16T07:47:10.860600+00:00
batch,Proposed GP — campaign-only + batch effect,ROUND_010,v2_55f87bb2c839,reference_conditioned,pre_outcome_challenger_after_slate_selection,32.83379812721604,5.12424032194528,60.5433559324868,1.6713396692725304,63.99625658515956,False,"[""v2_3e8ef993abba"", ""v2_6f20e63adb1d"", ""v2_4d49c0b641bb""]",not used,38.1975,matched_nonreference,"[""obs_ROUND_010_v2_3e8ef993abba_viability_001_viability"", ""obs_ROUND_010_v2_3e8ef993abba_viability_002_viability"", ""obs_ROUND_010_v2_3e8ef993abba_viability_003_viability"", ""obs_ROUND_010_v2_3e8ef993abba_viability_004_viability"", ""obs_ROUND_010_v2_6f20e63adb1d_viability_001_viability"", ""obs_ROUND_010_v2_6f20e63adb1d_viability_002_viability"", ""obs_ROUND_010_v2_6f20e63adb1d_viability_003_viability"", ""obs_ROUND_010_v2_6f20e63adb1d_viability_004_viability"", ""obs_ROUND_010_v2_4d49c0b641bb_viability_001_viability"", ""obs_ROUND_010_v2_4d49c0b641bb_viability_002_viability"", ""obs_ROUND_010_v2_4d49c0b641bb_viability_003_viability"", ""obs_ROUND_010_v2_4d49c0b641bb_viability_004_viability""]",batch_gp_v1,c66b0484f9ee05a9880381a866622b0e034cd63a1a3b9802c0179de3c568e9d9,9.0,2026-09-16T07:47:10.860600+00:00
batch,Proposed GP — campaign-only + batch effect,ROUND_010,v2_a409fb1db800,reference_conditioned,pre_outcome_challenger_after_slate_selection,15.389541304782677,-20.673809952322067,51.45289256188742,-23.38989302931678,54.16897563888213,False,"[""v2_3e8ef993abba"", ""v2_6f20e63adb1d"", ""v2_4d49c0b641bb""]",not used,5.5225,matched_nonreference,"[""obs_ROUND_010_v2_3e8ef993abba_viability_001_viability"", ""obs_ROUND_010_v2_3e8ef993abba_viability_002_viability"", ""obs_ROUND_010_v2_3e8ef993abba_viability_003_viability"", ""obs_ROUND_010_v2_3e8ef993abba_viability_004_viability"", ""obs_ROUND_010_v2_6f20e63adb1d_viability_001_viability"", ""obs_ROUND_010_v2_6f20e63adb1d_viability_002_viability"", ""obs_ROUND_010_v2_6f20e63adb1d_viability_003_viability"", ""obs_ROUND_010_v2_6f20e63adb1d_viability_004_viability"", ""obs_ROUND_010_v2_4d49c0b641bb_viability_001_viability"", ""obs_ROUND_010_v2_4d49c0b641bb_viability_002_viability"", ""obs_ROUND_010_v2_4d49c0b641bb_viability_003_viability"", ""obs_ROUND_010_v2_4d49c0b641bb_viability_004_viability""]",batch_gp_v1,c66b0484f9ee05a9880381a866622b0e034cd63a1a3b9802c0179de3c568e9d9,9.0,2026-09-16T07:47:10.860600+00:00
batch,Proposed GP — campaign-only + batch effect,ROUND_010,v2_c60ceb90bc67,reference_conditioned,pre_outcome_challenger_after_slate_selection,16.24840280567345,-19.767782219308906,52.264587830655806,-22.48717266614802,54.98397827749492,False,"[""v2_3e8ef993abba"", ""v2_6f20e63adb1d"", ""v2_4d49c0b641bb""]",not used,27.770000000000003,matched_nonreference,"[""obs_ROUND_010_v2_3e8ef993abba_viability_001_viability"", ""obs_ROUND_010_v2_3e8ef993abba_viability_002_viability"", ""obs_ROUND_010_v2_3e8ef993abba_viability_003_viability"", ""obs_ROUND_010_v2_3e8ef993abba_viability_004_viability"", ""obs_ROUND_010_v2_6f20e63adb1d_viability_001_viability"", ""obs_ROUND_010_v2_6f20e63adb1d_viability_002_viability"", ""obs_ROUND_010_v2_6f20e63adb1d_viability_003_viability"", ""obs_ROUND_010_v2_6f20e63adb1d_viability_004_viability"", ""obs_ROUND_010_v2_4d49c0b641bb_viability_001_viability"", ""obs_ROUND_010_v2_4d49c0b641bb_viability_002_viability"", ""obs_ROUND_010_v2_4d49c0b641bb_viability_003_viability"", ""obs_ROUND_010_v2_4d49c0b641bb_viability_004_viability""]",batch_gp_v1,c66b0484f9ee05a9880381a866622b0e034cd63a1a3b9802c0179de3c568e9d9,9.0,2026-09-16T07:47:10.860600+00:00
batch,Proposed GP — campaign-only + batch effect,ROUND_010,v2_d3e3aa3e830f,reference_conditioned,pre_outcome_challenger_after_slate_selection,15.111087268416554,-21.791677510753765,52.01385204758687,-24.450172465396108,54.672347002229216,False,"[""v2_3e8ef993abba"", ""v2_6f20e63adb1d"", ""v2_4d49c0b641bb""]",not used,21.097500000000004,matched_nonreference,"[""obs_ROUND_010_v2_3e8ef993abba_viability_001_viability"", ""obs_ROUND_010_v2_3e8ef993abba_viability_002_viability"", ""obs_ROUND_010_v2_3e8ef993abba_viability_003_viability"", ""obs_ROUND_010_v2_3e8ef993abba_viability_004_viability"", ""obs_ROUND_010_v2_6f20e63adb1d_viability_001_viability"", ""obs_ROUND_010_v2_6f20e63adb1d_viability_002_viability"", ""obs_ROUND_010_v2_6f20e63adb1d_viability_003_viability"", ""obs_ROUND_010_v2_6f20e63adb1d_viability_004_viability"", ""obs_ROUND_010_v2_4d49c0b641bb_viability_001_viability"", ""obs_ROUND_010_v2_4d49c0b641bb_viability_002_viability"", ""obs_ROUND_010_v2_4d49c0b641bb_viability_003_viability"", ""obs_ROUND_010_v2_4d49c0b641bb_viability_004_viability""]",batch_gp_v1,c66b0484f9ee05a9880381a866622b0e034cd63a1a3b9802c0179de3c568e9d9,9.0,2026-09-16T07:47:10.860600+00:00
batch,Proposed GP — campaign-only + batch effect,ROUND_010,v2_cc16b5977344,reference_conditioned,pre_outcome_challenger_after_slate_selection,15.074722843574204,-21.83186776186285,51.98131344901125,-24.490105647103572,54.639551334251976,False,"[""v2_3e8ef993abba"", ""v2_6f20e63adb1d"", ""v2_4d49c0b641bb""]",not used,16.3325,matched_nonreference,"[""obs_ROUND_010_v2_3e8ef993abba_viability_001_viability"", ""obs_ROUND_010_v2_3e8ef993abba_viability_002_viability"", ""obs_ROUND_010_v2_3e8ef993abba_viability_003_viability"", ""obs_ROUND_010_v2_3e8ef993abba_viability_004_viability"", ""obs_ROUND_010_v2_6f20e63adb1d_viability_001_viability"", ""obs_ROUND_010_v2_6f20e63adb1d_viability_002_viability"", ""obs_ROUND_010_v2_6f20e63adb1d_viability_003_viability"", ""obs_ROUND_010_v2_6f20e63adb1d_viability_004_viability"", ""obs_ROUND_010_v2_4d49c0b641bb_viability_001_viability"", ""obs_ROUND_010_v2_4d49c0b641bb_viability_002_viability"", ""obs_ROUND_010_v2_4d49c0b641bb_viability_003_viability"", ""obs_ROUND_010_v2_4d49c0b641bb_viability_004_viability""]",batch_gp_v1,c66b0484f9ee05a9880381a866622b0e034cd63a1a3b9802c0179de3c568e9d9,9.0,2026-09-16T07:47:10.860600+00:00
batch,Proposed GP — campaign-only + batch effect,ROUND_010,v2_d36a198b8927,reference_conditioned,pre_outcome_challenger_after_slate_selection,15.050363501801977,-21.83629702660594,51.93702403020989,-24.49587460395746,54.59660160756141,False,"[""v2_3e8ef993abba"", ""v2_6f20e63adb1d"", ""v2_4d49c0b641bb""]",not used,16.0075,matched_nonreference,"[""obs_ROUND_010_v2_3e8ef993abba_viability_001_viability"", ""obs_ROUND_010_v2_3e8ef993abba_viability_002_viability"", ""obs_ROUND_010_v2_3e8ef993abba_viability_003_viability"", ""obs_ROUND_010_v2_3e8ef993abba_viability_004_viability"", ""obs_ROUND_010_v2_6f20e63adb1d_viability_001_viability"", ""obs_ROUND_010_v2_6f20e63adb1d_viability_002_viability"", ""obs_ROUND_010_v2_6f20e63adb1d_viability_003_viability"", ""obs_ROUND_010_v2_6f20e63adb1d_viability_004_viability"", ""obs_ROUND_010_v2_4d49c0b641bb_viability_001_viability"", ""obs_ROUND_010_v2_4d49c0b641bb_viability_002_viability"", ""obs_ROUND_010_v2_4d49c0b641bb_viability_003_viability"", ""obs_ROUND_010_v2_4d49c0b641bb_viability_004_viability""]",batch_gp_v1,c66b0484f9ee05a9880381a866622b0e034cd63a1a3b9802c0179de3c568e9d9,9.0,2026-09-16T07:47:10.860600+00:00
batch,Proposed GP — campaign-only + batch effect,ROUND_010,v2_a288e68df07e,before_batch,pre_outcome_challenger_after_slate_selection,41.24308538607881,16.375881778163464,66.11028899399416,12.57852471166883,69.90764606048879,False,"[""v2_3e8ef993abba"", ""v2_6f20e63adb1d"", ""v2_4d49c0b641bb""]",not used,31.5,matched_nonreference,"[""obs_ROUND_010_v2_3e8ef993abba_viability_001_viability"", ""obs_ROUND_010_v2_3e8ef993abba_viability_002_viability"", ""obs_ROUND_010_v2_3e8ef993abba_viability_003_viability"", ""obs_ROUND_010_v2_3e8ef993abba_viability_004_viability"", ""obs_ROUND_010_v2_6f20e63adb1d_viability_001_viability"", ""obs_ROUND_010_v2_6f20e63adb1d_viability_002_viability"", ""obs_ROUND_010_v2_6f20e63adb1d_viability_003_viability"", ""obs_ROUND_010_v2_6f20e63adb1d_viability_004_viability"", ""obs_ROUND_010_v2_4d49c0b641bb_viability_001_viability"", ""obs_ROUND_010_v2_4d49c0b641bb_viability_002_viability"", ""obs_ROUND_010_v2_4d49c0b641bb_viability_003_viability"", ""obs_ROUND_010_v2_4d49c0b641bb_viability_004_viability""]",batch_gp_v1,c66b0484f9ee05a9880381a866622b0e034cd63a1a3b9802c0179de3c568e9d9,9.0,2026-09-16T07:47:10.860600+00:00
batch,Proposed GP — campaign-only + batch effect,ROUND_010,v2_211d2693ca45,before_batch,pre_outcome_challenger_after_slate_selection,54.05102012893963,25.342623609122217,82.75941664875705,21.99713964437929,86.10490061349998,False,"[""v2_3e8ef993abba"", ""v2_6f20e63adb1d"", ""v2_4d49c0b641bb""]",not used,31.775,matched_nonreference,"[""obs_ROUND_010_v2_3e8ef993abba_viability_001_viability"", ""obs_ROUND_010_v2_3e8ef993abba_viability_002_viability"", ""obs_ROUND_010_v2_3e8ef993abba_viability_003_viability"", ""obs_ROUND_010_v2_3e8ef993abba_viability_004_viability"", ""obs_ROUND_010_v2_6f20e63adb1d_viability_001_viability"", ""obs_ROUND_010_v2_6f20e63adb1d_viability_002_viability"", ""obs_ROUND_010_v2_6f20e63adb1d_viability_003_viability"", ""obs_ROUND_010_v2_6f20e63adb1d_viability_004_viability"", ""obs_ROUND_010_v2_4d49c0b641bb_viability_001_viability"", ""obs_ROUND_010_v2_4d49c0b641bb_viability_002_viability"", ""obs_ROUND_010_v2_4d49c0b641bb_viability_003_viability"", ""obs_ROUND_010_v2_4d49c0b641bb_viability_004_viability""]",batch_gp_v1,c66b0484f9ee05a9880381a866622b0e034cd63a1a3b9802c0179de3c568e9d9,9.0,2026-09-16T07:47:10.860600+00:00
batch,Proposed GP — campaign-only + batch effect,ROUND_010,v2_55f87bb2c839,before_batch,pre_outcome_challenger_after_slate_selection,53.18238943964246,22.181959211185013,84.18281966809991,19.060462505061643,87.30431637422328,False,"[""v2_3e8ef993abba"", ""v2_6f20e63adb1d"", ""v2_4d49c0b641bb""]",not used,38.1975,matched_nonreference,"[""obs_ROUND_010_v2_3e8ef993abba_viability_001_viability"", ""obs_ROUND_010_v2_3e8ef993abba_viability_002_viability"", ""obs_ROUND_010_v2_3e8ef993abba_viability_003_viability"", ""obs_ROUND_010_v2_3e8ef993abba_viability_004_viability"", ""obs_ROUND_010_v2_6f20e63adb1d_viability_001_viability"", ""obs_ROUND_010_v2_6f20e63adb1d_viability_002_viability"", ""obs_ROUND_010_v2_6f20e63adb1d_viability_003_viability"", ""obs_ROUND_010_v2_6f20e63adb1d_viability_004_viability"", ""obs_ROUND_010_v2_4d49c0b641bb_viability_001_viability"", ""obs_ROUND_010_v2_4d49c0b641bb_viability_002_viability"", ""obs_ROUND_010_v2_4d49c0b641bb_viability_003_viability"", ""obs_ROUND_010_v2_4d49c0b641bb_viability_004_viability""]",batch_gp_v1,c66b0484f9ee05a9880381a866622b0e034cd63a1a3b9802c0179de3c568e9d9,9.0,2026-09-16T07:47:10.860600+00:00
batch,Proposed GP — campaign-only + batch effect,ROUND_010,v2_a409fb1db800,before_batch,pre_outcome_challenger_after_slate_selection,32.98216900930712,-5.369309199206732,71.33364721782098,-7.933782698523487,73.89812071713773,False,"[""v2_3e8ef993abba"", ""v2_6f20e63adb1d"", ""v2_4d49c0b641bb""]",not used,5.5225,matched_nonreference,"[""obs_ROUND_010_v2_3e8ef993abba_viability_001_viability"", ""obs_ROUND_010_v2_3e8ef993abba_viability_002_viability"", ""obs_ROUND_010_v2_3e8ef993abba_viability_003_viability"", ""obs_ROUND_010_v2_3e8ef993abba_viability_004_viability"", ""obs_ROUND_010_v2_6f20e63adb1d_viability_001_viability"", ""obs_ROUND_010_v2_6f20e63adb1d_viability_002_viability"", ""obs_ROUND_010_v2_6f20e63adb1d_viability_003_viability"", ""obs_ROUND_010_v2_6f20e63adb1d_viability_004_viability"", ""obs_ROUND_010_v2_4d49c0b641bb_viability_001_viability"", ""obs_ROUND_010_v2_4d49c0b641bb_viability_002_viability"", ""obs_ROUND_010_v2_4d49c0b641bb_viability_003_viability"", ""obs_ROUND_010_v2_4d49c0b641bb_viability_004_viability""]",batch_gp_v1,c66b0484f9ee05a9880381a866622b0e034cd63a1a3b9802c0179de3c568e9d9,9.0,2026-09-16T07:47:10.860600+00:00
batch,Proposed GP — campaign-only + batch effect,ROUND_010,v2_c60ceb90bc67,before_batch,pre_outcome_challenger_after_slate_selection,33.791845066867886,-4.507890349570523,72.0915804833063,-7.075610889535859,74.65930102327164,False,"[""v2_3e8ef993abba"", ""v2_6f20e63adb1d"", ""v2_4d49c0b641bb""]",not used,27.770000000000003,matched_nonreference,"[""obs_ROUND_010_v2_3e8ef993abba_viability_001_viability"", ""obs_ROUND_010_v2_3e8ef993abba_viability_002_viability"", ""obs_ROUND_010_v2_3e8ef993abba_viability_003_viability"", ""obs_ROUND_010_v2_3e8ef993abba_viability_004_viability"", ""obs_ROUND_010_v2_6f20e63adb1d_viability_001_viability"", ""obs_ROUND_010_v2_6f20e63adb1d_viability_002_viability"", ""obs_ROUND_010_v2_6f20e63adb1d_viability_003_viability"", ""obs_ROUND_010_v2_6f20e63adb1d_viability_004_viability"", ""obs_ROUND_010_v2_4d49c0b641bb_viability_001_viability"", ""obs_ROUND_010_v2_4d49c0b641bb_viability_002_viability"", ""obs_ROUND_010_v2_4d49c0b641bb_viability_003_viability"", ""obs_ROUND_010_v2_4d49c0b641bb_viability_004_viability""]",batch_gp_v1,c66b0484f9ee05a9880381a866622b0e034cd63a1a3b9802c0179de3c568e9d9,9.0,2026-09-16T07:47:10.860600+00:00
batch,Proposed GP — campaign-only + batch effect,ROUND_010,v2_d3e3aa3e830f,before_batch,pre_outcome_challenger_after_slate_selection,32.6169171056591,-6.4997907544088775,71.73362496572707,-9.017156165993256,74.25099037731145,False,"[""v2_3e8ef993abba"", ""v2_6f20e63adb1d"", ""v2_4d49c0b641bb""]",not used,21.097500000000004,matched_nonreference,"[""obs_ROUND_010_v2_3e8ef993abba_viability_001_viability"", ""obs_ROUND_010_v2_3e8ef993abba_viability_002_viability"", ""obs_ROUND_010_v2_3e8ef993abba_viability_003_viability"", ""obs_ROUND_010_v2_3e8ef993abba_viability_004_viability"", ""obs_ROUND_010_v2_6f20e63adb1d_viability_001_viability"", ""obs_ROUND_010_v2_6f20e63adb1d_viability_002_viability"", ""obs_ROUND_010_v2_6f20e63adb1d_viability_003_viability"", ""obs_ROUND_010_v2_6f20e63adb1d_viability_004_viability"", ""obs_ROUND_010_v2_4d49c0b641bb_viability_001_viability"", ""obs_ROUND_010_v2_4d49c0b641bb_viability_002_viability"", ""obs_ROUND_010_v2_4d49c0b641bb_viability_003_viability"", ""obs_ROUND_010_v2_4d49c0b641bb_viability_004_viability""]",batch_gp_v1,c66b0484f9ee05a9880381a866622b0e034cd63a1a3b9802c0179de3c568e9d9,9.0,2026-09-16T07:47:10.860600+00:00
batch,Proposed GP — campaign-only + batch effect,ROUND_010,v2_cc16b5977344,before_batch,pre_outcome_challenger_after_slate_selection,32.61652203986245,-6.513290398642056,71.74633447836696,-9.029863695900453,74.26290777562537,False,"[""v2_3e8ef993abba"", ""v2_6f20e63adb1d"", ""v2_4d49c0b641bb""]",not used,16.3325,matched_nonreference,"[""obs_ROUND_010_v2_3e8ef993abba_viability_001_viability"", ""obs_ROUND_010_v2_3e8ef993abba_viability_002_viability"", ""obs_ROUND_010_v2_3e8ef993abba_viability_003_viability"", ""obs_ROUND_010_v2_3e8ef993abba_viability_004_viability"", ""obs_ROUND_010_v2_6f20e63adb1d_viability_001_viability"", ""obs_ROUND_010_v2_6f20e63adb1d_viability_002_viability"", ""obs_ROUND_010_v2_6f20e63adb1d_viability_003_viability"", ""obs_ROUND_010_v2_6f20e63adb1d_viability_004_viability"", ""obs_ROUND_010_v2_4d49c0b641bb_viability_001_viability"", ""obs_ROUND_010_v2_4d49c0b641bb_viability_002_viability"", ""obs_ROUND_010_v2_4d49c0b641bb_viability_003_viability"", ""obs_ROUND_010_v2_4d49c0b641bb_viability_004_viability""]",batch_gp_v1,c66b0484f9ee05a9880381a866622b0e034cd63a1a3b9802c0179de3c568e9d9,9.0,2026-09-16T07:47:10.860600+00:00
batch,Proposed GP — campaign-only + batch effect,ROUND_010,v2_d36a198b8927,before_batch,pre_outcome_challenger_after_slate_selection,32.551846980785655,-6.557468944373731,71.66116290594505,-9.075281379375577,74.17897534094689,False,"[""v2_3e8ef993abba"", ""v2_6f20e63adb1d"", ""v2_4d49c0b641bb""]",not used,16.0075,matched_nonreference,"[""obs_ROUND_010_v2_3e8ef993abba_viability_001_viability"", ""obs_ROUND_010_v2_3e8ef993abba_viability_002_viability"", ""obs_ROUND_010_v2_3e8ef993abba_viability_003_viability"", ""obs_ROUND_010_v2_3e8ef993abba_viability_004_viability"", ""obs_ROUND_010_v2_6f20e63adb1d_viability_001_viability"", ""obs_ROUND_010_v2_6f20e63adb1d_viability_002_viability"", ""obs_ROUND_010_v2_6f20e63adb1d_viability_003_viability"", ""obs_ROUND_010_v2_6f20e63adb1d_viability_004_viability"", ""obs_ROUND_010_v2_4d49c0b641bb_viability_001_viability"", ""obs_ROUND_010_v2_4d49c0b641bb_viability_002_viability"", ""obs_ROUND_010_v2_4d49c0b641bb_viability_003_viability"", ""obs_ROUND_010_v2_4d49c0b641bb_viability_004_viability""]",batch_gp_v1,c66b0484f9ee05a9880381a866622b0e034cd63a1a3b9802c0179de3c568e9d9,9.0,2026-09-16T07:47:10.860600+00:00
control,Proposed GP — campaign-only + batch effect + control calibration,ROUND_010,reference_b5a5b7b1176f,before_batch,pre_outcome_challenger_after_slate_selection,33.377662037037034,-65.89411207428228,132.64943614835636,-66.91273809472145,133.6680621687955,True,[],insufficient reference history; prior-sensitive,35.555,full_slate,[],batch_gp_v1,c66b0484f9ee05a9880381a866622b0e034cd63a1a3b9802c0179de3c568e9d9,9.0,2026-09-16T07:47:10.860600+00:00
control,Proposed GP — campaign-only + batch effect + control calibration,ROUND_010,v2_3e8ef993abba,before_batch,pre_outcome_challenger_after_slate_selection,58.68856754788237,37.50873031115723,79.86840478460752,33.15692583111096,84.22020926465379,False,[],insufficient reference history; prior-sensitive,15.96,full_slate,[],batch_gp_v1,c66b0484f9ee05a9880381a866622b0e034cd63a1a3b9802c0179de3c568e9d9,9.0,2026-09-16T07:47:10.860600+00:00
control,Proposed GP — campaign-only + batch effect + control calibration,ROUND_010,v2_6f20e63adb1d,before_batch,pre_outcome_challenger_after_slate_selection,52.32003429661831,34.18227520358782,70.4577933896488,29.2493271488904,75.39074144434622,False,[],insufficient reference history; prior-sensitive,26.385,full_slate,[],batch_gp_v1,c66b0484f9ee05a9880381a866622b0e034cd63a1a3b9802c0179de3c568e9d9,9.0,2026-09-16T07:47:10.860600+00:00
control,Proposed GP — campaign-only + batch effect + control calibration,ROUND_010,v2_4d49c0b641bb,before_batch,pre_outcome_challenger_after_slate_selection,10.26064394723359,-11.410359322819094,31.931647217286272,-15.6798958719384,36.20118376640558,False,[],insufficient reference history; prior-sensitive,2.155,full_slate,[],batch_gp_v1,c66b0484f9ee05a9880381a866622b0e034cd63a1a3b9802c0179de3c568e9d9,9.0,2026-09-16T07:47:10.860600+00:00
control,Proposed GP — campaign-only + batch effect + control calibration,ROUND_010,v2_a288e68df07e,before_batch,pre_outcome_challenger_after_slate_selection,41.24308538607881,16.375881778163464,66.11028899399416,12.57852471166883,69.90764606048879,False,[],insufficient reference history; prior-sensitive,31.5,full_slate,[],batch_gp_v1,c66b0484f9ee05a9880381a866622b0e034cd63a1a3b9802c0179de3c568e9d9,9.0,2026-09-16T07:47:10.860600+00:00
control,Proposed GP — campaign-only + batch effect + control calibration,ROUND_010,v2_211d2693ca45,before_batch,pre_outcome_challenger_after_slate_selection,54.05102012893963,25.342623609122217,82.75941664875705,21.99713964437929,86.10490061349998,False,[],insufficient reference history; prior-sensitive,31.775,full_slate,[],batch_gp_v1,c66b0484f9ee05a9880381a866622b0e034cd63a1a3b9802c0179de3c568e9d9,9.0,2026-09-16T07:47:10.860600+00:00
control,Proposed GP — campaign-only + batch effect + control calibration,ROUND_010,v2_55f87bb2c839,before_batch,pre_outcome_challenger_after_slate_selection,53.18238943964246,22.181959211185013,84.18281966809991,19.060462505061643,87.30431637422328,False,[],insufficient reference history; prior-sensitive,38.1975,full_slate,[],batch_gp_v1,c66b0484f9ee05a9880381a866622b0e034cd63a1a3b9802c0179de3c568e9d9,9.0,2026-09-16T07:47:10.860600+00:00
control,Proposed GP — campaign-only + batch effect + control calibration,ROUND_010,v2_a409fb1db800,before_batch,pre_outcome_challenger_after_slate_selection,32.98216900930712,-5.369309199206732,71.33364721782098,-7.933782698523487,73.89812071713773,False,[],insufficient reference history; prior-sensitive,5.5225,full_slate,[],batch_gp_v1,c66b0484f9ee05a9880381a866622b0e034cd63a1a3b9802c0179de3c568e9d9,9.0,2026-09-16T07:47:10.860600+00:00
control,Proposed GP — campaign-only + batch effect + control calibration,ROUND_010,v2_c60ceb90bc67,before_batch,pre_outcome_challenger_after_slate_selection,33.791845066867886,-4.507890349570523,72.0915804833063,-7.075610889535859,74.65930102327164,False,[],insufficient reference history; prior-sensitive,27.770000000000003,full_slate,[],batch_gp_v1,c66b0484f9ee05a9880381a866622b0e034cd63a1a3b9802c0179de3c568e9d9,9.0,2026-09-16T07:47:10.860600+00:00
control,Proposed GP — campaign-only + batch effect + control calibration,ROUND_010,v2_d3e3aa3e830f,before_batch,pre_outcome_challenger_after_slate_selection,32.6169171056591,-6.4997907544088775,71.73362496572707,-9.017156165993256,74.25099037731145,False,[],insufficient reference history; prior-sensitive,21.097500000000004,full_slate,[],batch_gp_v1,c66b0484f9ee05a9880381a866622b0e034cd63a1a3b9802c0179de3c568e9d9,9.0,2026-09-16T07:47:10.860600+00:00
control,Proposed GP — campaign-only + batch effect + control calibration,ROUND_010,v2_cc16b5977344,before_batch,pre_outcome_challenger_after_slate_selection,32.61652203986245,-6.513290398642056,71.74633447836696,-9.029863695900453,74.26290777562537,False,[],insufficient reference history; prior-sensitive,16.3325,full_slate,[],batch_gp_v1,c66b0484f9ee05a9880381a866622b0e034cd63a1a3b9802c0179de3c568e9d9,9.0,2026-09-16T07:47:10.860600+00:00
control,Proposed GP — campaign-only + batch effect + control calibration,ROUND_010,v2_d36a198b8927,before_batch,pre_outcome_challenger_after_slate_selection,32.551846980785655,-6.557468944373731,71.66116290594505,-9.075281379375577,74.17897534094689,False,[],insufficient reference history; prior-sensitive,16.0075,full_slate,[],batch_gp_v1,c66b0484f9ee05a9880381a866622b0e034cd63a1a3b9802c0179de3c568e9d9,9.0,2026-09-16T07:47:10.860600+00:00
control,Proposed GP — campaign-only + batch effect + control calibration,ROUND_010,v2_a288e68df07e,reference_conditioned,pre_outcome_challenger_after_slate_selection,23.06777171188804,2.2029200567521734,43.93262336702391,-2.2031850956853383,48.33872851946141,False,"[""reference_b5a5b7b1176f"", ""v2_3e8ef993abba"", ""v2_6f20e63adb1d"", ""v2_4d49c0b641bb""]",insufficient reference history; prior-sensitive,31.5,matched_nonreference,"[""obs_ROUND_010_reference_b5a5b7b1176f_viability_001_viability"", ""obs_ROUND_010_reference_b5a5b7b1176f_viability_002_viability"", ""obs_ROUND_010_reference_b5a5b7b1176f_viability_003_viability"", ""obs_ROUND_010_reference_b5a5b7b1176f_viability_004_viability"", ""obs_ROUND_010_v2_3e8ef993abba_viability_001_viability"", ""obs_ROUND_010_v2_3e8ef993abba_viability_002_viability"", ""obs_ROUND_010_v2_3e8ef993abba_viability_003_viability"", ""obs_ROUND_010_v2_3e8ef993abba_viability_004_viability"", ""obs_ROUND_010_v2_6f20e63adb1d_viability_001_viability"", ""obs_ROUND_010_v2_6f20e63adb1d_viability_002_viability"", ""obs_ROUND_010_v2_6f20e63adb1d_viability_003_viability"", ""obs_ROUND_010_v2_6f20e63adb1d_viability_004_viability"", ""obs_ROUND_010_v2_4d49c0b641bb_viability_001_viability"", ""obs_ROUND_010_v2_4d49c0b641bb_viability_002_viability"", ""obs_ROUND_010_v2_4d49c0b641bb_viability_003_viability"", ""obs_ROUND_010_v2_4d49c0b641bb_viability_004_viability""]",batch_gp_v1,c66b0484f9ee05a9880381a866622b0e034cd63a1a3b9802c0179de3c568e9d9,9.0,2026-09-16T07:47:10.860600+00:00
control,Proposed GP — campaign-only + batch effect + control calibration,ROUND_010,v2_211d2693ca45,reference_conditioned,pre_outcome_challenger_after_slate_selection,32.85991106348891,7.872539294067664,57.84728283291015,4.0910394950265285,61.62878263195129,False,"[""reference_b5a5b7b1176f"", ""v2_3e8ef993abba"", ""v2_6f20e63adb1d"", ""v2_4d49c0b641bb""]",insufficient reference history; prior-sensitive,31.775,matched_nonreference,"[""obs_ROUND_010_reference_b5a5b7b1176f_viability_001_viability"", ""obs_ROUND_010_reference_b5a5b7b1176f_viability_002_viability"", ""obs_ROUND_010_reference_b5a5b7b1176f_viability_003_viability"", ""obs_ROUND_010_reference_b5a5b7b1176f_viability_004_viability"", ""obs_ROUND_010_v2_3e8ef993abba_viability_001_viability"", ""obs_ROUND_010_v2_3e8ef993abba_viability_002_viability"", ""obs_ROUND_010_v2_3e8ef993abba_viability_003_viability"", ""obs_ROUND_010_v2_3e8ef993abba_viability_004_viability"", ""obs_ROUND_010_v2_6f20e63adb1d_viability_001_viability"", ""obs_ROUND_010_v2_6f20e63adb1d_viability_002_viability"", ""obs_ROUND_010_v2_6f20e63adb1d_viability_003_viability"", ""obs_ROUND_010_v2_6f20e63adb1d_viability_004_viability"", ""obs_ROUND_010_v2_4d49c0b641bb_viability_001_viability"", ""obs_ROUND_010_v2_4d49c0b641bb_viability_002_viability"", ""obs_ROUND_010_v2_4d49c0b641bb_viability_003_viability"", ""obs_ROUND_010_v2_4d49c0b641bb_viability_004_viability""]",batch_gp_v1,c66b0484f9ee05a9880381a866622b0e034cd63a1a3b9802c0179de3c568e9d9,9.0,2026-09-16T07:47:10.860600+00:00
control,Proposed GP — campaign-only + batch effect + control calibration,ROUND_010,v2_55f87bb2c839,reference_conditioned,pre_outcome_challenger_after_slate_selection,32.97788573187377,5.277984067146448,60.67778739660109,1.8240131697832496,64.13175829396428,False,"[""reference_b5a5b7b1176f"", ""v2_3e8ef993abba"", ""v2_6f20e63adb1d"", ""v2_4d49c0b641bb""]",insufficient reference history; prior-sensitive,38.1975,matched_nonreference,"[""obs_ROUND_010_reference_b5a5b7b1176f_viability_001_viability"", ""obs_ROUND_010_reference_b5a5b7b1176f_viability_002_viability"", ""obs_ROUND_010_reference_b5a5b7b1176f_viability_003_viability"", ""obs_ROUND_010_reference_b5a5b7b1176f_viability_004_viability"", ""obs_ROUND_010_v2_3e8ef993abba_viability_001_viability"", ""obs_ROUND_010_v2_3e8ef993abba_viability_002_viability"", ""obs_ROUND_010_v2_3e8ef993abba_viability_003_viability"", ""obs_ROUND_010_v2_3e8ef993abba_viability_004_viability"", ""obs_ROUND_010_v2_6f20e63adb1d_viability_001_viability"", ""obs_ROUND_010_v2_6f20e63adb1d_viability_002_viability"", ""obs_ROUND_010_v2_6f20e63adb1d_viability_003_viability"", ""obs_ROUND_010_v2_6f20e63adb1d_viability_004_viability"", ""obs_ROUND_010_v2_4d49c0b641bb_viability_001_viability"", ""obs_ROUND_010_v2_4d49c0b641bb_viability_002_viability"", ""obs_ROUND_010_v2_4d49c0b641bb_viability_003_viability"", ""obs_ROUND_010_v2_4d49c0b641bb_viability_004_viability""]",batch_gp_v1,c66b0484f9ee05a9880381a866622b0e034cd63a1a3b9802c0179de3c568e9d9,9.0,2026-09-16T07:47:10.860600+00:00
control,Proposed GP — campaign-only + batch effect + control calibration,ROUND_010,v2_a409fb1db800,reference_conditioned,pre_outcome_challenger_after_slate_selection,15.552444220994984,-20.501423877962168,51.60631231995214,-23.21817130515334,54.32305974714331,False,"[""reference_b5a5b7b1176f"", ""v2_3e8ef993abba"", ""v2_6f20e63adb1d"", ""v2_4d49c0b641bb""]",insufficient reference history; prior-sensitive,5.5225,matched_nonreference,"[""obs_ROUND_010_reference_b5a5b7b1176f_viability_001_viability"", ""obs_ROUND_010_reference_b5a5b7b1176f_viability_002_viability"", ""obs_ROUND_010_reference_b5a5b7b1176f_viability_003_viability"", ""obs_ROUND_010_reference_b5a5b7b1176f_viability_004_viability"", ""obs_ROUND_010_v2_3e8ef993abba_viability_001_viability"", ""obs_ROUND_010_v2_3e8ef993abba_viability_002_viability"", ""obs_ROUND_010_v2_3e8ef993abba_viability_003_viability"", ""obs_ROUND_010_v2_3e8ef993abba_viability_004_viability"", ""obs_ROUND_010_v2_6f20e63adb1d_viability_001_viability"", ""obs_ROUND_010_v2_6f20e63adb1d_viability_002_viability"", ""obs_ROUND_010_v2_6f20e63adb1d_viability_003_viability"", ""obs_ROUND_010_v2_6f20e63adb1d_viability_004_viability"", ""obs_ROUND_010_v2_4d49c0b641bb_viability_001_viability"", ""obs_ROUND_010_v2_4d49c0b641bb_viability_002_viability"", ""obs_ROUND_010_v2_4d49c0b641bb_viability_003_viability"", ""obs_ROUND_010_v2_4d49c0b641bb_viability_004_viability""]",batch_gp_v1,c66b0484f9ee05a9880381a866622b0e034cd63a1a3b9802c0179de3c568e9d9,9.0,2026-09-16T07:47:10.860600+00:00
control,Proposed GP — campaign-only + batch effect + control calibration,ROUND_010,v2_c60ceb90bc67,reference_conditioned,pre_outcome_challenger_after_slate_selection,16.411865093504215,-19.594759019095637,52.41848920610407,-22.314820839653944,55.13855102666237,False,"[""reference_b5a5b7b1176f"", ""v2_3e8ef993abba"", ""v2_6f20e63adb1d"", ""v2_4d49c0b641bb""]",insufficient reference history; prior-sensitive,27.770000000000003,matched_nonreference,"[""obs_ROUND_010_reference_b5a5b7b1176f_viability_001_viability"", ""obs_ROUND_010_reference_b5a5b7b1176f_viability_002_viability"", ""obs_ROUND_010_reference_b5a5b7b1176f_viability_003_viability"", ""obs_ROUND_010_reference_b5a5b7b1176f_viability_004_viability"", ""obs_ROUND_010_v2_3e8ef993abba_viability_001_viability"", ""obs_ROUND_010_v2_3e8ef993abba_viability_002_viability"", ""obs_ROUND_010_v2_3e8ef993abba_viability_003_viability"", ""obs_ROUND_010_v2_3e8ef993abba_viability_004_viability"", ""obs_ROUND_010_v2_6f20e63adb1d_viability_001_viability"", ""obs_ROUND_010_v2_6f20e63adb1d_viability_002_viability"", ""obs_ROUND_010_v2_6f20e63adb1d_viability_003_viability"", ""obs_ROUND_010_v2_6f20e63adb1d_viability_004_viability"", ""obs_ROUND_010_v2_4d49c0b641bb_viability_001_viability"", ""obs_ROUND_010_v2_4d49c0b641bb_viability_002_viability"", ""obs_ROUND_010_v2_4d49c0b641bb_viability_003_viability"", ""obs_ROUND_010_v2_4d49c0b641bb_viability_004_viability""]",batch_gp_v1,c66b0484f9ee05a9880381a866622b0e034cd63a1a3b9802c0179de3c568e9d9,9.0,2026-09-16T07:47:10.860600+00:00
control,Proposed GP — campaign-only + batch effect + control calibration,ROUND_010,v2_d3e3aa3e830f,reference_conditioned,pre_outcome_challenger_after_slate_selection,15.275926216035476,-21.617349554232003,52.16920198630295,-24.276482312907728,54.82833474497867,False,"[""reference_b5a5b7b1176f"", ""v2_3e8ef993abba"", ""v2_6f20e63adb1d"", ""v2_4d49c0b641bb""]",insufficient reference history; prior-sensitive,21.097500000000004,matched_nonreference,"[""obs_ROUND_010_reference_b5a5b7b1176f_viability_001_viability"", ""obs_ROUND_010_reference_b5a5b7b1176f_viability_002_viability"", ""obs_ROUND_010_reference_b5a5b7b1176f_viability_003_viability"", ""obs_ROUND_010_reference_b5a5b7b1176f_viability_004_viability"", ""obs_ROUND_010_v2_3e8ef993abba_viability_001_viability"", ""obs_ROUND_010_v2_3e8ef993abba_viability_002_viability"", ""obs_ROUND_010_v2_3e8ef993abba_viability_003_viability"", ""obs_ROUND_010_v2_3e8ef993abba_viability_004_viability"", ""obs_ROUND_010_v2_6f20e63adb1d_viability_001_viability"", ""obs_ROUND_010_v2_6f20e63adb1d_viability_002_viability"", ""obs_ROUND_010_v2_6f20e63adb1d_viability_003_viability"", ""obs_ROUND_010_v2_6f20e63adb1d_viability_004_viability"", ""obs_ROUND_010_v2_4d49c0b641bb_viability_001_viability"", ""obs_ROUND_010_v2_4d49c0b641bb_viability_002_viability"", ""obs_ROUND_010_v2_4d49c0b641bb_viability_003_viability"", ""obs_ROUND_010_v2_4d49c0b641bb_viability_004_viability""]",batch_gp_v1,c66b0484f9ee05a9880381a866622b0e034cd63a1a3b9802c0179de3c568e9d9,9.0,2026-09-16T07:47:10.860600+00:00
control,Proposed GP — campaign-only + batch effect + control calibration,ROUND_010,v2_cc16b5977344,reference_conditioned,pre_outcome_challenger_after_slate_selection,15.238829593852516,-21.658357099729464,52.136016287434494,-24.317226949747187,54.79488613745222,False,"[""reference_b5a5b7b1176f"", ""v2_3e8ef993abba"", ""v2_6f20e63adb1d"", ""v2_4d49c0b641bb""]",insufficient reference history; prior-sensitive,16.3325,matched_nonreference,"[""obs_ROUND_010_reference_b5a5b7b1176f_viability_001_viability"", ""obs_ROUND_010_reference_b5a5b7b1176f_viability_002_viability"", ""obs_ROUND_010_reference_b5a5b7b1176f_viability_003_viability"", ""obs_ROUND_010_reference_b5a5b7b1176f_viability_004_viability"", ""obs_ROUND_010_v2_3e8ef993abba_viability_001_viability"", ""obs_ROUND_010_v2_3e8ef993abba_viability_002_viability"", ""obs_ROUND_010_v2_3e8ef993abba_viability_003_viability"", ""obs_ROUND_010_v2_3e8ef993abba_viability_004_viability"", ""obs_ROUND_010_v2_6f20e63adb1d_viability_001_viability"", ""obs_ROUND_010_v2_6f20e63adb1d_viability_002_viability"", ""obs_ROUND_010_v2_6f20e63adb1d_viability_003_viability"", ""obs_ROUND_010_v2_6f20e63adb1d_viability_004_viability"", ""obs_ROUND_010_v2_4d49c0b641bb_viability_001_viability"", ""obs_ROUND_010_v2_4d49c0b641bb_viability_002_viability"", ""obs_ROUND_010_v2_4d49c0b641bb_viability_003_viability"", ""obs_ROUND_010_v2_4d49c0b641bb_viability_004_viability""]",batch_gp_v1,c66b0484f9ee05a9880381a866622b0e034cd63a1a3b9802c0179de3c568e9d9,9.0,2026-09-16T07:47:10.860600+00:00
control,Proposed GP — campaign-only + batch effect + control calibration,ROUND_010,v2_d36a198b8927,reference_conditioned,pre_outcome_challenger_after_slate_selection,15.214603487529184,-21.662632760583303,52.09183973564167,-24.3228442889588,54.75205126401717,False,"[""reference_b5a5b7b1176f"", ""v2_3e8ef993abba"", ""v2_6f20e63adb1d"", ""v2_4d49c0b641bb""]",insufficient reference history; prior-sensitive,16.0075,matched_nonreference,"[""obs_ROUND_010_reference_b5a5b7b1176f_viability_001_viability"", ""obs_ROUND_010_reference_b5a5b7b1176f_viability_002_viability"", ""obs_ROUND_010_reference_b5a5b7b1176f_viability_003_viability"", ""obs_ROUND_010_reference_b5a5b7b1176f_viability_004_viability"", ""obs_ROUND_010_v2_3e8ef993abba_viability_001_viability"", ""obs_ROUND_010_v2_3e8ef993abba_viability_002_viability"", ""obs_ROUND_010_v2_3e8ef993abba_viability_003_viability"", ""obs_ROUND_010_v2_3e8ef993abba_viability_004_viability"", ""obs_ROUND_010_v2_6f20e63adb1d_viability_001_viability"", ""obs_ROUND_010_v2_6f20e63adb1d_viability_002_viability"", ""obs_ROUND_010_v2_6f20e63adb1d_viability_003_viability"", ""obs_ROUND_010_v2_6f20e63adb1d_viability_004_viability"", ""obs_ROUND_010_v2_4d49c0b641bb_viability_001_viability"", ""obs_ROUND_010_v2_4d49c0b641bb_viability_002_viability"", ""obs_ROUND_010_v2_4d49c0b641bb_viability_003_viability"", ""obs_ROUND_010_v2_4d49c0b641bb_viability_004_viability""]",batch_gp_v1,c66b0484f9ee05a9880381a866622b0e034cd63a1a3b9802c0179de3c568e9d9,9.0,2026-09-16T07:47:10.860600+00:00
control,Proposed GP — campaign-only + batch effect + control calibration,ROUND_010,v2_a288e68df07e,before_batch,pre_outcome_challenger_after_slate_selection,41.24308538607881,16.375881778163464,66.11028899399416,12.57852471166883,69.90764606048879,False,"[""reference_b5a5b7b1176f"", ""v2_3e8ef993abba"", ""v2_6f20e63adb1d"", ""v2_4d49c0b641bb""]",insufficient reference history; prior-sensitive,31.5,matched_nonreference,"[""obs_ROUND_010_reference_b5a5b7b1176f_viability_001_viability"", ""obs_ROUND_010_reference_b5a5b7b1176f_viability_002_viability"", ""obs_ROUND_010_reference_b5a5b7b1176f_viability_003_viability"", ""obs_ROUND_010_reference_b5a5b7b1176f_viability_004_viability"", ""obs_ROUND_010_v2_3e8ef993abba_viability_001_viability"", ""obs_ROUND_010_v2_3e8ef993abba_viability_002_viability"", ""obs_ROUND_010_v2_3e8ef993abba_viability_003_viability"", ""obs_ROUND_010_v2_3e8ef993abba_viability_004_viability"", ""obs_ROUND_010_v2_6f20e63adb1d_viability_001_viability"", ""obs_ROUND_010_v2_6f20e63adb1d_viability_002_viability"", ""obs_ROUND_010_v2_6f20e63adb1d_viability_003_viability"", ""obs_ROUND_010_v2_6f20e63adb1d_viability_004_viability"", ""obs_ROUND_010_v2_4d49c0b641bb_viability_001_viability"", ""obs_ROUND_010_v2_4d49c0b641bb_viability_002_viability"", ""obs_ROUND_010_v2_4d49c0b641bb_viability_003_viability"", ""obs_ROUND_010_v2_4d49c0b641bb_viability_004_viability""]",batch_gp_v1,c66b0484f9ee05a9880381a866622b0e034cd63a1a3b9802c0179de3c568e9d9,9.0,2026-09-16T07:47:10.860600+00:00
control,Proposed GP — campaign-only + batch effect + control calibration,ROUND_010,v2_211d2693ca45,before_batch,pre_outcome_challenger_after_slate_selection,54.05102012893963,25.342623609122217,82.75941664875705,21.99713964437929,86.10490061349998,False,"[""reference_b5a5b7b1176f"", ""v2_3e8ef993abba"", ""v2_6f20e63adb1d"", ""v2_4d49c0b641bb""]",insufficient reference history; prior-sensitive,31.775,matched_nonreference,"[""obs_ROUND_010_reference_b5a5b7b1176f_viability_001_viability"", ""obs_ROUND_010_reference_b5a5b7b1176f_viability_002_viability"", ""obs_ROUND_010_reference_b5a5b7b1176f_viability_003_viability"", ""obs_ROUND_010_reference_b5a5b7b1176f_viability_004_viability"", ""obs_ROUND_010_v2_3e8ef993abba_viability_001_viability"", ""obs_ROUND_010_v2_3e8ef993abba_viability_002_viability"", ""obs_ROUND_010_v2_3e8ef993abba_viability_003_viability"", ""obs_ROUND_010_v2_3e8ef993abba_viability_004_viability"", ""obs_ROUND_010_v2_6f20e63adb1d_viability_001_viability"", ""obs_ROUND_010_v2_6f20e63adb1d_viability_002_viability"", ""obs_ROUND_010_v2_6f20e63adb1d_viability_003_viability"", ""obs_ROUND_010_v2_6f20e63adb1d_viability_004_viability"", ""obs_ROUND_010_v2_4d49c0b641bb_viability_001_viability"", ""obs_ROUND_010_v2_4d49c0b641bb_viability_002_viability"", ""obs_ROUND_010_v2_4d49c0b641bb_viability_003_viability"", ""obs_ROUND_010_v2_4d49c0b641bb_viability_004_viability""]",batch_gp_v1,c66b0484f9ee05a9880381a866622b0e034cd63a1a3b9802c0179de3c568e9d9,9.0,2026-09-16T07:47:10.860600+00:00
control,Proposed GP — campaign-only + batch effect + control calibration,ROUND_010,v2_55f87bb2c839,before_batch,pre_outcome_challenger_after_slate_selection,53.18238943964246,22.181959211185013,84.18281966809991,19.060462505061643,87.30431637422328,False,"[""reference_b5a5b7b1176f"", ""v2_3e8ef993abba"", ""v2_6f20e63adb1d"", ""v2_4d49c0b641bb""]",insufficient reference history; prior-sensitive,38.1975,matched_nonreference,"[""obs_ROUND_010_reference_b5a5b7b1176f_viability_001_viability"", ""obs_ROUND_010_reference_b5a5b7b1176f_viability_002_viability"", ""obs_ROUND_010_reference_b5a5b7b1176f_viability_003_viability"", ""obs_ROUND_010_reference_b5a5b7b1176f_viability_004_viability"", ""obs_ROUND_010_v2_3e8ef993abba_viability_001_viability"", ""obs_ROUND_010_v2_3e8ef993abba_viability_002_viability"", ""obs_ROUND_010_v2_3e8ef993abba_viability_003_viability"", ""obs_ROUND_010_v2_3e8ef993abba_viability_004_viability"", ""obs_ROUND_010_v2_6f20e63adb1d_viability_001_viability"", ""obs_ROUND_010_v2_6f20e63adb1d_viability_002_viability"", ""obs_ROUND_010_v2_6f20e63adb1d_viability_003_viability"", ""obs_ROUND_010_v2_6f20e63adb1d_viability_004_viability"", ""obs_ROUND_010_v2_4d49c0b641bb_viability_001_viability"", ""obs_ROUND_010_v2_4d49c0b641bb_viability_002_viability"", ""obs_ROUND_010_v2_4d49c0b641bb_viability_003_viability"", ""obs_ROUND_010_v2_4d49c0b641bb_viability_004_viability""]",batch_gp_v1,c66b0484f9ee05a9880381a866622b0e034cd63a1a3b9802c0179de3c568e9d9,9.0,2026-09-16T07:47:10.860600+00:00
control,Proposed GP — campaign-only + batch effect + control calibration,ROUND_010,v2_a409fb1db800,before_batch,pre_outcome_challenger_after_slate_selection,32.98216900930712,-5.369309199206732,71.33364721782098,-7.933782698523487,73.89812071713773,False,"[""reference_b5a5b7b1176f"", ""v2_3e8ef993abba"", ""v2_6f20e63adb1d"", ""v2_4d49c0b641bb""]",insufficient reference history; prior-sensitive,5.5225,matched_nonreference,"[""obs_ROUND_010_reference_b5a5b7b1176f_viability_001_viability"", ""obs_ROUND_010_reference_b5a5b7b1176f_viability_002_viability"", ""obs_ROUND_010_reference_b5a5b7b1176f_viability_003_viability"", ""obs_ROUND_010_reference_b5a5b7b1176f_viability_004_viability"", ""obs_ROUND_010_v2_3e8ef993abba_viability_001_viability"", ""obs_ROUND_010_v2_3e8ef993abba_viability_002_viability"", ""obs_ROUND_010_v2_3e8ef993abba_viability_003_viability"", ""obs_ROUND_010_v2_3e8ef993abba_viability_004_viability"", ""obs_ROUND_010_v2_6f20e63adb1d_viability_001_viability"", ""obs_ROUND_010_v2_6f20e63adb1d_viability_002_viability"", ""obs_ROUND_010_v2_6f20e63adb1d_viability_003_viability"", ""obs_ROUND_010_v2_6f20e63adb1d_viability_004_viability"", ""obs_ROUND_010_v2_4d49c0b641bb_viability_001_viability"", ""obs_ROUND_010_v2_4d49c0b641bb_viability_002_viability"", ""obs_ROUND_010_v2_4d49c0b641bb_viability_003_viability"", ""obs_ROUND_010_v2_4d49c0b641bb_viability_004_viability""]",batch_gp_v1,c66b0484f9ee05a9880381a866622b0e034cd63a1a3b9802c0179de3c568e9d9,9.0,2026-09-16T07:47:10.860600+00:00
control,Proposed GP — campaign-only + batch effect + control calibration,ROUND_010,v2_c60ceb90bc67,before_batch,pre_outcome_challenger_after_slate_selection,33.791845066867886,-4.507890349570523,72.0915804833063,-7.075610889535859,74.65930102327164,False,"[""reference_b5a5b7b1176f"", ""v2_3e8ef993abba"", ""v2_6f20e63adb1d"", ""v2_4d49c0b641bb""]",insufficient reference history; prior-sensitive,27.770000000000003,matched_nonreference,"[""obs_ROUND_010_reference_b5a5b7b1176f_viability_001_viability"", ""obs_ROUND_010_reference_b5a5b7b1176f_viability_002_viability"", ""obs_ROUND_010_reference_b5a5b7b1176f_viability_003_viability"", ""obs_ROUND_010_reference_b5a5b7b1176f_viability_004_viability"", ""obs_ROUND_010_v2_3e8ef993abba_viability_001_viability"", ""obs_ROUND_010_v2_3e8ef993abba_viability_002_viability"", ""obs_ROUND_010_v2_3e8ef993abba_viability_003_viability"", ""obs_ROUND_010_v2_3e8ef993abba_viability_004_viability"", ""obs_ROUND_010_v2_6f20e63adb1d_viability_001_viability"", ""obs_ROUND_010_v2_6f20e63adb1d_viability_002_viability"", ""obs_ROUND_010_v2_6f20e63adb1d_viability_003_viability"", ""obs_ROUND_010_v2_6f20e63adb1d_viability_004_viability"", ""obs_ROUND_010_v2_4d49c0b641bb_viability_001_viability"", ""obs_ROUND_010_v2_4d49c0b641bb_viability_002_viability"", ""obs_ROUND_010_v2_4d49c0b641bb_viability_003_viability"", ""obs_ROUND_010_v2_4d49c0b641bb_viability_004_viability""]",batch_gp_v1,c66b0484f9ee05a9880381a866622b0e034cd63a1a3b9802c0179de3c568e9d9,9.0,2026-09-16T07:47:10.860600+00:00
control,Proposed GP — campaign-only + batch effect + control calibration,ROUND_010,v2_d3e3aa3e830f,before_batch,pre_outcome_challenger_after_slate_selection,32.6169171056591,-6.4997907544088775,71.73362496572707,-9.017156165993256,74.25099037731145,False,"[""reference_b5a5b7b1176f"", ""v2_3e8ef993abba"", ""v2_6f20e63adb1d"", ""v2_4d49c0b641bb""]",insufficient reference history; prior-sensitive,21.097500000000004,matched_nonreference,"[""obs_ROUND_010_reference_b5a5b7b1176f_viability_001_viability"", ""obs_ROUND_010_reference_b5a5b7b1176f_viability_002_viability"", ""obs_ROUND_010_reference_b5a5b7b1176f_viability_003_viability"", ""obs_ROUND_010_reference_b5a5b7b1176f_viability_004_viability"", ""obs_ROUND_010_v2_3e8ef993abba_viability_001_viability"", ""obs_ROUND_010_v2_3e8ef993abba_viability_002_viability"", ""obs_ROUND_010_v2_3e8ef993abba_viability_003_viability"", ""obs_ROUND_010_v2_3e8ef993abba_viability_004_viability"", ""obs_ROUND_010_v2_6f20e63adb1d_viability_001_viability"", ""obs_ROUND_010_v2_6f20e63adb1d_viability_002_viability"", ""obs_ROUND_010_v2_6f20e63adb1d_viability_003_viability"", ""obs_ROUND_010_v2_6f20e63adb1d_viability_004_viability"", ""obs_ROUND_010_v2_4d49c0b641bb_viability_001_viability"", ""obs_ROUND_010_v2_4d49c0b641bb_viability_002_viability"", ""obs_ROUND_010_v2_4d49c0b641bb_viability_003_viability"", ""obs_ROUND_010_v2_4d49c0b641bb_viability_004_viability""]",batch_gp_v1,c66b0484f9ee05a9880381a866622b0e034cd63a1a3b9802c0179de3c568e9d9,9.0,2026-09-16T07:47:10.860600+00:00
control,Proposed GP — campaign-only + batch effect + control calibration,ROUND_010,v2_cc16b5977344,before_batch,pre_outcome_challenger_after_slate_selection,32.61652203986245,-6.513290398642056,71.74633447836696,-9.029863695900453,74.26290777562537,False,"[""reference_b5a5b7b1176f"", ""v2_3e8ef993abba"", ""v2_6f20e63adb1d"", ""v2_4d49c0b641bb""]",insufficient reference history; prior-sensitive,16.3325,matched_nonreference,"[""obs_ROUND_010_reference_b5a5b7b1176f_viability_001_viability"", ""obs_ROUND_010_reference_b5a5b7b1176f_viability_002_viability"", ""obs_ROUND_010_reference_b5a5b7b1176f_viability_003_viability"", ""obs_ROUND_010_reference_b5a5b7b1176f_viability_004_viability"", ""obs_ROUND_010_v2_3e8ef993abba_viability_001_viability"", ""obs_ROUND_010_v2_3e8ef993abba_viability_002_viability"", ""obs_ROUND_010_v2_3e8ef993abba_viability_003_viability"", ""obs_ROUND_010_v2_3e8ef993abba_viability_004_viability"", ""obs_ROUND_010_v2_6f20e63adb1d_viability_001_viability"", ""obs_ROUND_010_v2_6f20e63adb1d_viability_002_viability"", ""obs_ROUND_010_v2_6f20e63adb1d_viability_003_viability"", ""obs_ROUND_010_v2_6f20e63adb1d_viability_004_viability"", ""obs_ROUND_010_v2_4d49c0b641bb_viability_001_viability"", ""obs_ROUND_010_v2_4d49c0b641bb_viability_002_viability"", ""obs_ROUND_010_v2_4d49c0b641bb_viability_003_viability"", ""obs_ROUND_010_v2_4d49c0b641bb_viability_004_viability""]",batch_gp_v1,c66b0484f9ee05a9880381a866622b0e034cd63a1a3b9802c0179de3c568e9d9,9.0,2026-09-16T07:47:10.860600+00:00
control,Proposed GP — campaign-only + batch effect + control calibration,ROUND_010,v2_d36a198b8927,before_batch,pre_outcome_challenger_after_slate_selection,32.551846980785655,-6.557468944373731,71.66116290594505,-9.075281379375577,74.17897534094689,False,"[""reference_b5a5b7b1176f"", ""v2_3e8ef993abba"", ""v2_6f20e63adb1d"", ""v2_4d49c0b641bb""]",insufficient reference history; prior-sensitive,16.0075,matched_nonreference,"[""obs_ROUND_010_reference_b5a5b7b1176f_viability_001_viability"", ""obs_ROUND_010_reference_b5a5b7b1176f_viability_002_viability"", ""obs_ROUND_010_reference_b5a5b7b1176f_viability_003_viability"", ""obs_ROUND_010_reference_b5a5b7b1176f_viability_004_viability"", ""obs_ROUND_010_v2_3e8ef993abba_viability_001_viability"", ""obs_ROUND_010_v2_3e8ef993abba_viability_002_viability"", ""obs_ROUND_010_v2_3e8ef993abba_viability_003_viability"", ""obs_ROUND_010_v2_3e8ef993abba_viability_004_viability"", ""obs_ROUND_010_v2_6f20e63adb1d_viability_001_viability"", ""obs_ROUND_010_v2_6f20e63adb1d_viability_002_viability"", ""obs_ROUND_010_v2_6f20e63adb1d_viability_003_viability"", ""obs_ROUND_010_v2_6f20e63adb1d_viability_004_viability"", ""obs_ROUND_010_v2_4d49c0b641bb_viability_001_viability"", ""obs_ROUND_010_v2_4d49c0b641bb_viability_002_viability"", ""obs_ROUND_010_v2_4d49c0b641bb_viability_003_viability"", ""obs_ROUND_010_v2_4d49c0b641bb_viability_004_viability""]",batch_gp_v1,c66b0484f9ee05a9880381a866622b0e034cd63a1a3b9802c0179de3c568e9d9,9.0,2026-09-16T07:47:10.860600+00:00
