formulation_id,batch_id,endpoint,protocol_id,mean,n_readouts,n_independent,sample_variance,independence_known,mean_variance,noise_source,mean_sd,policy_version,cutoff
legacy_lit_1,legacy_literature,viability_percent,unknown,96.0,1,1,,False,25.0,pooled_conservative_fallback,5.0,offline_replicate_noise_v1,ROUND_003
legacy_lit_10,legacy_literature,viability_percent,unknown,63.17777777777778,1,1,,False,25.0,pooled_conservative_fallback,5.0,offline_replicate_noise_v1,ROUND_003
legacy_lit_100,legacy_literature,viability_percent,unknown,75.0,1,1,,False,25.0,pooled_conservative_fallback,5.0,offline_replicate_noise_v1,ROUND_003
legacy_lit_101,legacy_literature,viability_percent,unknown,77.0,1,1,,False,25.0,pooled_conservative_fallback,5.0,offline_replicate_noise_v1,ROUND_003
legacy_lit_102,legacy_literature,viability_percent,unknown,43.0,1,1,,False,25.0,pooled_conservative_fallback,5.0,offline_replicate_noise_v1,ROUND_003
legacy_lit_103,legacy_literature,viability_percent,unknown,68.0,1,1,,False,25.0,pooled_conservative_fallback,5.0,offline_replicate_noise_v1,ROUND_003
legacy_lit_104,legacy_literature,viability_percent,unknown,67.0,1,1,,False,25.0,pooled_conservative_fallback,5.0,offline_replicate_noise_v1,ROUND_003
legacy_lit_109,legacy_literature,viability_percent,unknown,95.0,1,1,,False,25.0,pooled_conservative_fallback,5.0,offline_replicate_noise_v1,ROUND_003
legacy_lit_112,legacy_literature,viability_percent,unknown,31.883333333333336,1,1,,False,25.0,pooled_conservative_fallback,5.0,offline_replicate_noise_v1,ROUND_003
legacy_lit_114,legacy_literature,viability_percent,unknown,87.56,1,1,,False,25.0,pooled_conservative_fallback,5.0,offline_replicate_noise_v1,ROUND_003
legacy_lit_115,legacy_literature,viability_percent,unknown,86.0,1,1,,False,25.0,pooled_conservative_fallback,5.0,offline_replicate_noise_v1,ROUND_003
legacy_lit_116,legacy_literature,viability_percent,unknown,85.6,1,1,,False,25.0,pooled_conservative_fallback,5.0,offline_replicate_noise_v1,ROUND_003
legacy_lit_118,legacy_literature,viability_percent,unknown,46.8,1,1,,False,25.0,pooled_conservative_fallback,5.0,offline_replicate_noise_v1,ROUND_003
legacy_lit_119,legacy_literature,viability_percent,unknown,40.0,1,1,,False,25.0,pooled_conservative_fallback,5.0,offline_replicate_noise_v1,ROUND_003
legacy_lit_12,legacy_literature,viability_percent,unknown,95.2,1,1,,False,25.0,pooled_conservative_fallback,5.0,offline_replicate_noise_v1,ROUND_003
legacy_lit_120,legacy_literature,viability_percent,unknown,40.0,1,1,,False,25.0,pooled_conservative_fallback,5.0,offline_replicate_noise_v1,ROUND_003
legacy_lit_121,legacy_literature,viability_percent,unknown,79.8,1,1,,False,25.0,pooled_conservative_fallback,5.0,offline_replicate_noise_v1,ROUND_003
legacy_lit_126,legacy_literature,viability_percent,unknown,82.9,1,1,,False,25.0,pooled_conservative_fallback,5.0,offline_replicate_noise_v1,ROUND_003
legacy_lit_127,legacy_literature,viability_percent,unknown,70.0,1,1,,False,25.0,pooled_conservative_fallback,5.0,offline_replicate_noise_v1,ROUND_003
legacy_lit_128,legacy_literature,viability_percent,unknown,80.0,1,1,,False,25.0,pooled_conservative_fallback,5.0,offline_replicate_noise_v1,ROUND_003
legacy_lit_129,legacy_literature,viability_percent,unknown,56.0,1,1,,False,25.0,pooled_conservative_fallback,5.0,offline_replicate_noise_v1,ROUND_003
legacy_lit_13,legacy_literature,viability_percent,unknown,86.8,1,1,,False,25.0,pooled_conservative_fallback,5.0,offline_replicate_noise_v1,ROUND_003
legacy_lit_130,legacy_literature,viability_percent,unknown,65.0,1,1,,False,25.0,pooled_conservative_fallback,5.0,offline_replicate_noise_v1,ROUND_003
legacy_lit_131,legacy_literature,viability_percent,unknown,32.0,1,1,,False,25.0,pooled_conservative_fallback,5.0,offline_replicate_noise_v1,ROUND_003
legacy_lit_132,legacy_literature,viability_percent,unknown,38.0,1,1,,False,25.0,pooled_conservative_fallback,5.0,offline_replicate_noise_v1,ROUND_003
legacy_lit_133,legacy_literature,viability_percent,unknown,68.0,1,1,,False,25.0,pooled_conservative_fallback,5.0,offline_replicate_noise_v1,ROUND_003
legacy_lit_134,legacy_literature,viability_percent,unknown,73.0,1,1,,False,25.0,pooled_conservative_fallback,5.0,offline_replicate_noise_v1,ROUND_003
legacy_lit_135,legacy_literature,viability_percent,unknown,60.0,1,1,,False,25.0,pooled_conservative_fallback,5.0,offline_replicate_noise_v1,ROUND_003
legacy_lit_136,legacy_literature,viability_percent,unknown,40.0,1,1,,False,25.0,pooled_conservative_fallback,5.0,offline_replicate_noise_v1,ROUND_003
legacy_lit_137,legacy_literature,viability_percent,unknown,70.0,1,1,,False,25.0,pooled_conservative_fallback,5.0,offline_replicate_noise_v1,ROUND_003
legacy_lit_138,legacy_literature,viability_percent,unknown,0.0,1,1,,False,25.0,pooled_conservative_fallback,5.0,offline_replicate_noise_v1,ROUND_003
legacy_lit_15,legacy_literature,viability_percent,unknown,89.8,1,1,,False,25.0,pooled_conservative_fallback,5.0,offline_replicate_noise_v1,ROUND_003
legacy_lit_16,legacy_literature,viability_percent,unknown,95.7,1,1,,False,25.0,pooled_conservative_fallback,5.0,offline_replicate_noise_v1,ROUND_003
legacy_lit_18,legacy_literature,viability_percent,unknown,94.18,1,1,,False,25.0,pooled_conservative_fallback,5.0,offline_replicate_noise_v1,ROUND_003
legacy_lit_19,legacy_literature,viability_percent,unknown,92.35,1,1,,False,25.0,pooled_conservative_fallback,5.0,offline_replicate_noise_v1,ROUND_003
legacy_lit_194,legacy_literature,viability_percent,unknown,55.0,1,1,,False,25.0,pooled_conservative_fallback,5.0,offline_replicate_noise_v1,ROUND_003
legacy_lit_195,legacy_literature,viability_percent,unknown,58.0,1,1,,False,25.0,pooled_conservative_fallback,5.0,offline_replicate_noise_v1,ROUND_003
legacy_lit_196,legacy_literature,viability_percent,unknown,80.0,1,1,,False,25.0,pooled_conservative_fallback,5.0,offline_replicate_noise_v1,ROUND_003
legacy_lit_197,legacy_literature,viability_percent,unknown,83.0,1,1,,False,25.0,pooled_conservative_fallback,5.0,offline_replicate_noise_v1,ROUND_003
legacy_lit_198,legacy_literature,viability_percent,unknown,86.0,1,1,,False,25.0,pooled_conservative_fallback,5.0,offline_replicate_noise_v1,ROUND_003
legacy_lit_199,legacy_literature,viability_percent,unknown,80.0,1,1,,False,25.0,pooled_conservative_fallback,5.0,offline_replicate_noise_v1,ROUND_003
legacy_lit_2,legacy_literature,viability_percent,unknown,12.5,1,1,,False,25.0,pooled_conservative_fallback,5.0,offline_replicate_noise_v1,ROUND_003
legacy_lit_20,legacy_literature,viability_percent,unknown,89.43,1,1,,False,25.0,pooled_conservative_fallback,5.0,offline_replicate_noise_v1,ROUND_003
legacy_lit_200,legacy_literature,viability_percent,unknown,80.0,1,1,,False,25.0,pooled_conservative_fallback,5.0,offline_replicate_noise_v1,ROUND_003
legacy_lit_202,legacy_literature,viability_percent,unknown,65.0,1,1,,False,25.0,pooled_conservative_fallback,5.0,offline_replicate_noise_v1,ROUND_003
legacy_lit_203,legacy_literature,viability_percent,unknown,63.0,1,1,,False,25.0,pooled_conservative_fallback,5.0,offline_replicate_noise_v1,ROUND_003
legacy_lit_204,legacy_literature,viability_percent,unknown,67.0,1,1,,False,25.0,pooled_conservative_fallback,5.0,offline_replicate_noise_v1,ROUND_003
legacy_lit_205,legacy_literature,viability_percent,unknown,75.0,1,1,,False,25.0,pooled_conservative_fallback,5.0,offline_replicate_noise_v1,ROUND_003
legacy_lit_206,legacy_literature,viability_percent,unknown,70.0,1,1,,False,25.0,pooled_conservative_fallback,5.0,offline_replicate_noise_v1,ROUND_003
legacy_lit_207,legacy_literature,viability_percent,unknown,70.0,1,1,,False,25.0,pooled_conservative_fallback,5.0,offline_replicate_noise_v1,ROUND_003
legacy_lit_208,legacy_literature,viability_percent,unknown,78.0,1,1,,False,25.0,pooled_conservative_fallback,5.0,offline_replicate_noise_v1,ROUND_003
legacy_lit_209,legacy_literature,viability_percent,unknown,70.0,1,1,,False,25.0,pooled_conservative_fallback,5.0,offline_replicate_noise_v1,ROUND_003
legacy_lit_21,legacy_literature,viability_percent,unknown,68.0,1,1,,False,25.0,pooled_conservative_fallback,5.0,offline_replicate_noise_v1,ROUND_003
legacy_lit_212,legacy_literature,viability_percent,unknown,69.66666666666667,1,1,,False,25.0,pooled_conservative_fallback,5.0,offline_replicate_noise_v1,ROUND_003
legacy_lit_215,legacy_literature,viability_percent,unknown,78.33333333333333,1,1,,False,25.0,pooled_conservative_fallback,5.0,offline_replicate_noise_v1,ROUND_003
legacy_lit_218,legacy_literature,viability_percent,unknown,65.0,1,1,,False,25.0,pooled_conservative_fallback,5.0,offline_replicate_noise_v1,ROUND_003
legacy_lit_22,legacy_literature,viability_percent,unknown,82.25,1,1,,False,25.0,pooled_conservative_fallback,5.0,offline_replicate_noise_v1,ROUND_003
legacy_lit_221,legacy_literature,viability_percent,unknown,70.66666666666667,1,1,,False,25.0,pooled_conservative_fallback,5.0,offline_replicate_noise_v1,ROUND_003
legacy_lit_224,legacy_literature,viability_percent,unknown,91.0,1,1,,False,25.0,pooled_conservative_fallback,5.0,offline_replicate_noise_v1,ROUND_003
legacy_lit_225,legacy_literature,viability_percent,unknown,38.0,1,1,,False,25.0,pooled_conservative_fallback,5.0,offline_replicate_noise_v1,ROUND_003
legacy_lit_235,legacy_literature,viability_percent,unknown,80.0,1,1,,False,25.0,pooled_conservative_fallback,5.0,offline_replicate_noise_v1,ROUND_003
legacy_lit_236,legacy_literature,viability_percent,unknown,83.4,1,1,,False,25.0,pooled_conservative_fallback,5.0,offline_replicate_noise_v1,ROUND_003
legacy_lit_237,legacy_literature,viability_percent,unknown,93.4,1,1,,False,25.0,pooled_conservative_fallback,5.0,offline_replicate_noise_v1,ROUND_003
legacy_lit_251,legacy_literature,viability_percent,unknown,5.0,1,1,,False,25.0,pooled_conservative_fallback,5.0,offline_replicate_noise_v1,ROUND_003
legacy_lit_252,legacy_literature,viability_percent,unknown,17.0,1,1,,False,25.0,pooled_conservative_fallback,5.0,offline_replicate_noise_v1,ROUND_003
legacy_lit_253,legacy_literature,viability_percent,unknown,60.0,1,1,,False,25.0,pooled_conservative_fallback,5.0,offline_replicate_noise_v1,ROUND_003
legacy_lit_254,legacy_literature,viability_percent,unknown,80.0,1,1,,False,25.0,pooled_conservative_fallback,5.0,offline_replicate_noise_v1,ROUND_003
legacy_lit_255,legacy_literature,viability_percent,unknown,9.833333333333334,1,1,,False,25.0,pooled_conservative_fallback,5.0,offline_replicate_noise_v1,ROUND_003
legacy_lit_256,legacy_literature,viability_percent,unknown,30.666666666666668,1,1,,False,25.0,pooled_conservative_fallback,5.0,offline_replicate_noise_v1,ROUND_003
legacy_lit_257,legacy_literature,viability_percent,unknown,62.0,1,1,,False,25.0,pooled_conservative_fallback,5.0,offline_replicate_noise_v1,ROUND_003
legacy_lit_258,legacy_literature,viability_percent,unknown,78.0,1,1,,False,25.0,pooled_conservative_fallback,5.0,offline_replicate_noise_v1,ROUND_003
legacy_lit_259,legacy_literature,viability_percent,unknown,7.0,1,1,,False,25.0,pooled_conservative_fallback,5.0,offline_replicate_noise_v1,ROUND_003
legacy_lit_260,legacy_literature,viability_percent,unknown,19.0,1,1,,False,25.0,pooled_conservative_fallback,5.0,offline_replicate_noise_v1,ROUND_003
legacy_lit_261,legacy_literature,viability_percent,unknown,75.0,1,1,,False,25.0,pooled_conservative_fallback,5.0,offline_replicate_noise_v1,ROUND_003
legacy_lit_262,legacy_literature,viability_percent,unknown,80.0,1,1,,False,25.0,pooled_conservative_fallback,5.0,offline_replicate_noise_v1,ROUND_003
legacy_lit_27,legacy_literature,viability_percent,unknown,70.0,1,1,,False,25.0,pooled_conservative_fallback,5.0,offline_replicate_noise_v1,ROUND_003
legacy_lit_274,legacy_literature,viability_percent,unknown,18.0,1,1,,False,25.0,pooled_conservative_fallback,5.0,offline_replicate_noise_v1,ROUND_003
legacy_lit_275,legacy_literature,viability_percent,unknown,30.0,1,1,,False,25.0,pooled_conservative_fallback,5.0,offline_replicate_noise_v1,ROUND_003
legacy_lit_276,legacy_literature,viability_percent,unknown,78.0,1,1,,False,25.0,pooled_conservative_fallback,5.0,offline_replicate_noise_v1,ROUND_003
legacy_lit_277,legacy_literature,viability_percent,unknown,84.0,1,1,,False,25.0,pooled_conservative_fallback,5.0,offline_replicate_noise_v1,ROUND_003
legacy_lit_278,legacy_literature,viability_percent,unknown,40.0,1,1,,False,25.0,pooled_conservative_fallback,5.0,offline_replicate_noise_v1,ROUND_003
legacy_lit_281,legacy_literature,viability_percent,unknown,74.0,1,1,,False,25.0,pooled_conservative_fallback,5.0,offline_replicate_noise_v1,ROUND_003
legacy_lit_287,legacy_literature,viability_percent,unknown,60.0,1,1,,False,25.0,pooled_conservative_fallback,5.0,offline_replicate_noise_v1,ROUND_003
legacy_lit_288,legacy_literature,viability_percent,unknown,82.0,1,1,,False,25.0,pooled_conservative_fallback,5.0,offline_replicate_noise_v1,ROUND_003
legacy_lit_289,legacy_literature,viability_percent,unknown,94.0,1,1,,False,25.0,pooled_conservative_fallback,5.0,offline_replicate_noise_v1,ROUND_003
legacy_lit_29,legacy_literature,viability_percent,unknown,58.0,1,1,,False,25.0,pooled_conservative_fallback,5.0,offline_replicate_noise_v1,ROUND_003
legacy_lit_299,legacy_literature,viability_percent,unknown,62.666666666666664,1,1,,False,25.0,pooled_conservative_fallback,5.0,offline_replicate_noise_v1,ROUND_003
legacy_lit_3,legacy_literature,viability_percent,unknown,77.74,1,1,,False,25.0,pooled_conservative_fallback,5.0,offline_replicate_noise_v1,ROUND_003
legacy_lit_30,legacy_literature,viability_percent,unknown,10.0,1,1,,False,25.0,pooled_conservative_fallback,5.0,offline_replicate_noise_v1,ROUND_003
legacy_lit_306,legacy_literature,viability_percent,unknown,99.0,1,1,,False,25.0,pooled_conservative_fallback,5.0,offline_replicate_noise_v1,ROUND_003
legacy_lit_308,legacy_literature,viability_percent,unknown,83.0,1,1,,False,25.0,pooled_conservative_fallback,5.0,offline_replicate_noise_v1,ROUND_003
legacy_lit_309,legacy_literature,viability_percent,unknown,99.0,1,1,,False,25.0,pooled_conservative_fallback,5.0,offline_replicate_noise_v1,ROUND_003
legacy_lit_31,legacy_literature,viability_percent,unknown,17.0,1,1,,False,25.0,pooled_conservative_fallback,5.0,offline_replicate_noise_v1,ROUND_003
legacy_lit_310,legacy_literature,viability_percent,unknown,87.0,1,1,,False,25.0,pooled_conservative_fallback,5.0,offline_replicate_noise_v1,ROUND_003
legacy_lit_313,legacy_literature,viability_percent,unknown,10.0,1,1,,False,25.0,pooled_conservative_fallback,5.0,offline_replicate_noise_v1,ROUND_003
legacy_lit_314,legacy_literature,viability_percent,unknown,10.0,1,1,,False,25.0,pooled_conservative_fallback,5.0,offline_replicate_noise_v1,ROUND_003
legacy_lit_315,legacy_literature,viability_percent,unknown,10.0,1,1,,False,25.0,pooled_conservative_fallback,5.0,offline_replicate_noise_v1,ROUND_003
legacy_lit_316,legacy_literature,viability_percent,unknown,73.0,1,1,,False,25.0,pooled_conservative_fallback,5.0,offline_replicate_noise_v1,ROUND_003
legacy_lit_317,legacy_literature,viability_percent,unknown,45.0,1,1,,False,25.0,pooled_conservative_fallback,5.0,offline_replicate_noise_v1,ROUND_003
legacy_lit_318,legacy_literature,viability_percent,unknown,38.0,1,1,,False,25.0,pooled_conservative_fallback,5.0,offline_replicate_noise_v1,ROUND_003
legacy_lit_319,legacy_literature,viability_percent,unknown,80.0,1,1,,False,25.0,pooled_conservative_fallback,5.0,offline_replicate_noise_v1,ROUND_003
legacy_lit_32,legacy_literature,viability_percent,unknown,20.0,1,1,,False,25.0,pooled_conservative_fallback,5.0,offline_replicate_noise_v1,ROUND_003
legacy_lit_322,legacy_literature,viability_percent,unknown,63.02,1,1,,False,25.0,pooled_conservative_fallback,5.0,offline_replicate_noise_v1,ROUND_003
legacy_lit_323,legacy_literature,viability_percent,unknown,77.66666666666667,1,1,,False,25.0,pooled_conservative_fallback,5.0,offline_replicate_noise_v1,ROUND_003
legacy_lit_326,legacy_literature,viability_percent,unknown,74.33333333333333,1,1,,False,25.0,pooled_conservative_fallback,5.0,offline_replicate_noise_v1,ROUND_003
legacy_lit_329,legacy_literature,viability_percent,unknown,61.666666666666664,1,1,,False,25.0,pooled_conservative_fallback,5.0,offline_replicate_noise_v1,ROUND_003
legacy_lit_33,legacy_literature,viability_percent,unknown,22.0,1,1,,False,25.0,pooled_conservative_fallback,5.0,offline_replicate_noise_v1,ROUND_003
legacy_lit_332,legacy_literature,viability_percent,unknown,72.0,1,1,,False,25.0,pooled_conservative_fallback,5.0,offline_replicate_noise_v1,ROUND_003
legacy_lit_338,legacy_literature,viability_percent,unknown,84.3,1,1,,False,25.0,pooled_conservative_fallback,5.0,offline_replicate_noise_v1,ROUND_003
legacy_lit_339,legacy_literature,viability_percent,unknown,84.3,1,1,,False,25.0,pooled_conservative_fallback,5.0,offline_replicate_noise_v1,ROUND_003
legacy_lit_34,legacy_literature,viability_percent,unknown,50.0,1,1,,False,25.0,pooled_conservative_fallback,5.0,offline_replicate_noise_v1,ROUND_003
legacy_lit_341,legacy_literature,viability_percent,unknown,81.0,1,1,,False,25.0,pooled_conservative_fallback,5.0,offline_replicate_noise_v1,ROUND_003
legacy_lit_343,legacy_literature,viability_percent,unknown,60.6,1,1,,False,25.0,pooled_conservative_fallback,5.0,offline_replicate_noise_v1,ROUND_003
legacy_lit_346,legacy_literature,viability_percent,unknown,68.5,1,1,,False,25.0,pooled_conservative_fallback,5.0,offline_replicate_noise_v1,ROUND_003
legacy_lit_347,legacy_literature,viability_percent,unknown,69.5,1,1,,False,25.0,pooled_conservative_fallback,5.0,offline_replicate_noise_v1,ROUND_003
legacy_lit_349,legacy_literature,viability_percent,unknown,70.0,1,1,,False,25.0,pooled_conservative_fallback,5.0,offline_replicate_noise_v1,ROUND_003
legacy_lit_35,legacy_literature,viability_percent,unknown,80.0,1,1,,False,25.0,pooled_conservative_fallback,5.0,offline_replicate_noise_v1,ROUND_003
legacy_lit_350,legacy_literature,viability_percent,unknown,71.0,1,1,,False,25.0,pooled_conservative_fallback,5.0,offline_replicate_noise_v1,ROUND_003
legacy_lit_351,legacy_literature,viability_percent,unknown,73.1,1,1,,False,25.0,pooled_conservative_fallback,5.0,offline_replicate_noise_v1,ROUND_003
legacy_lit_352,legacy_literature,viability_percent,unknown,69.6,1,1,,False,25.0,pooled_conservative_fallback,5.0,offline_replicate_noise_v1,ROUND_003
legacy_lit_353,legacy_literature,viability_percent,unknown,72.0,1,1,,False,25.0,pooled_conservative_fallback,5.0,offline_replicate_noise_v1,ROUND_003
legacy_lit_354,legacy_literature,viability_percent,unknown,73.8,1,1,,False,25.0,pooled_conservative_fallback,5.0,offline_replicate_noise_v1,ROUND_003
legacy_lit_355,legacy_literature,viability_percent,unknown,68.2,1,1,,False,25.0,pooled_conservative_fallback,5.0,offline_replicate_noise_v1,ROUND_003
legacy_lit_356,legacy_literature,viability_percent,unknown,73.0,1,1,,False,25.0,pooled_conservative_fallback,5.0,offline_replicate_noise_v1,ROUND_003
legacy_lit_357,legacy_literature,viability_percent,unknown,74.9,1,1,,False,25.0,pooled_conservative_fallback,5.0,offline_replicate_noise_v1,ROUND_003
legacy_lit_358,legacy_literature,viability_percent,unknown,42.4,1,1,,False,25.0,pooled_conservative_fallback,5.0,offline_replicate_noise_v1,ROUND_003
legacy_lit_359,legacy_literature,viability_percent,unknown,47.6,1,1,,False,25.0,pooled_conservative_fallback,5.0,offline_replicate_noise_v1,ROUND_003
legacy_lit_36,legacy_literature,viability_percent,unknown,70.0,1,1,,False,25.0,pooled_conservative_fallback,5.0,offline_replicate_noise_v1,ROUND_003
legacy_lit_360,legacy_literature,viability_percent,unknown,52.1,1,1,,False,25.0,pooled_conservative_fallback,5.0,offline_replicate_noise_v1,ROUND_003
legacy_lit_361,legacy_literature,viability_percent,unknown,50.3,1,1,,False,25.0,pooled_conservative_fallback,5.0,offline_replicate_noise_v1,ROUND_003
legacy_lit_362,legacy_literature,viability_percent,unknown,55.3,1,1,,False,25.0,pooled_conservative_fallback,5.0,offline_replicate_noise_v1,ROUND_003
legacy_lit_363,legacy_literature,viability_percent,unknown,69.0,1,1,,False,25.0,pooled_conservative_fallback,5.0,offline_replicate_noise_v1,ROUND_003
legacy_lit_368,legacy_literature,viability_percent,unknown,88.0,1,1,,False,25.0,pooled_conservative_fallback,5.0,offline_replicate_noise_v1,ROUND_003
legacy_lit_369,legacy_literature,viability_percent,unknown,92.7,1,1,,False,25.0,pooled_conservative_fallback,5.0,offline_replicate_noise_v1,ROUND_003
legacy_lit_37,legacy_literature,viability_percent,unknown,100.0,1,1,,False,25.0,pooled_conservative_fallback,5.0,offline_replicate_noise_v1,ROUND_003
legacy_lit_370,legacy_literature,viability_percent,unknown,90.0,1,1,,False,25.0,pooled_conservative_fallback,5.0,offline_replicate_noise_v1,ROUND_003
legacy_lit_372,legacy_literature,viability_percent,unknown,22.5,1,1,,False,25.0,pooled_conservative_fallback,5.0,offline_replicate_noise_v1,ROUND_003
legacy_lit_373,legacy_literature,viability_percent,unknown,72.5,1,1,,False,25.0,pooled_conservative_fallback,5.0,offline_replicate_noise_v1,ROUND_003
legacy_lit_374,legacy_literature,viability_percent,unknown,73.95,1,1,,False,25.0,pooled_conservative_fallback,5.0,offline_replicate_noise_v1,ROUND_003
legacy_lit_375,legacy_literature,viability_percent,unknown,81.3,1,1,,False,25.0,pooled_conservative_fallback,5.0,offline_replicate_noise_v1,ROUND_003
legacy_lit_376,legacy_literature,viability_percent,unknown,86.05,1,1,,False,25.0,pooled_conservative_fallback,5.0,offline_replicate_noise_v1,ROUND_003
legacy_lit_38,legacy_literature,viability_percent,unknown,100.0,1,1,,False,25.0,pooled_conservative_fallback,5.0,offline_replicate_noise_v1,ROUND_003
legacy_lit_383,legacy_literature,viability_percent,unknown,5.0,1,1,,False,25.0,pooled_conservative_fallback,5.0,offline_replicate_noise_v1,ROUND_003
legacy_lit_386,legacy_literature,viability_percent,unknown,77.0,1,1,,False,25.0,pooled_conservative_fallback,5.0,offline_replicate_noise_v1,ROUND_003
legacy_lit_39,legacy_literature,viability_percent,unknown,80.0,1,1,,False,25.0,pooled_conservative_fallback,5.0,offline_replicate_noise_v1,ROUND_003
legacy_lit_4,legacy_literature,viability_percent,unknown,81.43333333333332,1,1,,False,25.0,pooled_conservative_fallback,5.0,offline_replicate_noise_v1,ROUND_003
legacy_lit_41,legacy_literature,viability_percent,unknown,51.5,1,1,,False,25.0,pooled_conservative_fallback,5.0,offline_replicate_noise_v1,ROUND_003
legacy_lit_43,legacy_literature,viability_percent,unknown,85.07,1,1,,False,25.0,pooled_conservative_fallback,5.0,offline_replicate_noise_v1,ROUND_003
legacy_lit_44,legacy_literature,viability_percent,unknown,22.0,1,1,,False,25.0,pooled_conservative_fallback,5.0,offline_replicate_noise_v1,ROUND_003
legacy_lit_45,legacy_literature,viability_percent,unknown,28.0,1,1,,False,25.0,pooled_conservative_fallback,5.0,offline_replicate_noise_v1,ROUND_003
legacy_lit_46,legacy_literature,viability_percent,unknown,65.0,1,1,,False,25.0,pooled_conservative_fallback,5.0,offline_replicate_noise_v1,ROUND_003
legacy_lit_47,legacy_literature,viability_percent,unknown,68.0,1,1,,False,25.0,pooled_conservative_fallback,5.0,offline_replicate_noise_v1,ROUND_003
legacy_lit_48,legacy_literature,viability_percent,unknown,85.65,1,1,,False,25.0,pooled_conservative_fallback,5.0,offline_replicate_noise_v1,ROUND_003
legacy_lit_49,legacy_literature,viability_percent,unknown,88.5,1,1,,False,25.0,pooled_conservative_fallback,5.0,offline_replicate_noise_v1,ROUND_003
legacy_lit_5,legacy_literature,viability_percent,unknown,84.5,1,1,,False,25.0,pooled_conservative_fallback,5.0,offline_replicate_noise_v1,ROUND_003
legacy_lit_50,legacy_literature,viability_percent,unknown,70.6,1,1,,False,25.0,pooled_conservative_fallback,5.0,offline_replicate_noise_v1,ROUND_003
legacy_lit_51,legacy_literature,viability_percent,unknown,64.1,1,1,,False,25.0,pooled_conservative_fallback,5.0,offline_replicate_noise_v1,ROUND_003
legacy_lit_52,legacy_literature,viability_percent,unknown,47.0,1,1,,False,25.0,pooled_conservative_fallback,5.0,offline_replicate_noise_v1,ROUND_003
legacy_lit_53,legacy_literature,viability_percent,unknown,56.0,1,1,,False,25.0,pooled_conservative_fallback,5.0,offline_replicate_noise_v1,ROUND_003
legacy_lit_54,legacy_literature,viability_percent,unknown,65.0,1,1,,False,25.0,pooled_conservative_fallback,5.0,offline_replicate_noise_v1,ROUND_003
legacy_lit_55,legacy_literature,viability_percent,unknown,58.0,1,1,,False,25.0,pooled_conservative_fallback,5.0,offline_replicate_noise_v1,ROUND_003
legacy_lit_56,legacy_literature,viability_percent,unknown,63.333333333333336,1,1,,False,25.0,pooled_conservative_fallback,5.0,offline_replicate_noise_v1,ROUND_003
legacy_lit_57,legacy_literature,viability_percent,unknown,57.666666666666664,1,1,,False,25.0,pooled_conservative_fallback,5.0,offline_replicate_noise_v1,ROUND_003
legacy_lit_58,legacy_literature,viability_percent,unknown,50.0,1,1,,False,25.0,pooled_conservative_fallback,5.0,offline_replicate_noise_v1,ROUND_003
legacy_lit_59,legacy_literature,viability_percent,unknown,77.0,1,1,,False,25.0,pooled_conservative_fallback,5.0,offline_replicate_noise_v1,ROUND_003
legacy_lit_6,legacy_literature,viability_percent,unknown,83.0,1,1,,False,25.0,pooled_conservative_fallback,5.0,offline_replicate_noise_v1,ROUND_003
legacy_lit_63,legacy_literature,viability_percent,unknown,80.0,1,1,,False,25.0,pooled_conservative_fallback,5.0,offline_replicate_noise_v1,ROUND_003
legacy_lit_65,legacy_literature,viability_percent,unknown,81.33333333333333,1,1,,False,25.0,pooled_conservative_fallback,5.0,offline_replicate_noise_v1,ROUND_003
legacy_lit_67,legacy_literature,viability_percent,unknown,56.0,1,1,,False,25.0,pooled_conservative_fallback,5.0,offline_replicate_noise_v1,ROUND_003
legacy_lit_68,legacy_literature,viability_percent,unknown,74.0,1,1,,False,25.0,pooled_conservative_fallback,5.0,offline_replicate_noise_v1,ROUND_003
legacy_lit_69,legacy_literature,viability_percent,unknown,92.0,1,1,,False,25.0,pooled_conservative_fallback,5.0,offline_replicate_noise_v1,ROUND_003
legacy_lit_7,legacy_literature,viability_percent,unknown,82.14,1,1,,False,25.0,pooled_conservative_fallback,5.0,offline_replicate_noise_v1,ROUND_003
legacy_lit_70,legacy_literature,viability_percent,unknown,47.0,1,1,,False,25.0,pooled_conservative_fallback,5.0,offline_replicate_noise_v1,ROUND_003
legacy_lit_71,legacy_literature,viability_percent,unknown,76.0,1,1,,False,25.0,pooled_conservative_fallback,5.0,offline_replicate_noise_v1,ROUND_003
legacy_lit_74,legacy_literature,viability_percent,unknown,78.0,1,1,,False,25.0,pooled_conservative_fallback,5.0,offline_replicate_noise_v1,ROUND_003
legacy_lit_75,legacy_literature,viability_percent,unknown,83.0,1,1,,False,25.0,pooled_conservative_fallback,5.0,offline_replicate_noise_v1,ROUND_003
legacy_lit_76,legacy_literature,viability_percent,unknown,21.0,1,1,,False,25.0,pooled_conservative_fallback,5.0,offline_replicate_noise_v1,ROUND_003
legacy_lit_77,legacy_literature,viability_percent,unknown,28.0,1,1,,False,25.0,pooled_conservative_fallback,5.0,offline_replicate_noise_v1,ROUND_003
legacy_lit_78,legacy_literature,viability_percent,unknown,36.0,1,1,,False,25.0,pooled_conservative_fallback,5.0,offline_replicate_noise_v1,ROUND_003
legacy_lit_79,legacy_literature,viability_percent,unknown,38.0,1,1,,False,25.0,pooled_conservative_fallback,5.0,offline_replicate_noise_v1,ROUND_003
legacy_lit_8,legacy_literature,viability_percent,unknown,69.625,1,1,,False,25.0,pooled_conservative_fallback,5.0,offline_replicate_noise_v1,ROUND_003
legacy_lit_84,legacy_literature,viability_percent,unknown,82.5,1,1,,False,25.0,pooled_conservative_fallback,5.0,offline_replicate_noise_v1,ROUND_003
legacy_lit_85,legacy_literature,viability_percent,unknown,82.6,1,1,,False,25.0,pooled_conservative_fallback,5.0,offline_replicate_noise_v1,ROUND_003
legacy_lit_86,legacy_literature,viability_percent,unknown,5.7,1,1,,False,25.0,pooled_conservative_fallback,5.0,offline_replicate_noise_v1,ROUND_003
legacy_lit_87,legacy_literature,viability_percent,unknown,49.3,1,1,,False,25.0,pooled_conservative_fallback,5.0,offline_replicate_noise_v1,ROUND_003
legacy_lit_88,legacy_literature,viability_percent,unknown,69.7,1,1,,False,25.0,pooled_conservative_fallback,5.0,offline_replicate_noise_v1,ROUND_003
legacy_lit_89,legacy_literature,viability_percent,unknown,55.5,1,1,,False,25.0,pooled_conservative_fallback,5.0,offline_replicate_noise_v1,ROUND_003
legacy_lit_9,legacy_literature,viability_percent,unknown,65.48,1,1,,False,25.0,pooled_conservative_fallback,5.0,offline_replicate_noise_v1,ROUND_003
legacy_lit_90,legacy_literature,viability_percent,unknown,4.6,1,1,,False,25.0,pooled_conservative_fallback,5.0,offline_replicate_noise_v1,ROUND_003
legacy_lit_91,legacy_literature,viability_percent,unknown,53.2,1,1,,False,25.0,pooled_conservative_fallback,5.0,offline_replicate_noise_v1,ROUND_003
legacy_lit_92,legacy_literature,viability_percent,unknown,72.1,1,1,,False,25.0,pooled_conservative_fallback,5.0,offline_replicate_noise_v1,ROUND_003
legacy_lit_93,legacy_literature,viability_percent,unknown,61.8,1,1,,False,25.0,pooled_conservative_fallback,5.0,offline_replicate_noise_v1,ROUND_003
legacy_lit_94,legacy_literature,viability_percent,unknown,55.4,1,1,,False,25.0,pooled_conservative_fallback,5.0,offline_replicate_noise_v1,ROUND_003
legacy_lit_95,legacy_literature,viability_percent,unknown,69.2,1,1,,False,25.0,pooled_conservative_fallback,5.0,offline_replicate_noise_v1,ROUND_003
legacy_lit_96,legacy_literature,viability_percent,unknown,64.3,1,1,,False,25.0,pooled_conservative_fallback,5.0,offline_replicate_noise_v1,ROUND_003
legacy_lit_97,legacy_literature,viability_percent,unknown,70.5,1,1,,False,25.0,pooled_conservative_fallback,5.0,offline_replicate_noise_v1,ROUND_003
legacy_lit_98,legacy_literature,viability_percent,unknown,72.5,1,1,,False,25.0,pooled_conservative_fallback,5.0,offline_replicate_noise_v1,ROUND_003
legacy_lit_99,legacy_literature,viability_percent,unknown,65.0,1,1,,False,25.0,pooled_conservative_fallback,5.0,offline_replicate_noise_v1,ROUND_003
legacy_wetlab_EXP101,legacy_wetlab,viability_percent,unknown,21.01,1,1,,False,25.0,pooled_conservative_fallback,5.0,offline_replicate_noise_v1,ROUND_003
legacy_wetlab_EXP102,legacy_wetlab,viability_percent,unknown,38.14,1,1,,False,25.0,pooled_conservative_fallback,5.0,offline_replicate_noise_v1,ROUND_003
legacy_wetlab_EXP103,legacy_wetlab,viability_percent,unknown,7.44,1,1,,False,25.0,pooled_conservative_fallback,5.0,offline_replicate_noise_v1,ROUND_003
legacy_wetlab_EXP104,legacy_wetlab,viability_percent,unknown,29.7,1,1,,False,25.0,pooled_conservative_fallback,5.0,offline_replicate_noise_v1,ROUND_003
legacy_wetlab_EXP105,legacy_wetlab,viability_percent,unknown,18.31,1,1,,False,25.0,pooled_conservative_fallback,5.0,offline_replicate_noise_v1,ROUND_003
legacy_wetlab_EXP106,legacy_wetlab,viability_percent,unknown,8.39,1,1,,False,25.0,pooled_conservative_fallback,5.0,offline_replicate_noise_v1,ROUND_003
legacy_wetlab_EXP1101,legacy_wetlab,viability_percent,unknown,15.27,1,1,,False,25.0,pooled_conservative_fallback,5.0,offline_replicate_noise_v1,ROUND_003
legacy_wetlab_EXP1102,legacy_wetlab,viability_percent,unknown,6.9,1,1,,False,25.0,pooled_conservative_fallback,5.0,offline_replicate_noise_v1,ROUND_003
legacy_wetlab_EXP1103,legacy_wetlab,viability_percent,unknown,26.68,1,1,,False,25.0,pooled_conservative_fallback,5.0,offline_replicate_noise_v1,ROUND_003
legacy_wetlab_EXP1104,legacy_wetlab,viability_percent,unknown,36.3,1,1,,False,25.0,pooled_conservative_fallback,5.0,offline_replicate_noise_v1,ROUND_003
legacy_wetlab_EXP1105,legacy_wetlab,viability_percent,unknown,79.09,1,1,,False,25.0,pooled_conservative_fallback,5.0,offline_replicate_noise_v1,ROUND_003
legacy_wetlab_EXP1106,legacy_wetlab,viability_percent,unknown,48.85,1,1,,False,25.0,pooled_conservative_fallback,5.0,offline_replicate_noise_v1,ROUND_003
legacy_wetlab_EXP1201,legacy_wetlab,viability_percent,unknown,31.9,1,1,,False,25.0,pooled_conservative_fallback,5.0,offline_replicate_noise_v1,ROUND_003
legacy_wetlab_EXP1202,legacy_wetlab,viability_percent,unknown,28.41,1,1,,False,25.0,pooled_conservative_fallback,5.0,offline_replicate_noise_v1,ROUND_003
legacy_wetlab_EXP1203,legacy_wetlab,viability_percent,unknown,20.26,1,1,,False,25.0,pooled_conservative_fallback,5.0,offline_replicate_noise_v1,ROUND_003
legacy_wetlab_EXP1205,legacy_wetlab,viability_percent,unknown,31.19,1,1,,False,25.0,pooled_conservative_fallback,5.0,offline_replicate_noise_v1,ROUND_003
legacy_wetlab_EXP1206,legacy_wetlab,viability_percent,unknown,36.12,1,1,,False,25.0,pooled_conservative_fallback,5.0,offline_replicate_noise_v1,ROUND_003
legacy_wetlab_EXP201,legacy_wetlab,viability_percent,unknown,9.78,1,1,,False,25.0,pooled_conservative_fallback,5.0,offline_replicate_noise_v1,ROUND_003
legacy_wetlab_EXP202,legacy_wetlab,viability_percent,unknown,32.42,1,1,,False,25.0,pooled_conservative_fallback,5.0,offline_replicate_noise_v1,ROUND_003
legacy_wetlab_EXP203,legacy_wetlab,viability_percent,unknown,52.32,1,1,,False,25.0,pooled_conservative_fallback,5.0,offline_replicate_noise_v1,ROUND_003
legacy_wetlab_EXP204,legacy_wetlab,viability_percent,unknown,50.29,1,1,,False,25.0,pooled_conservative_fallback,5.0,offline_replicate_noise_v1,ROUND_003
legacy_wetlab_EXP205,legacy_wetlab,viability_percent,unknown,63.31,1,1,,False,25.0,pooled_conservative_fallback,5.0,offline_replicate_noise_v1,ROUND_003
legacy_wetlab_EXP206,legacy_wetlab,viability_percent,unknown,58.73,1,1,,False,25.0,pooled_conservative_fallback,5.0,offline_replicate_noise_v1,ROUND_003
legacy_wetlab_EXP2101,legacy_wetlab,viability_percent,unknown,28.99,1,1,,False,25.0,pooled_conservative_fallback,5.0,offline_replicate_noise_v1,ROUND_003
legacy_wetlab_EXP2102,legacy_wetlab,viability_percent,unknown,28.14,1,1,,False,25.0,pooled_conservative_fallback,5.0,offline_replicate_noise_v1,ROUND_003
legacy_wetlab_EXP2103,legacy_wetlab,viability_percent,unknown,51.61,1,1,,False,25.0,pooled_conservative_fallback,5.0,offline_replicate_noise_v1,ROUND_003
legacy_wetlab_EXP2104,legacy_wetlab,viability_percent,unknown,53.4,1,1,,False,25.0,pooled_conservative_fallback,5.0,offline_replicate_noise_v1,ROUND_003
legacy_wetlab_EXP2105,legacy_wetlab,viability_percent,unknown,8.66,1,1,,False,25.0,pooled_conservative_fallback,5.0,offline_replicate_noise_v1,ROUND_003
legacy_wetlab_EXP2106,legacy_wetlab,viability_percent,unknown,34.8,1,1,,False,25.0,pooled_conservative_fallback,5.0,offline_replicate_noise_v1,ROUND_003
legacy_wetlab_EXP301,legacy_wetlab,viability_percent,unknown,28.19,1,1,,False,25.0,pooled_conservative_fallback,5.0,offline_replicate_noise_v1,ROUND_003
legacy_wetlab_EXP302,legacy_wetlab,viability_percent,unknown,56.18,1,1,,False,25.0,pooled_conservative_fallback,5.0,offline_replicate_noise_v1,ROUND_003
legacy_wetlab_EXP303,legacy_wetlab,viability_percent,unknown,6.5,1,1,,False,25.0,pooled_conservative_fallback,5.0,offline_replicate_noise_v1,ROUND_003
legacy_wetlab_EXP304,legacy_wetlab,viability_percent,unknown,53.19,1,1,,False,25.0,pooled_conservative_fallback,5.0,offline_replicate_noise_v1,ROUND_003
legacy_wetlab_EXP305,legacy_wetlab,viability_percent,unknown,72.93,1,1,,False,25.0,pooled_conservative_fallback,5.0,offline_replicate_noise_v1,ROUND_003
legacy_wetlab_EXP306,legacy_wetlab,viability_percent,unknown,69.78,1,1,,False,25.0,pooled_conservative_fallback,5.0,offline_replicate_noise_v1,ROUND_003
legacy_wetlab_EXP3101,legacy_wetlab,viability_percent,unknown,63.61,1,1,,False,25.0,pooled_conservative_fallback,5.0,offline_replicate_noise_v1,ROUND_003
legacy_wetlab_EXP3102,legacy_wetlab,viability_percent,unknown,51.94,1,1,,False,25.0,pooled_conservative_fallback,5.0,offline_replicate_noise_v1,ROUND_003
legacy_wetlab_EXP3103,legacy_wetlab,viability_percent,unknown,32.75,1,1,,False,25.0,pooled_conservative_fallback,5.0,offline_replicate_noise_v1,ROUND_003
legacy_wetlab_EXP3104,legacy_wetlab,viability_percent,unknown,49.99,1,1,,False,25.0,pooled_conservative_fallback,5.0,offline_replicate_noise_v1,ROUND_003
legacy_wetlab_EXP3105,legacy_wetlab,viability_percent,unknown,41.32,1,1,,False,25.0,pooled_conservative_fallback,5.0,offline_replicate_noise_v1,ROUND_003
legacy_wetlab_EXP3106,legacy_wetlab,viability_percent,unknown,42.1,1,1,,False,25.0,pooled_conservative_fallback,5.0,offline_replicate_noise_v1,ROUND_003
legacy_wetlab_EXP3107,legacy_wetlab,viability_percent,unknown,63.25,1,1,,False,25.0,pooled_conservative_fallback,5.0,offline_replicate_noise_v1,ROUND_003
legacy_wetlab_EXP3108,legacy_wetlab,viability_percent,unknown,35.08,1,1,,False,25.0,pooled_conservative_fallback,5.0,offline_replicate_noise_v1,ROUND_003
legacy_wetlab_EXP4101,legacy_wetlab,viability_percent,unknown,62.32,1,1,,False,25.0,pooled_conservative_fallback,5.0,offline_replicate_noise_v1,ROUND_003
legacy_wetlab_EXP4102,legacy_wetlab,viability_percent,unknown,59.76,1,1,,False,25.0,pooled_conservative_fallback,5.0,offline_replicate_noise_v1,ROUND_003
legacy_wetlab_EXP4103,legacy_wetlab,viability_percent,unknown,73.15,1,1,,False,25.0,pooled_conservative_fallback,5.0,offline_replicate_noise_v1,ROUND_003
legacy_wetlab_EXP4104,legacy_wetlab,viability_percent,unknown,76.91,1,1,,False,25.0,pooled_conservative_fallback,5.0,offline_replicate_noise_v1,ROUND_003
legacy_wetlab_EXP4105,legacy_wetlab,viability_percent,unknown,78.31,1,1,,False,25.0,pooled_conservative_fallback,5.0,offline_replicate_noise_v1,ROUND_003
legacy_wetlab_EXP4106,legacy_wetlab,viability_percent,unknown,71.59,1,1,,False,25.0,pooled_conservative_fallback,5.0,offline_replicate_noise_v1,ROUND_003
legacy_wetlab_EXP5101,legacy_wetlab,viability_percent,unknown,49.0,1,1,,False,25.0,pooled_conservative_fallback,5.0,offline_replicate_noise_v1,ROUND_003
legacy_wetlab_EXP5102,legacy_wetlab,viability_percent,unknown,70.04,1,1,,False,25.0,pooled_conservative_fallback,5.0,offline_replicate_noise_v1,ROUND_003
legacy_wetlab_EXP5103,legacy_wetlab,viability_percent,unknown,72.48,1,1,,False,25.0,pooled_conservative_fallback,5.0,offline_replicate_noise_v1,ROUND_003
legacy_wetlab_EXP5104,legacy_wetlab,viability_percent,unknown,92.63,1,1,,False,25.0,pooled_conservative_fallback,5.0,offline_replicate_noise_v1,ROUND_003
legacy_wetlab_EXP5105,legacy_wetlab,viability_percent,unknown,91.2,1,1,,False,25.0,pooled_conservative_fallback,5.0,offline_replicate_noise_v1,ROUND_003
legacy_wetlab_EXP5106,legacy_wetlab,viability_percent,unknown,91.4,1,1,,False,25.0,pooled_conservative_fallback,5.0,offline_replicate_noise_v1,ROUND_003
legacy_wetlab_EXP5107,legacy_wetlab,viability_percent,unknown,75.16,1,1,,False,25.0,pooled_conservative_fallback,5.0,offline_replicate_noise_v1,ROUND_003
legacy_wetlab_EXP5108,legacy_wetlab,viability_percent,unknown,59.17,1,1,,False,25.0,pooled_conservative_fallback,5.0,offline_replicate_noise_v1,ROUND_003
legacy_wetlab_EXP5109,legacy_wetlab,viability_percent,unknown,94.32,1,1,,False,25.0,pooled_conservative_fallback,5.0,offline_replicate_noise_v1,ROUND_003
legacy_wetlab_EXP5110,legacy_wetlab,viability_percent,unknown,95.15,1,1,,False,25.0,pooled_conservative_fallback,5.0,offline_replicate_noise_v1,ROUND_003
legacy_wetlab_EXP5111,legacy_wetlab,viability_percent,unknown,88.78,1,1,,False,25.0,pooled_conservative_fallback,5.0,offline_replicate_noise_v1,ROUND_003
legacy_wetlab_EXP5112,legacy_wetlab,viability_percent,unknown,87.85,1,1,,False,25.0,pooled_conservative_fallback,5.0,offline_replicate_noise_v1,ROUND_003
legacy_wetlab_EXP5201,legacy_wetlab,viability_percent,unknown,27.08,1,1,,False,25.0,pooled_conservative_fallback,5.0,offline_replicate_noise_v1,ROUND_003
legacy_wetlab_EXP5202,legacy_wetlab,viability_percent,unknown,29.46,1,1,,False,25.0,pooled_conservative_fallback,5.0,offline_replicate_noise_v1,ROUND_003
legacy_wetlab_EXP5203,legacy_wetlab,viability_percent,unknown,59.95,1,1,,False,25.0,pooled_conservative_fallback,5.0,offline_replicate_noise_v1,ROUND_003
legacy_wetlab_EXP5204,legacy_wetlab,viability_percent,unknown,71.75,1,1,,False,25.0,pooled_conservative_fallback,5.0,offline_replicate_noise_v1,ROUND_003
legacy_wetlab_EXP5205,legacy_wetlab,viability_percent,unknown,6.86,1,1,,False,25.0,pooled_conservative_fallback,5.0,offline_replicate_noise_v1,ROUND_003
legacy_wetlab_EXP5206,legacy_wetlab,viability_percent,unknown,13.35,1,1,,False,25.0,pooled_conservative_fallback,5.0,offline_replicate_noise_v1,ROUND_003
legacy_wetlab_EXP5207,legacy_wetlab,viability_percent,unknown,48.34,1,1,,False,25.0,pooled_conservative_fallback,5.0,offline_replicate_noise_v1,ROUND_003
legacy_wetlab_EXP5208,legacy_wetlab,viability_percent,unknown,12.02,1,1,,False,25.0,pooled_conservative_fallback,5.0,offline_replicate_noise_v1,ROUND_003
legacy_wetlab_EXP5209,legacy_wetlab,viability_percent,unknown,60.43,1,1,,False,25.0,pooled_conservative_fallback,5.0,offline_replicate_noise_v1,ROUND_003
legacy_wetlab_EXP5210,legacy_wetlab,viability_percent,unknown,20.96,1,1,,False,25.0,pooled_conservative_fallback,5.0,offline_replicate_noise_v1,ROUND_003
legacy_wetlab_EXP5211,legacy_wetlab,viability_percent,unknown,7.39,1,1,,False,25.0,pooled_conservative_fallback,5.0,offline_replicate_noise_v1,ROUND_003
legacy_wetlab_EXP6101,legacy_wetlab,viability_percent,unknown,74.16,1,1,,False,25.0,pooled_conservative_fallback,5.0,offline_replicate_noise_v1,ROUND_003
legacy_wetlab_EXP6102,legacy_wetlab,viability_percent,unknown,73.88,1,1,,False,25.0,pooled_conservative_fallback,5.0,offline_replicate_noise_v1,ROUND_003
legacy_wetlab_EXP6103,legacy_wetlab,viability_percent,unknown,71.12,1,1,,False,25.0,pooled_conservative_fallback,5.0,offline_replicate_noise_v1,ROUND_003
legacy_wetlab_EXP6104,legacy_wetlab,viability_percent,unknown,65.5,1,1,,False,25.0,pooled_conservative_fallback,5.0,offline_replicate_noise_v1,ROUND_003
legacy_wetlab_EXP6105,legacy_wetlab,viability_percent,unknown,53.08,1,1,,False,25.0,pooled_conservative_fallback,5.0,offline_replicate_noise_v1,ROUND_003
legacy_wetlab_EXP6106,legacy_wetlab,viability_percent,unknown,71.41,1,1,,False,25.0,pooled_conservative_fallback,5.0,offline_replicate_noise_v1,ROUND_003
legacy_wetlab_EXP7101,legacy_wetlab,viability_percent,unknown,72.98,1,1,,False,25.0,pooled_conservative_fallback,5.0,offline_replicate_noise_v1,ROUND_003
legacy_wetlab_EXP7102,legacy_wetlab,viability_percent,unknown,79.04,1,1,,False,25.0,pooled_conservative_fallback,5.0,offline_replicate_noise_v1,ROUND_003
legacy_wetlab_EXP7103,legacy_wetlab,viability_percent,unknown,76.36,1,1,,False,25.0,pooled_conservative_fallback,5.0,offline_replicate_noise_v1,ROUND_003
legacy_wetlab_EXP7104,legacy_wetlab,viability_percent,unknown,75.91,1,1,,False,25.0,pooled_conservative_fallback,5.0,offline_replicate_noise_v1,ROUND_003
legacy_wetlab_EXP7105,legacy_wetlab,viability_percent,unknown,73.57,1,1,,False,25.0,pooled_conservative_fallback,5.0,offline_replicate_noise_v1,ROUND_003
legacy_wetlab_EXP7106,legacy_wetlab,viability_percent,unknown,74.55,1,1,,False,25.0,pooled_conservative_fallback,5.0,offline_replicate_noise_v1,ROUND_003
legacy_wetlab_EXP7107,legacy_wetlab,viability_percent,unknown,70.97,1,1,,False,25.0,pooled_conservative_fallback,5.0,offline_replicate_noise_v1,ROUND_003
legacy_wetlab_EXP7108,legacy_wetlab,viability_percent,unknown,70.64,1,1,,False,25.0,pooled_conservative_fallback,5.0,offline_replicate_noise_v1,ROUND_003
legacy_wetlab_EXP7109,legacy_wetlab,viability_percent,unknown,11.49,1,1,,False,25.0,pooled_conservative_fallback,5.0,offline_replicate_noise_v1,ROUND_003
legacy_wetlab_EXP7110,legacy_wetlab,viability_percent,unknown,50.31,1,1,,False,25.0,pooled_conservative_fallback,5.0,offline_replicate_noise_v1,ROUND_003
legacy_wetlab_EXP7111,legacy_wetlab,viability_percent,unknown,35.29,1,1,,False,25.0,pooled_conservative_fallback,5.0,offline_replicate_noise_v1,ROUND_003
legacy_wetlab_EXP7112,legacy_wetlab,viability_percent,unknown,41.07,1,1,,False,25.0,pooled_conservative_fallback,5.0,offline_replicate_noise_v1,ROUND_003
legacy_wetlab_EXP8101,legacy_wetlab,viability_percent,unknown,71.22,1,1,,False,25.0,pooled_conservative_fallback,5.0,offline_replicate_noise_v1,ROUND_003
legacy_wetlab_EXP8102,legacy_wetlab,viability_percent,unknown,71.7,1,1,,False,25.0,pooled_conservative_fallback,5.0,offline_replicate_noise_v1,ROUND_003
legacy_wetlab_EXP8103,legacy_wetlab,viability_percent,unknown,69.97,1,1,,False,25.0,pooled_conservative_fallback,5.0,offline_replicate_noise_v1,ROUND_003
legacy_wetlab_EXP8104,legacy_wetlab,viability_percent,unknown,58.76,1,1,,False,25.0,pooled_conservative_fallback,5.0,offline_replicate_noise_v1,ROUND_003
legacy_wetlab_EXP8105,legacy_wetlab,viability_percent,unknown,64.69,1,1,,False,25.0,pooled_conservative_fallback,5.0,offline_replicate_noise_v1,ROUND_003
legacy_wetlab_EXP8106,legacy_wetlab,viability_percent,unknown,64.37,1,1,,False,25.0,pooled_conservative_fallback,5.0,offline_replicate_noise_v1,ROUND_003
legacy_wetlab_EXP8107,legacy_wetlab,viability_percent,unknown,54.64,1,1,,False,25.0,pooled_conservative_fallback,5.0,offline_replicate_noise_v1,ROUND_003
legacy_wetlab_EXP8108,legacy_wetlab,viability_percent,unknown,39.82,1,1,,False,25.0,pooled_conservative_fallback,5.0,offline_replicate_noise_v1,ROUND_003
legacy_wetlab_EXP9101,legacy_wetlab,viability_percent,unknown,75.43,1,1,,False,25.0,pooled_conservative_fallback,5.0,offline_replicate_noise_v1,ROUND_003
legacy_wetlab_EXP9102,legacy_wetlab,viability_percent,unknown,70.72,1,1,,False,25.0,pooled_conservative_fallback,5.0,offline_replicate_noise_v1,ROUND_003
legacy_wetlab_EXP9103,legacy_wetlab,viability_percent,unknown,71.75,1,1,,False,25.0,pooled_conservative_fallback,5.0,offline_replicate_noise_v1,ROUND_003
legacy_wetlab_EXP9104,legacy_wetlab,viability_percent,unknown,74.92,1,1,,False,25.0,pooled_conservative_fallback,5.0,offline_replicate_noise_v1,ROUND_003
legacy_wetlab_EXP9105,legacy_wetlab,viability_percent,unknown,75.16,1,1,,False,25.0,pooled_conservative_fallback,5.0,offline_replicate_noise_v1,ROUND_003
legacy_wetlab_EXP9106,legacy_wetlab,viability_percent,unknown,67.06,1,1,,False,25.0,pooled_conservative_fallback,5.0,offline_replicate_noise_v1,ROUND_003
legacy_wetlab_EXP9107,legacy_wetlab,viability_percent,unknown,61.47,1,1,,False,25.0,pooled_conservative_fallback,5.0,offline_replicate_noise_v1,ROUND_003
legacy_wetlab_EXP9108,legacy_wetlab,viability_percent,unknown,36.44,1,1,,False,25.0,pooled_conservative_fallback,5.0,offline_replicate_noise_v1,ROUND_003
v2_19eed4dca0d3,ROUND_001,viability_percent,unknown,35.84,1,1,,False,25.0,pooled_conservative_fallback,5.0,offline_replicate_noise_v1,ROUND_003
v2_21a3a498433e,ROUND_001,viability_percent,unknown,36.22,1,1,,False,25.0,pooled_conservative_fallback,5.0,offline_replicate_noise_v1,ROUND_003
v2_237544a25f30,ROUND_001,viability_percent,unknown,69.21,1,1,,False,25.0,pooled_conservative_fallback,5.0,offline_replicate_noise_v1,ROUND_003
v2_2eead01c8392,ROUND_001,viability_percent,unknown,60.53,1,1,,False,25.0,pooled_conservative_fallback,5.0,offline_replicate_noise_v1,ROUND_003
v2_34d667ff4762,ROUND_002,viability_percent,unknown,63.879999999999995,4,1,,False,25.0,pooled_conservative_fallback,5.0,offline_replicate_noise_v1,ROUND_003
v2_384020959c42,ROUND_002,viability_percent,unknown,21.375,4,1,,False,25.0,pooled_conservative_fallback,5.0,offline_replicate_noise_v1,ROUND_003
v2_3e8ef993abba,ROUND_002,viability_percent,unknown,65.5625,4,1,,False,25.0,pooled_conservative_fallback,5.0,offline_replicate_noise_v1,ROUND_003
v2_42188f45e98a,ROUND_002,viability_percent,unknown,38.805,4,1,,False,25.0,pooled_conservative_fallback,5.0,offline_replicate_noise_v1,ROUND_003
v2_49123b81735d,ROUND_001,viability_percent,unknown,40.44,1,1,,False,25.0,pooled_conservative_fallback,5.0,offline_replicate_noise_v1,ROUND_003
v2_4a0cb1ead8d1,ROUND_001,viability_percent,unknown,60.33,1,1,,False,25.0,pooled_conservative_fallback,5.0,offline_replicate_noise_v1,ROUND_003
v2_655729013931,ROUND_002,viability_percent,unknown,64.9,4,1,,False,25.0,pooled_conservative_fallback,5.0,offline_replicate_noise_v1,ROUND_003
v2_6b7389efb1b5,ROUND_001,viability_percent,unknown,35.92,1,1,,False,25.0,pooled_conservative_fallback,5.0,offline_replicate_noise_v1,ROUND_003
v2_75d69addc009,ROUND_002,viability_percent,unknown,29.2025,4,1,,False,25.0,pooled_conservative_fallback,5.0,offline_replicate_noise_v1,ROUND_003
v2_8a721b7d8f1c,ROUND_002,viability_percent,unknown,63.9975,4,1,,False,25.0,pooled_conservative_fallback,5.0,offline_replicate_noise_v1,ROUND_003
v2_a2b4c2d7b0b6,ROUND_001,viability_percent,unknown,24.39,1,1,,False,25.0,pooled_conservative_fallback,5.0,offline_replicate_noise_v1,ROUND_003
v2_a3cd6cc2afa7,ROUND_002,viability_percent,unknown,57.3875,4,1,,False,25.0,pooled_conservative_fallback,5.0,offline_replicate_noise_v1,ROUND_003
v2_a803deb82ca6,ROUND_001,viability_percent,unknown,28.72,1,1,,False,25.0,pooled_conservative_fallback,5.0,offline_replicate_noise_v1,ROUND_003
v2_b2c883db5caf,ROUND_002,viability_percent,unknown,43.185,4,1,,False,25.0,pooled_conservative_fallback,5.0,offline_replicate_noise_v1,ROUND_003
v2_b9ae21107fa4,ROUND_001,viability_percent,unknown,15.93,1,1,,False,25.0,pooled_conservative_fallback,5.0,offline_replicate_noise_v1,ROUND_003
v2_da5df4899b60,ROUND_001,viability_percent,unknown,43.34,1,1,,False,25.0,pooled_conservative_fallback,5.0,offline_replicate_noise_v1,ROUND_003
v2_db8935ce2c34,ROUND_002,viability_percent,unknown,61.5875,4,1,,False,25.0,pooled_conservative_fallback,5.0,offline_replicate_noise_v1,ROUND_003
v2_e0e6b16a3f20,ROUND_001,viability_percent,unknown,26.53,1,1,,False,25.0,pooled_conservative_fallback,5.0,offline_replicate_noise_v1,ROUND_003
v2_e0e6b16a3f20,ROUND_002,viability_percent,unknown,30.4375,4,1,,False,25.0,pooled_conservative_fallback,5.0,offline_replicate_noise_v1,ROUND_003
v2_fc5b4c04eee9,ROUND_002,viability_percent,unknown,56.287499999999994,4,1,,False,25.0,pooled_conservative_fallback,5.0,offline_replicate_noise_v1,ROUND_003
legacy_lit_1,legacy_literature,viability_percent,unknown,96.0,1,1,,False,25.0,pooled_conservative_fallback,5.0,offline_replicate_noise_v1,ROUND_004
legacy_lit_10,legacy_literature,viability_percent,unknown,63.17777777777778,1,1,,False,25.0,pooled_conservative_fallback,5.0,offline_replicate_noise_v1,ROUND_004
legacy_lit_100,legacy_literature,viability_percent,unknown,75.0,1,1,,False,25.0,pooled_conservative_fallback,5.0,offline_replicate_noise_v1,ROUND_004
legacy_lit_101,legacy_literature,viability_percent,unknown,77.0,1,1,,False,25.0,pooled_conservative_fallback,5.0,offline_replicate_noise_v1,ROUND_004
legacy_lit_102,legacy_literature,viability_percent,unknown,43.0,1,1,,False,25.0,pooled_conservative_fallback,5.0,offline_replicate_noise_v1,ROUND_004
legacy_lit_103,legacy_literature,viability_percent,unknown,68.0,1,1,,False,25.0,pooled_conservative_fallback,5.0,offline_replicate_noise_v1,ROUND_004
legacy_lit_104,legacy_literature,viability_percent,unknown,67.0,1,1,,False,25.0,pooled_conservative_fallback,5.0,offline_replicate_noise_v1,ROUND_004
legacy_lit_109,legacy_literature,viability_percent,unknown,95.0,1,1,,False,25.0,pooled_conservative_fallback,5.0,offline_replicate_noise_v1,ROUND_004
legacy_lit_112,legacy_literature,viability_percent,unknown,31.883333333333336,1,1,,False,25.0,pooled_conservative_fallback,5.0,offline_replicate_noise_v1,ROUND_004
legacy_lit_114,legacy_literature,viability_percent,unknown,87.56,1,1,,False,25.0,pooled_conservative_fallback,5.0,offline_replicate_noise_v1,ROUND_004
legacy_lit_115,legacy_literature,viability_percent,unknown,86.0,1,1,,False,25.0,pooled_conservative_fallback,5.0,offline_replicate_noise_v1,ROUND_004
legacy_lit_116,legacy_literature,viability_percent,unknown,85.6,1,1,,False,25.0,pooled_conservative_fallback,5.0,offline_replicate_noise_v1,ROUND_004
legacy_lit_118,legacy_literature,viability_percent,unknown,46.8,1,1,,False,25.0,pooled_conservative_fallback,5.0,offline_replicate_noise_v1,ROUND_004
legacy_lit_119,legacy_literature,viability_percent,unknown,40.0,1,1,,False,25.0,pooled_conservative_fallback,5.0,offline_replicate_noise_v1,ROUND_004
legacy_lit_12,legacy_literature,viability_percent,unknown,95.2,1,1,,False,25.0,pooled_conservative_fallback,5.0,offline_replicate_noise_v1,ROUND_004
legacy_lit_120,legacy_literature,viability_percent,unknown,40.0,1,1,,False,25.0,pooled_conservative_fallback,5.0,offline_replicate_noise_v1,ROUND_004
legacy_lit_121,legacy_literature,viability_percent,unknown,79.8,1,1,,False,25.0,pooled_conservative_fallback,5.0,offline_replicate_noise_v1,ROUND_004
legacy_lit_126,legacy_literature,viability_percent,unknown,82.9,1,1,,False,25.0,pooled_conservative_fallback,5.0,offline_replicate_noise_v1,ROUND_004
legacy_lit_127,legacy_literature,viability_percent,unknown,70.0,1,1,,False,25.0,pooled_conservative_fallback,5.0,offline_replicate_noise_v1,ROUND_004
legacy_lit_128,legacy_literature,viability_percent,unknown,80.0,1,1,,False,25.0,pooled_conservative_fallback,5.0,offline_replicate_noise_v1,ROUND_004
legacy_lit_129,legacy_literature,viability_percent,unknown,56.0,1,1,,False,25.0,pooled_conservative_fallback,5.0,offline_replicate_noise_v1,ROUND_004
legacy_lit_13,legacy_literature,viability_percent,unknown,86.8,1,1,,False,25.0,pooled_conservative_fallback,5.0,offline_replicate_noise_v1,ROUND_004
legacy_lit_130,legacy_literature,viability_percent,unknown,65.0,1,1,,False,25.0,pooled_conservative_fallback,5.0,offline_replicate_noise_v1,ROUND_004
legacy_lit_131,legacy_literature,viability_percent,unknown,32.0,1,1,,False,25.0,pooled_conservative_fallback,5.0,offline_replicate_noise_v1,ROUND_004
legacy_lit_132,legacy_literature,viability_percent,unknown,38.0,1,1,,False,25.0,pooled_conservative_fallback,5.0,offline_replicate_noise_v1,ROUND_004
legacy_lit_133,legacy_literature,viability_percent,unknown,68.0,1,1,,False,25.0,pooled_conservative_fallback,5.0,offline_replicate_noise_v1,ROUND_004
legacy_lit_134,legacy_literature,viability_percent,unknown,73.0,1,1,,False,25.0,pooled_conservative_fallback,5.0,offline_replicate_noise_v1,ROUND_004
legacy_lit_135,legacy_literature,viability_percent,unknown,60.0,1,1,,False,25.0,pooled_conservative_fallback,5.0,offline_replicate_noise_v1,ROUND_004
legacy_lit_136,legacy_literature,viability_percent,unknown,40.0,1,1,,False,25.0,pooled_conservative_fallback,5.0,offline_replicate_noise_v1,ROUND_004
legacy_lit_137,legacy_literature,viability_percent,unknown,70.0,1,1,,False,25.0,pooled_conservative_fallback,5.0,offline_replicate_noise_v1,ROUND_004
legacy_lit_138,legacy_literature,viability_percent,unknown,0.0,1,1,,False,25.0,pooled_conservative_fallback,5.0,offline_replicate_noise_v1,ROUND_004
legacy_lit_15,legacy_literature,viability_percent,unknown,89.8,1,1,,False,25.0,pooled_conservative_fallback,5.0,offline_replicate_noise_v1,ROUND_004
legacy_lit_16,legacy_literature,viability_percent,unknown,95.7,1,1,,False,25.0,pooled_conservative_fallback,5.0,offline_replicate_noise_v1,ROUND_004
legacy_lit_18,legacy_literature,viability_percent,unknown,94.18,1,1,,False,25.0,pooled_conservative_fallback,5.0,offline_replicate_noise_v1,ROUND_004
legacy_lit_19,legacy_literature,viability_percent,unknown,92.35,1,1,,False,25.0,pooled_conservative_fallback,5.0,offline_replicate_noise_v1,ROUND_004
legacy_lit_194,legacy_literature,viability_percent,unknown,55.0,1,1,,False,25.0,pooled_conservative_fallback,5.0,offline_replicate_noise_v1,ROUND_004
legacy_lit_195,legacy_literature,viability_percent,unknown,58.0,1,1,,False,25.0,pooled_conservative_fallback,5.0,offline_replicate_noise_v1,ROUND_004
legacy_lit_196,legacy_literature,viability_percent,unknown,80.0,1,1,,False,25.0,pooled_conservative_fallback,5.0,offline_replicate_noise_v1,ROUND_004
legacy_lit_197,legacy_literature,viability_percent,unknown,83.0,1,1,,False,25.0,pooled_conservative_fallback,5.0,offline_replicate_noise_v1,ROUND_004
legacy_lit_198,legacy_literature,viability_percent,unknown,86.0,1,1,,False,25.0,pooled_conservative_fallback,5.0,offline_replicate_noise_v1,ROUND_004
legacy_lit_199,legacy_literature,viability_percent,unknown,80.0,1,1,,False,25.0,pooled_conservative_fallback,5.0,offline_replicate_noise_v1,ROUND_004
legacy_lit_2,legacy_literature,viability_percent,unknown,12.5,1,1,,False,25.0,pooled_conservative_fallback,5.0,offline_replicate_noise_v1,ROUND_004
legacy_lit_20,legacy_literature,viability_percent,unknown,89.43,1,1,,False,25.0,pooled_conservative_fallback,5.0,offline_replicate_noise_v1,ROUND_004
legacy_lit_200,legacy_literature,viability_percent,unknown,80.0,1,1,,False,25.0,pooled_conservative_fallback,5.0,offline_replicate_noise_v1,ROUND_004
legacy_lit_202,legacy_literature,viability_percent,unknown,65.0,1,1,,False,25.0,pooled_conservative_fallback,5.0,offline_replicate_noise_v1,ROUND_004
legacy_lit_203,legacy_literature,viability_percent,unknown,63.0,1,1,,False,25.0,pooled_conservative_fallback,5.0,offline_replicate_noise_v1,ROUND_004
legacy_lit_204,legacy_literature,viability_percent,unknown,67.0,1,1,,False,25.0,pooled_conservative_fallback,5.0,offline_replicate_noise_v1,ROUND_004
legacy_lit_205,legacy_literature,viability_percent,unknown,75.0,1,1,,False,25.0,pooled_conservative_fallback,5.0,offline_replicate_noise_v1,ROUND_004
legacy_lit_206,legacy_literature,viability_percent,unknown,70.0,1,1,,False,25.0,pooled_conservative_fallback,5.0,offline_replicate_noise_v1,ROUND_004
legacy_lit_207,legacy_literature,viability_percent,unknown,70.0,1,1,,False,25.0,pooled_conservative_fallback,5.0,offline_replicate_noise_v1,ROUND_004
legacy_lit_208,legacy_literature,viability_percent,unknown,78.0,1,1,,False,25.0,pooled_conservative_fallback,5.0,offline_replicate_noise_v1,ROUND_004
legacy_lit_209,legacy_literature,viability_percent,unknown,70.0,1,1,,False,25.0,pooled_conservative_fallback,5.0,offline_replicate_noise_v1,ROUND_004
legacy_lit_21,legacy_literature,viability_percent,unknown,68.0,1,1,,False,25.0,pooled_conservative_fallback,5.0,offline_replicate_noise_v1,ROUND_004
legacy_lit_212,legacy_literature,viability_percent,unknown,69.66666666666667,1,1,,False,25.0,pooled_conservative_fallback,5.0,offline_replicate_noise_v1,ROUND_004
legacy_lit_215,legacy_literature,viability_percent,unknown,78.33333333333333,1,1,,False,25.0,pooled_conservative_fallback,5.0,offline_replicate_noise_v1,ROUND_004
legacy_lit_218,legacy_literature,viability_percent,unknown,65.0,1,1,,False,25.0,pooled_conservative_fallback,5.0,offline_replicate_noise_v1,ROUND_004
legacy_lit_22,legacy_literature,viability_percent,unknown,82.25,1,1,,False,25.0,pooled_conservative_fallback,5.0,offline_replicate_noise_v1,ROUND_004
legacy_lit_221,legacy_literature,viability_percent,unknown,70.66666666666667,1,1,,False,25.0,pooled_conservative_fallback,5.0,offline_replicate_noise_v1,ROUND_004
legacy_lit_224,legacy_literature,viability_percent,unknown,91.0,1,1,,False,25.0,pooled_conservative_fallback,5.0,offline_replicate_noise_v1,ROUND_004
legacy_lit_225,legacy_literature,viability_percent,unknown,38.0,1,1,,False,25.0,pooled_conservative_fallback,5.0,offline_replicate_noise_v1,ROUND_004
legacy_lit_235,legacy_literature,viability_percent,unknown,80.0,1,1,,False,25.0,pooled_conservative_fallback,5.0,offline_replicate_noise_v1,ROUND_004
legacy_lit_236,legacy_literature,viability_percent,unknown,83.4,1,1,,False,25.0,pooled_conservative_fallback,5.0,offline_replicate_noise_v1,ROUND_004
legacy_lit_237,legacy_literature,viability_percent,unknown,93.4,1,1,,False,25.0,pooled_conservative_fallback,5.0,offline_replicate_noise_v1,ROUND_004
legacy_lit_251,legacy_literature,viability_percent,unknown,5.0,1,1,,False,25.0,pooled_conservative_fallback,5.0,offline_replicate_noise_v1,ROUND_004
legacy_lit_252,legacy_literature,viability_percent,unknown,17.0,1,1,,False,25.0,pooled_conservative_fallback,5.0,offline_replicate_noise_v1,ROUND_004
legacy_lit_253,legacy_literature,viability_percent,unknown,60.0,1,1,,False,25.0,pooled_conservative_fallback,5.0,offline_replicate_noise_v1,ROUND_004
legacy_lit_254,legacy_literature,viability_percent,unknown,80.0,1,1,,False,25.0,pooled_conservative_fallback,5.0,offline_replicate_noise_v1,ROUND_004
legacy_lit_255,legacy_literature,viability_percent,unknown,9.833333333333334,1,1,,False,25.0,pooled_conservative_fallback,5.0,offline_replicate_noise_v1,ROUND_004
legacy_lit_256,legacy_literature,viability_percent,unknown,30.666666666666668,1,1,,False,25.0,pooled_conservative_fallback,5.0,offline_replicate_noise_v1,ROUND_004
legacy_lit_257,legacy_literature,viability_percent,unknown,62.0,1,1,,False,25.0,pooled_conservative_fallback,5.0,offline_replicate_noise_v1,ROUND_004
legacy_lit_258,legacy_literature,viability_percent,unknown,78.0,1,1,,False,25.0,pooled_conservative_fallback,5.0,offline_replicate_noise_v1,ROUND_004
legacy_lit_259,legacy_literature,viability_percent,unknown,7.0,1,1,,False,25.0,pooled_conservative_fallback,5.0,offline_replicate_noise_v1,ROUND_004
legacy_lit_260,legacy_literature,viability_percent,unknown,19.0,1,1,,False,25.0,pooled_conservative_fallback,5.0,offline_replicate_noise_v1,ROUND_004
legacy_lit_261,legacy_literature,viability_percent,unknown,75.0,1,1,,False,25.0,pooled_conservative_fallback,5.0,offline_replicate_noise_v1,ROUND_004
legacy_lit_262,legacy_literature,viability_percent,unknown,80.0,1,1,,False,25.0,pooled_conservative_fallback,5.0,offline_replicate_noise_v1,ROUND_004
legacy_lit_27,legacy_literature,viability_percent,unknown,70.0,1,1,,False,25.0,pooled_conservative_fallback,5.0,offline_replicate_noise_v1,ROUND_004
legacy_lit_274,legacy_literature,viability_percent,unknown,18.0,1,1,,False,25.0,pooled_conservative_fallback,5.0,offline_replicate_noise_v1,ROUND_004
legacy_lit_275,legacy_literature,viability_percent,unknown,30.0,1,1,,False,25.0,pooled_conservative_fallback,5.0,offline_replicate_noise_v1,ROUND_004
legacy_lit_276,legacy_literature,viability_percent,unknown,78.0,1,1,,False,25.0,pooled_conservative_fallback,5.0,offline_replicate_noise_v1,ROUND_004
legacy_lit_277,legacy_literature,viability_percent,unknown,84.0,1,1,,False,25.0,pooled_conservative_fallback,5.0,offline_replicate_noise_v1,ROUND_004
legacy_lit_278,legacy_literature,viability_percent,unknown,40.0,1,1,,False,25.0,pooled_conservative_fallback,5.0,offline_replicate_noise_v1,ROUND_004
legacy_lit_281,legacy_literature,viability_percent,unknown,74.0,1,1,,False,25.0,pooled_conservative_fallback,5.0,offline_replicate_noise_v1,ROUND_004
legacy_lit_287,legacy_literature,viability_percent,unknown,60.0,1,1,,False,25.0,pooled_conservative_fallback,5.0,offline_replicate_noise_v1,ROUND_004
legacy_lit_288,legacy_literature,viability_percent,unknown,82.0,1,1,,False,25.0,pooled_conservative_fallback,5.0,offline_replicate_noise_v1,ROUND_004
legacy_lit_289,legacy_literature,viability_percent,unknown,94.0,1,1,,False,25.0,pooled_conservative_fallback,5.0,offline_replicate_noise_v1,ROUND_004
legacy_lit_29,legacy_literature,viability_percent,unknown,58.0,1,1,,False,25.0,pooled_conservative_fallback,5.0,offline_replicate_noise_v1,ROUND_004
legacy_lit_299,legacy_literature,viability_percent,unknown,62.666666666666664,1,1,,False,25.0,pooled_conservative_fallback,5.0,offline_replicate_noise_v1,ROUND_004
legacy_lit_3,legacy_literature,viability_percent,unknown,77.74,1,1,,False,25.0,pooled_conservative_fallback,5.0,offline_replicate_noise_v1,ROUND_004
legacy_lit_30,legacy_literature,viability_percent,unknown,10.0,1,1,,False,25.0,pooled_conservative_fallback,5.0,offline_replicate_noise_v1,ROUND_004
legacy_lit_306,legacy_literature,viability_percent,unknown,99.0,1,1,,False,25.0,pooled_conservative_fallback,5.0,offline_replicate_noise_v1,ROUND_004
legacy_lit_308,legacy_literature,viability_percent,unknown,83.0,1,1,,False,25.0,pooled_conservative_fallback,5.0,offline_replicate_noise_v1,ROUND_004
legacy_lit_309,legacy_literature,viability_percent,unknown,99.0,1,1,,False,25.0,pooled_conservative_fallback,5.0,offline_replicate_noise_v1,ROUND_004
legacy_lit_31,legacy_literature,viability_percent,unknown,17.0,1,1,,False,25.0,pooled_conservative_fallback,5.0,offline_replicate_noise_v1,ROUND_004
legacy_lit_310,legacy_literature,viability_percent,unknown,87.0,1,1,,False,25.0,pooled_conservative_fallback,5.0,offline_replicate_noise_v1,ROUND_004
legacy_lit_313,legacy_literature,viability_percent,unknown,10.0,1,1,,False,25.0,pooled_conservative_fallback,5.0,offline_replicate_noise_v1,ROUND_004
legacy_lit_314,legacy_literature,viability_percent,unknown,10.0,1,1,,False,25.0,pooled_conservative_fallback,5.0,offline_replicate_noise_v1,ROUND_004
legacy_lit_315,legacy_literature,viability_percent,unknown,10.0,1,1,,False,25.0,pooled_conservative_fallback,5.0,offline_replicate_noise_v1,ROUND_004
legacy_lit_316,legacy_literature,viability_percent,unknown,73.0,1,1,,False,25.0,pooled_conservative_fallback,5.0,offline_replicate_noise_v1,ROUND_004
legacy_lit_317,legacy_literature,viability_percent,unknown,45.0,1,1,,False,25.0,pooled_conservative_fallback,5.0,offline_replicate_noise_v1,ROUND_004
legacy_lit_318,legacy_literature,viability_percent,unknown,38.0,1,1,,False,25.0,pooled_conservative_fallback,5.0,offline_replicate_noise_v1,ROUND_004
legacy_lit_319,legacy_literature,viability_percent,unknown,80.0,1,1,,False,25.0,pooled_conservative_fallback,5.0,offline_replicate_noise_v1,ROUND_004
legacy_lit_32,legacy_literature,viability_percent,unknown,20.0,1,1,,False,25.0,pooled_conservative_fallback,5.0,offline_replicate_noise_v1,ROUND_004
legacy_lit_322,legacy_literature,viability_percent,unknown,63.02,1,1,,False,25.0,pooled_conservative_fallback,5.0,offline_replicate_noise_v1,ROUND_004
legacy_lit_323,legacy_literature,viability_percent,unknown,77.66666666666667,1,1,,False,25.0,pooled_conservative_fallback,5.0,offline_replicate_noise_v1,ROUND_004
legacy_lit_326,legacy_literature,viability_percent,unknown,74.33333333333333,1,1,,False,25.0,pooled_conservative_fallback,5.0,offline_replicate_noise_v1,ROUND_004
legacy_lit_329,legacy_literature,viability_percent,unknown,61.666666666666664,1,1,,False,25.0,pooled_conservative_fallback,5.0,offline_replicate_noise_v1,ROUND_004
legacy_lit_33,legacy_literature,viability_percent,unknown,22.0,1,1,,False,25.0,pooled_conservative_fallback,5.0,offline_replicate_noise_v1,ROUND_004
legacy_lit_332,legacy_literature,viability_percent,unknown,72.0,1,1,,False,25.0,pooled_conservative_fallback,5.0,offline_replicate_noise_v1,ROUND_004
legacy_lit_338,legacy_literature,viability_percent,unknown,84.3,1,1,,False,25.0,pooled_conservative_fallback,5.0,offline_replicate_noise_v1,ROUND_004
legacy_lit_339,legacy_literature,viability_percent,unknown,84.3,1,1,,False,25.0,pooled_conservative_fallback,5.0,offline_replicate_noise_v1,ROUND_004
legacy_lit_34,legacy_literature,viability_percent,unknown,50.0,1,1,,False,25.0,pooled_conservative_fallback,5.0,offline_replicate_noise_v1,ROUND_004
legacy_lit_341,legacy_literature,viability_percent,unknown,81.0,1,1,,False,25.0,pooled_conservative_fallback,5.0,offline_replicate_noise_v1,ROUND_004
legacy_lit_343,legacy_literature,viability_percent,unknown,60.6,1,1,,False,25.0,pooled_conservative_fallback,5.0,offline_replicate_noise_v1,ROUND_004
legacy_lit_346,legacy_literature,viability_percent,unknown,68.5,1,1,,False,25.0,pooled_conservative_fallback,5.0,offline_replicate_noise_v1,ROUND_004
legacy_lit_347,legacy_literature,viability_percent,unknown,69.5,1,1,,False,25.0,pooled_conservative_fallback,5.0,offline_replicate_noise_v1,ROUND_004
legacy_lit_349,legacy_literature,viability_percent,unknown,70.0,1,1,,False,25.0,pooled_conservative_fallback,5.0,offline_replicate_noise_v1,ROUND_004
legacy_lit_35,legacy_literature,viability_percent,unknown,80.0,1,1,,False,25.0,pooled_conservative_fallback,5.0,offline_replicate_noise_v1,ROUND_004
legacy_lit_350,legacy_literature,viability_percent,unknown,71.0,1,1,,False,25.0,pooled_conservative_fallback,5.0,offline_replicate_noise_v1,ROUND_004
legacy_lit_351,legacy_literature,viability_percent,unknown,73.1,1,1,,False,25.0,pooled_conservative_fallback,5.0,offline_replicate_noise_v1,ROUND_004
legacy_lit_352,legacy_literature,viability_percent,unknown,69.6,1,1,,False,25.0,pooled_conservative_fallback,5.0,offline_replicate_noise_v1,ROUND_004
legacy_lit_353,legacy_literature,viability_percent,unknown,72.0,1,1,,False,25.0,pooled_conservative_fallback,5.0,offline_replicate_noise_v1,ROUND_004
legacy_lit_354,legacy_literature,viability_percent,unknown,73.8,1,1,,False,25.0,pooled_conservative_fallback,5.0,offline_replicate_noise_v1,ROUND_004
legacy_lit_355,legacy_literature,viability_percent,unknown,68.2,1,1,,False,25.0,pooled_conservative_fallback,5.0,offline_replicate_noise_v1,ROUND_004
legacy_lit_356,legacy_literature,viability_percent,unknown,73.0,1,1,,False,25.0,pooled_conservative_fallback,5.0,offline_replicate_noise_v1,ROUND_004
legacy_lit_357,legacy_literature,viability_percent,unknown,74.9,1,1,,False,25.0,pooled_conservative_fallback,5.0,offline_replicate_noise_v1,ROUND_004
legacy_lit_358,legacy_literature,viability_percent,unknown,42.4,1,1,,False,25.0,pooled_conservative_fallback,5.0,offline_replicate_noise_v1,ROUND_004
legacy_lit_359,legacy_literature,viability_percent,unknown,47.6,1,1,,False,25.0,pooled_conservative_fallback,5.0,offline_replicate_noise_v1,ROUND_004
legacy_lit_36,legacy_literature,viability_percent,unknown,70.0,1,1,,False,25.0,pooled_conservative_fallback,5.0,offline_replicate_noise_v1,ROUND_004
legacy_lit_360,legacy_literature,viability_percent,unknown,52.1,1,1,,False,25.0,pooled_conservative_fallback,5.0,offline_replicate_noise_v1,ROUND_004
legacy_lit_361,legacy_literature,viability_percent,unknown,50.3,1,1,,False,25.0,pooled_conservative_fallback,5.0,offline_replicate_noise_v1,ROUND_004
legacy_lit_362,legacy_literature,viability_percent,unknown,55.3,1,1,,False,25.0,pooled_conservative_fallback,5.0,offline_replicate_noise_v1,ROUND_004
legacy_lit_363,legacy_literature,viability_percent,unknown,69.0,1,1,,False,25.0,pooled_conservative_fallback,5.0,offline_replicate_noise_v1,ROUND_004
legacy_lit_368,legacy_literature,viability_percent,unknown,88.0,1,1,,False,25.0,pooled_conservative_fallback,5.0,offline_replicate_noise_v1,ROUND_004
legacy_lit_369,legacy_literature,viability_percent,unknown,92.7,1,1,,False,25.0,pooled_conservative_fallback,5.0,offline_replicate_noise_v1,ROUND_004
legacy_lit_37,legacy_literature,viability_percent,unknown,100.0,1,1,,False,25.0,pooled_conservative_fallback,5.0,offline_replicate_noise_v1,ROUND_004
legacy_lit_370,legacy_literature,viability_percent,unknown,90.0,1,1,,False,25.0,pooled_conservative_fallback,5.0,offline_replicate_noise_v1,ROUND_004
legacy_lit_372,legacy_literature,viability_percent,unknown,22.5,1,1,,False,25.0,pooled_conservative_fallback,5.0,offline_replicate_noise_v1,ROUND_004
legacy_lit_373,legacy_literature,viability_percent,unknown,72.5,1,1,,False,25.0,pooled_conservative_fallback,5.0,offline_replicate_noise_v1,ROUND_004
legacy_lit_374,legacy_literature,viability_percent,unknown,73.95,1,1,,False,25.0,pooled_conservative_fallback,5.0,offline_replicate_noise_v1,ROUND_004
legacy_lit_375,legacy_literature,viability_percent,unknown,81.3,1,1,,False,25.0,pooled_conservative_fallback,5.0,offline_replicate_noise_v1,ROUND_004
legacy_lit_376,legacy_literature,viability_percent,unknown,86.05,1,1,,False,25.0,pooled_conservative_fallback,5.0,offline_replicate_noise_v1,ROUND_004
legacy_lit_38,legacy_literature,viability_percent,unknown,100.0,1,1,,False,25.0,pooled_conservative_fallback,5.0,offline_replicate_noise_v1,ROUND_004
legacy_lit_383,legacy_literature,viability_percent,unknown,5.0,1,1,,False,25.0,pooled_conservative_fallback,5.0,offline_replicate_noise_v1,ROUND_004
legacy_lit_386,legacy_literature,viability_percent,unknown,77.0,1,1,,False,25.0,pooled_conservative_fallback,5.0,offline_replicate_noise_v1,ROUND_004
legacy_lit_39,legacy_literature,viability_percent,unknown,80.0,1,1,,False,25.0,pooled_conservative_fallback,5.0,offline_replicate_noise_v1,ROUND_004
legacy_lit_4,legacy_literature,viability_percent,unknown,81.43333333333332,1,1,,False,25.0,pooled_conservative_fallback,5.0,offline_replicate_noise_v1,ROUND_004
legacy_lit_41,legacy_literature,viability_percent,unknown,51.5,1,1,,False,25.0,pooled_conservative_fallback,5.0,offline_replicate_noise_v1,ROUND_004
legacy_lit_43,legacy_literature,viability_percent,unknown,85.07,1,1,,False,25.0,pooled_conservative_fallback,5.0,offline_replicate_noise_v1,ROUND_004
legacy_lit_44,legacy_literature,viability_percent,unknown,22.0,1,1,,False,25.0,pooled_conservative_fallback,5.0,offline_replicate_noise_v1,ROUND_004
legacy_lit_45,legacy_literature,viability_percent,unknown,28.0,1,1,,False,25.0,pooled_conservative_fallback,5.0,offline_replicate_noise_v1,ROUND_004
legacy_lit_46,legacy_literature,viability_percent,unknown,65.0,1,1,,False,25.0,pooled_conservative_fallback,5.0,offline_replicate_noise_v1,ROUND_004
legacy_lit_47,legacy_literature,viability_percent,unknown,68.0,1,1,,False,25.0,pooled_conservative_fallback,5.0,offline_replicate_noise_v1,ROUND_004
legacy_lit_48,legacy_literature,viability_percent,unknown,85.65,1,1,,False,25.0,pooled_conservative_fallback,5.0,offline_replicate_noise_v1,ROUND_004
legacy_lit_49,legacy_literature,viability_percent,unknown,88.5,1,1,,False,25.0,pooled_conservative_fallback,5.0,offline_replicate_noise_v1,ROUND_004
legacy_lit_5,legacy_literature,viability_percent,unknown,84.5,1,1,,False,25.0,pooled_conservative_fallback,5.0,offline_replicate_noise_v1,ROUND_004
legacy_lit_50,legacy_literature,viability_percent,unknown,70.6,1,1,,False,25.0,pooled_conservative_fallback,5.0,offline_replicate_noise_v1,ROUND_004
legacy_lit_51,legacy_literature,viability_percent,unknown,64.1,1,1,,False,25.0,pooled_conservative_fallback,5.0,offline_replicate_noise_v1,ROUND_004
legacy_lit_52,legacy_literature,viability_percent,unknown,47.0,1,1,,False,25.0,pooled_conservative_fallback,5.0,offline_replicate_noise_v1,ROUND_004
legacy_lit_53,legacy_literature,viability_percent,unknown,56.0,1,1,,False,25.0,pooled_conservative_fallback,5.0,offline_replicate_noise_v1,ROUND_004
legacy_lit_54,legacy_literature,viability_percent,unknown,65.0,1,1,,False,25.0,pooled_conservative_fallback,5.0,offline_replicate_noise_v1,ROUND_004
legacy_lit_55,legacy_literature,viability_percent,unknown,58.0,1,1,,False,25.0,pooled_conservative_fallback,5.0,offline_replicate_noise_v1,ROUND_004
legacy_lit_56,legacy_literature,viability_percent,unknown,63.333333333333336,1,1,,False,25.0,pooled_conservative_fallback,5.0,offline_replicate_noise_v1,ROUND_004
legacy_lit_57,legacy_literature,viability_percent,unknown,57.666666666666664,1,1,,False,25.0,pooled_conservative_fallback,5.0,offline_replicate_noise_v1,ROUND_004
legacy_lit_58,legacy_literature,viability_percent,unknown,50.0,1,1,,False,25.0,pooled_conservative_fallback,5.0,offline_replicate_noise_v1,ROUND_004
legacy_lit_59,legacy_literature,viability_percent,unknown,77.0,1,1,,False,25.0,pooled_conservative_fallback,5.0,offline_replicate_noise_v1,ROUND_004
legacy_lit_6,legacy_literature,viability_percent,unknown,83.0,1,1,,False,25.0,pooled_conservative_fallback,5.0,offline_replicate_noise_v1,ROUND_004
legacy_lit_63,legacy_literature,viability_percent,unknown,80.0,1,1,,False,25.0,pooled_conservative_fallback,5.0,offline_replicate_noise_v1,ROUND_004
legacy_lit_65,legacy_literature,viability_percent,unknown,81.33333333333333,1,1,,False,25.0,pooled_conservative_fallback,5.0,offline_replicate_noise_v1,ROUND_004
legacy_lit_67,legacy_literature,viability_percent,unknown,56.0,1,1,,False,25.0,pooled_conservative_fallback,5.0,offline_replicate_noise_v1,ROUND_004
legacy_lit_68,legacy_literature,viability_percent,unknown,74.0,1,1,,False,25.0,pooled_conservative_fallback,5.0,offline_replicate_noise_v1,ROUND_004
legacy_lit_69,legacy_literature,viability_percent,unknown,92.0,1,1,,False,25.0,pooled_conservative_fallback,5.0,offline_replicate_noise_v1,ROUND_004
legacy_lit_7,legacy_literature,viability_percent,unknown,82.14,1,1,,False,25.0,pooled_conservative_fallback,5.0,offline_replicate_noise_v1,ROUND_004
legacy_lit_70,legacy_literature,viability_percent,unknown,47.0,1,1,,False,25.0,pooled_conservative_fallback,5.0,offline_replicate_noise_v1,ROUND_004
legacy_lit_71,legacy_literature,viability_percent,unknown,76.0,1,1,,False,25.0,pooled_conservative_fallback,5.0,offline_replicate_noise_v1,ROUND_004
legacy_lit_74,legacy_literature,viability_percent,unknown,78.0,1,1,,False,25.0,pooled_conservative_fallback,5.0,offline_replicate_noise_v1,ROUND_004
legacy_lit_75,legacy_literature,viability_percent,unknown,83.0,1,1,,False,25.0,pooled_conservative_fallback,5.0,offline_replicate_noise_v1,ROUND_004
legacy_lit_76,legacy_literature,viability_percent,unknown,21.0,1,1,,False,25.0,pooled_conservative_fallback,5.0,offline_replicate_noise_v1,ROUND_004
legacy_lit_77,legacy_literature,viability_percent,unknown,28.0,1,1,,False,25.0,pooled_conservative_fallback,5.0,offline_replicate_noise_v1,ROUND_004
legacy_lit_78,legacy_literature,viability_percent,unknown,36.0,1,1,,False,25.0,pooled_conservative_fallback,5.0,offline_replicate_noise_v1,ROUND_004
legacy_lit_79,legacy_literature,viability_percent,unknown,38.0,1,1,,False,25.0,pooled_conservative_fallback,5.0,offline_replicate_noise_v1,ROUND_004
legacy_lit_8,legacy_literature,viability_percent,unknown,69.625,1,1,,False,25.0,pooled_conservative_fallback,5.0,offline_replicate_noise_v1,ROUND_004
legacy_lit_84,legacy_literature,viability_percent,unknown,82.5,1,1,,False,25.0,pooled_conservative_fallback,5.0,offline_replicate_noise_v1,ROUND_004
legacy_lit_85,legacy_literature,viability_percent,unknown,82.6,1,1,,False,25.0,pooled_conservative_fallback,5.0,offline_replicate_noise_v1,ROUND_004
legacy_lit_86,legacy_literature,viability_percent,unknown,5.7,1,1,,False,25.0,pooled_conservative_fallback,5.0,offline_replicate_noise_v1,ROUND_004
legacy_lit_87,legacy_literature,viability_percent,unknown,49.3,1,1,,False,25.0,pooled_conservative_fallback,5.0,offline_replicate_noise_v1,ROUND_004
legacy_lit_88,legacy_literature,viability_percent,unknown,69.7,1,1,,False,25.0,pooled_conservative_fallback,5.0,offline_replicate_noise_v1,ROUND_004
legacy_lit_89,legacy_literature,viability_percent,unknown,55.5,1,1,,False,25.0,pooled_conservative_fallback,5.0,offline_replicate_noise_v1,ROUND_004
legacy_lit_9,legacy_literature,viability_percent,unknown,65.48,1,1,,False,25.0,pooled_conservative_fallback,5.0,offline_replicate_noise_v1,ROUND_004
legacy_lit_90,legacy_literature,viability_percent,unknown,4.6,1,1,,False,25.0,pooled_conservative_fallback,5.0,offline_replicate_noise_v1,ROUND_004
legacy_lit_91,legacy_literature,viability_percent,unknown,53.2,1,1,,False,25.0,pooled_conservative_fallback,5.0,offline_replicate_noise_v1,ROUND_004
legacy_lit_92,legacy_literature,viability_percent,unknown,72.1,1,1,,False,25.0,pooled_conservative_fallback,5.0,offline_replicate_noise_v1,ROUND_004
legacy_lit_93,legacy_literature,viability_percent,unknown,61.8,1,1,,False,25.0,pooled_conservative_fallback,5.0,offline_replicate_noise_v1,ROUND_004
legacy_lit_94,legacy_literature,viability_percent,unknown,55.4,1,1,,False,25.0,pooled_conservative_fallback,5.0,offline_replicate_noise_v1,ROUND_004
legacy_lit_95,legacy_literature,viability_percent,unknown,69.2,1,1,,False,25.0,pooled_conservative_fallback,5.0,offline_replicate_noise_v1,ROUND_004
legacy_lit_96,legacy_literature,viability_percent,unknown,64.3,1,1,,False,25.0,pooled_conservative_fallback,5.0,offline_replicate_noise_v1,ROUND_004
legacy_lit_97,legacy_literature,viability_percent,unknown,70.5,1,1,,False,25.0,pooled_conservative_fallback,5.0,offline_replicate_noise_v1,ROUND_004
legacy_lit_98,legacy_literature,viability_percent,unknown,72.5,1,1,,False,25.0,pooled_conservative_fallback,5.0,offline_replicate_noise_v1,ROUND_004
legacy_lit_99,legacy_literature,viability_percent,unknown,65.0,1,1,,False,25.0,pooled_conservative_fallback,5.0,offline_replicate_noise_v1,ROUND_004
legacy_wetlab_EXP101,legacy_wetlab,viability_percent,unknown,21.01,1,1,,False,25.0,pooled_conservative_fallback,5.0,offline_replicate_noise_v1,ROUND_004
legacy_wetlab_EXP102,legacy_wetlab,viability_percent,unknown,38.14,1,1,,False,25.0,pooled_conservative_fallback,5.0,offline_replicate_noise_v1,ROUND_004
legacy_wetlab_EXP103,legacy_wetlab,viability_percent,unknown,7.44,1,1,,False,25.0,pooled_conservative_fallback,5.0,offline_replicate_noise_v1,ROUND_004
legacy_wetlab_EXP104,legacy_wetlab,viability_percent,unknown,29.7,1,1,,False,25.0,pooled_conservative_fallback,5.0,offline_replicate_noise_v1,ROUND_004
legacy_wetlab_EXP105,legacy_wetlab,viability_percent,unknown,18.31,1,1,,False,25.0,pooled_conservative_fallback,5.0,offline_replicate_noise_v1,ROUND_004
legacy_wetlab_EXP106,legacy_wetlab,viability_percent,unknown,8.39,1,1,,False,25.0,pooled_conservative_fallback,5.0,offline_replicate_noise_v1,ROUND_004
legacy_wetlab_EXP1101,legacy_wetlab,viability_percent,unknown,15.27,1,1,,False,25.0,pooled_conservative_fallback,5.0,offline_replicate_noise_v1,ROUND_004
legacy_wetlab_EXP1102,legacy_wetlab,viability_percent,unknown,6.9,1,1,,False,25.0,pooled_conservative_fallback,5.0,offline_replicate_noise_v1,ROUND_004
legacy_wetlab_EXP1103,legacy_wetlab,viability_percent,unknown,26.68,1,1,,False,25.0,pooled_conservative_fallback,5.0,offline_replicate_noise_v1,ROUND_004
legacy_wetlab_EXP1104,legacy_wetlab,viability_percent,unknown,36.3,1,1,,False,25.0,pooled_conservative_fallback,5.0,offline_replicate_noise_v1,ROUND_004
legacy_wetlab_EXP1105,legacy_wetlab,viability_percent,unknown,79.09,1,1,,False,25.0,pooled_conservative_fallback,5.0,offline_replicate_noise_v1,ROUND_004
legacy_wetlab_EXP1106,legacy_wetlab,viability_percent,unknown,48.85,1,1,,False,25.0,pooled_conservative_fallback,5.0,offline_replicate_noise_v1,ROUND_004
legacy_wetlab_EXP1201,legacy_wetlab,viability_percent,unknown,31.9,1,1,,False,25.0,pooled_conservative_fallback,5.0,offline_replicate_noise_v1,ROUND_004
legacy_wetlab_EXP1202,legacy_wetlab,viability_percent,unknown,28.41,1,1,,False,25.0,pooled_conservative_fallback,5.0,offline_replicate_noise_v1,ROUND_004
legacy_wetlab_EXP1203,legacy_wetlab,viability_percent,unknown,20.26,1,1,,False,25.0,pooled_conservative_fallback,5.0,offline_replicate_noise_v1,ROUND_004
legacy_wetlab_EXP1205,legacy_wetlab,viability_percent,unknown,31.19,1,1,,False,25.0,pooled_conservative_fallback,5.0,offline_replicate_noise_v1,ROUND_004
legacy_wetlab_EXP1206,legacy_wetlab,viability_percent,unknown,36.12,1,1,,False,25.0,pooled_conservative_fallback,5.0,offline_replicate_noise_v1,ROUND_004
legacy_wetlab_EXP201,legacy_wetlab,viability_percent,unknown,9.78,1,1,,False,25.0,pooled_conservative_fallback,5.0,offline_replicate_noise_v1,ROUND_004
legacy_wetlab_EXP202,legacy_wetlab,viability_percent,unknown,32.42,1,1,,False,25.0,pooled_conservative_fallback,5.0,offline_replicate_noise_v1,ROUND_004
legacy_wetlab_EXP203,legacy_wetlab,viability_percent,unknown,52.32,1,1,,False,25.0,pooled_conservative_fallback,5.0,offline_replicate_noise_v1,ROUND_004
legacy_wetlab_EXP204,legacy_wetlab,viability_percent,unknown,50.29,1,1,,False,25.0,pooled_conservative_fallback,5.0,offline_replicate_noise_v1,ROUND_004
legacy_wetlab_EXP205,legacy_wetlab,viability_percent,unknown,63.31,1,1,,False,25.0,pooled_conservative_fallback,5.0,offline_replicate_noise_v1,ROUND_004
legacy_wetlab_EXP206,legacy_wetlab,viability_percent,unknown,58.73,1,1,,False,25.0,pooled_conservative_fallback,5.0,offline_replicate_noise_v1,ROUND_004
legacy_wetlab_EXP2101,legacy_wetlab,viability_percent,unknown,28.99,1,1,,False,25.0,pooled_conservative_fallback,5.0,offline_replicate_noise_v1,ROUND_004
legacy_wetlab_EXP2102,legacy_wetlab,viability_percent,unknown,28.14,1,1,,False,25.0,pooled_conservative_fallback,5.0,offline_replicate_noise_v1,ROUND_004
legacy_wetlab_EXP2103,legacy_wetlab,viability_percent,unknown,51.61,1,1,,False,25.0,pooled_conservative_fallback,5.0,offline_replicate_noise_v1,ROUND_004
legacy_wetlab_EXP2104,legacy_wetlab,viability_percent,unknown,53.4,1,1,,False,25.0,pooled_conservative_fallback,5.0,offline_replicate_noise_v1,ROUND_004
legacy_wetlab_EXP2105,legacy_wetlab,viability_percent,unknown,8.66,1,1,,False,25.0,pooled_conservative_fallback,5.0,offline_replicate_noise_v1,ROUND_004
legacy_wetlab_EXP2106,legacy_wetlab,viability_percent,unknown,34.8,1,1,,False,25.0,pooled_conservative_fallback,5.0,offline_replicate_noise_v1,ROUND_004
legacy_wetlab_EXP301,legacy_wetlab,viability_percent,unknown,28.19,1,1,,False,25.0,pooled_conservative_fallback,5.0,offline_replicate_noise_v1,ROUND_004
legacy_wetlab_EXP302,legacy_wetlab,viability_percent,unknown,56.18,1,1,,False,25.0,pooled_conservative_fallback,5.0,offline_replicate_noise_v1,ROUND_004
legacy_wetlab_EXP303,legacy_wetlab,viability_percent,unknown,6.5,1,1,,False,25.0,pooled_conservative_fallback,5.0,offline_replicate_noise_v1,ROUND_004
legacy_wetlab_EXP304,legacy_wetlab,viability_percent,unknown,53.19,1,1,,False,25.0,pooled_conservative_fallback,5.0,offline_replicate_noise_v1,ROUND_004
legacy_wetlab_EXP305,legacy_wetlab,viability_percent,unknown,72.93,1,1,,False,25.0,pooled_conservative_fallback,5.0,offline_replicate_noise_v1,ROUND_004
legacy_wetlab_EXP306,legacy_wetlab,viability_percent,unknown,69.78,1,1,,False,25.0,pooled_conservative_fallback,5.0,offline_replicate_noise_v1,ROUND_004
legacy_wetlab_EXP3101,legacy_wetlab,viability_percent,unknown,63.61,1,1,,False,25.0,pooled_conservative_fallback,5.0,offline_replicate_noise_v1,ROUND_004
legacy_wetlab_EXP3102,legacy_wetlab,viability_percent,unknown,51.94,1,1,,False,25.0,pooled_conservative_fallback,5.0,offline_replicate_noise_v1,ROUND_004
legacy_wetlab_EXP3103,legacy_wetlab,viability_percent,unknown,32.75,1,1,,False,25.0,pooled_conservative_fallback,5.0,offline_replicate_noise_v1,ROUND_004
legacy_wetlab_EXP3104,legacy_wetlab,viability_percent,unknown,49.99,1,1,,False,25.0,pooled_conservative_fallback,5.0,offline_replicate_noise_v1,ROUND_004
legacy_wetlab_EXP3105,legacy_wetlab,viability_percent,unknown,41.32,1,1,,False,25.0,pooled_conservative_fallback,5.0,offline_replicate_noise_v1,ROUND_004
legacy_wetlab_EXP3106,legacy_wetlab,viability_percent,unknown,42.1,1,1,,False,25.0,pooled_conservative_fallback,5.0,offline_replicate_noise_v1,ROUND_004
legacy_wetlab_EXP3107,legacy_wetlab,viability_percent,unknown,63.25,1,1,,False,25.0,pooled_conservative_fallback,5.0,offline_replicate_noise_v1,ROUND_004
legacy_wetlab_EXP3108,legacy_wetlab,viability_percent,unknown,35.08,1,1,,False,25.0,pooled_conservative_fallback,5.0,offline_replicate_noise_v1,ROUND_004
legacy_wetlab_EXP4101,legacy_wetlab,viability_percent,unknown,62.32,1,1,,False,25.0,pooled_conservative_fallback,5.0,offline_replicate_noise_v1,ROUND_004
legacy_wetlab_EXP4102,legacy_wetlab,viability_percent,unknown,59.76,1,1,,False,25.0,pooled_conservative_fallback,5.0,offline_replicate_noise_v1,ROUND_004
legacy_wetlab_EXP4103,legacy_wetlab,viability_percent,unknown,73.15,1,1,,False,25.0,pooled_conservative_fallback,5.0,offline_replicate_noise_v1,ROUND_004
legacy_wetlab_EXP4104,legacy_wetlab,viability_percent,unknown,76.91,1,1,,False,25.0,pooled_conservative_fallback,5.0,offline_replicate_noise_v1,ROUND_004
legacy_wetlab_EXP4105,legacy_wetlab,viability_percent,unknown,78.31,1,1,,False,25.0,pooled_conservative_fallback,5.0,offline_replicate_noise_v1,ROUND_004
legacy_wetlab_EXP4106,legacy_wetlab,viability_percent,unknown,71.59,1,1,,False,25.0,pooled_conservative_fallback,5.0,offline_replicate_noise_v1,ROUND_004
legacy_wetlab_EXP5101,legacy_wetlab,viability_percent,unknown,49.0,1,1,,False,25.0,pooled_conservative_fallback,5.0,offline_replicate_noise_v1,ROUND_004
legacy_wetlab_EXP5102,legacy_wetlab,viability_percent,unknown,70.04,1,1,,False,25.0,pooled_conservative_fallback,5.0,offline_replicate_noise_v1,ROUND_004
legacy_wetlab_EXP5103,legacy_wetlab,viability_percent,unknown,72.48,1,1,,False,25.0,pooled_conservative_fallback,5.0,offline_replicate_noise_v1,ROUND_004
legacy_wetlab_EXP5104,legacy_wetlab,viability_percent,unknown,92.63,1,1,,False,25.0,pooled_conservative_fallback,5.0,offline_replicate_noise_v1,ROUND_004
legacy_wetlab_EXP5105,legacy_wetlab,viability_percent,unknown,91.2,1,1,,False,25.0,pooled_conservative_fallback,5.0,offline_replicate_noise_v1,ROUND_004
legacy_wetlab_EXP5106,legacy_wetlab,viability_percent,unknown,91.4,1,1,,False,25.0,pooled_conservative_fallback,5.0,offline_replicate_noise_v1,ROUND_004
legacy_wetlab_EXP5107,legacy_wetlab,viability_percent,unknown,75.16,1,1,,False,25.0,pooled_conservative_fallback,5.0,offline_replicate_noise_v1,ROUND_004
legacy_wetlab_EXP5108,legacy_wetlab,viability_percent,unknown,59.17,1,1,,False,25.0,pooled_conservative_fallback,5.0,offline_replicate_noise_v1,ROUND_004
legacy_wetlab_EXP5109,legacy_wetlab,viability_percent,unknown,94.32,1,1,,False,25.0,pooled_conservative_fallback,5.0,offline_replicate_noise_v1,ROUND_004
legacy_wetlab_EXP5110,legacy_wetlab,viability_percent,unknown,95.15,1,1,,False,25.0,pooled_conservative_fallback,5.0,offline_replicate_noise_v1,ROUND_004
legacy_wetlab_EXP5111,legacy_wetlab,viability_percent,unknown,88.78,1,1,,False,25.0,pooled_conservative_fallback,5.0,offline_replicate_noise_v1,ROUND_004
legacy_wetlab_EXP5112,legacy_wetlab,viability_percent,unknown,87.85,1,1,,False,25.0,pooled_conservative_fallback,5.0,offline_replicate_noise_v1,ROUND_004
legacy_wetlab_EXP5201,legacy_wetlab,viability_percent,unknown,27.08,1,1,,False,25.0,pooled_conservative_fallback,5.0,offline_replicate_noise_v1,ROUND_004
legacy_wetlab_EXP5202,legacy_wetlab,viability_percent,unknown,29.46,1,1,,False,25.0,pooled_conservative_fallback,5.0,offline_replicate_noise_v1,ROUND_004
legacy_wetlab_EXP5203,legacy_wetlab,viability_percent,unknown,59.95,1,1,,False,25.0,pooled_conservative_fallback,5.0,offline_replicate_noise_v1,ROUND_004
legacy_wetlab_EXP5204,legacy_wetlab,viability_percent,unknown,71.75,1,1,,False,25.0,pooled_conservative_fallback,5.0,offline_replicate_noise_v1,ROUND_004
legacy_wetlab_EXP5205,legacy_wetlab,viability_percent,unknown,6.86,1,1,,False,25.0,pooled_conservative_fallback,5.0,offline_replicate_noise_v1,ROUND_004
legacy_wetlab_EXP5206,legacy_wetlab,viability_percent,unknown,13.35,1,1,,False,25.0,pooled_conservative_fallback,5.0,offline_replicate_noise_v1,ROUND_004
legacy_wetlab_EXP5207,legacy_wetlab,viability_percent,unknown,48.34,1,1,,False,25.0,pooled_conservative_fallback,5.0,offline_replicate_noise_v1,ROUND_004
legacy_wetlab_EXP5208,legacy_wetlab,viability_percent,unknown,12.02,1,1,,False,25.0,pooled_conservative_fallback,5.0,offline_replicate_noise_v1,ROUND_004
legacy_wetlab_EXP5209,legacy_wetlab,viability_percent,unknown,60.43,1,1,,False,25.0,pooled_conservative_fallback,5.0,offline_replicate_noise_v1,ROUND_004
legacy_wetlab_EXP5210,legacy_wetlab,viability_percent,unknown,20.96,1,1,,False,25.0,pooled_conservative_fallback,5.0,offline_replicate_noise_v1,ROUND_004
legacy_wetlab_EXP5211,legacy_wetlab,viability_percent,unknown,7.39,1,1,,False,25.0,pooled_conservative_fallback,5.0,offline_replicate_noise_v1,ROUND_004
legacy_wetlab_EXP6101,legacy_wetlab,viability_percent,unknown,74.16,1,1,,False,25.0,pooled_conservative_fallback,5.0,offline_replicate_noise_v1,ROUND_004
legacy_wetlab_EXP6102,legacy_wetlab,viability_percent,unknown,73.88,1,1,,False,25.0,pooled_conservative_fallback,5.0,offline_replicate_noise_v1,ROUND_004
legacy_wetlab_EXP6103,legacy_wetlab,viability_percent,unknown,71.12,1,1,,False,25.0,pooled_conservative_fallback,5.0,offline_replicate_noise_v1,ROUND_004
legacy_wetlab_EXP6104,legacy_wetlab,viability_percent,unknown,65.5,1,1,,False,25.0,pooled_conservative_fallback,5.0,offline_replicate_noise_v1,ROUND_004
legacy_wetlab_EXP6105,legacy_wetlab,viability_percent,unknown,53.08,1,1,,False,25.0,pooled_conservative_fallback,5.0,offline_replicate_noise_v1,ROUND_004
legacy_wetlab_EXP6106,legacy_wetlab,viability_percent,unknown,71.41,1,1,,False,25.0,pooled_conservative_fallback,5.0,offline_replicate_noise_v1,ROUND_004
legacy_wetlab_EXP7101,legacy_wetlab,viability_percent,unknown,72.98,1,1,,False,25.0,pooled_conservative_fallback,5.0,offline_replicate_noise_v1,ROUND_004
legacy_wetlab_EXP7102,legacy_wetlab,viability_percent,unknown,79.04,1,1,,False,25.0,pooled_conservative_fallback,5.0,offline_replicate_noise_v1,ROUND_004
legacy_wetlab_EXP7103,legacy_wetlab,viability_percent,unknown,76.36,1,1,,False,25.0,pooled_conservative_fallback,5.0,offline_replicate_noise_v1,ROUND_004
legacy_wetlab_EXP7104,legacy_wetlab,viability_percent,unknown,75.91,1,1,,False,25.0,pooled_conservative_fallback,5.0,offline_replicate_noise_v1,ROUND_004
legacy_wetlab_EXP7105,legacy_wetlab,viability_percent,unknown,73.57,1,1,,False,25.0,pooled_conservative_fallback,5.0,offline_replicate_noise_v1,ROUND_004
legacy_wetlab_EXP7106,legacy_wetlab,viability_percent,unknown,74.55,1,1,,False,25.0,pooled_conservative_fallback,5.0,offline_replicate_noise_v1,ROUND_004
legacy_wetlab_EXP7107,legacy_wetlab,viability_percent,unknown,70.97,1,1,,False,25.0,pooled_conservative_fallback,5.0,offline_replicate_noise_v1,ROUND_004
legacy_wetlab_EXP7108,legacy_wetlab,viability_percent,unknown,70.64,1,1,,False,25.0,pooled_conservative_fallback,5.0,offline_replicate_noise_v1,ROUND_004
legacy_wetlab_EXP7109,legacy_wetlab,viability_percent,unknown,11.49,1,1,,False,25.0,pooled_conservative_fallback,5.0,offline_replicate_noise_v1,ROUND_004
legacy_wetlab_EXP7110,legacy_wetlab,viability_percent,unknown,50.31,1,1,,False,25.0,pooled_conservative_fallback,5.0,offline_replicate_noise_v1,ROUND_004
legacy_wetlab_EXP7111,legacy_wetlab,viability_percent,unknown,35.29,1,1,,False,25.0,pooled_conservative_fallback,5.0,offline_replicate_noise_v1,ROUND_004
legacy_wetlab_EXP7112,legacy_wetlab,viability_percent,unknown,41.07,1,1,,False,25.0,pooled_conservative_fallback,5.0,offline_replicate_noise_v1,ROUND_004
legacy_wetlab_EXP8101,legacy_wetlab,viability_percent,unknown,71.22,1,1,,False,25.0,pooled_conservative_fallback,5.0,offline_replicate_noise_v1,ROUND_004
legacy_wetlab_EXP8102,legacy_wetlab,viability_percent,unknown,71.7,1,1,,False,25.0,pooled_conservative_fallback,5.0,offline_replicate_noise_v1,ROUND_004
legacy_wetlab_EXP8103,legacy_wetlab,viability_percent,unknown,69.97,1,1,,False,25.0,pooled_conservative_fallback,5.0,offline_replicate_noise_v1,ROUND_004
legacy_wetlab_EXP8104,legacy_wetlab,viability_percent,unknown,58.76,1,1,,False,25.0,pooled_conservative_fallback,5.0,offline_replicate_noise_v1,ROUND_004
legacy_wetlab_EXP8105,legacy_wetlab,viability_percent,unknown,64.69,1,1,,False,25.0,pooled_conservative_fallback,5.0,offline_replicate_noise_v1,ROUND_004
legacy_wetlab_EXP8106,legacy_wetlab,viability_percent,unknown,64.37,1,1,,False,25.0,pooled_conservative_fallback,5.0,offline_replicate_noise_v1,ROUND_004
legacy_wetlab_EXP8107,legacy_wetlab,viability_percent,unknown,54.64,1,1,,False,25.0,pooled_conservative_fallback,5.0,offline_replicate_noise_v1,ROUND_004
legacy_wetlab_EXP8108,legacy_wetlab,viability_percent,unknown,39.82,1,1,,False,25.0,pooled_conservative_fallback,5.0,offline_replicate_noise_v1,ROUND_004
legacy_wetlab_EXP9101,legacy_wetlab,viability_percent,unknown,75.43,1,1,,False,25.0,pooled_conservative_fallback,5.0,offline_replicate_noise_v1,ROUND_004
legacy_wetlab_EXP9102,legacy_wetlab,viability_percent,unknown,70.72,1,1,,False,25.0,pooled_conservative_fallback,5.0,offline_replicate_noise_v1,ROUND_004
legacy_wetlab_EXP9103,legacy_wetlab,viability_percent,unknown,71.75,1,1,,False,25.0,pooled_conservative_fallback,5.0,offline_replicate_noise_v1,ROUND_004
legacy_wetlab_EXP9104,legacy_wetlab,viability_percent,unknown,74.92,1,1,,False,25.0,pooled_conservative_fallback,5.0,offline_replicate_noise_v1,ROUND_004
legacy_wetlab_EXP9105,legacy_wetlab,viability_percent,unknown,75.16,1,1,,False,25.0,pooled_conservative_fallback,5.0,offline_replicate_noise_v1,ROUND_004
legacy_wetlab_EXP9106,legacy_wetlab,viability_percent,unknown,67.06,1,1,,False,25.0,pooled_conservative_fallback,5.0,offline_replicate_noise_v1,ROUND_004
legacy_wetlab_EXP9107,legacy_wetlab,viability_percent,unknown,61.47,1,1,,False,25.0,pooled_conservative_fallback,5.0,offline_replicate_noise_v1,ROUND_004
legacy_wetlab_EXP9108,legacy_wetlab,viability_percent,unknown,36.44,1,1,,False,25.0,pooled_conservative_fallback,5.0,offline_replicate_noise_v1,ROUND_004
v2_0a63a12b60f3,ROUND_003,viability_percent,unknown,38.0,2,1,,False,25.0,pooled_conservative_fallback,5.0,offline_replicate_noise_v1,ROUND_004
v2_19eed4dca0d3,ROUND_001,viability_percent,unknown,35.84,1,1,,False,25.0,pooled_conservative_fallback,5.0,offline_replicate_noise_v1,ROUND_004
v2_21a3a498433e,ROUND_001,viability_percent,unknown,36.22,1,1,,False,25.0,pooled_conservative_fallback,5.0,offline_replicate_noise_v1,ROUND_004
v2_237544a25f30,ROUND_001,viability_percent,unknown,69.21,1,1,,False,25.0,pooled_conservative_fallback,5.0,offline_replicate_noise_v1,ROUND_004
v2_27a2b16cc327,ROUND_003,viability_percent,unknown,53.0,2,1,,False,25.0,pooled_conservative_fallback,5.0,offline_replicate_noise_v1,ROUND_004
v2_2eead01c8392,ROUND_001,viability_percent,unknown,60.53,1,1,,False,25.0,pooled_conservative_fallback,5.0,offline_replicate_noise_v1,ROUND_004
v2_34d667ff4762,ROUND_002,viability_percent,unknown,63.879999999999995,4,1,,False,25.0,pooled_conservative_fallback,5.0,offline_replicate_noise_v1,ROUND_004
v2_384020959c42,ROUND_002,viability_percent,unknown,21.375,4,1,,False,25.0,pooled_conservative_fallback,5.0,offline_replicate_noise_v1,ROUND_004
v2_3db5f7aa7cdd,ROUND_003,viability_percent,unknown,38.0,2,1,,False,25.0,pooled_conservative_fallback,5.0,offline_replicate_noise_v1,ROUND_004
v2_3e8ef993abba,ROUND_002,viability_percent,unknown,65.5625,4,1,,False,25.0,pooled_conservative_fallback,5.0,offline_replicate_noise_v1,ROUND_004
v2_42188f45e98a,ROUND_002,viability_percent,unknown,38.805,4,1,,False,25.0,pooled_conservative_fallback,5.0,offline_replicate_noise_v1,ROUND_004
v2_430e18c49d10,ROUND_003,viability_percent,unknown,65.0,2,1,,False,25.0,pooled_conservative_fallback,5.0,offline_replicate_noise_v1,ROUND_004
v2_49123b81735d,ROUND_001,viability_percent,unknown,40.44,1,1,,False,25.0,pooled_conservative_fallback,5.0,offline_replicate_noise_v1,ROUND_004
v2_4a0cb1ead8d1,ROUND_001,viability_percent,unknown,60.33,1,1,,False,25.0,pooled_conservative_fallback,5.0,offline_replicate_noise_v1,ROUND_004
v2_4aeffae55153,ROUND_003,viability_percent,unknown,48.5,2,1,,False,25.0,pooled_conservative_fallback,5.0,offline_replicate_noise_v1,ROUND_004
v2_4f4525f1566d,ROUND_003,viability_percent,unknown,36.0,2,1,,False,25.0,pooled_conservative_fallback,5.0,offline_replicate_noise_v1,ROUND_004
v2_655729013931,ROUND_002,viability_percent,unknown,64.9,4,1,,False,25.0,pooled_conservative_fallback,5.0,offline_replicate_noise_v1,ROUND_004
v2_6b7389efb1b5,ROUND_001,viability_percent,unknown,35.92,1,1,,False,25.0,pooled_conservative_fallback,5.0,offline_replicate_noise_v1,ROUND_004
v2_75d69addc009,ROUND_002,viability_percent,unknown,29.2025,4,1,,False,25.0,pooled_conservative_fallback,5.0,offline_replicate_noise_v1,ROUND_004
v2_75d69addc009,ROUND_003,viability_percent,unknown,34.5,2,1,,False,25.0,pooled_conservative_fallback,5.0,offline_replicate_noise_v1,ROUND_004
v2_84c11063c325,ROUND_003,viability_percent,unknown,44.5,2,1,,False,25.0,pooled_conservative_fallback,5.0,offline_replicate_noise_v1,ROUND_004
v2_8a721b7d8f1c,ROUND_002,viability_percent,unknown,63.9975,4,1,,False,25.0,pooled_conservative_fallback,5.0,offline_replicate_noise_v1,ROUND_004
v2_8f6028d7e59a,ROUND_003,viability_percent,unknown,41.0,2,1,,False,25.0,pooled_conservative_fallback,5.0,offline_replicate_noise_v1,ROUND_004
v2_a2b4c2d7b0b6,ROUND_001,viability_percent,unknown,24.39,1,1,,False,25.0,pooled_conservative_fallback,5.0,offline_replicate_noise_v1,ROUND_004
v2_a3cd6cc2afa7,ROUND_002,viability_percent,unknown,57.3875,4,1,,False,25.0,pooled_conservative_fallback,5.0,offline_replicate_noise_v1,ROUND_004
v2_a7291b600bea,ROUND_003,viability_percent,unknown,52.0,2,1,,False,25.0,pooled_conservative_fallback,5.0,offline_replicate_noise_v1,ROUND_004
v2_a803deb82ca6,ROUND_001,viability_percent,unknown,28.72,1,1,,False,25.0,pooled_conservative_fallback,5.0,offline_replicate_noise_v1,ROUND_004
v2_afa1348627bc,ROUND_003,viability_percent,unknown,38.5,2,1,,False,25.0,pooled_conservative_fallback,5.0,offline_replicate_noise_v1,ROUND_004
v2_b2c883db5caf,ROUND_002,viability_percent,unknown,43.185,4,1,,False,25.0,pooled_conservative_fallback,5.0,offline_replicate_noise_v1,ROUND_004
v2_b9ae21107fa4,ROUND_001,viability_percent,unknown,15.93,1,1,,False,25.0,pooled_conservative_fallback,5.0,offline_replicate_noise_v1,ROUND_004
v2_d93bf1a562c8,ROUND_003,viability_percent,unknown,29.0,2,1,,False,25.0,pooled_conservative_fallback,5.0,offline_replicate_noise_v1,ROUND_004
v2_da5df4899b60,ROUND_001,viability_percent,unknown,43.34,1,1,,False,25.0,pooled_conservative_fallback,5.0,offline_replicate_noise_v1,ROUND_004
v2_db8935ce2c34,ROUND_002,viability_percent,unknown,61.5875,4,1,,False,25.0,pooled_conservative_fallback,5.0,offline_replicate_noise_v1,ROUND_004
v2_e0e6b16a3f20,ROUND_001,viability_percent,unknown,26.53,1,1,,False,25.0,pooled_conservative_fallback,5.0,offline_replicate_noise_v1,ROUND_004
v2_e0e6b16a3f20,ROUND_002,viability_percent,unknown,30.4375,4,1,,False,25.0,pooled_conservative_fallback,5.0,offline_replicate_noise_v1,ROUND_004
v2_fc5b4c04eee9,ROUND_002,viability_percent,unknown,56.287499999999994,4,1,,False,25.0,pooled_conservative_fallback,5.0,offline_replicate_noise_v1,ROUND_004
legacy_lit_1,legacy_literature,viability_percent,unknown,96.0,1,1,,False,25.0,pooled_conservative_fallback,5.0,offline_replicate_noise_v1,ROUND_005
legacy_lit_10,legacy_literature,viability_percent,unknown,63.17777777777778,1,1,,False,25.0,pooled_conservative_fallback,5.0,offline_replicate_noise_v1,ROUND_005
legacy_lit_100,legacy_literature,viability_percent,unknown,75.0,1,1,,False,25.0,pooled_conservative_fallback,5.0,offline_replicate_noise_v1,ROUND_005
legacy_lit_101,legacy_literature,viability_percent,unknown,77.0,1,1,,False,25.0,pooled_conservative_fallback,5.0,offline_replicate_noise_v1,ROUND_005
legacy_lit_102,legacy_literature,viability_percent,unknown,43.0,1,1,,False,25.0,pooled_conservative_fallback,5.0,offline_replicate_noise_v1,ROUND_005
legacy_lit_103,legacy_literature,viability_percent,unknown,68.0,1,1,,False,25.0,pooled_conservative_fallback,5.0,offline_replicate_noise_v1,ROUND_005
legacy_lit_104,legacy_literature,viability_percent,unknown,67.0,1,1,,False,25.0,pooled_conservative_fallback,5.0,offline_replicate_noise_v1,ROUND_005
legacy_lit_109,legacy_literature,viability_percent,unknown,95.0,1,1,,False,25.0,pooled_conservative_fallback,5.0,offline_replicate_noise_v1,ROUND_005
legacy_lit_112,legacy_literature,viability_percent,unknown,31.883333333333336,1,1,,False,25.0,pooled_conservative_fallback,5.0,offline_replicate_noise_v1,ROUND_005
legacy_lit_114,legacy_literature,viability_percent,unknown,87.56,1,1,,False,25.0,pooled_conservative_fallback,5.0,offline_replicate_noise_v1,ROUND_005
legacy_lit_115,legacy_literature,viability_percent,unknown,86.0,1,1,,False,25.0,pooled_conservative_fallback,5.0,offline_replicate_noise_v1,ROUND_005
legacy_lit_116,legacy_literature,viability_percent,unknown,85.6,1,1,,False,25.0,pooled_conservative_fallback,5.0,offline_replicate_noise_v1,ROUND_005
legacy_lit_118,legacy_literature,viability_percent,unknown,46.8,1,1,,False,25.0,pooled_conservative_fallback,5.0,offline_replicate_noise_v1,ROUND_005
legacy_lit_119,legacy_literature,viability_percent,unknown,40.0,1,1,,False,25.0,pooled_conservative_fallback,5.0,offline_replicate_noise_v1,ROUND_005
legacy_lit_12,legacy_literature,viability_percent,unknown,95.2,1,1,,False,25.0,pooled_conservative_fallback,5.0,offline_replicate_noise_v1,ROUND_005
legacy_lit_120,legacy_literature,viability_percent,unknown,40.0,1,1,,False,25.0,pooled_conservative_fallback,5.0,offline_replicate_noise_v1,ROUND_005
legacy_lit_121,legacy_literature,viability_percent,unknown,79.8,1,1,,False,25.0,pooled_conservative_fallback,5.0,offline_replicate_noise_v1,ROUND_005
legacy_lit_126,legacy_literature,viability_percent,unknown,82.9,1,1,,False,25.0,pooled_conservative_fallback,5.0,offline_replicate_noise_v1,ROUND_005
legacy_lit_127,legacy_literature,viability_percent,unknown,70.0,1,1,,False,25.0,pooled_conservative_fallback,5.0,offline_replicate_noise_v1,ROUND_005
legacy_lit_128,legacy_literature,viability_percent,unknown,80.0,1,1,,False,25.0,pooled_conservative_fallback,5.0,offline_replicate_noise_v1,ROUND_005
legacy_lit_129,legacy_literature,viability_percent,unknown,56.0,1,1,,False,25.0,pooled_conservative_fallback,5.0,offline_replicate_noise_v1,ROUND_005
legacy_lit_13,legacy_literature,viability_percent,unknown,86.8,1,1,,False,25.0,pooled_conservative_fallback,5.0,offline_replicate_noise_v1,ROUND_005
legacy_lit_130,legacy_literature,viability_percent,unknown,65.0,1,1,,False,25.0,pooled_conservative_fallback,5.0,offline_replicate_noise_v1,ROUND_005
legacy_lit_131,legacy_literature,viability_percent,unknown,32.0,1,1,,False,25.0,pooled_conservative_fallback,5.0,offline_replicate_noise_v1,ROUND_005
legacy_lit_132,legacy_literature,viability_percent,unknown,38.0,1,1,,False,25.0,pooled_conservative_fallback,5.0,offline_replicate_noise_v1,ROUND_005
legacy_lit_133,legacy_literature,viability_percent,unknown,68.0,1,1,,False,25.0,pooled_conservative_fallback,5.0,offline_replicate_noise_v1,ROUND_005
legacy_lit_134,legacy_literature,viability_percent,unknown,73.0,1,1,,False,25.0,pooled_conservative_fallback,5.0,offline_replicate_noise_v1,ROUND_005
legacy_lit_135,legacy_literature,viability_percent,unknown,60.0,1,1,,False,25.0,pooled_conservative_fallback,5.0,offline_replicate_noise_v1,ROUND_005
legacy_lit_136,legacy_literature,viability_percent,unknown,40.0,1,1,,False,25.0,pooled_conservative_fallback,5.0,offline_replicate_noise_v1,ROUND_005
legacy_lit_137,legacy_literature,viability_percent,unknown,70.0,1,1,,False,25.0,pooled_conservative_fallback,5.0,offline_replicate_noise_v1,ROUND_005
legacy_lit_138,legacy_literature,viability_percent,unknown,0.0,1,1,,False,25.0,pooled_conservative_fallback,5.0,offline_replicate_noise_v1,ROUND_005
legacy_lit_15,legacy_literature,viability_percent,unknown,89.8,1,1,,False,25.0,pooled_conservative_fallback,5.0,offline_replicate_noise_v1,ROUND_005
legacy_lit_16,legacy_literature,viability_percent,unknown,95.7,1,1,,False,25.0,pooled_conservative_fallback,5.0,offline_replicate_noise_v1,ROUND_005
legacy_lit_18,legacy_literature,viability_percent,unknown,94.18,1,1,,False,25.0,pooled_conservative_fallback,5.0,offline_replicate_noise_v1,ROUND_005
legacy_lit_19,legacy_literature,viability_percent,unknown,92.35,1,1,,False,25.0,pooled_conservative_fallback,5.0,offline_replicate_noise_v1,ROUND_005
legacy_lit_194,legacy_literature,viability_percent,unknown,55.0,1,1,,False,25.0,pooled_conservative_fallback,5.0,offline_replicate_noise_v1,ROUND_005
legacy_lit_195,legacy_literature,viability_percent,unknown,58.0,1,1,,False,25.0,pooled_conservative_fallback,5.0,offline_replicate_noise_v1,ROUND_005
legacy_lit_196,legacy_literature,viability_percent,unknown,80.0,1,1,,False,25.0,pooled_conservative_fallback,5.0,offline_replicate_noise_v1,ROUND_005
legacy_lit_197,legacy_literature,viability_percent,unknown,83.0,1,1,,False,25.0,pooled_conservative_fallback,5.0,offline_replicate_noise_v1,ROUND_005
legacy_lit_198,legacy_literature,viability_percent,unknown,86.0,1,1,,False,25.0,pooled_conservative_fallback,5.0,offline_replicate_noise_v1,ROUND_005
legacy_lit_199,legacy_literature,viability_percent,unknown,80.0,1,1,,False,25.0,pooled_conservative_fallback,5.0,offline_replicate_noise_v1,ROUND_005
legacy_lit_2,legacy_literature,viability_percent,unknown,12.5,1,1,,False,25.0,pooled_conservative_fallback,5.0,offline_replicate_noise_v1,ROUND_005
legacy_lit_20,legacy_literature,viability_percent,unknown,89.43,1,1,,False,25.0,pooled_conservative_fallback,5.0,offline_replicate_noise_v1,ROUND_005
legacy_lit_200,legacy_literature,viability_percent,unknown,80.0,1,1,,False,25.0,pooled_conservative_fallback,5.0,offline_replicate_noise_v1,ROUND_005
legacy_lit_202,legacy_literature,viability_percent,unknown,65.0,1,1,,False,25.0,pooled_conservative_fallback,5.0,offline_replicate_noise_v1,ROUND_005
legacy_lit_203,legacy_literature,viability_percent,unknown,63.0,1,1,,False,25.0,pooled_conservative_fallback,5.0,offline_replicate_noise_v1,ROUND_005
legacy_lit_204,legacy_literature,viability_percent,unknown,67.0,1,1,,False,25.0,pooled_conservative_fallback,5.0,offline_replicate_noise_v1,ROUND_005
legacy_lit_205,legacy_literature,viability_percent,unknown,75.0,1,1,,False,25.0,pooled_conservative_fallback,5.0,offline_replicate_noise_v1,ROUND_005
legacy_lit_206,legacy_literature,viability_percent,unknown,70.0,1,1,,False,25.0,pooled_conservative_fallback,5.0,offline_replicate_noise_v1,ROUND_005
legacy_lit_207,legacy_literature,viability_percent,unknown,70.0,1,1,,False,25.0,pooled_conservative_fallback,5.0,offline_replicate_noise_v1,ROUND_005
legacy_lit_208,legacy_literature,viability_percent,unknown,78.0,1,1,,False,25.0,pooled_conservative_fallback,5.0,offline_replicate_noise_v1,ROUND_005
legacy_lit_209,legacy_literature,viability_percent,unknown,70.0,1,1,,False,25.0,pooled_conservative_fallback,5.0,offline_replicate_noise_v1,ROUND_005
legacy_lit_21,legacy_literature,viability_percent,unknown,68.0,1,1,,False,25.0,pooled_conservative_fallback,5.0,offline_replicate_noise_v1,ROUND_005
legacy_lit_212,legacy_literature,viability_percent,unknown,69.66666666666667,1,1,,False,25.0,pooled_conservative_fallback,5.0,offline_replicate_noise_v1,ROUND_005
legacy_lit_215,legacy_literature,viability_percent,unknown,78.33333333333333,1,1,,False,25.0,pooled_conservative_fallback,5.0,offline_replicate_noise_v1,ROUND_005
legacy_lit_218,legacy_literature,viability_percent,unknown,65.0,1,1,,False,25.0,pooled_conservative_fallback,5.0,offline_replicate_noise_v1,ROUND_005
legacy_lit_22,legacy_literature,viability_percent,unknown,82.25,1,1,,False,25.0,pooled_conservative_fallback,5.0,offline_replicate_noise_v1,ROUND_005
legacy_lit_221,legacy_literature,viability_percent,unknown,70.66666666666667,1,1,,False,25.0,pooled_conservative_fallback,5.0,offline_replicate_noise_v1,ROUND_005
legacy_lit_224,legacy_literature,viability_percent,unknown,91.0,1,1,,False,25.0,pooled_conservative_fallback,5.0,offline_replicate_noise_v1,ROUND_005
legacy_lit_225,legacy_literature,viability_percent,unknown,38.0,1,1,,False,25.0,pooled_conservative_fallback,5.0,offline_replicate_noise_v1,ROUND_005
legacy_lit_235,legacy_literature,viability_percent,unknown,80.0,1,1,,False,25.0,pooled_conservative_fallback,5.0,offline_replicate_noise_v1,ROUND_005
legacy_lit_236,legacy_literature,viability_percent,unknown,83.4,1,1,,False,25.0,pooled_conservative_fallback,5.0,offline_replicate_noise_v1,ROUND_005
legacy_lit_237,legacy_literature,viability_percent,unknown,93.4,1,1,,False,25.0,pooled_conservative_fallback,5.0,offline_replicate_noise_v1,ROUND_005
legacy_lit_251,legacy_literature,viability_percent,unknown,5.0,1,1,,False,25.0,pooled_conservative_fallback,5.0,offline_replicate_noise_v1,ROUND_005
legacy_lit_252,legacy_literature,viability_percent,unknown,17.0,1,1,,False,25.0,pooled_conservative_fallback,5.0,offline_replicate_noise_v1,ROUND_005
legacy_lit_253,legacy_literature,viability_percent,unknown,60.0,1,1,,False,25.0,pooled_conservative_fallback,5.0,offline_replicate_noise_v1,ROUND_005
legacy_lit_254,legacy_literature,viability_percent,unknown,80.0,1,1,,False,25.0,pooled_conservative_fallback,5.0,offline_replicate_noise_v1,ROUND_005
legacy_lit_255,legacy_literature,viability_percent,unknown,9.833333333333334,1,1,,False,25.0,pooled_conservative_fallback,5.0,offline_replicate_noise_v1,ROUND_005
legacy_lit_256,legacy_literature,viability_percent,unknown,30.666666666666668,1,1,,False,25.0,pooled_conservative_fallback,5.0,offline_replicate_noise_v1,ROUND_005
legacy_lit_257,legacy_literature,viability_percent,unknown,62.0,1,1,,False,25.0,pooled_conservative_fallback,5.0,offline_replicate_noise_v1,ROUND_005
legacy_lit_258,legacy_literature,viability_percent,unknown,78.0,1,1,,False,25.0,pooled_conservative_fallback,5.0,offline_replicate_noise_v1,ROUND_005
legacy_lit_259,legacy_literature,viability_percent,unknown,7.0,1,1,,False,25.0,pooled_conservative_fallback,5.0,offline_replicate_noise_v1,ROUND_005
legacy_lit_260,legacy_literature,viability_percent,unknown,19.0,1,1,,False,25.0,pooled_conservative_fallback,5.0,offline_replicate_noise_v1,ROUND_005
legacy_lit_261,legacy_literature,viability_percent,unknown,75.0,1,1,,False,25.0,pooled_conservative_fallback,5.0,offline_replicate_noise_v1,ROUND_005
legacy_lit_262,legacy_literature,viability_percent,unknown,80.0,1,1,,False,25.0,pooled_conservative_fallback,5.0,offline_replicate_noise_v1,ROUND_005
legacy_lit_27,legacy_literature,viability_percent,unknown,70.0,1,1,,False,25.0,pooled_conservative_fallback,5.0,offline_replicate_noise_v1,ROUND_005
legacy_lit_274,legacy_literature,viability_percent,unknown,18.0,1,1,,False,25.0,pooled_conservative_fallback,5.0,offline_replicate_noise_v1,ROUND_005
legacy_lit_275,legacy_literature,viability_percent,unknown,30.0,1,1,,False,25.0,pooled_conservative_fallback,5.0,offline_replicate_noise_v1,ROUND_005
legacy_lit_276,legacy_literature,viability_percent,unknown,78.0,1,1,,False,25.0,pooled_conservative_fallback,5.0,offline_replicate_noise_v1,ROUND_005
legacy_lit_277,legacy_literature,viability_percent,unknown,84.0,1,1,,False,25.0,pooled_conservative_fallback,5.0,offline_replicate_noise_v1,ROUND_005
legacy_lit_278,legacy_literature,viability_percent,unknown,40.0,1,1,,False,25.0,pooled_conservative_fallback,5.0,offline_replicate_noise_v1,ROUND_005
legacy_lit_281,legacy_literature,viability_percent,unknown,74.0,1,1,,False,25.0,pooled_conservative_fallback,5.0,offline_replicate_noise_v1,ROUND_005
legacy_lit_287,legacy_literature,viability_percent,unknown,60.0,1,1,,False,25.0,pooled_conservative_fallback,5.0,offline_replicate_noise_v1,ROUND_005
legacy_lit_288,legacy_literature,viability_percent,unknown,82.0,1,1,,False,25.0,pooled_conservative_fallback,5.0,offline_replicate_noise_v1,ROUND_005
legacy_lit_289,legacy_literature,viability_percent,unknown,94.0,1,1,,False,25.0,pooled_conservative_fallback,5.0,offline_replicate_noise_v1,ROUND_005
legacy_lit_29,legacy_literature,viability_percent,unknown,58.0,1,1,,False,25.0,pooled_conservative_fallback,5.0,offline_replicate_noise_v1,ROUND_005
legacy_lit_299,legacy_literature,viability_percent,unknown,62.666666666666664,1,1,,False,25.0,pooled_conservative_fallback,5.0,offline_replicate_noise_v1,ROUND_005
legacy_lit_3,legacy_literature,viability_percent,unknown,77.74,1,1,,False,25.0,pooled_conservative_fallback,5.0,offline_replicate_noise_v1,ROUND_005
legacy_lit_30,legacy_literature,viability_percent,unknown,10.0,1,1,,False,25.0,pooled_conservative_fallback,5.0,offline_replicate_noise_v1,ROUND_005
legacy_lit_306,legacy_literature,viability_percent,unknown,99.0,1,1,,False,25.0,pooled_conservative_fallback,5.0,offline_replicate_noise_v1,ROUND_005
legacy_lit_308,legacy_literature,viability_percent,unknown,83.0,1,1,,False,25.0,pooled_conservative_fallback,5.0,offline_replicate_noise_v1,ROUND_005
legacy_lit_309,legacy_literature,viability_percent,unknown,99.0,1,1,,False,25.0,pooled_conservative_fallback,5.0,offline_replicate_noise_v1,ROUND_005
legacy_lit_31,legacy_literature,viability_percent,unknown,17.0,1,1,,False,25.0,pooled_conservative_fallback,5.0,offline_replicate_noise_v1,ROUND_005
legacy_lit_310,legacy_literature,viability_percent,unknown,87.0,1,1,,False,25.0,pooled_conservative_fallback,5.0,offline_replicate_noise_v1,ROUND_005
legacy_lit_313,legacy_literature,viability_percent,unknown,10.0,1,1,,False,25.0,pooled_conservative_fallback,5.0,offline_replicate_noise_v1,ROUND_005
legacy_lit_314,legacy_literature,viability_percent,unknown,10.0,1,1,,False,25.0,pooled_conservative_fallback,5.0,offline_replicate_noise_v1,ROUND_005
legacy_lit_315,legacy_literature,viability_percent,unknown,10.0,1,1,,False,25.0,pooled_conservative_fallback,5.0,offline_replicate_noise_v1,ROUND_005
legacy_lit_316,legacy_literature,viability_percent,unknown,73.0,1,1,,False,25.0,pooled_conservative_fallback,5.0,offline_replicate_noise_v1,ROUND_005
legacy_lit_317,legacy_literature,viability_percent,unknown,45.0,1,1,,False,25.0,pooled_conservative_fallback,5.0,offline_replicate_noise_v1,ROUND_005
legacy_lit_318,legacy_literature,viability_percent,unknown,38.0,1,1,,False,25.0,pooled_conservative_fallback,5.0,offline_replicate_noise_v1,ROUND_005
legacy_lit_319,legacy_literature,viability_percent,unknown,80.0,1,1,,False,25.0,pooled_conservative_fallback,5.0,offline_replicate_noise_v1,ROUND_005
legacy_lit_32,legacy_literature,viability_percent,unknown,20.0,1,1,,False,25.0,pooled_conservative_fallback,5.0,offline_replicate_noise_v1,ROUND_005
legacy_lit_322,legacy_literature,viability_percent,unknown,63.02,1,1,,False,25.0,pooled_conservative_fallback,5.0,offline_replicate_noise_v1,ROUND_005
legacy_lit_323,legacy_literature,viability_percent,unknown,77.66666666666667,1,1,,False,25.0,pooled_conservative_fallback,5.0,offline_replicate_noise_v1,ROUND_005
legacy_lit_326,legacy_literature,viability_percent,unknown,74.33333333333333,1,1,,False,25.0,pooled_conservative_fallback,5.0,offline_replicate_noise_v1,ROUND_005
legacy_lit_329,legacy_literature,viability_percent,unknown,61.666666666666664,1,1,,False,25.0,pooled_conservative_fallback,5.0,offline_replicate_noise_v1,ROUND_005
legacy_lit_33,legacy_literature,viability_percent,unknown,22.0,1,1,,False,25.0,pooled_conservative_fallback,5.0,offline_replicate_noise_v1,ROUND_005
legacy_lit_332,legacy_literature,viability_percent,unknown,72.0,1,1,,False,25.0,pooled_conservative_fallback,5.0,offline_replicate_noise_v1,ROUND_005
legacy_lit_338,legacy_literature,viability_percent,unknown,84.3,1,1,,False,25.0,pooled_conservative_fallback,5.0,offline_replicate_noise_v1,ROUND_005
legacy_lit_339,legacy_literature,viability_percent,unknown,84.3,1,1,,False,25.0,pooled_conservative_fallback,5.0,offline_replicate_noise_v1,ROUND_005
legacy_lit_34,legacy_literature,viability_percent,unknown,50.0,1,1,,False,25.0,pooled_conservative_fallback,5.0,offline_replicate_noise_v1,ROUND_005
legacy_lit_341,legacy_literature,viability_percent,unknown,81.0,1,1,,False,25.0,pooled_conservative_fallback,5.0,offline_replicate_noise_v1,ROUND_005
legacy_lit_343,legacy_literature,viability_percent,unknown,60.6,1,1,,False,25.0,pooled_conservative_fallback,5.0,offline_replicate_noise_v1,ROUND_005
legacy_lit_346,legacy_literature,viability_percent,unknown,68.5,1,1,,False,25.0,pooled_conservative_fallback,5.0,offline_replicate_noise_v1,ROUND_005
legacy_lit_347,legacy_literature,viability_percent,unknown,69.5,1,1,,False,25.0,pooled_conservative_fallback,5.0,offline_replicate_noise_v1,ROUND_005
legacy_lit_349,legacy_literature,viability_percent,unknown,70.0,1,1,,False,25.0,pooled_conservative_fallback,5.0,offline_replicate_noise_v1,ROUND_005
legacy_lit_35,legacy_literature,viability_percent,unknown,80.0,1,1,,False,25.0,pooled_conservative_fallback,5.0,offline_replicate_noise_v1,ROUND_005
legacy_lit_350,legacy_literature,viability_percent,unknown,71.0,1,1,,False,25.0,pooled_conservative_fallback,5.0,offline_replicate_noise_v1,ROUND_005
legacy_lit_351,legacy_literature,viability_percent,unknown,73.1,1,1,,False,25.0,pooled_conservative_fallback,5.0,offline_replicate_noise_v1,ROUND_005
legacy_lit_352,legacy_literature,viability_percent,unknown,69.6,1,1,,False,25.0,pooled_conservative_fallback,5.0,offline_replicate_noise_v1,ROUND_005
legacy_lit_353,legacy_literature,viability_percent,unknown,72.0,1,1,,False,25.0,pooled_conservative_fallback,5.0,offline_replicate_noise_v1,ROUND_005
legacy_lit_354,legacy_literature,viability_percent,unknown,73.8,1,1,,False,25.0,pooled_conservative_fallback,5.0,offline_replicate_noise_v1,ROUND_005
legacy_lit_355,legacy_literature,viability_percent,unknown,68.2,1,1,,False,25.0,pooled_conservative_fallback,5.0,offline_replicate_noise_v1,ROUND_005
legacy_lit_356,legacy_literature,viability_percent,unknown,73.0,1,1,,False,25.0,pooled_conservative_fallback,5.0,offline_replicate_noise_v1,ROUND_005
legacy_lit_357,legacy_literature,viability_percent,unknown,74.9,1,1,,False,25.0,pooled_conservative_fallback,5.0,offline_replicate_noise_v1,ROUND_005
legacy_lit_358,legacy_literature,viability_percent,unknown,42.4,1,1,,False,25.0,pooled_conservative_fallback,5.0,offline_replicate_noise_v1,ROUND_005
legacy_lit_359,legacy_literature,viability_percent,unknown,47.6,1,1,,False,25.0,pooled_conservative_fallback,5.0,offline_replicate_noise_v1,ROUND_005
legacy_lit_36,legacy_literature,viability_percent,unknown,70.0,1,1,,False,25.0,pooled_conservative_fallback,5.0,offline_replicate_noise_v1,ROUND_005
legacy_lit_360,legacy_literature,viability_percent,unknown,52.1,1,1,,False,25.0,pooled_conservative_fallback,5.0,offline_replicate_noise_v1,ROUND_005
legacy_lit_361,legacy_literature,viability_percent,unknown,50.3,1,1,,False,25.0,pooled_conservative_fallback,5.0,offline_replicate_noise_v1,ROUND_005
legacy_lit_362,legacy_literature,viability_percent,unknown,55.3,1,1,,False,25.0,pooled_conservative_fallback,5.0,offline_replicate_noise_v1,ROUND_005
legacy_lit_363,legacy_literature,viability_percent,unknown,69.0,1,1,,False,25.0,pooled_conservative_fallback,5.0,offline_replicate_noise_v1,ROUND_005
legacy_lit_368,legacy_literature,viability_percent,unknown,88.0,1,1,,False,25.0,pooled_conservative_fallback,5.0,offline_replicate_noise_v1,ROUND_005
legacy_lit_369,legacy_literature,viability_percent,unknown,92.7,1,1,,False,25.0,pooled_conservative_fallback,5.0,offline_replicate_noise_v1,ROUND_005
legacy_lit_37,legacy_literature,viability_percent,unknown,100.0,1,1,,False,25.0,pooled_conservative_fallback,5.0,offline_replicate_noise_v1,ROUND_005
legacy_lit_370,legacy_literature,viability_percent,unknown,90.0,1,1,,False,25.0,pooled_conservative_fallback,5.0,offline_replicate_noise_v1,ROUND_005
legacy_lit_372,legacy_literature,viability_percent,unknown,22.5,1,1,,False,25.0,pooled_conservative_fallback,5.0,offline_replicate_noise_v1,ROUND_005
legacy_lit_373,legacy_literature,viability_percent,unknown,72.5,1,1,,False,25.0,pooled_conservative_fallback,5.0,offline_replicate_noise_v1,ROUND_005
legacy_lit_374,legacy_literature,viability_percent,unknown,73.95,1,1,,False,25.0,pooled_conservative_fallback,5.0,offline_replicate_noise_v1,ROUND_005
legacy_lit_375,legacy_literature,viability_percent,unknown,81.3,1,1,,False,25.0,pooled_conservative_fallback,5.0,offline_replicate_noise_v1,ROUND_005
legacy_lit_376,legacy_literature,viability_percent,unknown,86.05,1,1,,False,25.0,pooled_conservative_fallback,5.0,offline_replicate_noise_v1,ROUND_005
legacy_lit_38,legacy_literature,viability_percent,unknown,100.0,1,1,,False,25.0,pooled_conservative_fallback,5.0,offline_replicate_noise_v1,ROUND_005
legacy_lit_383,legacy_literature,viability_percent,unknown,5.0,1,1,,False,25.0,pooled_conservative_fallback,5.0,offline_replicate_noise_v1,ROUND_005
legacy_lit_386,legacy_literature,viability_percent,unknown,77.0,1,1,,False,25.0,pooled_conservative_fallback,5.0,offline_replicate_noise_v1,ROUND_005
legacy_lit_39,legacy_literature,viability_percent,unknown,80.0,1,1,,False,25.0,pooled_conservative_fallback,5.0,offline_replicate_noise_v1,ROUND_005
legacy_lit_4,legacy_literature,viability_percent,unknown,81.43333333333332,1,1,,False,25.0,pooled_conservative_fallback,5.0,offline_replicate_noise_v1,ROUND_005
legacy_lit_41,legacy_literature,viability_percent,unknown,51.5,1,1,,False,25.0,pooled_conservative_fallback,5.0,offline_replicate_noise_v1,ROUND_005
legacy_lit_43,legacy_literature,viability_percent,unknown,85.07,1,1,,False,25.0,pooled_conservative_fallback,5.0,offline_replicate_noise_v1,ROUND_005
legacy_lit_44,legacy_literature,viability_percent,unknown,22.0,1,1,,False,25.0,pooled_conservative_fallback,5.0,offline_replicate_noise_v1,ROUND_005
legacy_lit_45,legacy_literature,viability_percent,unknown,28.0,1,1,,False,25.0,pooled_conservative_fallback,5.0,offline_replicate_noise_v1,ROUND_005
legacy_lit_46,legacy_literature,viability_percent,unknown,65.0,1,1,,False,25.0,pooled_conservative_fallback,5.0,offline_replicate_noise_v1,ROUND_005
legacy_lit_47,legacy_literature,viability_percent,unknown,68.0,1,1,,False,25.0,pooled_conservative_fallback,5.0,offline_replicate_noise_v1,ROUND_005
legacy_lit_48,legacy_literature,viability_percent,unknown,85.65,1,1,,False,25.0,pooled_conservative_fallback,5.0,offline_replicate_noise_v1,ROUND_005
legacy_lit_49,legacy_literature,viability_percent,unknown,88.5,1,1,,False,25.0,pooled_conservative_fallback,5.0,offline_replicate_noise_v1,ROUND_005
legacy_lit_5,legacy_literature,viability_percent,unknown,84.5,1,1,,False,25.0,pooled_conservative_fallback,5.0,offline_replicate_noise_v1,ROUND_005
legacy_lit_50,legacy_literature,viability_percent,unknown,70.6,1,1,,False,25.0,pooled_conservative_fallback,5.0,offline_replicate_noise_v1,ROUND_005
legacy_lit_51,legacy_literature,viability_percent,unknown,64.1,1,1,,False,25.0,pooled_conservative_fallback,5.0,offline_replicate_noise_v1,ROUND_005
legacy_lit_52,legacy_literature,viability_percent,unknown,47.0,1,1,,False,25.0,pooled_conservative_fallback,5.0,offline_replicate_noise_v1,ROUND_005
legacy_lit_53,legacy_literature,viability_percent,unknown,56.0,1,1,,False,25.0,pooled_conservative_fallback,5.0,offline_replicate_noise_v1,ROUND_005
legacy_lit_54,legacy_literature,viability_percent,unknown,65.0,1,1,,False,25.0,pooled_conservative_fallback,5.0,offline_replicate_noise_v1,ROUND_005
legacy_lit_55,legacy_literature,viability_percent,unknown,58.0,1,1,,False,25.0,pooled_conservative_fallback,5.0,offline_replicate_noise_v1,ROUND_005
legacy_lit_56,legacy_literature,viability_percent,unknown,63.333333333333336,1,1,,False,25.0,pooled_conservative_fallback,5.0,offline_replicate_noise_v1,ROUND_005
legacy_lit_57,legacy_literature,viability_percent,unknown,57.666666666666664,1,1,,False,25.0,pooled_conservative_fallback,5.0,offline_replicate_noise_v1,ROUND_005
legacy_lit_58,legacy_literature,viability_percent,unknown,50.0,1,1,,False,25.0,pooled_conservative_fallback,5.0,offline_replicate_noise_v1,ROUND_005
legacy_lit_59,legacy_literature,viability_percent,unknown,77.0,1,1,,False,25.0,pooled_conservative_fallback,5.0,offline_replicate_noise_v1,ROUND_005
legacy_lit_6,legacy_literature,viability_percent,unknown,83.0,1,1,,False,25.0,pooled_conservative_fallback,5.0,offline_replicate_noise_v1,ROUND_005
legacy_lit_63,legacy_literature,viability_percent,unknown,80.0,1,1,,False,25.0,pooled_conservative_fallback,5.0,offline_replicate_noise_v1,ROUND_005
legacy_lit_65,legacy_literature,viability_percent,unknown,81.33333333333333,1,1,,False,25.0,pooled_conservative_fallback,5.0,offline_replicate_noise_v1,ROUND_005
legacy_lit_67,legacy_literature,viability_percent,unknown,56.0,1,1,,False,25.0,pooled_conservative_fallback,5.0,offline_replicate_noise_v1,ROUND_005
legacy_lit_68,legacy_literature,viability_percent,unknown,74.0,1,1,,False,25.0,pooled_conservative_fallback,5.0,offline_replicate_noise_v1,ROUND_005
legacy_lit_69,legacy_literature,viability_percent,unknown,92.0,1,1,,False,25.0,pooled_conservative_fallback,5.0,offline_replicate_noise_v1,ROUND_005
legacy_lit_7,legacy_literature,viability_percent,unknown,82.14,1,1,,False,25.0,pooled_conservative_fallback,5.0,offline_replicate_noise_v1,ROUND_005
legacy_lit_70,legacy_literature,viability_percent,unknown,47.0,1,1,,False,25.0,pooled_conservative_fallback,5.0,offline_replicate_noise_v1,ROUND_005
legacy_lit_71,legacy_literature,viability_percent,unknown,76.0,1,1,,False,25.0,pooled_conservative_fallback,5.0,offline_replicate_noise_v1,ROUND_005
legacy_lit_74,legacy_literature,viability_percent,unknown,78.0,1,1,,False,25.0,pooled_conservative_fallback,5.0,offline_replicate_noise_v1,ROUND_005
legacy_lit_75,legacy_literature,viability_percent,unknown,83.0,1,1,,False,25.0,pooled_conservative_fallback,5.0,offline_replicate_noise_v1,ROUND_005
legacy_lit_76,legacy_literature,viability_percent,unknown,21.0,1,1,,False,25.0,pooled_conservative_fallback,5.0,offline_replicate_noise_v1,ROUND_005
legacy_lit_77,legacy_literature,viability_percent,unknown,28.0,1,1,,False,25.0,pooled_conservative_fallback,5.0,offline_replicate_noise_v1,ROUND_005
legacy_lit_78,legacy_literature,viability_percent,unknown,36.0,1,1,,False,25.0,pooled_conservative_fallback,5.0,offline_replicate_noise_v1,ROUND_005
legacy_lit_79,legacy_literature,viability_percent,unknown,38.0,1,1,,False,25.0,pooled_conservative_fallback,5.0,offline_replicate_noise_v1,ROUND_005
legacy_lit_8,legacy_literature,viability_percent,unknown,69.625,1,1,,False,25.0,pooled_conservative_fallback,5.0,offline_replicate_noise_v1,ROUND_005
legacy_lit_84,legacy_literature,viability_percent,unknown,82.5,1,1,,False,25.0,pooled_conservative_fallback,5.0,offline_replicate_noise_v1,ROUND_005
legacy_lit_85,legacy_literature,viability_percent,unknown,82.6,1,1,,False,25.0,pooled_conservative_fallback,5.0,offline_replicate_noise_v1,ROUND_005
legacy_lit_86,legacy_literature,viability_percent,unknown,5.7,1,1,,False,25.0,pooled_conservative_fallback,5.0,offline_replicate_noise_v1,ROUND_005
legacy_lit_87,legacy_literature,viability_percent,unknown,49.3,1,1,,False,25.0,pooled_conservative_fallback,5.0,offline_replicate_noise_v1,ROUND_005
legacy_lit_88,legacy_literature,viability_percent,unknown,69.7,1,1,,False,25.0,pooled_conservative_fallback,5.0,offline_replicate_noise_v1,ROUND_005
legacy_lit_89,legacy_literature,viability_percent,unknown,55.5,1,1,,False,25.0,pooled_conservative_fallback,5.0,offline_replicate_noise_v1,ROUND_005
legacy_lit_9,legacy_literature,viability_percent,unknown,65.48,1,1,,False,25.0,pooled_conservative_fallback,5.0,offline_replicate_noise_v1,ROUND_005
legacy_lit_90,legacy_literature,viability_percent,unknown,4.6,1,1,,False,25.0,pooled_conservative_fallback,5.0,offline_replicate_noise_v1,ROUND_005
legacy_lit_91,legacy_literature,viability_percent,unknown,53.2,1,1,,False,25.0,pooled_conservative_fallback,5.0,offline_replicate_noise_v1,ROUND_005
legacy_lit_92,legacy_literature,viability_percent,unknown,72.1,1,1,,False,25.0,pooled_conservative_fallback,5.0,offline_replicate_noise_v1,ROUND_005
legacy_lit_93,legacy_literature,viability_percent,unknown,61.8,1,1,,False,25.0,pooled_conservative_fallback,5.0,offline_replicate_noise_v1,ROUND_005
legacy_lit_94,legacy_literature,viability_percent,unknown,55.4,1,1,,False,25.0,pooled_conservative_fallback,5.0,offline_replicate_noise_v1,ROUND_005
legacy_lit_95,legacy_literature,viability_percent,unknown,69.2,1,1,,False,25.0,pooled_conservative_fallback,5.0,offline_replicate_noise_v1,ROUND_005
legacy_lit_96,legacy_literature,viability_percent,unknown,64.3,1,1,,False,25.0,pooled_conservative_fallback,5.0,offline_replicate_noise_v1,ROUND_005
legacy_lit_97,legacy_literature,viability_percent,unknown,70.5,1,1,,False,25.0,pooled_conservative_fallback,5.0,offline_replicate_noise_v1,ROUND_005
legacy_lit_98,legacy_literature,viability_percent,unknown,72.5,1,1,,False,25.0,pooled_conservative_fallback,5.0,offline_replicate_noise_v1,ROUND_005
legacy_lit_99,legacy_literature,viability_percent,unknown,65.0,1,1,,False,25.0,pooled_conservative_fallback,5.0,offline_replicate_noise_v1,ROUND_005
legacy_wetlab_EXP101,legacy_wetlab,viability_percent,unknown,21.01,1,1,,False,25.0,pooled_conservative_fallback,5.0,offline_replicate_noise_v1,ROUND_005
legacy_wetlab_EXP102,legacy_wetlab,viability_percent,unknown,38.14,1,1,,False,25.0,pooled_conservative_fallback,5.0,offline_replicate_noise_v1,ROUND_005
legacy_wetlab_EXP103,legacy_wetlab,viability_percent,unknown,7.44,1,1,,False,25.0,pooled_conservative_fallback,5.0,offline_replicate_noise_v1,ROUND_005
legacy_wetlab_EXP104,legacy_wetlab,viability_percent,unknown,29.7,1,1,,False,25.0,pooled_conservative_fallback,5.0,offline_replicate_noise_v1,ROUND_005
legacy_wetlab_EXP105,legacy_wetlab,viability_percent,unknown,18.31,1,1,,False,25.0,pooled_conservative_fallback,5.0,offline_replicate_noise_v1,ROUND_005
legacy_wetlab_EXP106,legacy_wetlab,viability_percent,unknown,8.39,1,1,,False,25.0,pooled_conservative_fallback,5.0,offline_replicate_noise_v1,ROUND_005
legacy_wetlab_EXP1101,legacy_wetlab,viability_percent,unknown,15.27,1,1,,False,25.0,pooled_conservative_fallback,5.0,offline_replicate_noise_v1,ROUND_005
legacy_wetlab_EXP1102,legacy_wetlab,viability_percent,unknown,6.9,1,1,,False,25.0,pooled_conservative_fallback,5.0,offline_replicate_noise_v1,ROUND_005
legacy_wetlab_EXP1103,legacy_wetlab,viability_percent,unknown,26.68,1,1,,False,25.0,pooled_conservative_fallback,5.0,offline_replicate_noise_v1,ROUND_005
legacy_wetlab_EXP1104,legacy_wetlab,viability_percent,unknown,36.3,1,1,,False,25.0,pooled_conservative_fallback,5.0,offline_replicate_noise_v1,ROUND_005
legacy_wetlab_EXP1105,legacy_wetlab,viability_percent,unknown,79.09,1,1,,False,25.0,pooled_conservative_fallback,5.0,offline_replicate_noise_v1,ROUND_005
legacy_wetlab_EXP1106,legacy_wetlab,viability_percent,unknown,48.85,1,1,,False,25.0,pooled_conservative_fallback,5.0,offline_replicate_noise_v1,ROUND_005
legacy_wetlab_EXP1201,legacy_wetlab,viability_percent,unknown,31.9,1,1,,False,25.0,pooled_conservative_fallback,5.0,offline_replicate_noise_v1,ROUND_005
legacy_wetlab_EXP1202,legacy_wetlab,viability_percent,unknown,28.41,1,1,,False,25.0,pooled_conservative_fallback,5.0,offline_replicate_noise_v1,ROUND_005
legacy_wetlab_EXP1203,legacy_wetlab,viability_percent,unknown,20.26,1,1,,False,25.0,pooled_conservative_fallback,5.0,offline_replicate_noise_v1,ROUND_005
legacy_wetlab_EXP1205,legacy_wetlab,viability_percent,unknown,31.19,1,1,,False,25.0,pooled_conservative_fallback,5.0,offline_replicate_noise_v1,ROUND_005
legacy_wetlab_EXP1206,legacy_wetlab,viability_percent,unknown,36.12,1,1,,False,25.0,pooled_conservative_fallback,5.0,offline_replicate_noise_v1,ROUND_005
legacy_wetlab_EXP201,legacy_wetlab,viability_percent,unknown,9.78,1,1,,False,25.0,pooled_conservative_fallback,5.0,offline_replicate_noise_v1,ROUND_005
legacy_wetlab_EXP202,legacy_wetlab,viability_percent,unknown,32.42,1,1,,False,25.0,pooled_conservative_fallback,5.0,offline_replicate_noise_v1,ROUND_005
legacy_wetlab_EXP203,legacy_wetlab,viability_percent,unknown,52.32,1,1,,False,25.0,pooled_conservative_fallback,5.0,offline_replicate_noise_v1,ROUND_005
legacy_wetlab_EXP204,legacy_wetlab,viability_percent,unknown,50.29,1,1,,False,25.0,pooled_conservative_fallback,5.0,offline_replicate_noise_v1,ROUND_005
legacy_wetlab_EXP205,legacy_wetlab,viability_percent,unknown,63.31,1,1,,False,25.0,pooled_conservative_fallback,5.0,offline_replicate_noise_v1,ROUND_005
legacy_wetlab_EXP206,legacy_wetlab,viability_percent,unknown,58.73,1,1,,False,25.0,pooled_conservative_fallback,5.0,offline_replicate_noise_v1,ROUND_005
legacy_wetlab_EXP2101,legacy_wetlab,viability_percent,unknown,28.99,1,1,,False,25.0,pooled_conservative_fallback,5.0,offline_replicate_noise_v1,ROUND_005
legacy_wetlab_EXP2102,legacy_wetlab,viability_percent,unknown,28.14,1,1,,False,25.0,pooled_conservative_fallback,5.0,offline_replicate_noise_v1,ROUND_005
legacy_wetlab_EXP2103,legacy_wetlab,viability_percent,unknown,51.61,1,1,,False,25.0,pooled_conservative_fallback,5.0,offline_replicate_noise_v1,ROUND_005
legacy_wetlab_EXP2104,legacy_wetlab,viability_percent,unknown,53.4,1,1,,False,25.0,pooled_conservative_fallback,5.0,offline_replicate_noise_v1,ROUND_005
legacy_wetlab_EXP2105,legacy_wetlab,viability_percent,unknown,8.66,1,1,,False,25.0,pooled_conservative_fallback,5.0,offline_replicate_noise_v1,ROUND_005
legacy_wetlab_EXP2106,legacy_wetlab,viability_percent,unknown,34.8,1,1,,False,25.0,pooled_conservative_fallback,5.0,offline_replicate_noise_v1,ROUND_005
legacy_wetlab_EXP301,legacy_wetlab,viability_percent,unknown,28.19,1,1,,False,25.0,pooled_conservative_fallback,5.0,offline_replicate_noise_v1,ROUND_005
legacy_wetlab_EXP302,legacy_wetlab,viability_percent,unknown,56.18,1,1,,False,25.0,pooled_conservative_fallback,5.0,offline_replicate_noise_v1,ROUND_005
legacy_wetlab_EXP303,legacy_wetlab,viability_percent,unknown,6.5,1,1,,False,25.0,pooled_conservative_fallback,5.0,offline_replicate_noise_v1,ROUND_005
legacy_wetlab_EXP304,legacy_wetlab,viability_percent,unknown,53.19,1,1,,False,25.0,pooled_conservative_fallback,5.0,offline_replicate_noise_v1,ROUND_005
legacy_wetlab_EXP305,legacy_wetlab,viability_percent,unknown,72.93,1,1,,False,25.0,pooled_conservative_fallback,5.0,offline_replicate_noise_v1,ROUND_005
legacy_wetlab_EXP306,legacy_wetlab,viability_percent,unknown,69.78,1,1,,False,25.0,pooled_conservative_fallback,5.0,offline_replicate_noise_v1,ROUND_005
legacy_wetlab_EXP3101,legacy_wetlab,viability_percent,unknown,63.61,1,1,,False,25.0,pooled_conservative_fallback,5.0,offline_replicate_noise_v1,ROUND_005
legacy_wetlab_EXP3102,legacy_wetlab,viability_percent,unknown,51.94,1,1,,False,25.0,pooled_conservative_fallback,5.0,offline_replicate_noise_v1,ROUND_005
legacy_wetlab_EXP3103,legacy_wetlab,viability_percent,unknown,32.75,1,1,,False,25.0,pooled_conservative_fallback,5.0,offline_replicate_noise_v1,ROUND_005
legacy_wetlab_EXP3104,legacy_wetlab,viability_percent,unknown,49.99,1,1,,False,25.0,pooled_conservative_fallback,5.0,offline_replicate_noise_v1,ROUND_005
legacy_wetlab_EXP3105,legacy_wetlab,viability_percent,unknown,41.32,1,1,,False,25.0,pooled_conservative_fallback,5.0,offline_replicate_noise_v1,ROUND_005
legacy_wetlab_EXP3106,legacy_wetlab,viability_percent,unknown,42.1,1,1,,False,25.0,pooled_conservative_fallback,5.0,offline_replicate_noise_v1,ROUND_005
legacy_wetlab_EXP3107,legacy_wetlab,viability_percent,unknown,63.25,1,1,,False,25.0,pooled_conservative_fallback,5.0,offline_replicate_noise_v1,ROUND_005
legacy_wetlab_EXP3108,legacy_wetlab,viability_percent,unknown,35.08,1,1,,False,25.0,pooled_conservative_fallback,5.0,offline_replicate_noise_v1,ROUND_005
legacy_wetlab_EXP4101,legacy_wetlab,viability_percent,unknown,62.32,1,1,,False,25.0,pooled_conservative_fallback,5.0,offline_replicate_noise_v1,ROUND_005
legacy_wetlab_EXP4102,legacy_wetlab,viability_percent,unknown,59.76,1,1,,False,25.0,pooled_conservative_fallback,5.0,offline_replicate_noise_v1,ROUND_005
legacy_wetlab_EXP4103,legacy_wetlab,viability_percent,unknown,73.15,1,1,,False,25.0,pooled_conservative_fallback,5.0,offline_replicate_noise_v1,ROUND_005
legacy_wetlab_EXP4104,legacy_wetlab,viability_percent,unknown,76.91,1,1,,False,25.0,pooled_conservative_fallback,5.0,offline_replicate_noise_v1,ROUND_005
legacy_wetlab_EXP4105,legacy_wetlab,viability_percent,unknown,78.31,1,1,,False,25.0,pooled_conservative_fallback,5.0,offline_replicate_noise_v1,ROUND_005
legacy_wetlab_EXP4106,legacy_wetlab,viability_percent,unknown,71.59,1,1,,False,25.0,pooled_conservative_fallback,5.0,offline_replicate_noise_v1,ROUND_005
legacy_wetlab_EXP5101,legacy_wetlab,viability_percent,unknown,49.0,1,1,,False,25.0,pooled_conservative_fallback,5.0,offline_replicate_noise_v1,ROUND_005
legacy_wetlab_EXP5102,legacy_wetlab,viability_percent,unknown,70.04,1,1,,False,25.0,pooled_conservative_fallback,5.0,offline_replicate_noise_v1,ROUND_005
legacy_wetlab_EXP5103,legacy_wetlab,viability_percent,unknown,72.48,1,1,,False,25.0,pooled_conservative_fallback,5.0,offline_replicate_noise_v1,ROUND_005
legacy_wetlab_EXP5104,legacy_wetlab,viability_percent,unknown,92.63,1,1,,False,25.0,pooled_conservative_fallback,5.0,offline_replicate_noise_v1,ROUND_005
legacy_wetlab_EXP5105,legacy_wetlab,viability_percent,unknown,91.2,1,1,,False,25.0,pooled_conservative_fallback,5.0,offline_replicate_noise_v1,ROUND_005
legacy_wetlab_EXP5106,legacy_wetlab,viability_percent,unknown,91.4,1,1,,False,25.0,pooled_conservative_fallback,5.0,offline_replicate_noise_v1,ROUND_005
legacy_wetlab_EXP5107,legacy_wetlab,viability_percent,unknown,75.16,1,1,,False,25.0,pooled_conservative_fallback,5.0,offline_replicate_noise_v1,ROUND_005
legacy_wetlab_EXP5108,legacy_wetlab,viability_percent,unknown,59.17,1,1,,False,25.0,pooled_conservative_fallback,5.0,offline_replicate_noise_v1,ROUND_005
legacy_wetlab_EXP5109,legacy_wetlab,viability_percent,unknown,94.32,1,1,,False,25.0,pooled_conservative_fallback,5.0,offline_replicate_noise_v1,ROUND_005
legacy_wetlab_EXP5110,legacy_wetlab,viability_percent,unknown,95.15,1,1,,False,25.0,pooled_conservative_fallback,5.0,offline_replicate_noise_v1,ROUND_005
legacy_wetlab_EXP5111,legacy_wetlab,viability_percent,unknown,88.78,1,1,,False,25.0,pooled_conservative_fallback,5.0,offline_replicate_noise_v1,ROUND_005
legacy_wetlab_EXP5112,legacy_wetlab,viability_percent,unknown,87.85,1,1,,False,25.0,pooled_conservative_fallback,5.0,offline_replicate_noise_v1,ROUND_005
legacy_wetlab_EXP5201,legacy_wetlab,viability_percent,unknown,27.08,1,1,,False,25.0,pooled_conservative_fallback,5.0,offline_replicate_noise_v1,ROUND_005
legacy_wetlab_EXP5202,legacy_wetlab,viability_percent,unknown,29.46,1,1,,False,25.0,pooled_conservative_fallback,5.0,offline_replicate_noise_v1,ROUND_005
legacy_wetlab_EXP5203,legacy_wetlab,viability_percent,unknown,59.95,1,1,,False,25.0,pooled_conservative_fallback,5.0,offline_replicate_noise_v1,ROUND_005
legacy_wetlab_EXP5204,legacy_wetlab,viability_percent,unknown,71.75,1,1,,False,25.0,pooled_conservative_fallback,5.0,offline_replicate_noise_v1,ROUND_005
legacy_wetlab_EXP5205,legacy_wetlab,viability_percent,unknown,6.86,1,1,,False,25.0,pooled_conservative_fallback,5.0,offline_replicate_noise_v1,ROUND_005
legacy_wetlab_EXP5206,legacy_wetlab,viability_percent,unknown,13.35,1,1,,False,25.0,pooled_conservative_fallback,5.0,offline_replicate_noise_v1,ROUND_005
legacy_wetlab_EXP5207,legacy_wetlab,viability_percent,unknown,48.34,1,1,,False,25.0,pooled_conservative_fallback,5.0,offline_replicate_noise_v1,ROUND_005
legacy_wetlab_EXP5208,legacy_wetlab,viability_percent,unknown,12.02,1,1,,False,25.0,pooled_conservative_fallback,5.0,offline_replicate_noise_v1,ROUND_005
legacy_wetlab_EXP5209,legacy_wetlab,viability_percent,unknown,60.43,1,1,,False,25.0,pooled_conservative_fallback,5.0,offline_replicate_noise_v1,ROUND_005
legacy_wetlab_EXP5210,legacy_wetlab,viability_percent,unknown,20.96,1,1,,False,25.0,pooled_conservative_fallback,5.0,offline_replicate_noise_v1,ROUND_005
legacy_wetlab_EXP5211,legacy_wetlab,viability_percent,unknown,7.39,1,1,,False,25.0,pooled_conservative_fallback,5.0,offline_replicate_noise_v1,ROUND_005
legacy_wetlab_EXP6101,legacy_wetlab,viability_percent,unknown,74.16,1,1,,False,25.0,pooled_conservative_fallback,5.0,offline_replicate_noise_v1,ROUND_005
legacy_wetlab_EXP6102,legacy_wetlab,viability_percent,unknown,73.88,1,1,,False,25.0,pooled_conservative_fallback,5.0,offline_replicate_noise_v1,ROUND_005
legacy_wetlab_EXP6103,legacy_wetlab,viability_percent,unknown,71.12,1,1,,False,25.0,pooled_conservative_fallback,5.0,offline_replicate_noise_v1,ROUND_005
legacy_wetlab_EXP6104,legacy_wetlab,viability_percent,unknown,65.5,1,1,,False,25.0,pooled_conservative_fallback,5.0,offline_replicate_noise_v1,ROUND_005
legacy_wetlab_EXP6105,legacy_wetlab,viability_percent,unknown,53.08,1,1,,False,25.0,pooled_conservative_fallback,5.0,offline_replicate_noise_v1,ROUND_005
legacy_wetlab_EXP6106,legacy_wetlab,viability_percent,unknown,71.41,1,1,,False,25.0,pooled_conservative_fallback,5.0,offline_replicate_noise_v1,ROUND_005
legacy_wetlab_EXP7101,legacy_wetlab,viability_percent,unknown,72.98,1,1,,False,25.0,pooled_conservative_fallback,5.0,offline_replicate_noise_v1,ROUND_005
legacy_wetlab_EXP7102,legacy_wetlab,viability_percent,unknown,79.04,1,1,,False,25.0,pooled_conservative_fallback,5.0,offline_replicate_noise_v1,ROUND_005
legacy_wetlab_EXP7103,legacy_wetlab,viability_percent,unknown,76.36,1,1,,False,25.0,pooled_conservative_fallback,5.0,offline_replicate_noise_v1,ROUND_005
legacy_wetlab_EXP7104,legacy_wetlab,viability_percent,unknown,75.91,1,1,,False,25.0,pooled_conservative_fallback,5.0,offline_replicate_noise_v1,ROUND_005
legacy_wetlab_EXP7105,legacy_wetlab,viability_percent,unknown,73.57,1,1,,False,25.0,pooled_conservative_fallback,5.0,offline_replicate_noise_v1,ROUND_005
legacy_wetlab_EXP7106,legacy_wetlab,viability_percent,unknown,74.55,1,1,,False,25.0,pooled_conservative_fallback,5.0,offline_replicate_noise_v1,ROUND_005
legacy_wetlab_EXP7107,legacy_wetlab,viability_percent,unknown,70.97,1,1,,False,25.0,pooled_conservative_fallback,5.0,offline_replicate_noise_v1,ROUND_005
legacy_wetlab_EXP7108,legacy_wetlab,viability_percent,unknown,70.64,1,1,,False,25.0,pooled_conservative_fallback,5.0,offline_replicate_noise_v1,ROUND_005
legacy_wetlab_EXP7109,legacy_wetlab,viability_percent,unknown,11.49,1,1,,False,25.0,pooled_conservative_fallback,5.0,offline_replicate_noise_v1,ROUND_005
legacy_wetlab_EXP7110,legacy_wetlab,viability_percent,unknown,50.31,1,1,,False,25.0,pooled_conservative_fallback,5.0,offline_replicate_noise_v1,ROUND_005
legacy_wetlab_EXP7111,legacy_wetlab,viability_percent,unknown,35.29,1,1,,False,25.0,pooled_conservative_fallback,5.0,offline_replicate_noise_v1,ROUND_005
legacy_wetlab_EXP7112,legacy_wetlab,viability_percent,unknown,41.07,1,1,,False,25.0,pooled_conservative_fallback,5.0,offline_replicate_noise_v1,ROUND_005
legacy_wetlab_EXP8101,legacy_wetlab,viability_percent,unknown,71.22,1,1,,False,25.0,pooled_conservative_fallback,5.0,offline_replicate_noise_v1,ROUND_005
legacy_wetlab_EXP8102,legacy_wetlab,viability_percent,unknown,71.7,1,1,,False,25.0,pooled_conservative_fallback,5.0,offline_replicate_noise_v1,ROUND_005
legacy_wetlab_EXP8103,legacy_wetlab,viability_percent,unknown,69.97,1,1,,False,25.0,pooled_conservative_fallback,5.0,offline_replicate_noise_v1,ROUND_005
legacy_wetlab_EXP8104,legacy_wetlab,viability_percent,unknown,58.76,1,1,,False,25.0,pooled_conservative_fallback,5.0,offline_replicate_noise_v1,ROUND_005
legacy_wetlab_EXP8105,legacy_wetlab,viability_percent,unknown,64.69,1,1,,False,25.0,pooled_conservative_fallback,5.0,offline_replicate_noise_v1,ROUND_005
legacy_wetlab_EXP8106,legacy_wetlab,viability_percent,unknown,64.37,1,1,,False,25.0,pooled_conservative_fallback,5.0,offline_replicate_noise_v1,ROUND_005
legacy_wetlab_EXP8107,legacy_wetlab,viability_percent,unknown,54.64,1,1,,False,25.0,pooled_conservative_fallback,5.0,offline_replicate_noise_v1,ROUND_005
legacy_wetlab_EXP8108,legacy_wetlab,viability_percent,unknown,39.82,1,1,,False,25.0,pooled_conservative_fallback,5.0,offline_replicate_noise_v1,ROUND_005
legacy_wetlab_EXP9101,legacy_wetlab,viability_percent,unknown,75.43,1,1,,False,25.0,pooled_conservative_fallback,5.0,offline_replicate_noise_v1,ROUND_005
legacy_wetlab_EXP9102,legacy_wetlab,viability_percent,unknown,70.72,1,1,,False,25.0,pooled_conservative_fallback,5.0,offline_replicate_noise_v1,ROUND_005
legacy_wetlab_EXP9103,legacy_wetlab,viability_percent,unknown,71.75,1,1,,False,25.0,pooled_conservative_fallback,5.0,offline_replicate_noise_v1,ROUND_005
legacy_wetlab_EXP9104,legacy_wetlab,viability_percent,unknown,74.92,1,1,,False,25.0,pooled_conservative_fallback,5.0,offline_replicate_noise_v1,ROUND_005
legacy_wetlab_EXP9105,legacy_wetlab,viability_percent,unknown,75.16,1,1,,False,25.0,pooled_conservative_fallback,5.0,offline_replicate_noise_v1,ROUND_005
legacy_wetlab_EXP9106,legacy_wetlab,viability_percent,unknown,67.06,1,1,,False,25.0,pooled_conservative_fallback,5.0,offline_replicate_noise_v1,ROUND_005
legacy_wetlab_EXP9107,legacy_wetlab,viability_percent,unknown,61.47,1,1,,False,25.0,pooled_conservative_fallback,5.0,offline_replicate_noise_v1,ROUND_005
legacy_wetlab_EXP9108,legacy_wetlab,viability_percent,unknown,36.44,1,1,,False,25.0,pooled_conservative_fallback,5.0,offline_replicate_noise_v1,ROUND_005
v2_0a63a12b60f3,ROUND_003,viability_percent,unknown,38.0,2,1,,False,25.0,pooled_conservative_fallback,5.0,offline_replicate_noise_v1,ROUND_005
v2_0e9e2b605ce7,ROUND_004,viability_percent,unknown,50.515,4,1,,False,25.0,pooled_conservative_fallback,5.0,offline_replicate_noise_v1,ROUND_005
v2_19eed4dca0d3,ROUND_001,viability_percent,unknown,35.84,1,1,,False,25.0,pooled_conservative_fallback,5.0,offline_replicate_noise_v1,ROUND_005
v2_1d06992cb257,ROUND_004,viability_percent,unknown,35.825,4,1,,False,25.0,pooled_conservative_fallback,5.0,offline_replicate_noise_v1,ROUND_005
v2_1e09bd3298a1,ROUND_004,viability_percent,unknown,0.69,4,1,,False,25.0,pooled_conservative_fallback,5.0,offline_replicate_noise_v1,ROUND_005
v2_21a3a498433e,ROUND_001,viability_percent,unknown,36.22,1,1,,False,25.0,pooled_conservative_fallback,5.0,offline_replicate_noise_v1,ROUND_005
v2_237544a25f30,ROUND_001,viability_percent,unknown,69.21,1,1,,False,25.0,pooled_conservative_fallback,5.0,offline_replicate_noise_v1,ROUND_005
v2_27a2b16cc327,ROUND_003,viability_percent,unknown,53.0,2,1,,False,25.0,pooled_conservative_fallback,5.0,offline_replicate_noise_v1,ROUND_005
v2_2eead01c8392,ROUND_001,viability_percent,unknown,60.53,1,1,,False,25.0,pooled_conservative_fallback,5.0,offline_replicate_noise_v1,ROUND_005
v2_34d667ff4762,ROUND_002,viability_percent,unknown,63.879999999999995,4,1,,False,25.0,pooled_conservative_fallback,5.0,offline_replicate_noise_v1,ROUND_005
v2_384020959c42,ROUND_002,viability_percent,unknown,21.375,4,1,,False,25.0,pooled_conservative_fallback,5.0,offline_replicate_noise_v1,ROUND_005
v2_3db5f7aa7cdd,ROUND_003,viability_percent,unknown,38.0,2,1,,False,25.0,pooled_conservative_fallback,5.0,offline_replicate_noise_v1,ROUND_005
v2_3e8ef993abba,ROUND_002,viability_percent,unknown,65.5625,4,1,,False,25.0,pooled_conservative_fallback,5.0,offline_replicate_noise_v1,ROUND_005
v2_42188f45e98a,ROUND_002,viability_percent,unknown,38.805,4,1,,False,25.0,pooled_conservative_fallback,5.0,offline_replicate_noise_v1,ROUND_005
v2_430e18c49d10,ROUND_003,viability_percent,unknown,65.0,2,1,,False,25.0,pooled_conservative_fallback,5.0,offline_replicate_noise_v1,ROUND_005
v2_49123b81735d,ROUND_001,viability_percent,unknown,40.44,1,1,,False,25.0,pooled_conservative_fallback,5.0,offline_replicate_noise_v1,ROUND_005
v2_4a0cb1ead8d1,ROUND_001,viability_percent,unknown,60.33,1,1,,False,25.0,pooled_conservative_fallback,5.0,offline_replicate_noise_v1,ROUND_005
v2_4aeffae55153,ROUND_003,viability_percent,unknown,48.5,2,1,,False,25.0,pooled_conservative_fallback,5.0,offline_replicate_noise_v1,ROUND_005
v2_4da335e6bc9d,ROUND_004,viability_percent,unknown,10.1075,4,1,,False,25.0,pooled_conservative_fallback,5.0,offline_replicate_noise_v1,ROUND_005
v2_4f4525f1566d,ROUND_003,viability_percent,unknown,36.0,2,1,,False,25.0,pooled_conservative_fallback,5.0,offline_replicate_noise_v1,ROUND_005
v2_6005e837cd4b,ROUND_004,viability_percent,unknown,28.365000000000002,4,1,,False,25.0,pooled_conservative_fallback,5.0,offline_replicate_noise_v1,ROUND_005
v2_655729013931,ROUND_002,viability_percent,unknown,64.9,4,1,,False,25.0,pooled_conservative_fallback,5.0,offline_replicate_noise_v1,ROUND_005
v2_6886b09726ac,ROUND_004,viability_percent,unknown,30.2175,4,1,,False,25.0,pooled_conservative_fallback,5.0,offline_replicate_noise_v1,ROUND_005
v2_6b7389efb1b5,ROUND_001,viability_percent,unknown,35.92,1,1,,False,25.0,pooled_conservative_fallback,5.0,offline_replicate_noise_v1,ROUND_005
v2_6fb2fa9dc5d5,ROUND_004,viability_percent,unknown,58.35000000000001,4,1,,False,25.0,pooled_conservative_fallback,5.0,offline_replicate_noise_v1,ROUND_005
v2_75d69addc009,ROUND_002,viability_percent,unknown,29.2025,4,1,,False,25.0,pooled_conservative_fallback,5.0,offline_replicate_noise_v1,ROUND_005
v2_75d69addc009,ROUND_003,viability_percent,unknown,34.5,2,1,,False,25.0,pooled_conservative_fallback,5.0,offline_replicate_noise_v1,ROUND_005
v2_84c11063c325,ROUND_003,viability_percent,unknown,44.5,2,1,,False,25.0,pooled_conservative_fallback,5.0,offline_replicate_noise_v1,ROUND_005
v2_8a721b7d8f1c,ROUND_002,viability_percent,unknown,63.9975,4,1,,False,25.0,pooled_conservative_fallback,5.0,offline_replicate_noise_v1,ROUND_005
v2_8d9d8b0a7098,ROUND_004,viability_percent,unknown,50.6025,4,1,,False,25.0,pooled_conservative_fallback,5.0,offline_replicate_noise_v1,ROUND_005
v2_8f6028d7e59a,ROUND_003,viability_percent,unknown,41.0,2,1,,False,25.0,pooled_conservative_fallback,5.0,offline_replicate_noise_v1,ROUND_005
v2_98a8e114024b,ROUND_004,viability_percent,unknown,1.3325,4,1,,False,25.0,pooled_conservative_fallback,5.0,offline_replicate_noise_v1,ROUND_005
v2_a2b4c2d7b0b6,ROUND_001,viability_percent,unknown,24.39,1,1,,False,25.0,pooled_conservative_fallback,5.0,offline_replicate_noise_v1,ROUND_005
v2_a3cd6cc2afa7,ROUND_002,viability_percent,unknown,57.3875,4,1,,False,25.0,pooled_conservative_fallback,5.0,offline_replicate_noise_v1,ROUND_005
v2_a7291b600bea,ROUND_003,viability_percent,unknown,52.0,2,1,,False,25.0,pooled_conservative_fallback,5.0,offline_replicate_noise_v1,ROUND_005
v2_a803deb82ca6,ROUND_001,viability_percent,unknown,28.72,1,1,,False,25.0,pooled_conservative_fallback,5.0,offline_replicate_noise_v1,ROUND_005
v2_afa1348627bc,ROUND_003,viability_percent,unknown,38.5,2,1,,False,25.0,pooled_conservative_fallback,5.0,offline_replicate_noise_v1,ROUND_005
v2_b2c883db5caf,ROUND_002,viability_percent,unknown,43.185,4,1,,False,25.0,pooled_conservative_fallback,5.0,offline_replicate_noise_v1,ROUND_005
v2_b9ae21107fa4,ROUND_001,viability_percent,unknown,15.93,1,1,,False,25.0,pooled_conservative_fallback,5.0,offline_replicate_noise_v1,ROUND_005
v2_ced63818bdd1,ROUND_004,viability_percent,unknown,32.885,4,1,,False,25.0,pooled_conservative_fallback,5.0,offline_replicate_noise_v1,ROUND_005
v2_d93bf1a562c8,ROUND_003,viability_percent,unknown,29.0,2,1,,False,25.0,pooled_conservative_fallback,5.0,offline_replicate_noise_v1,ROUND_005
v2_da5df4899b60,ROUND_001,viability_percent,unknown,43.34,1,1,,False,25.0,pooled_conservative_fallback,5.0,offline_replicate_noise_v1,ROUND_005
v2_db8935ce2c34,ROUND_002,viability_percent,unknown,61.5875,4,1,,False,25.0,pooled_conservative_fallback,5.0,offline_replicate_noise_v1,ROUND_005
v2_e0e6b16a3f20,ROUND_001,viability_percent,unknown,26.53,1,1,,False,25.0,pooled_conservative_fallback,5.0,offline_replicate_noise_v1,ROUND_005
v2_e0e6b16a3f20,ROUND_002,viability_percent,unknown,30.4375,4,1,,False,25.0,pooled_conservative_fallback,5.0,offline_replicate_noise_v1,ROUND_005
v2_e5b28bf5a066,ROUND_004,viability_percent,unknown,40.4675,4,1,,False,25.0,pooled_conservative_fallback,5.0,offline_replicate_noise_v1,ROUND_005
v2_eb8bb8b8618f,ROUND_004,viability_percent,unknown,52.88250000000001,4,1,,False,25.0,pooled_conservative_fallback,5.0,offline_replicate_noise_v1,ROUND_005
v2_fc5b4c04eee9,ROUND_002,viability_percent,unknown,56.287499999999994,4,1,,False,25.0,pooled_conservative_fallback,5.0,offline_replicate_noise_v1,ROUND_005
legacy_lit_1,legacy_literature,viability_percent,unknown,96.0,1,1,,False,25.0,pooled_conservative_fallback,5.0,offline_replicate_noise_v1,ROUND_006
legacy_lit_10,legacy_literature,viability_percent,unknown,63.17777777777778,1,1,,False,25.0,pooled_conservative_fallback,5.0,offline_replicate_noise_v1,ROUND_006
legacy_lit_100,legacy_literature,viability_percent,unknown,75.0,1,1,,False,25.0,pooled_conservative_fallback,5.0,offline_replicate_noise_v1,ROUND_006
legacy_lit_101,legacy_literature,viability_percent,unknown,77.0,1,1,,False,25.0,pooled_conservative_fallback,5.0,offline_replicate_noise_v1,ROUND_006
legacy_lit_102,legacy_literature,viability_percent,unknown,43.0,1,1,,False,25.0,pooled_conservative_fallback,5.0,offline_replicate_noise_v1,ROUND_006
legacy_lit_103,legacy_literature,viability_percent,unknown,68.0,1,1,,False,25.0,pooled_conservative_fallback,5.0,offline_replicate_noise_v1,ROUND_006
legacy_lit_104,legacy_literature,viability_percent,unknown,67.0,1,1,,False,25.0,pooled_conservative_fallback,5.0,offline_replicate_noise_v1,ROUND_006
legacy_lit_109,legacy_literature,viability_percent,unknown,95.0,1,1,,False,25.0,pooled_conservative_fallback,5.0,offline_replicate_noise_v1,ROUND_006
legacy_lit_112,legacy_literature,viability_percent,unknown,31.883333333333336,1,1,,False,25.0,pooled_conservative_fallback,5.0,offline_replicate_noise_v1,ROUND_006
legacy_lit_114,legacy_literature,viability_percent,unknown,87.56,1,1,,False,25.0,pooled_conservative_fallback,5.0,offline_replicate_noise_v1,ROUND_006
legacy_lit_115,legacy_literature,viability_percent,unknown,86.0,1,1,,False,25.0,pooled_conservative_fallback,5.0,offline_replicate_noise_v1,ROUND_006
legacy_lit_116,legacy_literature,viability_percent,unknown,85.6,1,1,,False,25.0,pooled_conservative_fallback,5.0,offline_replicate_noise_v1,ROUND_006
legacy_lit_118,legacy_literature,viability_percent,unknown,46.8,1,1,,False,25.0,pooled_conservative_fallback,5.0,offline_replicate_noise_v1,ROUND_006
legacy_lit_119,legacy_literature,viability_percent,unknown,40.0,1,1,,False,25.0,pooled_conservative_fallback,5.0,offline_replicate_noise_v1,ROUND_006
legacy_lit_12,legacy_literature,viability_percent,unknown,95.2,1,1,,False,25.0,pooled_conservative_fallback,5.0,offline_replicate_noise_v1,ROUND_006
legacy_lit_120,legacy_literature,viability_percent,unknown,40.0,1,1,,False,25.0,pooled_conservative_fallback,5.0,offline_replicate_noise_v1,ROUND_006
legacy_lit_121,legacy_literature,viability_percent,unknown,79.8,1,1,,False,25.0,pooled_conservative_fallback,5.0,offline_replicate_noise_v1,ROUND_006
legacy_lit_126,legacy_literature,viability_percent,unknown,82.9,1,1,,False,25.0,pooled_conservative_fallback,5.0,offline_replicate_noise_v1,ROUND_006
legacy_lit_127,legacy_literature,viability_percent,unknown,70.0,1,1,,False,25.0,pooled_conservative_fallback,5.0,offline_replicate_noise_v1,ROUND_006
legacy_lit_128,legacy_literature,viability_percent,unknown,80.0,1,1,,False,25.0,pooled_conservative_fallback,5.0,offline_replicate_noise_v1,ROUND_006
legacy_lit_129,legacy_literature,viability_percent,unknown,56.0,1,1,,False,25.0,pooled_conservative_fallback,5.0,offline_replicate_noise_v1,ROUND_006
legacy_lit_13,legacy_literature,viability_percent,unknown,86.8,1,1,,False,25.0,pooled_conservative_fallback,5.0,offline_replicate_noise_v1,ROUND_006
legacy_lit_130,legacy_literature,viability_percent,unknown,65.0,1,1,,False,25.0,pooled_conservative_fallback,5.0,offline_replicate_noise_v1,ROUND_006
legacy_lit_131,legacy_literature,viability_percent,unknown,32.0,1,1,,False,25.0,pooled_conservative_fallback,5.0,offline_replicate_noise_v1,ROUND_006
legacy_lit_132,legacy_literature,viability_percent,unknown,38.0,1,1,,False,25.0,pooled_conservative_fallback,5.0,offline_replicate_noise_v1,ROUND_006
legacy_lit_133,legacy_literature,viability_percent,unknown,68.0,1,1,,False,25.0,pooled_conservative_fallback,5.0,offline_replicate_noise_v1,ROUND_006
legacy_lit_134,legacy_literature,viability_percent,unknown,73.0,1,1,,False,25.0,pooled_conservative_fallback,5.0,offline_replicate_noise_v1,ROUND_006
legacy_lit_135,legacy_literature,viability_percent,unknown,60.0,1,1,,False,25.0,pooled_conservative_fallback,5.0,offline_replicate_noise_v1,ROUND_006
legacy_lit_136,legacy_literature,viability_percent,unknown,40.0,1,1,,False,25.0,pooled_conservative_fallback,5.0,offline_replicate_noise_v1,ROUND_006
legacy_lit_137,legacy_literature,viability_percent,unknown,70.0,1,1,,False,25.0,pooled_conservative_fallback,5.0,offline_replicate_noise_v1,ROUND_006
legacy_lit_138,legacy_literature,viability_percent,unknown,0.0,1,1,,False,25.0,pooled_conservative_fallback,5.0,offline_replicate_noise_v1,ROUND_006
legacy_lit_15,legacy_literature,viability_percent,unknown,89.8,1,1,,False,25.0,pooled_conservative_fallback,5.0,offline_replicate_noise_v1,ROUND_006
legacy_lit_16,legacy_literature,viability_percent,unknown,95.7,1,1,,False,25.0,pooled_conservative_fallback,5.0,offline_replicate_noise_v1,ROUND_006
legacy_lit_18,legacy_literature,viability_percent,unknown,94.18,1,1,,False,25.0,pooled_conservative_fallback,5.0,offline_replicate_noise_v1,ROUND_006
legacy_lit_19,legacy_literature,viability_percent,unknown,92.35,1,1,,False,25.0,pooled_conservative_fallback,5.0,offline_replicate_noise_v1,ROUND_006
legacy_lit_194,legacy_literature,viability_percent,unknown,55.0,1,1,,False,25.0,pooled_conservative_fallback,5.0,offline_replicate_noise_v1,ROUND_006
legacy_lit_195,legacy_literature,viability_percent,unknown,58.0,1,1,,False,25.0,pooled_conservative_fallback,5.0,offline_replicate_noise_v1,ROUND_006
legacy_lit_196,legacy_literature,viability_percent,unknown,80.0,1,1,,False,25.0,pooled_conservative_fallback,5.0,offline_replicate_noise_v1,ROUND_006
legacy_lit_197,legacy_literature,viability_percent,unknown,83.0,1,1,,False,25.0,pooled_conservative_fallback,5.0,offline_replicate_noise_v1,ROUND_006
legacy_lit_198,legacy_literature,viability_percent,unknown,86.0,1,1,,False,25.0,pooled_conservative_fallback,5.0,offline_replicate_noise_v1,ROUND_006
legacy_lit_199,legacy_literature,viability_percent,unknown,80.0,1,1,,False,25.0,pooled_conservative_fallback,5.0,offline_replicate_noise_v1,ROUND_006
legacy_lit_2,legacy_literature,viability_percent,unknown,12.5,1,1,,False,25.0,pooled_conservative_fallback,5.0,offline_replicate_noise_v1,ROUND_006
legacy_lit_20,legacy_literature,viability_percent,unknown,89.43,1,1,,False,25.0,pooled_conservative_fallback,5.0,offline_replicate_noise_v1,ROUND_006
legacy_lit_200,legacy_literature,viability_percent,unknown,80.0,1,1,,False,25.0,pooled_conservative_fallback,5.0,offline_replicate_noise_v1,ROUND_006
legacy_lit_202,legacy_literature,viability_percent,unknown,65.0,1,1,,False,25.0,pooled_conservative_fallback,5.0,offline_replicate_noise_v1,ROUND_006
legacy_lit_203,legacy_literature,viability_percent,unknown,63.0,1,1,,False,25.0,pooled_conservative_fallback,5.0,offline_replicate_noise_v1,ROUND_006
legacy_lit_204,legacy_literature,viability_percent,unknown,67.0,1,1,,False,25.0,pooled_conservative_fallback,5.0,offline_replicate_noise_v1,ROUND_006
legacy_lit_205,legacy_literature,viability_percent,unknown,75.0,1,1,,False,25.0,pooled_conservative_fallback,5.0,offline_replicate_noise_v1,ROUND_006
legacy_lit_206,legacy_literature,viability_percent,unknown,70.0,1,1,,False,25.0,pooled_conservative_fallback,5.0,offline_replicate_noise_v1,ROUND_006
legacy_lit_207,legacy_literature,viability_percent,unknown,70.0,1,1,,False,25.0,pooled_conservative_fallback,5.0,offline_replicate_noise_v1,ROUND_006
legacy_lit_208,legacy_literature,viability_percent,unknown,78.0,1,1,,False,25.0,pooled_conservative_fallback,5.0,offline_replicate_noise_v1,ROUND_006
legacy_lit_209,legacy_literature,viability_percent,unknown,70.0,1,1,,False,25.0,pooled_conservative_fallback,5.0,offline_replicate_noise_v1,ROUND_006
legacy_lit_21,legacy_literature,viability_percent,unknown,68.0,1,1,,False,25.0,pooled_conservative_fallback,5.0,offline_replicate_noise_v1,ROUND_006
legacy_lit_212,legacy_literature,viability_percent,unknown,69.66666666666667,1,1,,False,25.0,pooled_conservative_fallback,5.0,offline_replicate_noise_v1,ROUND_006
legacy_lit_215,legacy_literature,viability_percent,unknown,78.33333333333333,1,1,,False,25.0,pooled_conservative_fallback,5.0,offline_replicate_noise_v1,ROUND_006
legacy_lit_218,legacy_literature,viability_percent,unknown,65.0,1,1,,False,25.0,pooled_conservative_fallback,5.0,offline_replicate_noise_v1,ROUND_006
legacy_lit_22,legacy_literature,viability_percent,unknown,82.25,1,1,,False,25.0,pooled_conservative_fallback,5.0,offline_replicate_noise_v1,ROUND_006
legacy_lit_221,legacy_literature,viability_percent,unknown,70.66666666666667,1,1,,False,25.0,pooled_conservative_fallback,5.0,offline_replicate_noise_v1,ROUND_006
legacy_lit_224,legacy_literature,viability_percent,unknown,91.0,1,1,,False,25.0,pooled_conservative_fallback,5.0,offline_replicate_noise_v1,ROUND_006
legacy_lit_225,legacy_literature,viability_percent,unknown,38.0,1,1,,False,25.0,pooled_conservative_fallback,5.0,offline_replicate_noise_v1,ROUND_006
legacy_lit_235,legacy_literature,viability_percent,unknown,80.0,1,1,,False,25.0,pooled_conservative_fallback,5.0,offline_replicate_noise_v1,ROUND_006
legacy_lit_236,legacy_literature,viability_percent,unknown,83.4,1,1,,False,25.0,pooled_conservative_fallback,5.0,offline_replicate_noise_v1,ROUND_006
legacy_lit_237,legacy_literature,viability_percent,unknown,93.4,1,1,,False,25.0,pooled_conservative_fallback,5.0,offline_replicate_noise_v1,ROUND_006
legacy_lit_251,legacy_literature,viability_percent,unknown,5.0,1,1,,False,25.0,pooled_conservative_fallback,5.0,offline_replicate_noise_v1,ROUND_006
legacy_lit_252,legacy_literature,viability_percent,unknown,17.0,1,1,,False,25.0,pooled_conservative_fallback,5.0,offline_replicate_noise_v1,ROUND_006
legacy_lit_253,legacy_literature,viability_percent,unknown,60.0,1,1,,False,25.0,pooled_conservative_fallback,5.0,offline_replicate_noise_v1,ROUND_006
legacy_lit_254,legacy_literature,viability_percent,unknown,80.0,1,1,,False,25.0,pooled_conservative_fallback,5.0,offline_replicate_noise_v1,ROUND_006
legacy_lit_255,legacy_literature,viability_percent,unknown,9.833333333333334,1,1,,False,25.0,pooled_conservative_fallback,5.0,offline_replicate_noise_v1,ROUND_006
legacy_lit_256,legacy_literature,viability_percent,unknown,30.666666666666668,1,1,,False,25.0,pooled_conservative_fallback,5.0,offline_replicate_noise_v1,ROUND_006
legacy_lit_257,legacy_literature,viability_percent,unknown,62.0,1,1,,False,25.0,pooled_conservative_fallback,5.0,offline_replicate_noise_v1,ROUND_006
legacy_lit_258,legacy_literature,viability_percent,unknown,78.0,1,1,,False,25.0,pooled_conservative_fallback,5.0,offline_replicate_noise_v1,ROUND_006
legacy_lit_259,legacy_literature,viability_percent,unknown,7.0,1,1,,False,25.0,pooled_conservative_fallback,5.0,offline_replicate_noise_v1,ROUND_006
legacy_lit_260,legacy_literature,viability_percent,unknown,19.0,1,1,,False,25.0,pooled_conservative_fallback,5.0,offline_replicate_noise_v1,ROUND_006
legacy_lit_261,legacy_literature,viability_percent,unknown,75.0,1,1,,False,25.0,pooled_conservative_fallback,5.0,offline_replicate_noise_v1,ROUND_006
legacy_lit_262,legacy_literature,viability_percent,unknown,80.0,1,1,,False,25.0,pooled_conservative_fallback,5.0,offline_replicate_noise_v1,ROUND_006
legacy_lit_27,legacy_literature,viability_percent,unknown,70.0,1,1,,False,25.0,pooled_conservative_fallback,5.0,offline_replicate_noise_v1,ROUND_006
legacy_lit_274,legacy_literature,viability_percent,unknown,18.0,1,1,,False,25.0,pooled_conservative_fallback,5.0,offline_replicate_noise_v1,ROUND_006
legacy_lit_275,legacy_literature,viability_percent,unknown,30.0,1,1,,False,25.0,pooled_conservative_fallback,5.0,offline_replicate_noise_v1,ROUND_006
legacy_lit_276,legacy_literature,viability_percent,unknown,78.0,1,1,,False,25.0,pooled_conservative_fallback,5.0,offline_replicate_noise_v1,ROUND_006
legacy_lit_277,legacy_literature,viability_percent,unknown,84.0,1,1,,False,25.0,pooled_conservative_fallback,5.0,offline_replicate_noise_v1,ROUND_006
legacy_lit_278,legacy_literature,viability_percent,unknown,40.0,1,1,,False,25.0,pooled_conservative_fallback,5.0,offline_replicate_noise_v1,ROUND_006
legacy_lit_281,legacy_literature,viability_percent,unknown,74.0,1,1,,False,25.0,pooled_conservative_fallback,5.0,offline_replicate_noise_v1,ROUND_006
legacy_lit_287,legacy_literature,viability_percent,unknown,60.0,1,1,,False,25.0,pooled_conservative_fallback,5.0,offline_replicate_noise_v1,ROUND_006
legacy_lit_288,legacy_literature,viability_percent,unknown,82.0,1,1,,False,25.0,pooled_conservative_fallback,5.0,offline_replicate_noise_v1,ROUND_006
legacy_lit_289,legacy_literature,viability_percent,unknown,94.0,1,1,,False,25.0,pooled_conservative_fallback,5.0,offline_replicate_noise_v1,ROUND_006
legacy_lit_29,legacy_literature,viability_percent,unknown,58.0,1,1,,False,25.0,pooled_conservative_fallback,5.0,offline_replicate_noise_v1,ROUND_006
legacy_lit_299,legacy_literature,viability_percent,unknown,62.666666666666664,1,1,,False,25.0,pooled_conservative_fallback,5.0,offline_replicate_noise_v1,ROUND_006
legacy_lit_3,legacy_literature,viability_percent,unknown,77.74,1,1,,False,25.0,pooled_conservative_fallback,5.0,offline_replicate_noise_v1,ROUND_006
legacy_lit_30,legacy_literature,viability_percent,unknown,10.0,1,1,,False,25.0,pooled_conservative_fallback,5.0,offline_replicate_noise_v1,ROUND_006
legacy_lit_306,legacy_literature,viability_percent,unknown,99.0,1,1,,False,25.0,pooled_conservative_fallback,5.0,offline_replicate_noise_v1,ROUND_006
legacy_lit_308,legacy_literature,viability_percent,unknown,83.0,1,1,,False,25.0,pooled_conservative_fallback,5.0,offline_replicate_noise_v1,ROUND_006
legacy_lit_309,legacy_literature,viability_percent,unknown,99.0,1,1,,False,25.0,pooled_conservative_fallback,5.0,offline_replicate_noise_v1,ROUND_006
legacy_lit_31,legacy_literature,viability_percent,unknown,17.0,1,1,,False,25.0,pooled_conservative_fallback,5.0,offline_replicate_noise_v1,ROUND_006
legacy_lit_310,legacy_literature,viability_percent,unknown,87.0,1,1,,False,25.0,pooled_conservative_fallback,5.0,offline_replicate_noise_v1,ROUND_006
legacy_lit_313,legacy_literature,viability_percent,unknown,10.0,1,1,,False,25.0,pooled_conservative_fallback,5.0,offline_replicate_noise_v1,ROUND_006
legacy_lit_314,legacy_literature,viability_percent,unknown,10.0,1,1,,False,25.0,pooled_conservative_fallback,5.0,offline_replicate_noise_v1,ROUND_006
legacy_lit_315,legacy_literature,viability_percent,unknown,10.0,1,1,,False,25.0,pooled_conservative_fallback,5.0,offline_replicate_noise_v1,ROUND_006
legacy_lit_316,legacy_literature,viability_percent,unknown,73.0,1,1,,False,25.0,pooled_conservative_fallback,5.0,offline_replicate_noise_v1,ROUND_006
legacy_lit_317,legacy_literature,viability_percent,unknown,45.0,1,1,,False,25.0,pooled_conservative_fallback,5.0,offline_replicate_noise_v1,ROUND_006
legacy_lit_318,legacy_literature,viability_percent,unknown,38.0,1,1,,False,25.0,pooled_conservative_fallback,5.0,offline_replicate_noise_v1,ROUND_006
legacy_lit_319,legacy_literature,viability_percent,unknown,80.0,1,1,,False,25.0,pooled_conservative_fallback,5.0,offline_replicate_noise_v1,ROUND_006
legacy_lit_32,legacy_literature,viability_percent,unknown,20.0,1,1,,False,25.0,pooled_conservative_fallback,5.0,offline_replicate_noise_v1,ROUND_006
legacy_lit_322,legacy_literature,viability_percent,unknown,63.02,1,1,,False,25.0,pooled_conservative_fallback,5.0,offline_replicate_noise_v1,ROUND_006
legacy_lit_323,legacy_literature,viability_percent,unknown,77.66666666666667,1,1,,False,25.0,pooled_conservative_fallback,5.0,offline_replicate_noise_v1,ROUND_006
legacy_lit_326,legacy_literature,viability_percent,unknown,74.33333333333333,1,1,,False,25.0,pooled_conservative_fallback,5.0,offline_replicate_noise_v1,ROUND_006
legacy_lit_329,legacy_literature,viability_percent,unknown,61.666666666666664,1,1,,False,25.0,pooled_conservative_fallback,5.0,offline_replicate_noise_v1,ROUND_006
legacy_lit_33,legacy_literature,viability_percent,unknown,22.0,1,1,,False,25.0,pooled_conservative_fallback,5.0,offline_replicate_noise_v1,ROUND_006
legacy_lit_332,legacy_literature,viability_percent,unknown,72.0,1,1,,False,25.0,pooled_conservative_fallback,5.0,offline_replicate_noise_v1,ROUND_006
legacy_lit_338,legacy_literature,viability_percent,unknown,84.3,1,1,,False,25.0,pooled_conservative_fallback,5.0,offline_replicate_noise_v1,ROUND_006
legacy_lit_339,legacy_literature,viability_percent,unknown,84.3,1,1,,False,25.0,pooled_conservative_fallback,5.0,offline_replicate_noise_v1,ROUND_006
legacy_lit_34,legacy_literature,viability_percent,unknown,50.0,1,1,,False,25.0,pooled_conservative_fallback,5.0,offline_replicate_noise_v1,ROUND_006
legacy_lit_341,legacy_literature,viability_percent,unknown,81.0,1,1,,False,25.0,pooled_conservative_fallback,5.0,offline_replicate_noise_v1,ROUND_006
legacy_lit_343,legacy_literature,viability_percent,unknown,60.6,1,1,,False,25.0,pooled_conservative_fallback,5.0,offline_replicate_noise_v1,ROUND_006
legacy_lit_346,legacy_literature,viability_percent,unknown,68.5,1,1,,False,25.0,pooled_conservative_fallback,5.0,offline_replicate_noise_v1,ROUND_006
legacy_lit_347,legacy_literature,viability_percent,unknown,69.5,1,1,,False,25.0,pooled_conservative_fallback,5.0,offline_replicate_noise_v1,ROUND_006
legacy_lit_349,legacy_literature,viability_percent,unknown,70.0,1,1,,False,25.0,pooled_conservative_fallback,5.0,offline_replicate_noise_v1,ROUND_006
legacy_lit_35,legacy_literature,viability_percent,unknown,80.0,1,1,,False,25.0,pooled_conservative_fallback,5.0,offline_replicate_noise_v1,ROUND_006
legacy_lit_350,legacy_literature,viability_percent,unknown,71.0,1,1,,False,25.0,pooled_conservative_fallback,5.0,offline_replicate_noise_v1,ROUND_006
legacy_lit_351,legacy_literature,viability_percent,unknown,73.1,1,1,,False,25.0,pooled_conservative_fallback,5.0,offline_replicate_noise_v1,ROUND_006
legacy_lit_352,legacy_literature,viability_percent,unknown,69.6,1,1,,False,25.0,pooled_conservative_fallback,5.0,offline_replicate_noise_v1,ROUND_006
legacy_lit_353,legacy_literature,viability_percent,unknown,72.0,1,1,,False,25.0,pooled_conservative_fallback,5.0,offline_replicate_noise_v1,ROUND_006
legacy_lit_354,legacy_literature,viability_percent,unknown,73.8,1,1,,False,25.0,pooled_conservative_fallback,5.0,offline_replicate_noise_v1,ROUND_006
legacy_lit_355,legacy_literature,viability_percent,unknown,68.2,1,1,,False,25.0,pooled_conservative_fallback,5.0,offline_replicate_noise_v1,ROUND_006
legacy_lit_356,legacy_literature,viability_percent,unknown,73.0,1,1,,False,25.0,pooled_conservative_fallback,5.0,offline_replicate_noise_v1,ROUND_006
legacy_lit_357,legacy_literature,viability_percent,unknown,74.9,1,1,,False,25.0,pooled_conservative_fallback,5.0,offline_replicate_noise_v1,ROUND_006
legacy_lit_358,legacy_literature,viability_percent,unknown,42.4,1,1,,False,25.0,pooled_conservative_fallback,5.0,offline_replicate_noise_v1,ROUND_006
legacy_lit_359,legacy_literature,viability_percent,unknown,47.6,1,1,,False,25.0,pooled_conservative_fallback,5.0,offline_replicate_noise_v1,ROUND_006
legacy_lit_36,legacy_literature,viability_percent,unknown,70.0,1,1,,False,25.0,pooled_conservative_fallback,5.0,offline_replicate_noise_v1,ROUND_006
legacy_lit_360,legacy_literature,viability_percent,unknown,52.1,1,1,,False,25.0,pooled_conservative_fallback,5.0,offline_replicate_noise_v1,ROUND_006
legacy_lit_361,legacy_literature,viability_percent,unknown,50.3,1,1,,False,25.0,pooled_conservative_fallback,5.0,offline_replicate_noise_v1,ROUND_006
legacy_lit_362,legacy_literature,viability_percent,unknown,55.3,1,1,,False,25.0,pooled_conservative_fallback,5.0,offline_replicate_noise_v1,ROUND_006
legacy_lit_363,legacy_literature,viability_percent,unknown,69.0,1,1,,False,25.0,pooled_conservative_fallback,5.0,offline_replicate_noise_v1,ROUND_006
legacy_lit_368,legacy_literature,viability_percent,unknown,88.0,1,1,,False,25.0,pooled_conservative_fallback,5.0,offline_replicate_noise_v1,ROUND_006
legacy_lit_369,legacy_literature,viability_percent,unknown,92.7,1,1,,False,25.0,pooled_conservative_fallback,5.0,offline_replicate_noise_v1,ROUND_006
legacy_lit_37,legacy_literature,viability_percent,unknown,100.0,1,1,,False,25.0,pooled_conservative_fallback,5.0,offline_replicate_noise_v1,ROUND_006
legacy_lit_370,legacy_literature,viability_percent,unknown,90.0,1,1,,False,25.0,pooled_conservative_fallback,5.0,offline_replicate_noise_v1,ROUND_006
legacy_lit_372,legacy_literature,viability_percent,unknown,22.5,1,1,,False,25.0,pooled_conservative_fallback,5.0,offline_replicate_noise_v1,ROUND_006
legacy_lit_373,legacy_literature,viability_percent,unknown,72.5,1,1,,False,25.0,pooled_conservative_fallback,5.0,offline_replicate_noise_v1,ROUND_006
legacy_lit_374,legacy_literature,viability_percent,unknown,73.95,1,1,,False,25.0,pooled_conservative_fallback,5.0,offline_replicate_noise_v1,ROUND_006
legacy_lit_375,legacy_literature,viability_percent,unknown,81.3,1,1,,False,25.0,pooled_conservative_fallback,5.0,offline_replicate_noise_v1,ROUND_006
legacy_lit_376,legacy_literature,viability_percent,unknown,86.05,1,1,,False,25.0,pooled_conservative_fallback,5.0,offline_replicate_noise_v1,ROUND_006
legacy_lit_38,legacy_literature,viability_percent,unknown,100.0,1,1,,False,25.0,pooled_conservative_fallback,5.0,offline_replicate_noise_v1,ROUND_006
legacy_lit_383,legacy_literature,viability_percent,unknown,5.0,1,1,,False,25.0,pooled_conservative_fallback,5.0,offline_replicate_noise_v1,ROUND_006
legacy_lit_386,legacy_literature,viability_percent,unknown,77.0,1,1,,False,25.0,pooled_conservative_fallback,5.0,offline_replicate_noise_v1,ROUND_006
legacy_lit_39,legacy_literature,viability_percent,unknown,80.0,1,1,,False,25.0,pooled_conservative_fallback,5.0,offline_replicate_noise_v1,ROUND_006
legacy_lit_4,legacy_literature,viability_percent,unknown,81.43333333333332,1,1,,False,25.0,pooled_conservative_fallback,5.0,offline_replicate_noise_v1,ROUND_006
legacy_lit_41,legacy_literature,viability_percent,unknown,51.5,1,1,,False,25.0,pooled_conservative_fallback,5.0,offline_replicate_noise_v1,ROUND_006
legacy_lit_43,legacy_literature,viability_percent,unknown,85.07,1,1,,False,25.0,pooled_conservative_fallback,5.0,offline_replicate_noise_v1,ROUND_006
legacy_lit_44,legacy_literature,viability_percent,unknown,22.0,1,1,,False,25.0,pooled_conservative_fallback,5.0,offline_replicate_noise_v1,ROUND_006
legacy_lit_45,legacy_literature,viability_percent,unknown,28.0,1,1,,False,25.0,pooled_conservative_fallback,5.0,offline_replicate_noise_v1,ROUND_006
legacy_lit_46,legacy_literature,viability_percent,unknown,65.0,1,1,,False,25.0,pooled_conservative_fallback,5.0,offline_replicate_noise_v1,ROUND_006
legacy_lit_47,legacy_literature,viability_percent,unknown,68.0,1,1,,False,25.0,pooled_conservative_fallback,5.0,offline_replicate_noise_v1,ROUND_006
legacy_lit_48,legacy_literature,viability_percent,unknown,85.65,1,1,,False,25.0,pooled_conservative_fallback,5.0,offline_replicate_noise_v1,ROUND_006
legacy_lit_49,legacy_literature,viability_percent,unknown,88.5,1,1,,False,25.0,pooled_conservative_fallback,5.0,offline_replicate_noise_v1,ROUND_006
legacy_lit_5,legacy_literature,viability_percent,unknown,84.5,1,1,,False,25.0,pooled_conservative_fallback,5.0,offline_replicate_noise_v1,ROUND_006
legacy_lit_50,legacy_literature,viability_percent,unknown,70.6,1,1,,False,25.0,pooled_conservative_fallback,5.0,offline_replicate_noise_v1,ROUND_006
legacy_lit_51,legacy_literature,viability_percent,unknown,64.1,1,1,,False,25.0,pooled_conservative_fallback,5.0,offline_replicate_noise_v1,ROUND_006
legacy_lit_52,legacy_literature,viability_percent,unknown,47.0,1,1,,False,25.0,pooled_conservative_fallback,5.0,offline_replicate_noise_v1,ROUND_006
legacy_lit_53,legacy_literature,viability_percent,unknown,56.0,1,1,,False,25.0,pooled_conservative_fallback,5.0,offline_replicate_noise_v1,ROUND_006
legacy_lit_54,legacy_literature,viability_percent,unknown,65.0,1,1,,False,25.0,pooled_conservative_fallback,5.0,offline_replicate_noise_v1,ROUND_006
legacy_lit_55,legacy_literature,viability_percent,unknown,58.0,1,1,,False,25.0,pooled_conservative_fallback,5.0,offline_replicate_noise_v1,ROUND_006
legacy_lit_56,legacy_literature,viability_percent,unknown,63.333333333333336,1,1,,False,25.0,pooled_conservative_fallback,5.0,offline_replicate_noise_v1,ROUND_006
legacy_lit_57,legacy_literature,viability_percent,unknown,57.666666666666664,1,1,,False,25.0,pooled_conservative_fallback,5.0,offline_replicate_noise_v1,ROUND_006
legacy_lit_58,legacy_literature,viability_percent,unknown,50.0,1,1,,False,25.0,pooled_conservative_fallback,5.0,offline_replicate_noise_v1,ROUND_006
legacy_lit_59,legacy_literature,viability_percent,unknown,77.0,1,1,,False,25.0,pooled_conservative_fallback,5.0,offline_replicate_noise_v1,ROUND_006
legacy_lit_6,legacy_literature,viability_percent,unknown,83.0,1,1,,False,25.0,pooled_conservative_fallback,5.0,offline_replicate_noise_v1,ROUND_006
legacy_lit_63,legacy_literature,viability_percent,unknown,80.0,1,1,,False,25.0,pooled_conservative_fallback,5.0,offline_replicate_noise_v1,ROUND_006
legacy_lit_65,legacy_literature,viability_percent,unknown,81.33333333333333,1,1,,False,25.0,pooled_conservative_fallback,5.0,offline_replicate_noise_v1,ROUND_006
legacy_lit_67,legacy_literature,viability_percent,unknown,56.0,1,1,,False,25.0,pooled_conservative_fallback,5.0,offline_replicate_noise_v1,ROUND_006
legacy_lit_68,legacy_literature,viability_percent,unknown,74.0,1,1,,False,25.0,pooled_conservative_fallback,5.0,offline_replicate_noise_v1,ROUND_006
legacy_lit_69,legacy_literature,viability_percent,unknown,92.0,1,1,,False,25.0,pooled_conservative_fallback,5.0,offline_replicate_noise_v1,ROUND_006
legacy_lit_7,legacy_literature,viability_percent,unknown,82.14,1,1,,False,25.0,pooled_conservative_fallback,5.0,offline_replicate_noise_v1,ROUND_006
legacy_lit_70,legacy_literature,viability_percent,unknown,47.0,1,1,,False,25.0,pooled_conservative_fallback,5.0,offline_replicate_noise_v1,ROUND_006
legacy_lit_71,legacy_literature,viability_percent,unknown,76.0,1,1,,False,25.0,pooled_conservative_fallback,5.0,offline_replicate_noise_v1,ROUND_006
legacy_lit_74,legacy_literature,viability_percent,unknown,78.0,1,1,,False,25.0,pooled_conservative_fallback,5.0,offline_replicate_noise_v1,ROUND_006
legacy_lit_75,legacy_literature,viability_percent,unknown,83.0,1,1,,False,25.0,pooled_conservative_fallback,5.0,offline_replicate_noise_v1,ROUND_006
legacy_lit_76,legacy_literature,viability_percent,unknown,21.0,1,1,,False,25.0,pooled_conservative_fallback,5.0,offline_replicate_noise_v1,ROUND_006
legacy_lit_77,legacy_literature,viability_percent,unknown,28.0,1,1,,False,25.0,pooled_conservative_fallback,5.0,offline_replicate_noise_v1,ROUND_006
legacy_lit_78,legacy_literature,viability_percent,unknown,36.0,1,1,,False,25.0,pooled_conservative_fallback,5.0,offline_replicate_noise_v1,ROUND_006
legacy_lit_79,legacy_literature,viability_percent,unknown,38.0,1,1,,False,25.0,pooled_conservative_fallback,5.0,offline_replicate_noise_v1,ROUND_006
legacy_lit_8,legacy_literature,viability_percent,unknown,69.625,1,1,,False,25.0,pooled_conservative_fallback,5.0,offline_replicate_noise_v1,ROUND_006
legacy_lit_84,legacy_literature,viability_percent,unknown,82.5,1,1,,False,25.0,pooled_conservative_fallback,5.0,offline_replicate_noise_v1,ROUND_006
legacy_lit_85,legacy_literature,viability_percent,unknown,82.6,1,1,,False,25.0,pooled_conservative_fallback,5.0,offline_replicate_noise_v1,ROUND_006
legacy_lit_86,legacy_literature,viability_percent,unknown,5.7,1,1,,False,25.0,pooled_conservative_fallback,5.0,offline_replicate_noise_v1,ROUND_006
legacy_lit_87,legacy_literature,viability_percent,unknown,49.3,1,1,,False,25.0,pooled_conservative_fallback,5.0,offline_replicate_noise_v1,ROUND_006
legacy_lit_88,legacy_literature,viability_percent,unknown,69.7,1,1,,False,25.0,pooled_conservative_fallback,5.0,offline_replicate_noise_v1,ROUND_006
legacy_lit_89,legacy_literature,viability_percent,unknown,55.5,1,1,,False,25.0,pooled_conservative_fallback,5.0,offline_replicate_noise_v1,ROUND_006
legacy_lit_9,legacy_literature,viability_percent,unknown,65.48,1,1,,False,25.0,pooled_conservative_fallback,5.0,offline_replicate_noise_v1,ROUND_006
legacy_lit_90,legacy_literature,viability_percent,unknown,4.6,1,1,,False,25.0,pooled_conservative_fallback,5.0,offline_replicate_noise_v1,ROUND_006
legacy_lit_91,legacy_literature,viability_percent,unknown,53.2,1,1,,False,25.0,pooled_conservative_fallback,5.0,offline_replicate_noise_v1,ROUND_006
legacy_lit_92,legacy_literature,viability_percent,unknown,72.1,1,1,,False,25.0,pooled_conservative_fallback,5.0,offline_replicate_noise_v1,ROUND_006
legacy_lit_93,legacy_literature,viability_percent,unknown,61.8,1,1,,False,25.0,pooled_conservative_fallback,5.0,offline_replicate_noise_v1,ROUND_006
legacy_lit_94,legacy_literature,viability_percent,unknown,55.4,1,1,,False,25.0,pooled_conservative_fallback,5.0,offline_replicate_noise_v1,ROUND_006
legacy_lit_95,legacy_literature,viability_percent,unknown,69.2,1,1,,False,25.0,pooled_conservative_fallback,5.0,offline_replicate_noise_v1,ROUND_006
legacy_lit_96,legacy_literature,viability_percent,unknown,64.3,1,1,,False,25.0,pooled_conservative_fallback,5.0,offline_replicate_noise_v1,ROUND_006
legacy_lit_97,legacy_literature,viability_percent,unknown,70.5,1,1,,False,25.0,pooled_conservative_fallback,5.0,offline_replicate_noise_v1,ROUND_006
legacy_lit_98,legacy_literature,viability_percent,unknown,72.5,1,1,,False,25.0,pooled_conservative_fallback,5.0,offline_replicate_noise_v1,ROUND_006
legacy_lit_99,legacy_literature,viability_percent,unknown,65.0,1,1,,False,25.0,pooled_conservative_fallback,5.0,offline_replicate_noise_v1,ROUND_006
legacy_wetlab_EXP101,legacy_wetlab,viability_percent,unknown,21.01,1,1,,False,25.0,pooled_conservative_fallback,5.0,offline_replicate_noise_v1,ROUND_006
legacy_wetlab_EXP102,legacy_wetlab,viability_percent,unknown,38.14,1,1,,False,25.0,pooled_conservative_fallback,5.0,offline_replicate_noise_v1,ROUND_006
legacy_wetlab_EXP103,legacy_wetlab,viability_percent,unknown,7.44,1,1,,False,25.0,pooled_conservative_fallback,5.0,offline_replicate_noise_v1,ROUND_006
legacy_wetlab_EXP104,legacy_wetlab,viability_percent,unknown,29.7,1,1,,False,25.0,pooled_conservative_fallback,5.0,offline_replicate_noise_v1,ROUND_006
legacy_wetlab_EXP105,legacy_wetlab,viability_percent,unknown,18.31,1,1,,False,25.0,pooled_conservative_fallback,5.0,offline_replicate_noise_v1,ROUND_006
legacy_wetlab_EXP106,legacy_wetlab,viability_percent,unknown,8.39,1,1,,False,25.0,pooled_conservative_fallback,5.0,offline_replicate_noise_v1,ROUND_006
legacy_wetlab_EXP1101,legacy_wetlab,viability_percent,unknown,15.27,1,1,,False,25.0,pooled_conservative_fallback,5.0,offline_replicate_noise_v1,ROUND_006
legacy_wetlab_EXP1102,legacy_wetlab,viability_percent,unknown,6.9,1,1,,False,25.0,pooled_conservative_fallback,5.0,offline_replicate_noise_v1,ROUND_006
legacy_wetlab_EXP1103,legacy_wetlab,viability_percent,unknown,26.68,1,1,,False,25.0,pooled_conservative_fallback,5.0,offline_replicate_noise_v1,ROUND_006
legacy_wetlab_EXP1104,legacy_wetlab,viability_percent,unknown,36.3,1,1,,False,25.0,pooled_conservative_fallback,5.0,offline_replicate_noise_v1,ROUND_006
legacy_wetlab_EXP1105,legacy_wetlab,viability_percent,unknown,79.09,1,1,,False,25.0,pooled_conservative_fallback,5.0,offline_replicate_noise_v1,ROUND_006
legacy_wetlab_EXP1106,legacy_wetlab,viability_percent,unknown,48.85,1,1,,False,25.0,pooled_conservative_fallback,5.0,offline_replicate_noise_v1,ROUND_006
legacy_wetlab_EXP1201,legacy_wetlab,viability_percent,unknown,31.9,1,1,,False,25.0,pooled_conservative_fallback,5.0,offline_replicate_noise_v1,ROUND_006
legacy_wetlab_EXP1202,legacy_wetlab,viability_percent,unknown,28.41,1,1,,False,25.0,pooled_conservative_fallback,5.0,offline_replicate_noise_v1,ROUND_006
legacy_wetlab_EXP1203,legacy_wetlab,viability_percent,unknown,20.26,1,1,,False,25.0,pooled_conservative_fallback,5.0,offline_replicate_noise_v1,ROUND_006
legacy_wetlab_EXP1205,legacy_wetlab,viability_percent,unknown,31.19,1,1,,False,25.0,pooled_conservative_fallback,5.0,offline_replicate_noise_v1,ROUND_006
legacy_wetlab_EXP1206,legacy_wetlab,viability_percent,unknown,36.12,1,1,,False,25.0,pooled_conservative_fallback,5.0,offline_replicate_noise_v1,ROUND_006
legacy_wetlab_EXP201,legacy_wetlab,viability_percent,unknown,9.78,1,1,,False,25.0,pooled_conservative_fallback,5.0,offline_replicate_noise_v1,ROUND_006
legacy_wetlab_EXP202,legacy_wetlab,viability_percent,unknown,32.42,1,1,,False,25.0,pooled_conservative_fallback,5.0,offline_replicate_noise_v1,ROUND_006
legacy_wetlab_EXP203,legacy_wetlab,viability_percent,unknown,52.32,1,1,,False,25.0,pooled_conservative_fallback,5.0,offline_replicate_noise_v1,ROUND_006
legacy_wetlab_EXP204,legacy_wetlab,viability_percent,unknown,50.29,1,1,,False,25.0,pooled_conservative_fallback,5.0,offline_replicate_noise_v1,ROUND_006
legacy_wetlab_EXP205,legacy_wetlab,viability_percent,unknown,63.31,1,1,,False,25.0,pooled_conservative_fallback,5.0,offline_replicate_noise_v1,ROUND_006
legacy_wetlab_EXP206,legacy_wetlab,viability_percent,unknown,58.73,1,1,,False,25.0,pooled_conservative_fallback,5.0,offline_replicate_noise_v1,ROUND_006
legacy_wetlab_EXP2101,legacy_wetlab,viability_percent,unknown,28.99,1,1,,False,25.0,pooled_conservative_fallback,5.0,offline_replicate_noise_v1,ROUND_006
legacy_wetlab_EXP2102,legacy_wetlab,viability_percent,unknown,28.14,1,1,,False,25.0,pooled_conservative_fallback,5.0,offline_replicate_noise_v1,ROUND_006
legacy_wetlab_EXP2103,legacy_wetlab,viability_percent,unknown,51.61,1,1,,False,25.0,pooled_conservative_fallback,5.0,offline_replicate_noise_v1,ROUND_006
legacy_wetlab_EXP2104,legacy_wetlab,viability_percent,unknown,53.4,1,1,,False,25.0,pooled_conservative_fallback,5.0,offline_replicate_noise_v1,ROUND_006
legacy_wetlab_EXP2105,legacy_wetlab,viability_percent,unknown,8.66,1,1,,False,25.0,pooled_conservative_fallback,5.0,offline_replicate_noise_v1,ROUND_006
legacy_wetlab_EXP2106,legacy_wetlab,viability_percent,unknown,34.8,1,1,,False,25.0,pooled_conservative_fallback,5.0,offline_replicate_noise_v1,ROUND_006
legacy_wetlab_EXP301,legacy_wetlab,viability_percent,unknown,28.19,1,1,,False,25.0,pooled_conservative_fallback,5.0,offline_replicate_noise_v1,ROUND_006
legacy_wetlab_EXP302,legacy_wetlab,viability_percent,unknown,56.18,1,1,,False,25.0,pooled_conservative_fallback,5.0,offline_replicate_noise_v1,ROUND_006
legacy_wetlab_EXP303,legacy_wetlab,viability_percent,unknown,6.5,1,1,,False,25.0,pooled_conservative_fallback,5.0,offline_replicate_noise_v1,ROUND_006
legacy_wetlab_EXP304,legacy_wetlab,viability_percent,unknown,53.19,1,1,,False,25.0,pooled_conservative_fallback,5.0,offline_replicate_noise_v1,ROUND_006
legacy_wetlab_EXP305,legacy_wetlab,viability_percent,unknown,72.93,1,1,,False,25.0,pooled_conservative_fallback,5.0,offline_replicate_noise_v1,ROUND_006
legacy_wetlab_EXP306,legacy_wetlab,viability_percent,unknown,69.78,1,1,,False,25.0,pooled_conservative_fallback,5.0,offline_replicate_noise_v1,ROUND_006
legacy_wetlab_EXP3101,legacy_wetlab,viability_percent,unknown,63.61,1,1,,False,25.0,pooled_conservative_fallback,5.0,offline_replicate_noise_v1,ROUND_006
legacy_wetlab_EXP3102,legacy_wetlab,viability_percent,unknown,51.94,1,1,,False,25.0,pooled_conservative_fallback,5.0,offline_replicate_noise_v1,ROUND_006
legacy_wetlab_EXP3103,legacy_wetlab,viability_percent,unknown,32.75,1,1,,False,25.0,pooled_conservative_fallback,5.0,offline_replicate_noise_v1,ROUND_006
legacy_wetlab_EXP3104,legacy_wetlab,viability_percent,unknown,49.99,1,1,,False,25.0,pooled_conservative_fallback,5.0,offline_replicate_noise_v1,ROUND_006
legacy_wetlab_EXP3105,legacy_wetlab,viability_percent,unknown,41.32,1,1,,False,25.0,pooled_conservative_fallback,5.0,offline_replicate_noise_v1,ROUND_006
legacy_wetlab_EXP3106,legacy_wetlab,viability_percent,unknown,42.1,1,1,,False,25.0,pooled_conservative_fallback,5.0,offline_replicate_noise_v1,ROUND_006
legacy_wetlab_EXP3107,legacy_wetlab,viability_percent,unknown,63.25,1,1,,False,25.0,pooled_conservative_fallback,5.0,offline_replicate_noise_v1,ROUND_006
legacy_wetlab_EXP3108,legacy_wetlab,viability_percent,unknown,35.08,1,1,,False,25.0,pooled_conservative_fallback,5.0,offline_replicate_noise_v1,ROUND_006
legacy_wetlab_EXP4101,legacy_wetlab,viability_percent,unknown,62.32,1,1,,False,25.0,pooled_conservative_fallback,5.0,offline_replicate_noise_v1,ROUND_006
legacy_wetlab_EXP4102,legacy_wetlab,viability_percent,unknown,59.76,1,1,,False,25.0,pooled_conservative_fallback,5.0,offline_replicate_noise_v1,ROUND_006
legacy_wetlab_EXP4103,legacy_wetlab,viability_percent,unknown,73.15,1,1,,False,25.0,pooled_conservative_fallback,5.0,offline_replicate_noise_v1,ROUND_006
legacy_wetlab_EXP4104,legacy_wetlab,viability_percent,unknown,76.91,1,1,,False,25.0,pooled_conservative_fallback,5.0,offline_replicate_noise_v1,ROUND_006
legacy_wetlab_EXP4105,legacy_wetlab,viability_percent,unknown,78.31,1,1,,False,25.0,pooled_conservative_fallback,5.0,offline_replicate_noise_v1,ROUND_006
legacy_wetlab_EXP4106,legacy_wetlab,viability_percent,unknown,71.59,1,1,,False,25.0,pooled_conservative_fallback,5.0,offline_replicate_noise_v1,ROUND_006
legacy_wetlab_EXP5101,legacy_wetlab,viability_percent,unknown,49.0,1,1,,False,25.0,pooled_conservative_fallback,5.0,offline_replicate_noise_v1,ROUND_006
legacy_wetlab_EXP5102,legacy_wetlab,viability_percent,unknown,70.04,1,1,,False,25.0,pooled_conservative_fallback,5.0,offline_replicate_noise_v1,ROUND_006
legacy_wetlab_EXP5103,legacy_wetlab,viability_percent,unknown,72.48,1,1,,False,25.0,pooled_conservative_fallback,5.0,offline_replicate_noise_v1,ROUND_006
legacy_wetlab_EXP5104,legacy_wetlab,viability_percent,unknown,92.63,1,1,,False,25.0,pooled_conservative_fallback,5.0,offline_replicate_noise_v1,ROUND_006
legacy_wetlab_EXP5105,legacy_wetlab,viability_percent,unknown,91.2,1,1,,False,25.0,pooled_conservative_fallback,5.0,offline_replicate_noise_v1,ROUND_006
legacy_wetlab_EXP5106,legacy_wetlab,viability_percent,unknown,91.4,1,1,,False,25.0,pooled_conservative_fallback,5.0,offline_replicate_noise_v1,ROUND_006
legacy_wetlab_EXP5107,legacy_wetlab,viability_percent,unknown,75.16,1,1,,False,25.0,pooled_conservative_fallback,5.0,offline_replicate_noise_v1,ROUND_006
legacy_wetlab_EXP5108,legacy_wetlab,viability_percent,unknown,59.17,1,1,,False,25.0,pooled_conservative_fallback,5.0,offline_replicate_noise_v1,ROUND_006
legacy_wetlab_EXP5109,legacy_wetlab,viability_percent,unknown,94.32,1,1,,False,25.0,pooled_conservative_fallback,5.0,offline_replicate_noise_v1,ROUND_006
legacy_wetlab_EXP5110,legacy_wetlab,viability_percent,unknown,95.15,1,1,,False,25.0,pooled_conservative_fallback,5.0,offline_replicate_noise_v1,ROUND_006
legacy_wetlab_EXP5111,legacy_wetlab,viability_percent,unknown,88.78,1,1,,False,25.0,pooled_conservative_fallback,5.0,offline_replicate_noise_v1,ROUND_006
legacy_wetlab_EXP5112,legacy_wetlab,viability_percent,unknown,87.85,1,1,,False,25.0,pooled_conservative_fallback,5.0,offline_replicate_noise_v1,ROUND_006
legacy_wetlab_EXP5201,legacy_wetlab,viability_percent,unknown,27.08,1,1,,False,25.0,pooled_conservative_fallback,5.0,offline_replicate_noise_v1,ROUND_006
legacy_wetlab_EXP5202,legacy_wetlab,viability_percent,unknown,29.46,1,1,,False,25.0,pooled_conservative_fallback,5.0,offline_replicate_noise_v1,ROUND_006
legacy_wetlab_EXP5203,legacy_wetlab,viability_percent,unknown,59.95,1,1,,False,25.0,pooled_conservative_fallback,5.0,offline_replicate_noise_v1,ROUND_006
legacy_wetlab_EXP5204,legacy_wetlab,viability_percent,unknown,71.75,1,1,,False,25.0,pooled_conservative_fallback,5.0,offline_replicate_noise_v1,ROUND_006
legacy_wetlab_EXP5205,legacy_wetlab,viability_percent,unknown,6.86,1,1,,False,25.0,pooled_conservative_fallback,5.0,offline_replicate_noise_v1,ROUND_006
legacy_wetlab_EXP5206,legacy_wetlab,viability_percent,unknown,13.35,1,1,,False,25.0,pooled_conservative_fallback,5.0,offline_replicate_noise_v1,ROUND_006
legacy_wetlab_EXP5207,legacy_wetlab,viability_percent,unknown,48.34,1,1,,False,25.0,pooled_conservative_fallback,5.0,offline_replicate_noise_v1,ROUND_006
legacy_wetlab_EXP5208,legacy_wetlab,viability_percent,unknown,12.02,1,1,,False,25.0,pooled_conservative_fallback,5.0,offline_replicate_noise_v1,ROUND_006
legacy_wetlab_EXP5209,legacy_wetlab,viability_percent,unknown,60.43,1,1,,False,25.0,pooled_conservative_fallback,5.0,offline_replicate_noise_v1,ROUND_006
legacy_wetlab_EXP5210,legacy_wetlab,viability_percent,unknown,20.96,1,1,,False,25.0,pooled_conservative_fallback,5.0,offline_replicate_noise_v1,ROUND_006
legacy_wetlab_EXP5211,legacy_wetlab,viability_percent,unknown,7.39,1,1,,False,25.0,pooled_conservative_fallback,5.0,offline_replicate_noise_v1,ROUND_006
legacy_wetlab_EXP6101,legacy_wetlab,viability_percent,unknown,74.16,1,1,,False,25.0,pooled_conservative_fallback,5.0,offline_replicate_noise_v1,ROUND_006
legacy_wetlab_EXP6102,legacy_wetlab,viability_percent,unknown,73.88,1,1,,False,25.0,pooled_conservative_fallback,5.0,offline_replicate_noise_v1,ROUND_006
legacy_wetlab_EXP6103,legacy_wetlab,viability_percent,unknown,71.12,1,1,,False,25.0,pooled_conservative_fallback,5.0,offline_replicate_noise_v1,ROUND_006
legacy_wetlab_EXP6104,legacy_wetlab,viability_percent,unknown,65.5,1,1,,False,25.0,pooled_conservative_fallback,5.0,offline_replicate_noise_v1,ROUND_006
legacy_wetlab_EXP6105,legacy_wetlab,viability_percent,unknown,53.08,1,1,,False,25.0,pooled_conservative_fallback,5.0,offline_replicate_noise_v1,ROUND_006
legacy_wetlab_EXP6106,legacy_wetlab,viability_percent,unknown,71.41,1,1,,False,25.0,pooled_conservative_fallback,5.0,offline_replicate_noise_v1,ROUND_006
legacy_wetlab_EXP7101,legacy_wetlab,viability_percent,unknown,72.98,1,1,,False,25.0,pooled_conservative_fallback,5.0,offline_replicate_noise_v1,ROUND_006
legacy_wetlab_EXP7102,legacy_wetlab,viability_percent,unknown,79.04,1,1,,False,25.0,pooled_conservative_fallback,5.0,offline_replicate_noise_v1,ROUND_006
legacy_wetlab_EXP7103,legacy_wetlab,viability_percent,unknown,76.36,1,1,,False,25.0,pooled_conservative_fallback,5.0,offline_replicate_noise_v1,ROUND_006
legacy_wetlab_EXP7104,legacy_wetlab,viability_percent,unknown,75.91,1,1,,False,25.0,pooled_conservative_fallback,5.0,offline_replicate_noise_v1,ROUND_006
legacy_wetlab_EXP7105,legacy_wetlab,viability_percent,unknown,73.57,1,1,,False,25.0,pooled_conservative_fallback,5.0,offline_replicate_noise_v1,ROUND_006
legacy_wetlab_EXP7106,legacy_wetlab,viability_percent,unknown,74.55,1,1,,False,25.0,pooled_conservative_fallback,5.0,offline_replicate_noise_v1,ROUND_006
legacy_wetlab_EXP7107,legacy_wetlab,viability_percent,unknown,70.97,1,1,,False,25.0,pooled_conservative_fallback,5.0,offline_replicate_noise_v1,ROUND_006
legacy_wetlab_EXP7108,legacy_wetlab,viability_percent,unknown,70.64,1,1,,False,25.0,pooled_conservative_fallback,5.0,offline_replicate_noise_v1,ROUND_006
legacy_wetlab_EXP7109,legacy_wetlab,viability_percent,unknown,11.49,1,1,,False,25.0,pooled_conservative_fallback,5.0,offline_replicate_noise_v1,ROUND_006
legacy_wetlab_EXP7110,legacy_wetlab,viability_percent,unknown,50.31,1,1,,False,25.0,pooled_conservative_fallback,5.0,offline_replicate_noise_v1,ROUND_006
legacy_wetlab_EXP7111,legacy_wetlab,viability_percent,unknown,35.29,1,1,,False,25.0,pooled_conservative_fallback,5.0,offline_replicate_noise_v1,ROUND_006
legacy_wetlab_EXP7112,legacy_wetlab,viability_percent,unknown,41.07,1,1,,False,25.0,pooled_conservative_fallback,5.0,offline_replicate_noise_v1,ROUND_006
legacy_wetlab_EXP8101,legacy_wetlab,viability_percent,unknown,71.22,1,1,,False,25.0,pooled_conservative_fallback,5.0,offline_replicate_noise_v1,ROUND_006
legacy_wetlab_EXP8102,legacy_wetlab,viability_percent,unknown,71.7,1,1,,False,25.0,pooled_conservative_fallback,5.0,offline_replicate_noise_v1,ROUND_006
legacy_wetlab_EXP8103,legacy_wetlab,viability_percent,unknown,69.97,1,1,,False,25.0,pooled_conservative_fallback,5.0,offline_replicate_noise_v1,ROUND_006
legacy_wetlab_EXP8104,legacy_wetlab,viability_percent,unknown,58.76,1,1,,False,25.0,pooled_conservative_fallback,5.0,offline_replicate_noise_v1,ROUND_006
legacy_wetlab_EXP8105,legacy_wetlab,viability_percent,unknown,64.69,1,1,,False,25.0,pooled_conservative_fallback,5.0,offline_replicate_noise_v1,ROUND_006
legacy_wetlab_EXP8106,legacy_wetlab,viability_percent,unknown,64.37,1,1,,False,25.0,pooled_conservative_fallback,5.0,offline_replicate_noise_v1,ROUND_006
legacy_wetlab_EXP8107,legacy_wetlab,viability_percent,unknown,54.64,1,1,,False,25.0,pooled_conservative_fallback,5.0,offline_replicate_noise_v1,ROUND_006
legacy_wetlab_EXP8108,legacy_wetlab,viability_percent,unknown,39.82,1,1,,False,25.0,pooled_conservative_fallback,5.0,offline_replicate_noise_v1,ROUND_006
legacy_wetlab_EXP9101,legacy_wetlab,viability_percent,unknown,75.43,1,1,,False,25.0,pooled_conservative_fallback,5.0,offline_replicate_noise_v1,ROUND_006
legacy_wetlab_EXP9102,legacy_wetlab,viability_percent,unknown,70.72,1,1,,False,25.0,pooled_conservative_fallback,5.0,offline_replicate_noise_v1,ROUND_006
legacy_wetlab_EXP9103,legacy_wetlab,viability_percent,unknown,71.75,1,1,,False,25.0,pooled_conservative_fallback,5.0,offline_replicate_noise_v1,ROUND_006
legacy_wetlab_EXP9104,legacy_wetlab,viability_percent,unknown,74.92,1,1,,False,25.0,pooled_conservative_fallback,5.0,offline_replicate_noise_v1,ROUND_006
legacy_wetlab_EXP9105,legacy_wetlab,viability_percent,unknown,75.16,1,1,,False,25.0,pooled_conservative_fallback,5.0,offline_replicate_noise_v1,ROUND_006
legacy_wetlab_EXP9106,legacy_wetlab,viability_percent,unknown,67.06,1,1,,False,25.0,pooled_conservative_fallback,5.0,offline_replicate_noise_v1,ROUND_006
legacy_wetlab_EXP9107,legacy_wetlab,viability_percent,unknown,61.47,1,1,,False,25.0,pooled_conservative_fallback,5.0,offline_replicate_noise_v1,ROUND_006
legacy_wetlab_EXP9108,legacy_wetlab,viability_percent,unknown,36.44,1,1,,False,25.0,pooled_conservative_fallback,5.0,offline_replicate_noise_v1,ROUND_006
v2_011eef292ff1,ROUND_005,viability_percent,unknown,31.85,4,1,,False,25.0,pooled_conservative_fallback,5.0,offline_replicate_noise_v1,ROUND_006
v2_0a63a12b60f3,ROUND_003,viability_percent,unknown,38.0,2,1,,False,25.0,pooled_conservative_fallback,5.0,offline_replicate_noise_v1,ROUND_006
v2_0e9e2b605ce7,ROUND_004,viability_percent,unknown,50.515,4,1,,False,25.0,pooled_conservative_fallback,5.0,offline_replicate_noise_v1,ROUND_006
v2_117f554a123f,ROUND_005,viability_percent,unknown,11.912499999999998,4,1,,False,25.0,pooled_conservative_fallback,5.0,offline_replicate_noise_v1,ROUND_006
v2_19eed4dca0d3,ROUND_001,viability_percent,unknown,35.84,1,1,,False,25.0,pooled_conservative_fallback,5.0,offline_replicate_noise_v1,ROUND_006
v2_1be28fc1c3ad,ROUND_005,viability_percent,unknown,53.3425,4,1,,False,25.0,pooled_conservative_fallback,5.0,offline_replicate_noise_v1,ROUND_006
v2_1d06992cb257,ROUND_004,viability_percent,unknown,35.825,4,1,,False,25.0,pooled_conservative_fallback,5.0,offline_replicate_noise_v1,ROUND_006
v2_1e09bd3298a1,ROUND_004,viability_percent,unknown,0.69,4,1,,False,25.0,pooled_conservative_fallback,5.0,offline_replicate_noise_v1,ROUND_006
v2_21a3a498433e,ROUND_001,viability_percent,unknown,36.22,1,1,,False,25.0,pooled_conservative_fallback,5.0,offline_replicate_noise_v1,ROUND_006
v2_237544a25f30,ROUND_001,viability_percent,unknown,69.21,1,1,,False,25.0,pooled_conservative_fallback,5.0,offline_replicate_noise_v1,ROUND_006
v2_27a2b16cc327,ROUND_003,viability_percent,unknown,53.0,2,1,,False,25.0,pooled_conservative_fallback,5.0,offline_replicate_noise_v1,ROUND_006
v2_2eead01c8392,ROUND_001,viability_percent,unknown,60.53,1,1,,False,25.0,pooled_conservative_fallback,5.0,offline_replicate_noise_v1,ROUND_006
v2_34d667ff4762,ROUND_002,viability_percent,unknown,63.879999999999995,4,1,,False,25.0,pooled_conservative_fallback,5.0,offline_replicate_noise_v1,ROUND_006
v2_384020959c42,ROUND_002,viability_percent,unknown,21.375,4,1,,False,25.0,pooled_conservative_fallback,5.0,offline_replicate_noise_v1,ROUND_006
v2_3db5f7aa7cdd,ROUND_003,viability_percent,unknown,38.0,2,1,,False,25.0,pooled_conservative_fallback,5.0,offline_replicate_noise_v1,ROUND_006
v2_3e8ef993abba,ROUND_002,viability_percent,unknown,65.5625,4,1,,False,25.0,pooled_conservative_fallback,5.0,offline_replicate_noise_v1,ROUND_006
v2_40e9f706b46d,ROUND_005,viability_percent,unknown,19.355,4,1,,False,25.0,pooled_conservative_fallback,5.0,offline_replicate_noise_v1,ROUND_006
v2_42188f45e98a,ROUND_002,viability_percent,unknown,38.805,4,1,,False,25.0,pooled_conservative_fallback,5.0,offline_replicate_noise_v1,ROUND_006
v2_430e18c49d10,ROUND_003,viability_percent,unknown,65.0,2,1,,False,25.0,pooled_conservative_fallback,5.0,offline_replicate_noise_v1,ROUND_006
v2_49123b81735d,ROUND_001,viability_percent,unknown,40.44,1,1,,False,25.0,pooled_conservative_fallback,5.0,offline_replicate_noise_v1,ROUND_006
v2_4a0cb1ead8d1,ROUND_001,viability_percent,unknown,60.33,1,1,,False,25.0,pooled_conservative_fallback,5.0,offline_replicate_noise_v1,ROUND_006
v2_4aeffae55153,ROUND_003,viability_percent,unknown,48.5,2,1,,False,25.0,pooled_conservative_fallback,5.0,offline_replicate_noise_v1,ROUND_006
v2_4da335e6bc9d,ROUND_004,viability_percent,unknown,10.1075,4,1,,False,25.0,pooled_conservative_fallback,5.0,offline_replicate_noise_v1,ROUND_006
v2_4f4525f1566d,ROUND_003,viability_percent,unknown,36.0,2,1,,False,25.0,pooled_conservative_fallback,5.0,offline_replicate_noise_v1,ROUND_006
v2_5526047f869b,ROUND_005,viability_percent,unknown,25.5225,4,1,,False,25.0,pooled_conservative_fallback,5.0,offline_replicate_noise_v1,ROUND_006
v2_6005e837cd4b,ROUND_004,viability_percent,unknown,28.365000000000002,4,1,,False,25.0,pooled_conservative_fallback,5.0,offline_replicate_noise_v1,ROUND_006
v2_655729013931,ROUND_002,viability_percent,unknown,64.9,4,1,,False,25.0,pooled_conservative_fallback,5.0,offline_replicate_noise_v1,ROUND_006
v2_6886b09726ac,ROUND_004,viability_percent,unknown,30.2175,4,1,,False,25.0,pooled_conservative_fallback,5.0,offline_replicate_noise_v1,ROUND_006
v2_6b7389efb1b5,ROUND_001,viability_percent,unknown,35.92,1,1,,False,25.0,pooled_conservative_fallback,5.0,offline_replicate_noise_v1,ROUND_006
v2_6fb2fa9dc5d5,ROUND_004,viability_percent,unknown,58.35000000000001,4,1,,False,25.0,pooled_conservative_fallback,5.0,offline_replicate_noise_v1,ROUND_006
v2_711df1b41503,ROUND_005,viability_percent,unknown,48.332499999999996,4,1,,False,25.0,pooled_conservative_fallback,5.0,offline_replicate_noise_v1,ROUND_006
v2_75d69addc009,ROUND_002,viability_percent,unknown,29.2025,4,1,,False,25.0,pooled_conservative_fallback,5.0,offline_replicate_noise_v1,ROUND_006
v2_75d69addc009,ROUND_003,viability_percent,unknown,34.5,2,1,,False,25.0,pooled_conservative_fallback,5.0,offline_replicate_noise_v1,ROUND_006
v2_79ec2bf8acae,ROUND_005,viability_percent,unknown,31.494999999999997,4,1,,False,25.0,pooled_conservative_fallback,5.0,offline_replicate_noise_v1,ROUND_006
v2_84c11063c325,ROUND_003,viability_percent,unknown,44.5,2,1,,False,25.0,pooled_conservative_fallback,5.0,offline_replicate_noise_v1,ROUND_006
v2_88865d95334d,ROUND_005,viability_percent,unknown,1.3650000000000002,4,1,,False,25.0,pooled_conservative_fallback,5.0,offline_replicate_noise_v1,ROUND_006
v2_8a721b7d8f1c,ROUND_002,viability_percent,unknown,63.9975,4,1,,False,25.0,pooled_conservative_fallback,5.0,offline_replicate_noise_v1,ROUND_006
v2_8d9d8b0a7098,ROUND_004,viability_percent,unknown,50.6025,4,1,,False,25.0,pooled_conservative_fallback,5.0,offline_replicate_noise_v1,ROUND_006
v2_8f6028d7e59a,ROUND_003,viability_percent,unknown,41.0,2,1,,False,25.0,pooled_conservative_fallback,5.0,offline_replicate_noise_v1,ROUND_006
v2_98a8e114024b,ROUND_004,viability_percent,unknown,1.3325,4,1,,False,25.0,pooled_conservative_fallback,5.0,offline_replicate_noise_v1,ROUND_006
v2_a2b4c2d7b0b6,ROUND_001,viability_percent,unknown,24.39,1,1,,False,25.0,pooled_conservative_fallback,5.0,offline_replicate_noise_v1,ROUND_006
v2_a3cd6cc2afa7,ROUND_002,viability_percent,unknown,57.3875,4,1,,False,25.0,pooled_conservative_fallback,5.0,offline_replicate_noise_v1,ROUND_006
v2_a7291b600bea,ROUND_003,viability_percent,unknown,52.0,2,1,,False,25.0,pooled_conservative_fallback,5.0,offline_replicate_noise_v1,ROUND_006
v2_a803deb82ca6,ROUND_001,viability_percent,unknown,28.72,1,1,,False,25.0,pooled_conservative_fallback,5.0,offline_replicate_noise_v1,ROUND_006
v2_afa1348627bc,ROUND_003,viability_percent,unknown,38.5,2,1,,False,25.0,pooled_conservative_fallback,5.0,offline_replicate_noise_v1,ROUND_006
v2_b2c883db5caf,ROUND_002,viability_percent,unknown,43.185,4,1,,False,25.0,pooled_conservative_fallback,5.0,offline_replicate_noise_v1,ROUND_006
v2_b9ae21107fa4,ROUND_001,viability_percent,unknown,15.93,1,1,,False,25.0,pooled_conservative_fallback,5.0,offline_replicate_noise_v1,ROUND_006
v2_c52464fe22c3,ROUND_005,viability_percent,unknown,6.93,4,1,,False,25.0,pooled_conservative_fallback,5.0,offline_replicate_noise_v1,ROUND_006
v2_ced63818bdd1,ROUND_004,viability_percent,unknown,32.885,4,1,,False,25.0,pooled_conservative_fallback,5.0,offline_replicate_noise_v1,ROUND_006
v2_d93bf1a562c8,ROUND_003,viability_percent,unknown,29.0,2,1,,False,25.0,pooled_conservative_fallback,5.0,offline_replicate_noise_v1,ROUND_006
v2_d9aaefea702e,ROUND_005,viability_percent,unknown,9.2925,4,1,,False,25.0,pooled_conservative_fallback,5.0,offline_replicate_noise_v1,ROUND_006
v2_da5df4899b60,ROUND_001,viability_percent,unknown,43.34,1,1,,False,25.0,pooled_conservative_fallback,5.0,offline_replicate_noise_v1,ROUND_006
v2_db8935ce2c34,ROUND_002,viability_percent,unknown,61.5875,4,1,,False,25.0,pooled_conservative_fallback,5.0,offline_replicate_noise_v1,ROUND_006
v2_e0e6b16a3f20,ROUND_001,viability_percent,unknown,26.53,1,1,,False,25.0,pooled_conservative_fallback,5.0,offline_replicate_noise_v1,ROUND_006
v2_e0e6b16a3f20,ROUND_002,viability_percent,unknown,30.4375,4,1,,False,25.0,pooled_conservative_fallback,5.0,offline_replicate_noise_v1,ROUND_006
v2_e5b28bf5a066,ROUND_004,viability_percent,unknown,40.4675,4,1,,False,25.0,pooled_conservative_fallback,5.0,offline_replicate_noise_v1,ROUND_006
v2_eb8bb8b8618f,ROUND_004,viability_percent,unknown,52.88250000000001,4,1,,False,25.0,pooled_conservative_fallback,5.0,offline_replicate_noise_v1,ROUND_006
v2_f1b5aed4af5a,ROUND_005,viability_percent,unknown,22.145000000000003,4,1,,False,25.0,pooled_conservative_fallback,5.0,offline_replicate_noise_v1,ROUND_006
v2_f3bcb989040c,ROUND_005,viability_percent,unknown,59.182500000000005,4,1,,False,25.0,pooled_conservative_fallback,5.0,offline_replicate_noise_v1,ROUND_006
v2_fc5b4c04eee9,ROUND_002,viability_percent,unknown,56.287499999999994,4,1,,False,25.0,pooled_conservative_fallback,5.0,offline_replicate_noise_v1,ROUND_006
legacy_lit_1,legacy_literature,viability_percent,unknown,96.0,1,1,,False,25.0,pooled_conservative_fallback,5.0,offline_replicate_noise_v1,ROUND_007
legacy_lit_10,legacy_literature,viability_percent,unknown,63.17777777777778,1,1,,False,25.0,pooled_conservative_fallback,5.0,offline_replicate_noise_v1,ROUND_007
legacy_lit_100,legacy_literature,viability_percent,unknown,75.0,1,1,,False,25.0,pooled_conservative_fallback,5.0,offline_replicate_noise_v1,ROUND_007
legacy_lit_101,legacy_literature,viability_percent,unknown,77.0,1,1,,False,25.0,pooled_conservative_fallback,5.0,offline_replicate_noise_v1,ROUND_007
legacy_lit_102,legacy_literature,viability_percent,unknown,43.0,1,1,,False,25.0,pooled_conservative_fallback,5.0,offline_replicate_noise_v1,ROUND_007
legacy_lit_103,legacy_literature,viability_percent,unknown,68.0,1,1,,False,25.0,pooled_conservative_fallback,5.0,offline_replicate_noise_v1,ROUND_007
legacy_lit_104,legacy_literature,viability_percent,unknown,67.0,1,1,,False,25.0,pooled_conservative_fallback,5.0,offline_replicate_noise_v1,ROUND_007
legacy_lit_109,legacy_literature,viability_percent,unknown,95.0,1,1,,False,25.0,pooled_conservative_fallback,5.0,offline_replicate_noise_v1,ROUND_007
legacy_lit_112,legacy_literature,viability_percent,unknown,31.883333333333336,1,1,,False,25.0,pooled_conservative_fallback,5.0,offline_replicate_noise_v1,ROUND_007
legacy_lit_114,legacy_literature,viability_percent,unknown,87.56,1,1,,False,25.0,pooled_conservative_fallback,5.0,offline_replicate_noise_v1,ROUND_007
legacy_lit_115,legacy_literature,viability_percent,unknown,86.0,1,1,,False,25.0,pooled_conservative_fallback,5.0,offline_replicate_noise_v1,ROUND_007
legacy_lit_116,legacy_literature,viability_percent,unknown,85.6,1,1,,False,25.0,pooled_conservative_fallback,5.0,offline_replicate_noise_v1,ROUND_007
legacy_lit_118,legacy_literature,viability_percent,unknown,46.8,1,1,,False,25.0,pooled_conservative_fallback,5.0,offline_replicate_noise_v1,ROUND_007
legacy_lit_119,legacy_literature,viability_percent,unknown,40.0,1,1,,False,25.0,pooled_conservative_fallback,5.0,offline_replicate_noise_v1,ROUND_007
legacy_lit_12,legacy_literature,viability_percent,unknown,95.2,1,1,,False,25.0,pooled_conservative_fallback,5.0,offline_replicate_noise_v1,ROUND_007
legacy_lit_120,legacy_literature,viability_percent,unknown,40.0,1,1,,False,25.0,pooled_conservative_fallback,5.0,offline_replicate_noise_v1,ROUND_007
legacy_lit_121,legacy_literature,viability_percent,unknown,79.8,1,1,,False,25.0,pooled_conservative_fallback,5.0,offline_replicate_noise_v1,ROUND_007
legacy_lit_126,legacy_literature,viability_percent,unknown,82.9,1,1,,False,25.0,pooled_conservative_fallback,5.0,offline_replicate_noise_v1,ROUND_007
legacy_lit_127,legacy_literature,viability_percent,unknown,70.0,1,1,,False,25.0,pooled_conservative_fallback,5.0,offline_replicate_noise_v1,ROUND_007
legacy_lit_128,legacy_literature,viability_percent,unknown,80.0,1,1,,False,25.0,pooled_conservative_fallback,5.0,offline_replicate_noise_v1,ROUND_007
legacy_lit_129,legacy_literature,viability_percent,unknown,56.0,1,1,,False,25.0,pooled_conservative_fallback,5.0,offline_replicate_noise_v1,ROUND_007
legacy_lit_13,legacy_literature,viability_percent,unknown,86.8,1,1,,False,25.0,pooled_conservative_fallback,5.0,offline_replicate_noise_v1,ROUND_007
legacy_lit_130,legacy_literature,viability_percent,unknown,65.0,1,1,,False,25.0,pooled_conservative_fallback,5.0,offline_replicate_noise_v1,ROUND_007
legacy_lit_131,legacy_literature,viability_percent,unknown,32.0,1,1,,False,25.0,pooled_conservative_fallback,5.0,offline_replicate_noise_v1,ROUND_007
legacy_lit_132,legacy_literature,viability_percent,unknown,38.0,1,1,,False,25.0,pooled_conservative_fallback,5.0,offline_replicate_noise_v1,ROUND_007
legacy_lit_133,legacy_literature,viability_percent,unknown,68.0,1,1,,False,25.0,pooled_conservative_fallback,5.0,offline_replicate_noise_v1,ROUND_007
legacy_lit_134,legacy_literature,viability_percent,unknown,73.0,1,1,,False,25.0,pooled_conservative_fallback,5.0,offline_replicate_noise_v1,ROUND_007
legacy_lit_135,legacy_literature,viability_percent,unknown,60.0,1,1,,False,25.0,pooled_conservative_fallback,5.0,offline_replicate_noise_v1,ROUND_007
legacy_lit_136,legacy_literature,viability_percent,unknown,40.0,1,1,,False,25.0,pooled_conservative_fallback,5.0,offline_replicate_noise_v1,ROUND_007
legacy_lit_137,legacy_literature,viability_percent,unknown,70.0,1,1,,False,25.0,pooled_conservative_fallback,5.0,offline_replicate_noise_v1,ROUND_007
legacy_lit_138,legacy_literature,viability_percent,unknown,0.0,1,1,,False,25.0,pooled_conservative_fallback,5.0,offline_replicate_noise_v1,ROUND_007
legacy_lit_15,legacy_literature,viability_percent,unknown,89.8,1,1,,False,25.0,pooled_conservative_fallback,5.0,offline_replicate_noise_v1,ROUND_007
legacy_lit_16,legacy_literature,viability_percent,unknown,95.7,1,1,,False,25.0,pooled_conservative_fallback,5.0,offline_replicate_noise_v1,ROUND_007
legacy_lit_18,legacy_literature,viability_percent,unknown,94.18,1,1,,False,25.0,pooled_conservative_fallback,5.0,offline_replicate_noise_v1,ROUND_007
legacy_lit_19,legacy_literature,viability_percent,unknown,92.35,1,1,,False,25.0,pooled_conservative_fallback,5.0,offline_replicate_noise_v1,ROUND_007
legacy_lit_194,legacy_literature,viability_percent,unknown,55.0,1,1,,False,25.0,pooled_conservative_fallback,5.0,offline_replicate_noise_v1,ROUND_007
legacy_lit_195,legacy_literature,viability_percent,unknown,58.0,1,1,,False,25.0,pooled_conservative_fallback,5.0,offline_replicate_noise_v1,ROUND_007
legacy_lit_196,legacy_literature,viability_percent,unknown,80.0,1,1,,False,25.0,pooled_conservative_fallback,5.0,offline_replicate_noise_v1,ROUND_007
legacy_lit_197,legacy_literature,viability_percent,unknown,83.0,1,1,,False,25.0,pooled_conservative_fallback,5.0,offline_replicate_noise_v1,ROUND_007
legacy_lit_198,legacy_literature,viability_percent,unknown,86.0,1,1,,False,25.0,pooled_conservative_fallback,5.0,offline_replicate_noise_v1,ROUND_007
legacy_lit_199,legacy_literature,viability_percent,unknown,80.0,1,1,,False,25.0,pooled_conservative_fallback,5.0,offline_replicate_noise_v1,ROUND_007
legacy_lit_2,legacy_literature,viability_percent,unknown,12.5,1,1,,False,25.0,pooled_conservative_fallback,5.0,offline_replicate_noise_v1,ROUND_007
legacy_lit_20,legacy_literature,viability_percent,unknown,89.43,1,1,,False,25.0,pooled_conservative_fallback,5.0,offline_replicate_noise_v1,ROUND_007
legacy_lit_200,legacy_literature,viability_percent,unknown,80.0,1,1,,False,25.0,pooled_conservative_fallback,5.0,offline_replicate_noise_v1,ROUND_007
legacy_lit_202,legacy_literature,viability_percent,unknown,65.0,1,1,,False,25.0,pooled_conservative_fallback,5.0,offline_replicate_noise_v1,ROUND_007
legacy_lit_203,legacy_literature,viability_percent,unknown,63.0,1,1,,False,25.0,pooled_conservative_fallback,5.0,offline_replicate_noise_v1,ROUND_007
legacy_lit_204,legacy_literature,viability_percent,unknown,67.0,1,1,,False,25.0,pooled_conservative_fallback,5.0,offline_replicate_noise_v1,ROUND_007
legacy_lit_205,legacy_literature,viability_percent,unknown,75.0,1,1,,False,25.0,pooled_conservative_fallback,5.0,offline_replicate_noise_v1,ROUND_007
legacy_lit_206,legacy_literature,viability_percent,unknown,70.0,1,1,,False,25.0,pooled_conservative_fallback,5.0,offline_replicate_noise_v1,ROUND_007
legacy_lit_207,legacy_literature,viability_percent,unknown,70.0,1,1,,False,25.0,pooled_conservative_fallback,5.0,offline_replicate_noise_v1,ROUND_007
legacy_lit_208,legacy_literature,viability_percent,unknown,78.0,1,1,,False,25.0,pooled_conservative_fallback,5.0,offline_replicate_noise_v1,ROUND_007
legacy_lit_209,legacy_literature,viability_percent,unknown,70.0,1,1,,False,25.0,pooled_conservative_fallback,5.0,offline_replicate_noise_v1,ROUND_007
legacy_lit_21,legacy_literature,viability_percent,unknown,68.0,1,1,,False,25.0,pooled_conservative_fallback,5.0,offline_replicate_noise_v1,ROUND_007
legacy_lit_212,legacy_literature,viability_percent,unknown,69.66666666666667,1,1,,False,25.0,pooled_conservative_fallback,5.0,offline_replicate_noise_v1,ROUND_007
legacy_lit_215,legacy_literature,viability_percent,unknown,78.33333333333333,1,1,,False,25.0,pooled_conservative_fallback,5.0,offline_replicate_noise_v1,ROUND_007
legacy_lit_218,legacy_literature,viability_percent,unknown,65.0,1,1,,False,25.0,pooled_conservative_fallback,5.0,offline_replicate_noise_v1,ROUND_007
legacy_lit_22,legacy_literature,viability_percent,unknown,82.25,1,1,,False,25.0,pooled_conservative_fallback,5.0,offline_replicate_noise_v1,ROUND_007
legacy_lit_221,legacy_literature,viability_percent,unknown,70.66666666666667,1,1,,False,25.0,pooled_conservative_fallback,5.0,offline_replicate_noise_v1,ROUND_007
legacy_lit_224,legacy_literature,viability_percent,unknown,91.0,1,1,,False,25.0,pooled_conservative_fallback,5.0,offline_replicate_noise_v1,ROUND_007
legacy_lit_225,legacy_literature,viability_percent,unknown,38.0,1,1,,False,25.0,pooled_conservative_fallback,5.0,offline_replicate_noise_v1,ROUND_007
legacy_lit_235,legacy_literature,viability_percent,unknown,80.0,1,1,,False,25.0,pooled_conservative_fallback,5.0,offline_replicate_noise_v1,ROUND_007
legacy_lit_236,legacy_literature,viability_percent,unknown,83.4,1,1,,False,25.0,pooled_conservative_fallback,5.0,offline_replicate_noise_v1,ROUND_007
legacy_lit_237,legacy_literature,viability_percent,unknown,93.4,1,1,,False,25.0,pooled_conservative_fallback,5.0,offline_replicate_noise_v1,ROUND_007
legacy_lit_251,legacy_literature,viability_percent,unknown,5.0,1,1,,False,25.0,pooled_conservative_fallback,5.0,offline_replicate_noise_v1,ROUND_007
legacy_lit_252,legacy_literature,viability_percent,unknown,17.0,1,1,,False,25.0,pooled_conservative_fallback,5.0,offline_replicate_noise_v1,ROUND_007
legacy_lit_253,legacy_literature,viability_percent,unknown,60.0,1,1,,False,25.0,pooled_conservative_fallback,5.0,offline_replicate_noise_v1,ROUND_007
legacy_lit_254,legacy_literature,viability_percent,unknown,80.0,1,1,,False,25.0,pooled_conservative_fallback,5.0,offline_replicate_noise_v1,ROUND_007
legacy_lit_255,legacy_literature,viability_percent,unknown,9.833333333333334,1,1,,False,25.0,pooled_conservative_fallback,5.0,offline_replicate_noise_v1,ROUND_007
legacy_lit_256,legacy_literature,viability_percent,unknown,30.666666666666668,1,1,,False,25.0,pooled_conservative_fallback,5.0,offline_replicate_noise_v1,ROUND_007
legacy_lit_257,legacy_literature,viability_percent,unknown,62.0,1,1,,False,25.0,pooled_conservative_fallback,5.0,offline_replicate_noise_v1,ROUND_007
legacy_lit_258,legacy_literature,viability_percent,unknown,78.0,1,1,,False,25.0,pooled_conservative_fallback,5.0,offline_replicate_noise_v1,ROUND_007
legacy_lit_259,legacy_literature,viability_percent,unknown,7.0,1,1,,False,25.0,pooled_conservative_fallback,5.0,offline_replicate_noise_v1,ROUND_007
legacy_lit_260,legacy_literature,viability_percent,unknown,19.0,1,1,,False,25.0,pooled_conservative_fallback,5.0,offline_replicate_noise_v1,ROUND_007
legacy_lit_261,legacy_literature,viability_percent,unknown,75.0,1,1,,False,25.0,pooled_conservative_fallback,5.0,offline_replicate_noise_v1,ROUND_007
legacy_lit_262,legacy_literature,viability_percent,unknown,80.0,1,1,,False,25.0,pooled_conservative_fallback,5.0,offline_replicate_noise_v1,ROUND_007
legacy_lit_27,legacy_literature,viability_percent,unknown,70.0,1,1,,False,25.0,pooled_conservative_fallback,5.0,offline_replicate_noise_v1,ROUND_007
legacy_lit_274,legacy_literature,viability_percent,unknown,18.0,1,1,,False,25.0,pooled_conservative_fallback,5.0,offline_replicate_noise_v1,ROUND_007
legacy_lit_275,legacy_literature,viability_percent,unknown,30.0,1,1,,False,25.0,pooled_conservative_fallback,5.0,offline_replicate_noise_v1,ROUND_007
legacy_lit_276,legacy_literature,viability_percent,unknown,78.0,1,1,,False,25.0,pooled_conservative_fallback,5.0,offline_replicate_noise_v1,ROUND_007
legacy_lit_277,legacy_literature,viability_percent,unknown,84.0,1,1,,False,25.0,pooled_conservative_fallback,5.0,offline_replicate_noise_v1,ROUND_007
legacy_lit_278,legacy_literature,viability_percent,unknown,40.0,1,1,,False,25.0,pooled_conservative_fallback,5.0,offline_replicate_noise_v1,ROUND_007
legacy_lit_281,legacy_literature,viability_percent,unknown,74.0,1,1,,False,25.0,pooled_conservative_fallback,5.0,offline_replicate_noise_v1,ROUND_007
legacy_lit_287,legacy_literature,viability_percent,unknown,60.0,1,1,,False,25.0,pooled_conservative_fallback,5.0,offline_replicate_noise_v1,ROUND_007
legacy_lit_288,legacy_literature,viability_percent,unknown,82.0,1,1,,False,25.0,pooled_conservative_fallback,5.0,offline_replicate_noise_v1,ROUND_007
legacy_lit_289,legacy_literature,viability_percent,unknown,94.0,1,1,,False,25.0,pooled_conservative_fallback,5.0,offline_replicate_noise_v1,ROUND_007
legacy_lit_29,legacy_literature,viability_percent,unknown,58.0,1,1,,False,25.0,pooled_conservative_fallback,5.0,offline_replicate_noise_v1,ROUND_007
legacy_lit_299,legacy_literature,viability_percent,unknown,62.666666666666664,1,1,,False,25.0,pooled_conservative_fallback,5.0,offline_replicate_noise_v1,ROUND_007
legacy_lit_3,legacy_literature,viability_percent,unknown,77.74,1,1,,False,25.0,pooled_conservative_fallback,5.0,offline_replicate_noise_v1,ROUND_007
legacy_lit_30,legacy_literature,viability_percent,unknown,10.0,1,1,,False,25.0,pooled_conservative_fallback,5.0,offline_replicate_noise_v1,ROUND_007
legacy_lit_306,legacy_literature,viability_percent,unknown,99.0,1,1,,False,25.0,pooled_conservative_fallback,5.0,offline_replicate_noise_v1,ROUND_007
legacy_lit_308,legacy_literature,viability_percent,unknown,83.0,1,1,,False,25.0,pooled_conservative_fallback,5.0,offline_replicate_noise_v1,ROUND_007
legacy_lit_309,legacy_literature,viability_percent,unknown,99.0,1,1,,False,25.0,pooled_conservative_fallback,5.0,offline_replicate_noise_v1,ROUND_007
legacy_lit_31,legacy_literature,viability_percent,unknown,17.0,1,1,,False,25.0,pooled_conservative_fallback,5.0,offline_replicate_noise_v1,ROUND_007
legacy_lit_310,legacy_literature,viability_percent,unknown,87.0,1,1,,False,25.0,pooled_conservative_fallback,5.0,offline_replicate_noise_v1,ROUND_007
legacy_lit_313,legacy_literature,viability_percent,unknown,10.0,1,1,,False,25.0,pooled_conservative_fallback,5.0,offline_replicate_noise_v1,ROUND_007
legacy_lit_314,legacy_literature,viability_percent,unknown,10.0,1,1,,False,25.0,pooled_conservative_fallback,5.0,offline_replicate_noise_v1,ROUND_007
legacy_lit_315,legacy_literature,viability_percent,unknown,10.0,1,1,,False,25.0,pooled_conservative_fallback,5.0,offline_replicate_noise_v1,ROUND_007
legacy_lit_316,legacy_literature,viability_percent,unknown,73.0,1,1,,False,25.0,pooled_conservative_fallback,5.0,offline_replicate_noise_v1,ROUND_007
legacy_lit_317,legacy_literature,viability_percent,unknown,45.0,1,1,,False,25.0,pooled_conservative_fallback,5.0,offline_replicate_noise_v1,ROUND_007
legacy_lit_318,legacy_literature,viability_percent,unknown,38.0,1,1,,False,25.0,pooled_conservative_fallback,5.0,offline_replicate_noise_v1,ROUND_007
legacy_lit_319,legacy_literature,viability_percent,unknown,80.0,1,1,,False,25.0,pooled_conservative_fallback,5.0,offline_replicate_noise_v1,ROUND_007
legacy_lit_32,legacy_literature,viability_percent,unknown,20.0,1,1,,False,25.0,pooled_conservative_fallback,5.0,offline_replicate_noise_v1,ROUND_007
legacy_lit_322,legacy_literature,viability_percent,unknown,63.02,1,1,,False,25.0,pooled_conservative_fallback,5.0,offline_replicate_noise_v1,ROUND_007
legacy_lit_323,legacy_literature,viability_percent,unknown,77.66666666666667,1,1,,False,25.0,pooled_conservative_fallback,5.0,offline_replicate_noise_v1,ROUND_007
legacy_lit_326,legacy_literature,viability_percent,unknown,74.33333333333333,1,1,,False,25.0,pooled_conservative_fallback,5.0,offline_replicate_noise_v1,ROUND_007
legacy_lit_329,legacy_literature,viability_percent,unknown,61.666666666666664,1,1,,False,25.0,pooled_conservative_fallback,5.0,offline_replicate_noise_v1,ROUND_007
legacy_lit_33,legacy_literature,viability_percent,unknown,22.0,1,1,,False,25.0,pooled_conservative_fallback,5.0,offline_replicate_noise_v1,ROUND_007
legacy_lit_332,legacy_literature,viability_percent,unknown,72.0,1,1,,False,25.0,pooled_conservative_fallback,5.0,offline_replicate_noise_v1,ROUND_007
legacy_lit_338,legacy_literature,viability_percent,unknown,84.3,1,1,,False,25.0,pooled_conservative_fallback,5.0,offline_replicate_noise_v1,ROUND_007
legacy_lit_339,legacy_literature,viability_percent,unknown,84.3,1,1,,False,25.0,pooled_conservative_fallback,5.0,offline_replicate_noise_v1,ROUND_007
legacy_lit_34,legacy_literature,viability_percent,unknown,50.0,1,1,,False,25.0,pooled_conservative_fallback,5.0,offline_replicate_noise_v1,ROUND_007
legacy_lit_341,legacy_literature,viability_percent,unknown,81.0,1,1,,False,25.0,pooled_conservative_fallback,5.0,offline_replicate_noise_v1,ROUND_007
legacy_lit_343,legacy_literature,viability_percent,unknown,60.6,1,1,,False,25.0,pooled_conservative_fallback,5.0,offline_replicate_noise_v1,ROUND_007
legacy_lit_346,legacy_literature,viability_percent,unknown,68.5,1,1,,False,25.0,pooled_conservative_fallback,5.0,offline_replicate_noise_v1,ROUND_007
legacy_lit_347,legacy_literature,viability_percent,unknown,69.5,1,1,,False,25.0,pooled_conservative_fallback,5.0,offline_replicate_noise_v1,ROUND_007
legacy_lit_349,legacy_literature,viability_percent,unknown,70.0,1,1,,False,25.0,pooled_conservative_fallback,5.0,offline_replicate_noise_v1,ROUND_007
legacy_lit_35,legacy_literature,viability_percent,unknown,80.0,1,1,,False,25.0,pooled_conservative_fallback,5.0,offline_replicate_noise_v1,ROUND_007
legacy_lit_350,legacy_literature,viability_percent,unknown,71.0,1,1,,False,25.0,pooled_conservative_fallback,5.0,offline_replicate_noise_v1,ROUND_007
legacy_lit_351,legacy_literature,viability_percent,unknown,73.1,1,1,,False,25.0,pooled_conservative_fallback,5.0,offline_replicate_noise_v1,ROUND_007
legacy_lit_352,legacy_literature,viability_percent,unknown,69.6,1,1,,False,25.0,pooled_conservative_fallback,5.0,offline_replicate_noise_v1,ROUND_007
legacy_lit_353,legacy_literature,viability_percent,unknown,72.0,1,1,,False,25.0,pooled_conservative_fallback,5.0,offline_replicate_noise_v1,ROUND_007
legacy_lit_354,legacy_literature,viability_percent,unknown,73.8,1,1,,False,25.0,pooled_conservative_fallback,5.0,offline_replicate_noise_v1,ROUND_007
legacy_lit_355,legacy_literature,viability_percent,unknown,68.2,1,1,,False,25.0,pooled_conservative_fallback,5.0,offline_replicate_noise_v1,ROUND_007
legacy_lit_356,legacy_literature,viability_percent,unknown,73.0,1,1,,False,25.0,pooled_conservative_fallback,5.0,offline_replicate_noise_v1,ROUND_007
legacy_lit_357,legacy_literature,viability_percent,unknown,74.9,1,1,,False,25.0,pooled_conservative_fallback,5.0,offline_replicate_noise_v1,ROUND_007
legacy_lit_358,legacy_literature,viability_percent,unknown,42.4,1,1,,False,25.0,pooled_conservative_fallback,5.0,offline_replicate_noise_v1,ROUND_007
legacy_lit_359,legacy_literature,viability_percent,unknown,47.6,1,1,,False,25.0,pooled_conservative_fallback,5.0,offline_replicate_noise_v1,ROUND_007
legacy_lit_36,legacy_literature,viability_percent,unknown,70.0,1,1,,False,25.0,pooled_conservative_fallback,5.0,offline_replicate_noise_v1,ROUND_007
legacy_lit_360,legacy_literature,viability_percent,unknown,52.1,1,1,,False,25.0,pooled_conservative_fallback,5.0,offline_replicate_noise_v1,ROUND_007
legacy_lit_361,legacy_literature,viability_percent,unknown,50.3,1,1,,False,25.0,pooled_conservative_fallback,5.0,offline_replicate_noise_v1,ROUND_007
legacy_lit_362,legacy_literature,viability_percent,unknown,55.3,1,1,,False,25.0,pooled_conservative_fallback,5.0,offline_replicate_noise_v1,ROUND_007
legacy_lit_363,legacy_literature,viability_percent,unknown,69.0,1,1,,False,25.0,pooled_conservative_fallback,5.0,offline_replicate_noise_v1,ROUND_007
legacy_lit_368,legacy_literature,viability_percent,unknown,88.0,1,1,,False,25.0,pooled_conservative_fallback,5.0,offline_replicate_noise_v1,ROUND_007
legacy_lit_369,legacy_literature,viability_percent,unknown,92.7,1,1,,False,25.0,pooled_conservative_fallback,5.0,offline_replicate_noise_v1,ROUND_007
legacy_lit_37,legacy_literature,viability_percent,unknown,100.0,1,1,,False,25.0,pooled_conservative_fallback,5.0,offline_replicate_noise_v1,ROUND_007
legacy_lit_370,legacy_literature,viability_percent,unknown,90.0,1,1,,False,25.0,pooled_conservative_fallback,5.0,offline_replicate_noise_v1,ROUND_007
legacy_lit_372,legacy_literature,viability_percent,unknown,22.5,1,1,,False,25.0,pooled_conservative_fallback,5.0,offline_replicate_noise_v1,ROUND_007
legacy_lit_373,legacy_literature,viability_percent,unknown,72.5,1,1,,False,25.0,pooled_conservative_fallback,5.0,offline_replicate_noise_v1,ROUND_007
legacy_lit_374,legacy_literature,viability_percent,unknown,73.95,1,1,,False,25.0,pooled_conservative_fallback,5.0,offline_replicate_noise_v1,ROUND_007
legacy_lit_375,legacy_literature,viability_percent,unknown,81.3,1,1,,False,25.0,pooled_conservative_fallback,5.0,offline_replicate_noise_v1,ROUND_007
legacy_lit_376,legacy_literature,viability_percent,unknown,86.05,1,1,,False,25.0,pooled_conservative_fallback,5.0,offline_replicate_noise_v1,ROUND_007
legacy_lit_38,legacy_literature,viability_percent,unknown,100.0,1,1,,False,25.0,pooled_conservative_fallback,5.0,offline_replicate_noise_v1,ROUND_007
legacy_lit_383,legacy_literature,viability_percent,unknown,5.0,1,1,,False,25.0,pooled_conservative_fallback,5.0,offline_replicate_noise_v1,ROUND_007
legacy_lit_386,legacy_literature,viability_percent,unknown,77.0,1,1,,False,25.0,pooled_conservative_fallback,5.0,offline_replicate_noise_v1,ROUND_007
legacy_lit_39,legacy_literature,viability_percent,unknown,80.0,1,1,,False,25.0,pooled_conservative_fallback,5.0,offline_replicate_noise_v1,ROUND_007
legacy_lit_4,legacy_literature,viability_percent,unknown,81.43333333333332,1,1,,False,25.0,pooled_conservative_fallback,5.0,offline_replicate_noise_v1,ROUND_007
legacy_lit_41,legacy_literature,viability_percent,unknown,51.5,1,1,,False,25.0,pooled_conservative_fallback,5.0,offline_replicate_noise_v1,ROUND_007
legacy_lit_43,legacy_literature,viability_percent,unknown,85.07,1,1,,False,25.0,pooled_conservative_fallback,5.0,offline_replicate_noise_v1,ROUND_007
legacy_lit_44,legacy_literature,viability_percent,unknown,22.0,1,1,,False,25.0,pooled_conservative_fallback,5.0,offline_replicate_noise_v1,ROUND_007
legacy_lit_45,legacy_literature,viability_percent,unknown,28.0,1,1,,False,25.0,pooled_conservative_fallback,5.0,offline_replicate_noise_v1,ROUND_007
legacy_lit_46,legacy_literature,viability_percent,unknown,65.0,1,1,,False,25.0,pooled_conservative_fallback,5.0,offline_replicate_noise_v1,ROUND_007
legacy_lit_47,legacy_literature,viability_percent,unknown,68.0,1,1,,False,25.0,pooled_conservative_fallback,5.0,offline_replicate_noise_v1,ROUND_007
legacy_lit_48,legacy_literature,viability_percent,unknown,85.65,1,1,,False,25.0,pooled_conservative_fallback,5.0,offline_replicate_noise_v1,ROUND_007
legacy_lit_49,legacy_literature,viability_percent,unknown,88.5,1,1,,False,25.0,pooled_conservative_fallback,5.0,offline_replicate_noise_v1,ROUND_007
legacy_lit_5,legacy_literature,viability_percent,unknown,84.5,1,1,,False,25.0,pooled_conservative_fallback,5.0,offline_replicate_noise_v1,ROUND_007
legacy_lit_50,legacy_literature,viability_percent,unknown,70.6,1,1,,False,25.0,pooled_conservative_fallback,5.0,offline_replicate_noise_v1,ROUND_007
legacy_lit_51,legacy_literature,viability_percent,unknown,64.1,1,1,,False,25.0,pooled_conservative_fallback,5.0,offline_replicate_noise_v1,ROUND_007
legacy_lit_52,legacy_literature,viability_percent,unknown,47.0,1,1,,False,25.0,pooled_conservative_fallback,5.0,offline_replicate_noise_v1,ROUND_007
legacy_lit_53,legacy_literature,viability_percent,unknown,56.0,1,1,,False,25.0,pooled_conservative_fallback,5.0,offline_replicate_noise_v1,ROUND_007
legacy_lit_54,legacy_literature,viability_percent,unknown,65.0,1,1,,False,25.0,pooled_conservative_fallback,5.0,offline_replicate_noise_v1,ROUND_007
legacy_lit_55,legacy_literature,viability_percent,unknown,58.0,1,1,,False,25.0,pooled_conservative_fallback,5.0,offline_replicate_noise_v1,ROUND_007
legacy_lit_56,legacy_literature,viability_percent,unknown,63.333333333333336,1,1,,False,25.0,pooled_conservative_fallback,5.0,offline_replicate_noise_v1,ROUND_007
legacy_lit_57,legacy_literature,viability_percent,unknown,57.666666666666664,1,1,,False,25.0,pooled_conservative_fallback,5.0,offline_replicate_noise_v1,ROUND_007
legacy_lit_58,legacy_literature,viability_percent,unknown,50.0,1,1,,False,25.0,pooled_conservative_fallback,5.0,offline_replicate_noise_v1,ROUND_007
legacy_lit_59,legacy_literature,viability_percent,unknown,77.0,1,1,,False,25.0,pooled_conservative_fallback,5.0,offline_replicate_noise_v1,ROUND_007
legacy_lit_6,legacy_literature,viability_percent,unknown,83.0,1,1,,False,25.0,pooled_conservative_fallback,5.0,offline_replicate_noise_v1,ROUND_007
legacy_lit_63,legacy_literature,viability_percent,unknown,80.0,1,1,,False,25.0,pooled_conservative_fallback,5.0,offline_replicate_noise_v1,ROUND_007
legacy_lit_65,legacy_literature,viability_percent,unknown,81.33333333333333,1,1,,False,25.0,pooled_conservative_fallback,5.0,offline_replicate_noise_v1,ROUND_007
legacy_lit_67,legacy_literature,viability_percent,unknown,56.0,1,1,,False,25.0,pooled_conservative_fallback,5.0,offline_replicate_noise_v1,ROUND_007
legacy_lit_68,legacy_literature,viability_percent,unknown,74.0,1,1,,False,25.0,pooled_conservative_fallback,5.0,offline_replicate_noise_v1,ROUND_007
legacy_lit_69,legacy_literature,viability_percent,unknown,92.0,1,1,,False,25.0,pooled_conservative_fallback,5.0,offline_replicate_noise_v1,ROUND_007
legacy_lit_7,legacy_literature,viability_percent,unknown,82.14,1,1,,False,25.0,pooled_conservative_fallback,5.0,offline_replicate_noise_v1,ROUND_007
legacy_lit_70,legacy_literature,viability_percent,unknown,47.0,1,1,,False,25.0,pooled_conservative_fallback,5.0,offline_replicate_noise_v1,ROUND_007
legacy_lit_71,legacy_literature,viability_percent,unknown,76.0,1,1,,False,25.0,pooled_conservative_fallback,5.0,offline_replicate_noise_v1,ROUND_007
legacy_lit_74,legacy_literature,viability_percent,unknown,78.0,1,1,,False,25.0,pooled_conservative_fallback,5.0,offline_replicate_noise_v1,ROUND_007
legacy_lit_75,legacy_literature,viability_percent,unknown,83.0,1,1,,False,25.0,pooled_conservative_fallback,5.0,offline_replicate_noise_v1,ROUND_007
legacy_lit_76,legacy_literature,viability_percent,unknown,21.0,1,1,,False,25.0,pooled_conservative_fallback,5.0,offline_replicate_noise_v1,ROUND_007
legacy_lit_77,legacy_literature,viability_percent,unknown,28.0,1,1,,False,25.0,pooled_conservative_fallback,5.0,offline_replicate_noise_v1,ROUND_007
legacy_lit_78,legacy_literature,viability_percent,unknown,36.0,1,1,,False,25.0,pooled_conservative_fallback,5.0,offline_replicate_noise_v1,ROUND_007
legacy_lit_79,legacy_literature,viability_percent,unknown,38.0,1,1,,False,25.0,pooled_conservative_fallback,5.0,offline_replicate_noise_v1,ROUND_007
legacy_lit_8,legacy_literature,viability_percent,unknown,69.625,1,1,,False,25.0,pooled_conservative_fallback,5.0,offline_replicate_noise_v1,ROUND_007
legacy_lit_84,legacy_literature,viability_percent,unknown,82.5,1,1,,False,25.0,pooled_conservative_fallback,5.0,offline_replicate_noise_v1,ROUND_007
legacy_lit_85,legacy_literature,viability_percent,unknown,82.6,1,1,,False,25.0,pooled_conservative_fallback,5.0,offline_replicate_noise_v1,ROUND_007
legacy_lit_86,legacy_literature,viability_percent,unknown,5.7,1,1,,False,25.0,pooled_conservative_fallback,5.0,offline_replicate_noise_v1,ROUND_007
legacy_lit_87,legacy_literature,viability_percent,unknown,49.3,1,1,,False,25.0,pooled_conservative_fallback,5.0,offline_replicate_noise_v1,ROUND_007
legacy_lit_88,legacy_literature,viability_percent,unknown,69.7,1,1,,False,25.0,pooled_conservative_fallback,5.0,offline_replicate_noise_v1,ROUND_007
legacy_lit_89,legacy_literature,viability_percent,unknown,55.5,1,1,,False,25.0,pooled_conservative_fallback,5.0,offline_replicate_noise_v1,ROUND_007
legacy_lit_9,legacy_literature,viability_percent,unknown,65.48,1,1,,False,25.0,pooled_conservative_fallback,5.0,offline_replicate_noise_v1,ROUND_007
legacy_lit_90,legacy_literature,viability_percent,unknown,4.6,1,1,,False,25.0,pooled_conservative_fallback,5.0,offline_replicate_noise_v1,ROUND_007
legacy_lit_91,legacy_literature,viability_percent,unknown,53.2,1,1,,False,25.0,pooled_conservative_fallback,5.0,offline_replicate_noise_v1,ROUND_007
legacy_lit_92,legacy_literature,viability_percent,unknown,72.1,1,1,,False,25.0,pooled_conservative_fallback,5.0,offline_replicate_noise_v1,ROUND_007
legacy_lit_93,legacy_literature,viability_percent,unknown,61.8,1,1,,False,25.0,pooled_conservative_fallback,5.0,offline_replicate_noise_v1,ROUND_007
legacy_lit_94,legacy_literature,viability_percent,unknown,55.4,1,1,,False,25.0,pooled_conservative_fallback,5.0,offline_replicate_noise_v1,ROUND_007
legacy_lit_95,legacy_literature,viability_percent,unknown,69.2,1,1,,False,25.0,pooled_conservative_fallback,5.0,offline_replicate_noise_v1,ROUND_007
legacy_lit_96,legacy_literature,viability_percent,unknown,64.3,1,1,,False,25.0,pooled_conservative_fallback,5.0,offline_replicate_noise_v1,ROUND_007
legacy_lit_97,legacy_literature,viability_percent,unknown,70.5,1,1,,False,25.0,pooled_conservative_fallback,5.0,offline_replicate_noise_v1,ROUND_007
legacy_lit_98,legacy_literature,viability_percent,unknown,72.5,1,1,,False,25.0,pooled_conservative_fallback,5.0,offline_replicate_noise_v1,ROUND_007
legacy_lit_99,legacy_literature,viability_percent,unknown,65.0,1,1,,False,25.0,pooled_conservative_fallback,5.0,offline_replicate_noise_v1,ROUND_007
legacy_wetlab_EXP101,legacy_wetlab,viability_percent,unknown,21.01,1,1,,False,25.0,pooled_conservative_fallback,5.0,offline_replicate_noise_v1,ROUND_007
legacy_wetlab_EXP102,legacy_wetlab,viability_percent,unknown,38.14,1,1,,False,25.0,pooled_conservative_fallback,5.0,offline_replicate_noise_v1,ROUND_007
legacy_wetlab_EXP103,legacy_wetlab,viability_percent,unknown,7.44,1,1,,False,25.0,pooled_conservative_fallback,5.0,offline_replicate_noise_v1,ROUND_007
legacy_wetlab_EXP104,legacy_wetlab,viability_percent,unknown,29.7,1,1,,False,25.0,pooled_conservative_fallback,5.0,offline_replicate_noise_v1,ROUND_007
legacy_wetlab_EXP105,legacy_wetlab,viability_percent,unknown,18.31,1,1,,False,25.0,pooled_conservative_fallback,5.0,offline_replicate_noise_v1,ROUND_007
legacy_wetlab_EXP106,legacy_wetlab,viability_percent,unknown,8.39,1,1,,False,25.0,pooled_conservative_fallback,5.0,offline_replicate_noise_v1,ROUND_007
legacy_wetlab_EXP1101,legacy_wetlab,viability_percent,unknown,15.27,1,1,,False,25.0,pooled_conservative_fallback,5.0,offline_replicate_noise_v1,ROUND_007
legacy_wetlab_EXP1102,legacy_wetlab,viability_percent,unknown,6.9,1,1,,False,25.0,pooled_conservative_fallback,5.0,offline_replicate_noise_v1,ROUND_007
legacy_wetlab_EXP1103,legacy_wetlab,viability_percent,unknown,26.68,1,1,,False,25.0,pooled_conservative_fallback,5.0,offline_replicate_noise_v1,ROUND_007
legacy_wetlab_EXP1104,legacy_wetlab,viability_percent,unknown,36.3,1,1,,False,25.0,pooled_conservative_fallback,5.0,offline_replicate_noise_v1,ROUND_007
legacy_wetlab_EXP1105,legacy_wetlab,viability_percent,unknown,79.09,1,1,,False,25.0,pooled_conservative_fallback,5.0,offline_replicate_noise_v1,ROUND_007
legacy_wetlab_EXP1106,legacy_wetlab,viability_percent,unknown,48.85,1,1,,False,25.0,pooled_conservative_fallback,5.0,offline_replicate_noise_v1,ROUND_007
legacy_wetlab_EXP1201,legacy_wetlab,viability_percent,unknown,31.9,1,1,,False,25.0,pooled_conservative_fallback,5.0,offline_replicate_noise_v1,ROUND_007
legacy_wetlab_EXP1202,legacy_wetlab,viability_percent,unknown,28.41,1,1,,False,25.0,pooled_conservative_fallback,5.0,offline_replicate_noise_v1,ROUND_007
legacy_wetlab_EXP1203,legacy_wetlab,viability_percent,unknown,20.26,1,1,,False,25.0,pooled_conservative_fallback,5.0,offline_replicate_noise_v1,ROUND_007
legacy_wetlab_EXP1205,legacy_wetlab,viability_percent,unknown,31.19,1,1,,False,25.0,pooled_conservative_fallback,5.0,offline_replicate_noise_v1,ROUND_007
legacy_wetlab_EXP1206,legacy_wetlab,viability_percent,unknown,36.12,1,1,,False,25.0,pooled_conservative_fallback,5.0,offline_replicate_noise_v1,ROUND_007
legacy_wetlab_EXP201,legacy_wetlab,viability_percent,unknown,9.78,1,1,,False,25.0,pooled_conservative_fallback,5.0,offline_replicate_noise_v1,ROUND_007
legacy_wetlab_EXP202,legacy_wetlab,viability_percent,unknown,32.42,1,1,,False,25.0,pooled_conservative_fallback,5.0,offline_replicate_noise_v1,ROUND_007
legacy_wetlab_EXP203,legacy_wetlab,viability_percent,unknown,52.32,1,1,,False,25.0,pooled_conservative_fallback,5.0,offline_replicate_noise_v1,ROUND_007
legacy_wetlab_EXP204,legacy_wetlab,viability_percent,unknown,50.29,1,1,,False,25.0,pooled_conservative_fallback,5.0,offline_replicate_noise_v1,ROUND_007
legacy_wetlab_EXP205,legacy_wetlab,viability_percent,unknown,63.31,1,1,,False,25.0,pooled_conservative_fallback,5.0,offline_replicate_noise_v1,ROUND_007
legacy_wetlab_EXP206,legacy_wetlab,viability_percent,unknown,58.73,1,1,,False,25.0,pooled_conservative_fallback,5.0,offline_replicate_noise_v1,ROUND_007
legacy_wetlab_EXP2101,legacy_wetlab,viability_percent,unknown,28.99,1,1,,False,25.0,pooled_conservative_fallback,5.0,offline_replicate_noise_v1,ROUND_007
legacy_wetlab_EXP2102,legacy_wetlab,viability_percent,unknown,28.14,1,1,,False,25.0,pooled_conservative_fallback,5.0,offline_replicate_noise_v1,ROUND_007
legacy_wetlab_EXP2103,legacy_wetlab,viability_percent,unknown,51.61,1,1,,False,25.0,pooled_conservative_fallback,5.0,offline_replicate_noise_v1,ROUND_007
legacy_wetlab_EXP2104,legacy_wetlab,viability_percent,unknown,53.4,1,1,,False,25.0,pooled_conservative_fallback,5.0,offline_replicate_noise_v1,ROUND_007
legacy_wetlab_EXP2105,legacy_wetlab,viability_percent,unknown,8.66,1,1,,False,25.0,pooled_conservative_fallback,5.0,offline_replicate_noise_v1,ROUND_007
legacy_wetlab_EXP2106,legacy_wetlab,viability_percent,unknown,34.8,1,1,,False,25.0,pooled_conservative_fallback,5.0,offline_replicate_noise_v1,ROUND_007
legacy_wetlab_EXP301,legacy_wetlab,viability_percent,unknown,28.19,1,1,,False,25.0,pooled_conservative_fallback,5.0,offline_replicate_noise_v1,ROUND_007
legacy_wetlab_EXP302,legacy_wetlab,viability_percent,unknown,56.18,1,1,,False,25.0,pooled_conservative_fallback,5.0,offline_replicate_noise_v1,ROUND_007
legacy_wetlab_EXP303,legacy_wetlab,viability_percent,unknown,6.5,1,1,,False,25.0,pooled_conservative_fallback,5.0,offline_replicate_noise_v1,ROUND_007
legacy_wetlab_EXP304,legacy_wetlab,viability_percent,unknown,53.19,1,1,,False,25.0,pooled_conservative_fallback,5.0,offline_replicate_noise_v1,ROUND_007
legacy_wetlab_EXP305,legacy_wetlab,viability_percent,unknown,72.93,1,1,,False,25.0,pooled_conservative_fallback,5.0,offline_replicate_noise_v1,ROUND_007
legacy_wetlab_EXP306,legacy_wetlab,viability_percent,unknown,69.78,1,1,,False,25.0,pooled_conservative_fallback,5.0,offline_replicate_noise_v1,ROUND_007
legacy_wetlab_EXP3101,legacy_wetlab,viability_percent,unknown,63.61,1,1,,False,25.0,pooled_conservative_fallback,5.0,offline_replicate_noise_v1,ROUND_007
legacy_wetlab_EXP3102,legacy_wetlab,viability_percent,unknown,51.94,1,1,,False,25.0,pooled_conservative_fallback,5.0,offline_replicate_noise_v1,ROUND_007
legacy_wetlab_EXP3103,legacy_wetlab,viability_percent,unknown,32.75,1,1,,False,25.0,pooled_conservative_fallback,5.0,offline_replicate_noise_v1,ROUND_007
legacy_wetlab_EXP3104,legacy_wetlab,viability_percent,unknown,49.99,1,1,,False,25.0,pooled_conservative_fallback,5.0,offline_replicate_noise_v1,ROUND_007
legacy_wetlab_EXP3105,legacy_wetlab,viability_percent,unknown,41.32,1,1,,False,25.0,pooled_conservative_fallback,5.0,offline_replicate_noise_v1,ROUND_007
legacy_wetlab_EXP3106,legacy_wetlab,viability_percent,unknown,42.1,1,1,,False,25.0,pooled_conservative_fallback,5.0,offline_replicate_noise_v1,ROUND_007
legacy_wetlab_EXP3107,legacy_wetlab,viability_percent,unknown,63.25,1,1,,False,25.0,pooled_conservative_fallback,5.0,offline_replicate_noise_v1,ROUND_007
legacy_wetlab_EXP3108,legacy_wetlab,viability_percent,unknown,35.08,1,1,,False,25.0,pooled_conservative_fallback,5.0,offline_replicate_noise_v1,ROUND_007
legacy_wetlab_EXP4101,legacy_wetlab,viability_percent,unknown,62.32,1,1,,False,25.0,pooled_conservative_fallback,5.0,offline_replicate_noise_v1,ROUND_007
legacy_wetlab_EXP4102,legacy_wetlab,viability_percent,unknown,59.76,1,1,,False,25.0,pooled_conservative_fallback,5.0,offline_replicate_noise_v1,ROUND_007
legacy_wetlab_EXP4103,legacy_wetlab,viability_percent,unknown,73.15,1,1,,False,25.0,pooled_conservative_fallback,5.0,offline_replicate_noise_v1,ROUND_007
legacy_wetlab_EXP4104,legacy_wetlab,viability_percent,unknown,76.91,1,1,,False,25.0,pooled_conservative_fallback,5.0,offline_replicate_noise_v1,ROUND_007
legacy_wetlab_EXP4105,legacy_wetlab,viability_percent,unknown,78.31,1,1,,False,25.0,pooled_conservative_fallback,5.0,offline_replicate_noise_v1,ROUND_007
legacy_wetlab_EXP4106,legacy_wetlab,viability_percent,unknown,71.59,1,1,,False,25.0,pooled_conservative_fallback,5.0,offline_replicate_noise_v1,ROUND_007
legacy_wetlab_EXP5101,legacy_wetlab,viability_percent,unknown,49.0,1,1,,False,25.0,pooled_conservative_fallback,5.0,offline_replicate_noise_v1,ROUND_007
legacy_wetlab_EXP5102,legacy_wetlab,viability_percent,unknown,70.04,1,1,,False,25.0,pooled_conservative_fallback,5.0,offline_replicate_noise_v1,ROUND_007
legacy_wetlab_EXP5103,legacy_wetlab,viability_percent,unknown,72.48,1,1,,False,25.0,pooled_conservative_fallback,5.0,offline_replicate_noise_v1,ROUND_007
legacy_wetlab_EXP5104,legacy_wetlab,viability_percent,unknown,92.63,1,1,,False,25.0,pooled_conservative_fallback,5.0,offline_replicate_noise_v1,ROUND_007
legacy_wetlab_EXP5105,legacy_wetlab,viability_percent,unknown,91.2,1,1,,False,25.0,pooled_conservative_fallback,5.0,offline_replicate_noise_v1,ROUND_007
legacy_wetlab_EXP5106,legacy_wetlab,viability_percent,unknown,91.4,1,1,,False,25.0,pooled_conservative_fallback,5.0,offline_replicate_noise_v1,ROUND_007
legacy_wetlab_EXP5107,legacy_wetlab,viability_percent,unknown,75.16,1,1,,False,25.0,pooled_conservative_fallback,5.0,offline_replicate_noise_v1,ROUND_007
legacy_wetlab_EXP5108,legacy_wetlab,viability_percent,unknown,59.17,1,1,,False,25.0,pooled_conservative_fallback,5.0,offline_replicate_noise_v1,ROUND_007
legacy_wetlab_EXP5109,legacy_wetlab,viability_percent,unknown,94.32,1,1,,False,25.0,pooled_conservative_fallback,5.0,offline_replicate_noise_v1,ROUND_007
legacy_wetlab_EXP5110,legacy_wetlab,viability_percent,unknown,95.15,1,1,,False,25.0,pooled_conservative_fallback,5.0,offline_replicate_noise_v1,ROUND_007
legacy_wetlab_EXP5111,legacy_wetlab,viability_percent,unknown,88.78,1,1,,False,25.0,pooled_conservative_fallback,5.0,offline_replicate_noise_v1,ROUND_007
legacy_wetlab_EXP5112,legacy_wetlab,viability_percent,unknown,87.85,1,1,,False,25.0,pooled_conservative_fallback,5.0,offline_replicate_noise_v1,ROUND_007
legacy_wetlab_EXP5201,legacy_wetlab,viability_percent,unknown,27.08,1,1,,False,25.0,pooled_conservative_fallback,5.0,offline_replicate_noise_v1,ROUND_007
legacy_wetlab_EXP5202,legacy_wetlab,viability_percent,unknown,29.46,1,1,,False,25.0,pooled_conservative_fallback,5.0,offline_replicate_noise_v1,ROUND_007
legacy_wetlab_EXP5203,legacy_wetlab,viability_percent,unknown,59.95,1,1,,False,25.0,pooled_conservative_fallback,5.0,offline_replicate_noise_v1,ROUND_007
legacy_wetlab_EXP5204,legacy_wetlab,viability_percent,unknown,71.75,1,1,,False,25.0,pooled_conservative_fallback,5.0,offline_replicate_noise_v1,ROUND_007
legacy_wetlab_EXP5205,legacy_wetlab,viability_percent,unknown,6.86,1,1,,False,25.0,pooled_conservative_fallback,5.0,offline_replicate_noise_v1,ROUND_007
legacy_wetlab_EXP5206,legacy_wetlab,viability_percent,unknown,13.35,1,1,,False,25.0,pooled_conservative_fallback,5.0,offline_replicate_noise_v1,ROUND_007
legacy_wetlab_EXP5207,legacy_wetlab,viability_percent,unknown,48.34,1,1,,False,25.0,pooled_conservative_fallback,5.0,offline_replicate_noise_v1,ROUND_007
legacy_wetlab_EXP5208,legacy_wetlab,viability_percent,unknown,12.02,1,1,,False,25.0,pooled_conservative_fallback,5.0,offline_replicate_noise_v1,ROUND_007
legacy_wetlab_EXP5209,legacy_wetlab,viability_percent,unknown,60.43,1,1,,False,25.0,pooled_conservative_fallback,5.0,offline_replicate_noise_v1,ROUND_007
legacy_wetlab_EXP5210,legacy_wetlab,viability_percent,unknown,20.96,1,1,,False,25.0,pooled_conservative_fallback,5.0,offline_replicate_noise_v1,ROUND_007
legacy_wetlab_EXP5211,legacy_wetlab,viability_percent,unknown,7.39,1,1,,False,25.0,pooled_conservative_fallback,5.0,offline_replicate_noise_v1,ROUND_007
legacy_wetlab_EXP6101,legacy_wetlab,viability_percent,unknown,74.16,1,1,,False,25.0,pooled_conservative_fallback,5.0,offline_replicate_noise_v1,ROUND_007
legacy_wetlab_EXP6102,legacy_wetlab,viability_percent,unknown,73.88,1,1,,False,25.0,pooled_conservative_fallback,5.0,offline_replicate_noise_v1,ROUND_007
legacy_wetlab_EXP6103,legacy_wetlab,viability_percent,unknown,71.12,1,1,,False,25.0,pooled_conservative_fallback,5.0,offline_replicate_noise_v1,ROUND_007
legacy_wetlab_EXP6104,legacy_wetlab,viability_percent,unknown,65.5,1,1,,False,25.0,pooled_conservative_fallback,5.0,offline_replicate_noise_v1,ROUND_007
legacy_wetlab_EXP6105,legacy_wetlab,viability_percent,unknown,53.08,1,1,,False,25.0,pooled_conservative_fallback,5.0,offline_replicate_noise_v1,ROUND_007
legacy_wetlab_EXP6106,legacy_wetlab,viability_percent,unknown,71.41,1,1,,False,25.0,pooled_conservative_fallback,5.0,offline_replicate_noise_v1,ROUND_007
legacy_wetlab_EXP7101,legacy_wetlab,viability_percent,unknown,72.98,1,1,,False,25.0,pooled_conservative_fallback,5.0,offline_replicate_noise_v1,ROUND_007
legacy_wetlab_EXP7102,legacy_wetlab,viability_percent,unknown,79.04,1,1,,False,25.0,pooled_conservative_fallback,5.0,offline_replicate_noise_v1,ROUND_007
legacy_wetlab_EXP7103,legacy_wetlab,viability_percent,unknown,76.36,1,1,,False,25.0,pooled_conservative_fallback,5.0,offline_replicate_noise_v1,ROUND_007
legacy_wetlab_EXP7104,legacy_wetlab,viability_percent,unknown,75.91,1,1,,False,25.0,pooled_conservative_fallback,5.0,offline_replicate_noise_v1,ROUND_007
legacy_wetlab_EXP7105,legacy_wetlab,viability_percent,unknown,73.57,1,1,,False,25.0,pooled_conservative_fallback,5.0,offline_replicate_noise_v1,ROUND_007
legacy_wetlab_EXP7106,legacy_wetlab,viability_percent,unknown,74.55,1,1,,False,25.0,pooled_conservative_fallback,5.0,offline_replicate_noise_v1,ROUND_007
legacy_wetlab_EXP7107,legacy_wetlab,viability_percent,unknown,70.97,1,1,,False,25.0,pooled_conservative_fallback,5.0,offline_replicate_noise_v1,ROUND_007
legacy_wetlab_EXP7108,legacy_wetlab,viability_percent,unknown,70.64,1,1,,False,25.0,pooled_conservative_fallback,5.0,offline_replicate_noise_v1,ROUND_007
legacy_wetlab_EXP7109,legacy_wetlab,viability_percent,unknown,11.49,1,1,,False,25.0,pooled_conservative_fallback,5.0,offline_replicate_noise_v1,ROUND_007
legacy_wetlab_EXP7110,legacy_wetlab,viability_percent,unknown,50.31,1,1,,False,25.0,pooled_conservative_fallback,5.0,offline_replicate_noise_v1,ROUND_007
legacy_wetlab_EXP7111,legacy_wetlab,viability_percent,unknown,35.29,1,1,,False,25.0,pooled_conservative_fallback,5.0,offline_replicate_noise_v1,ROUND_007
legacy_wetlab_EXP7112,legacy_wetlab,viability_percent,unknown,41.07,1,1,,False,25.0,pooled_conservative_fallback,5.0,offline_replicate_noise_v1,ROUND_007
legacy_wetlab_EXP8101,legacy_wetlab,viability_percent,unknown,71.22,1,1,,False,25.0,pooled_conservative_fallback,5.0,offline_replicate_noise_v1,ROUND_007
legacy_wetlab_EXP8102,legacy_wetlab,viability_percent,unknown,71.7,1,1,,False,25.0,pooled_conservative_fallback,5.0,offline_replicate_noise_v1,ROUND_007
legacy_wetlab_EXP8103,legacy_wetlab,viability_percent,unknown,69.97,1,1,,False,25.0,pooled_conservative_fallback,5.0,offline_replicate_noise_v1,ROUND_007
legacy_wetlab_EXP8104,legacy_wetlab,viability_percent,unknown,58.76,1,1,,False,25.0,pooled_conservative_fallback,5.0,offline_replicate_noise_v1,ROUND_007
legacy_wetlab_EXP8105,legacy_wetlab,viability_percent,unknown,64.69,1,1,,False,25.0,pooled_conservative_fallback,5.0,offline_replicate_noise_v1,ROUND_007
legacy_wetlab_EXP8106,legacy_wetlab,viability_percent,unknown,64.37,1,1,,False,25.0,pooled_conservative_fallback,5.0,offline_replicate_noise_v1,ROUND_007
legacy_wetlab_EXP8107,legacy_wetlab,viability_percent,unknown,54.64,1,1,,False,25.0,pooled_conservative_fallback,5.0,offline_replicate_noise_v1,ROUND_007
legacy_wetlab_EXP8108,legacy_wetlab,viability_percent,unknown,39.82,1,1,,False,25.0,pooled_conservative_fallback,5.0,offline_replicate_noise_v1,ROUND_007
legacy_wetlab_EXP9101,legacy_wetlab,viability_percent,unknown,75.43,1,1,,False,25.0,pooled_conservative_fallback,5.0,offline_replicate_noise_v1,ROUND_007
legacy_wetlab_EXP9102,legacy_wetlab,viability_percent,unknown,70.72,1,1,,False,25.0,pooled_conservative_fallback,5.0,offline_replicate_noise_v1,ROUND_007
legacy_wetlab_EXP9103,legacy_wetlab,viability_percent,unknown,71.75,1,1,,False,25.0,pooled_conservative_fallback,5.0,offline_replicate_noise_v1,ROUND_007
legacy_wetlab_EXP9104,legacy_wetlab,viability_percent,unknown,74.92,1,1,,False,25.0,pooled_conservative_fallback,5.0,offline_replicate_noise_v1,ROUND_007
legacy_wetlab_EXP9105,legacy_wetlab,viability_percent,unknown,75.16,1,1,,False,25.0,pooled_conservative_fallback,5.0,offline_replicate_noise_v1,ROUND_007
legacy_wetlab_EXP9106,legacy_wetlab,viability_percent,unknown,67.06,1,1,,False,25.0,pooled_conservative_fallback,5.0,offline_replicate_noise_v1,ROUND_007
legacy_wetlab_EXP9107,legacy_wetlab,viability_percent,unknown,61.47,1,1,,False,25.0,pooled_conservative_fallback,5.0,offline_replicate_noise_v1,ROUND_007
legacy_wetlab_EXP9108,legacy_wetlab,viability_percent,unknown,36.44,1,1,,False,25.0,pooled_conservative_fallback,5.0,offline_replicate_noise_v1,ROUND_007
v2_011eef292ff1,ROUND_005,viability_percent,unknown,31.85,4,1,,False,25.0,pooled_conservative_fallback,5.0,offline_replicate_noise_v1,ROUND_007
v2_0a63a12b60f3,ROUND_003,viability_percent,unknown,38.0,2,1,,False,25.0,pooled_conservative_fallback,5.0,offline_replicate_noise_v1,ROUND_007
v2_0e9e2b605ce7,ROUND_004,viability_percent,unknown,50.515,4,1,,False,25.0,pooled_conservative_fallback,5.0,offline_replicate_noise_v1,ROUND_007
v2_0edd7362eda9,ROUND_006,viability_percent,unknown,8.025,4,1,,False,25.0,pooled_conservative_fallback,5.0,offline_replicate_noise_v1,ROUND_007
v2_117f554a123f,ROUND_005,viability_percent,unknown,11.912499999999998,4,1,,False,25.0,pooled_conservative_fallback,5.0,offline_replicate_noise_v1,ROUND_007
v2_13f1ff7a70b9,ROUND_006,viability_percent,unknown,53.712500000000006,4,1,,False,25.0,pooled_conservative_fallback,5.0,offline_replicate_noise_v1,ROUND_007
v2_19eed4dca0d3,ROUND_001,viability_percent,unknown,35.84,1,1,,False,25.0,pooled_conservative_fallback,5.0,offline_replicate_noise_v1,ROUND_007
v2_1be28fc1c3ad,ROUND_005,viability_percent,unknown,53.3425,4,1,,False,25.0,pooled_conservative_fallback,5.0,offline_replicate_noise_v1,ROUND_007
v2_1d06992cb257,ROUND_004,viability_percent,unknown,35.825,4,1,,False,25.0,pooled_conservative_fallback,5.0,offline_replicate_noise_v1,ROUND_007
v2_1e09bd3298a1,ROUND_004,viability_percent,unknown,0.69,4,1,,False,25.0,pooled_conservative_fallback,5.0,offline_replicate_noise_v1,ROUND_007
v2_21a3a498433e,ROUND_001,viability_percent,unknown,36.22,1,1,,False,25.0,pooled_conservative_fallback,5.0,offline_replicate_noise_v1,ROUND_007
v2_237544a25f30,ROUND_001,viability_percent,unknown,69.21,1,1,,False,25.0,pooled_conservative_fallback,5.0,offline_replicate_noise_v1,ROUND_007
v2_27a2b16cc327,ROUND_003,viability_percent,unknown,53.0,2,1,,False,25.0,pooled_conservative_fallback,5.0,offline_replicate_noise_v1,ROUND_007
v2_2eead01c8392,ROUND_001,viability_percent,unknown,60.53,1,1,,False,25.0,pooled_conservative_fallback,5.0,offline_replicate_noise_v1,ROUND_007
v2_34d667ff4762,ROUND_002,viability_percent,unknown,63.879999999999995,4,1,,False,25.0,pooled_conservative_fallback,5.0,offline_replicate_noise_v1,ROUND_007
v2_384020959c42,ROUND_002,viability_percent,unknown,21.375,4,1,,False,25.0,pooled_conservative_fallback,5.0,offline_replicate_noise_v1,ROUND_007
v2_3db5f7aa7cdd,ROUND_003,viability_percent,unknown,38.0,2,1,,False,25.0,pooled_conservative_fallback,5.0,offline_replicate_noise_v1,ROUND_007
v2_3e8ef993abba,ROUND_002,viability_percent,unknown,65.5625,4,1,,False,25.0,pooled_conservative_fallback,5.0,offline_replicate_noise_v1,ROUND_007
v2_40e9f706b46d,ROUND_005,viability_percent,unknown,19.355,4,1,,False,25.0,pooled_conservative_fallback,5.0,offline_replicate_noise_v1,ROUND_007
v2_42188f45e98a,ROUND_002,viability_percent,unknown,38.805,4,1,,False,25.0,pooled_conservative_fallback,5.0,offline_replicate_noise_v1,ROUND_007
v2_430e18c49d10,ROUND_003,viability_percent,unknown,65.0,2,1,,False,25.0,pooled_conservative_fallback,5.0,offline_replicate_noise_v1,ROUND_007
v2_445849cbfa02,ROUND_006,viability_percent,unknown,10.96,4,1,,False,25.0,pooled_conservative_fallback,5.0,offline_replicate_noise_v1,ROUND_007
v2_4673547a29eb,ROUND_006,viability_percent,unknown,6.817499999999999,4,1,,False,25.0,pooled_conservative_fallback,5.0,offline_replicate_noise_v1,ROUND_007
v2_49123b81735d,ROUND_001,viability_percent,unknown,40.44,1,1,,False,25.0,pooled_conservative_fallback,5.0,offline_replicate_noise_v1,ROUND_007
v2_4a0cb1ead8d1,ROUND_001,viability_percent,unknown,60.33,1,1,,False,25.0,pooled_conservative_fallback,5.0,offline_replicate_noise_v1,ROUND_007
v2_4aeffae55153,ROUND_003,viability_percent,unknown,48.5,2,1,,False,25.0,pooled_conservative_fallback,5.0,offline_replicate_noise_v1,ROUND_007
v2_4da335e6bc9d,ROUND_004,viability_percent,unknown,10.1075,4,1,,False,25.0,pooled_conservative_fallback,5.0,offline_replicate_noise_v1,ROUND_007
v2_4f4525f1566d,ROUND_003,viability_percent,unknown,36.0,2,1,,False,25.0,pooled_conservative_fallback,5.0,offline_replicate_noise_v1,ROUND_007
v2_5526047f869b,ROUND_005,viability_percent,unknown,25.5225,4,1,,False,25.0,pooled_conservative_fallback,5.0,offline_replicate_noise_v1,ROUND_007
v2_6005e837cd4b,ROUND_004,viability_percent,unknown,28.365000000000002,4,1,,False,25.0,pooled_conservative_fallback,5.0,offline_replicate_noise_v1,ROUND_007
v2_655729013931,ROUND_002,viability_percent,unknown,64.9,4,1,,False,25.0,pooled_conservative_fallback,5.0,offline_replicate_noise_v1,ROUND_007
v2_6886b09726ac,ROUND_004,viability_percent,unknown,30.2175,4,1,,False,25.0,pooled_conservative_fallback,5.0,offline_replicate_noise_v1,ROUND_007
v2_6b7389efb1b5,ROUND_001,viability_percent,unknown,35.92,1,1,,False,25.0,pooled_conservative_fallback,5.0,offline_replicate_noise_v1,ROUND_007
v2_6fb2fa9dc5d5,ROUND_004,viability_percent,unknown,58.35000000000001,4,1,,False,25.0,pooled_conservative_fallback,5.0,offline_replicate_noise_v1,ROUND_007
v2_711df1b41503,ROUND_005,viability_percent,unknown,48.332499999999996,4,1,,False,25.0,pooled_conservative_fallback,5.0,offline_replicate_noise_v1,ROUND_007
v2_75d69addc009,ROUND_002,viability_percent,unknown,29.2025,4,1,,False,25.0,pooled_conservative_fallback,5.0,offline_replicate_noise_v1,ROUND_007
v2_75d69addc009,ROUND_003,viability_percent,unknown,34.5,2,1,,False,25.0,pooled_conservative_fallback,5.0,offline_replicate_noise_v1,ROUND_007
v2_79ec2bf8acae,ROUND_005,viability_percent,unknown,31.494999999999997,4,1,,False,25.0,pooled_conservative_fallback,5.0,offline_replicate_noise_v1,ROUND_007
v2_84c11063c325,ROUND_003,viability_percent,unknown,44.5,2,1,,False,25.0,pooled_conservative_fallback,5.0,offline_replicate_noise_v1,ROUND_007
v2_88865d95334d,ROUND_005,viability_percent,unknown,1.3650000000000002,4,1,,False,25.0,pooled_conservative_fallback,5.0,offline_replicate_noise_v1,ROUND_007
v2_88865d95334d,ROUND_006,viability_percent,unknown,15.755,4,1,,False,25.0,pooled_conservative_fallback,5.0,offline_replicate_noise_v1,ROUND_007
v2_8a721b7d8f1c,ROUND_002,viability_percent,unknown,63.9975,4,1,,False,25.0,pooled_conservative_fallback,5.0,offline_replicate_noise_v1,ROUND_007
v2_8d9d8b0a7098,ROUND_004,viability_percent,unknown,50.6025,4,1,,False,25.0,pooled_conservative_fallback,5.0,offline_replicate_noise_v1,ROUND_007
v2_8f6028d7e59a,ROUND_003,viability_percent,unknown,41.0,2,1,,False,25.0,pooled_conservative_fallback,5.0,offline_replicate_noise_v1,ROUND_007
v2_98a8e114024b,ROUND_004,viability_percent,unknown,1.3325,4,1,,False,25.0,pooled_conservative_fallback,5.0,offline_replicate_noise_v1,ROUND_007
v2_9d3ceb7016d5,ROUND_006,viability_percent,unknown,10.6,4,1,,False,25.0,pooled_conservative_fallback,5.0,offline_replicate_noise_v1,ROUND_007
v2_a2b4c2d7b0b6,ROUND_001,viability_percent,unknown,24.39,1,1,,False,25.0,pooled_conservative_fallback,5.0,offline_replicate_noise_v1,ROUND_007
v2_a3cd6cc2afa7,ROUND_002,viability_percent,unknown,57.3875,4,1,,False,25.0,pooled_conservative_fallback,5.0,offline_replicate_noise_v1,ROUND_007
v2_a7291b600bea,ROUND_003,viability_percent,unknown,52.0,2,1,,False,25.0,pooled_conservative_fallback,5.0,offline_replicate_noise_v1,ROUND_007
v2_a803deb82ca6,ROUND_001,viability_percent,unknown,28.72,1,1,,False,25.0,pooled_conservative_fallback,5.0,offline_replicate_noise_v1,ROUND_007
v2_afa1348627bc,ROUND_003,viability_percent,unknown,38.5,2,1,,False,25.0,pooled_conservative_fallback,5.0,offline_replicate_noise_v1,ROUND_007
v2_b0c3376ad599,ROUND_006,viability_percent,unknown,24.755000000000003,4,1,,False,25.0,pooled_conservative_fallback,5.0,offline_replicate_noise_v1,ROUND_007
v2_b2c883db5caf,ROUND_002,viability_percent,unknown,43.185,4,1,,False,25.0,pooled_conservative_fallback,5.0,offline_replicate_noise_v1,ROUND_007
v2_b7e07e99afa8,ROUND_006,viability_percent,unknown,40.6125,4,1,,False,25.0,pooled_conservative_fallback,5.0,offline_replicate_noise_v1,ROUND_007
v2_b9ae21107fa4,ROUND_001,viability_percent,unknown,15.93,1,1,,False,25.0,pooled_conservative_fallback,5.0,offline_replicate_noise_v1,ROUND_007
v2_c52464fe22c3,ROUND_005,viability_percent,unknown,6.93,4,1,,False,25.0,pooled_conservative_fallback,5.0,offline_replicate_noise_v1,ROUND_007
v2_ced63818bdd1,ROUND_004,viability_percent,unknown,32.885,4,1,,False,25.0,pooled_conservative_fallback,5.0,offline_replicate_noise_v1,ROUND_007
v2_d93bf1a562c8,ROUND_003,viability_percent,unknown,29.0,2,1,,False,25.0,pooled_conservative_fallback,5.0,offline_replicate_noise_v1,ROUND_007
v2_d9aaefea702e,ROUND_005,viability_percent,unknown,9.2925,4,1,,False,25.0,pooled_conservative_fallback,5.0,offline_replicate_noise_v1,ROUND_007
v2_d9aaefea702e,ROUND_006,viability_percent,unknown,28.4675,4,1,,False,25.0,pooled_conservative_fallback,5.0,offline_replicate_noise_v1,ROUND_007
v2_da5df4899b60,ROUND_001,viability_percent,unknown,43.34,1,1,,False,25.0,pooled_conservative_fallback,5.0,offline_replicate_noise_v1,ROUND_007
v2_db8935ce2c34,ROUND_002,viability_percent,unknown,61.5875,4,1,,False,25.0,pooled_conservative_fallback,5.0,offline_replicate_noise_v1,ROUND_007
v2_e0e6b16a3f20,ROUND_001,viability_percent,unknown,26.53,1,1,,False,25.0,pooled_conservative_fallback,5.0,offline_replicate_noise_v1,ROUND_007
v2_e0e6b16a3f20,ROUND_002,viability_percent,unknown,30.4375,4,1,,False,25.0,pooled_conservative_fallback,5.0,offline_replicate_noise_v1,ROUND_007
v2_e579d58c9088,ROUND_006,viability_percent,unknown,8.125,4,1,,False,25.0,pooled_conservative_fallback,5.0,offline_replicate_noise_v1,ROUND_007
v2_e5b28bf5a066,ROUND_004,viability_percent,unknown,40.4675,4,1,,False,25.0,pooled_conservative_fallback,5.0,offline_replicate_noise_v1,ROUND_007
v2_ea8a9ce5fcb2,ROUND_006,viability_percent,unknown,48.99250000000001,4,1,,False,25.0,pooled_conservative_fallback,5.0,offline_replicate_noise_v1,ROUND_007
v2_eb8bb8b8618f,ROUND_004,viability_percent,unknown,52.88250000000001,4,1,,False,25.0,pooled_conservative_fallback,5.0,offline_replicate_noise_v1,ROUND_007
v2_f1b5aed4af5a,ROUND_005,viability_percent,unknown,22.145000000000003,4,1,,False,25.0,pooled_conservative_fallback,5.0,offline_replicate_noise_v1,ROUND_007
v2_f3bcb989040c,ROUND_005,viability_percent,unknown,59.182500000000005,4,1,,False,25.0,pooled_conservative_fallback,5.0,offline_replicate_noise_v1,ROUND_007
v2_fb629591d74c,ROUND_006,viability_percent,unknown,40.18,4,1,,False,25.0,pooled_conservative_fallback,5.0,offline_replicate_noise_v1,ROUND_007
v2_fc5b4c04eee9,ROUND_002,viability_percent,unknown,56.287499999999994,4,1,,False,25.0,pooled_conservative_fallback,5.0,offline_replicate_noise_v1,ROUND_007
legacy_lit_1,legacy_literature,viability_percent,unknown,96.0,1,1,,False,25.0,pooled_conservative_fallback,5.0,offline_replicate_noise_v1,ROUND_008
legacy_lit_10,legacy_literature,viability_percent,unknown,63.17777777777778,1,1,,False,25.0,pooled_conservative_fallback,5.0,offline_replicate_noise_v1,ROUND_008
legacy_lit_100,legacy_literature,viability_percent,unknown,75.0,1,1,,False,25.0,pooled_conservative_fallback,5.0,offline_replicate_noise_v1,ROUND_008
legacy_lit_101,legacy_literature,viability_percent,unknown,77.0,1,1,,False,25.0,pooled_conservative_fallback,5.0,offline_replicate_noise_v1,ROUND_008
legacy_lit_102,legacy_literature,viability_percent,unknown,43.0,1,1,,False,25.0,pooled_conservative_fallback,5.0,offline_replicate_noise_v1,ROUND_008
legacy_lit_103,legacy_literature,viability_percent,unknown,68.0,1,1,,False,25.0,pooled_conservative_fallback,5.0,offline_replicate_noise_v1,ROUND_008
legacy_lit_104,legacy_literature,viability_percent,unknown,67.0,1,1,,False,25.0,pooled_conservative_fallback,5.0,offline_replicate_noise_v1,ROUND_008
legacy_lit_109,legacy_literature,viability_percent,unknown,95.0,1,1,,False,25.0,pooled_conservative_fallback,5.0,offline_replicate_noise_v1,ROUND_008
legacy_lit_112,legacy_literature,viability_percent,unknown,31.883333333333336,1,1,,False,25.0,pooled_conservative_fallback,5.0,offline_replicate_noise_v1,ROUND_008
legacy_lit_114,legacy_literature,viability_percent,unknown,87.56,1,1,,False,25.0,pooled_conservative_fallback,5.0,offline_replicate_noise_v1,ROUND_008
legacy_lit_115,legacy_literature,viability_percent,unknown,86.0,1,1,,False,25.0,pooled_conservative_fallback,5.0,offline_replicate_noise_v1,ROUND_008
legacy_lit_116,legacy_literature,viability_percent,unknown,85.6,1,1,,False,25.0,pooled_conservative_fallback,5.0,offline_replicate_noise_v1,ROUND_008
legacy_lit_118,legacy_literature,viability_percent,unknown,46.8,1,1,,False,25.0,pooled_conservative_fallback,5.0,offline_replicate_noise_v1,ROUND_008
legacy_lit_119,legacy_literature,viability_percent,unknown,40.0,1,1,,False,25.0,pooled_conservative_fallback,5.0,offline_replicate_noise_v1,ROUND_008
legacy_lit_12,legacy_literature,viability_percent,unknown,95.2,1,1,,False,25.0,pooled_conservative_fallback,5.0,offline_replicate_noise_v1,ROUND_008
legacy_lit_120,legacy_literature,viability_percent,unknown,40.0,1,1,,False,25.0,pooled_conservative_fallback,5.0,offline_replicate_noise_v1,ROUND_008
legacy_lit_121,legacy_literature,viability_percent,unknown,79.8,1,1,,False,25.0,pooled_conservative_fallback,5.0,offline_replicate_noise_v1,ROUND_008
legacy_lit_126,legacy_literature,viability_percent,unknown,82.9,1,1,,False,25.0,pooled_conservative_fallback,5.0,offline_replicate_noise_v1,ROUND_008
legacy_lit_127,legacy_literature,viability_percent,unknown,70.0,1,1,,False,25.0,pooled_conservative_fallback,5.0,offline_replicate_noise_v1,ROUND_008
legacy_lit_128,legacy_literature,viability_percent,unknown,80.0,1,1,,False,25.0,pooled_conservative_fallback,5.0,offline_replicate_noise_v1,ROUND_008
legacy_lit_129,legacy_literature,viability_percent,unknown,56.0,1,1,,False,25.0,pooled_conservative_fallback,5.0,offline_replicate_noise_v1,ROUND_008
legacy_lit_13,legacy_literature,viability_percent,unknown,86.8,1,1,,False,25.0,pooled_conservative_fallback,5.0,offline_replicate_noise_v1,ROUND_008
legacy_lit_130,legacy_literature,viability_percent,unknown,65.0,1,1,,False,25.0,pooled_conservative_fallback,5.0,offline_replicate_noise_v1,ROUND_008
legacy_lit_131,legacy_literature,viability_percent,unknown,32.0,1,1,,False,25.0,pooled_conservative_fallback,5.0,offline_replicate_noise_v1,ROUND_008
legacy_lit_132,legacy_literature,viability_percent,unknown,38.0,1,1,,False,25.0,pooled_conservative_fallback,5.0,offline_replicate_noise_v1,ROUND_008
legacy_lit_133,legacy_literature,viability_percent,unknown,68.0,1,1,,False,25.0,pooled_conservative_fallback,5.0,offline_replicate_noise_v1,ROUND_008
legacy_lit_134,legacy_literature,viability_percent,unknown,73.0,1,1,,False,25.0,pooled_conservative_fallback,5.0,offline_replicate_noise_v1,ROUND_008
legacy_lit_135,legacy_literature,viability_percent,unknown,60.0,1,1,,False,25.0,pooled_conservative_fallback,5.0,offline_replicate_noise_v1,ROUND_008
legacy_lit_136,legacy_literature,viability_percent,unknown,40.0,1,1,,False,25.0,pooled_conservative_fallback,5.0,offline_replicate_noise_v1,ROUND_008
legacy_lit_137,legacy_literature,viability_percent,unknown,70.0,1,1,,False,25.0,pooled_conservative_fallback,5.0,offline_replicate_noise_v1,ROUND_008
legacy_lit_138,legacy_literature,viability_percent,unknown,0.0,1,1,,False,25.0,pooled_conservative_fallback,5.0,offline_replicate_noise_v1,ROUND_008
legacy_lit_15,legacy_literature,viability_percent,unknown,89.8,1,1,,False,25.0,pooled_conservative_fallback,5.0,offline_replicate_noise_v1,ROUND_008
legacy_lit_16,legacy_literature,viability_percent,unknown,95.7,1,1,,False,25.0,pooled_conservative_fallback,5.0,offline_replicate_noise_v1,ROUND_008
legacy_lit_18,legacy_literature,viability_percent,unknown,94.18,1,1,,False,25.0,pooled_conservative_fallback,5.0,offline_replicate_noise_v1,ROUND_008
legacy_lit_19,legacy_literature,viability_percent,unknown,92.35,1,1,,False,25.0,pooled_conservative_fallback,5.0,offline_replicate_noise_v1,ROUND_008
legacy_lit_194,legacy_literature,viability_percent,unknown,55.0,1,1,,False,25.0,pooled_conservative_fallback,5.0,offline_replicate_noise_v1,ROUND_008
legacy_lit_195,legacy_literature,viability_percent,unknown,58.0,1,1,,False,25.0,pooled_conservative_fallback,5.0,offline_replicate_noise_v1,ROUND_008
legacy_lit_196,legacy_literature,viability_percent,unknown,80.0,1,1,,False,25.0,pooled_conservative_fallback,5.0,offline_replicate_noise_v1,ROUND_008
legacy_lit_197,legacy_literature,viability_percent,unknown,83.0,1,1,,False,25.0,pooled_conservative_fallback,5.0,offline_replicate_noise_v1,ROUND_008
legacy_lit_198,legacy_literature,viability_percent,unknown,86.0,1,1,,False,25.0,pooled_conservative_fallback,5.0,offline_replicate_noise_v1,ROUND_008
legacy_lit_199,legacy_literature,viability_percent,unknown,80.0,1,1,,False,25.0,pooled_conservative_fallback,5.0,offline_replicate_noise_v1,ROUND_008
legacy_lit_2,legacy_literature,viability_percent,unknown,12.5,1,1,,False,25.0,pooled_conservative_fallback,5.0,offline_replicate_noise_v1,ROUND_008
legacy_lit_20,legacy_literature,viability_percent,unknown,89.43,1,1,,False,25.0,pooled_conservative_fallback,5.0,offline_replicate_noise_v1,ROUND_008
legacy_lit_200,legacy_literature,viability_percent,unknown,80.0,1,1,,False,25.0,pooled_conservative_fallback,5.0,offline_replicate_noise_v1,ROUND_008
legacy_lit_202,legacy_literature,viability_percent,unknown,65.0,1,1,,False,25.0,pooled_conservative_fallback,5.0,offline_replicate_noise_v1,ROUND_008
legacy_lit_203,legacy_literature,viability_percent,unknown,63.0,1,1,,False,25.0,pooled_conservative_fallback,5.0,offline_replicate_noise_v1,ROUND_008
legacy_lit_204,legacy_literature,viability_percent,unknown,67.0,1,1,,False,25.0,pooled_conservative_fallback,5.0,offline_replicate_noise_v1,ROUND_008
legacy_lit_205,legacy_literature,viability_percent,unknown,75.0,1,1,,False,25.0,pooled_conservative_fallback,5.0,offline_replicate_noise_v1,ROUND_008
legacy_lit_206,legacy_literature,viability_percent,unknown,70.0,1,1,,False,25.0,pooled_conservative_fallback,5.0,offline_replicate_noise_v1,ROUND_008
legacy_lit_207,legacy_literature,viability_percent,unknown,70.0,1,1,,False,25.0,pooled_conservative_fallback,5.0,offline_replicate_noise_v1,ROUND_008
legacy_lit_208,legacy_literature,viability_percent,unknown,78.0,1,1,,False,25.0,pooled_conservative_fallback,5.0,offline_replicate_noise_v1,ROUND_008
legacy_lit_209,legacy_literature,viability_percent,unknown,70.0,1,1,,False,25.0,pooled_conservative_fallback,5.0,offline_replicate_noise_v1,ROUND_008
legacy_lit_21,legacy_literature,viability_percent,unknown,68.0,1,1,,False,25.0,pooled_conservative_fallback,5.0,offline_replicate_noise_v1,ROUND_008
legacy_lit_212,legacy_literature,viability_percent,unknown,69.66666666666667,1,1,,False,25.0,pooled_conservative_fallback,5.0,offline_replicate_noise_v1,ROUND_008
legacy_lit_215,legacy_literature,viability_percent,unknown,78.33333333333333,1,1,,False,25.0,pooled_conservative_fallback,5.0,offline_replicate_noise_v1,ROUND_008
legacy_lit_218,legacy_literature,viability_percent,unknown,65.0,1,1,,False,25.0,pooled_conservative_fallback,5.0,offline_replicate_noise_v1,ROUND_008
legacy_lit_22,legacy_literature,viability_percent,unknown,82.25,1,1,,False,25.0,pooled_conservative_fallback,5.0,offline_replicate_noise_v1,ROUND_008
legacy_lit_221,legacy_literature,viability_percent,unknown,70.66666666666667,1,1,,False,25.0,pooled_conservative_fallback,5.0,offline_replicate_noise_v1,ROUND_008
legacy_lit_224,legacy_literature,viability_percent,unknown,91.0,1,1,,False,25.0,pooled_conservative_fallback,5.0,offline_replicate_noise_v1,ROUND_008
legacy_lit_225,legacy_literature,viability_percent,unknown,38.0,1,1,,False,25.0,pooled_conservative_fallback,5.0,offline_replicate_noise_v1,ROUND_008
legacy_lit_235,legacy_literature,viability_percent,unknown,80.0,1,1,,False,25.0,pooled_conservative_fallback,5.0,offline_replicate_noise_v1,ROUND_008
legacy_lit_236,legacy_literature,viability_percent,unknown,83.4,1,1,,False,25.0,pooled_conservative_fallback,5.0,offline_replicate_noise_v1,ROUND_008
legacy_lit_237,legacy_literature,viability_percent,unknown,93.4,1,1,,False,25.0,pooled_conservative_fallback,5.0,offline_replicate_noise_v1,ROUND_008
legacy_lit_251,legacy_literature,viability_percent,unknown,5.0,1,1,,False,25.0,pooled_conservative_fallback,5.0,offline_replicate_noise_v1,ROUND_008
legacy_lit_252,legacy_literature,viability_percent,unknown,17.0,1,1,,False,25.0,pooled_conservative_fallback,5.0,offline_replicate_noise_v1,ROUND_008
legacy_lit_253,legacy_literature,viability_percent,unknown,60.0,1,1,,False,25.0,pooled_conservative_fallback,5.0,offline_replicate_noise_v1,ROUND_008
legacy_lit_254,legacy_literature,viability_percent,unknown,80.0,1,1,,False,25.0,pooled_conservative_fallback,5.0,offline_replicate_noise_v1,ROUND_008
legacy_lit_255,legacy_literature,viability_percent,unknown,9.833333333333334,1,1,,False,25.0,pooled_conservative_fallback,5.0,offline_replicate_noise_v1,ROUND_008
legacy_lit_256,legacy_literature,viability_percent,unknown,30.666666666666668,1,1,,False,25.0,pooled_conservative_fallback,5.0,offline_replicate_noise_v1,ROUND_008
legacy_lit_257,legacy_literature,viability_percent,unknown,62.0,1,1,,False,25.0,pooled_conservative_fallback,5.0,offline_replicate_noise_v1,ROUND_008
legacy_lit_258,legacy_literature,viability_percent,unknown,78.0,1,1,,False,25.0,pooled_conservative_fallback,5.0,offline_replicate_noise_v1,ROUND_008
legacy_lit_259,legacy_literature,viability_percent,unknown,7.0,1,1,,False,25.0,pooled_conservative_fallback,5.0,offline_replicate_noise_v1,ROUND_008
legacy_lit_260,legacy_literature,viability_percent,unknown,19.0,1,1,,False,25.0,pooled_conservative_fallback,5.0,offline_replicate_noise_v1,ROUND_008
legacy_lit_261,legacy_literature,viability_percent,unknown,75.0,1,1,,False,25.0,pooled_conservative_fallback,5.0,offline_replicate_noise_v1,ROUND_008
legacy_lit_262,legacy_literature,viability_percent,unknown,80.0,1,1,,False,25.0,pooled_conservative_fallback,5.0,offline_replicate_noise_v1,ROUND_008
legacy_lit_27,legacy_literature,viability_percent,unknown,70.0,1,1,,False,25.0,pooled_conservative_fallback,5.0,offline_replicate_noise_v1,ROUND_008
legacy_lit_274,legacy_literature,viability_percent,unknown,18.0,1,1,,False,25.0,pooled_conservative_fallback,5.0,offline_replicate_noise_v1,ROUND_008
legacy_lit_275,legacy_literature,viability_percent,unknown,30.0,1,1,,False,25.0,pooled_conservative_fallback,5.0,offline_replicate_noise_v1,ROUND_008
legacy_lit_276,legacy_literature,viability_percent,unknown,78.0,1,1,,False,25.0,pooled_conservative_fallback,5.0,offline_replicate_noise_v1,ROUND_008
legacy_lit_277,legacy_literature,viability_percent,unknown,84.0,1,1,,False,25.0,pooled_conservative_fallback,5.0,offline_replicate_noise_v1,ROUND_008
legacy_lit_278,legacy_literature,viability_percent,unknown,40.0,1,1,,False,25.0,pooled_conservative_fallback,5.0,offline_replicate_noise_v1,ROUND_008
legacy_lit_281,legacy_literature,viability_percent,unknown,74.0,1,1,,False,25.0,pooled_conservative_fallback,5.0,offline_replicate_noise_v1,ROUND_008
legacy_lit_287,legacy_literature,viability_percent,unknown,60.0,1,1,,False,25.0,pooled_conservative_fallback,5.0,offline_replicate_noise_v1,ROUND_008
legacy_lit_288,legacy_literature,viability_percent,unknown,82.0,1,1,,False,25.0,pooled_conservative_fallback,5.0,offline_replicate_noise_v1,ROUND_008
legacy_lit_289,legacy_literature,viability_percent,unknown,94.0,1,1,,False,25.0,pooled_conservative_fallback,5.0,offline_replicate_noise_v1,ROUND_008
legacy_lit_29,legacy_literature,viability_percent,unknown,58.0,1,1,,False,25.0,pooled_conservative_fallback,5.0,offline_replicate_noise_v1,ROUND_008
legacy_lit_299,legacy_literature,viability_percent,unknown,62.666666666666664,1,1,,False,25.0,pooled_conservative_fallback,5.0,offline_replicate_noise_v1,ROUND_008
legacy_lit_3,legacy_literature,viability_percent,unknown,77.74,1,1,,False,25.0,pooled_conservative_fallback,5.0,offline_replicate_noise_v1,ROUND_008
legacy_lit_30,legacy_literature,viability_percent,unknown,10.0,1,1,,False,25.0,pooled_conservative_fallback,5.0,offline_replicate_noise_v1,ROUND_008
legacy_lit_306,legacy_literature,viability_percent,unknown,99.0,1,1,,False,25.0,pooled_conservative_fallback,5.0,offline_replicate_noise_v1,ROUND_008
legacy_lit_308,legacy_literature,viability_percent,unknown,83.0,1,1,,False,25.0,pooled_conservative_fallback,5.0,offline_replicate_noise_v1,ROUND_008
legacy_lit_309,legacy_literature,viability_percent,unknown,99.0,1,1,,False,25.0,pooled_conservative_fallback,5.0,offline_replicate_noise_v1,ROUND_008
legacy_lit_31,legacy_literature,viability_percent,unknown,17.0,1,1,,False,25.0,pooled_conservative_fallback,5.0,offline_replicate_noise_v1,ROUND_008
legacy_lit_310,legacy_literature,viability_percent,unknown,87.0,1,1,,False,25.0,pooled_conservative_fallback,5.0,offline_replicate_noise_v1,ROUND_008
legacy_lit_313,legacy_literature,viability_percent,unknown,10.0,1,1,,False,25.0,pooled_conservative_fallback,5.0,offline_replicate_noise_v1,ROUND_008
legacy_lit_314,legacy_literature,viability_percent,unknown,10.0,1,1,,False,25.0,pooled_conservative_fallback,5.0,offline_replicate_noise_v1,ROUND_008
legacy_lit_315,legacy_literature,viability_percent,unknown,10.0,1,1,,False,25.0,pooled_conservative_fallback,5.0,offline_replicate_noise_v1,ROUND_008
legacy_lit_316,legacy_literature,viability_percent,unknown,73.0,1,1,,False,25.0,pooled_conservative_fallback,5.0,offline_replicate_noise_v1,ROUND_008
legacy_lit_317,legacy_literature,viability_percent,unknown,45.0,1,1,,False,25.0,pooled_conservative_fallback,5.0,offline_replicate_noise_v1,ROUND_008
legacy_lit_318,legacy_literature,viability_percent,unknown,38.0,1,1,,False,25.0,pooled_conservative_fallback,5.0,offline_replicate_noise_v1,ROUND_008
legacy_lit_319,legacy_literature,viability_percent,unknown,80.0,1,1,,False,25.0,pooled_conservative_fallback,5.0,offline_replicate_noise_v1,ROUND_008
legacy_lit_32,legacy_literature,viability_percent,unknown,20.0,1,1,,False,25.0,pooled_conservative_fallback,5.0,offline_replicate_noise_v1,ROUND_008
legacy_lit_322,legacy_literature,viability_percent,unknown,63.02,1,1,,False,25.0,pooled_conservative_fallback,5.0,offline_replicate_noise_v1,ROUND_008
legacy_lit_323,legacy_literature,viability_percent,unknown,77.66666666666667,1,1,,False,25.0,pooled_conservative_fallback,5.0,offline_replicate_noise_v1,ROUND_008
legacy_lit_326,legacy_literature,viability_percent,unknown,74.33333333333333,1,1,,False,25.0,pooled_conservative_fallback,5.0,offline_replicate_noise_v1,ROUND_008
legacy_lit_329,legacy_literature,viability_percent,unknown,61.666666666666664,1,1,,False,25.0,pooled_conservative_fallback,5.0,offline_replicate_noise_v1,ROUND_008
legacy_lit_33,legacy_literature,viability_percent,unknown,22.0,1,1,,False,25.0,pooled_conservative_fallback,5.0,offline_replicate_noise_v1,ROUND_008
legacy_lit_332,legacy_literature,viability_percent,unknown,72.0,1,1,,False,25.0,pooled_conservative_fallback,5.0,offline_replicate_noise_v1,ROUND_008
legacy_lit_338,legacy_literature,viability_percent,unknown,84.3,1,1,,False,25.0,pooled_conservative_fallback,5.0,offline_replicate_noise_v1,ROUND_008
legacy_lit_339,legacy_literature,viability_percent,unknown,84.3,1,1,,False,25.0,pooled_conservative_fallback,5.0,offline_replicate_noise_v1,ROUND_008
legacy_lit_34,legacy_literature,viability_percent,unknown,50.0,1,1,,False,25.0,pooled_conservative_fallback,5.0,offline_replicate_noise_v1,ROUND_008
legacy_lit_341,legacy_literature,viability_percent,unknown,81.0,1,1,,False,25.0,pooled_conservative_fallback,5.0,offline_replicate_noise_v1,ROUND_008
legacy_lit_343,legacy_literature,viability_percent,unknown,60.6,1,1,,False,25.0,pooled_conservative_fallback,5.0,offline_replicate_noise_v1,ROUND_008
legacy_lit_346,legacy_literature,viability_percent,unknown,68.5,1,1,,False,25.0,pooled_conservative_fallback,5.0,offline_replicate_noise_v1,ROUND_008
legacy_lit_347,legacy_literature,viability_percent,unknown,69.5,1,1,,False,25.0,pooled_conservative_fallback,5.0,offline_replicate_noise_v1,ROUND_008
legacy_lit_349,legacy_literature,viability_percent,unknown,70.0,1,1,,False,25.0,pooled_conservative_fallback,5.0,offline_replicate_noise_v1,ROUND_008
legacy_lit_35,legacy_literature,viability_percent,unknown,80.0,1,1,,False,25.0,pooled_conservative_fallback,5.0,offline_replicate_noise_v1,ROUND_008
legacy_lit_350,legacy_literature,viability_percent,unknown,71.0,1,1,,False,25.0,pooled_conservative_fallback,5.0,offline_replicate_noise_v1,ROUND_008
legacy_lit_351,legacy_literature,viability_percent,unknown,73.1,1,1,,False,25.0,pooled_conservative_fallback,5.0,offline_replicate_noise_v1,ROUND_008
legacy_lit_352,legacy_literature,viability_percent,unknown,69.6,1,1,,False,25.0,pooled_conservative_fallback,5.0,offline_replicate_noise_v1,ROUND_008
legacy_lit_353,legacy_literature,viability_percent,unknown,72.0,1,1,,False,25.0,pooled_conservative_fallback,5.0,offline_replicate_noise_v1,ROUND_008
legacy_lit_354,legacy_literature,viability_percent,unknown,73.8,1,1,,False,25.0,pooled_conservative_fallback,5.0,offline_replicate_noise_v1,ROUND_008
legacy_lit_355,legacy_literature,viability_percent,unknown,68.2,1,1,,False,25.0,pooled_conservative_fallback,5.0,offline_replicate_noise_v1,ROUND_008
legacy_lit_356,legacy_literature,viability_percent,unknown,73.0,1,1,,False,25.0,pooled_conservative_fallback,5.0,offline_replicate_noise_v1,ROUND_008
legacy_lit_357,legacy_literature,viability_percent,unknown,74.9,1,1,,False,25.0,pooled_conservative_fallback,5.0,offline_replicate_noise_v1,ROUND_008
legacy_lit_358,legacy_literature,viability_percent,unknown,42.4,1,1,,False,25.0,pooled_conservative_fallback,5.0,offline_replicate_noise_v1,ROUND_008
legacy_lit_359,legacy_literature,viability_percent,unknown,47.6,1,1,,False,25.0,pooled_conservative_fallback,5.0,offline_replicate_noise_v1,ROUND_008
legacy_lit_36,legacy_literature,viability_percent,unknown,70.0,1,1,,False,25.0,pooled_conservative_fallback,5.0,offline_replicate_noise_v1,ROUND_008
legacy_lit_360,legacy_literature,viability_percent,unknown,52.1,1,1,,False,25.0,pooled_conservative_fallback,5.0,offline_replicate_noise_v1,ROUND_008
legacy_lit_361,legacy_literature,viability_percent,unknown,50.3,1,1,,False,25.0,pooled_conservative_fallback,5.0,offline_replicate_noise_v1,ROUND_008
legacy_lit_362,legacy_literature,viability_percent,unknown,55.3,1,1,,False,25.0,pooled_conservative_fallback,5.0,offline_replicate_noise_v1,ROUND_008
legacy_lit_363,legacy_literature,viability_percent,unknown,69.0,1,1,,False,25.0,pooled_conservative_fallback,5.0,offline_replicate_noise_v1,ROUND_008
legacy_lit_368,legacy_literature,viability_percent,unknown,88.0,1,1,,False,25.0,pooled_conservative_fallback,5.0,offline_replicate_noise_v1,ROUND_008
legacy_lit_369,legacy_literature,viability_percent,unknown,92.7,1,1,,False,25.0,pooled_conservative_fallback,5.0,offline_replicate_noise_v1,ROUND_008
legacy_lit_37,legacy_literature,viability_percent,unknown,100.0,1,1,,False,25.0,pooled_conservative_fallback,5.0,offline_replicate_noise_v1,ROUND_008
legacy_lit_370,legacy_literature,viability_percent,unknown,90.0,1,1,,False,25.0,pooled_conservative_fallback,5.0,offline_replicate_noise_v1,ROUND_008
legacy_lit_372,legacy_literature,viability_percent,unknown,22.5,1,1,,False,25.0,pooled_conservative_fallback,5.0,offline_replicate_noise_v1,ROUND_008
legacy_lit_373,legacy_literature,viability_percent,unknown,72.5,1,1,,False,25.0,pooled_conservative_fallback,5.0,offline_replicate_noise_v1,ROUND_008
legacy_lit_374,legacy_literature,viability_percent,unknown,73.95,1,1,,False,25.0,pooled_conservative_fallback,5.0,offline_replicate_noise_v1,ROUND_008
legacy_lit_375,legacy_literature,viability_percent,unknown,81.3,1,1,,False,25.0,pooled_conservative_fallback,5.0,offline_replicate_noise_v1,ROUND_008
legacy_lit_376,legacy_literature,viability_percent,unknown,86.05,1,1,,False,25.0,pooled_conservative_fallback,5.0,offline_replicate_noise_v1,ROUND_008
legacy_lit_38,legacy_literature,viability_percent,unknown,100.0,1,1,,False,25.0,pooled_conservative_fallback,5.0,offline_replicate_noise_v1,ROUND_008
legacy_lit_383,legacy_literature,viability_percent,unknown,5.0,1,1,,False,25.0,pooled_conservative_fallback,5.0,offline_replicate_noise_v1,ROUND_008
legacy_lit_386,legacy_literature,viability_percent,unknown,77.0,1,1,,False,25.0,pooled_conservative_fallback,5.0,offline_replicate_noise_v1,ROUND_008
legacy_lit_39,legacy_literature,viability_percent,unknown,80.0,1,1,,False,25.0,pooled_conservative_fallback,5.0,offline_replicate_noise_v1,ROUND_008
legacy_lit_4,legacy_literature,viability_percent,unknown,81.43333333333332,1,1,,False,25.0,pooled_conservative_fallback,5.0,offline_replicate_noise_v1,ROUND_008
legacy_lit_41,legacy_literature,viability_percent,unknown,51.5,1,1,,False,25.0,pooled_conservative_fallback,5.0,offline_replicate_noise_v1,ROUND_008
legacy_lit_43,legacy_literature,viability_percent,unknown,85.07,1,1,,False,25.0,pooled_conservative_fallback,5.0,offline_replicate_noise_v1,ROUND_008
legacy_lit_44,legacy_literature,viability_percent,unknown,22.0,1,1,,False,25.0,pooled_conservative_fallback,5.0,offline_replicate_noise_v1,ROUND_008
legacy_lit_45,legacy_literature,viability_percent,unknown,28.0,1,1,,False,25.0,pooled_conservative_fallback,5.0,offline_replicate_noise_v1,ROUND_008
legacy_lit_46,legacy_literature,viability_percent,unknown,65.0,1,1,,False,25.0,pooled_conservative_fallback,5.0,offline_replicate_noise_v1,ROUND_008
legacy_lit_47,legacy_literature,viability_percent,unknown,68.0,1,1,,False,25.0,pooled_conservative_fallback,5.0,offline_replicate_noise_v1,ROUND_008
legacy_lit_48,legacy_literature,viability_percent,unknown,85.65,1,1,,False,25.0,pooled_conservative_fallback,5.0,offline_replicate_noise_v1,ROUND_008
legacy_lit_49,legacy_literature,viability_percent,unknown,88.5,1,1,,False,25.0,pooled_conservative_fallback,5.0,offline_replicate_noise_v1,ROUND_008
legacy_lit_5,legacy_literature,viability_percent,unknown,84.5,1,1,,False,25.0,pooled_conservative_fallback,5.0,offline_replicate_noise_v1,ROUND_008
legacy_lit_50,legacy_literature,viability_percent,unknown,70.6,1,1,,False,25.0,pooled_conservative_fallback,5.0,offline_replicate_noise_v1,ROUND_008
legacy_lit_51,legacy_literature,viability_percent,unknown,64.1,1,1,,False,25.0,pooled_conservative_fallback,5.0,offline_replicate_noise_v1,ROUND_008
legacy_lit_52,legacy_literature,viability_percent,unknown,47.0,1,1,,False,25.0,pooled_conservative_fallback,5.0,offline_replicate_noise_v1,ROUND_008
legacy_lit_53,legacy_literature,viability_percent,unknown,56.0,1,1,,False,25.0,pooled_conservative_fallback,5.0,offline_replicate_noise_v1,ROUND_008
legacy_lit_54,legacy_literature,viability_percent,unknown,65.0,1,1,,False,25.0,pooled_conservative_fallback,5.0,offline_replicate_noise_v1,ROUND_008
legacy_lit_55,legacy_literature,viability_percent,unknown,58.0,1,1,,False,25.0,pooled_conservative_fallback,5.0,offline_replicate_noise_v1,ROUND_008
legacy_lit_56,legacy_literature,viability_percent,unknown,63.333333333333336,1,1,,False,25.0,pooled_conservative_fallback,5.0,offline_replicate_noise_v1,ROUND_008
legacy_lit_57,legacy_literature,viability_percent,unknown,57.666666666666664,1,1,,False,25.0,pooled_conservative_fallback,5.0,offline_replicate_noise_v1,ROUND_008
legacy_lit_58,legacy_literature,viability_percent,unknown,50.0,1,1,,False,25.0,pooled_conservative_fallback,5.0,offline_replicate_noise_v1,ROUND_008
legacy_lit_59,legacy_literature,viability_percent,unknown,77.0,1,1,,False,25.0,pooled_conservative_fallback,5.0,offline_replicate_noise_v1,ROUND_008
legacy_lit_6,legacy_literature,viability_percent,unknown,83.0,1,1,,False,25.0,pooled_conservative_fallback,5.0,offline_replicate_noise_v1,ROUND_008
legacy_lit_63,legacy_literature,viability_percent,unknown,80.0,1,1,,False,25.0,pooled_conservative_fallback,5.0,offline_replicate_noise_v1,ROUND_008
legacy_lit_65,legacy_literature,viability_percent,unknown,81.33333333333333,1,1,,False,25.0,pooled_conservative_fallback,5.0,offline_replicate_noise_v1,ROUND_008
legacy_lit_67,legacy_literature,viability_percent,unknown,56.0,1,1,,False,25.0,pooled_conservative_fallback,5.0,offline_replicate_noise_v1,ROUND_008
legacy_lit_68,legacy_literature,viability_percent,unknown,74.0,1,1,,False,25.0,pooled_conservative_fallback,5.0,offline_replicate_noise_v1,ROUND_008
legacy_lit_69,legacy_literature,viability_percent,unknown,92.0,1,1,,False,25.0,pooled_conservative_fallback,5.0,offline_replicate_noise_v1,ROUND_008
legacy_lit_7,legacy_literature,viability_percent,unknown,82.14,1,1,,False,25.0,pooled_conservative_fallback,5.0,offline_replicate_noise_v1,ROUND_008
legacy_lit_70,legacy_literature,viability_percent,unknown,47.0,1,1,,False,25.0,pooled_conservative_fallback,5.0,offline_replicate_noise_v1,ROUND_008
legacy_lit_71,legacy_literature,viability_percent,unknown,76.0,1,1,,False,25.0,pooled_conservative_fallback,5.0,offline_replicate_noise_v1,ROUND_008
legacy_lit_74,legacy_literature,viability_percent,unknown,78.0,1,1,,False,25.0,pooled_conservative_fallback,5.0,offline_replicate_noise_v1,ROUND_008
legacy_lit_75,legacy_literature,viability_percent,unknown,83.0,1,1,,False,25.0,pooled_conservative_fallback,5.0,offline_replicate_noise_v1,ROUND_008
legacy_lit_76,legacy_literature,viability_percent,unknown,21.0,1,1,,False,25.0,pooled_conservative_fallback,5.0,offline_replicate_noise_v1,ROUND_008
legacy_lit_77,legacy_literature,viability_percent,unknown,28.0,1,1,,False,25.0,pooled_conservative_fallback,5.0,offline_replicate_noise_v1,ROUND_008
legacy_lit_78,legacy_literature,viability_percent,unknown,36.0,1,1,,False,25.0,pooled_conservative_fallback,5.0,offline_replicate_noise_v1,ROUND_008
legacy_lit_79,legacy_literature,viability_percent,unknown,38.0,1,1,,False,25.0,pooled_conservative_fallback,5.0,offline_replicate_noise_v1,ROUND_008
legacy_lit_8,legacy_literature,viability_percent,unknown,69.625,1,1,,False,25.0,pooled_conservative_fallback,5.0,offline_replicate_noise_v1,ROUND_008
legacy_lit_84,legacy_literature,viability_percent,unknown,82.5,1,1,,False,25.0,pooled_conservative_fallback,5.0,offline_replicate_noise_v1,ROUND_008
legacy_lit_85,legacy_literature,viability_percent,unknown,82.6,1,1,,False,25.0,pooled_conservative_fallback,5.0,offline_replicate_noise_v1,ROUND_008
legacy_lit_86,legacy_literature,viability_percent,unknown,5.7,1,1,,False,25.0,pooled_conservative_fallback,5.0,offline_replicate_noise_v1,ROUND_008
legacy_lit_87,legacy_literature,viability_percent,unknown,49.3,1,1,,False,25.0,pooled_conservative_fallback,5.0,offline_replicate_noise_v1,ROUND_008
legacy_lit_88,legacy_literature,viability_percent,unknown,69.7,1,1,,False,25.0,pooled_conservative_fallback,5.0,offline_replicate_noise_v1,ROUND_008
legacy_lit_89,legacy_literature,viability_percent,unknown,55.5,1,1,,False,25.0,pooled_conservative_fallback,5.0,offline_replicate_noise_v1,ROUND_008
legacy_lit_9,legacy_literature,viability_percent,unknown,65.48,1,1,,False,25.0,pooled_conservative_fallback,5.0,offline_replicate_noise_v1,ROUND_008
legacy_lit_90,legacy_literature,viability_percent,unknown,4.6,1,1,,False,25.0,pooled_conservative_fallback,5.0,offline_replicate_noise_v1,ROUND_008
legacy_lit_91,legacy_literature,viability_percent,unknown,53.2,1,1,,False,25.0,pooled_conservative_fallback,5.0,offline_replicate_noise_v1,ROUND_008
legacy_lit_92,legacy_literature,viability_percent,unknown,72.1,1,1,,False,25.0,pooled_conservative_fallback,5.0,offline_replicate_noise_v1,ROUND_008
legacy_lit_93,legacy_literature,viability_percent,unknown,61.8,1,1,,False,25.0,pooled_conservative_fallback,5.0,offline_replicate_noise_v1,ROUND_008
legacy_lit_94,legacy_literature,viability_percent,unknown,55.4,1,1,,False,25.0,pooled_conservative_fallback,5.0,offline_replicate_noise_v1,ROUND_008
legacy_lit_95,legacy_literature,viability_percent,unknown,69.2,1,1,,False,25.0,pooled_conservative_fallback,5.0,offline_replicate_noise_v1,ROUND_008
legacy_lit_96,legacy_literature,viability_percent,unknown,64.3,1,1,,False,25.0,pooled_conservative_fallback,5.0,offline_replicate_noise_v1,ROUND_008
legacy_lit_97,legacy_literature,viability_percent,unknown,70.5,1,1,,False,25.0,pooled_conservative_fallback,5.0,offline_replicate_noise_v1,ROUND_008
legacy_lit_98,legacy_literature,viability_percent,unknown,72.5,1,1,,False,25.0,pooled_conservative_fallback,5.0,offline_replicate_noise_v1,ROUND_008
legacy_lit_99,legacy_literature,viability_percent,unknown,65.0,1,1,,False,25.0,pooled_conservative_fallback,5.0,offline_replicate_noise_v1,ROUND_008
legacy_wetlab_EXP101,legacy_wetlab,viability_percent,unknown,21.01,1,1,,False,25.0,pooled_conservative_fallback,5.0,offline_replicate_noise_v1,ROUND_008
legacy_wetlab_EXP102,legacy_wetlab,viability_percent,unknown,38.14,1,1,,False,25.0,pooled_conservative_fallback,5.0,offline_replicate_noise_v1,ROUND_008
legacy_wetlab_EXP103,legacy_wetlab,viability_percent,unknown,7.44,1,1,,False,25.0,pooled_conservative_fallback,5.0,offline_replicate_noise_v1,ROUND_008
legacy_wetlab_EXP104,legacy_wetlab,viability_percent,unknown,29.7,1,1,,False,25.0,pooled_conservative_fallback,5.0,offline_replicate_noise_v1,ROUND_008
legacy_wetlab_EXP105,legacy_wetlab,viability_percent,unknown,18.31,1,1,,False,25.0,pooled_conservative_fallback,5.0,offline_replicate_noise_v1,ROUND_008
legacy_wetlab_EXP106,legacy_wetlab,viability_percent,unknown,8.39,1,1,,False,25.0,pooled_conservative_fallback,5.0,offline_replicate_noise_v1,ROUND_008
legacy_wetlab_EXP1101,legacy_wetlab,viability_percent,unknown,15.27,1,1,,False,25.0,pooled_conservative_fallback,5.0,offline_replicate_noise_v1,ROUND_008
legacy_wetlab_EXP1102,legacy_wetlab,viability_percent,unknown,6.9,1,1,,False,25.0,pooled_conservative_fallback,5.0,offline_replicate_noise_v1,ROUND_008
legacy_wetlab_EXP1103,legacy_wetlab,viability_percent,unknown,26.68,1,1,,False,25.0,pooled_conservative_fallback,5.0,offline_replicate_noise_v1,ROUND_008
legacy_wetlab_EXP1104,legacy_wetlab,viability_percent,unknown,36.3,1,1,,False,25.0,pooled_conservative_fallback,5.0,offline_replicate_noise_v1,ROUND_008
legacy_wetlab_EXP1105,legacy_wetlab,viability_percent,unknown,79.09,1,1,,False,25.0,pooled_conservative_fallback,5.0,offline_replicate_noise_v1,ROUND_008
legacy_wetlab_EXP1106,legacy_wetlab,viability_percent,unknown,48.85,1,1,,False,25.0,pooled_conservative_fallback,5.0,offline_replicate_noise_v1,ROUND_008
legacy_wetlab_EXP1201,legacy_wetlab,viability_percent,unknown,31.9,1,1,,False,25.0,pooled_conservative_fallback,5.0,offline_replicate_noise_v1,ROUND_008
legacy_wetlab_EXP1202,legacy_wetlab,viability_percent,unknown,28.41,1,1,,False,25.0,pooled_conservative_fallback,5.0,offline_replicate_noise_v1,ROUND_008
legacy_wetlab_EXP1203,legacy_wetlab,viability_percent,unknown,20.26,1,1,,False,25.0,pooled_conservative_fallback,5.0,offline_replicate_noise_v1,ROUND_008
legacy_wetlab_EXP1205,legacy_wetlab,viability_percent,unknown,31.19,1,1,,False,25.0,pooled_conservative_fallback,5.0,offline_replicate_noise_v1,ROUND_008
legacy_wetlab_EXP1206,legacy_wetlab,viability_percent,unknown,36.12,1,1,,False,25.0,pooled_conservative_fallback,5.0,offline_replicate_noise_v1,ROUND_008
legacy_wetlab_EXP201,legacy_wetlab,viability_percent,unknown,9.78,1,1,,False,25.0,pooled_conservative_fallback,5.0,offline_replicate_noise_v1,ROUND_008
legacy_wetlab_EXP202,legacy_wetlab,viability_percent,unknown,32.42,1,1,,False,25.0,pooled_conservative_fallback,5.0,offline_replicate_noise_v1,ROUND_008
legacy_wetlab_EXP203,legacy_wetlab,viability_percent,unknown,52.32,1,1,,False,25.0,pooled_conservative_fallback,5.0,offline_replicate_noise_v1,ROUND_008
legacy_wetlab_EXP204,legacy_wetlab,viability_percent,unknown,50.29,1,1,,False,25.0,pooled_conservative_fallback,5.0,offline_replicate_noise_v1,ROUND_008
legacy_wetlab_EXP205,legacy_wetlab,viability_percent,unknown,63.31,1,1,,False,25.0,pooled_conservative_fallback,5.0,offline_replicate_noise_v1,ROUND_008
legacy_wetlab_EXP206,legacy_wetlab,viability_percent,unknown,58.73,1,1,,False,25.0,pooled_conservative_fallback,5.0,offline_replicate_noise_v1,ROUND_008
legacy_wetlab_EXP2101,legacy_wetlab,viability_percent,unknown,28.99,1,1,,False,25.0,pooled_conservative_fallback,5.0,offline_replicate_noise_v1,ROUND_008
legacy_wetlab_EXP2102,legacy_wetlab,viability_percent,unknown,28.14,1,1,,False,25.0,pooled_conservative_fallback,5.0,offline_replicate_noise_v1,ROUND_008
legacy_wetlab_EXP2103,legacy_wetlab,viability_percent,unknown,51.61,1,1,,False,25.0,pooled_conservative_fallback,5.0,offline_replicate_noise_v1,ROUND_008
legacy_wetlab_EXP2104,legacy_wetlab,viability_percent,unknown,53.4,1,1,,False,25.0,pooled_conservative_fallback,5.0,offline_replicate_noise_v1,ROUND_008
legacy_wetlab_EXP2105,legacy_wetlab,viability_percent,unknown,8.66,1,1,,False,25.0,pooled_conservative_fallback,5.0,offline_replicate_noise_v1,ROUND_008
legacy_wetlab_EXP2106,legacy_wetlab,viability_percent,unknown,34.8,1,1,,False,25.0,pooled_conservative_fallback,5.0,offline_replicate_noise_v1,ROUND_008
legacy_wetlab_EXP301,legacy_wetlab,viability_percent,unknown,28.19,1,1,,False,25.0,pooled_conservative_fallback,5.0,offline_replicate_noise_v1,ROUND_008
legacy_wetlab_EXP302,legacy_wetlab,viability_percent,unknown,56.18,1,1,,False,25.0,pooled_conservative_fallback,5.0,offline_replicate_noise_v1,ROUND_008
legacy_wetlab_EXP303,legacy_wetlab,viability_percent,unknown,6.5,1,1,,False,25.0,pooled_conservative_fallback,5.0,offline_replicate_noise_v1,ROUND_008
legacy_wetlab_EXP304,legacy_wetlab,viability_percent,unknown,53.19,1,1,,False,25.0,pooled_conservative_fallback,5.0,offline_replicate_noise_v1,ROUND_008
legacy_wetlab_EXP305,legacy_wetlab,viability_percent,unknown,72.93,1,1,,False,25.0,pooled_conservative_fallback,5.0,offline_replicate_noise_v1,ROUND_008
legacy_wetlab_EXP306,legacy_wetlab,viability_percent,unknown,69.78,1,1,,False,25.0,pooled_conservative_fallback,5.0,offline_replicate_noise_v1,ROUND_008
legacy_wetlab_EXP3101,legacy_wetlab,viability_percent,unknown,63.61,1,1,,False,25.0,pooled_conservative_fallback,5.0,offline_replicate_noise_v1,ROUND_008
legacy_wetlab_EXP3102,legacy_wetlab,viability_percent,unknown,51.94,1,1,,False,25.0,pooled_conservative_fallback,5.0,offline_replicate_noise_v1,ROUND_008
legacy_wetlab_EXP3103,legacy_wetlab,viability_percent,unknown,32.75,1,1,,False,25.0,pooled_conservative_fallback,5.0,offline_replicate_noise_v1,ROUND_008
legacy_wetlab_EXP3104,legacy_wetlab,viability_percent,unknown,49.99,1,1,,False,25.0,pooled_conservative_fallback,5.0,offline_replicate_noise_v1,ROUND_008
legacy_wetlab_EXP3105,legacy_wetlab,viability_percent,unknown,41.32,1,1,,False,25.0,pooled_conservative_fallback,5.0,offline_replicate_noise_v1,ROUND_008
legacy_wetlab_EXP3106,legacy_wetlab,viability_percent,unknown,42.1,1,1,,False,25.0,pooled_conservative_fallback,5.0,offline_replicate_noise_v1,ROUND_008
legacy_wetlab_EXP3107,legacy_wetlab,viability_percent,unknown,63.25,1,1,,False,25.0,pooled_conservative_fallback,5.0,offline_replicate_noise_v1,ROUND_008
legacy_wetlab_EXP3108,legacy_wetlab,viability_percent,unknown,35.08,1,1,,False,25.0,pooled_conservative_fallback,5.0,offline_replicate_noise_v1,ROUND_008
legacy_wetlab_EXP4101,legacy_wetlab,viability_percent,unknown,62.32,1,1,,False,25.0,pooled_conservative_fallback,5.0,offline_replicate_noise_v1,ROUND_008
legacy_wetlab_EXP4102,legacy_wetlab,viability_percent,unknown,59.76,1,1,,False,25.0,pooled_conservative_fallback,5.0,offline_replicate_noise_v1,ROUND_008
legacy_wetlab_EXP4103,legacy_wetlab,viability_percent,unknown,73.15,1,1,,False,25.0,pooled_conservative_fallback,5.0,offline_replicate_noise_v1,ROUND_008
legacy_wetlab_EXP4104,legacy_wetlab,viability_percent,unknown,76.91,1,1,,False,25.0,pooled_conservative_fallback,5.0,offline_replicate_noise_v1,ROUND_008
legacy_wetlab_EXP4105,legacy_wetlab,viability_percent,unknown,78.31,1,1,,False,25.0,pooled_conservative_fallback,5.0,offline_replicate_noise_v1,ROUND_008
legacy_wetlab_EXP4106,legacy_wetlab,viability_percent,unknown,71.59,1,1,,False,25.0,pooled_conservative_fallback,5.0,offline_replicate_noise_v1,ROUND_008
legacy_wetlab_EXP5101,legacy_wetlab,viability_percent,unknown,49.0,1,1,,False,25.0,pooled_conservative_fallback,5.0,offline_replicate_noise_v1,ROUND_008
legacy_wetlab_EXP5102,legacy_wetlab,viability_percent,unknown,70.04,1,1,,False,25.0,pooled_conservative_fallback,5.0,offline_replicate_noise_v1,ROUND_008
legacy_wetlab_EXP5103,legacy_wetlab,viability_percent,unknown,72.48,1,1,,False,25.0,pooled_conservative_fallback,5.0,offline_replicate_noise_v1,ROUND_008
legacy_wetlab_EXP5104,legacy_wetlab,viability_percent,unknown,92.63,1,1,,False,25.0,pooled_conservative_fallback,5.0,offline_replicate_noise_v1,ROUND_008
legacy_wetlab_EXP5105,legacy_wetlab,viability_percent,unknown,91.2,1,1,,False,25.0,pooled_conservative_fallback,5.0,offline_replicate_noise_v1,ROUND_008
legacy_wetlab_EXP5106,legacy_wetlab,viability_percent,unknown,91.4,1,1,,False,25.0,pooled_conservative_fallback,5.0,offline_replicate_noise_v1,ROUND_008
legacy_wetlab_EXP5107,legacy_wetlab,viability_percent,unknown,75.16,1,1,,False,25.0,pooled_conservative_fallback,5.0,offline_replicate_noise_v1,ROUND_008
legacy_wetlab_EXP5108,legacy_wetlab,viability_percent,unknown,59.17,1,1,,False,25.0,pooled_conservative_fallback,5.0,offline_replicate_noise_v1,ROUND_008
legacy_wetlab_EXP5109,legacy_wetlab,viability_percent,unknown,94.32,1,1,,False,25.0,pooled_conservative_fallback,5.0,offline_replicate_noise_v1,ROUND_008
legacy_wetlab_EXP5110,legacy_wetlab,viability_percent,unknown,95.15,1,1,,False,25.0,pooled_conservative_fallback,5.0,offline_replicate_noise_v1,ROUND_008
legacy_wetlab_EXP5111,legacy_wetlab,viability_percent,unknown,88.78,1,1,,False,25.0,pooled_conservative_fallback,5.0,offline_replicate_noise_v1,ROUND_008
legacy_wetlab_EXP5112,legacy_wetlab,viability_percent,unknown,87.85,1,1,,False,25.0,pooled_conservative_fallback,5.0,offline_replicate_noise_v1,ROUND_008
legacy_wetlab_EXP5201,legacy_wetlab,viability_percent,unknown,27.08,1,1,,False,25.0,pooled_conservative_fallback,5.0,offline_replicate_noise_v1,ROUND_008
legacy_wetlab_EXP5202,legacy_wetlab,viability_percent,unknown,29.46,1,1,,False,25.0,pooled_conservative_fallback,5.0,offline_replicate_noise_v1,ROUND_008
legacy_wetlab_EXP5203,legacy_wetlab,viability_percent,unknown,59.95,1,1,,False,25.0,pooled_conservative_fallback,5.0,offline_replicate_noise_v1,ROUND_008
legacy_wetlab_EXP5204,legacy_wetlab,viability_percent,unknown,71.75,1,1,,False,25.0,pooled_conservative_fallback,5.0,offline_replicate_noise_v1,ROUND_008
legacy_wetlab_EXP5205,legacy_wetlab,viability_percent,unknown,6.86,1,1,,False,25.0,pooled_conservative_fallback,5.0,offline_replicate_noise_v1,ROUND_008
legacy_wetlab_EXP5206,legacy_wetlab,viability_percent,unknown,13.35,1,1,,False,25.0,pooled_conservative_fallback,5.0,offline_replicate_noise_v1,ROUND_008
legacy_wetlab_EXP5207,legacy_wetlab,viability_percent,unknown,48.34,1,1,,False,25.0,pooled_conservative_fallback,5.0,offline_replicate_noise_v1,ROUND_008
legacy_wetlab_EXP5208,legacy_wetlab,viability_percent,unknown,12.02,1,1,,False,25.0,pooled_conservative_fallback,5.0,offline_replicate_noise_v1,ROUND_008
legacy_wetlab_EXP5209,legacy_wetlab,viability_percent,unknown,60.43,1,1,,False,25.0,pooled_conservative_fallback,5.0,offline_replicate_noise_v1,ROUND_008
legacy_wetlab_EXP5210,legacy_wetlab,viability_percent,unknown,20.96,1,1,,False,25.0,pooled_conservative_fallback,5.0,offline_replicate_noise_v1,ROUND_008
legacy_wetlab_EXP5211,legacy_wetlab,viability_percent,unknown,7.39,1,1,,False,25.0,pooled_conservative_fallback,5.0,offline_replicate_noise_v1,ROUND_008
legacy_wetlab_EXP6101,legacy_wetlab,viability_percent,unknown,74.16,1,1,,False,25.0,pooled_conservative_fallback,5.0,offline_replicate_noise_v1,ROUND_008
legacy_wetlab_EXP6102,legacy_wetlab,viability_percent,unknown,73.88,1,1,,False,25.0,pooled_conservative_fallback,5.0,offline_replicate_noise_v1,ROUND_008
legacy_wetlab_EXP6103,legacy_wetlab,viability_percent,unknown,71.12,1,1,,False,25.0,pooled_conservative_fallback,5.0,offline_replicate_noise_v1,ROUND_008
legacy_wetlab_EXP6104,legacy_wetlab,viability_percent,unknown,65.5,1,1,,False,25.0,pooled_conservative_fallback,5.0,offline_replicate_noise_v1,ROUND_008
legacy_wetlab_EXP6105,legacy_wetlab,viability_percent,unknown,53.08,1,1,,False,25.0,pooled_conservative_fallback,5.0,offline_replicate_noise_v1,ROUND_008
legacy_wetlab_EXP6106,legacy_wetlab,viability_percent,unknown,71.41,1,1,,False,25.0,pooled_conservative_fallback,5.0,offline_replicate_noise_v1,ROUND_008
legacy_wetlab_EXP7101,legacy_wetlab,viability_percent,unknown,72.98,1,1,,False,25.0,pooled_conservative_fallback,5.0,offline_replicate_noise_v1,ROUND_008
legacy_wetlab_EXP7102,legacy_wetlab,viability_percent,unknown,79.04,1,1,,False,25.0,pooled_conservative_fallback,5.0,offline_replicate_noise_v1,ROUND_008
legacy_wetlab_EXP7103,legacy_wetlab,viability_percent,unknown,76.36,1,1,,False,25.0,pooled_conservative_fallback,5.0,offline_replicate_noise_v1,ROUND_008
legacy_wetlab_EXP7104,legacy_wetlab,viability_percent,unknown,75.91,1,1,,False,25.0,pooled_conservative_fallback,5.0,offline_replicate_noise_v1,ROUND_008
legacy_wetlab_EXP7105,legacy_wetlab,viability_percent,unknown,73.57,1,1,,False,25.0,pooled_conservative_fallback,5.0,offline_replicate_noise_v1,ROUND_008
legacy_wetlab_EXP7106,legacy_wetlab,viability_percent,unknown,74.55,1,1,,False,25.0,pooled_conservative_fallback,5.0,offline_replicate_noise_v1,ROUND_008
legacy_wetlab_EXP7107,legacy_wetlab,viability_percent,unknown,70.97,1,1,,False,25.0,pooled_conservative_fallback,5.0,offline_replicate_noise_v1,ROUND_008
legacy_wetlab_EXP7108,legacy_wetlab,viability_percent,unknown,70.64,1,1,,False,25.0,pooled_conservative_fallback,5.0,offline_replicate_noise_v1,ROUND_008
legacy_wetlab_EXP7109,legacy_wetlab,viability_percent,unknown,11.49,1,1,,False,25.0,pooled_conservative_fallback,5.0,offline_replicate_noise_v1,ROUND_008
legacy_wetlab_EXP7110,legacy_wetlab,viability_percent,unknown,50.31,1,1,,False,25.0,pooled_conservative_fallback,5.0,offline_replicate_noise_v1,ROUND_008
legacy_wetlab_EXP7111,legacy_wetlab,viability_percent,unknown,35.29,1,1,,False,25.0,pooled_conservative_fallback,5.0,offline_replicate_noise_v1,ROUND_008
legacy_wetlab_EXP7112,legacy_wetlab,viability_percent,unknown,41.07,1,1,,False,25.0,pooled_conservative_fallback,5.0,offline_replicate_noise_v1,ROUND_008
legacy_wetlab_EXP8101,legacy_wetlab,viability_percent,unknown,71.22,1,1,,False,25.0,pooled_conservative_fallback,5.0,offline_replicate_noise_v1,ROUND_008
legacy_wetlab_EXP8102,legacy_wetlab,viability_percent,unknown,71.7,1,1,,False,25.0,pooled_conservative_fallback,5.0,offline_replicate_noise_v1,ROUND_008
legacy_wetlab_EXP8103,legacy_wetlab,viability_percent,unknown,69.97,1,1,,False,25.0,pooled_conservative_fallback,5.0,offline_replicate_noise_v1,ROUND_008
legacy_wetlab_EXP8104,legacy_wetlab,viability_percent,unknown,58.76,1,1,,False,25.0,pooled_conservative_fallback,5.0,offline_replicate_noise_v1,ROUND_008
legacy_wetlab_EXP8105,legacy_wetlab,viability_percent,unknown,64.69,1,1,,False,25.0,pooled_conservative_fallback,5.0,offline_replicate_noise_v1,ROUND_008
legacy_wetlab_EXP8106,legacy_wetlab,viability_percent,unknown,64.37,1,1,,False,25.0,pooled_conservative_fallback,5.0,offline_replicate_noise_v1,ROUND_008
legacy_wetlab_EXP8107,legacy_wetlab,viability_percent,unknown,54.64,1,1,,False,25.0,pooled_conservative_fallback,5.0,offline_replicate_noise_v1,ROUND_008
legacy_wetlab_EXP8108,legacy_wetlab,viability_percent,unknown,39.82,1,1,,False,25.0,pooled_conservative_fallback,5.0,offline_replicate_noise_v1,ROUND_008
legacy_wetlab_EXP9101,legacy_wetlab,viability_percent,unknown,75.43,1,1,,False,25.0,pooled_conservative_fallback,5.0,offline_replicate_noise_v1,ROUND_008
legacy_wetlab_EXP9102,legacy_wetlab,viability_percent,unknown,70.72,1,1,,False,25.0,pooled_conservative_fallback,5.0,offline_replicate_noise_v1,ROUND_008
legacy_wetlab_EXP9103,legacy_wetlab,viability_percent,unknown,71.75,1,1,,False,25.0,pooled_conservative_fallback,5.0,offline_replicate_noise_v1,ROUND_008
legacy_wetlab_EXP9104,legacy_wetlab,viability_percent,unknown,74.92,1,1,,False,25.0,pooled_conservative_fallback,5.0,offline_replicate_noise_v1,ROUND_008
legacy_wetlab_EXP9105,legacy_wetlab,viability_percent,unknown,75.16,1,1,,False,25.0,pooled_conservative_fallback,5.0,offline_replicate_noise_v1,ROUND_008
legacy_wetlab_EXP9106,legacy_wetlab,viability_percent,unknown,67.06,1,1,,False,25.0,pooled_conservative_fallback,5.0,offline_replicate_noise_v1,ROUND_008
legacy_wetlab_EXP9107,legacy_wetlab,viability_percent,unknown,61.47,1,1,,False,25.0,pooled_conservative_fallback,5.0,offline_replicate_noise_v1,ROUND_008
legacy_wetlab_EXP9108,legacy_wetlab,viability_percent,unknown,36.44,1,1,,False,25.0,pooled_conservative_fallback,5.0,offline_replicate_noise_v1,ROUND_008
v2_011eef292ff1,ROUND_005,viability_percent,unknown,31.85,4,1,,False,25.0,pooled_conservative_fallback,5.0,offline_replicate_noise_v1,ROUND_008
v2_0a63a12b60f3,ROUND_003,viability_percent,unknown,38.0,2,1,,False,25.0,pooled_conservative_fallback,5.0,offline_replicate_noise_v1,ROUND_008
v2_0e9e2b605ce7,ROUND_004,viability_percent,unknown,50.515,4,1,,False,25.0,pooled_conservative_fallback,5.0,offline_replicate_noise_v1,ROUND_008
v2_0edd7362eda9,ROUND_006,viability_percent,unknown,8.025,4,1,,False,25.0,pooled_conservative_fallback,5.0,offline_replicate_noise_v1,ROUND_008
v2_117f554a123f,ROUND_005,viability_percent,unknown,11.912499999999998,4,1,,False,25.0,pooled_conservative_fallback,5.0,offline_replicate_noise_v1,ROUND_008
v2_13f1ff7a70b9,ROUND_006,viability_percent,unknown,53.712500000000006,4,1,,False,25.0,pooled_conservative_fallback,5.0,offline_replicate_noise_v1,ROUND_008
v2_19eed4dca0d3,ROUND_001,viability_percent,unknown,35.84,1,1,,False,25.0,pooled_conservative_fallback,5.0,offline_replicate_noise_v1,ROUND_008
v2_1be28fc1c3ad,ROUND_005,viability_percent,unknown,53.3425,4,1,,False,25.0,pooled_conservative_fallback,5.0,offline_replicate_noise_v1,ROUND_008
v2_1d06992cb257,ROUND_004,viability_percent,unknown,35.825,4,1,,False,25.0,pooled_conservative_fallback,5.0,offline_replicate_noise_v1,ROUND_008
v2_1e09bd3298a1,ROUND_004,viability_percent,unknown,0.69,4,1,,False,25.0,pooled_conservative_fallback,5.0,offline_replicate_noise_v1,ROUND_008
v2_21a3a498433e,ROUND_001,viability_percent,unknown,36.22,1,1,,False,25.0,pooled_conservative_fallback,5.0,offline_replicate_noise_v1,ROUND_008
v2_237544a25f30,ROUND_001,viability_percent,unknown,69.21,1,1,,False,25.0,pooled_conservative_fallback,5.0,offline_replicate_noise_v1,ROUND_008
v2_27a2b16cc327,ROUND_003,viability_percent,unknown,53.0,2,1,,False,25.0,pooled_conservative_fallback,5.0,offline_replicate_noise_v1,ROUND_008
v2_2df18f043f0c,ROUND_007,viability_percent,unknown,5.9925,4,1,,False,25.0,pooled_conservative_fallback,5.0,offline_replicate_noise_v1,ROUND_008
v2_2eead01c8392,ROUND_001,viability_percent,unknown,60.53,1,1,,False,25.0,pooled_conservative_fallback,5.0,offline_replicate_noise_v1,ROUND_008
v2_34d667ff4762,ROUND_002,viability_percent,unknown,63.879999999999995,4,1,,False,25.0,pooled_conservative_fallback,5.0,offline_replicate_noise_v1,ROUND_008
v2_384020959c42,ROUND_002,viability_percent,unknown,21.375,4,1,,False,25.0,pooled_conservative_fallback,5.0,offline_replicate_noise_v1,ROUND_008
v2_3db5f7aa7cdd,ROUND_003,viability_percent,unknown,38.0,2,1,,False,25.0,pooled_conservative_fallback,5.0,offline_replicate_noise_v1,ROUND_008
v2_3e8ef993abba,ROUND_002,viability_percent,unknown,65.5625,4,1,,False,25.0,pooled_conservative_fallback,5.0,offline_replicate_noise_v1,ROUND_008
v2_40e9f706b46d,ROUND_005,viability_percent,unknown,19.355,4,1,,False,25.0,pooled_conservative_fallback,5.0,offline_replicate_noise_v1,ROUND_008
v2_42188f45e98a,ROUND_002,viability_percent,unknown,38.805,4,1,,False,25.0,pooled_conservative_fallback,5.0,offline_replicate_noise_v1,ROUND_008
v2_430e18c49d10,ROUND_003,viability_percent,unknown,65.0,2,1,,False,25.0,pooled_conservative_fallback,5.0,offline_replicate_noise_v1,ROUND_008
v2_445849cbfa02,ROUND_006,viability_percent,unknown,10.96,4,1,,False,25.0,pooled_conservative_fallback,5.0,offline_replicate_noise_v1,ROUND_008
v2_4673547a29eb,ROUND_006,viability_percent,unknown,6.817499999999999,4,1,,False,25.0,pooled_conservative_fallback,5.0,offline_replicate_noise_v1,ROUND_008
v2_49123b81735d,ROUND_001,viability_percent,unknown,40.44,1,1,,False,25.0,pooled_conservative_fallback,5.0,offline_replicate_noise_v1,ROUND_008
v2_4a0cb1ead8d1,ROUND_001,viability_percent,unknown,60.33,1,1,,False,25.0,pooled_conservative_fallback,5.0,offline_replicate_noise_v1,ROUND_008
v2_4aeffae55153,ROUND_003,viability_percent,unknown,48.5,2,1,,False,25.0,pooled_conservative_fallback,5.0,offline_replicate_noise_v1,ROUND_008
v2_4da335e6bc9d,ROUND_004,viability_percent,unknown,10.1075,4,1,,False,25.0,pooled_conservative_fallback,5.0,offline_replicate_noise_v1,ROUND_008
v2_4f4525f1566d,ROUND_003,viability_percent,unknown,36.0,2,1,,False,25.0,pooled_conservative_fallback,5.0,offline_replicate_noise_v1,ROUND_008
v2_5526047f869b,ROUND_005,viability_percent,unknown,25.5225,4,1,,False,25.0,pooled_conservative_fallback,5.0,offline_replicate_noise_v1,ROUND_008
v2_6005e837cd4b,ROUND_004,viability_percent,unknown,28.365000000000002,4,1,,False,25.0,pooled_conservative_fallback,5.0,offline_replicate_noise_v1,ROUND_008
v2_655729013931,ROUND_002,viability_percent,unknown,64.9,4,1,,False,25.0,pooled_conservative_fallback,5.0,offline_replicate_noise_v1,ROUND_008
v2_655dce03a47b,ROUND_007,viability_percent,unknown,57.5075,4,1,,False,25.0,pooled_conservative_fallback,5.0,offline_replicate_noise_v1,ROUND_008
v2_6886b09726ac,ROUND_004,viability_percent,unknown,30.2175,4,1,,False,25.0,pooled_conservative_fallback,5.0,offline_replicate_noise_v1,ROUND_008
v2_6b7389efb1b5,ROUND_001,viability_percent,unknown,35.92,1,1,,False,25.0,pooled_conservative_fallback,5.0,offline_replicate_noise_v1,ROUND_008
v2_6f20e63adb1d,ROUND_007,viability_percent,unknown,48.9975,4,1,,False,25.0,pooled_conservative_fallback,5.0,offline_replicate_noise_v1,ROUND_008
v2_6fb2fa9dc5d5,ROUND_004,viability_percent,unknown,58.35000000000001,4,1,,False,25.0,pooled_conservative_fallback,5.0,offline_replicate_noise_v1,ROUND_008
v2_6fb2fa9dc5d5,ROUND_007,viability_percent,unknown,49.370000000000005,4,1,,False,25.0,pooled_conservative_fallback,5.0,offline_replicate_noise_v1,ROUND_008
v2_711df1b41503,ROUND_005,viability_percent,unknown,48.332499999999996,4,1,,False,25.0,pooled_conservative_fallback,5.0,offline_replicate_noise_v1,ROUND_008
v2_724742f4ebc1,ROUND_007,viability_percent,unknown,12.6675,4,1,,False,25.0,pooled_conservative_fallback,5.0,offline_replicate_noise_v1,ROUND_008
v2_7371aa062562,ROUND_007,viability_percent,unknown,50.095,4,1,,False,25.0,pooled_conservative_fallback,5.0,offline_replicate_noise_v1,ROUND_008
v2_75d69addc009,ROUND_002,viability_percent,unknown,29.2025,4,1,,False,25.0,pooled_conservative_fallback,5.0,offline_replicate_noise_v1,ROUND_008
v2_75d69addc009,ROUND_003,viability_percent,unknown,34.5,2,1,,False,25.0,pooled_conservative_fallback,5.0,offline_replicate_noise_v1,ROUND_008
v2_79ec2bf8acae,ROUND_005,viability_percent,unknown,31.494999999999997,4,1,,False,25.0,pooled_conservative_fallback,5.0,offline_replicate_noise_v1,ROUND_008
v2_84c11063c325,ROUND_003,viability_percent,unknown,44.5,2,1,,False,25.0,pooled_conservative_fallback,5.0,offline_replicate_noise_v1,ROUND_008
v2_88865d95334d,ROUND_005,viability_percent,unknown,1.3650000000000002,4,1,,False,25.0,pooled_conservative_fallback,5.0,offline_replicate_noise_v1,ROUND_008
v2_88865d95334d,ROUND_006,viability_percent,unknown,15.755,4,1,,False,25.0,pooled_conservative_fallback,5.0,offline_replicate_noise_v1,ROUND_008
v2_8a721b7d8f1c,ROUND_002,viability_percent,unknown,63.9975,4,1,,False,25.0,pooled_conservative_fallback,5.0,offline_replicate_noise_v1,ROUND_008
v2_8d9d8b0a7098,ROUND_004,viability_percent,unknown,50.6025,4,1,,False,25.0,pooled_conservative_fallback,5.0,offline_replicate_noise_v1,ROUND_008
v2_8f6028d7e59a,ROUND_003,viability_percent,unknown,41.0,2,1,,False,25.0,pooled_conservative_fallback,5.0,offline_replicate_noise_v1,ROUND_008
v2_98a8e114024b,ROUND_004,viability_percent,unknown,1.3325,4,1,,False,25.0,pooled_conservative_fallback,5.0,offline_replicate_noise_v1,ROUND_008
v2_9d3ceb7016d5,ROUND_006,viability_percent,unknown,10.6,4,1,,False,25.0,pooled_conservative_fallback,5.0,offline_replicate_noise_v1,ROUND_008
v2_a1a1ae0b19bb,ROUND_007,viability_percent,unknown,13.497499999999999,4,1,,False,25.0,pooled_conservative_fallback,5.0,offline_replicate_noise_v1,ROUND_008
v2_a2b4c2d7b0b6,ROUND_001,viability_percent,unknown,24.39,1,1,,False,25.0,pooled_conservative_fallback,5.0,offline_replicate_noise_v1,ROUND_008
v2_a3cd6cc2afa7,ROUND_002,viability_percent,unknown,57.3875,4,1,,False,25.0,pooled_conservative_fallback,5.0,offline_replicate_noise_v1,ROUND_008
v2_a7291b600bea,ROUND_003,viability_percent,unknown,52.0,2,1,,False,25.0,pooled_conservative_fallback,5.0,offline_replicate_noise_v1,ROUND_008
v2_a803deb82ca6,ROUND_001,viability_percent,unknown,28.72,1,1,,False,25.0,pooled_conservative_fallback,5.0,offline_replicate_noise_v1,ROUND_008
v2_acaa3c7de271,ROUND_007,viability_percent,unknown,21.485,4,1,,False,25.0,pooled_conservative_fallback,5.0,offline_replicate_noise_v1,ROUND_008
v2_adfd2284b7fb,ROUND_007,viability_percent,unknown,8.127500000000001,4,1,,False,25.0,pooled_conservative_fallback,5.0,offline_replicate_noise_v1,ROUND_008
v2_afa1348627bc,ROUND_003,viability_percent,unknown,38.5,2,1,,False,25.0,pooled_conservative_fallback,5.0,offline_replicate_noise_v1,ROUND_008
v2_b0c3376ad599,ROUND_006,viability_percent,unknown,24.755000000000003,4,1,,False,25.0,pooled_conservative_fallback,5.0,offline_replicate_noise_v1,ROUND_008
v2_b2c883db5caf,ROUND_002,viability_percent,unknown,43.185,4,1,,False,25.0,pooled_conservative_fallback,5.0,offline_replicate_noise_v1,ROUND_008
v2_b7e07e99afa8,ROUND_006,viability_percent,unknown,40.6125,4,1,,False,25.0,pooled_conservative_fallback,5.0,offline_replicate_noise_v1,ROUND_008
v2_b9ae21107fa4,ROUND_001,viability_percent,unknown,15.93,1,1,,False,25.0,pooled_conservative_fallback,5.0,offline_replicate_noise_v1,ROUND_008
v2_c0858ec7c2c6,ROUND_007,viability_percent,unknown,24.2275,4,1,,False,25.0,pooled_conservative_fallback,5.0,offline_replicate_noise_v1,ROUND_008
v2_c52464fe22c3,ROUND_005,viability_percent,unknown,6.93,4,1,,False,25.0,pooled_conservative_fallback,5.0,offline_replicate_noise_v1,ROUND_008
v2_ced63818bdd1,ROUND_004,viability_percent,unknown,32.885,4,1,,False,25.0,pooled_conservative_fallback,5.0,offline_replicate_noise_v1,ROUND_008
v2_d880ac9c9187,ROUND_007,viability_percent,unknown,21.47,4,1,,False,25.0,pooled_conservative_fallback,5.0,offline_replicate_noise_v1,ROUND_008
v2_d93bf1a562c8,ROUND_003,viability_percent,unknown,29.0,2,1,,False,25.0,pooled_conservative_fallback,5.0,offline_replicate_noise_v1,ROUND_008
v2_d9aaefea702e,ROUND_005,viability_percent,unknown,9.2925,4,1,,False,25.0,pooled_conservative_fallback,5.0,offline_replicate_noise_v1,ROUND_008
v2_d9aaefea702e,ROUND_006,viability_percent,unknown,28.4675,4,1,,False,25.0,pooled_conservative_fallback,5.0,offline_replicate_noise_v1,ROUND_008
v2_da5df4899b60,ROUND_001,viability_percent,unknown,43.34,1,1,,False,25.0,pooled_conservative_fallback,5.0,offline_replicate_noise_v1,ROUND_008
v2_db8935ce2c34,ROUND_002,viability_percent,unknown,61.5875,4,1,,False,25.0,pooled_conservative_fallback,5.0,offline_replicate_noise_v1,ROUND_008
v2_e0e6b16a3f20,ROUND_001,viability_percent,unknown,26.53,1,1,,False,25.0,pooled_conservative_fallback,5.0,offline_replicate_noise_v1,ROUND_008
v2_e0e6b16a3f20,ROUND_002,viability_percent,unknown,30.4375,4,1,,False,25.0,pooled_conservative_fallback,5.0,offline_replicate_noise_v1,ROUND_008
v2_e579d58c9088,ROUND_006,viability_percent,unknown,8.125,4,1,,False,25.0,pooled_conservative_fallback,5.0,offline_replicate_noise_v1,ROUND_008
v2_e579d58c9088,ROUND_007,viability_percent,unknown,13.4225,4,1,,False,25.0,pooled_conservative_fallback,5.0,offline_replicate_noise_v1,ROUND_008
v2_e5b28bf5a066,ROUND_004,viability_percent,unknown,40.4675,4,1,,False,25.0,pooled_conservative_fallback,5.0,offline_replicate_noise_v1,ROUND_008
v2_ea8a9ce5fcb2,ROUND_006,viability_percent,unknown,48.99250000000001,4,1,,False,25.0,pooled_conservative_fallback,5.0,offline_replicate_noise_v1,ROUND_008
v2_eb8bb8b8618f,ROUND_004,viability_percent,unknown,52.88250000000001,4,1,,False,25.0,pooled_conservative_fallback,5.0,offline_replicate_noise_v1,ROUND_008
v2_f1b5aed4af5a,ROUND_005,viability_percent,unknown,22.145000000000003,4,1,,False,25.0,pooled_conservative_fallback,5.0,offline_replicate_noise_v1,ROUND_008
v2_f3bcb989040c,ROUND_005,viability_percent,unknown,59.182500000000005,4,1,,False,25.0,pooled_conservative_fallback,5.0,offline_replicate_noise_v1,ROUND_008
v2_fb629591d74c,ROUND_006,viability_percent,unknown,40.18,4,1,,False,25.0,pooled_conservative_fallback,5.0,offline_replicate_noise_v1,ROUND_008
v2_fc5b4c04eee9,ROUND_002,viability_percent,unknown,56.287499999999994,4,1,,False,25.0,pooled_conservative_fallback,5.0,offline_replicate_noise_v1,ROUND_008
