sample_index,time_s,displacement_mm,force_N,analysis_window,formulation_number,replicate_id,source_file_hash
0,0.0,0.0,0.0011,False,7,mechanical_001,694e94943eba5ec86f88e0f45b9a3be0ea739723f70d5cd41dfd57894d84bdea
1,0.025,0.0,-0.0007,False,7,mechanical_001,694e94943eba5ec86f88e0f45b9a3be0ea739723f70d5cd41dfd57894d84bdea
2,0.05,0.0,0.0,False,7,mechanical_001,694e94943eba5ec86f88e0f45b9a3be0ea739723f70d5cd41dfd57894d84bdea
3,0.075,0.0,0.0004,False,7,mechanical_001,694e94943eba5ec86f88e0f45b9a3be0ea739723f70d5cd41dfd57894d84bdea
4,0.1,-0.0003,-0.0028,False,7,mechanical_001,694e94943eba5ec86f88e0f45b9a3be0ea739723f70d5cd41dfd57894d84bdea
5,0.125,-0.0016,0.0028,False,7,mechanical_001,694e94943eba5ec86f88e0f45b9a3be0ea739723f70d5cd41dfd57894d84bdea
6,0.15,-0.0022,0.0011,False,7,mechanical_001,694e94943eba5ec86f88e0f45b9a3be0ea739723f70d5cd41dfd57894d84bdea
7,0.175,-0.0022,-0.0004,False,7,mechanical_001,694e94943eba5ec86f88e0f45b9a3be0ea739723f70d5cd41dfd57894d84bdea
8,0.2,-0.0021,-0.0012,False,7,mechanical_001,694e94943eba5ec86f88e0f45b9a3be0ea739723f70d5cd41dfd57894d84bdea
9,0.225,-0.002,-0.0006,False,7,mechanical_001,694e94943eba5ec86f88e0f45b9a3be0ea739723f70d5cd41dfd57894d84bdea
10,0.25,-0.0019,-0.0021,False,7,mechanical_001,694e94943eba5ec86f88e0f45b9a3be0ea739723f70d5cd41dfd57894d84bdea
11,0.275,-0.0017,-0.0011,False,7,mechanical_001,694e94943eba5ec86f88e0f45b9a3be0ea739723f70d5cd41dfd57894d84bdea
12,0.3,-0.0015,-0.001,False,7,mechanical_001,694e94943eba5ec86f88e0f45b9a3be0ea739723f70d5cd41dfd57894d84bdea
13,0.325,-0.0013,-0.0003,False,7,mechanical_001,694e94943eba5ec86f88e0f45b9a3be0ea739723f70d5cd41dfd57894d84bdea
14,0.35,-0.0011,-0.0012,False,7,mechanical_001,694e94943eba5ec86f88e0f45b9a3be0ea739723f70d5cd41dfd57894d84bdea
15,0.375,-0.0007,-0.0016,False,7,mechanical_001,694e94943eba5ec86f88e0f45b9a3be0ea739723f70d5cd41dfd57894d84bdea
16,0.4,-0.0003,-0.0011,False,7,mechanical_001,694e94943eba5ec86f88e0f45b9a3be0ea739723f70d5cd41dfd57894d84bdea
17,0.425,0.0001,-0.0002,False,7,mechanical_001,694e94943eba5ec86f88e0f45b9a3be0ea739723f70d5cd41dfd57894d84bdea
18,0.45,0.0006,-0.0006,False,7,mechanical_001,694e94943eba5ec86f88e0f45b9a3be0ea739723f70d5cd41dfd57894d84bdea
19,0.475,0.0012,-0.0008,False,7,mechanical_001,694e94943eba5ec86f88e0f45b9a3be0ea739723f70d5cd41dfd57894d84bdea
20,0.5,0.0019,0.0,False,7,mechanical_001,694e94943eba5ec86f88e0f45b9a3be0ea739723f70d5cd41dfd57894d84bdea
21,0.525,0.0026,0.0016,False,7,mechanical_001,694e94943eba5ec86f88e0f45b9a3be0ea739723f70d5cd41dfd57894d84bdea
22,0.55,0.0035,0.0023,False,7,mechanical_001,694e94943eba5ec86f88e0f45b9a3be0ea739723f70d5cd41dfd57894d84bdea
23,0.575,0.0043,0.0043,False,7,mechanical_001,694e94943eba5ec86f88e0f45b9a3be0ea739723f70d5cd41dfd57894d84bdea
24,0.6,0.005,0.0036,False,7,mechanical_001,694e94943eba5ec86f88e0f45b9a3be0ea739723f70d5cd41dfd57894d84bdea
25,0.625,0.0057,0.0031,False,7,mechanical_001,694e94943eba5ec86f88e0f45b9a3be0ea739723f70d5cd41dfd57894d84bdea
26,0.65,0.0063,0.0029,False,7,mechanical_001,694e94943eba5ec86f88e0f45b9a3be0ea739723f70d5cd41dfd57894d84bdea
27,0.675,0.0068,0.0027,False,7,mechanical_001,694e94943eba5ec86f88e0f45b9a3be0ea739723f70d5cd41dfd57894d84bdea
28,0.7,0.0072,0.0025,False,7,mechanical_001,694e94943eba5ec86f88e0f45b9a3be0ea739723f70d5cd41dfd57894d84bdea
29,0.725,0.0076,0.0039,False,7,mechanical_001,694e94943eba5ec86f88e0f45b9a3be0ea739723f70d5cd41dfd57894d84bdea
30,0.75,0.008,0.0042,False,7,mechanical_001,694e94943eba5ec86f88e0f45b9a3be0ea739723f70d5cd41dfd57894d84bdea
31,0.775,0.0083,0.0025,False,7,mechanical_001,694e94943eba5ec86f88e0f45b9a3be0ea739723f70d5cd41dfd57894d84bdea
32,0.8,0.0087,0.0029,False,7,mechanical_001,694e94943eba5ec86f88e0f45b9a3be0ea739723f70d5cd41dfd57894d84bdea
33,0.825,0.009,0.003,False,7,mechanical_001,694e94943eba5ec86f88e0f45b9a3be0ea739723f70d5cd41dfd57894d84bdea
34,0.85,0.0093,0.0036,False,7,mechanical_001,694e94943eba5ec86f88e0f45b9a3be0ea739723f70d5cd41dfd57894d84bdea
35,0.875,0.0096,0.0027,False,7,mechanical_001,694e94943eba5ec86f88e0f45b9a3be0ea739723f70d5cd41dfd57894d84bdea
36,0.9,0.0099,0.0022,False,7,mechanical_001,694e94943eba5ec86f88e0f45b9a3be0ea739723f70d5cd41dfd57894d84bdea
37,0.925,0.0102,0.0027,False,7,mechanical_001,694e94943eba5ec86f88e0f45b9a3be0ea739723f70d5cd41dfd57894d84bdea
38,0.95,0.0105,0.0034,False,7,mechanical_001,694e94943eba5ec86f88e0f45b9a3be0ea739723f70d5cd41dfd57894d84bdea
39,0.975,0.0108,0.0029,False,7,mechanical_001,694e94943eba5ec86f88e0f45b9a3be0ea739723f70d5cd41dfd57894d84bdea
40,1.0,0.0111,0.0041,False,7,mechanical_001,694e94943eba5ec86f88e0f45b9a3be0ea739723f70d5cd41dfd57894d84bdea
41,1.025,0.0114,0.0045,False,7,mechanical_001,694e94943eba5ec86f88e0f45b9a3be0ea739723f70d5cd41dfd57894d84bdea
42,1.05,0.0118,0.0032,False,7,mechanical_001,694e94943eba5ec86f88e0f45b9a3be0ea739723f70d5cd41dfd57894d84bdea
43,1.075,0.0121,0.0031,False,7,mechanical_001,694e94943eba5ec86f88e0f45b9a3be0ea739723f70d5cd41dfd57894d84bdea
44,1.1,0.0124,0.0032,False,7,mechanical_001,694e94943eba5ec86f88e0f45b9a3be0ea739723f70d5cd41dfd57894d84bdea
45,1.125,0.0127,0.005,False,7,mechanical_001,694e94943eba5ec86f88e0f45b9a3be0ea739723f70d5cd41dfd57894d84bdea
46,1.15,0.013,0.0064,False,7,mechanical_001,694e94943eba5ec86f88e0f45b9a3be0ea739723f70d5cd41dfd57894d84bdea
47,1.175,0.0133,0.0054,False,7,mechanical_001,694e94943eba5ec86f88e0f45b9a3be0ea739723f70d5cd41dfd57894d84bdea
48,1.2,0.0136,0.0061,False,7,mechanical_001,694e94943eba5ec86f88e0f45b9a3be0ea739723f70d5cd41dfd57894d84bdea
49,1.225,0.0139,0.0052,False,7,mechanical_001,694e94943eba5ec86f88e0f45b9a3be0ea739723f70d5cd41dfd57894d84bdea
50,1.25,0.0142,0.0059,False,7,mechanical_001,694e94943eba5ec86f88e0f45b9a3be0ea739723f70d5cd41dfd57894d84bdea
51,1.275,0.0145,0.005,False,7,mechanical_001,694e94943eba5ec86f88e0f45b9a3be0ea739723f70d5cd41dfd57894d84bdea
52,1.3,0.0149,0.005,False,7,mechanical_001,694e94943eba5ec86f88e0f45b9a3be0ea739723f70d5cd41dfd57894d84bdea
53,1.325,0.0152,0.0055,False,7,mechanical_001,694e94943eba5ec86f88e0f45b9a3be0ea739723f70d5cd41dfd57894d84bdea
54,1.35,0.0155,0.0082,False,7,mechanical_001,694e94943eba5ec86f88e0f45b9a3be0ea739723f70d5cd41dfd57894d84bdea
55,1.375,0.0158,0.0069,False,7,mechanical_001,694e94943eba5ec86f88e0f45b9a3be0ea739723f70d5cd41dfd57894d84bdea
56,1.4,0.0161,0.0077,False,7,mechanical_001,694e94943eba5ec86f88e0f45b9a3be0ea739723f70d5cd41dfd57894d84bdea
57,1.425,0.0165,0.0087,False,7,mechanical_001,694e94943eba5ec86f88e0f45b9a3be0ea739723f70d5cd41dfd57894d84bdea
58,1.45,0.0168,0.0101,False,7,mechanical_001,694e94943eba5ec86f88e0f45b9a3be0ea739723f70d5cd41dfd57894d84bdea
59,1.475,0.0171,0.0112,False,7,mechanical_001,694e94943eba5ec86f88e0f45b9a3be0ea739723f70d5cd41dfd57894d84bdea
60,1.5,0.0174,0.0114,False,7,mechanical_001,694e94943eba5ec86f88e0f45b9a3be0ea739723f70d5cd41dfd57894d84bdea
61,1.525,0.0177,0.0123,False,7,mechanical_001,694e94943eba5ec86f88e0f45b9a3be0ea739723f70d5cd41dfd57894d84bdea
62,1.55,0.018,0.0121,False,7,mechanical_001,694e94943eba5ec86f88e0f45b9a3be0ea739723f70d5cd41dfd57894d84bdea
63,1.575,0.0183,0.0139,False,7,mechanical_001,694e94943eba5ec86f88e0f45b9a3be0ea739723f70d5cd41dfd57894d84bdea
64,1.6,0.0186,0.0138,False,7,mechanical_001,694e94943eba5ec86f88e0f45b9a3be0ea739723f70d5cd41dfd57894d84bdea
65,1.625,0.0189,0.0124,False,7,mechanical_001,694e94943eba5ec86f88e0f45b9a3be0ea739723f70d5cd41dfd57894d84bdea
66,1.65,0.0193,0.0153,False,7,mechanical_001,694e94943eba5ec86f88e0f45b9a3be0ea739723f70d5cd41dfd57894d84bdea
67,1.675,0.0196,0.0162,False,7,mechanical_001,694e94943eba5ec86f88e0f45b9a3be0ea739723f70d5cd41dfd57894d84bdea
68,1.7,0.0199,0.0168,False,7,mechanical_001,694e94943eba5ec86f88e0f45b9a3be0ea739723f70d5cd41dfd57894d84bdea
69,1.725,0.0202,0.0187,False,7,mechanical_001,694e94943eba5ec86f88e0f45b9a3be0ea739723f70d5cd41dfd57894d84bdea
70,1.75,0.0205,0.0185,False,7,mechanical_001,694e94943eba5ec86f88e0f45b9a3be0ea739723f70d5cd41dfd57894d84bdea
71,1.775,0.0208,0.0194,False,7,mechanical_001,694e94943eba5ec86f88e0f45b9a3be0ea739723f70d5cd41dfd57894d84bdea
72,1.8,0.0211,0.0203,False,7,mechanical_001,694e94943eba5ec86f88e0f45b9a3be0ea739723f70d5cd41dfd57894d84bdea
73,1.825,0.0214,0.0211,False,7,mechanical_001,694e94943eba5ec86f88e0f45b9a3be0ea739723f70d5cd41dfd57894d84bdea
74,1.85,0.0217,0.0216,False,7,mechanical_001,694e94943eba5ec86f88e0f45b9a3be0ea739723f70d5cd41dfd57894d84bdea
75,1.875,0.0221,0.0217,False,7,mechanical_001,694e94943eba5ec86f88e0f45b9a3be0ea739723f70d5cd41dfd57894d84bdea
76,1.9,0.0224,0.0216,False,7,mechanical_001,694e94943eba5ec86f88e0f45b9a3be0ea739723f70d5cd41dfd57894d84bdea
77,1.925,0.0227,0.024,False,7,mechanical_001,694e94943eba5ec86f88e0f45b9a3be0ea739723f70d5cd41dfd57894d84bdea
78,1.95,0.023,0.024,False,7,mechanical_001,694e94943eba5ec86f88e0f45b9a3be0ea739723f70d5cd41dfd57894d84bdea
79,1.975,0.0233,0.0244,False,7,mechanical_001,694e94943eba5ec86f88e0f45b9a3be0ea739723f70d5cd41dfd57894d84bdea
80,2.0,0.0236,0.0246,False,7,mechanical_001,694e94943eba5ec86f88e0f45b9a3be0ea739723f70d5cd41dfd57894d84bdea
81,2.025,0.0239,0.0259,False,7,mechanical_001,694e94943eba5ec86f88e0f45b9a3be0ea739723f70d5cd41dfd57894d84bdea
82,2.05,0.0243,0.0257,False,7,mechanical_001,694e94943eba5ec86f88e0f45b9a3be0ea739723f70d5cd41dfd57894d84bdea
83,2.075,0.0246,0.027,False,7,mechanical_001,694e94943eba5ec86f88e0f45b9a3be0ea739723f70d5cd41dfd57894d84bdea
84,2.1,0.0249,0.0274,False,7,mechanical_001,694e94943eba5ec86f88e0f45b9a3be0ea739723f70d5cd41dfd57894d84bdea
85,2.125,0.0252,0.0268,False,7,mechanical_001,694e94943eba5ec86f88e0f45b9a3be0ea739723f70d5cd41dfd57894d84bdea
86,2.15,0.0255,0.0275,False,7,mechanical_001,694e94943eba5ec86f88e0f45b9a3be0ea739723f70d5cd41dfd57894d84bdea
87,2.175,0.0258,0.0285,False,7,mechanical_001,694e94943eba5ec86f88e0f45b9a3be0ea739723f70d5cd41dfd57894d84bdea
88,2.2,0.0261,0.0283,False,7,mechanical_001,694e94943eba5ec86f88e0f45b9a3be0ea739723f70d5cd41dfd57894d84bdea
89,2.225,0.0264,0.0287,False,7,mechanical_001,694e94943eba5ec86f88e0f45b9a3be0ea739723f70d5cd41dfd57894d84bdea
90,2.25,0.0267,0.0307,False,7,mechanical_001,694e94943eba5ec86f88e0f45b9a3be0ea739723f70d5cd41dfd57894d84bdea
91,2.275,0.027,0.031,False,7,mechanical_001,694e94943eba5ec86f88e0f45b9a3be0ea739723f70d5cd41dfd57894d84bdea
92,2.3,0.0274,0.0321,False,7,mechanical_001,694e94943eba5ec86f88e0f45b9a3be0ea739723f70d5cd41dfd57894d84bdea
93,2.325,0.0277,0.0324,False,7,mechanical_001,694e94943eba5ec86f88e0f45b9a3be0ea739723f70d5cd41dfd57894d84bdea
94,2.35,0.028,0.0321,False,7,mechanical_001,694e94943eba5ec86f88e0f45b9a3be0ea739723f70d5cd41dfd57894d84bdea
95,2.375,0.0283,0.0321,False,7,mechanical_001,694e94943eba5ec86f88e0f45b9a3be0ea739723f70d5cd41dfd57894d84bdea
96,2.4,0.0286,0.0321,False,7,mechanical_001,694e94943eba5ec86f88e0f45b9a3be0ea739723f70d5cd41dfd57894d84bdea
97,2.425,0.0289,0.0331,False,7,mechanical_001,694e94943eba5ec86f88e0f45b9a3be0ea739723f70d5cd41dfd57894d84bdea
98,2.45,0.0293,0.0345,False,7,mechanical_001,694e94943eba5ec86f88e0f45b9a3be0ea739723f70d5cd41dfd57894d84bdea
99,2.475,0.0296,0.0354,False,7,mechanical_001,694e94943eba5ec86f88e0f45b9a3be0ea739723f70d5cd41dfd57894d84bdea
100,2.5,0.0299,0.0358,False,7,mechanical_001,694e94943eba5ec86f88e0f45b9a3be0ea739723f70d5cd41dfd57894d84bdea
101,2.525,0.0302,0.0356,False,7,mechanical_001,694e94943eba5ec86f88e0f45b9a3be0ea739723f70d5cd41dfd57894d84bdea
102,2.55,0.0305,0.0356,False,7,mechanical_001,694e94943eba5ec86f88e0f45b9a3be0ea739723f70d5cd41dfd57894d84bdea
103,2.575,0.0308,0.0356,False,7,mechanical_001,694e94943eba5ec86f88e0f45b9a3be0ea739723f70d5cd41dfd57894d84bdea
104,2.6,0.0312,0.0366,False,7,mechanical_001,694e94943eba5ec86f88e0f45b9a3be0ea739723f70d5cd41dfd57894d84bdea
105,2.625,0.0315,0.0366,False,7,mechanical_001,694e94943eba5ec86f88e0f45b9a3be0ea739723f70d5cd41dfd57894d84bdea
106,2.65,0.0318,0.0365,False,7,mechanical_001,694e94943eba5ec86f88e0f45b9a3be0ea739723f70d5cd41dfd57894d84bdea
107,2.675,0.0321,0.0364,False,7,mechanical_001,694e94943eba5ec86f88e0f45b9a3be0ea739723f70d5cd41dfd57894d84bdea
108,2.7,0.0324,0.0369,False,7,mechanical_001,694e94943eba5ec86f88e0f45b9a3be0ea739723f70d5cd41dfd57894d84bdea
109,2.725,0.0327,0.0366,False,7,mechanical_001,694e94943eba5ec86f88e0f45b9a3be0ea739723f70d5cd41dfd57894d84bdea
110,2.75,0.033,0.0373,False,7,mechanical_001,694e94943eba5ec86f88e0f45b9a3be0ea739723f70d5cd41dfd57894d84bdea
111,2.775,0.0334,0.0376,False,7,mechanical_001,694e94943eba5ec86f88e0f45b9a3be0ea739723f70d5cd41dfd57894d84bdea
112,2.8,0.0337,0.0382,False,7,mechanical_001,694e94943eba5ec86f88e0f45b9a3be0ea739723f70d5cd41dfd57894d84bdea
113,2.825,0.034,0.0391,False,7,mechanical_001,694e94943eba5ec86f88e0f45b9a3be0ea739723f70d5cd41dfd57894d84bdea
114,2.85,0.0343,0.0388,False,7,mechanical_001,694e94943eba5ec86f88e0f45b9a3be0ea739723f70d5cd41dfd57894d84bdea
115,2.875,0.0346,0.0388,False,7,mechanical_001,694e94943eba5ec86f88e0f45b9a3be0ea739723f70d5cd41dfd57894d84bdea
116,2.9,0.0349,0.0401,False,7,mechanical_001,694e94943eba5ec86f88e0f45b9a3be0ea739723f70d5cd41dfd57894d84bdea
117,2.925,0.0352,0.0405,False,7,mechanical_001,694e94943eba5ec86f88e0f45b9a3be0ea739723f70d5cd41dfd57894d84bdea
118,2.95,0.0356,0.0426,False,7,mechanical_001,694e94943eba5ec86f88e0f45b9a3be0ea739723f70d5cd41dfd57894d84bdea
119,2.975,0.0359,0.0447,False,7,mechanical_001,694e94943eba5ec86f88e0f45b9a3be0ea739723f70d5cd41dfd57894d84bdea
120,3.0,0.0362,0.0459,False,7,mechanical_001,694e94943eba5ec86f88e0f45b9a3be0ea739723f70d5cd41dfd57894d84bdea
121,3.025,0.0366,0.0464,False,7,mechanical_001,694e94943eba5ec86f88e0f45b9a3be0ea739723f70d5cd41dfd57894d84bdea
122,3.05,0.037,0.0479,False,7,mechanical_001,694e94943eba5ec86f88e0f45b9a3be0ea739723f70d5cd41dfd57894d84bdea
123,3.075,0.0374,0.049,False,7,mechanical_001,694e94943eba5ec86f88e0f45b9a3be0ea739723f70d5cd41dfd57894d84bdea
124,3.1,0.0378,0.0494,False,7,mechanical_001,694e94943eba5ec86f88e0f45b9a3be0ea739723f70d5cd41dfd57894d84bdea
125,3.125,0.0381,0.0503,False,7,mechanical_001,694e94943eba5ec86f88e0f45b9a3be0ea739723f70d5cd41dfd57894d84bdea
126,3.15,0.0384,0.0501,False,7,mechanical_001,694e94943eba5ec86f88e0f45b9a3be0ea739723f70d5cd41dfd57894d84bdea
127,3.175,0.0387,0.0492,False,7,mechanical_001,694e94943eba5ec86f88e0f45b9a3be0ea739723f70d5cd41dfd57894d84bdea
128,3.2,0.039,0.0499,False,7,mechanical_001,694e94943eba5ec86f88e0f45b9a3be0ea739723f70d5cd41dfd57894d84bdea
129,3.225,0.0392,0.0506,False,7,mechanical_001,694e94943eba5ec86f88e0f45b9a3be0ea739723f70d5cd41dfd57894d84bdea
130,3.25,0.0395,0.0502,False,7,mechanical_001,694e94943eba5ec86f88e0f45b9a3be0ea739723f70d5cd41dfd57894d84bdea
131,3.275,0.0398,0.0506,False,7,mechanical_001,694e94943eba5ec86f88e0f45b9a3be0ea739723f70d5cd41dfd57894d84bdea
132,3.3,0.0401,0.0514,False,7,mechanical_001,694e94943eba5ec86f88e0f45b9a3be0ea739723f70d5cd41dfd57894d84bdea
133,3.325,0.0404,0.0509,False,7,mechanical_001,694e94943eba5ec86f88e0f45b9a3be0ea739723f70d5cd41dfd57894d84bdea
134,3.35,0.0407,0.0522,False,7,mechanical_001,694e94943eba5ec86f88e0f45b9a3be0ea739723f70d5cd41dfd57894d84bdea
135,3.375,0.041,0.0531,False,7,mechanical_001,694e94943eba5ec86f88e0f45b9a3be0ea739723f70d5cd41dfd57894d84bdea
136,3.4,0.0414,0.0545,False,7,mechanical_001,694e94943eba5ec86f88e0f45b9a3be0ea739723f70d5cd41dfd57894d84bdea
137,3.425,0.0417,0.0566,False,7,mechanical_001,694e94943eba5ec86f88e0f45b9a3be0ea739723f70d5cd41dfd57894d84bdea
138,3.45,0.042,0.0569,False,7,mechanical_001,694e94943eba5ec86f88e0f45b9a3be0ea739723f70d5cd41dfd57894d84bdea
139,3.475,0.0424,0.0568,False,7,mechanical_001,694e94943eba5ec86f88e0f45b9a3be0ea739723f70d5cd41dfd57894d84bdea
140,3.5,0.0427,0.0577,False,7,mechanical_001,694e94943eba5ec86f88e0f45b9a3be0ea739723f70d5cd41dfd57894d84bdea
141,3.525,0.043,0.0584,False,7,mechanical_001,694e94943eba5ec86f88e0f45b9a3be0ea739723f70d5cd41dfd57894d84bdea
142,3.55,0.0434,0.0582,False,7,mechanical_001,694e94943eba5ec86f88e0f45b9a3be0ea739723f70d5cd41dfd57894d84bdea
143,3.575,0.0437,0.059,False,7,mechanical_001,694e94943eba5ec86f88e0f45b9a3be0ea739723f70d5cd41dfd57894d84bdea
144,3.6,0.044,0.061,False,7,mechanical_001,694e94943eba5ec86f88e0f45b9a3be0ea739723f70d5cd41dfd57894d84bdea
145,3.625,0.0444,0.0621,False,7,mechanical_001,694e94943eba5ec86f88e0f45b9a3be0ea739723f70d5cd41dfd57894d84bdea
146,3.65,0.0447,0.059,False,7,mechanical_001,694e94943eba5ec86f88e0f45b9a3be0ea739723f70d5cd41dfd57894d84bdea
147,3.675,0.0449,0.0506,False,7,mechanical_001,694e94943eba5ec86f88e0f45b9a3be0ea739723f70d5cd41dfd57894d84bdea
148,3.7,0.0452,0.0431,False,7,mechanical_001,694e94943eba5ec86f88e0f45b9a3be0ea739723f70d5cd41dfd57894d84bdea
149,3.725,0.0455,0.043,False,7,mechanical_001,694e94943eba5ec86f88e0f45b9a3be0ea739723f70d5cd41dfd57894d84bdea
150,3.75,0.0458,0.0485,False,7,mechanical_001,694e94943eba5ec86f88e0f45b9a3be0ea739723f70d5cd41dfd57894d84bdea
151,3.775,0.0461,0.0565,False,7,mechanical_001,694e94943eba5ec86f88e0f45b9a3be0ea739723f70d5cd41dfd57894d84bdea
152,3.8,0.0464,0.0651,False,7,mechanical_001,694e94943eba5ec86f88e0f45b9a3be0ea739723f70d5cd41dfd57894d84bdea
153,3.825,0.0467,0.071,False,7,mechanical_001,694e94943eba5ec86f88e0f45b9a3be0ea739723f70d5cd41dfd57894d84bdea
154,3.85,0.047,0.0732,False,7,mechanical_001,694e94943eba5ec86f88e0f45b9a3be0ea739723f70d5cd41dfd57894d84bdea
155,3.875,0.0473,0.0735,False,7,mechanical_001,694e94943eba5ec86f88e0f45b9a3be0ea739723f70d5cd41dfd57894d84bdea
156,3.9,0.0476,0.0693,False,7,mechanical_001,694e94943eba5ec86f88e0f45b9a3be0ea739723f70d5cd41dfd57894d84bdea
157,3.925,0.048,0.0637,False,7,mechanical_001,694e94943eba5ec86f88e0f45b9a3be0ea739723f70d5cd41dfd57894d84bdea
158,3.95,0.0483,0.0611,False,7,mechanical_001,694e94943eba5ec86f88e0f45b9a3be0ea739723f70d5cd41dfd57894d84bdea
159,3.975,0.0486,0.0589,False,7,mechanical_001,694e94943eba5ec86f88e0f45b9a3be0ea739723f70d5cd41dfd57894d84bdea
160,4.0,0.0489,0.0587,False,7,mechanical_001,694e94943eba5ec86f88e0f45b9a3be0ea739723f70d5cd41dfd57894d84bdea
161,4.025,0.0492,0.0619,False,7,mechanical_001,694e94943eba5ec86f88e0f45b9a3be0ea739723f70d5cd41dfd57894d84bdea
162,4.05,0.0495,0.0645,False,7,mechanical_001,694e94943eba5ec86f88e0f45b9a3be0ea739723f70d5cd41dfd57894d84bdea
163,4.075,0.0498,0.0656,False,7,mechanical_001,694e94943eba5ec86f88e0f45b9a3be0ea739723f70d5cd41dfd57894d84bdea
164,4.1,0.0501,0.0662,False,7,mechanical_001,694e94943eba5ec86f88e0f45b9a3be0ea739723f70d5cd41dfd57894d84bdea
165,4.125,0.0505,0.0668,False,7,mechanical_001,694e94943eba5ec86f88e0f45b9a3be0ea739723f70d5cd41dfd57894d84bdea
166,4.15,0.0508,0.0667,False,7,mechanical_001,694e94943eba5ec86f88e0f45b9a3be0ea739723f70d5cd41dfd57894d84bdea
167,4.175,0.0511,0.0668,False,7,mechanical_001,694e94943eba5ec86f88e0f45b9a3be0ea739723f70d5cd41dfd57894d84bdea
168,4.2,0.0514,0.0663,False,7,mechanical_001,694e94943eba5ec86f88e0f45b9a3be0ea739723f70d5cd41dfd57894d84bdea
169,4.225,0.0518,0.0656,False,7,mechanical_001,694e94943eba5ec86f88e0f45b9a3be0ea739723f70d5cd41dfd57894d84bdea
170,4.25,0.0521,0.0661,False,7,mechanical_001,694e94943eba5ec86f88e0f45b9a3be0ea739723f70d5cd41dfd57894d84bdea
171,4.275,0.0524,0.0661,False,7,mechanical_001,694e94943eba5ec86f88e0f45b9a3be0ea739723f70d5cd41dfd57894d84bdea
172,4.3,0.0527,0.0658,False,7,mechanical_001,694e94943eba5ec86f88e0f45b9a3be0ea739723f70d5cd41dfd57894d84bdea
173,4.325,0.0529,0.0677,False,7,mechanical_001,694e94943eba5ec86f88e0f45b9a3be0ea739723f70d5cd41dfd57894d84bdea
174,4.35,0.0532,0.0683,False,7,mechanical_001,694e94943eba5ec86f88e0f45b9a3be0ea739723f70d5cd41dfd57894d84bdea
175,4.375,0.0535,0.07,False,7,mechanical_001,694e94943eba5ec86f88e0f45b9a3be0ea739723f70d5cd41dfd57894d84bdea
176,4.4,0.0538,0.0703,False,7,mechanical_001,694e94943eba5ec86f88e0f45b9a3be0ea739723f70d5cd41dfd57894d84bdea
177,4.425,0.0542,0.0707,False,7,mechanical_001,694e94943eba5ec86f88e0f45b9a3be0ea739723f70d5cd41dfd57894d84bdea
178,4.45,0.0545,0.0716,False,7,mechanical_001,694e94943eba5ec86f88e0f45b9a3be0ea739723f70d5cd41dfd57894d84bdea
179,4.475,0.0548,0.0713,False,7,mechanical_001,694e94943eba5ec86f88e0f45b9a3be0ea739723f70d5cd41dfd57894d84bdea
180,4.5,0.0551,0.0706,False,7,mechanical_001,694e94943eba5ec86f88e0f45b9a3be0ea739723f70d5cd41dfd57894d84bdea
181,4.525,0.0555,0.0709,False,7,mechanical_001,694e94943eba5ec86f88e0f45b9a3be0ea739723f70d5cd41dfd57894d84bdea
182,4.55,0.0558,0.0716,False,7,mechanical_001,694e94943eba5ec86f88e0f45b9a3be0ea739723f70d5cd41dfd57894d84bdea
183,4.575,0.0561,0.072,False,7,mechanical_001,694e94943eba5ec86f88e0f45b9a3be0ea739723f70d5cd41dfd57894d84bdea
184,4.6,0.0564,0.0715,False,7,mechanical_001,694e94943eba5ec86f88e0f45b9a3be0ea739723f70d5cd41dfd57894d84bdea
185,4.625,0.0567,0.0717,False,7,mechanical_001,694e94943eba5ec86f88e0f45b9a3be0ea739723f70d5cd41dfd57894d84bdea
186,4.65,0.057,0.071,False,7,mechanical_001,694e94943eba5ec86f88e0f45b9a3be0ea739723f70d5cd41dfd57894d84bdea
187,4.675,0.0573,0.0715,False,7,mechanical_001,694e94943eba5ec86f88e0f45b9a3be0ea739723f70d5cd41dfd57894d84bdea
188,4.7,0.0576,0.072,False,7,mechanical_001,694e94943eba5ec86f88e0f45b9a3be0ea739723f70d5cd41dfd57894d84bdea
189,4.725,0.0579,0.0705,False,7,mechanical_001,694e94943eba5ec86f88e0f45b9a3be0ea739723f70d5cd41dfd57894d84bdea
190,4.75,0.0582,0.07,False,7,mechanical_001,694e94943eba5ec86f88e0f45b9a3be0ea739723f70d5cd41dfd57894d84bdea
191,4.775,0.0585,0.0724,False,7,mechanical_001,694e94943eba5ec86f88e0f45b9a3be0ea739723f70d5cd41dfd57894d84bdea
192,4.8,0.0588,0.0741,False,7,mechanical_001,694e94943eba5ec86f88e0f45b9a3be0ea739723f70d5cd41dfd57894d84bdea
193,4.825,0.0592,0.0735,False,7,mechanical_001,694e94943eba5ec86f88e0f45b9a3be0ea739723f70d5cd41dfd57894d84bdea
194,4.85,0.0595,0.0757,False,7,mechanical_001,694e94943eba5ec86f88e0f45b9a3be0ea739723f70d5cd41dfd57894d84bdea
195,4.875,0.0598,0.076,False,7,mechanical_001,694e94943eba5ec86f88e0f45b9a3be0ea739723f70d5cd41dfd57894d84bdea
196,4.9,0.0601,0.0755,False,7,mechanical_001,694e94943eba5ec86f88e0f45b9a3be0ea739723f70d5cd41dfd57894d84bdea
197,4.925,0.0604,0.0752,False,7,mechanical_001,694e94943eba5ec86f88e0f45b9a3be0ea739723f70d5cd41dfd57894d84bdea
198,4.95,0.0608,0.0767,False,7,mechanical_001,694e94943eba5ec86f88e0f45b9a3be0ea739723f70d5cd41dfd57894d84bdea
199,4.975,0.0611,0.0784,False,7,mechanical_001,694e94943eba5ec86f88e0f45b9a3be0ea739723f70d5cd41dfd57894d84bdea
200,5.0,0.0614,0.0767,False,7,mechanical_001,694e94943eba5ec86f88e0f45b9a3be0ea739723f70d5cd41dfd57894d84bdea
201,5.025,0.0617,0.0764,False,7,mechanical_001,694e94943eba5ec86f88e0f45b9a3be0ea739723f70d5cd41dfd57894d84bdea
202,5.05,0.062,0.0756,False,7,mechanical_001,694e94943eba5ec86f88e0f45b9a3be0ea739723f70d5cd41dfd57894d84bdea
203,5.075,0.0623,0.0749,False,7,mechanical_001,694e94943eba5ec86f88e0f45b9a3be0ea739723f70d5cd41dfd57894d84bdea
204,5.1,0.0626,0.0748,False,7,mechanical_001,694e94943eba5ec86f88e0f45b9a3be0ea739723f70d5cd41dfd57894d84bdea
205,5.125,0.0629,0.0755,False,7,mechanical_001,694e94943eba5ec86f88e0f45b9a3be0ea739723f70d5cd41dfd57894d84bdea
206,5.15,0.0632,0.0763,False,7,mechanical_001,694e94943eba5ec86f88e0f45b9a3be0ea739723f70d5cd41dfd57894d84bdea
207,5.175,0.0635,0.0769,False,7,mechanical_001,694e94943eba5ec86f88e0f45b9a3be0ea739723f70d5cd41dfd57894d84bdea
208,5.2,0.0639,0.0782,False,7,mechanical_001,694e94943eba5ec86f88e0f45b9a3be0ea739723f70d5cd41dfd57894d84bdea
209,5.225,0.0642,0.0768,False,7,mechanical_001,694e94943eba5ec86f88e0f45b9a3be0ea739723f70d5cd41dfd57894d84bdea
210,5.25,0.0645,0.077,False,7,mechanical_001,694e94943eba5ec86f88e0f45b9a3be0ea739723f70d5cd41dfd57894d84bdea
211,5.275,0.0648,0.0776,False,7,mechanical_001,694e94943eba5ec86f88e0f45b9a3be0ea739723f70d5cd41dfd57894d84bdea
212,5.3,0.0651,0.0784,False,7,mechanical_001,694e94943eba5ec86f88e0f45b9a3be0ea739723f70d5cd41dfd57894d84bdea
213,5.325,0.0654,0.0785,False,7,mechanical_001,694e94943eba5ec86f88e0f45b9a3be0ea739723f70d5cd41dfd57894d84bdea
214,5.35,0.0657,0.0808,False,7,mechanical_001,694e94943eba5ec86f88e0f45b9a3be0ea739723f70d5cd41dfd57894d84bdea
215,5.375,0.066,0.0831,False,7,mechanical_001,694e94943eba5ec86f88e0f45b9a3be0ea739723f70d5cd41dfd57894d84bdea
216,5.4,0.0663,0.0838,False,7,mechanical_001,694e94943eba5ec86f88e0f45b9a3be0ea739723f70d5cd41dfd57894d84bdea
217,5.425,0.0667,0.0862,False,7,mechanical_001,694e94943eba5ec86f88e0f45b9a3be0ea739723f70d5cd41dfd57894d84bdea
218,5.45,0.067,0.0881,False,7,mechanical_001,694e94943eba5ec86f88e0f45b9a3be0ea739723f70d5cd41dfd57894d84bdea
219,5.475,0.0673,0.0887,False,7,mechanical_001,694e94943eba5ec86f88e0f45b9a3be0ea739723f70d5cd41dfd57894d84bdea
220,5.5,0.0676,0.089,False,7,mechanical_001,694e94943eba5ec86f88e0f45b9a3be0ea739723f70d5cd41dfd57894d84bdea
221,5.525,0.0679,0.091,False,7,mechanical_001,694e94943eba5ec86f88e0f45b9a3be0ea739723f70d5cd41dfd57894d84bdea
222,5.55,0.0682,0.0911,False,7,mechanical_001,694e94943eba5ec86f88e0f45b9a3be0ea739723f70d5cd41dfd57894d84bdea
223,5.575,0.0685,0.0917,False,7,mechanical_001,694e94943eba5ec86f88e0f45b9a3be0ea739723f70d5cd41dfd57894d84bdea
224,5.6,0.0688,0.0922,False,7,mechanical_001,694e94943eba5ec86f88e0f45b9a3be0ea739723f70d5cd41dfd57894d84bdea
225,5.625,0.0691,0.0938,False,7,mechanical_001,694e94943eba5ec86f88e0f45b9a3be0ea739723f70d5cd41dfd57894d84bdea
226,5.65,0.0694,0.0949,False,7,mechanical_001,694e94943eba5ec86f88e0f45b9a3be0ea739723f70d5cd41dfd57894d84bdea
227,5.675,0.0698,0.0986,False,7,mechanical_001,694e94943eba5ec86f88e0f45b9a3be0ea739723f70d5cd41dfd57894d84bdea
228,5.7,0.0701,0.1006,False,7,mechanical_001,694e94943eba5ec86f88e0f45b9a3be0ea739723f70d5cd41dfd57894d84bdea
229,5.725,0.0704,0.0995,False,7,mechanical_001,694e94943eba5ec86f88e0f45b9a3be0ea739723f70d5cd41dfd57894d84bdea
230,5.75,0.0708,0.1003,False,7,mechanical_001,694e94943eba5ec86f88e0f45b9a3be0ea739723f70d5cd41dfd57894d84bdea
231,5.775,0.0711,0.1026,False,7,mechanical_001,694e94943eba5ec86f88e0f45b9a3be0ea739723f70d5cd41dfd57894d84bdea
232,5.8,0.0714,0.1039,False,7,mechanical_001,694e94943eba5ec86f88e0f45b9a3be0ea739723f70d5cd41dfd57894d84bdea
233,5.825,0.0718,0.105,False,7,mechanical_001,694e94943eba5ec86f88e0f45b9a3be0ea739723f70d5cd41dfd57894d84bdea
234,5.85,0.0721,0.1054,False,7,mechanical_001,694e94943eba5ec86f88e0f45b9a3be0ea739723f70d5cd41dfd57894d84bdea
235,5.875,0.0724,0.1055,False,7,mechanical_001,694e94943eba5ec86f88e0f45b9a3be0ea739723f70d5cd41dfd57894d84bdea
236,5.9,0.0727,0.1056,False,7,mechanical_001,694e94943eba5ec86f88e0f45b9a3be0ea739723f70d5cd41dfd57894d84bdea
237,5.925,0.0731,0.105,False,7,mechanical_001,694e94943eba5ec86f88e0f45b9a3be0ea739723f70d5cd41dfd57894d84bdea
238,5.95,0.0733,0.1059,False,7,mechanical_001,694e94943eba5ec86f88e0f45b9a3be0ea739723f70d5cd41dfd57894d84bdea
239,5.975,0.0736,0.1054,False,7,mechanical_001,694e94943eba5ec86f88e0f45b9a3be0ea739723f70d5cd41dfd57894d84bdea
240,6.0,0.0739,0.1048,False,7,mechanical_001,694e94943eba5ec86f88e0f45b9a3be0ea739723f70d5cd41dfd57894d84bdea
241,6.025,0.0742,0.1058,False,7,mechanical_001,694e94943eba5ec86f88e0f45b9a3be0ea739723f70d5cd41dfd57894d84bdea
242,6.05,0.0745,0.1058,False,7,mechanical_001,694e94943eba5ec86f88e0f45b9a3be0ea739723f70d5cd41dfd57894d84bdea
243,6.075,0.0748,0.1059,False,7,mechanical_001,694e94943eba5ec86f88e0f45b9a3be0ea739723f70d5cd41dfd57894d84bdea
244,6.1,0.0751,0.1082,False,7,mechanical_001,694e94943eba5ec86f88e0f45b9a3be0ea739723f70d5cd41dfd57894d84bdea
245,6.125,0.0755,0.1117,False,7,mechanical_001,694e94943eba5ec86f88e0f45b9a3be0ea739723f70d5cd41dfd57894d84bdea
246,6.15,0.0758,0.1153,False,7,mechanical_001,694e94943eba5ec86f88e0f45b9a3be0ea739723f70d5cd41dfd57894d84bdea
247,6.175,0.0761,0.1156,False,7,mechanical_001,694e94943eba5ec86f88e0f45b9a3be0ea739723f70d5cd41dfd57894d84bdea
248,6.2,0.0765,0.1174,False,7,mechanical_001,694e94943eba5ec86f88e0f45b9a3be0ea739723f70d5cd41dfd57894d84bdea
249,6.225,0.0768,0.1182,False,7,mechanical_001,694e94943eba5ec86f88e0f45b9a3be0ea739723f70d5cd41dfd57894d84bdea
250,6.25,0.0771,0.1198,False,7,mechanical_001,694e94943eba5ec86f88e0f45b9a3be0ea739723f70d5cd41dfd57894d84bdea
251,6.275,0.0775,0.1221,False,7,mechanical_001,694e94943eba5ec86f88e0f45b9a3be0ea739723f70d5cd41dfd57894d84bdea
252,6.3,0.0778,0.1229,False,7,mechanical_001,694e94943eba5ec86f88e0f45b9a3be0ea739723f70d5cd41dfd57894d84bdea
253,6.325,0.0781,0.1223,False,7,mechanical_001,694e94943eba5ec86f88e0f45b9a3be0ea739723f70d5cd41dfd57894d84bdea
254,6.35,0.0784,0.1211,False,7,mechanical_001,694e94943eba5ec86f88e0f45b9a3be0ea739723f70d5cd41dfd57894d84bdea
255,6.375,0.0787,0.1207,False,7,mechanical_001,694e94943eba5ec86f88e0f45b9a3be0ea739723f70d5cd41dfd57894d84bdea
256,6.4,0.079,0.1214,False,7,mechanical_001,694e94943eba5ec86f88e0f45b9a3be0ea739723f70d5cd41dfd57894d84bdea
257,6.425,0.0793,0.1228,False,7,mechanical_001,694e94943eba5ec86f88e0f45b9a3be0ea739723f70d5cd41dfd57894d84bdea
258,6.45,0.0796,0.1237,False,7,mechanical_001,694e94943eba5ec86f88e0f45b9a3be0ea739723f70d5cd41dfd57894d84bdea
259,6.475,0.0799,0.125,False,7,mechanical_001,694e94943eba5ec86f88e0f45b9a3be0ea739723f70d5cd41dfd57894d84bdea
260,6.5,0.0802,0.1258,False,7,mechanical_001,694e94943eba5ec86f88e0f45b9a3be0ea739723f70d5cd41dfd57894d84bdea
261,6.525,0.0805,0.1262,False,7,mechanical_001,694e94943eba5ec86f88e0f45b9a3be0ea739723f70d5cd41dfd57894d84bdea
262,6.55,0.0808,0.1276,False,7,mechanical_001,694e94943eba5ec86f88e0f45b9a3be0ea739723f70d5cd41dfd57894d84bdea
263,6.575,0.0811,0.1314,False,7,mechanical_001,694e94943eba5ec86f88e0f45b9a3be0ea739723f70d5cd41dfd57894d84bdea
264,6.6,0.0814,0.1293,False,7,mechanical_001,694e94943eba5ec86f88e0f45b9a3be0ea739723f70d5cd41dfd57894d84bdea
265,6.625,0.0817,0.1284,False,7,mechanical_001,694e94943eba5ec86f88e0f45b9a3be0ea739723f70d5cd41dfd57894d84bdea
266,6.65,0.0821,0.1298,False,7,mechanical_001,694e94943eba5ec86f88e0f45b9a3be0ea739723f70d5cd41dfd57894d84bdea
267,6.675,0.0824,0.1298,False,7,mechanical_001,694e94943eba5ec86f88e0f45b9a3be0ea739723f70d5cd41dfd57894d84bdea
268,6.7,0.0827,0.1292,False,7,mechanical_001,694e94943eba5ec86f88e0f45b9a3be0ea739723f70d5cd41dfd57894d84bdea
269,6.725,0.083,0.1315,False,7,mechanical_001,694e94943eba5ec86f88e0f45b9a3be0ea739723f70d5cd41dfd57894d84bdea
270,6.75,0.0833,0.1339,False,7,mechanical_001,694e94943eba5ec86f88e0f45b9a3be0ea739723f70d5cd41dfd57894d84bdea
271,6.775,0.0836,0.135,False,7,mechanical_001,694e94943eba5ec86f88e0f45b9a3be0ea739723f70d5cd41dfd57894d84bdea
272,6.8,0.0839,0.1364,False,7,mechanical_001,694e94943eba5ec86f88e0f45b9a3be0ea739723f70d5cd41dfd57894d84bdea
273,6.825,0.0842,0.1383,False,7,mechanical_001,694e94943eba5ec86f88e0f45b9a3be0ea739723f70d5cd41dfd57894d84bdea
274,6.85,0.0845,0.1396,False,7,mechanical_001,694e94943eba5ec86f88e0f45b9a3be0ea739723f70d5cd41dfd57894d84bdea
275,6.875,0.0848,0.1394,False,7,mechanical_001,694e94943eba5ec86f88e0f45b9a3be0ea739723f70d5cd41dfd57894d84bdea
276,6.9,0.0851,0.1391,False,7,mechanical_001,694e94943eba5ec86f88e0f45b9a3be0ea739723f70d5cd41dfd57894d84bdea
277,6.925,0.0854,0.1406,False,7,mechanical_001,694e94943eba5ec86f88e0f45b9a3be0ea739723f70d5cd41dfd57894d84bdea
278,6.95,0.0857,0.1433,False,7,mechanical_001,694e94943eba5ec86f88e0f45b9a3be0ea739723f70d5cd41dfd57894d84bdea
279,6.975,0.086,0.1432,False,7,mechanical_001,694e94943eba5ec86f88e0f45b9a3be0ea739723f70d5cd41dfd57894d84bdea
280,7.0,0.0863,0.1445,False,7,mechanical_001,694e94943eba5ec86f88e0f45b9a3be0ea739723f70d5cd41dfd57894d84bdea
281,7.025,0.0867,0.1437,False,7,mechanical_001,694e94943eba5ec86f88e0f45b9a3be0ea739723f70d5cd41dfd57894d84bdea
282,7.05,0.087,0.1427,False,7,mechanical_001,694e94943eba5ec86f88e0f45b9a3be0ea739723f70d5cd41dfd57894d84bdea
283,7.075,0.0873,0.1414,False,7,mechanical_001,694e94943eba5ec86f88e0f45b9a3be0ea739723f70d5cd41dfd57894d84bdea
284,7.1,0.0876,0.1417,False,7,mechanical_001,694e94943eba5ec86f88e0f45b9a3be0ea739723f70d5cd41dfd57894d84bdea
285,7.125,0.0879,0.1421,False,7,mechanical_001,694e94943eba5ec86f88e0f45b9a3be0ea739723f70d5cd41dfd57894d84bdea
286,7.15,0.0882,0.1427,False,7,mechanical_001,694e94943eba5ec86f88e0f45b9a3be0ea739723f70d5cd41dfd57894d84bdea
287,7.175,0.0885,0.1431,False,7,mechanical_001,694e94943eba5ec86f88e0f45b9a3be0ea739723f70d5cd41dfd57894d84bdea
288,7.2,0.0888,0.1449,False,7,mechanical_001,694e94943eba5ec86f88e0f45b9a3be0ea739723f70d5cd41dfd57894d84bdea
289,7.225,0.0891,0.1448,False,7,mechanical_001,694e94943eba5ec86f88e0f45b9a3be0ea739723f70d5cd41dfd57894d84bdea
290,7.25,0.0894,0.1445,False,7,mechanical_001,694e94943eba5ec86f88e0f45b9a3be0ea739723f70d5cd41dfd57894d84bdea
291,7.275,0.0897,0.1435,False,7,mechanical_001,694e94943eba5ec86f88e0f45b9a3be0ea739723f70d5cd41dfd57894d84bdea
292,7.3,0.0901,0.1443,False,7,mechanical_001,694e94943eba5ec86f88e0f45b9a3be0ea739723f70d5cd41dfd57894d84bdea
293,7.325,0.0904,0.1464,False,7,mechanical_001,694e94943eba5ec86f88e0f45b9a3be0ea739723f70d5cd41dfd57894d84bdea
294,7.35,0.0907,0.1476,False,7,mechanical_001,694e94943eba5ec86f88e0f45b9a3be0ea739723f70d5cd41dfd57894d84bdea
295,7.375,0.091,0.1482,False,7,mechanical_001,694e94943eba5ec86f88e0f45b9a3be0ea739723f70d5cd41dfd57894d84bdea
296,7.4,0.0913,0.1483,False,7,mechanical_001,694e94943eba5ec86f88e0f45b9a3be0ea739723f70d5cd41dfd57894d84bdea
297,7.425,0.0916,0.1488,False,7,mechanical_001,694e94943eba5ec86f88e0f45b9a3be0ea739723f70d5cd41dfd57894d84bdea
298,7.45,0.0919,0.1497,False,7,mechanical_001,694e94943eba5ec86f88e0f45b9a3be0ea739723f70d5cd41dfd57894d84bdea
299,7.475,0.0922,0.1503,False,7,mechanical_001,694e94943eba5ec86f88e0f45b9a3be0ea739723f70d5cd41dfd57894d84bdea
300,7.5,0.0926,0.15,False,7,mechanical_001,694e94943eba5ec86f88e0f45b9a3be0ea739723f70d5cd41dfd57894d84bdea
301,7.525,0.0929,0.1519,False,7,mechanical_001,694e94943eba5ec86f88e0f45b9a3be0ea739723f70d5cd41dfd57894d84bdea
302,7.55,0.0932,0.1512,False,7,mechanical_001,694e94943eba5ec86f88e0f45b9a3be0ea739723f70d5cd41dfd57894d84bdea
303,7.575,0.0935,0.1527,False,7,mechanical_001,694e94943eba5ec86f88e0f45b9a3be0ea739723f70d5cd41dfd57894d84bdea
304,7.6,0.0938,0.1533,False,7,mechanical_001,694e94943eba5ec86f88e0f45b9a3be0ea739723f70d5cd41dfd57894d84bdea
305,7.625,0.0941,0.1522,False,7,mechanical_001,694e94943eba5ec86f88e0f45b9a3be0ea739723f70d5cd41dfd57894d84bdea
306,7.65,0.0944,0.1516,False,7,mechanical_001,694e94943eba5ec86f88e0f45b9a3be0ea739723f70d5cd41dfd57894d84bdea
307,7.675,0.0947,0.1542,False,7,mechanical_001,694e94943eba5ec86f88e0f45b9a3be0ea739723f70d5cd41dfd57894d84bdea
308,7.7,0.095,0.1547,False,7,mechanical_001,694e94943eba5ec86f88e0f45b9a3be0ea739723f70d5cd41dfd57894d84bdea
309,7.725,0.0953,0.1548,False,7,mechanical_001,694e94943eba5ec86f88e0f45b9a3be0ea739723f70d5cd41dfd57894d84bdea
310,7.75,0.0956,0.1552,False,7,mechanical_001,694e94943eba5ec86f88e0f45b9a3be0ea739723f70d5cd41dfd57894d84bdea
311,7.775,0.0959,0.1568,False,7,mechanical_001,694e94943eba5ec86f88e0f45b9a3be0ea739723f70d5cd41dfd57894d84bdea
312,7.8,0.0962,0.1601,False,7,mechanical_001,694e94943eba5ec86f88e0f45b9a3be0ea739723f70d5cd41dfd57894d84bdea
313,7.825,0.0965,0.1594,False,7,mechanical_001,694e94943eba5ec86f88e0f45b9a3be0ea739723f70d5cd41dfd57894d84bdea
314,7.85,0.0968,0.1583,False,7,mechanical_001,694e94943eba5ec86f88e0f45b9a3be0ea739723f70d5cd41dfd57894d84bdea
315,7.875,0.0971,0.1587,False,7,mechanical_001,694e94943eba5ec86f88e0f45b9a3be0ea739723f70d5cd41dfd57894d84bdea
316,7.9,0.0974,0.1584,False,7,mechanical_001,694e94943eba5ec86f88e0f45b9a3be0ea739723f70d5cd41dfd57894d84bdea
317,7.925,0.0977,0.1584,False,7,mechanical_001,694e94943eba5ec86f88e0f45b9a3be0ea739723f70d5cd41dfd57894d84bdea
318,7.95,0.098,0.1588,False,7,mechanical_001,694e94943eba5ec86f88e0f45b9a3be0ea739723f70d5cd41dfd57894d84bdea
319,7.975,0.0983,0.158,False,7,mechanical_001,694e94943eba5ec86f88e0f45b9a3be0ea739723f70d5cd41dfd57894d84bdea
320,8.0,0.0986,0.1588,False,7,mechanical_001,694e94943eba5ec86f88e0f45b9a3be0ea739723f70d5cd41dfd57894d84bdea
321,8.025,0.0989,0.1606,False,7,mechanical_001,694e94943eba5ec86f88e0f45b9a3be0ea739723f70d5cd41dfd57894d84bdea
322,8.05,0.0992,0.1599,False,7,mechanical_001,694e94943eba5ec86f88e0f45b9a3be0ea739723f70d5cd41dfd57894d84bdea
323,8.075,0.0996,0.1625,False,7,mechanical_001,694e94943eba5ec86f88e0f45b9a3be0ea739723f70d5cd41dfd57894d84bdea
324,8.1,0.0999,0.1623,False,7,mechanical_001,694e94943eba5ec86f88e0f45b9a3be0ea739723f70d5cd41dfd57894d84bdea
325,8.125,0.1002,0.1625,False,7,mechanical_001,694e94943eba5ec86f88e0f45b9a3be0ea739723f70d5cd41dfd57894d84bdea
326,8.15,0.1005,0.1613,False,7,mechanical_001,694e94943eba5ec86f88e0f45b9a3be0ea739723f70d5cd41dfd57894d84bdea
327,8.175,0.1008,0.1615,False,7,mechanical_001,694e94943eba5ec86f88e0f45b9a3be0ea739723f70d5cd41dfd57894d84bdea
328,8.2,0.1011,0.1632,False,7,mechanical_001,694e94943eba5ec86f88e0f45b9a3be0ea739723f70d5cd41dfd57894d84bdea
329,8.225,0.1015,0.1623,False,7,mechanical_001,694e94943eba5ec86f88e0f45b9a3be0ea739723f70d5cd41dfd57894d84bdea
330,8.25,0.1018,0.1613,False,7,mechanical_001,694e94943eba5ec86f88e0f45b9a3be0ea739723f70d5cd41dfd57894d84bdea
331,8.275,0.1021,0.1604,False,7,mechanical_001,694e94943eba5ec86f88e0f45b9a3be0ea739723f70d5cd41dfd57894d84bdea
332,8.3,0.1024,0.1602,False,7,mechanical_001,694e94943eba5ec86f88e0f45b9a3be0ea739723f70d5cd41dfd57894d84bdea
333,8.325,0.1027,0.1609,False,7,mechanical_001,694e94943eba5ec86f88e0f45b9a3be0ea739723f70d5cd41dfd57894d84bdea
334,8.35,0.103,0.1629,False,7,mechanical_001,694e94943eba5ec86f88e0f45b9a3be0ea739723f70d5cd41dfd57894d84bdea
335,8.375,0.1033,0.1651,False,7,mechanical_001,694e94943eba5ec86f88e0f45b9a3be0ea739723f70d5cd41dfd57894d84bdea
336,8.4,0.1036,0.1639,False,7,mechanical_001,694e94943eba5ec86f88e0f45b9a3be0ea739723f70d5cd41dfd57894d84bdea
337,8.425,0.104,0.1659,False,7,mechanical_001,694e94943eba5ec86f88e0f45b9a3be0ea739723f70d5cd41dfd57894d84bdea
338,8.45,0.1043,0.1661,False,7,mechanical_001,694e94943eba5ec86f88e0f45b9a3be0ea739723f70d5cd41dfd57894d84bdea
339,8.475,0.1046,0.1653,False,7,mechanical_001,694e94943eba5ec86f88e0f45b9a3be0ea739723f70d5cd41dfd57894d84bdea
340,8.5,0.1049,0.1653,False,7,mechanical_001,694e94943eba5ec86f88e0f45b9a3be0ea739723f70d5cd41dfd57894d84bdea
341,8.525,0.1052,0.1641,False,7,mechanical_001,694e94943eba5ec86f88e0f45b9a3be0ea739723f70d5cd41dfd57894d84bdea
342,8.55,0.1056,0.1643,False,7,mechanical_001,694e94943eba5ec86f88e0f45b9a3be0ea739723f70d5cd41dfd57894d84bdea
343,8.575,0.1059,0.1668,False,7,mechanical_001,694e94943eba5ec86f88e0f45b9a3be0ea739723f70d5cd41dfd57894d84bdea
344,8.6,0.1062,0.1683,False,7,mechanical_001,694e94943eba5ec86f88e0f45b9a3be0ea739723f70d5cd41dfd57894d84bdea
345,8.625,0.1066,0.1685,False,7,mechanical_001,694e94943eba5ec86f88e0f45b9a3be0ea739723f70d5cd41dfd57894d84bdea
346,8.65,0.1069,0.1681,False,7,mechanical_001,694e94943eba5ec86f88e0f45b9a3be0ea739723f70d5cd41dfd57894d84bdea
347,8.675,0.1072,0.1699,False,7,mechanical_001,694e94943eba5ec86f88e0f45b9a3be0ea739723f70d5cd41dfd57894d84bdea
348,8.7,0.1075,0.1712,False,7,mechanical_001,694e94943eba5ec86f88e0f45b9a3be0ea739723f70d5cd41dfd57894d84bdea
349,8.725,0.1079,0.1695,False,7,mechanical_001,694e94943eba5ec86f88e0f45b9a3be0ea739723f70d5cd41dfd57894d84bdea
350,8.75,0.1082,0.1621,False,7,mechanical_001,694e94943eba5ec86f88e0f45b9a3be0ea739723f70d5cd41dfd57894d84bdea
351,8.775,0.1085,0.1569,False,7,mechanical_001,694e94943eba5ec86f88e0f45b9a3be0ea739723f70d5cd41dfd57894d84bdea
352,8.8,0.1088,0.1525,False,7,mechanical_001,694e94943eba5ec86f88e0f45b9a3be0ea739723f70d5cd41dfd57894d84bdea
353,8.825,0.1091,0.1518,False,7,mechanical_001,694e94943eba5ec86f88e0f45b9a3be0ea739723f70d5cd41dfd57894d84bdea
354,8.85,0.1094,0.1543,False,7,mechanical_001,694e94943eba5ec86f88e0f45b9a3be0ea739723f70d5cd41dfd57894d84bdea
355,8.875,0.1097,0.1538,False,7,mechanical_001,694e94943eba5ec86f88e0f45b9a3be0ea739723f70d5cd41dfd57894d84bdea
356,8.9,0.11,0.1543,False,7,mechanical_001,694e94943eba5ec86f88e0f45b9a3be0ea739723f70d5cd41dfd57894d84bdea
357,8.925,0.1103,0.1536,False,7,mechanical_001,694e94943eba5ec86f88e0f45b9a3be0ea739723f70d5cd41dfd57894d84bdea
358,8.95,0.1106,0.1524,False,7,mechanical_001,694e94943eba5ec86f88e0f45b9a3be0ea739723f70d5cd41dfd57894d84bdea
359,8.975,0.1109,0.1544,False,7,mechanical_001,694e94943eba5ec86f88e0f45b9a3be0ea739723f70d5cd41dfd57894d84bdea
360,9.0,0.1112,0.155,False,7,mechanical_001,694e94943eba5ec86f88e0f45b9a3be0ea739723f70d5cd41dfd57894d84bdea
361,9.025,0.1115,0.1545,False,7,mechanical_001,694e94943eba5ec86f88e0f45b9a3be0ea739723f70d5cd41dfd57894d84bdea
362,9.05,0.1119,0.1541,False,7,mechanical_001,694e94943eba5ec86f88e0f45b9a3be0ea739723f70d5cd41dfd57894d84bdea
363,9.075,0.1122,0.154,False,7,mechanical_001,694e94943eba5ec86f88e0f45b9a3be0ea739723f70d5cd41dfd57894d84bdea
364,9.1,0.1125,0.1544,False,7,mechanical_001,694e94943eba5ec86f88e0f45b9a3be0ea739723f70d5cd41dfd57894d84bdea
365,9.125,0.1128,0.1562,False,7,mechanical_001,694e94943eba5ec86f88e0f45b9a3be0ea739723f70d5cd41dfd57894d84bdea
366,9.15,0.1131,0.1571,False,7,mechanical_001,694e94943eba5ec86f88e0f45b9a3be0ea739723f70d5cd41dfd57894d84bdea
367,9.175,0.1134,0.1566,False,7,mechanical_001,694e94943eba5ec86f88e0f45b9a3be0ea739723f70d5cd41dfd57894d84bdea
368,9.2,0.1137,0.1565,False,7,mechanical_001,694e94943eba5ec86f88e0f45b9a3be0ea739723f70d5cd41dfd57894d84bdea
369,9.225,0.114,0.1588,False,7,mechanical_001,694e94943eba5ec86f88e0f45b9a3be0ea739723f70d5cd41dfd57894d84bdea
370,9.25,0.1143,0.1582,False,7,mechanical_001,694e94943eba5ec86f88e0f45b9a3be0ea739723f70d5cd41dfd57894d84bdea
371,9.275,0.1146,0.16,False,7,mechanical_001,694e94943eba5ec86f88e0f45b9a3be0ea739723f70d5cd41dfd57894d84bdea
372,9.3,0.115,0.1582,False,7,mechanical_001,694e94943eba5ec86f88e0f45b9a3be0ea739723f70d5cd41dfd57894d84bdea
373,9.325,0.1153,0.1581,False,7,mechanical_001,694e94943eba5ec86f88e0f45b9a3be0ea739723f70d5cd41dfd57894d84bdea
374,9.35,0.1156,0.1588,False,7,mechanical_001,694e94943eba5ec86f88e0f45b9a3be0ea739723f70d5cd41dfd57894d84bdea
375,9.375,0.1159,0.1604,False,7,mechanical_001,694e94943eba5ec86f88e0f45b9a3be0ea739723f70d5cd41dfd57894d84bdea
376,9.4,0.1163,0.1622,False,7,mechanical_001,694e94943eba5ec86f88e0f45b9a3be0ea739723f70d5cd41dfd57894d84bdea
377,9.425,0.1166,0.1616,False,7,mechanical_001,694e94943eba5ec86f88e0f45b9a3be0ea739723f70d5cd41dfd57894d84bdea
378,9.45,0.1169,0.1602,False,7,mechanical_001,694e94943eba5ec86f88e0f45b9a3be0ea739723f70d5cd41dfd57894d84bdea
379,9.475,0.1172,0.1602,False,7,mechanical_001,694e94943eba5ec86f88e0f45b9a3be0ea739723f70d5cd41dfd57894d84bdea
380,9.5,0.1176,0.1593,False,7,mechanical_001,694e94943eba5ec86f88e0f45b9a3be0ea739723f70d5cd41dfd57894d84bdea
381,9.525,0.1179,0.1607,False,7,mechanical_001,694e94943eba5ec86f88e0f45b9a3be0ea739723f70d5cd41dfd57894d84bdea
382,9.55,0.1182,0.159,False,7,mechanical_001,694e94943eba5ec86f88e0f45b9a3be0ea739723f70d5cd41dfd57894d84bdea
383,9.575,0.1185,0.1585,False,7,mechanical_001,694e94943eba5ec86f88e0f45b9a3be0ea739723f70d5cd41dfd57894d84bdea
384,9.6,0.1188,0.1595,False,7,mechanical_001,694e94943eba5ec86f88e0f45b9a3be0ea739723f70d5cd41dfd57894d84bdea
385,9.625,0.1191,0.1596,False,7,mechanical_001,694e94943eba5ec86f88e0f45b9a3be0ea739723f70d5cd41dfd57894d84bdea
386,9.65,0.1194,0.1587,False,7,mechanical_001,694e94943eba5ec86f88e0f45b9a3be0ea739723f70d5cd41dfd57894d84bdea
387,9.675,0.1197,0.1582,False,7,mechanical_001,694e94943eba5ec86f88e0f45b9a3be0ea739723f70d5cd41dfd57894d84bdea
388,9.7,0.1201,0.1581,False,7,mechanical_001,694e94943eba5ec86f88e0f45b9a3be0ea739723f70d5cd41dfd57894d84bdea
389,9.725,0.1204,0.16,False,7,mechanical_001,694e94943eba5ec86f88e0f45b9a3be0ea739723f70d5cd41dfd57894d84bdea
390,9.75,0.1207,0.1605,False,7,mechanical_001,694e94943eba5ec86f88e0f45b9a3be0ea739723f70d5cd41dfd57894d84bdea
391,9.775,0.121,0.1577,False,7,mechanical_001,694e94943eba5ec86f88e0f45b9a3be0ea739723f70d5cd41dfd57894d84bdea
392,9.8,0.1213,0.155,False,7,mechanical_001,694e94943eba5ec86f88e0f45b9a3be0ea739723f70d5cd41dfd57894d84bdea
393,9.825,0.1216,0.1559,False,7,mechanical_001,694e94943eba5ec86f88e0f45b9a3be0ea739723f70d5cd41dfd57894d84bdea
394,9.85,0.122,0.1564,False,7,mechanical_001,694e94943eba5ec86f88e0f45b9a3be0ea739723f70d5cd41dfd57894d84bdea
395,9.875,0.1223,0.1547,False,7,mechanical_001,694e94943eba5ec86f88e0f45b9a3be0ea739723f70d5cd41dfd57894d84bdea
396,9.9,0.1226,0.1546,False,7,mechanical_001,694e94943eba5ec86f88e0f45b9a3be0ea739723f70d5cd41dfd57894d84bdea
397,9.925,0.1229,0.1528,False,7,mechanical_001,694e94943eba5ec86f88e0f45b9a3be0ea739723f70d5cd41dfd57894d84bdea
398,9.95,0.1232,0.1526,False,7,mechanical_001,694e94943eba5ec86f88e0f45b9a3be0ea739723f70d5cd41dfd57894d84bdea
399,9.975,0.1235,0.1518,False,7,mechanical_001,694e94943eba5ec86f88e0f45b9a3be0ea739723f70d5cd41dfd57894d84bdea
400,10.0,0.1238,0.1501,False,7,mechanical_001,694e94943eba5ec86f88e0f45b9a3be0ea739723f70d5cd41dfd57894d84bdea
401,10.025,0.1241,0.1478,False,7,mechanical_001,694e94943eba5ec86f88e0f45b9a3be0ea739723f70d5cd41dfd57894d84bdea
402,10.05,0.1244,0.1456,False,7,mechanical_001,694e94943eba5ec86f88e0f45b9a3be0ea739723f70d5cd41dfd57894d84bdea
403,10.075,0.1248,0.1444,False,7,mechanical_001,694e94943eba5ec86f88e0f45b9a3be0ea739723f70d5cd41dfd57894d84bdea
404,10.1,0.1251,0.1428,False,7,mechanical_001,694e94943eba5ec86f88e0f45b9a3be0ea739723f70d5cd41dfd57894d84bdea
405,10.125,0.1254,0.1429,False,7,mechanical_001,694e94943eba5ec86f88e0f45b9a3be0ea739723f70d5cd41dfd57894d84bdea
406,10.15,0.1257,0.1426,False,7,mechanical_001,694e94943eba5ec86f88e0f45b9a3be0ea739723f70d5cd41dfd57894d84bdea
407,10.175,0.126,0.1414,False,7,mechanical_001,694e94943eba5ec86f88e0f45b9a3be0ea739723f70d5cd41dfd57894d84bdea
408,10.2,0.1263,0.1403,False,7,mechanical_001,694e94943eba5ec86f88e0f45b9a3be0ea739723f70d5cd41dfd57894d84bdea
409,10.225,0.1266,0.14,False,7,mechanical_001,694e94943eba5ec86f88e0f45b9a3be0ea739723f70d5cd41dfd57894d84bdea
410,10.25,0.127,0.1384,False,7,mechanical_001,694e94943eba5ec86f88e0f45b9a3be0ea739723f70d5cd41dfd57894d84bdea
411,10.275,0.1273,0.1357,False,7,mechanical_001,694e94943eba5ec86f88e0f45b9a3be0ea739723f70d5cd41dfd57894d84bdea
412,10.3,0.1276,0.1371,False,7,mechanical_001,694e94943eba5ec86f88e0f45b9a3be0ea739723f70d5cd41dfd57894d84bdea
413,10.325,0.1279,0.1394,False,7,mechanical_001,694e94943eba5ec86f88e0f45b9a3be0ea739723f70d5cd41dfd57894d84bdea
414,10.35,0.1282,0.1391,False,7,mechanical_001,694e94943eba5ec86f88e0f45b9a3be0ea739723f70d5cd41dfd57894d84bdea
415,10.375,0.1285,0.1392,False,7,mechanical_001,694e94943eba5ec86f88e0f45b9a3be0ea739723f70d5cd41dfd57894d84bdea
416,10.4,0.1288,0.1388,False,7,mechanical_001,694e94943eba5ec86f88e0f45b9a3be0ea739723f70d5cd41dfd57894d84bdea
417,10.425,0.1291,0.1372,False,7,mechanical_001,694e94943eba5ec86f88e0f45b9a3be0ea739723f70d5cd41dfd57894d84bdea
418,10.45,0.1294,0.1371,False,7,mechanical_001,694e94943eba5ec86f88e0f45b9a3be0ea739723f70d5cd41dfd57894d84bdea
419,10.475,0.1297,0.1384,False,7,mechanical_001,694e94943eba5ec86f88e0f45b9a3be0ea739723f70d5cd41dfd57894d84bdea
420,10.5,0.13,0.1393,False,7,mechanical_001,694e94943eba5ec86f88e0f45b9a3be0ea739723f70d5cd41dfd57894d84bdea
421,10.525,0.1304,0.1382,False,7,mechanical_001,694e94943eba5ec86f88e0f45b9a3be0ea739723f70d5cd41dfd57894d84bdea
422,10.55,0.1307,0.1385,False,7,mechanical_001,694e94943eba5ec86f88e0f45b9a3be0ea739723f70d5cd41dfd57894d84bdea
423,10.575,0.131,0.1397,False,7,mechanical_001,694e94943eba5ec86f88e0f45b9a3be0ea739723f70d5cd41dfd57894d84bdea
424,10.6,0.1313,0.1401,False,7,mechanical_001,694e94943eba5ec86f88e0f45b9a3be0ea739723f70d5cd41dfd57894d84bdea
425,10.625,0.1316,0.1406,False,7,mechanical_001,694e94943eba5ec86f88e0f45b9a3be0ea739723f70d5cd41dfd57894d84bdea
426,10.65,0.1319,0.1419,False,7,mechanical_001,694e94943eba5ec86f88e0f45b9a3be0ea739723f70d5cd41dfd57894d84bdea
427,10.675,0.1322,0.1438,False,7,mechanical_001,694e94943eba5ec86f88e0f45b9a3be0ea739723f70d5cd41dfd57894d84bdea
428,10.7,0.1325,0.1428,False,7,mechanical_001,694e94943eba5ec86f88e0f45b9a3be0ea739723f70d5cd41dfd57894d84bdea
429,10.725,0.1329,0.1436,False,7,mechanical_001,694e94943eba5ec86f88e0f45b9a3be0ea739723f70d5cd41dfd57894d84bdea
430,10.75,0.1332,0.1437,False,7,mechanical_001,694e94943eba5ec86f88e0f45b9a3be0ea739723f70d5cd41dfd57894d84bdea
431,10.775,0.1335,0.1454,False,7,mechanical_001,694e94943eba5ec86f88e0f45b9a3be0ea739723f70d5cd41dfd57894d84bdea
432,10.8,0.1338,0.1461,False,7,mechanical_001,694e94943eba5ec86f88e0f45b9a3be0ea739723f70d5cd41dfd57894d84bdea
433,10.825,0.1341,0.1474,False,7,mechanical_001,694e94943eba5ec86f88e0f45b9a3be0ea739723f70d5cd41dfd57894d84bdea
434,10.85,0.1344,0.1485,False,7,mechanical_001,694e94943eba5ec86f88e0f45b9a3be0ea739723f70d5cd41dfd57894d84bdea
435,10.875,0.1347,0.1501,False,7,mechanical_001,694e94943eba5ec86f88e0f45b9a3be0ea739723f70d5cd41dfd57894d84bdea
436,10.9,0.1351,0.1511,False,7,mechanical_001,694e94943eba5ec86f88e0f45b9a3be0ea739723f70d5cd41dfd57894d84bdea
437,10.925,0.1354,0.1524,False,7,mechanical_001,694e94943eba5ec86f88e0f45b9a3be0ea739723f70d5cd41dfd57894d84bdea
438,10.95,0.1357,0.1528,False,7,mechanical_001,694e94943eba5ec86f88e0f45b9a3be0ea739723f70d5cd41dfd57894d84bdea
439,10.975,0.136,0.1526,False,7,mechanical_001,694e94943eba5ec86f88e0f45b9a3be0ea739723f70d5cd41dfd57894d84bdea
440,11.0,0.1363,0.1547,False,7,mechanical_001,694e94943eba5ec86f88e0f45b9a3be0ea739723f70d5cd41dfd57894d84bdea
441,11.025,0.1367,0.1551,False,7,mechanical_001,694e94943eba5ec86f88e0f45b9a3be0ea739723f70d5cd41dfd57894d84bdea
442,11.05,0.137,0.1574,False,7,mechanical_001,694e94943eba5ec86f88e0f45b9a3be0ea739723f70d5cd41dfd57894d84bdea
443,11.075,0.1373,0.1581,False,7,mechanical_001,694e94943eba5ec86f88e0f45b9a3be0ea739723f70d5cd41dfd57894d84bdea
444,11.1,0.1376,0.1602,False,7,mechanical_001,694e94943eba5ec86f88e0f45b9a3be0ea739723f70d5cd41dfd57894d84bdea
445,11.125,0.1379,0.1613,False,7,mechanical_001,694e94943eba5ec86f88e0f45b9a3be0ea739723f70d5cd41dfd57894d84bdea
446,11.15,0.1382,0.1632,False,7,mechanical_001,694e94943eba5ec86f88e0f45b9a3be0ea739723f70d5cd41dfd57894d84bdea
447,11.175,0.1385,0.1653,False,7,mechanical_001,694e94943eba5ec86f88e0f45b9a3be0ea739723f70d5cd41dfd57894d84bdea
448,11.2,0.1388,0.1687,False,7,mechanical_001,694e94943eba5ec86f88e0f45b9a3be0ea739723f70d5cd41dfd57894d84bdea
449,11.225,0.1392,0.1693,False,7,mechanical_001,694e94943eba5ec86f88e0f45b9a3be0ea739723f70d5cd41dfd57894d84bdea
450,11.25,0.1395,0.1714,False,7,mechanical_001,694e94943eba5ec86f88e0f45b9a3be0ea739723f70d5cd41dfd57894d84bdea
451,11.275,0.1398,0.173,False,7,mechanical_001,694e94943eba5ec86f88e0f45b9a3be0ea739723f70d5cd41dfd57894d84bdea
452,11.3,0.1401,0.1735,False,7,mechanical_001,694e94943eba5ec86f88e0f45b9a3be0ea739723f70d5cd41dfd57894d84bdea
453,11.325,0.1404,0.1743,False,7,mechanical_001,694e94943eba5ec86f88e0f45b9a3be0ea739723f70d5cd41dfd57894d84bdea
454,11.35,0.1407,0.1773,False,7,mechanical_001,694e94943eba5ec86f88e0f45b9a3be0ea739723f70d5cd41dfd57894d84bdea
455,11.375,0.141,0.178,False,7,mechanical_001,694e94943eba5ec86f88e0f45b9a3be0ea739723f70d5cd41dfd57894d84bdea
456,11.4,0.1413,0.1796,False,7,mechanical_001,694e94943eba5ec86f88e0f45b9a3be0ea739723f70d5cd41dfd57894d84bdea
457,11.425,0.1417,0.1825,False,7,mechanical_001,694e94943eba5ec86f88e0f45b9a3be0ea739723f70d5cd41dfd57894d84bdea
458,11.45,0.142,0.1829,False,7,mechanical_001,694e94943eba5ec86f88e0f45b9a3be0ea739723f70d5cd41dfd57894d84bdea
459,11.475,0.1423,0.1846,False,7,mechanical_001,694e94943eba5ec86f88e0f45b9a3be0ea739723f70d5cd41dfd57894d84bdea
460,11.5,0.1426,0.1856,False,7,mechanical_001,694e94943eba5ec86f88e0f45b9a3be0ea739723f70d5cd41dfd57894d84bdea
461,11.525,0.1429,0.1887,False,7,mechanical_001,694e94943eba5ec86f88e0f45b9a3be0ea739723f70d5cd41dfd57894d84bdea
462,11.55,0.1432,0.1894,False,7,mechanical_001,694e94943eba5ec86f88e0f45b9a3be0ea739723f70d5cd41dfd57894d84bdea
463,11.575,0.1435,0.1896,False,7,mechanical_001,694e94943eba5ec86f88e0f45b9a3be0ea739723f70d5cd41dfd57894d84bdea
464,11.6,0.1439,0.1923,False,7,mechanical_001,694e94943eba5ec86f88e0f45b9a3be0ea739723f70d5cd41dfd57894d84bdea
465,11.625,0.1442,0.1951,False,7,mechanical_001,694e94943eba5ec86f88e0f45b9a3be0ea739723f70d5cd41dfd57894d84bdea
466,11.65,0.1445,0.1971,False,7,mechanical_001,694e94943eba5ec86f88e0f45b9a3be0ea739723f70d5cd41dfd57894d84bdea
467,11.675,0.1448,0.1977,False,7,mechanical_001,694e94943eba5ec86f88e0f45b9a3be0ea739723f70d5cd41dfd57894d84bdea
468,11.7,0.1451,0.1994,False,7,mechanical_001,694e94943eba5ec86f88e0f45b9a3be0ea739723f70d5cd41dfd57894d84bdea
469,11.725,0.1454,0.2008,False,7,mechanical_001,694e94943eba5ec86f88e0f45b9a3be0ea739723f70d5cd41dfd57894d84bdea
470,11.75,0.1457,0.2016,False,7,mechanical_001,694e94943eba5ec86f88e0f45b9a3be0ea739723f70d5cd41dfd57894d84bdea
471,11.775,0.146,0.2004,False,7,mechanical_001,694e94943eba5ec86f88e0f45b9a3be0ea739723f70d5cd41dfd57894d84bdea
472,11.8,0.1463,0.2029,False,7,mechanical_001,694e94943eba5ec86f88e0f45b9a3be0ea739723f70d5cd41dfd57894d84bdea
473,11.825,0.1466,0.2044,False,7,mechanical_001,694e94943eba5ec86f88e0f45b9a3be0ea739723f70d5cd41dfd57894d84bdea
474,11.85,0.1469,0.2069,False,7,mechanical_001,694e94943eba5ec86f88e0f45b9a3be0ea739723f70d5cd41dfd57894d84bdea
475,11.875,0.1473,0.2082,False,7,mechanical_001,694e94943eba5ec86f88e0f45b9a3be0ea739723f70d5cd41dfd57894d84bdea
476,11.9,0.1476,0.2088,False,7,mechanical_001,694e94943eba5ec86f88e0f45b9a3be0ea739723f70d5cd41dfd57894d84bdea
477,11.925,0.1479,0.2073,False,7,mechanical_001,694e94943eba5ec86f88e0f45b9a3be0ea739723f70d5cd41dfd57894d84bdea
478,11.95,0.1482,0.2081,False,7,mechanical_001,694e94943eba5ec86f88e0f45b9a3be0ea739723f70d5cd41dfd57894d84bdea
479,11.975,0.1485,0.2099,False,7,mechanical_001,694e94943eba5ec86f88e0f45b9a3be0ea739723f70d5cd41dfd57894d84bdea
480,12.0,0.1488,0.2091,False,7,mechanical_001,694e94943eba5ec86f88e0f45b9a3be0ea739723f70d5cd41dfd57894d84bdea
481,12.025,0.1491,0.2081,False,7,mechanical_001,694e94943eba5ec86f88e0f45b9a3be0ea739723f70d5cd41dfd57894d84bdea
482,12.05,0.1494,0.2057,False,7,mechanical_001,694e94943eba5ec86f88e0f45b9a3be0ea739723f70d5cd41dfd57894d84bdea
483,12.075,0.1497,0.2064,False,7,mechanical_001,694e94943eba5ec86f88e0f45b9a3be0ea739723f70d5cd41dfd57894d84bdea
484,12.1,0.1501,0.205,False,7,mechanical_001,694e94943eba5ec86f88e0f45b9a3be0ea739723f70d5cd41dfd57894d84bdea
485,12.125,0.1504,0.2045,False,7,mechanical_001,694e94943eba5ec86f88e0f45b9a3be0ea739723f70d5cd41dfd57894d84bdea
486,12.15,0.1506,0.2038,False,7,mechanical_001,694e94943eba5ec86f88e0f45b9a3be0ea739723f70d5cd41dfd57894d84bdea
487,12.175,0.1509,0.2034,False,7,mechanical_001,694e94943eba5ec86f88e0f45b9a3be0ea739723f70d5cd41dfd57894d84bdea
488,12.2,0.1512,0.2043,False,7,mechanical_001,694e94943eba5ec86f88e0f45b9a3be0ea739723f70d5cd41dfd57894d84bdea
489,12.225,0.1515,0.2035,False,7,mechanical_001,694e94943eba5ec86f88e0f45b9a3be0ea739723f70d5cd41dfd57894d84bdea
490,12.25,0.1518,0.2047,False,7,mechanical_001,694e94943eba5ec86f88e0f45b9a3be0ea739723f70d5cd41dfd57894d84bdea
491,12.275,0.1521,0.2038,False,7,mechanical_001,694e94943eba5ec86f88e0f45b9a3be0ea739723f70d5cd41dfd57894d84bdea
492,12.3,0.1524,0.2007,False,7,mechanical_001,694e94943eba5ec86f88e0f45b9a3be0ea739723f70d5cd41dfd57894d84bdea
493,12.325,0.1527,0.201,False,7,mechanical_001,694e94943eba5ec86f88e0f45b9a3be0ea739723f70d5cd41dfd57894d84bdea
494,12.35,0.153,0.2021,False,7,mechanical_001,694e94943eba5ec86f88e0f45b9a3be0ea739723f70d5cd41dfd57894d84bdea
495,12.375,0.1533,0.2014,False,7,mechanical_001,694e94943eba5ec86f88e0f45b9a3be0ea739723f70d5cd41dfd57894d84bdea
496,12.4,0.1536,0.2025,False,7,mechanical_001,694e94943eba5ec86f88e0f45b9a3be0ea739723f70d5cd41dfd57894d84bdea
497,12.425,0.1539,0.202,False,7,mechanical_001,694e94943eba5ec86f88e0f45b9a3be0ea739723f70d5cd41dfd57894d84bdea
498,12.45,0.1542,0.2021,False,7,mechanical_001,694e94943eba5ec86f88e0f45b9a3be0ea739723f70d5cd41dfd57894d84bdea
499,12.475,0.1545,0.2024,False,7,mechanical_001,694e94943eba5ec86f88e0f45b9a3be0ea739723f70d5cd41dfd57894d84bdea
500,12.5,0.1549,0.2027,False,7,mechanical_001,694e94943eba5ec86f88e0f45b9a3be0ea739723f70d5cd41dfd57894d84bdea
501,12.525,0.1552,0.2045,False,7,mechanical_001,694e94943eba5ec86f88e0f45b9a3be0ea739723f70d5cd41dfd57894d84bdea
502,12.55,0.1555,0.2032,False,7,mechanical_001,694e94943eba5ec86f88e0f45b9a3be0ea739723f70d5cd41dfd57894d84bdea
503,12.575,0.1558,0.2018,False,7,mechanical_001,694e94943eba5ec86f88e0f45b9a3be0ea739723f70d5cd41dfd57894d84bdea
504,12.6,0.1561,0.2014,False,7,mechanical_001,694e94943eba5ec86f88e0f45b9a3be0ea739723f70d5cd41dfd57894d84bdea
505,12.625,0.1564,0.2007,False,7,mechanical_001,694e94943eba5ec86f88e0f45b9a3be0ea739723f70d5cd41dfd57894d84bdea
506,12.65,0.1567,0.2,False,7,mechanical_001,694e94943eba5ec86f88e0f45b9a3be0ea739723f70d5cd41dfd57894d84bdea
507,12.675,0.1571,0.1987,False,7,mechanical_001,694e94943eba5ec86f88e0f45b9a3be0ea739723f70d5cd41dfd57894d84bdea
508,12.7,0.1574,0.1968,False,7,mechanical_001,694e94943eba5ec86f88e0f45b9a3be0ea739723f70d5cd41dfd57894d84bdea
509,12.725,0.1577,0.196,False,7,mechanical_001,694e94943eba5ec86f88e0f45b9a3be0ea739723f70d5cd41dfd57894d84bdea
510,12.75,0.158,0.1947,False,7,mechanical_001,694e94943eba5ec86f88e0f45b9a3be0ea739723f70d5cd41dfd57894d84bdea
511,12.775,0.1583,0.1963,False,7,mechanical_001,694e94943eba5ec86f88e0f45b9a3be0ea739723f70d5cd41dfd57894d84bdea
512,12.8,0.1586,0.198,False,7,mechanical_001,694e94943eba5ec86f88e0f45b9a3be0ea739723f70d5cd41dfd57894d84bdea
513,12.825,0.1589,0.198,False,7,mechanical_001,694e94943eba5ec86f88e0f45b9a3be0ea739723f70d5cd41dfd57894d84bdea
514,12.85,0.1592,0.1988,False,7,mechanical_001,694e94943eba5ec86f88e0f45b9a3be0ea739723f70d5cd41dfd57894d84bdea
515,12.875,0.1595,0.1991,False,7,mechanical_001,694e94943eba5ec86f88e0f45b9a3be0ea739723f70d5cd41dfd57894d84bdea
516,12.9,0.1599,0.1992,False,7,mechanical_001,694e94943eba5ec86f88e0f45b9a3be0ea739723f70d5cd41dfd57894d84bdea
517,12.925,0.1602,0.1996,False,7,mechanical_001,694e94943eba5ec86f88e0f45b9a3be0ea739723f70d5cd41dfd57894d84bdea
518,12.95,0.1605,0.1984,False,7,mechanical_001,694e94943eba5ec86f88e0f45b9a3be0ea739723f70d5cd41dfd57894d84bdea
519,12.975,0.1608,0.1988,False,7,mechanical_001,694e94943eba5ec86f88e0f45b9a3be0ea739723f70d5cd41dfd57894d84bdea
520,13.0,0.1611,0.1991,False,7,mechanical_001,694e94943eba5ec86f88e0f45b9a3be0ea739723f70d5cd41dfd57894d84bdea
521,13.025,0.1615,0.1993,False,7,mechanical_001,694e94943eba5ec86f88e0f45b9a3be0ea739723f70d5cd41dfd57894d84bdea
522,13.05,0.1618,0.1994,False,7,mechanical_001,694e94943eba5ec86f88e0f45b9a3be0ea739723f70d5cd41dfd57894d84bdea
523,13.075,0.1621,0.1994,False,7,mechanical_001,694e94943eba5ec86f88e0f45b9a3be0ea739723f70d5cd41dfd57894d84bdea
524,13.1,0.1624,0.1999,False,7,mechanical_001,694e94943eba5ec86f88e0f45b9a3be0ea739723f70d5cd41dfd57894d84bdea
525,13.125,0.1627,0.2004,False,7,mechanical_001,694e94943eba5ec86f88e0f45b9a3be0ea739723f70d5cd41dfd57894d84bdea
526,13.15,0.1631,0.202,False,7,mechanical_001,694e94943eba5ec86f88e0f45b9a3be0ea739723f70d5cd41dfd57894d84bdea
527,13.175,0.1634,0.2031,False,7,mechanical_001,694e94943eba5ec86f88e0f45b9a3be0ea739723f70d5cd41dfd57894d84bdea
528,13.2,0.1637,0.2047,False,7,mechanical_001,694e94943eba5ec86f88e0f45b9a3be0ea739723f70d5cd41dfd57894d84bdea
529,13.225,0.1641,0.2073,False,7,mechanical_001,694e94943eba5ec86f88e0f45b9a3be0ea739723f70d5cd41dfd57894d84bdea
530,13.25,0.1644,0.2091,False,7,mechanical_001,694e94943eba5ec86f88e0f45b9a3be0ea739723f70d5cd41dfd57894d84bdea
531,13.275,0.1648,0.2084,False,7,mechanical_001,694e94943eba5ec86f88e0f45b9a3be0ea739723f70d5cd41dfd57894d84bdea
532,13.3,0.1651,0.2086,False,7,mechanical_001,694e94943eba5ec86f88e0f45b9a3be0ea739723f70d5cd41dfd57894d84bdea
533,13.325,0.1655,0.2086,False,7,mechanical_001,694e94943eba5ec86f88e0f45b9a3be0ea739723f70d5cd41dfd57894d84bdea
534,13.35,0.1658,0.2094,False,7,mechanical_001,694e94943eba5ec86f88e0f45b9a3be0ea739723f70d5cd41dfd57894d84bdea
535,13.375,0.1661,0.2107,False,7,mechanical_001,694e94943eba5ec86f88e0f45b9a3be0ea739723f70d5cd41dfd57894d84bdea
536,13.4,0.1664,0.2089,False,7,mechanical_001,694e94943eba5ec86f88e0f45b9a3be0ea739723f70d5cd41dfd57894d84bdea
537,13.425,0.1667,0.2079,False,7,mechanical_001,694e94943eba5ec86f88e0f45b9a3be0ea739723f70d5cd41dfd57894d84bdea
538,13.45,0.1671,0.2081,False,7,mechanical_001,694e94943eba5ec86f88e0f45b9a3be0ea739723f70d5cd41dfd57894d84bdea
539,13.475,0.1674,0.2065,False,7,mechanical_001,694e94943eba5ec86f88e0f45b9a3be0ea739723f70d5cd41dfd57894d84bdea
540,13.5,0.1677,0.2042,False,7,mechanical_001,694e94943eba5ec86f88e0f45b9a3be0ea739723f70d5cd41dfd57894d84bdea
541,13.525,0.168,0.2045,False,7,mechanical_001,694e94943eba5ec86f88e0f45b9a3be0ea739723f70d5cd41dfd57894d84bdea
542,13.55,0.1683,0.2061,False,7,mechanical_001,694e94943eba5ec86f88e0f45b9a3be0ea739723f70d5cd41dfd57894d84bdea
543,13.575,0.1686,0.2058,False,7,mechanical_001,694e94943eba5ec86f88e0f45b9a3be0ea739723f70d5cd41dfd57894d84bdea
544,13.6,0.1689,0.2075,False,7,mechanical_001,694e94943eba5ec86f88e0f45b9a3be0ea739723f70d5cd41dfd57894d84bdea
545,13.625,0.1692,0.2078,False,7,mechanical_001,694e94943eba5ec86f88e0f45b9a3be0ea739723f70d5cd41dfd57894d84bdea
546,13.65,0.1696,0.21,False,7,mechanical_001,694e94943eba5ec86f88e0f45b9a3be0ea739723f70d5cd41dfd57894d84bdea
547,13.675,0.1699,0.212,False,7,mechanical_001,694e94943eba5ec86f88e0f45b9a3be0ea739723f70d5cd41dfd57894d84bdea
548,13.7,0.1702,0.213,False,7,mechanical_001,694e94943eba5ec86f88e0f45b9a3be0ea739723f70d5cd41dfd57894d84bdea
549,13.725,0.1705,0.2114,False,7,mechanical_001,694e94943eba5ec86f88e0f45b9a3be0ea739723f70d5cd41dfd57894d84bdea
550,13.75,0.1709,0.2099,False,7,mechanical_001,694e94943eba5ec86f88e0f45b9a3be0ea739723f70d5cd41dfd57894d84bdea
551,13.775,0.1712,0.2096,False,7,mechanical_001,694e94943eba5ec86f88e0f45b9a3be0ea739723f70d5cd41dfd57894d84bdea
552,13.8,0.1715,0.2086,False,7,mechanical_001,694e94943eba5ec86f88e0f45b9a3be0ea739723f70d5cd41dfd57894d84bdea
553,13.825,0.1718,0.2089,False,7,mechanical_001,694e94943eba5ec86f88e0f45b9a3be0ea739723f70d5cd41dfd57894d84bdea
554,13.85,0.1721,0.2081,False,7,mechanical_001,694e94943eba5ec86f88e0f45b9a3be0ea739723f70d5cd41dfd57894d84bdea
555,13.875,0.1724,0.2076,False,7,mechanical_001,694e94943eba5ec86f88e0f45b9a3be0ea739723f70d5cd41dfd57894d84bdea
556,13.9,0.1727,0.2075,False,7,mechanical_001,694e94943eba5ec86f88e0f45b9a3be0ea739723f70d5cd41dfd57894d84bdea
557,13.925,0.173,0.2095,False,7,mechanical_001,694e94943eba5ec86f88e0f45b9a3be0ea739723f70d5cd41dfd57894d84bdea
558,13.95,0.1733,0.2095,False,7,mechanical_001,694e94943eba5ec86f88e0f45b9a3be0ea739723f70d5cd41dfd57894d84bdea
559,13.975,0.1736,0.2085,False,7,mechanical_001,694e94943eba5ec86f88e0f45b9a3be0ea739723f70d5cd41dfd57894d84bdea
560,14.0,0.1739,0.2088,False,7,mechanical_001,694e94943eba5ec86f88e0f45b9a3be0ea739723f70d5cd41dfd57894d84bdea
561,14.025,0.1742,0.2106,False,7,mechanical_001,694e94943eba5ec86f88e0f45b9a3be0ea739723f70d5cd41dfd57894d84bdea
562,14.05,0.1746,0.2123,False,7,mechanical_001,694e94943eba5ec86f88e0f45b9a3be0ea739723f70d5cd41dfd57894d84bdea
563,14.075,0.1749,0.2149,False,7,mechanical_001,694e94943eba5ec86f88e0f45b9a3be0ea739723f70d5cd41dfd57894d84bdea
564,14.1,0.1752,0.2159,False,7,mechanical_001,694e94943eba5ec86f88e0f45b9a3be0ea739723f70d5cd41dfd57894d84bdea
565,14.125,0.1755,0.2175,False,7,mechanical_001,694e94943eba5ec86f88e0f45b9a3be0ea739723f70d5cd41dfd57894d84bdea
566,14.15,0.1758,0.2171,False,7,mechanical_001,694e94943eba5ec86f88e0f45b9a3be0ea739723f70d5cd41dfd57894d84bdea
567,14.175,0.1762,0.2169,False,7,mechanical_001,694e94943eba5ec86f88e0f45b9a3be0ea739723f70d5cd41dfd57894d84bdea
568,14.2,0.1765,0.2194,False,7,mechanical_001,694e94943eba5ec86f88e0f45b9a3be0ea739723f70d5cd41dfd57894d84bdea
569,14.225,0.1768,0.2198,False,7,mechanical_001,694e94943eba5ec86f88e0f45b9a3be0ea739723f70d5cd41dfd57894d84bdea
570,14.25,0.1771,0.2215,False,7,mechanical_001,694e94943eba5ec86f88e0f45b9a3be0ea739723f70d5cd41dfd57894d84bdea
571,14.275,0.1775,0.2205,False,7,mechanical_001,694e94943eba5ec86f88e0f45b9a3be0ea739723f70d5cd41dfd57894d84bdea
572,14.3,0.1778,0.2204,False,7,mechanical_001,694e94943eba5ec86f88e0f45b9a3be0ea739723f70d5cd41dfd57894d84bdea
573,14.325,0.1781,0.2207,False,7,mechanical_001,694e94943eba5ec86f88e0f45b9a3be0ea739723f70d5cd41dfd57894d84bdea
574,14.35,0.1784,0.2198,False,7,mechanical_001,694e94943eba5ec86f88e0f45b9a3be0ea739723f70d5cd41dfd57894d84bdea
575,14.375,0.1787,0.219,False,7,mechanical_001,694e94943eba5ec86f88e0f45b9a3be0ea739723f70d5cd41dfd57894d84bdea
576,14.4,0.179,0.2197,False,7,mechanical_001,694e94943eba5ec86f88e0f45b9a3be0ea739723f70d5cd41dfd57894d84bdea
577,14.425,0.1794,0.2201,False,7,mechanical_001,694e94943eba5ec86f88e0f45b9a3be0ea739723f70d5cd41dfd57894d84bdea
578,14.45,0.1797,0.2192,False,7,mechanical_001,694e94943eba5ec86f88e0f45b9a3be0ea739723f70d5cd41dfd57894d84bdea
579,14.475,0.18,0.2191,False,7,mechanical_001,694e94943eba5ec86f88e0f45b9a3be0ea739723f70d5cd41dfd57894d84bdea
580,14.5,0.1803,0.2179,False,7,mechanical_001,694e94943eba5ec86f88e0f45b9a3be0ea739723f70d5cd41dfd57894d84bdea
581,14.525,0.1806,0.2208,False,7,mechanical_001,694e94943eba5ec86f88e0f45b9a3be0ea739723f70d5cd41dfd57894d84bdea
582,14.55,0.1809,0.2208,False,7,mechanical_001,694e94943eba5ec86f88e0f45b9a3be0ea739723f70d5cd41dfd57894d84bdea
583,14.575,0.1812,0.2202,False,7,mechanical_001,694e94943eba5ec86f88e0f45b9a3be0ea739723f70d5cd41dfd57894d84bdea
584,14.6,0.1815,0.2201,False,7,mechanical_001,694e94943eba5ec86f88e0f45b9a3be0ea739723f70d5cd41dfd57894d84bdea
585,14.625,0.1818,0.2211,False,7,mechanical_001,694e94943eba5ec86f88e0f45b9a3be0ea739723f70d5cd41dfd57894d84bdea
586,14.65,0.1821,0.2225,False,7,mechanical_001,694e94943eba5ec86f88e0f45b9a3be0ea739723f70d5cd41dfd57894d84bdea
587,14.675,0.1824,0.2214,False,7,mechanical_001,694e94943eba5ec86f88e0f45b9a3be0ea739723f70d5cd41dfd57894d84bdea
588,14.7,0.1827,0.2233,False,7,mechanical_001,694e94943eba5ec86f88e0f45b9a3be0ea739723f70d5cd41dfd57894d84bdea
589,14.725,0.183,0.2247,False,7,mechanical_001,694e94943eba5ec86f88e0f45b9a3be0ea739723f70d5cd41dfd57894d84bdea
590,14.75,0.1834,0.2257,False,7,mechanical_001,694e94943eba5ec86f88e0f45b9a3be0ea739723f70d5cd41dfd57894d84bdea
591,14.775,0.1837,0.2288,False,7,mechanical_001,694e94943eba5ec86f88e0f45b9a3be0ea739723f70d5cd41dfd57894d84bdea
592,14.8,0.184,0.23,False,7,mechanical_001,694e94943eba5ec86f88e0f45b9a3be0ea739723f70d5cd41dfd57894d84bdea
593,14.825,0.1843,0.2305,False,7,mechanical_001,694e94943eba5ec86f88e0f45b9a3be0ea739723f70d5cd41dfd57894d84bdea
594,14.85,0.1847,0.232,False,7,mechanical_001,694e94943eba5ec86f88e0f45b9a3be0ea739723f70d5cd41dfd57894d84bdea
595,14.875,0.185,0.2322,False,7,mechanical_001,694e94943eba5ec86f88e0f45b9a3be0ea739723f70d5cd41dfd57894d84bdea
596,14.9,0.1853,0.2328,False,7,mechanical_001,694e94943eba5ec86f88e0f45b9a3be0ea739723f70d5cd41dfd57894d84bdea
597,14.925,0.1856,0.2352,False,7,mechanical_001,694e94943eba5ec86f88e0f45b9a3be0ea739723f70d5cd41dfd57894d84bdea
598,14.95,0.186,0.2364,False,7,mechanical_001,694e94943eba5ec86f88e0f45b9a3be0ea739723f70d5cd41dfd57894d84bdea
599,14.975,0.1863,0.2376,False,7,mechanical_001,694e94943eba5ec86f88e0f45b9a3be0ea739723f70d5cd41dfd57894d84bdea
600,15.0,0.1866,0.2409,False,7,mechanical_001,694e94943eba5ec86f88e0f45b9a3be0ea739723f70d5cd41dfd57894d84bdea
601,15.025,0.1869,0.2411,False,7,mechanical_001,694e94943eba5ec86f88e0f45b9a3be0ea739723f70d5cd41dfd57894d84bdea
602,15.05,0.1872,0.2408,False,7,mechanical_001,694e94943eba5ec86f88e0f45b9a3be0ea739723f70d5cd41dfd57894d84bdea
603,15.075,0.1875,0.2433,False,7,mechanical_001,694e94943eba5ec86f88e0f45b9a3be0ea739723f70d5cd41dfd57894d84bdea
604,15.1,0.1878,0.2437,False,7,mechanical_001,694e94943eba5ec86f88e0f45b9a3be0ea739723f70d5cd41dfd57894d84bdea
605,15.125,0.1881,0.2433,False,7,mechanical_001,694e94943eba5ec86f88e0f45b9a3be0ea739723f70d5cd41dfd57894d84bdea
606,15.15,0.1885,0.2438,False,7,mechanical_001,694e94943eba5ec86f88e0f45b9a3be0ea739723f70d5cd41dfd57894d84bdea
607,15.175,0.1888,0.2457,False,7,mechanical_001,694e94943eba5ec86f88e0f45b9a3be0ea739723f70d5cd41dfd57894d84bdea
608,15.2,0.1891,0.2484,False,7,mechanical_001,694e94943eba5ec86f88e0f45b9a3be0ea739723f70d5cd41dfd57894d84bdea
609,15.225,0.1894,0.2496,False,7,mechanical_001,694e94943eba5ec86f88e0f45b9a3be0ea739723f70d5cd41dfd57894d84bdea
610,15.25,0.1897,0.2499,False,7,mechanical_001,694e94943eba5ec86f88e0f45b9a3be0ea739723f70d5cd41dfd57894d84bdea
611,15.275,0.19,0.2497,False,7,mechanical_001,694e94943eba5ec86f88e0f45b9a3be0ea739723f70d5cd41dfd57894d84bdea
612,15.3,0.1903,0.2504,False,7,mechanical_001,694e94943eba5ec86f88e0f45b9a3be0ea739723f70d5cd41dfd57894d84bdea
613,15.325,0.1906,0.2505,False,7,mechanical_001,694e94943eba5ec86f88e0f45b9a3be0ea739723f70d5cd41dfd57894d84bdea
614,15.35,0.1909,0.2516,False,7,mechanical_001,694e94943eba5ec86f88e0f45b9a3be0ea739723f70d5cd41dfd57894d84bdea
615,15.375,0.1912,0.2513,False,7,mechanical_001,694e94943eba5ec86f88e0f45b9a3be0ea739723f70d5cd41dfd57894d84bdea
616,15.4,0.1915,0.2547,False,7,mechanical_001,694e94943eba5ec86f88e0f45b9a3be0ea739723f70d5cd41dfd57894d84bdea
617,15.425,0.1919,0.2549,False,7,mechanical_001,694e94943eba5ec86f88e0f45b9a3be0ea739723f70d5cd41dfd57894d84bdea
618,15.45,0.1922,0.253,False,7,mechanical_001,694e94943eba5ec86f88e0f45b9a3be0ea739723f70d5cd41dfd57894d84bdea
619,15.475,0.1925,0.2536,False,7,mechanical_001,694e94943eba5ec86f88e0f45b9a3be0ea739723f70d5cd41dfd57894d84bdea
620,15.5,0.1928,0.2534,False,7,mechanical_001,694e94943eba5ec86f88e0f45b9a3be0ea739723f70d5cd41dfd57894d84bdea
621,15.525,0.1931,0.2551,False,7,mechanical_001,694e94943eba5ec86f88e0f45b9a3be0ea739723f70d5cd41dfd57894d84bdea
622,15.55,0.1934,0.2562,False,7,mechanical_001,694e94943eba5ec86f88e0f45b9a3be0ea739723f70d5cd41dfd57894d84bdea
623,15.575,0.1937,0.2587,False,7,mechanical_001,694e94943eba5ec86f88e0f45b9a3be0ea739723f70d5cd41dfd57894d84bdea
624,15.6,0.194,0.2584,False,7,mechanical_001,694e94943eba5ec86f88e0f45b9a3be0ea739723f70d5cd41dfd57894d84bdea
625,15.625,0.1943,0.2599,False,7,mechanical_001,694e94943eba5ec86f88e0f45b9a3be0ea739723f70d5cd41dfd57894d84bdea
626,15.65,0.1946,0.2621,False,7,mechanical_001,694e94943eba5ec86f88e0f45b9a3be0ea739723f70d5cd41dfd57894d84bdea
627,15.675,0.1949,0.2647,False,7,mechanical_001,694e94943eba5ec86f88e0f45b9a3be0ea739723f70d5cd41dfd57894d84bdea
628,15.7,0.1952,0.2651,False,7,mechanical_001,694e94943eba5ec86f88e0f45b9a3be0ea739723f70d5cd41dfd57894d84bdea
629,15.725,0.1956,0.2662,False,7,mechanical_001,694e94943eba5ec86f88e0f45b9a3be0ea739723f70d5cd41dfd57894d84bdea
630,15.75,0.1959,0.2677,False,7,mechanical_001,694e94943eba5ec86f88e0f45b9a3be0ea739723f70d5cd41dfd57894d84bdea
631,15.775,0.1962,0.2697,False,7,mechanical_001,694e94943eba5ec86f88e0f45b9a3be0ea739723f70d5cd41dfd57894d84bdea
632,15.8,0.1965,0.2712,False,7,mechanical_001,694e94943eba5ec86f88e0f45b9a3be0ea739723f70d5cd41dfd57894d84bdea
633,15.825,0.1968,0.2714,False,7,mechanical_001,694e94943eba5ec86f88e0f45b9a3be0ea739723f70d5cd41dfd57894d84bdea
634,15.85,0.1971,0.2736,False,7,mechanical_001,694e94943eba5ec86f88e0f45b9a3be0ea739723f70d5cd41dfd57894d84bdea
635,15.875,0.1974,0.2775,False,7,mechanical_001,694e94943eba5ec86f88e0f45b9a3be0ea739723f70d5cd41dfd57894d84bdea
636,15.9,0.1977,0.2808,False,7,mechanical_001,694e94943eba5ec86f88e0f45b9a3be0ea739723f70d5cd41dfd57894d84bdea
637,15.925,0.1981,0.2853,False,7,mechanical_001,694e94943eba5ec86f88e0f45b9a3be0ea739723f70d5cd41dfd57894d84bdea
638,15.95,0.1984,0.2877,False,7,mechanical_001,694e94943eba5ec86f88e0f45b9a3be0ea739723f70d5cd41dfd57894d84bdea
639,15.975,0.1987,0.289,False,7,mechanical_001,694e94943eba5ec86f88e0f45b9a3be0ea739723f70d5cd41dfd57894d84bdea
640,16.0,0.199,0.2898,False,7,mechanical_001,694e94943eba5ec86f88e0f45b9a3be0ea739723f70d5cd41dfd57894d84bdea
641,16.025,0.1993,0.2901,False,7,mechanical_001,694e94943eba5ec86f88e0f45b9a3be0ea739723f70d5cd41dfd57894d84bdea
642,16.05,0.1996,0.29,False,7,mechanical_001,694e94943eba5ec86f88e0f45b9a3be0ea739723f70d5cd41dfd57894d84bdea
643,16.075,0.1999,0.2907,False,7,mechanical_001,694e94943eba5ec86f88e0f45b9a3be0ea739723f70d5cd41dfd57894d84bdea
644,16.1,0.2002,0.2932,False,7,mechanical_001,694e94943eba5ec86f88e0f45b9a3be0ea739723f70d5cd41dfd57894d84bdea
645,16.125,0.2005,0.295,False,7,mechanical_001,694e94943eba5ec86f88e0f45b9a3be0ea739723f70d5cd41dfd57894d84bdea
646,16.15,0.2008,0.296,False,7,mechanical_001,694e94943eba5ec86f88e0f45b9a3be0ea739723f70d5cd41dfd57894d84bdea
647,16.175,0.201,0.2986,False,7,mechanical_001,694e94943eba5ec86f88e0f45b9a3be0ea739723f70d5cd41dfd57894d84bdea
648,16.2,0.2013,0.3017,False,7,mechanical_001,694e94943eba5ec86f88e0f45b9a3be0ea739723f70d5cd41dfd57894d84bdea
649,16.225,0.2016,0.3028,False,7,mechanical_001,694e94943eba5ec86f88e0f45b9a3be0ea739723f70d5cd41dfd57894d84bdea
650,16.25,0.202,0.3053,False,7,mechanical_001,694e94943eba5ec86f88e0f45b9a3be0ea739723f70d5cd41dfd57894d84bdea
651,16.275,0.2023,0.3088,False,7,mechanical_001,694e94943eba5ec86f88e0f45b9a3be0ea739723f70d5cd41dfd57894d84bdea
652,16.3,0.2026,0.3113,False,7,mechanical_001,694e94943eba5ec86f88e0f45b9a3be0ea739723f70d5cd41dfd57894d84bdea
653,16.325,0.2029,0.3147,False,7,mechanical_001,694e94943eba5ec86f88e0f45b9a3be0ea739723f70d5cd41dfd57894d84bdea
654,16.35,0.2032,0.3177,False,7,mechanical_001,694e94943eba5ec86f88e0f45b9a3be0ea739723f70d5cd41dfd57894d84bdea
655,16.375,0.2035,0.3173,False,7,mechanical_001,694e94943eba5ec86f88e0f45b9a3be0ea739723f70d5cd41dfd57894d84bdea
656,16.4,0.2038,0.3185,False,7,mechanical_001,694e94943eba5ec86f88e0f45b9a3be0ea739723f70d5cd41dfd57894d84bdea
657,16.425,0.2041,0.3188,False,7,mechanical_001,694e94943eba5ec86f88e0f45b9a3be0ea739723f70d5cd41dfd57894d84bdea
658,16.45,0.2044,0.3206,False,7,mechanical_001,694e94943eba5ec86f88e0f45b9a3be0ea739723f70d5cd41dfd57894d84bdea
659,16.475,0.2048,0.3202,False,7,mechanical_001,694e94943eba5ec86f88e0f45b9a3be0ea739723f70d5cd41dfd57894d84bdea
660,16.5,0.2051,0.3233,False,7,mechanical_001,694e94943eba5ec86f88e0f45b9a3be0ea739723f70d5cd41dfd57894d84bdea
661,16.525,0.2054,0.3256,False,7,mechanical_001,694e94943eba5ec86f88e0f45b9a3be0ea739723f70d5cd41dfd57894d84bdea
662,16.55,0.2057,0.3266,False,7,mechanical_001,694e94943eba5ec86f88e0f45b9a3be0ea739723f70d5cd41dfd57894d84bdea
663,16.575,0.206,0.3294,False,7,mechanical_001,694e94943eba5ec86f88e0f45b9a3be0ea739723f70d5cd41dfd57894d84bdea
664,16.6,0.2063,0.3334,False,7,mechanical_001,694e94943eba5ec86f88e0f45b9a3be0ea739723f70d5cd41dfd57894d84bdea
665,16.625,0.2066,0.3351,False,7,mechanical_001,694e94943eba5ec86f88e0f45b9a3be0ea739723f70d5cd41dfd57894d84bdea
666,16.65,0.2069,0.3389,False,7,mechanical_001,694e94943eba5ec86f88e0f45b9a3be0ea739723f70d5cd41dfd57894d84bdea
667,16.675,0.2072,0.3424,False,7,mechanical_001,694e94943eba5ec86f88e0f45b9a3be0ea739723f70d5cd41dfd57894d84bdea
668,16.7,0.2075,0.3471,False,7,mechanical_001,694e94943eba5ec86f88e0f45b9a3be0ea739723f70d5cd41dfd57894d84bdea
669,16.725,0.2079,0.3504,False,7,mechanical_001,694e94943eba5ec86f88e0f45b9a3be0ea739723f70d5cd41dfd57894d84bdea
670,16.75,0.2082,0.3526,False,7,mechanical_001,694e94943eba5ec86f88e0f45b9a3be0ea739723f70d5cd41dfd57894d84bdea
671,16.775,0.2085,0.3565,False,7,mechanical_001,694e94943eba5ec86f88e0f45b9a3be0ea739723f70d5cd41dfd57894d84bdea
672,16.8,0.2088,0.3616,False,7,mechanical_001,694e94943eba5ec86f88e0f45b9a3be0ea739723f70d5cd41dfd57894d84bdea
673,16.825,0.2091,0.3663,False,7,mechanical_001,694e94943eba5ec86f88e0f45b9a3be0ea739723f70d5cd41dfd57894d84bdea
674,16.85,0.2094,0.3734,False,7,mechanical_001,694e94943eba5ec86f88e0f45b9a3be0ea739723f70d5cd41dfd57894d84bdea
675,16.875,0.2098,0.378,False,7,mechanical_001,694e94943eba5ec86f88e0f45b9a3be0ea739723f70d5cd41dfd57894d84bdea
676,16.9,0.2101,0.3839,False,7,mechanical_001,694e94943eba5ec86f88e0f45b9a3be0ea739723f70d5cd41dfd57894d84bdea
677,16.925,0.2104,0.3889,False,7,mechanical_001,694e94943eba5ec86f88e0f45b9a3be0ea739723f70d5cd41dfd57894d84bdea
678,16.95,0.2107,0.3945,False,7,mechanical_001,694e94943eba5ec86f88e0f45b9a3be0ea739723f70d5cd41dfd57894d84bdea
679,16.975,0.211,0.3995,False,7,mechanical_001,694e94943eba5ec86f88e0f45b9a3be0ea739723f70d5cd41dfd57894d84bdea
680,17.0,0.2113,0.4023,False,7,mechanical_001,694e94943eba5ec86f88e0f45b9a3be0ea739723f70d5cd41dfd57894d84bdea
681,17.025,0.2117,0.4068,False,7,mechanical_001,694e94943eba5ec86f88e0f45b9a3be0ea739723f70d5cd41dfd57894d84bdea
682,17.05,0.212,0.4106,False,7,mechanical_001,694e94943eba5ec86f88e0f45b9a3be0ea739723f70d5cd41dfd57894d84bdea
683,17.075,0.2123,0.4138,False,7,mechanical_001,694e94943eba5ec86f88e0f45b9a3be0ea739723f70d5cd41dfd57894d84bdea
684,17.1,0.2126,0.4168,False,7,mechanical_001,694e94943eba5ec86f88e0f45b9a3be0ea739723f70d5cd41dfd57894d84bdea
685,17.125,0.2129,0.4235,False,7,mechanical_001,694e94943eba5ec86f88e0f45b9a3be0ea739723f70d5cd41dfd57894d84bdea
686,17.15,0.2132,0.4287,False,7,mechanical_001,694e94943eba5ec86f88e0f45b9a3be0ea739723f70d5cd41dfd57894d84bdea
687,17.175,0.2135,0.4261,False,7,mechanical_001,694e94943eba5ec86f88e0f45b9a3be0ea739723f70d5cd41dfd57894d84bdea
688,17.2,0.2138,0.4228,False,7,mechanical_001,694e94943eba5ec86f88e0f45b9a3be0ea739723f70d5cd41dfd57894d84bdea
689,17.225,0.2142,0.4238,False,7,mechanical_001,694e94943eba5ec86f88e0f45b9a3be0ea739723f70d5cd41dfd57894d84bdea
690,17.25,0.2145,0.4272,False,7,mechanical_001,694e94943eba5ec86f88e0f45b9a3be0ea739723f70d5cd41dfd57894d84bdea
691,17.275,0.2148,0.432,False,7,mechanical_001,694e94943eba5ec86f88e0f45b9a3be0ea739723f70d5cd41dfd57894d84bdea
692,17.3,0.2151,0.437,False,7,mechanical_001,694e94943eba5ec86f88e0f45b9a3be0ea739723f70d5cd41dfd57894d84bdea
693,17.325,0.2154,0.4394,False,7,mechanical_001,694e94943eba5ec86f88e0f45b9a3be0ea739723f70d5cd41dfd57894d84bdea
694,17.35,0.2158,0.4439,False,7,mechanical_001,694e94943eba5ec86f88e0f45b9a3be0ea739723f70d5cd41dfd57894d84bdea
695,17.375,0.2161,0.4447,False,7,mechanical_001,694e94943eba5ec86f88e0f45b9a3be0ea739723f70d5cd41dfd57894d84bdea
696,17.4,0.2164,0.4459,False,7,mechanical_001,694e94943eba5ec86f88e0f45b9a3be0ea739723f70d5cd41dfd57894d84bdea
697,17.425,0.2167,0.4492,False,7,mechanical_001,694e94943eba5ec86f88e0f45b9a3be0ea739723f70d5cd41dfd57894d84bdea
698,17.45,0.217,0.4509,False,7,mechanical_001,694e94943eba5ec86f88e0f45b9a3be0ea739723f70d5cd41dfd57894d84bdea
699,17.475,0.2173,0.4512,False,7,mechanical_001,694e94943eba5ec86f88e0f45b9a3be0ea739723f70d5cd41dfd57894d84bdea
700,17.5,0.2176,0.4524,False,7,mechanical_001,694e94943eba5ec86f88e0f45b9a3be0ea739723f70d5cd41dfd57894d84bdea
701,17.525,0.2179,0.4531,False,7,mechanical_001,694e94943eba5ec86f88e0f45b9a3be0ea739723f70d5cd41dfd57894d84bdea
702,17.55,0.2182,0.4565,False,7,mechanical_001,694e94943eba5ec86f88e0f45b9a3be0ea739723f70d5cd41dfd57894d84bdea
703,17.575,0.2185,0.459,False,7,mechanical_001,694e94943eba5ec86f88e0f45b9a3be0ea739723f70d5cd41dfd57894d84bdea
704,17.6,0.2188,0.4606,False,7,mechanical_001,694e94943eba5ec86f88e0f45b9a3be0ea739723f70d5cd41dfd57894d84bdea
705,17.625,0.2191,0.461,False,7,mechanical_001,694e94943eba5ec86f88e0f45b9a3be0ea739723f70d5cd41dfd57894d84bdea
706,17.65,0.2195,0.4673,False,7,mechanical_001,694e94943eba5ec86f88e0f45b9a3be0ea739723f70d5cd41dfd57894d84bdea
707,17.675,0.2198,0.4715,False,7,mechanical_001,694e94943eba5ec86f88e0f45b9a3be0ea739723f70d5cd41dfd57894d84bdea
708,17.7,0.2201,0.4722,False,7,mechanical_001,694e94943eba5ec86f88e0f45b9a3be0ea739723f70d5cd41dfd57894d84bdea
709,17.725,0.2204,0.4762,False,7,mechanical_001,694e94943eba5ec86f88e0f45b9a3be0ea739723f70d5cd41dfd57894d84bdea
710,17.75,0.2207,0.4772,False,7,mechanical_001,694e94943eba5ec86f88e0f45b9a3be0ea739723f70d5cd41dfd57894d84bdea
711,17.775,0.221,0.4757,False,7,mechanical_001,694e94943eba5ec86f88e0f45b9a3be0ea739723f70d5cd41dfd57894d84bdea
712,17.8,0.2213,0.4774,False,7,mechanical_001,694e94943eba5ec86f88e0f45b9a3be0ea739723f70d5cd41dfd57894d84bdea
713,17.825,0.2217,0.4799,False,7,mechanical_001,694e94943eba5ec86f88e0f45b9a3be0ea739723f70d5cd41dfd57894d84bdea
714,17.85,0.222,0.4826,False,7,mechanical_001,694e94943eba5ec86f88e0f45b9a3be0ea739723f70d5cd41dfd57894d84bdea
715,17.875,0.2223,0.4851,False,7,mechanical_001,694e94943eba5ec86f88e0f45b9a3be0ea739723f70d5cd41dfd57894d84bdea
716,17.9,0.2226,0.4861,False,7,mechanical_001,694e94943eba5ec86f88e0f45b9a3be0ea739723f70d5cd41dfd57894d84bdea
717,17.925,0.2229,0.4793,False,7,mechanical_001,694e94943eba5ec86f88e0f45b9a3be0ea739723f70d5cd41dfd57894d84bdea
718,17.95,0.2232,0.4725,False,7,mechanical_001,694e94943eba5ec86f88e0f45b9a3be0ea739723f70d5cd41dfd57894d84bdea
719,17.975,0.2235,0.4698,False,7,mechanical_001,694e94943eba5ec86f88e0f45b9a3be0ea739723f70d5cd41dfd57894d84bdea
720,18.0,0.2238,0.4661,False,7,mechanical_001,694e94943eba5ec86f88e0f45b9a3be0ea739723f70d5cd41dfd57894d84bdea
721,18.025,0.2241,0.4644,False,7,mechanical_001,694e94943eba5ec86f88e0f45b9a3be0ea739723f70d5cd41dfd57894d84bdea
722,18.05,0.2244,0.4622,False,7,mechanical_001,694e94943eba5ec86f88e0f45b9a3be0ea739723f70d5cd41dfd57894d84bdea
723,18.075,0.2247,0.4632,False,7,mechanical_001,694e94943eba5ec86f88e0f45b9a3be0ea739723f70d5cd41dfd57894d84bdea
724,18.1,0.2251,0.4636,False,7,mechanical_001,694e94943eba5ec86f88e0f45b9a3be0ea739723f70d5cd41dfd57894d84bdea
725,18.125,0.2254,0.4661,False,7,mechanical_001,694e94943eba5ec86f88e0f45b9a3be0ea739723f70d5cd41dfd57894d84bdea
726,18.15,0.2257,0.4684,False,7,mechanical_001,694e94943eba5ec86f88e0f45b9a3be0ea739723f70d5cd41dfd57894d84bdea
727,18.175,0.226,0.4716,False,7,mechanical_001,694e94943eba5ec86f88e0f45b9a3be0ea739723f70d5cd41dfd57894d84bdea
728,18.2,0.2263,0.4745,False,7,mechanical_001,694e94943eba5ec86f88e0f45b9a3be0ea739723f70d5cd41dfd57894d84bdea
729,18.225,0.2266,0.4794,False,7,mechanical_001,694e94943eba5ec86f88e0f45b9a3be0ea739723f70d5cd41dfd57894d84bdea
730,18.25,0.2269,0.4841,False,7,mechanical_001,694e94943eba5ec86f88e0f45b9a3be0ea739723f70d5cd41dfd57894d84bdea
731,18.275,0.2273,0.4874,False,7,mechanical_001,694e94943eba5ec86f88e0f45b9a3be0ea739723f70d5cd41dfd57894d84bdea
732,18.3,0.2276,0.4903,False,7,mechanical_001,694e94943eba5ec86f88e0f45b9a3be0ea739723f70d5cd41dfd57894d84bdea
733,18.325,0.2279,0.4934,False,7,mechanical_001,694e94943eba5ec86f88e0f45b9a3be0ea739723f70d5cd41dfd57894d84bdea
734,18.35,0.2282,0.4928,False,7,mechanical_001,694e94943eba5ec86f88e0f45b9a3be0ea739723f70d5cd41dfd57894d84bdea
735,18.375,0.2285,0.4928,False,7,mechanical_001,694e94943eba5ec86f88e0f45b9a3be0ea739723f70d5cd41dfd57894d84bdea
736,18.4,0.2288,0.4931,False,7,mechanical_001,694e94943eba5ec86f88e0f45b9a3be0ea739723f70d5cd41dfd57894d84bdea
737,18.425,0.2291,0.4936,False,7,mechanical_001,694e94943eba5ec86f88e0f45b9a3be0ea739723f70d5cd41dfd57894d84bdea
738,18.45,0.2294,0.4951,False,7,mechanical_001,694e94943eba5ec86f88e0f45b9a3be0ea739723f70d5cd41dfd57894d84bdea
739,18.475,0.2297,0.4984,False,7,mechanical_001,694e94943eba5ec86f88e0f45b9a3be0ea739723f70d5cd41dfd57894d84bdea
740,18.5,0.23,0.498,False,7,mechanical_001,694e94943eba5ec86f88e0f45b9a3be0ea739723f70d5cd41dfd57894d84bdea
741,18.525,0.2303,0.4987,False,7,mechanical_001,694e94943eba5ec86f88e0f45b9a3be0ea739723f70d5cd41dfd57894d84bdea
742,18.55,0.2306,0.499,False,7,mechanical_001,694e94943eba5ec86f88e0f45b9a3be0ea739723f70d5cd41dfd57894d84bdea
743,18.575,0.2309,0.4985,False,7,mechanical_001,694e94943eba5ec86f88e0f45b9a3be0ea739723f70d5cd41dfd57894d84bdea
744,18.6,0.2312,0.499,False,7,mechanical_001,694e94943eba5ec86f88e0f45b9a3be0ea739723f70d5cd41dfd57894d84bdea
745,18.625,0.2314,0.5024,False,7,mechanical_001,694e94943eba5ec86f88e0f45b9a3be0ea739723f70d5cd41dfd57894d84bdea
746,18.65,0.2317,0.5055,False,7,mechanical_001,694e94943eba5ec86f88e0f45b9a3be0ea739723f70d5cd41dfd57894d84bdea
747,18.675,0.232,0.5091,False,7,mechanical_001,694e94943eba5ec86f88e0f45b9a3be0ea739723f70d5cd41dfd57894d84bdea
748,18.7,0.2323,0.5128,False,7,mechanical_001,694e94943eba5ec86f88e0f45b9a3be0ea739723f70d5cd41dfd57894d84bdea
749,18.725,0.2326,0.5167,False,7,mechanical_001,694e94943eba5ec86f88e0f45b9a3be0ea739723f70d5cd41dfd57894d84bdea
750,18.75,0.2329,0.5213,False,7,mechanical_001,694e94943eba5ec86f88e0f45b9a3be0ea739723f70d5cd41dfd57894d84bdea
751,18.775,0.2332,0.5274,False,7,mechanical_001,694e94943eba5ec86f88e0f45b9a3be0ea739723f70d5cd41dfd57894d84bdea
752,18.8,0.2335,0.5333,False,7,mechanical_001,694e94943eba5ec86f88e0f45b9a3be0ea739723f70d5cd41dfd57894d84bdea
753,18.825,0.2339,0.5376,False,7,mechanical_001,694e94943eba5ec86f88e0f45b9a3be0ea739723f70d5cd41dfd57894d84bdea
754,18.85,0.2342,0.5428,False,7,mechanical_001,694e94943eba5ec86f88e0f45b9a3be0ea739723f70d5cd41dfd57894d84bdea
755,18.875,0.2345,0.5485,False,7,mechanical_001,694e94943eba5ec86f88e0f45b9a3be0ea739723f70d5cd41dfd57894d84bdea
756,18.9,0.2348,0.5556,False,7,mechanical_001,694e94943eba5ec86f88e0f45b9a3be0ea739723f70d5cd41dfd57894d84bdea
757,18.925,0.2351,0.5657,False,7,mechanical_001,694e94943eba5ec86f88e0f45b9a3be0ea739723f70d5cd41dfd57894d84bdea
758,18.95,0.2355,0.5729,False,7,mechanical_001,694e94943eba5ec86f88e0f45b9a3be0ea739723f70d5cd41dfd57894d84bdea
759,18.975,0.2358,0.5814,False,7,mechanical_001,694e94943eba5ec86f88e0f45b9a3be0ea739723f70d5cd41dfd57894d84bdea
760,19.0,0.2361,0.5909,False,7,mechanical_001,694e94943eba5ec86f88e0f45b9a3be0ea739723f70d5cd41dfd57894d84bdea
761,19.025,0.2364,0.5985,False,7,mechanical_001,694e94943eba5ec86f88e0f45b9a3be0ea739723f70d5cd41dfd57894d84bdea
762,19.05,0.2368,0.6034,False,7,mechanical_001,694e94943eba5ec86f88e0f45b9a3be0ea739723f70d5cd41dfd57894d84bdea
763,19.075,0.2371,0.6086,False,7,mechanical_001,694e94943eba5ec86f88e0f45b9a3be0ea739723f70d5cd41dfd57894d84bdea
764,19.1,0.2374,0.6131,False,7,mechanical_001,694e94943eba5ec86f88e0f45b9a3be0ea739723f70d5cd41dfd57894d84bdea
765,19.125,0.2377,0.6163,False,7,mechanical_001,694e94943eba5ec86f88e0f45b9a3be0ea739723f70d5cd41dfd57894d84bdea
766,19.15,0.238,0.6217,False,7,mechanical_001,694e94943eba5ec86f88e0f45b9a3be0ea739723f70d5cd41dfd57894d84bdea
767,19.175,0.2383,0.6248,False,7,mechanical_001,694e94943eba5ec86f88e0f45b9a3be0ea739723f70d5cd41dfd57894d84bdea
768,19.2,0.2386,0.6286,False,7,mechanical_001,694e94943eba5ec86f88e0f45b9a3be0ea739723f70d5cd41dfd57894d84bdea
769,19.225,0.2389,0.632,False,7,mechanical_001,694e94943eba5ec86f88e0f45b9a3be0ea739723f70d5cd41dfd57894d84bdea
770,19.25,0.2392,0.635,False,7,mechanical_001,694e94943eba5ec86f88e0f45b9a3be0ea739723f70d5cd41dfd57894d84bdea
771,19.275,0.2395,0.638,False,7,mechanical_001,694e94943eba5ec86f88e0f45b9a3be0ea739723f70d5cd41dfd57894d84bdea
772,19.3,0.2398,0.6411,False,7,mechanical_001,694e94943eba5ec86f88e0f45b9a3be0ea739723f70d5cd41dfd57894d84bdea
773,19.325,0.2401,0.6438,False,7,mechanical_001,694e94943eba5ec86f88e0f45b9a3be0ea739723f70d5cd41dfd57894d84bdea
774,19.35,0.2404,0.6475,False,7,mechanical_001,694e94943eba5ec86f88e0f45b9a3be0ea739723f70d5cd41dfd57894d84bdea
775,19.375,0.2407,0.6518,False,7,mechanical_001,694e94943eba5ec86f88e0f45b9a3be0ea739723f70d5cd41dfd57894d84bdea
776,19.4,0.241,0.6566,False,7,mechanical_001,694e94943eba5ec86f88e0f45b9a3be0ea739723f70d5cd41dfd57894d84bdea
777,19.425,0.2414,0.6605,False,7,mechanical_001,694e94943eba5ec86f88e0f45b9a3be0ea739723f70d5cd41dfd57894d84bdea
778,19.45,0.2417,0.6651,False,7,mechanical_001,694e94943eba5ec86f88e0f45b9a3be0ea739723f70d5cd41dfd57894d84bdea
779,19.475,0.242,0.6718,False,7,mechanical_001,694e94943eba5ec86f88e0f45b9a3be0ea739723f70d5cd41dfd57894d84bdea
780,19.5,0.2423,0.6736,False,7,mechanical_001,694e94943eba5ec86f88e0f45b9a3be0ea739723f70d5cd41dfd57894d84bdea
781,19.525,0.2427,0.6744,False,7,mechanical_001,694e94943eba5ec86f88e0f45b9a3be0ea739723f70d5cd41dfd57894d84bdea
782,19.55,0.243,0.6763,False,7,mechanical_001,694e94943eba5ec86f88e0f45b9a3be0ea739723f70d5cd41dfd57894d84bdea
783,19.575,0.2433,0.6785,False,7,mechanical_001,694e94943eba5ec86f88e0f45b9a3be0ea739723f70d5cd41dfd57894d84bdea
784,19.6,0.2436,0.6799,False,7,mechanical_001,694e94943eba5ec86f88e0f45b9a3be0ea739723f70d5cd41dfd57894d84bdea
785,19.625,0.2439,0.6788,False,7,mechanical_001,694e94943eba5ec86f88e0f45b9a3be0ea739723f70d5cd41dfd57894d84bdea
786,19.65,0.2442,0.6797,False,7,mechanical_001,694e94943eba5ec86f88e0f45b9a3be0ea739723f70d5cd41dfd57894d84bdea
787,19.675,0.2445,0.683,False,7,mechanical_001,694e94943eba5ec86f88e0f45b9a3be0ea739723f70d5cd41dfd57894d84bdea
788,19.7,0.2448,0.6871,False,7,mechanical_001,694e94943eba5ec86f88e0f45b9a3be0ea739723f70d5cd41dfd57894d84bdea
789,19.725,0.2451,0.6922,False,7,mechanical_001,694e94943eba5ec86f88e0f45b9a3be0ea739723f70d5cd41dfd57894d84bdea
790,19.75,0.2454,0.6987,False,7,mechanical_001,694e94943eba5ec86f88e0f45b9a3be0ea739723f70d5cd41dfd57894d84bdea
791,19.775,0.2458,0.7062,False,7,mechanical_001,694e94943eba5ec86f88e0f45b9a3be0ea739723f70d5cd41dfd57894d84bdea
792,19.8,0.2461,0.7134,False,7,mechanical_001,694e94943eba5ec86f88e0f45b9a3be0ea739723f70d5cd41dfd57894d84bdea
793,19.825,0.2464,0.7204,False,7,mechanical_001,694e94943eba5ec86f88e0f45b9a3be0ea739723f70d5cd41dfd57894d84bdea
794,19.85,0.2467,0.7274,False,7,mechanical_001,694e94943eba5ec86f88e0f45b9a3be0ea739723f70d5cd41dfd57894d84bdea
795,19.875,0.2471,0.7339,False,7,mechanical_001,694e94943eba5ec86f88e0f45b9a3be0ea739723f70d5cd41dfd57894d84bdea
796,19.9,0.2474,0.741,False,7,mechanical_001,694e94943eba5ec86f88e0f45b9a3be0ea739723f70d5cd41dfd57894d84bdea
797,19.925,0.2477,0.7443,False,7,mechanical_001,694e94943eba5ec86f88e0f45b9a3be0ea739723f70d5cd41dfd57894d84bdea
798,19.95,0.248,0.7481,False,7,mechanical_001,694e94943eba5ec86f88e0f45b9a3be0ea739723f70d5cd41dfd57894d84bdea
799,19.975,0.2483,0.7527,False,7,mechanical_001,694e94943eba5ec86f88e0f45b9a3be0ea739723f70d5cd41dfd57894d84bdea
800,20.0,0.2486,0.7571,False,7,mechanical_001,694e94943eba5ec86f88e0f45b9a3be0ea739723f70d5cd41dfd57894d84bdea
801,20.025,0.249,0.7603,False,7,mechanical_001,694e94943eba5ec86f88e0f45b9a3be0ea739723f70d5cd41dfd57894d84bdea
802,20.05,0.2493,0.7637,False,7,mechanical_001,694e94943eba5ec86f88e0f45b9a3be0ea739723f70d5cd41dfd57894d84bdea
803,20.075,0.2496,0.7689,False,7,mechanical_001,694e94943eba5ec86f88e0f45b9a3be0ea739723f70d5cd41dfd57894d84bdea
804,20.1,0.2499,0.7721,False,7,mechanical_001,694e94943eba5ec86f88e0f45b9a3be0ea739723f70d5cd41dfd57894d84bdea
805,20.125,0.2502,0.7751,False,7,mechanical_001,694e94943eba5ec86f88e0f45b9a3be0ea739723f70d5cd41dfd57894d84bdea
806,20.15,0.2505,0.7784,False,7,mechanical_001,694e94943eba5ec86f88e0f45b9a3be0ea739723f70d5cd41dfd57894d84bdea
807,20.175,0.2508,0.7804,False,7,mechanical_001,694e94943eba5ec86f88e0f45b9a3be0ea739723f70d5cd41dfd57894d84bdea
808,20.2,0.2511,0.7836,False,7,mechanical_001,694e94943eba5ec86f88e0f45b9a3be0ea739723f70d5cd41dfd57894d84bdea
809,20.225,0.2514,0.7869,False,7,mechanical_001,694e94943eba5ec86f88e0f45b9a3be0ea739723f70d5cd41dfd57894d84bdea
810,20.25,0.2518,0.7892,False,7,mechanical_001,694e94943eba5ec86f88e0f45b9a3be0ea739723f70d5cd41dfd57894d84bdea
811,20.275,0.2521,0.7897,False,7,mechanical_001,694e94943eba5ec86f88e0f45b9a3be0ea739723f70d5cd41dfd57894d84bdea
812,20.3,0.2524,0.7908,False,7,mechanical_001,694e94943eba5ec86f88e0f45b9a3be0ea739723f70d5cd41dfd57894d84bdea
813,20.325,0.2527,0.7926,False,7,mechanical_001,694e94943eba5ec86f88e0f45b9a3be0ea739723f70d5cd41dfd57894d84bdea
814,20.35,0.253,0.7964,False,7,mechanical_001,694e94943eba5ec86f88e0f45b9a3be0ea739723f70d5cd41dfd57894d84bdea
815,20.375,0.2533,0.7947,False,7,mechanical_001,694e94943eba5ec86f88e0f45b9a3be0ea739723f70d5cd41dfd57894d84bdea
816,20.4,0.2537,0.7896,False,7,mechanical_001,694e94943eba5ec86f88e0f45b9a3be0ea739723f70d5cd41dfd57894d84bdea
817,20.425,0.254,0.7875,False,7,mechanical_001,694e94943eba5ec86f88e0f45b9a3be0ea739723f70d5cd41dfd57894d84bdea
818,20.45,0.2543,0.7859,False,7,mechanical_001,694e94943eba5ec86f88e0f45b9a3be0ea739723f70d5cd41dfd57894d84bdea
819,20.475,0.2546,0.7849,False,7,mechanical_001,694e94943eba5ec86f88e0f45b9a3be0ea739723f70d5cd41dfd57894d84bdea
820,20.5,0.2549,0.7845,False,7,mechanical_001,694e94943eba5ec86f88e0f45b9a3be0ea739723f70d5cd41dfd57894d84bdea
821,20.525,0.2552,0.7837,False,7,mechanical_001,694e94943eba5ec86f88e0f45b9a3be0ea739723f70d5cd41dfd57894d84bdea
822,20.55,0.2555,0.7849,False,7,mechanical_001,694e94943eba5ec86f88e0f45b9a3be0ea739723f70d5cd41dfd57894d84bdea
823,20.575,0.2558,0.7836,False,7,mechanical_001,694e94943eba5ec86f88e0f45b9a3be0ea739723f70d5cd41dfd57894d84bdea
824,20.6,0.2562,0.7844,False,7,mechanical_001,694e94943eba5ec86f88e0f45b9a3be0ea739723f70d5cd41dfd57894d84bdea
825,20.625,0.2565,0.7848,False,7,mechanical_001,694e94943eba5ec86f88e0f45b9a3be0ea739723f70d5cd41dfd57894d84bdea
826,20.65,0.2568,0.7839,False,7,mechanical_001,694e94943eba5ec86f88e0f45b9a3be0ea739723f70d5cd41dfd57894d84bdea
827,20.675,0.2571,0.783,False,7,mechanical_001,694e94943eba5ec86f88e0f45b9a3be0ea739723f70d5cd41dfd57894d84bdea
828,20.7,0.2574,0.7854,False,7,mechanical_001,694e94943eba5ec86f88e0f45b9a3be0ea739723f70d5cd41dfd57894d84bdea
829,20.725,0.2577,0.7878,False,7,mechanical_001,694e94943eba5ec86f88e0f45b9a3be0ea739723f70d5cd41dfd57894d84bdea
830,20.75,0.258,0.79,False,7,mechanical_001,694e94943eba5ec86f88e0f45b9a3be0ea739723f70d5cd41dfd57894d84bdea
831,20.775,0.2583,0.7897,False,7,mechanical_001,694e94943eba5ec86f88e0f45b9a3be0ea739723f70d5cd41dfd57894d84bdea
832,20.8,0.2586,0.7885,False,7,mechanical_001,694e94943eba5ec86f88e0f45b9a3be0ea739723f70d5cd41dfd57894d84bdea
833,20.825,0.259,0.7871,False,7,mechanical_001,694e94943eba5ec86f88e0f45b9a3be0ea739723f70d5cd41dfd57894d84bdea
834,20.85,0.2593,0.7863,False,7,mechanical_001,694e94943eba5ec86f88e0f45b9a3be0ea739723f70d5cd41dfd57894d84bdea
835,20.875,0.2596,0.7853,False,7,mechanical_001,694e94943eba5ec86f88e0f45b9a3be0ea739723f70d5cd41dfd57894d84bdea
836,20.9,0.2599,0.7832,False,7,mechanical_001,694e94943eba5ec86f88e0f45b9a3be0ea739723f70d5cd41dfd57894d84bdea
837,20.925,0.2602,0.7821,False,7,mechanical_001,694e94943eba5ec86f88e0f45b9a3be0ea739723f70d5cd41dfd57894d84bdea
838,20.95,0.2605,0.7799,False,7,mechanical_001,694e94943eba5ec86f88e0f45b9a3be0ea739723f70d5cd41dfd57894d84bdea
839,20.975,0.2608,0.7804,False,7,mechanical_001,694e94943eba5ec86f88e0f45b9a3be0ea739723f70d5cd41dfd57894d84bdea
840,21.0,0.2611,0.7826,False,7,mechanical_001,694e94943eba5ec86f88e0f45b9a3be0ea739723f70d5cd41dfd57894d84bdea
841,21.025,0.2614,0.7834,False,7,mechanical_001,694e94943eba5ec86f88e0f45b9a3be0ea739723f70d5cd41dfd57894d84bdea
842,21.05,0.2618,0.7869,False,7,mechanical_001,694e94943eba5ec86f88e0f45b9a3be0ea739723f70d5cd41dfd57894d84bdea
843,21.075,0.2621,0.7921,False,7,mechanical_001,694e94943eba5ec86f88e0f45b9a3be0ea739723f70d5cd41dfd57894d84bdea
844,21.1,0.2624,0.7937,False,7,mechanical_001,694e94943eba5ec86f88e0f45b9a3be0ea739723f70d5cd41dfd57894d84bdea
845,21.125,0.2627,0.7945,False,7,mechanical_001,694e94943eba5ec86f88e0f45b9a3be0ea739723f70d5cd41dfd57894d84bdea
846,21.15,0.263,0.7942,False,7,mechanical_001,694e94943eba5ec86f88e0f45b9a3be0ea739723f70d5cd41dfd57894d84bdea
847,21.175,0.2633,0.7933,False,7,mechanical_001,694e94943eba5ec86f88e0f45b9a3be0ea739723f70d5cd41dfd57894d84bdea
848,21.2,0.2636,0.7922,False,7,mechanical_001,694e94943eba5ec86f88e0f45b9a3be0ea739723f70d5cd41dfd57894d84bdea
849,21.225,0.2639,0.792,False,7,mechanical_001,694e94943eba5ec86f88e0f45b9a3be0ea739723f70d5cd41dfd57894d84bdea
850,21.25,0.2642,0.7925,False,7,mechanical_001,694e94943eba5ec86f88e0f45b9a3be0ea739723f70d5cd41dfd57894d84bdea
851,21.275,0.2645,0.7936,False,7,mechanical_001,694e94943eba5ec86f88e0f45b9a3be0ea739723f70d5cd41dfd57894d84bdea
852,21.3,0.2648,0.7946,False,7,mechanical_001,694e94943eba5ec86f88e0f45b9a3be0ea739723f70d5cd41dfd57894d84bdea
853,21.325,0.2651,0.7962,False,7,mechanical_001,694e94943eba5ec86f88e0f45b9a3be0ea739723f70d5cd41dfd57894d84bdea
854,21.35,0.2654,0.7958,False,7,mechanical_001,694e94943eba5ec86f88e0f45b9a3be0ea739723f70d5cd41dfd57894d84bdea
855,21.375,0.2658,0.797,False,7,mechanical_001,694e94943eba5ec86f88e0f45b9a3be0ea739723f70d5cd41dfd57894d84bdea
856,21.4,0.2661,0.7979,False,7,mechanical_001,694e94943eba5ec86f88e0f45b9a3be0ea739723f70d5cd41dfd57894d84bdea
857,21.425,0.2664,0.7981,False,7,mechanical_001,694e94943eba5ec86f88e0f45b9a3be0ea739723f70d5cd41dfd57894d84bdea
858,21.45,0.2667,0.7998,False,7,mechanical_001,694e94943eba5ec86f88e0f45b9a3be0ea739723f70d5cd41dfd57894d84bdea
859,21.475,0.267,0.8013,False,7,mechanical_001,694e94943eba5ec86f88e0f45b9a3be0ea739723f70d5cd41dfd57894d84bdea
860,21.5,0.2673,0.8023,False,7,mechanical_001,694e94943eba5ec86f88e0f45b9a3be0ea739723f70d5cd41dfd57894d84bdea
861,21.525,0.2676,0.8063,False,7,mechanical_001,694e94943eba5ec86f88e0f45b9a3be0ea739723f70d5cd41dfd57894d84bdea
862,21.55,0.268,0.8095,False,7,mechanical_001,694e94943eba5ec86f88e0f45b9a3be0ea739723f70d5cd41dfd57894d84bdea
863,21.575,0.2683,0.8111,False,7,mechanical_001,694e94943eba5ec86f88e0f45b9a3be0ea739723f70d5cd41dfd57894d84bdea
864,21.6,0.2686,0.8121,False,7,mechanical_001,694e94943eba5ec86f88e0f45b9a3be0ea739723f70d5cd41dfd57894d84bdea
865,21.625,0.2689,0.8134,False,7,mechanical_001,694e94943eba5ec86f88e0f45b9a3be0ea739723f70d5cd41dfd57894d84bdea
866,21.65,0.2692,0.8124,False,7,mechanical_001,694e94943eba5ec86f88e0f45b9a3be0ea739723f70d5cd41dfd57894d84bdea
867,21.675,0.2695,0.8137,False,7,mechanical_001,694e94943eba5ec86f88e0f45b9a3be0ea739723f70d5cd41dfd57894d84bdea
868,21.7,0.2698,0.8134,False,7,mechanical_001,694e94943eba5ec86f88e0f45b9a3be0ea739723f70d5cd41dfd57894d84bdea
869,21.725,0.2701,0.8127,False,7,mechanical_001,694e94943eba5ec86f88e0f45b9a3be0ea739723f70d5cd41dfd57894d84bdea
870,21.75,0.2704,0.8156,False,7,mechanical_001,694e94943eba5ec86f88e0f45b9a3be0ea739723f70d5cd41dfd57894d84bdea
871,21.775,0.2707,0.8168,False,7,mechanical_001,694e94943eba5ec86f88e0f45b9a3be0ea739723f70d5cd41dfd57894d84bdea
872,21.8,0.2709,0.8182,False,7,mechanical_001,694e94943eba5ec86f88e0f45b9a3be0ea739723f70d5cd41dfd57894d84bdea
873,21.825,0.2712,0.8197,False,7,mechanical_001,694e94943eba5ec86f88e0f45b9a3be0ea739723f70d5cd41dfd57894d84bdea
874,21.85,0.2715,0.821,False,7,mechanical_001,694e94943eba5ec86f88e0f45b9a3be0ea739723f70d5cd41dfd57894d84bdea
875,21.875,0.2718,0.8231,False,7,mechanical_001,694e94943eba5ec86f88e0f45b9a3be0ea739723f70d5cd41dfd57894d84bdea
876,21.9,0.2721,0.8256,False,7,mechanical_001,694e94943eba5ec86f88e0f45b9a3be0ea739723f70d5cd41dfd57894d84bdea
877,21.925,0.2724,0.8268,False,7,mechanical_001,694e94943eba5ec86f88e0f45b9a3be0ea739723f70d5cd41dfd57894d84bdea
878,21.95,0.2727,0.8293,False,7,mechanical_001,694e94943eba5ec86f88e0f45b9a3be0ea739723f70d5cd41dfd57894d84bdea
879,21.975,0.273,0.8292,False,7,mechanical_001,694e94943eba5ec86f88e0f45b9a3be0ea739723f70d5cd41dfd57894d84bdea
880,22.0,0.2733,0.83,False,7,mechanical_001,694e94943eba5ec86f88e0f45b9a3be0ea739723f70d5cd41dfd57894d84bdea
881,22.025,0.2736,0.8315,False,7,mechanical_001,694e94943eba5ec86f88e0f45b9a3be0ea739723f70d5cd41dfd57894d84bdea
882,22.05,0.2739,0.8322,False,7,mechanical_001,694e94943eba5ec86f88e0f45b9a3be0ea739723f70d5cd41dfd57894d84bdea
883,22.075,0.2742,0.8323,False,7,mechanical_001,694e94943eba5ec86f88e0f45b9a3be0ea739723f70d5cd41dfd57894d84bdea
884,22.1,0.2745,0.8372,False,7,mechanical_001,694e94943eba5ec86f88e0f45b9a3be0ea739723f70d5cd41dfd57894d84bdea
885,22.125,0.2749,0.8398,False,7,mechanical_001,694e94943eba5ec86f88e0f45b9a3be0ea739723f70d5cd41dfd57894d84bdea
886,22.15,0.2752,0.8424,False,7,mechanical_001,694e94943eba5ec86f88e0f45b9a3be0ea739723f70d5cd41dfd57894d84bdea
887,22.175,0.2755,0.8454,False,7,mechanical_001,694e94943eba5ec86f88e0f45b9a3be0ea739723f70d5cd41dfd57894d84bdea
888,22.2,0.2758,0.8486,False,7,mechanical_001,694e94943eba5ec86f88e0f45b9a3be0ea739723f70d5cd41dfd57894d84bdea
889,22.225,0.2761,0.8539,False,7,mechanical_001,694e94943eba5ec86f88e0f45b9a3be0ea739723f70d5cd41dfd57894d84bdea
890,22.25,0.2765,0.8598,False,7,mechanical_001,694e94943eba5ec86f88e0f45b9a3be0ea739723f70d5cd41dfd57894d84bdea
891,22.275,0.2768,0.8639,False,7,mechanical_001,694e94943eba5ec86f88e0f45b9a3be0ea739723f70d5cd41dfd57894d84bdea
892,22.3,0.2771,0.8667,False,7,mechanical_001,694e94943eba5ec86f88e0f45b9a3be0ea739723f70d5cd41dfd57894d84bdea
893,22.325,0.2775,0.8695,False,7,mechanical_001,694e94943eba5ec86f88e0f45b9a3be0ea739723f70d5cd41dfd57894d84bdea
894,22.35,0.2778,0.871,False,7,mechanical_001,694e94943eba5ec86f88e0f45b9a3be0ea739723f70d5cd41dfd57894d84bdea
895,22.375,0.2781,0.8728,False,7,mechanical_001,694e94943eba5ec86f88e0f45b9a3be0ea739723f70d5cd41dfd57894d84bdea
896,22.4,0.2784,0.8745,False,7,mechanical_001,694e94943eba5ec86f88e0f45b9a3be0ea739723f70d5cd41dfd57894d84bdea
897,22.425,0.2788,0.8768,False,7,mechanical_001,694e94943eba5ec86f88e0f45b9a3be0ea739723f70d5cd41dfd57894d84bdea
898,22.45,0.2791,0.8815,False,7,mechanical_001,694e94943eba5ec86f88e0f45b9a3be0ea739723f70d5cd41dfd57894d84bdea
899,22.475,0.2794,0.8872,False,7,mechanical_001,694e94943eba5ec86f88e0f45b9a3be0ea739723f70d5cd41dfd57894d84bdea
900,22.5,0.2798,0.8917,False,7,mechanical_001,694e94943eba5ec86f88e0f45b9a3be0ea739723f70d5cd41dfd57894d84bdea
901,22.525,0.2801,0.8967,False,7,mechanical_001,694e94943eba5ec86f88e0f45b9a3be0ea739723f70d5cd41dfd57894d84bdea
902,22.55,0.2805,0.9,False,7,mechanical_001,694e94943eba5ec86f88e0f45b9a3be0ea739723f70d5cd41dfd57894d84bdea
903,22.575,0.2808,0.9033,False,7,mechanical_001,694e94943eba5ec86f88e0f45b9a3be0ea739723f70d5cd41dfd57894d84bdea
904,22.6,0.2811,0.9029,False,7,mechanical_001,694e94943eba5ec86f88e0f45b9a3be0ea739723f70d5cd41dfd57894d84bdea
905,22.625,0.2814,0.9015,False,7,mechanical_001,694e94943eba5ec86f88e0f45b9a3be0ea739723f70d5cd41dfd57894d84bdea
906,22.65,0.2818,0.903,False,7,mechanical_001,694e94943eba5ec86f88e0f45b9a3be0ea739723f70d5cd41dfd57894d84bdea
907,22.675,0.2821,0.9029,False,7,mechanical_001,694e94943eba5ec86f88e0f45b9a3be0ea739723f70d5cd41dfd57894d84bdea
908,22.7,0.2824,0.9011,False,7,mechanical_001,694e94943eba5ec86f88e0f45b9a3be0ea739723f70d5cd41dfd57894d84bdea
909,22.725,0.2827,0.8995,False,7,mechanical_001,694e94943eba5ec86f88e0f45b9a3be0ea739723f70d5cd41dfd57894d84bdea
910,22.75,0.283,0.8987,False,7,mechanical_001,694e94943eba5ec86f88e0f45b9a3be0ea739723f70d5cd41dfd57894d84bdea
911,22.775,0.2833,0.8992,False,7,mechanical_001,694e94943eba5ec86f88e0f45b9a3be0ea739723f70d5cd41dfd57894d84bdea
912,22.8,0.2836,0.9009,False,7,mechanical_001,694e94943eba5ec86f88e0f45b9a3be0ea739723f70d5cd41dfd57894d84bdea
913,22.825,0.2839,0.8999,False,7,mechanical_001,694e94943eba5ec86f88e0f45b9a3be0ea739723f70d5cd41dfd57894d84bdea
914,22.85,0.2842,0.9007,False,7,mechanical_001,694e94943eba5ec86f88e0f45b9a3be0ea739723f70d5cd41dfd57894d84bdea
915,22.875,0.2845,0.9017,False,7,mechanical_001,694e94943eba5ec86f88e0f45b9a3be0ea739723f70d5cd41dfd57894d84bdea
916,22.9,0.2848,0.9012,False,7,mechanical_001,694e94943eba5ec86f88e0f45b9a3be0ea739723f70d5cd41dfd57894d84bdea
917,22.925,0.2851,0.9,False,7,mechanical_001,694e94943eba5ec86f88e0f45b9a3be0ea739723f70d5cd41dfd57894d84bdea
918,22.95,0.2855,0.9001,False,7,mechanical_001,694e94943eba5ec86f88e0f45b9a3be0ea739723f70d5cd41dfd57894d84bdea
919,22.975,0.2858,0.9009,False,7,mechanical_001,694e94943eba5ec86f88e0f45b9a3be0ea739723f70d5cd41dfd57894d84bdea
920,23.0,0.2861,0.9013,False,7,mechanical_001,694e94943eba5ec86f88e0f45b9a3be0ea739723f70d5cd41dfd57894d84bdea
921,23.025,0.2864,0.9002,False,7,mechanical_001,694e94943eba5ec86f88e0f45b9a3be0ea739723f70d5cd41dfd57894d84bdea
922,23.05,0.2867,0.8997,False,7,mechanical_001,694e94943eba5ec86f88e0f45b9a3be0ea739723f70d5cd41dfd57894d84bdea
923,23.075,0.287,0.9011,False,7,mechanical_001,694e94943eba5ec86f88e0f45b9a3be0ea739723f70d5cd41dfd57894d84bdea
924,23.1,0.2873,0.9041,False,7,mechanical_001,694e94943eba5ec86f88e0f45b9a3be0ea739723f70d5cd41dfd57894d84bdea
925,23.125,0.2876,0.9053,False,7,mechanical_001,694e94943eba5ec86f88e0f45b9a3be0ea739723f70d5cd41dfd57894d84bdea
926,23.15,0.288,0.9066,False,7,mechanical_001,694e94943eba5ec86f88e0f45b9a3be0ea739723f70d5cd41dfd57894d84bdea
927,23.175,0.2883,0.9075,False,7,mechanical_001,694e94943eba5ec86f88e0f45b9a3be0ea739723f70d5cd41dfd57894d84bdea
928,23.2,0.2886,0.9091,False,7,mechanical_001,694e94943eba5ec86f88e0f45b9a3be0ea739723f70d5cd41dfd57894d84bdea
929,23.225,0.2889,0.9098,False,7,mechanical_001,694e94943eba5ec86f88e0f45b9a3be0ea739723f70d5cd41dfd57894d84bdea
930,23.25,0.2892,0.9108,False,7,mechanical_001,694e94943eba5ec86f88e0f45b9a3be0ea739723f70d5cd41dfd57894d84bdea
931,23.275,0.2895,0.9114,False,7,mechanical_001,694e94943eba5ec86f88e0f45b9a3be0ea739723f70d5cd41dfd57894d84bdea
932,23.3,0.2898,0.9128,False,7,mechanical_001,694e94943eba5ec86f88e0f45b9a3be0ea739723f70d5cd41dfd57894d84bdea
933,23.325,0.2901,0.9188,False,7,mechanical_001,694e94943eba5ec86f88e0f45b9a3be0ea739723f70d5cd41dfd57894d84bdea
934,23.35,0.2904,0.9246,False,7,mechanical_001,694e94943eba5ec86f88e0f45b9a3be0ea739723f70d5cd41dfd57894d84bdea
935,23.375,0.2907,0.9279,False,7,mechanical_001,694e94943eba5ec86f88e0f45b9a3be0ea739723f70d5cd41dfd57894d84bdea
936,23.4,0.2911,0.9344,False,7,mechanical_001,694e94943eba5ec86f88e0f45b9a3be0ea739723f70d5cd41dfd57894d84bdea
937,23.425,0.2914,0.9385,False,7,mechanical_001,694e94943eba5ec86f88e0f45b9a3be0ea739723f70d5cd41dfd57894d84bdea
938,23.45,0.2917,0.9402,False,7,mechanical_001,694e94943eba5ec86f88e0f45b9a3be0ea739723f70d5cd41dfd57894d84bdea
939,23.475,0.2921,0.9412,False,7,mechanical_001,694e94943eba5ec86f88e0f45b9a3be0ea739723f70d5cd41dfd57894d84bdea
940,23.5,0.2924,0.9382,False,7,mechanical_001,694e94943eba5ec86f88e0f45b9a3be0ea739723f70d5cd41dfd57894d84bdea
941,23.525,0.2927,0.937,False,7,mechanical_001,694e94943eba5ec86f88e0f45b9a3be0ea739723f70d5cd41dfd57894d84bdea
942,23.55,0.293,0.9404,False,7,mechanical_001,694e94943eba5ec86f88e0f45b9a3be0ea739723f70d5cd41dfd57894d84bdea
943,23.575,0.2933,0.9452,False,7,mechanical_001,694e94943eba5ec86f88e0f45b9a3be0ea739723f70d5cd41dfd57894d84bdea
944,23.6,0.2936,0.9484,False,7,mechanical_001,694e94943eba5ec86f88e0f45b9a3be0ea739723f70d5cd41dfd57894d84bdea
945,23.625,0.2939,0.9508,False,7,mechanical_001,694e94943eba5ec86f88e0f45b9a3be0ea739723f70d5cd41dfd57894d84bdea
946,23.65,0.2942,0.9531,False,7,mechanical_001,694e94943eba5ec86f88e0f45b9a3be0ea739723f70d5cd41dfd57894d84bdea
947,23.675,0.2946,0.9577,False,7,mechanical_001,694e94943eba5ec86f88e0f45b9a3be0ea739723f70d5cd41dfd57894d84bdea
948,23.7,0.2949,0.9632,False,7,mechanical_001,694e94943eba5ec86f88e0f45b9a3be0ea739723f70d5cd41dfd57894d84bdea
949,23.725,0.2952,0.9664,False,7,mechanical_001,694e94943eba5ec86f88e0f45b9a3be0ea739723f70d5cd41dfd57894d84bdea
950,23.75,0.2955,0.9695,False,7,mechanical_001,694e94943eba5ec86f88e0f45b9a3be0ea739723f70d5cd41dfd57894d84bdea
951,23.775,0.2958,0.9721,False,7,mechanical_001,694e94943eba5ec86f88e0f45b9a3be0ea739723f70d5cd41dfd57894d84bdea
952,23.8,0.2961,0.9746,False,7,mechanical_001,694e94943eba5ec86f88e0f45b9a3be0ea739723f70d5cd41dfd57894d84bdea
953,23.825,0.2964,0.9789,False,7,mechanical_001,694e94943eba5ec86f88e0f45b9a3be0ea739723f70d5cd41dfd57894d84bdea
954,23.85,0.2968,0.9817,False,7,mechanical_001,694e94943eba5ec86f88e0f45b9a3be0ea739723f70d5cd41dfd57894d84bdea
955,23.875,0.2971,0.987,False,7,mechanical_001,694e94943eba5ec86f88e0f45b9a3be0ea739723f70d5cd41dfd57894d84bdea
956,23.9,0.2974,0.9944,False,7,mechanical_001,694e94943eba5ec86f88e0f45b9a3be0ea739723f70d5cd41dfd57894d84bdea
957,23.925,0.2977,0.9977,False,7,mechanical_001,694e94943eba5ec86f88e0f45b9a3be0ea739723f70d5cd41dfd57894d84bdea
958,23.95,0.298,1.001,True,7,mechanical_001,694e94943eba5ec86f88e0f45b9a3be0ea739723f70d5cd41dfd57894d84bdea
959,23.975,0.2983,1.0044,True,7,mechanical_001,694e94943eba5ec86f88e0f45b9a3be0ea739723f70d5cd41dfd57894d84bdea
960,24.0,0.2987,1.0099,True,7,mechanical_001,694e94943eba5ec86f88e0f45b9a3be0ea739723f70d5cd41dfd57894d84bdea
961,24.025,0.299,1.0119,True,7,mechanical_001,694e94943eba5ec86f88e0f45b9a3be0ea739723f70d5cd41dfd57894d84bdea
962,24.05,0.2993,1.0128,True,7,mechanical_001,694e94943eba5ec86f88e0f45b9a3be0ea739723f70d5cd41dfd57894d84bdea
963,24.075,0.2996,1.0164,True,7,mechanical_001,694e94943eba5ec86f88e0f45b9a3be0ea739723f70d5cd41dfd57894d84bdea
964,24.1,0.2999,1.0212,True,7,mechanical_001,694e94943eba5ec86f88e0f45b9a3be0ea739723f70d5cd41dfd57894d84bdea
965,24.125,0.3002,1.0285,True,7,mechanical_001,694e94943eba5ec86f88e0f45b9a3be0ea739723f70d5cd41dfd57894d84bdea
966,24.15,0.3005,1.0326,True,7,mechanical_001,694e94943eba5ec86f88e0f45b9a3be0ea739723f70d5cd41dfd57894d84bdea
967,24.175,0.3009,1.0364,True,7,mechanical_001,694e94943eba5ec86f88e0f45b9a3be0ea739723f70d5cd41dfd57894d84bdea
968,24.2,0.3012,1.0386,True,7,mechanical_001,694e94943eba5ec86f88e0f45b9a3be0ea739723f70d5cd41dfd57894d84bdea
969,24.225,0.3015,1.0403,True,7,mechanical_001,694e94943eba5ec86f88e0f45b9a3be0ea739723f70d5cd41dfd57894d84bdea
970,24.25,0.3018,1.0433,True,7,mechanical_001,694e94943eba5ec86f88e0f45b9a3be0ea739723f70d5cd41dfd57894d84bdea
971,24.275,0.3021,1.0475,True,7,mechanical_001,694e94943eba5ec86f88e0f45b9a3be0ea739723f70d5cd41dfd57894d84bdea
972,24.3,0.3024,1.0512,True,7,mechanical_001,694e94943eba5ec86f88e0f45b9a3be0ea739723f70d5cd41dfd57894d84bdea
973,24.325,0.3028,1.0568,True,7,mechanical_001,694e94943eba5ec86f88e0f45b9a3be0ea739723f70d5cd41dfd57894d84bdea
974,24.35,0.3031,1.0612,True,7,mechanical_001,694e94943eba5ec86f88e0f45b9a3be0ea739723f70d5cd41dfd57894d84bdea
975,24.375,0.3034,1.0659,True,7,mechanical_001,694e94943eba5ec86f88e0f45b9a3be0ea739723f70d5cd41dfd57894d84bdea
976,24.4,0.3037,1.0731,True,7,mechanical_001,694e94943eba5ec86f88e0f45b9a3be0ea739723f70d5cd41dfd57894d84bdea
977,24.425,0.3041,1.0787,True,7,mechanical_001,694e94943eba5ec86f88e0f45b9a3be0ea739723f70d5cd41dfd57894d84bdea
978,24.45,0.3044,1.083,True,7,mechanical_001,694e94943eba5ec86f88e0f45b9a3be0ea739723f70d5cd41dfd57894d84bdea
979,24.475,0.3048,1.0905,True,7,mechanical_001,694e94943eba5ec86f88e0f45b9a3be0ea739723f70d5cd41dfd57894d84bdea
980,24.5,0.3051,1.0958,True,7,mechanical_001,694e94943eba5ec86f88e0f45b9a3be0ea739723f70d5cd41dfd57894d84bdea
981,24.525,0.3054,1.097,True,7,mechanical_001,694e94943eba5ec86f88e0f45b9a3be0ea739723f70d5cd41dfd57894d84bdea
982,24.55,0.3058,1.0989,True,7,mechanical_001,694e94943eba5ec86f88e0f45b9a3be0ea739723f70d5cd41dfd57894d84bdea
983,24.575,0.3061,1.0985,True,7,mechanical_001,694e94943eba5ec86f88e0f45b9a3be0ea739723f70d5cd41dfd57894d84bdea
984,24.6,0.3064,1.0983,True,7,mechanical_001,694e94943eba5ec86f88e0f45b9a3be0ea739723f70d5cd41dfd57894d84bdea
985,24.625,0.3067,1.0974,True,7,mechanical_001,694e94943eba5ec86f88e0f45b9a3be0ea739723f70d5cd41dfd57894d84bdea
986,24.65,0.307,1.0995,True,7,mechanical_001,694e94943eba5ec86f88e0f45b9a3be0ea739723f70d5cd41dfd57894d84bdea
987,24.675,0.3073,1.1032,True,7,mechanical_001,694e94943eba5ec86f88e0f45b9a3be0ea739723f70d5cd41dfd57894d84bdea
988,24.7,0.3076,1.1064,True,7,mechanical_001,694e94943eba5ec86f88e0f45b9a3be0ea739723f70d5cd41dfd57894d84bdea
989,24.725,0.3079,1.1101,True,7,mechanical_001,694e94943eba5ec86f88e0f45b9a3be0ea739723f70d5cd41dfd57894d84bdea
990,24.75,0.3082,1.1166,True,7,mechanical_001,694e94943eba5ec86f88e0f45b9a3be0ea739723f70d5cd41dfd57894d84bdea
991,24.775,0.3085,1.1237,True,7,mechanical_001,694e94943eba5ec86f88e0f45b9a3be0ea739723f70d5cd41dfd57894d84bdea
992,24.8,0.3088,1.1303,True,7,mechanical_001,694e94943eba5ec86f88e0f45b9a3be0ea739723f70d5cd41dfd57894d84bdea
993,24.825,0.3091,1.1374,True,7,mechanical_001,694e94943eba5ec86f88e0f45b9a3be0ea739723f70d5cd41dfd57894d84bdea
994,24.85,0.3095,1.1428,True,7,mechanical_001,694e94943eba5ec86f88e0f45b9a3be0ea739723f70d5cd41dfd57894d84bdea
995,24.875,0.3098,1.1447,True,7,mechanical_001,694e94943eba5ec86f88e0f45b9a3be0ea739723f70d5cd41dfd57894d84bdea
996,24.9,0.3101,1.1505,True,7,mechanical_001,694e94943eba5ec86f88e0f45b9a3be0ea739723f70d5cd41dfd57894d84bdea
997,24.925,0.3104,1.1544,True,7,mechanical_001,694e94943eba5ec86f88e0f45b9a3be0ea739723f70d5cd41dfd57894d84bdea
998,24.95,0.3107,1.1589,True,7,mechanical_001,694e94943eba5ec86f88e0f45b9a3be0ea739723f70d5cd41dfd57894d84bdea
999,24.975,0.311,1.1634,True,7,mechanical_001,694e94943eba5ec86f88e0f45b9a3be0ea739723f70d5cd41dfd57894d84bdea
1000,25.0,0.3113,1.1685,True,7,mechanical_001,694e94943eba5ec86f88e0f45b9a3be0ea739723f70d5cd41dfd57894d84bdea
1001,25.025,0.3116,1.1716,True,7,mechanical_001,694e94943eba5ec86f88e0f45b9a3be0ea739723f70d5cd41dfd57894d84bdea
1002,25.05,0.3119,1.1761,True,7,mechanical_001,694e94943eba5ec86f88e0f45b9a3be0ea739723f70d5cd41dfd57894d84bdea
1003,25.075,0.3122,1.1795,True,7,mechanical_001,694e94943eba5ec86f88e0f45b9a3be0ea739723f70d5cd41dfd57894d84bdea
1004,25.1,0.3126,1.1843,True,7,mechanical_001,694e94943eba5ec86f88e0f45b9a3be0ea739723f70d5cd41dfd57894d84bdea
1005,25.125,0.3129,1.1907,True,7,mechanical_001,694e94943eba5ec86f88e0f45b9a3be0ea739723f70d5cd41dfd57894d84bdea
1006,25.15,0.3132,1.1961,True,7,mechanical_001,694e94943eba5ec86f88e0f45b9a3be0ea739723f70d5cd41dfd57894d84bdea
1007,25.175,0.3135,1.2022,True,7,mechanical_001,694e94943eba5ec86f88e0f45b9a3be0ea739723f70d5cd41dfd57894d84bdea
1008,25.2,0.3138,1.2074,True,7,mechanical_001,694e94943eba5ec86f88e0f45b9a3be0ea739723f70d5cd41dfd57894d84bdea
1009,25.225,0.3141,1.2099,True,7,mechanical_001,694e94943eba5ec86f88e0f45b9a3be0ea739723f70d5cd41dfd57894d84bdea
1010,25.25,0.3145,1.2124,True,7,mechanical_001,694e94943eba5ec86f88e0f45b9a3be0ea739723f70d5cd41dfd57894d84bdea
1011,25.275,0.3148,1.2172,True,7,mechanical_001,694e94943eba5ec86f88e0f45b9a3be0ea739723f70d5cd41dfd57894d84bdea
1012,25.3,0.3151,1.2182,True,7,mechanical_001,694e94943eba5ec86f88e0f45b9a3be0ea739723f70d5cd41dfd57894d84bdea
1013,25.325,0.3154,1.2166,True,7,mechanical_001,694e94943eba5ec86f88e0f45b9a3be0ea739723f70d5cd41dfd57894d84bdea
1014,25.35,0.3157,1.2186,True,7,mechanical_001,694e94943eba5ec86f88e0f45b9a3be0ea739723f70d5cd41dfd57894d84bdea
1015,25.375,0.316,1.1951,True,7,mechanical_001,694e94943eba5ec86f88e0f45b9a3be0ea739723f70d5cd41dfd57894d84bdea
1016,25.4,0.3163,1.1775,True,7,mechanical_001,694e94943eba5ec86f88e0f45b9a3be0ea739723f70d5cd41dfd57894d84bdea
1017,25.425,0.3166,1.1804,True,7,mechanical_001,694e94943eba5ec86f88e0f45b9a3be0ea739723f70d5cd41dfd57894d84bdea
1018,25.45,0.3169,1.1852,True,7,mechanical_001,694e94943eba5ec86f88e0f45b9a3be0ea739723f70d5cd41dfd57894d84bdea
1019,25.475,0.3172,1.192,True,7,mechanical_001,694e94943eba5ec86f88e0f45b9a3be0ea739723f70d5cd41dfd57894d84bdea
1020,25.5,0.3175,1.1977,True,7,mechanical_001,694e94943eba5ec86f88e0f45b9a3be0ea739723f70d5cd41dfd57894d84bdea
1021,25.525,0.3179,1.2027,True,7,mechanical_001,694e94943eba5ec86f88e0f45b9a3be0ea739723f70d5cd41dfd57894d84bdea
1022,25.55,0.3182,1.2091,True,7,mechanical_001,694e94943eba5ec86f88e0f45b9a3be0ea739723f70d5cd41dfd57894d84bdea
1023,25.575,0.3185,1.2164,True,7,mechanical_001,694e94943eba5ec86f88e0f45b9a3be0ea739723f70d5cd41dfd57894d84bdea
1024,25.6,0.3188,1.2194,True,7,mechanical_001,694e94943eba5ec86f88e0f45b9a3be0ea739723f70d5cd41dfd57894d84bdea
1025,25.625,0.3191,1.2248,True,7,mechanical_001,694e94943eba5ec86f88e0f45b9a3be0ea739723f70d5cd41dfd57894d84bdea
1026,25.65,0.3194,1.2273,True,7,mechanical_001,694e94943eba5ec86f88e0f45b9a3be0ea739723f70d5cd41dfd57894d84bdea
1027,25.675,0.3197,1.2335,True,7,mechanical_001,694e94943eba5ec86f88e0f45b9a3be0ea739723f70d5cd41dfd57894d84bdea
1028,25.7,0.3201,1.2392,True,7,mechanical_001,694e94943eba5ec86f88e0f45b9a3be0ea739723f70d5cd41dfd57894d84bdea
1029,25.725,0.3204,1.2445,True,7,mechanical_001,694e94943eba5ec86f88e0f45b9a3be0ea739723f70d5cd41dfd57894d84bdea
1030,25.75,0.3207,1.2495,True,7,mechanical_001,694e94943eba5ec86f88e0f45b9a3be0ea739723f70d5cd41dfd57894d84bdea
1031,25.775,0.321,1.2555,True,7,mechanical_001,694e94943eba5ec86f88e0f45b9a3be0ea739723f70d5cd41dfd57894d84bdea
1032,25.8,0.3213,1.2577,True,7,mechanical_001,694e94943eba5ec86f88e0f45b9a3be0ea739723f70d5cd41dfd57894d84bdea
1033,25.825,0.3216,1.2614,True,7,mechanical_001,694e94943eba5ec86f88e0f45b9a3be0ea739723f70d5cd41dfd57894d84bdea
1034,25.85,0.3219,1.2671,True,7,mechanical_001,694e94943eba5ec86f88e0f45b9a3be0ea739723f70d5cd41dfd57894d84bdea
1035,25.875,0.3222,1.2724,True,7,mechanical_001,694e94943eba5ec86f88e0f45b9a3be0ea739723f70d5cd41dfd57894d84bdea
1036,25.9,0.3225,1.2759,True,7,mechanical_001,694e94943eba5ec86f88e0f45b9a3be0ea739723f70d5cd41dfd57894d84bdea
1037,25.925,0.3228,1.2808,True,7,mechanical_001,694e94943eba5ec86f88e0f45b9a3be0ea739723f70d5cd41dfd57894d84bdea
1038,25.95,0.3231,1.2839,True,7,mechanical_001,694e94943eba5ec86f88e0f45b9a3be0ea739723f70d5cd41dfd57894d84bdea
1039,25.975,0.3234,1.2879,True,7,mechanical_001,694e94943eba5ec86f88e0f45b9a3be0ea739723f70d5cd41dfd57894d84bdea
1040,26.0,0.3237,1.2907,True,7,mechanical_001,694e94943eba5ec86f88e0f45b9a3be0ea739723f70d5cd41dfd57894d84bdea
1041,26.025,0.324,1.2943,True,7,mechanical_001,694e94943eba5ec86f88e0f45b9a3be0ea739723f70d5cd41dfd57894d84bdea
1042,26.05,0.3243,1.2998,True,7,mechanical_001,694e94943eba5ec86f88e0f45b9a3be0ea739723f70d5cd41dfd57894d84bdea
1043,26.075,0.3246,1.3041,True,7,mechanical_001,694e94943eba5ec86f88e0f45b9a3be0ea739723f70d5cd41dfd57894d84bdea
1044,26.1,0.3249,1.3062,True,7,mechanical_001,694e94943eba5ec86f88e0f45b9a3be0ea739723f70d5cd41dfd57894d84bdea
1045,26.125,0.3252,1.3103,True,7,mechanical_001,694e94943eba5ec86f88e0f45b9a3be0ea739723f70d5cd41dfd57894d84bdea
1046,26.15,0.3255,1.315,True,7,mechanical_001,694e94943eba5ec86f88e0f45b9a3be0ea739723f70d5cd41dfd57894d84bdea
1047,26.175,0.3258,1.3223,True,7,mechanical_001,694e94943eba5ec86f88e0f45b9a3be0ea739723f70d5cd41dfd57894d84bdea
1048,26.2,0.3261,1.3296,True,7,mechanical_001,694e94943eba5ec86f88e0f45b9a3be0ea739723f70d5cd41dfd57894d84bdea
1049,26.225,0.3264,1.3367,True,7,mechanical_001,694e94943eba5ec86f88e0f45b9a3be0ea739723f70d5cd41dfd57894d84bdea
1050,26.25,0.3267,1.3407,True,7,mechanical_001,694e94943eba5ec86f88e0f45b9a3be0ea739723f70d5cd41dfd57894d84bdea
1051,26.275,0.3271,1.3441,True,7,mechanical_001,694e94943eba5ec86f88e0f45b9a3be0ea739723f70d5cd41dfd57894d84bdea
1052,26.3,0.3274,1.3485,True,7,mechanical_001,694e94943eba5ec86f88e0f45b9a3be0ea739723f70d5cd41dfd57894d84bdea
1053,26.325,0.3277,1.3489,True,7,mechanical_001,694e94943eba5ec86f88e0f45b9a3be0ea739723f70d5cd41dfd57894d84bdea
1054,26.35,0.328,1.352,True,7,mechanical_001,694e94943eba5ec86f88e0f45b9a3be0ea739723f70d5cd41dfd57894d84bdea
1055,26.375,0.3283,1.355,True,7,mechanical_001,694e94943eba5ec86f88e0f45b9a3be0ea739723f70d5cd41dfd57894d84bdea
1056,26.4,0.3286,1.359,True,7,mechanical_001,694e94943eba5ec86f88e0f45b9a3be0ea739723f70d5cd41dfd57894d84bdea
1057,26.425,0.3289,1.3618,True,7,mechanical_001,694e94943eba5ec86f88e0f45b9a3be0ea739723f70d5cd41dfd57894d84bdea
1058,26.45,0.3292,1.3569,True,7,mechanical_001,694e94943eba5ec86f88e0f45b9a3be0ea739723f70d5cd41dfd57894d84bdea
1059,26.475,0.3296,1.3354,True,7,mechanical_001,694e94943eba5ec86f88e0f45b9a3be0ea739723f70d5cd41dfd57894d84bdea
1060,26.5,0.3299,1.3367,True,7,mechanical_001,694e94943eba5ec86f88e0f45b9a3be0ea739723f70d5cd41dfd57894d84bdea
1061,26.525,0.3302,1.3453,True,7,mechanical_001,694e94943eba5ec86f88e0f45b9a3be0ea739723f70d5cd41dfd57894d84bdea
1062,26.55,0.3305,1.3477,True,7,mechanical_001,694e94943eba5ec86f88e0f45b9a3be0ea739723f70d5cd41dfd57894d84bdea
1063,26.575,0.3308,1.3454,True,7,mechanical_001,694e94943eba5ec86f88e0f45b9a3be0ea739723f70d5cd41dfd57894d84bdea
1064,26.6,0.3311,1.3434,True,7,mechanical_001,694e94943eba5ec86f88e0f45b9a3be0ea739723f70d5cd41dfd57894d84bdea
1065,26.625,0.3314,1.3299,True,7,mechanical_001,694e94943eba5ec86f88e0f45b9a3be0ea739723f70d5cd41dfd57894d84bdea
1066,26.65,0.3317,1.327,True,7,mechanical_001,694e94943eba5ec86f88e0f45b9a3be0ea739723f70d5cd41dfd57894d84bdea
1067,26.675,0.332,1.3342,True,7,mechanical_001,694e94943eba5ec86f88e0f45b9a3be0ea739723f70d5cd41dfd57894d84bdea
1068,26.7,0.3324,1.3399,True,7,mechanical_001,694e94943eba5ec86f88e0f45b9a3be0ea739723f70d5cd41dfd57894d84bdea
1069,26.725,0.3327,1.3451,True,7,mechanical_001,694e94943eba5ec86f88e0f45b9a3be0ea739723f70d5cd41dfd57894d84bdea
1070,26.75,0.333,1.3515,True,7,mechanical_001,694e94943eba5ec86f88e0f45b9a3be0ea739723f70d5cd41dfd57894d84bdea
1071,26.775,0.3333,1.3562,True,7,mechanical_001,694e94943eba5ec86f88e0f45b9a3be0ea739723f70d5cd41dfd57894d84bdea
1072,26.8,0.3336,1.3558,True,7,mechanical_001,694e94943eba5ec86f88e0f45b9a3be0ea739723f70d5cd41dfd57894d84bdea
1073,26.825,0.334,1.3531,True,7,mechanical_001,694e94943eba5ec86f88e0f45b9a3be0ea739723f70d5cd41dfd57894d84bdea
1074,26.85,0.3343,1.3563,True,7,mechanical_001,694e94943eba5ec86f88e0f45b9a3be0ea739723f70d5cd41dfd57894d84bdea
1075,26.875,0.3346,1.3584,True,7,mechanical_001,694e94943eba5ec86f88e0f45b9a3be0ea739723f70d5cd41dfd57894d84bdea
1076,26.9,0.3349,1.362,True,7,mechanical_001,694e94943eba5ec86f88e0f45b9a3be0ea739723f70d5cd41dfd57894d84bdea
1077,26.925,0.3352,1.3664,True,7,mechanical_001,694e94943eba5ec86f88e0f45b9a3be0ea739723f70d5cd41dfd57894d84bdea
1078,26.95,0.3355,1.3742,True,7,mechanical_001,694e94943eba5ec86f88e0f45b9a3be0ea739723f70d5cd41dfd57894d84bdea
1079,26.975,0.3358,1.3751,True,7,mechanical_001,694e94943eba5ec86f88e0f45b9a3be0ea739723f70d5cd41dfd57894d84bdea
1080,27.0,0.3361,1.3768,True,7,mechanical_001,694e94943eba5ec86f88e0f45b9a3be0ea739723f70d5cd41dfd57894d84bdea
1081,27.025,0.3364,1.3805,True,7,mechanical_001,694e94943eba5ec86f88e0f45b9a3be0ea739723f70d5cd41dfd57894d84bdea
1082,27.05,0.3368,1.3841,True,7,mechanical_001,694e94943eba5ec86f88e0f45b9a3be0ea739723f70d5cd41dfd57894d84bdea
1083,27.075,0.3371,1.389,True,7,mechanical_001,694e94943eba5ec86f88e0f45b9a3be0ea739723f70d5cd41dfd57894d84bdea
1084,27.1,0.3374,1.3918,True,7,mechanical_001,694e94943eba5ec86f88e0f45b9a3be0ea739723f70d5cd41dfd57894d84bdea
1085,27.125,0.3377,1.3957,True,7,mechanical_001,694e94943eba5ec86f88e0f45b9a3be0ea739723f70d5cd41dfd57894d84bdea
1086,27.15,0.338,1.3976,True,7,mechanical_001,694e94943eba5ec86f88e0f45b9a3be0ea739723f70d5cd41dfd57894d84bdea
1087,27.175,0.3383,1.3855,True,7,mechanical_001,694e94943eba5ec86f88e0f45b9a3be0ea739723f70d5cd41dfd57894d84bdea
1088,27.2,0.3386,1.3818,True,7,mechanical_001,694e94943eba5ec86f88e0f45b9a3be0ea739723f70d5cd41dfd57894d84bdea
1089,27.225,0.3389,1.3876,True,7,mechanical_001,694e94943eba5ec86f88e0f45b9a3be0ea739723f70d5cd41dfd57894d84bdea
1090,27.25,0.3393,1.3927,True,7,mechanical_001,694e94943eba5ec86f88e0f45b9a3be0ea739723f70d5cd41dfd57894d84bdea
1091,27.275,0.3396,1.3965,True,7,mechanical_001,694e94943eba5ec86f88e0f45b9a3be0ea739723f70d5cd41dfd57894d84bdea
1092,27.3,0.3399,1.4,True,7,mechanical_001,694e94943eba5ec86f88e0f45b9a3be0ea739723f70d5cd41dfd57894d84bdea
1093,27.325,0.3402,1.4022,True,7,mechanical_001,694e94943eba5ec86f88e0f45b9a3be0ea739723f70d5cd41dfd57894d84bdea
1094,27.35,0.3405,1.4079,True,7,mechanical_001,694e94943eba5ec86f88e0f45b9a3be0ea739723f70d5cd41dfd57894d84bdea
1095,27.375,0.3409,1.4136,True,7,mechanical_001,694e94943eba5ec86f88e0f45b9a3be0ea739723f70d5cd41dfd57894d84bdea
1096,27.4,0.3412,1.4153,True,7,mechanical_001,694e94943eba5ec86f88e0f45b9a3be0ea739723f70d5cd41dfd57894d84bdea
1097,27.425,0.3415,1.4163,True,7,mechanical_001,694e94943eba5ec86f88e0f45b9a3be0ea739723f70d5cd41dfd57894d84bdea
1098,27.45,0.3418,1.4173,True,7,mechanical_001,694e94943eba5ec86f88e0f45b9a3be0ea739723f70d5cd41dfd57894d84bdea
1099,27.475,0.3421,1.4182,True,7,mechanical_001,694e94943eba5ec86f88e0f45b9a3be0ea739723f70d5cd41dfd57894d84bdea
1100,27.5,0.3424,1.42,True,7,mechanical_001,694e94943eba5ec86f88e0f45b9a3be0ea739723f70d5cd41dfd57894d84bdea
1101,27.525,0.3428,1.4221,True,7,mechanical_001,694e94943eba5ec86f88e0f45b9a3be0ea739723f70d5cd41dfd57894d84bdea
1102,27.55,0.3431,1.423,True,7,mechanical_001,694e94943eba5ec86f88e0f45b9a3be0ea739723f70d5cd41dfd57894d84bdea
1103,27.575,0.3434,1.427,True,7,mechanical_001,694e94943eba5ec86f88e0f45b9a3be0ea739723f70d5cd41dfd57894d84bdea
1104,27.6,0.3437,1.4314,True,7,mechanical_001,694e94943eba5ec86f88e0f45b9a3be0ea739723f70d5cd41dfd57894d84bdea
1105,27.625,0.3441,1.4358,True,7,mechanical_001,694e94943eba5ec86f88e0f45b9a3be0ea739723f70d5cd41dfd57894d84bdea
1106,27.65,0.3444,1.4394,True,7,mechanical_001,694e94943eba5ec86f88e0f45b9a3be0ea739723f70d5cd41dfd57894d84bdea
1107,27.675,0.3447,1.4431,True,7,mechanical_001,694e94943eba5ec86f88e0f45b9a3be0ea739723f70d5cd41dfd57894d84bdea
1108,27.7,0.3451,1.446,True,7,mechanical_001,694e94943eba5ec86f88e0f45b9a3be0ea739723f70d5cd41dfd57894d84bdea
1109,27.725,0.3454,1.4481,True,7,mechanical_001,694e94943eba5ec86f88e0f45b9a3be0ea739723f70d5cd41dfd57894d84bdea
1110,27.75,0.3457,1.4468,True,7,mechanical_001,694e94943eba5ec86f88e0f45b9a3be0ea739723f70d5cd41dfd57894d84bdea
1111,27.775,0.3461,1.4421,True,7,mechanical_001,694e94943eba5ec86f88e0f45b9a3be0ea739723f70d5cd41dfd57894d84bdea
1112,27.8,0.3464,1.4351,True,7,mechanical_001,694e94943eba5ec86f88e0f45b9a3be0ea739723f70d5cd41dfd57894d84bdea
1113,27.825,0.3467,1.4162,True,7,mechanical_001,694e94943eba5ec86f88e0f45b9a3be0ea739723f70d5cd41dfd57894d84bdea
1114,27.85,0.347,1.4042,True,7,mechanical_001,694e94943eba5ec86f88e0f45b9a3be0ea739723f70d5cd41dfd57894d84bdea
1115,27.875,0.3473,1.3958,True,7,mechanical_001,694e94943eba5ec86f88e0f45b9a3be0ea739723f70d5cd41dfd57894d84bdea
1116,27.9,0.3476,1.3912,True,7,mechanical_001,694e94943eba5ec86f88e0f45b9a3be0ea739723f70d5cd41dfd57894d84bdea
1117,27.925,0.3479,1.39,True,7,mechanical_001,694e94943eba5ec86f88e0f45b9a3be0ea739723f70d5cd41dfd57894d84bdea
1118,27.95,0.3482,1.3932,True,7,mechanical_001,694e94943eba5ec86f88e0f45b9a3be0ea739723f70d5cd41dfd57894d84bdea
1119,27.975,0.3485,1.3909,True,7,mechanical_001,694e94943eba5ec86f88e0f45b9a3be0ea739723f70d5cd41dfd57894d84bdea
1120,28.0,0.3488,1.381,True,7,mechanical_001,694e94943eba5ec86f88e0f45b9a3be0ea739723f70d5cd41dfd57894d84bdea
1121,28.025,0.3491,1.3752,True,7,mechanical_001,694e94943eba5ec86f88e0f45b9a3be0ea739723f70d5cd41dfd57894d84bdea
1122,28.05,0.3495,1.3642,True,7,mechanical_001,694e94943eba5ec86f88e0f45b9a3be0ea739723f70d5cd41dfd57894d84bdea
1123,28.075,0.3498,1.3615,True,7,mechanical_001,694e94943eba5ec86f88e0f45b9a3be0ea739723f70d5cd41dfd57894d84bdea
1124,28.1,0.3501,1.3627,True,7,mechanical_001,694e94943eba5ec86f88e0f45b9a3be0ea739723f70d5cd41dfd57894d84bdea
1125,28.125,0.3504,1.3618,True,7,mechanical_001,694e94943eba5ec86f88e0f45b9a3be0ea739723f70d5cd41dfd57894d84bdea
1126,28.15,0.3507,1.3599,True,7,mechanical_001,694e94943eba5ec86f88e0f45b9a3be0ea739723f70d5cd41dfd57894d84bdea
1127,28.175,0.351,1.3637,True,7,mechanical_001,694e94943eba5ec86f88e0f45b9a3be0ea739723f70d5cd41dfd57894d84bdea
1128,28.2,0.3513,1.365,True,7,mechanical_001,694e94943eba5ec86f88e0f45b9a3be0ea739723f70d5cd41dfd57894d84bdea
1129,28.225,0.3516,1.3643,True,7,mechanical_001,694e94943eba5ec86f88e0f45b9a3be0ea739723f70d5cd41dfd57894d84bdea
1130,28.25,0.3519,1.3645,True,7,mechanical_001,694e94943eba5ec86f88e0f45b9a3be0ea739723f70d5cd41dfd57894d84bdea
1131,28.275,0.3523,1.3694,True,7,mechanical_001,694e94943eba5ec86f88e0f45b9a3be0ea739723f70d5cd41dfd57894d84bdea
1132,28.3,0.3526,1.3724,True,7,mechanical_001,694e94943eba5ec86f88e0f45b9a3be0ea739723f70d5cd41dfd57894d84bdea
1133,28.325,0.3529,1.3736,True,7,mechanical_001,694e94943eba5ec86f88e0f45b9a3be0ea739723f70d5cd41dfd57894d84bdea
1134,28.35,0.3532,1.3746,True,7,mechanical_001,694e94943eba5ec86f88e0f45b9a3be0ea739723f70d5cd41dfd57894d84bdea
1135,28.375,0.3535,1.3743,True,7,mechanical_001,694e94943eba5ec86f88e0f45b9a3be0ea739723f70d5cd41dfd57894d84bdea
1136,28.4,0.3538,1.3702,True,7,mechanical_001,694e94943eba5ec86f88e0f45b9a3be0ea739723f70d5cd41dfd57894d84bdea
1137,28.425,0.3541,1.3673,True,7,mechanical_001,694e94943eba5ec86f88e0f45b9a3be0ea739723f70d5cd41dfd57894d84bdea
1138,28.45,0.3544,1.3625,True,7,mechanical_001,694e94943eba5ec86f88e0f45b9a3be0ea739723f70d5cd41dfd57894d84bdea
1139,28.475,0.3548,1.3583,True,7,mechanical_001,694e94943eba5ec86f88e0f45b9a3be0ea739723f70d5cd41dfd57894d84bdea
1140,28.5,0.3551,1.353,True,7,mechanical_001,694e94943eba5ec86f88e0f45b9a3be0ea739723f70d5cd41dfd57894d84bdea
1141,28.525,0.3554,1.3505,True,7,mechanical_001,694e94943eba5ec86f88e0f45b9a3be0ea739723f70d5cd41dfd57894d84bdea
1142,28.55,0.3557,1.3464,True,7,mechanical_001,694e94943eba5ec86f88e0f45b9a3be0ea739723f70d5cd41dfd57894d84bdea
1143,28.575,0.356,1.3391,True,7,mechanical_001,694e94943eba5ec86f88e0f45b9a3be0ea739723f70d5cd41dfd57894d84bdea
1144,28.6,0.3563,1.333,True,7,mechanical_001,694e94943eba5ec86f88e0f45b9a3be0ea739723f70d5cd41dfd57894d84bdea
1145,28.625,0.3566,1.3303,True,7,mechanical_001,694e94943eba5ec86f88e0f45b9a3be0ea739723f70d5cd41dfd57894d84bdea
1146,28.65,0.3569,1.328,True,7,mechanical_001,694e94943eba5ec86f88e0f45b9a3be0ea739723f70d5cd41dfd57894d84bdea
1147,28.675,0.3572,1.3164,True,7,mechanical_001,694e94943eba5ec86f88e0f45b9a3be0ea739723f70d5cd41dfd57894d84bdea
1148,28.7,0.3575,1.3087,True,7,mechanical_001,694e94943eba5ec86f88e0f45b9a3be0ea739723f70d5cd41dfd57894d84bdea
1149,28.725,0.3578,1.3034,True,7,mechanical_001,694e94943eba5ec86f88e0f45b9a3be0ea739723f70d5cd41dfd57894d84bdea
1150,28.75,0.3581,1.2988,True,7,mechanical_001,694e94943eba5ec86f88e0f45b9a3be0ea739723f70d5cd41dfd57894d84bdea
1151,28.775,0.3584,1.2921,True,7,mechanical_001,694e94943eba5ec86f88e0f45b9a3be0ea739723f70d5cd41dfd57894d84bdea
1152,28.8,0.3587,1.2868,True,7,mechanical_001,694e94943eba5ec86f88e0f45b9a3be0ea739723f70d5cd41dfd57894d84bdea
1153,28.825,0.359,1.2819,True,7,mechanical_001,694e94943eba5ec86f88e0f45b9a3be0ea739723f70d5cd41dfd57894d84bdea
1154,28.85,0.3593,1.2757,True,7,mechanical_001,694e94943eba5ec86f88e0f45b9a3be0ea739723f70d5cd41dfd57894d84bdea
1155,28.875,0.3596,1.2706,True,7,mechanical_001,694e94943eba5ec86f88e0f45b9a3be0ea739723f70d5cd41dfd57894d84bdea
1156,28.9,0.3599,1.2666,True,7,mechanical_001,694e94943eba5ec86f88e0f45b9a3be0ea739723f70d5cd41dfd57894d84bdea
1157,28.925,0.3602,1.2502,True,7,mechanical_001,694e94943eba5ec86f88e0f45b9a3be0ea739723f70d5cd41dfd57894d84bdea
1158,28.95,0.3605,1.2121,True,7,mechanical_001,694e94943eba5ec86f88e0f45b9a3be0ea739723f70d5cd41dfd57894d84bdea
1159,28.975,0.3608,1.1957,True,7,mechanical_001,694e94943eba5ec86f88e0f45b9a3be0ea739723f70d5cd41dfd57894d84bdea
1160,29.0,0.3611,1.1932,True,7,mechanical_001,694e94943eba5ec86f88e0f45b9a3be0ea739723f70d5cd41dfd57894d84bdea
1161,29.025,0.3614,1.1904,True,7,mechanical_001,694e94943eba5ec86f88e0f45b9a3be0ea739723f70d5cd41dfd57894d84bdea
1162,29.05,0.3618,1.1873,True,7,mechanical_001,694e94943eba5ec86f88e0f45b9a3be0ea739723f70d5cd41dfd57894d84bdea
1163,29.075,0.3621,1.185,True,7,mechanical_001,694e94943eba5ec86f88e0f45b9a3be0ea739723f70d5cd41dfd57894d84bdea
1164,29.1,0.3624,1.1825,True,7,mechanical_001,694e94943eba5ec86f88e0f45b9a3be0ea739723f70d5cd41dfd57894d84bdea
1165,29.125,0.3627,1.1796,True,7,mechanical_001,694e94943eba5ec86f88e0f45b9a3be0ea739723f70d5cd41dfd57894d84bdea
1166,29.15,0.363,1.1796,True,7,mechanical_001,694e94943eba5ec86f88e0f45b9a3be0ea739723f70d5cd41dfd57894d84bdea
1167,29.175,0.3633,1.1796,True,7,mechanical_001,694e94943eba5ec86f88e0f45b9a3be0ea739723f70d5cd41dfd57894d84bdea
1168,29.2,0.3636,1.1776,True,7,mechanical_001,694e94943eba5ec86f88e0f45b9a3be0ea739723f70d5cd41dfd57894d84bdea
1169,29.225,0.3639,1.1783,True,7,mechanical_001,694e94943eba5ec86f88e0f45b9a3be0ea739723f70d5cd41dfd57894d84bdea
1170,29.25,0.3642,1.1855,True,7,mechanical_001,694e94943eba5ec86f88e0f45b9a3be0ea739723f70d5cd41dfd57894d84bdea
1171,29.275,0.3646,1.1879,True,7,mechanical_001,694e94943eba5ec86f88e0f45b9a3be0ea739723f70d5cd41dfd57894d84bdea
1172,29.3,0.3649,1.1881,True,7,mechanical_001,694e94943eba5ec86f88e0f45b9a3be0ea739723f70d5cd41dfd57894d84bdea
1173,29.325,0.3652,1.1894,True,7,mechanical_001,694e94943eba5ec86f88e0f45b9a3be0ea739723f70d5cd41dfd57894d84bdea
1174,29.35,0.3655,1.1914,True,7,mechanical_001,694e94943eba5ec86f88e0f45b9a3be0ea739723f70d5cd41dfd57894d84bdea
1175,29.375,0.3658,1.1899,True,7,mechanical_001,694e94943eba5ec86f88e0f45b9a3be0ea739723f70d5cd41dfd57894d84bdea
1176,29.4,0.3661,1.1891,True,7,mechanical_001,694e94943eba5ec86f88e0f45b9a3be0ea739723f70d5cd41dfd57894d84bdea
1177,29.425,0.3664,1.1914,True,7,mechanical_001,694e94943eba5ec86f88e0f45b9a3be0ea739723f70d5cd41dfd57894d84bdea
1178,29.45,0.3667,1.1944,True,7,mechanical_001,694e94943eba5ec86f88e0f45b9a3be0ea739723f70d5cd41dfd57894d84bdea
1179,29.475,0.367,1.1935,True,7,mechanical_001,694e94943eba5ec86f88e0f45b9a3be0ea739723f70d5cd41dfd57894d84bdea
1180,29.5,0.3673,1.188,True,7,mechanical_001,694e94943eba5ec86f88e0f45b9a3be0ea739723f70d5cd41dfd57894d84bdea
1181,29.525,0.3677,1.1816,True,7,mechanical_001,694e94943eba5ec86f88e0f45b9a3be0ea739723f70d5cd41dfd57894d84bdea
1182,29.55,0.368,1.1785,True,7,mechanical_001,694e94943eba5ec86f88e0f45b9a3be0ea739723f70d5cd41dfd57894d84bdea
1183,29.575,0.3683,1.1778,True,7,mechanical_001,694e94943eba5ec86f88e0f45b9a3be0ea739723f70d5cd41dfd57894d84bdea
1184,29.6,0.3686,1.1791,True,7,mechanical_001,694e94943eba5ec86f88e0f45b9a3be0ea739723f70d5cd41dfd57894d84bdea
1185,29.625,0.3689,1.1828,True,7,mechanical_001,694e94943eba5ec86f88e0f45b9a3be0ea739723f70d5cd41dfd57894d84bdea
1186,29.65,0.3692,1.1848,True,7,mechanical_001,694e94943eba5ec86f88e0f45b9a3be0ea739723f70d5cd41dfd57894d84bdea
1187,29.675,0.3696,1.1875,True,7,mechanical_001,694e94943eba5ec86f88e0f45b9a3be0ea739723f70d5cd41dfd57894d84bdea
1188,29.7,0.3699,1.1903,True,7,mechanical_001,694e94943eba5ec86f88e0f45b9a3be0ea739723f70d5cd41dfd57894d84bdea
1189,29.725,0.3702,1.1921,True,7,mechanical_001,694e94943eba5ec86f88e0f45b9a3be0ea739723f70d5cd41dfd57894d84bdea
1190,29.75,0.3705,1.1945,True,7,mechanical_001,694e94943eba5ec86f88e0f45b9a3be0ea739723f70d5cd41dfd57894d84bdea
1191,29.775,0.3708,1.1971,True,7,mechanical_001,694e94943eba5ec86f88e0f45b9a3be0ea739723f70d5cd41dfd57894d84bdea
1192,29.8,0.3711,1.188,True,7,mechanical_001,694e94943eba5ec86f88e0f45b9a3be0ea739723f70d5cd41dfd57894d84bdea
1193,29.825,0.3714,1.1778,True,7,mechanical_001,694e94943eba5ec86f88e0f45b9a3be0ea739723f70d5cd41dfd57894d84bdea
1194,29.85,0.3717,1.1775,True,7,mechanical_001,694e94943eba5ec86f88e0f45b9a3be0ea739723f70d5cd41dfd57894d84bdea
1195,29.875,0.3721,1.1826,True,7,mechanical_001,694e94943eba5ec86f88e0f45b9a3be0ea739723f70d5cd41dfd57894d84bdea
1196,29.9,0.3724,1.1846,True,7,mechanical_001,694e94943eba5ec86f88e0f45b9a3be0ea739723f70d5cd41dfd57894d84bdea
1197,29.925,0.3727,1.1838,True,7,mechanical_001,694e94943eba5ec86f88e0f45b9a3be0ea739723f70d5cd41dfd57894d84bdea
1198,29.95,0.373,1.1862,True,7,mechanical_001,694e94943eba5ec86f88e0f45b9a3be0ea739723f70d5cd41dfd57894d84bdea
1199,29.975,0.3733,1.192,True,7,mechanical_001,694e94943eba5ec86f88e0f45b9a3be0ea739723f70d5cd41dfd57894d84bdea
1200,30.0,0.3737,1.1968,True,7,mechanical_001,694e94943eba5ec86f88e0f45b9a3be0ea739723f70d5cd41dfd57894d84bdea
1201,30.025,0.374,1.1999,True,7,mechanical_001,694e94943eba5ec86f88e0f45b9a3be0ea739723f70d5cd41dfd57894d84bdea
1202,30.05,0.3743,1.2054,True,7,mechanical_001,694e94943eba5ec86f88e0f45b9a3be0ea739723f70d5cd41dfd57894d84bdea
1203,30.075,0.3746,1.2112,True,7,mechanical_001,694e94943eba5ec86f88e0f45b9a3be0ea739723f70d5cd41dfd57894d84bdea
1204,30.1,0.375,1.2191,True,7,mechanical_001,694e94943eba5ec86f88e0f45b9a3be0ea739723f70d5cd41dfd57894d84bdea
1205,30.125,0.3753,1.227,True,7,mechanical_001,694e94943eba5ec86f88e0f45b9a3be0ea739723f70d5cd41dfd57894d84bdea
1206,30.15,0.3757,1.2334,True,7,mechanical_001,694e94943eba5ec86f88e0f45b9a3be0ea739723f70d5cd41dfd57894d84bdea
1207,30.175,0.376,1.237,True,7,mechanical_001,694e94943eba5ec86f88e0f45b9a3be0ea739723f70d5cd41dfd57894d84bdea
1208,30.2,0.3763,1.2382,True,7,mechanical_001,694e94943eba5ec86f88e0f45b9a3be0ea739723f70d5cd41dfd57894d84bdea
1209,30.225,0.3767,1.234,True,7,mechanical_001,694e94943eba5ec86f88e0f45b9a3be0ea739723f70d5cd41dfd57894d84bdea
1210,30.25,0.377,1.2275,True,7,mechanical_001,694e94943eba5ec86f88e0f45b9a3be0ea739723f70d5cd41dfd57894d84bdea
1211,30.275,0.3773,1.2206,True,7,mechanical_001,694e94943eba5ec86f88e0f45b9a3be0ea739723f70d5cd41dfd57894d84bdea
1212,30.3,0.3776,1.2136,True,7,mechanical_001,694e94943eba5ec86f88e0f45b9a3be0ea739723f70d5cd41dfd57894d84bdea
1213,30.325,0.3779,1.2062,True,7,mechanical_001,694e94943eba5ec86f88e0f45b9a3be0ea739723f70d5cd41dfd57894d84bdea
1214,30.35,0.3782,1.1977,True,7,mechanical_001,694e94943eba5ec86f88e0f45b9a3be0ea739723f70d5cd41dfd57894d84bdea
1215,30.375,0.3785,1.1919,True,7,mechanical_001,694e94943eba5ec86f88e0f45b9a3be0ea739723f70d5cd41dfd57894d84bdea
1216,30.4,0.3788,1.1863,True,7,mechanical_001,694e94943eba5ec86f88e0f45b9a3be0ea739723f70d5cd41dfd57894d84bdea
1217,30.425,0.3791,1.18,True,7,mechanical_001,694e94943eba5ec86f88e0f45b9a3be0ea739723f70d5cd41dfd57894d84bdea
1218,30.45,0.3794,1.1765,True,7,mechanical_001,694e94943eba5ec86f88e0f45b9a3be0ea739723f70d5cd41dfd57894d84bdea
1219,30.475,0.3798,1.1703,True,7,mechanical_001,694e94943eba5ec86f88e0f45b9a3be0ea739723f70d5cd41dfd57894d84bdea
1220,30.5,0.3801,1.1637,True,7,mechanical_001,694e94943eba5ec86f88e0f45b9a3be0ea739723f70d5cd41dfd57894d84bdea
1221,30.525,0.3804,1.1585,True,7,mechanical_001,694e94943eba5ec86f88e0f45b9a3be0ea739723f70d5cd41dfd57894d84bdea
1222,30.55,0.3807,1.1522,True,7,mechanical_001,694e94943eba5ec86f88e0f45b9a3be0ea739723f70d5cd41dfd57894d84bdea
1223,30.575,0.381,1.1446,True,7,mechanical_001,694e94943eba5ec86f88e0f45b9a3be0ea739723f70d5cd41dfd57894d84bdea
1224,30.6,0.3813,1.1381,True,7,mechanical_001,694e94943eba5ec86f88e0f45b9a3be0ea739723f70d5cd41dfd57894d84bdea
1225,30.625,0.3816,1.1308,True,7,mechanical_001,694e94943eba5ec86f88e0f45b9a3be0ea739723f70d5cd41dfd57894d84bdea
1226,30.65,0.3819,1.1276,True,7,mechanical_001,694e94943eba5ec86f88e0f45b9a3be0ea739723f70d5cd41dfd57894d84bdea
1227,30.675,0.3822,1.1255,True,7,mechanical_001,694e94943eba5ec86f88e0f45b9a3be0ea739723f70d5cd41dfd57894d84bdea
1228,30.7,0.3826,1.1213,True,7,mechanical_001,694e94943eba5ec86f88e0f45b9a3be0ea739723f70d5cd41dfd57894d84bdea
1229,30.725,0.3829,1.1162,True,7,mechanical_001,694e94943eba5ec86f88e0f45b9a3be0ea739723f70d5cd41dfd57894d84bdea
1230,30.75,0.3832,1.1075,True,7,mechanical_001,694e94943eba5ec86f88e0f45b9a3be0ea739723f70d5cd41dfd57894d84bdea
1231,30.775,0.3835,1.0995,True,7,mechanical_001,694e94943eba5ec86f88e0f45b9a3be0ea739723f70d5cd41dfd57894d84bdea
1232,30.8,0.3838,1.0883,True,7,mechanical_001,694e94943eba5ec86f88e0f45b9a3be0ea739723f70d5cd41dfd57894d84bdea
1233,30.825,0.3841,1.0776,True,7,mechanical_001,694e94943eba5ec86f88e0f45b9a3be0ea739723f70d5cd41dfd57894d84bdea
1234,30.85,0.3843,1.0687,True,7,mechanical_001,694e94943eba5ec86f88e0f45b9a3be0ea739723f70d5cd41dfd57894d84bdea
1235,30.875,0.3846,1.0579,True,7,mechanical_001,694e94943eba5ec86f88e0f45b9a3be0ea739723f70d5cd41dfd57894d84bdea
1236,30.9,0.3849,1.0502,True,7,mechanical_001,694e94943eba5ec86f88e0f45b9a3be0ea739723f70d5cd41dfd57894d84bdea
1237,30.925,0.3852,1.0475,True,7,mechanical_001,694e94943eba5ec86f88e0f45b9a3be0ea739723f70d5cd41dfd57894d84bdea
1238,30.95,0.3855,1.0457,True,7,mechanical_001,694e94943eba5ec86f88e0f45b9a3be0ea739723f70d5cd41dfd57894d84bdea
1239,30.975,0.3858,1.0466,True,7,mechanical_001,694e94943eba5ec86f88e0f45b9a3be0ea739723f70d5cd41dfd57894d84bdea
1240,31.0,0.3861,1.0507,True,7,mechanical_001,694e94943eba5ec86f88e0f45b9a3be0ea739723f70d5cd41dfd57894d84bdea
1241,31.025,0.3865,1.0547,True,7,mechanical_001,694e94943eba5ec86f88e0f45b9a3be0ea739723f70d5cd41dfd57894d84bdea
1242,31.05,0.3868,1.057,True,7,mechanical_001,694e94943eba5ec86f88e0f45b9a3be0ea739723f70d5cd41dfd57894d84bdea
1243,31.075,0.3871,1.0606,True,7,mechanical_001,694e94943eba5ec86f88e0f45b9a3be0ea739723f70d5cd41dfd57894d84bdea
1244,31.1,0.3875,1.0648,True,7,mechanical_001,694e94943eba5ec86f88e0f45b9a3be0ea739723f70d5cd41dfd57894d84bdea
1245,31.125,0.3878,1.0685,True,7,mechanical_001,694e94943eba5ec86f88e0f45b9a3be0ea739723f70d5cd41dfd57894d84bdea
1246,31.15,0.3881,1.0702,True,7,mechanical_001,694e94943eba5ec86f88e0f45b9a3be0ea739723f70d5cd41dfd57894d84bdea
1247,31.175,0.3884,1.0688,True,7,mechanical_001,694e94943eba5ec86f88e0f45b9a3be0ea739723f70d5cd41dfd57894d84bdea
1248,31.2,0.3888,1.0668,True,7,mechanical_001,694e94943eba5ec86f88e0f45b9a3be0ea739723f70d5cd41dfd57894d84bdea
1249,31.225,0.3891,1.0665,True,7,mechanical_001,694e94943eba5ec86f88e0f45b9a3be0ea739723f70d5cd41dfd57894d84bdea
1250,31.25,0.3894,1.0654,True,7,mechanical_001,694e94943eba5ec86f88e0f45b9a3be0ea739723f70d5cd41dfd57894d84bdea
1251,31.275,0.3897,1.0663,True,7,mechanical_001,694e94943eba5ec86f88e0f45b9a3be0ea739723f70d5cd41dfd57894d84bdea
1252,31.3,0.39,1.0675,True,7,mechanical_001,694e94943eba5ec86f88e0f45b9a3be0ea739723f70d5cd41dfd57894d84bdea
1253,31.325,0.3904,1.0678,True,7,mechanical_001,694e94943eba5ec86f88e0f45b9a3be0ea739723f70d5cd41dfd57894d84bdea
1254,31.35,0.3907,1.0657,True,7,mechanical_001,694e94943eba5ec86f88e0f45b9a3be0ea739723f70d5cd41dfd57894d84bdea
1255,31.375,0.391,1.0648,True,7,mechanical_001,694e94943eba5ec86f88e0f45b9a3be0ea739723f70d5cd41dfd57894d84bdea
1256,31.4,0.3913,1.0656,True,7,mechanical_001,694e94943eba5ec86f88e0f45b9a3be0ea739723f70d5cd41dfd57894d84bdea
1257,31.425,0.3916,1.0644,True,7,mechanical_001,694e94943eba5ec86f88e0f45b9a3be0ea739723f70d5cd41dfd57894d84bdea
1258,31.45,0.3919,1.062,True,7,mechanical_001,694e94943eba5ec86f88e0f45b9a3be0ea739723f70d5cd41dfd57894d84bdea
1259,31.475,0.3922,1.0623,True,7,mechanical_001,694e94943eba5ec86f88e0f45b9a3be0ea739723f70d5cd41dfd57894d84bdea
1260,31.5,0.3925,1.0647,True,7,mechanical_001,694e94943eba5ec86f88e0f45b9a3be0ea739723f70d5cd41dfd57894d84bdea
1261,31.525,0.3929,1.0684,True,7,mechanical_001,694e94943eba5ec86f88e0f45b9a3be0ea739723f70d5cd41dfd57894d84bdea
1262,31.55,0.3932,1.0714,True,7,mechanical_001,694e94943eba5ec86f88e0f45b9a3be0ea739723f70d5cd41dfd57894d84bdea
1263,31.575,0.3935,1.0725,True,7,mechanical_001,694e94943eba5ec86f88e0f45b9a3be0ea739723f70d5cd41dfd57894d84bdea
1264,31.6,0.3938,1.0709,True,7,mechanical_001,694e94943eba5ec86f88e0f45b9a3be0ea739723f70d5cd41dfd57894d84bdea
1265,31.625,0.3941,1.0711,True,7,mechanical_001,694e94943eba5ec86f88e0f45b9a3be0ea739723f70d5cd41dfd57894d84bdea
1266,31.65,0.3943,1.0689,True,7,mechanical_001,694e94943eba5ec86f88e0f45b9a3be0ea739723f70d5cd41dfd57894d84bdea
1267,31.675,0.3946,1.0661,True,7,mechanical_001,694e94943eba5ec86f88e0f45b9a3be0ea739723f70d5cd41dfd57894d84bdea
1268,31.7,0.3949,1.065,True,7,mechanical_001,694e94943eba5ec86f88e0f45b9a3be0ea739723f70d5cd41dfd57894d84bdea
1269,31.725,0.3952,1.0653,True,7,mechanical_001,694e94943eba5ec86f88e0f45b9a3be0ea739723f70d5cd41dfd57894d84bdea
1270,31.75,0.3955,1.0653,True,7,mechanical_001,694e94943eba5ec86f88e0f45b9a3be0ea739723f70d5cd41dfd57894d84bdea
1271,31.775,0.3958,1.0666,True,7,mechanical_001,694e94943eba5ec86f88e0f45b9a3be0ea739723f70d5cd41dfd57894d84bdea
1272,31.8,0.3961,1.0707,True,7,mechanical_001,694e94943eba5ec86f88e0f45b9a3be0ea739723f70d5cd41dfd57894d84bdea
1273,31.825,0.3964,1.0728,True,7,mechanical_001,694e94943eba5ec86f88e0f45b9a3be0ea739723f70d5cd41dfd57894d84bdea
1274,31.85,0.3967,1.0707,True,7,mechanical_001,694e94943eba5ec86f88e0f45b9a3be0ea739723f70d5cd41dfd57894d84bdea
1275,31.875,0.397,1.0757,True,7,mechanical_001,694e94943eba5ec86f88e0f45b9a3be0ea739723f70d5cd41dfd57894d84bdea
1276,31.9,0.3974,1.0827,True,7,mechanical_001,694e94943eba5ec86f88e0f45b9a3be0ea739723f70d5cd41dfd57894d84bdea
1277,31.925,0.3977,1.091,True,7,mechanical_001,694e94943eba5ec86f88e0f45b9a3be0ea739723f70d5cd41dfd57894d84bdea
1278,31.95,0.398,1.0932,True,7,mechanical_001,694e94943eba5ec86f88e0f45b9a3be0ea739723f70d5cd41dfd57894d84bdea
1279,31.975,0.3983,1.0925,True,7,mechanical_001,694e94943eba5ec86f88e0f45b9a3be0ea739723f70d5cd41dfd57894d84bdea
1280,32.0,0.3986,1.0908,True,7,mechanical_001,694e94943eba5ec86f88e0f45b9a3be0ea739723f70d5cd41dfd57894d84bdea
1281,32.025,0.3989,1.0884,True,7,mechanical_001,694e94943eba5ec86f88e0f45b9a3be0ea739723f70d5cd41dfd57894d84bdea
1282,32.05,0.3992,1.0885,True,7,mechanical_001,694e94943eba5ec86f88e0f45b9a3be0ea739723f70d5cd41dfd57894d84bdea
1283,32.075,0.3996,1.0886,True,7,mechanical_001,694e94943eba5ec86f88e0f45b9a3be0ea739723f70d5cd41dfd57894d84bdea
1284,32.1,0.3999,1.0908,True,7,mechanical_001,694e94943eba5ec86f88e0f45b9a3be0ea739723f70d5cd41dfd57894d84bdea
1285,32.125,0.4002,1.0928,True,7,mechanical_001,694e94943eba5ec86f88e0f45b9a3be0ea739723f70d5cd41dfd57894d84bdea
1286,32.15,0.4005,1.0945,True,7,mechanical_001,694e94943eba5ec86f88e0f45b9a3be0ea739723f70d5cd41dfd57894d84bdea
1287,32.175,0.4008,1.0944,True,7,mechanical_001,694e94943eba5ec86f88e0f45b9a3be0ea739723f70d5cd41dfd57894d84bdea
1288,32.2,0.4011,1.0945,True,7,mechanical_001,694e94943eba5ec86f88e0f45b9a3be0ea739723f70d5cd41dfd57894d84bdea
1289,32.225,0.4014,1.0962,True,7,mechanical_001,694e94943eba5ec86f88e0f45b9a3be0ea739723f70d5cd41dfd57894d84bdea
1290,32.25,0.4017,1.0996,True,7,mechanical_001,694e94943eba5ec86f88e0f45b9a3be0ea739723f70d5cd41dfd57894d84bdea
1291,32.275,0.4021,1.1059,True,7,mechanical_001,694e94943eba5ec86f88e0f45b9a3be0ea739723f70d5cd41dfd57894d84bdea
1292,32.3,0.4024,1.1133,True,7,mechanical_001,694e94943eba5ec86f88e0f45b9a3be0ea739723f70d5cd41dfd57894d84bdea
1293,32.325,0.4027,1.1192,True,7,mechanical_001,694e94943eba5ec86f88e0f45b9a3be0ea739723f70d5cd41dfd57894d84bdea
1294,32.35,0.403,1.1256,True,7,mechanical_001,694e94943eba5ec86f88e0f45b9a3be0ea739723f70d5cd41dfd57894d84bdea
1295,32.375,0.4033,1.1288,True,7,mechanical_001,694e94943eba5ec86f88e0f45b9a3be0ea739723f70d5cd41dfd57894d84bdea
1296,32.4,0.4036,1.1306,True,7,mechanical_001,694e94943eba5ec86f88e0f45b9a3be0ea739723f70d5cd41dfd57894d84bdea
1297,32.425,0.4039,1.1325,True,7,mechanical_001,694e94943eba5ec86f88e0f45b9a3be0ea739723f70d5cd41dfd57894d84bdea
1298,32.45,0.4042,1.1357,True,7,mechanical_001,694e94943eba5ec86f88e0f45b9a3be0ea739723f70d5cd41dfd57894d84bdea
1299,32.475,0.4046,1.1413,True,7,mechanical_001,694e94943eba5ec86f88e0f45b9a3be0ea739723f70d5cd41dfd57894d84bdea
1300,32.5,0.4049,1.145,True,7,mechanical_001,694e94943eba5ec86f88e0f45b9a3be0ea739723f70d5cd41dfd57894d84bdea
1301,32.525,0.4052,1.1475,True,7,mechanical_001,694e94943eba5ec86f88e0f45b9a3be0ea739723f70d5cd41dfd57894d84bdea
1302,32.55,0.4055,1.1513,True,7,mechanical_001,694e94943eba5ec86f88e0f45b9a3be0ea739723f70d5cd41dfd57894d84bdea
1303,32.575,0.4058,1.1561,True,7,mechanical_001,694e94943eba5ec86f88e0f45b9a3be0ea739723f70d5cd41dfd57894d84bdea
1304,32.6,0.4061,1.1597,True,7,mechanical_001,694e94943eba5ec86f88e0f45b9a3be0ea739723f70d5cd41dfd57894d84bdea
1305,32.625,0.4064,1.1622,True,7,mechanical_001,694e94943eba5ec86f88e0f45b9a3be0ea739723f70d5cd41dfd57894d84bdea
1306,32.65,0.4067,1.1648,True,7,mechanical_001,694e94943eba5ec86f88e0f45b9a3be0ea739723f70d5cd41dfd57894d84bdea
1307,32.675,0.407,1.1666,True,7,mechanical_001,694e94943eba5ec86f88e0f45b9a3be0ea739723f70d5cd41dfd57894d84bdea
1308,32.7,0.4074,1.1704,True,7,mechanical_001,694e94943eba5ec86f88e0f45b9a3be0ea739723f70d5cd41dfd57894d84bdea
1309,32.725,0.4077,1.1738,True,7,mechanical_001,694e94943eba5ec86f88e0f45b9a3be0ea739723f70d5cd41dfd57894d84bdea
1310,32.75,0.408,1.1767,True,7,mechanical_001,694e94943eba5ec86f88e0f45b9a3be0ea739723f70d5cd41dfd57894d84bdea
1311,32.775,0.4083,1.1801,True,7,mechanical_001,694e94943eba5ec86f88e0f45b9a3be0ea739723f70d5cd41dfd57894d84bdea
1312,32.8,0.4086,1.1817,True,7,mechanical_001,694e94943eba5ec86f88e0f45b9a3be0ea739723f70d5cd41dfd57894d84bdea
1313,32.825,0.4089,1.1843,True,7,mechanical_001,694e94943eba5ec86f88e0f45b9a3be0ea739723f70d5cd41dfd57894d84bdea
1314,32.85,0.4092,1.1872,True,7,mechanical_001,694e94943eba5ec86f88e0f45b9a3be0ea739723f70d5cd41dfd57894d84bdea
1315,32.875,0.4096,1.1895,True,7,mechanical_001,694e94943eba5ec86f88e0f45b9a3be0ea739723f70d5cd41dfd57894d84bdea
1316,32.9,0.4099,1.1912,True,7,mechanical_001,694e94943eba5ec86f88e0f45b9a3be0ea739723f70d5cd41dfd57894d84bdea
1317,32.925,0.4102,1.1942,True,7,mechanical_001,694e94943eba5ec86f88e0f45b9a3be0ea739723f70d5cd41dfd57894d84bdea
1318,32.95,0.4105,1.196,True,7,mechanical_001,694e94943eba5ec86f88e0f45b9a3be0ea739723f70d5cd41dfd57894d84bdea
1319,32.975,0.4108,1.1969,True,7,mechanical_001,694e94943eba5ec86f88e0f45b9a3be0ea739723f70d5cd41dfd57894d84bdea
1320,33.0,0.4111,1.197,True,7,mechanical_001,694e94943eba5ec86f88e0f45b9a3be0ea739723f70d5cd41dfd57894d84bdea
1321,33.025,0.4114,1.1982,True,7,mechanical_001,694e94943eba5ec86f88e0f45b9a3be0ea739723f70d5cd41dfd57894d84bdea
1322,33.05,0.4117,1.2,True,7,mechanical_001,694e94943eba5ec86f88e0f45b9a3be0ea739723f70d5cd41dfd57894d84bdea
1323,33.075,0.4121,1.2004,True,7,mechanical_001,694e94943eba5ec86f88e0f45b9a3be0ea739723f70d5cd41dfd57894d84bdea
1324,33.1,0.4124,1.2009,True,7,mechanical_001,694e94943eba5ec86f88e0f45b9a3be0ea739723f70d5cd41dfd57894d84bdea
1325,33.125,0.4127,1.1996,True,7,mechanical_001,694e94943eba5ec86f88e0f45b9a3be0ea739723f70d5cd41dfd57894d84bdea
1326,33.15,0.413,1.1999,True,7,mechanical_001,694e94943eba5ec86f88e0f45b9a3be0ea739723f70d5cd41dfd57894d84bdea
1327,33.175,0.4133,1.2008,True,7,mechanical_001,694e94943eba5ec86f88e0f45b9a3be0ea739723f70d5cd41dfd57894d84bdea
1328,33.2,0.4136,1.2034,True,7,mechanical_001,694e94943eba5ec86f88e0f45b9a3be0ea739723f70d5cd41dfd57894d84bdea
1329,33.225,0.4139,1.2034,True,7,mechanical_001,694e94943eba5ec86f88e0f45b9a3be0ea739723f70d5cd41dfd57894d84bdea
1330,33.25,0.4143,1.2026,True,7,mechanical_001,694e94943eba5ec86f88e0f45b9a3be0ea739723f70d5cd41dfd57894d84bdea
1331,33.275,0.4146,1.2041,True,7,mechanical_001,694e94943eba5ec86f88e0f45b9a3be0ea739723f70d5cd41dfd57894d84bdea
1332,33.3,0.4149,1.2052,True,7,mechanical_001,694e94943eba5ec86f88e0f45b9a3be0ea739723f70d5cd41dfd57894d84bdea
1333,33.325,0.4152,1.2035,True,7,mechanical_001,694e94943eba5ec86f88e0f45b9a3be0ea739723f70d5cd41dfd57894d84bdea
1334,33.35,0.4155,1.2045,True,7,mechanical_001,694e94943eba5ec86f88e0f45b9a3be0ea739723f70d5cd41dfd57894d84bdea
1335,33.375,0.4158,1.2059,True,7,mechanical_001,694e94943eba5ec86f88e0f45b9a3be0ea739723f70d5cd41dfd57894d84bdea
1336,33.4,0.4162,1.2055,True,7,mechanical_001,694e94943eba5ec86f88e0f45b9a3be0ea739723f70d5cd41dfd57894d84bdea
1337,33.425,0.4165,1.2033,True,7,mechanical_001,694e94943eba5ec86f88e0f45b9a3be0ea739723f70d5cd41dfd57894d84bdea
1338,33.45,0.4168,1.2027,True,7,mechanical_001,694e94943eba5ec86f88e0f45b9a3be0ea739723f70d5cd41dfd57894d84bdea
1339,33.475,0.4171,1.2029,True,7,mechanical_001,694e94943eba5ec86f88e0f45b9a3be0ea739723f70d5cd41dfd57894d84bdea
1340,33.5,0.4174,1.1999,True,7,mechanical_001,694e94943eba5ec86f88e0f45b9a3be0ea739723f70d5cd41dfd57894d84bdea
1341,33.525,0.4177,1.1975,True,7,mechanical_001,694e94943eba5ec86f88e0f45b9a3be0ea739723f70d5cd41dfd57894d84bdea
1342,33.55,0.418,1.1978,True,7,mechanical_001,694e94943eba5ec86f88e0f45b9a3be0ea739723f70d5cd41dfd57894d84bdea
1343,33.575,0.4183,1.202,True,7,mechanical_001,694e94943eba5ec86f88e0f45b9a3be0ea739723f70d5cd41dfd57894d84bdea
1344,33.6,0.4186,1.2039,True,7,mechanical_001,694e94943eba5ec86f88e0f45b9a3be0ea739723f70d5cd41dfd57894d84bdea
1345,33.625,0.419,1.2069,True,7,mechanical_001,694e94943eba5ec86f88e0f45b9a3be0ea739723f70d5cd41dfd57894d84bdea
1346,33.65,0.4193,1.2094,True,7,mechanical_001,694e94943eba5ec86f88e0f45b9a3be0ea739723f70d5cd41dfd57894d84bdea
1347,33.675,0.4196,1.2098,True,7,mechanical_001,694e94943eba5ec86f88e0f45b9a3be0ea739723f70d5cd41dfd57894d84bdea
1348,33.7,0.4199,1.2088,True,7,mechanical_001,694e94943eba5ec86f88e0f45b9a3be0ea739723f70d5cd41dfd57894d84bdea
1349,33.725,0.4202,1.2071,True,7,mechanical_001,694e94943eba5ec86f88e0f45b9a3be0ea739723f70d5cd41dfd57894d84bdea
1350,33.75,0.4206,1.2041,True,7,mechanical_001,694e94943eba5ec86f88e0f45b9a3be0ea739723f70d5cd41dfd57894d84bdea
1351,33.775,0.4209,1.1993,True,7,mechanical_001,694e94943eba5ec86f88e0f45b9a3be0ea739723f70d5cd41dfd57894d84bdea
1352,33.8,0.4212,1.1948,True,7,mechanical_001,694e94943eba5ec86f88e0f45b9a3be0ea739723f70d5cd41dfd57894d84bdea
1353,33.825,0.4215,1.189,True,7,mechanical_001,694e94943eba5ec86f88e0f45b9a3be0ea739723f70d5cd41dfd57894d84bdea
1354,33.85,0.4218,1.1874,True,7,mechanical_001,694e94943eba5ec86f88e0f45b9a3be0ea739723f70d5cd41dfd57894d84bdea
1355,33.875,0.4221,1.1881,True,7,mechanical_001,694e94943eba5ec86f88e0f45b9a3be0ea739723f70d5cd41dfd57894d84bdea
1356,33.9,0.4224,1.1875,True,7,mechanical_001,694e94943eba5ec86f88e0f45b9a3be0ea739723f70d5cd41dfd57894d84bdea
1357,33.925,0.4227,1.1828,True,7,mechanical_001,694e94943eba5ec86f88e0f45b9a3be0ea739723f70d5cd41dfd57894d84bdea
1358,33.95,0.423,1.1789,True,7,mechanical_001,694e94943eba5ec86f88e0f45b9a3be0ea739723f70d5cd41dfd57894d84bdea
1359,33.975,0.4233,1.177,True,7,mechanical_001,694e94943eba5ec86f88e0f45b9a3be0ea739723f70d5cd41dfd57894d84bdea
1360,34.0,0.4237,1.176,True,7,mechanical_001,694e94943eba5ec86f88e0f45b9a3be0ea739723f70d5cd41dfd57894d84bdea
1361,34.025,0.424,1.1742,True,7,mechanical_001,694e94943eba5ec86f88e0f45b9a3be0ea739723f70d5cd41dfd57894d84bdea
1362,34.05,0.4243,1.1726,True,7,mechanical_001,694e94943eba5ec86f88e0f45b9a3be0ea739723f70d5cd41dfd57894d84bdea
1363,34.075,0.4246,1.1685,True,7,mechanical_001,694e94943eba5ec86f88e0f45b9a3be0ea739723f70d5cd41dfd57894d84bdea
1364,34.1,0.4249,1.1649,True,7,mechanical_001,694e94943eba5ec86f88e0f45b9a3be0ea739723f70d5cd41dfd57894d84bdea
1365,34.125,0.4252,1.1598,True,7,mechanical_001,694e94943eba5ec86f88e0f45b9a3be0ea739723f70d5cd41dfd57894d84bdea
1366,34.15,0.4255,1.1542,True,7,mechanical_001,694e94943eba5ec86f88e0f45b9a3be0ea739723f70d5cd41dfd57894d84bdea
1367,34.175,0.4258,1.1523,True,7,mechanical_001,694e94943eba5ec86f88e0f45b9a3be0ea739723f70d5cd41dfd57894d84bdea
1368,34.2,0.4262,1.1488,True,7,mechanical_001,694e94943eba5ec86f88e0f45b9a3be0ea739723f70d5cd41dfd57894d84bdea
1369,34.225,0.4265,1.1447,True,7,mechanical_001,694e94943eba5ec86f88e0f45b9a3be0ea739723f70d5cd41dfd57894d84bdea
1370,34.25,0.4268,1.1424,True,7,mechanical_001,694e94943eba5ec86f88e0f45b9a3be0ea739723f70d5cd41dfd57894d84bdea
1371,34.275,0.4271,1.1391,True,7,mechanical_001,694e94943eba5ec86f88e0f45b9a3be0ea739723f70d5cd41dfd57894d84bdea
1372,34.3,0.4274,1.1359,True,7,mechanical_001,694e94943eba5ec86f88e0f45b9a3be0ea739723f70d5cd41dfd57894d84bdea
1373,34.325,0.4277,1.1313,True,7,mechanical_001,694e94943eba5ec86f88e0f45b9a3be0ea739723f70d5cd41dfd57894d84bdea
1374,34.35,0.4281,1.1278,True,7,mechanical_001,694e94943eba5ec86f88e0f45b9a3be0ea739723f70d5cd41dfd57894d84bdea
1375,34.375,0.4284,1.1201,True,7,mechanical_001,694e94943eba5ec86f88e0f45b9a3be0ea739723f70d5cd41dfd57894d84bdea
1376,34.4,0.4287,1.1068,True,7,mechanical_001,694e94943eba5ec86f88e0f45b9a3be0ea739723f70d5cd41dfd57894d84bdea
1377,34.425,0.429,1.098,True,7,mechanical_001,694e94943eba5ec86f88e0f45b9a3be0ea739723f70d5cd41dfd57894d84bdea
1378,34.45,0.4293,1.0912,True,7,mechanical_001,694e94943eba5ec86f88e0f45b9a3be0ea739723f70d5cd41dfd57894d84bdea
1379,34.475,0.4296,1.0847,True,7,mechanical_001,694e94943eba5ec86f88e0f45b9a3be0ea739723f70d5cd41dfd57894d84bdea
1380,34.5,0.4299,1.0787,True,7,mechanical_001,694e94943eba5ec86f88e0f45b9a3be0ea739723f70d5cd41dfd57894d84bdea
1381,34.525,0.4302,1.0724,True,7,mechanical_001,694e94943eba5ec86f88e0f45b9a3be0ea739723f70d5cd41dfd57894d84bdea
1382,34.55,0.4305,1.0686,True,7,mechanical_001,694e94943eba5ec86f88e0f45b9a3be0ea739723f70d5cd41dfd57894d84bdea
1383,34.575,0.4309,1.0667,True,7,mechanical_001,694e94943eba5ec86f88e0f45b9a3be0ea739723f70d5cd41dfd57894d84bdea
1384,34.6,0.4312,1.0645,True,7,mechanical_001,694e94943eba5ec86f88e0f45b9a3be0ea739723f70d5cd41dfd57894d84bdea
1385,34.625,0.4315,1.0624,True,7,mechanical_001,694e94943eba5ec86f88e0f45b9a3be0ea739723f70d5cd41dfd57894d84bdea
1386,34.65,0.4318,1.0607,True,7,mechanical_001,694e94943eba5ec86f88e0f45b9a3be0ea739723f70d5cd41dfd57894d84bdea
1387,34.675,0.4321,1.058,True,7,mechanical_001,694e94943eba5ec86f88e0f45b9a3be0ea739723f70d5cd41dfd57894d84bdea
1388,34.7,0.4324,1.0548,True,7,mechanical_001,694e94943eba5ec86f88e0f45b9a3be0ea739723f70d5cd41dfd57894d84bdea
1389,34.725,0.4327,1.0545,True,7,mechanical_001,694e94943eba5ec86f88e0f45b9a3be0ea739723f70d5cd41dfd57894d84bdea
1390,34.75,0.433,1.0552,True,7,mechanical_001,694e94943eba5ec86f88e0f45b9a3be0ea739723f70d5cd41dfd57894d84bdea
1391,34.775,0.4333,1.0546,True,7,mechanical_001,694e94943eba5ec86f88e0f45b9a3be0ea739723f70d5cd41dfd57894d84bdea
1392,34.8,0.4336,1.0566,True,7,mechanical_001,694e94943eba5ec86f88e0f45b9a3be0ea739723f70d5cd41dfd57894d84bdea
1393,34.825,0.4339,1.0563,True,7,mechanical_001,694e94943eba5ec86f88e0f45b9a3be0ea739723f70d5cd41dfd57894d84bdea
1394,34.85,0.4343,1.0555,True,7,mechanical_001,694e94943eba5ec86f88e0f45b9a3be0ea739723f70d5cd41dfd57894d84bdea
1395,34.875,0.4346,1.0585,True,7,mechanical_001,694e94943eba5ec86f88e0f45b9a3be0ea739723f70d5cd41dfd57894d84bdea
1396,34.9,0.4349,1.0617,True,7,mechanical_001,694e94943eba5ec86f88e0f45b9a3be0ea739723f70d5cd41dfd57894d84bdea
1397,34.925,0.4352,1.0616,True,7,mechanical_001,694e94943eba5ec86f88e0f45b9a3be0ea739723f70d5cd41dfd57894d84bdea
1398,34.95,0.4355,1.0598,True,7,mechanical_001,694e94943eba5ec86f88e0f45b9a3be0ea739723f70d5cd41dfd57894d84bdea
1399,34.975,0.4358,1.058,True,7,mechanical_001,694e94943eba5ec86f88e0f45b9a3be0ea739723f70d5cd41dfd57894d84bdea
1400,35.0,0.4361,1.0579,True,7,mechanical_001,694e94943eba5ec86f88e0f45b9a3be0ea739723f70d5cd41dfd57894d84bdea
1401,35.025,0.4364,1.0586,True,7,mechanical_001,694e94943eba5ec86f88e0f45b9a3be0ea739723f70d5cd41dfd57894d84bdea
1402,35.05,0.4367,1.0616,True,7,mechanical_001,694e94943eba5ec86f88e0f45b9a3be0ea739723f70d5cd41dfd57894d84bdea
1403,35.075,0.437,1.067,True,7,mechanical_001,694e94943eba5ec86f88e0f45b9a3be0ea739723f70d5cd41dfd57894d84bdea
1404,35.1,0.4374,1.0719,True,7,mechanical_001,694e94943eba5ec86f88e0f45b9a3be0ea739723f70d5cd41dfd57894d84bdea
1405,35.125,0.4377,1.0765,True,7,mechanical_001,694e94943eba5ec86f88e0f45b9a3be0ea739723f70d5cd41dfd57894d84bdea
1406,35.15,0.438,1.0808,True,7,mechanical_001,694e94943eba5ec86f88e0f45b9a3be0ea739723f70d5cd41dfd57894d84bdea
1407,35.175,0.4383,1.0861,True,7,mechanical_001,694e94943eba5ec86f88e0f45b9a3be0ea739723f70d5cd41dfd57894d84bdea
1408,35.2,0.4386,1.0898,True,7,mechanical_001,694e94943eba5ec86f88e0f45b9a3be0ea739723f70d5cd41dfd57894d84bdea
1409,35.225,0.4389,1.0916,True,7,mechanical_001,694e94943eba5ec86f88e0f45b9a3be0ea739723f70d5cd41dfd57894d84bdea
1410,35.25,0.4392,1.0949,True,7,mechanical_001,694e94943eba5ec86f88e0f45b9a3be0ea739723f70d5cd41dfd57894d84bdea
1411,35.275,0.4395,1.0967,True,7,mechanical_001,694e94943eba5ec86f88e0f45b9a3be0ea739723f70d5cd41dfd57894d84bdea
1412,35.3,0.4398,1.0982,True,7,mechanical_001,694e94943eba5ec86f88e0f45b9a3be0ea739723f70d5cd41dfd57894d84bdea
1413,35.325,0.4401,1.0896,True,7,mechanical_001,694e94943eba5ec86f88e0f45b9a3be0ea739723f70d5cd41dfd57894d84bdea
1414,35.35,0.4404,1.0753,True,7,mechanical_001,694e94943eba5ec86f88e0f45b9a3be0ea739723f70d5cd41dfd57894d84bdea
1415,35.375,0.4407,1.0687,True,7,mechanical_001,694e94943eba5ec86f88e0f45b9a3be0ea739723f70d5cd41dfd57894d84bdea
1416,35.4,0.441,1.0682,True,7,mechanical_001,694e94943eba5ec86f88e0f45b9a3be0ea739723f70d5cd41dfd57894d84bdea
1417,35.425,0.4413,1.0724,True,7,mechanical_001,694e94943eba5ec86f88e0f45b9a3be0ea739723f70d5cd41dfd57894d84bdea
1418,35.45,0.4417,1.0776,True,7,mechanical_001,694e94943eba5ec86f88e0f45b9a3be0ea739723f70d5cd41dfd57894d84bdea
1419,35.475,0.442,1.0818,True,7,mechanical_001,694e94943eba5ec86f88e0f45b9a3be0ea739723f70d5cd41dfd57894d84bdea
1420,35.5,0.4423,1.0852,True,7,mechanical_001,694e94943eba5ec86f88e0f45b9a3be0ea739723f70d5cd41dfd57894d84bdea
1421,35.525,0.4426,1.0862,True,7,mechanical_001,694e94943eba5ec86f88e0f45b9a3be0ea739723f70d5cd41dfd57894d84bdea
1422,35.55,0.4429,1.0892,True,7,mechanical_001,694e94943eba5ec86f88e0f45b9a3be0ea739723f70d5cd41dfd57894d84bdea
1423,35.575,0.4432,1.0983,True,7,mechanical_001,694e94943eba5ec86f88e0f45b9a3be0ea739723f70d5cd41dfd57894d84bdea
1424,35.6,0.4436,1.1074,True,7,mechanical_001,694e94943eba5ec86f88e0f45b9a3be0ea739723f70d5cd41dfd57894d84bdea
1425,35.625,0.4439,1.1124,True,7,mechanical_001,694e94943eba5ec86f88e0f45b9a3be0ea739723f70d5cd41dfd57894d84bdea
1426,35.65,0.4442,1.112,True,7,mechanical_001,694e94943eba5ec86f88e0f45b9a3be0ea739723f70d5cd41dfd57894d84bdea
1427,35.675,0.4445,1.1148,True,7,mechanical_001,694e94943eba5ec86f88e0f45b9a3be0ea739723f70d5cd41dfd57894d84bdea
1428,35.7,0.4449,1.1204,True,7,mechanical_001,694e94943eba5ec86f88e0f45b9a3be0ea739723f70d5cd41dfd57894d84bdea
1429,35.725,0.4452,1.1224,True,7,mechanical_001,694e94943eba5ec86f88e0f45b9a3be0ea739723f70d5cd41dfd57894d84bdea
1430,35.75,0.4455,1.1242,True,7,mechanical_001,694e94943eba5ec86f88e0f45b9a3be0ea739723f70d5cd41dfd57894d84bdea
1431,35.775,0.4458,1.1268,True,7,mechanical_001,694e94943eba5ec86f88e0f45b9a3be0ea739723f70d5cd41dfd57894d84bdea
1432,35.8,0.4461,1.1269,True,7,mechanical_001,694e94943eba5ec86f88e0f45b9a3be0ea739723f70d5cd41dfd57894d84bdea
1433,35.825,0.4465,1.1306,True,7,mechanical_001,694e94943eba5ec86f88e0f45b9a3be0ea739723f70d5cd41dfd57894d84bdea
1434,35.85,0.4468,1.1318,True,7,mechanical_001,694e94943eba5ec86f88e0f45b9a3be0ea739723f70d5cd41dfd57894d84bdea
1435,35.875,0.4471,1.1354,True,7,mechanical_001,694e94943eba5ec86f88e0f45b9a3be0ea739723f70d5cd41dfd57894d84bdea
1436,35.9,0.4474,1.1406,True,7,mechanical_001,694e94943eba5ec86f88e0f45b9a3be0ea739723f70d5cd41dfd57894d84bdea
1437,35.925,0.4477,1.1462,True,7,mechanical_001,694e94943eba5ec86f88e0f45b9a3be0ea739723f70d5cd41dfd57894d84bdea
1438,35.95,0.448,1.1506,True,7,mechanical_001,694e94943eba5ec86f88e0f45b9a3be0ea739723f70d5cd41dfd57894d84bdea
1439,35.975,0.4483,1.1585,True,7,mechanical_001,694e94943eba5ec86f88e0f45b9a3be0ea739723f70d5cd41dfd57894d84bdea
1440,36.0,0.4487,1.1694,True,7,mechanical_001,694e94943eba5ec86f88e0f45b9a3be0ea739723f70d5cd41dfd57894d84bdea
1441,36.025,0.449,1.1786,True,7,mechanical_001,694e94943eba5ec86f88e0f45b9a3be0ea739723f70d5cd41dfd57894d84bdea
1442,36.05,0.4493,1.1889,True,7,mechanical_001,694e94943eba5ec86f88e0f45b9a3be0ea739723f70d5cd41dfd57894d84bdea
1443,36.075,0.4497,1.1979,True,7,mechanical_001,694e94943eba5ec86f88e0f45b9a3be0ea739723f70d5cd41dfd57894d84bdea
1444,36.1,0.45,1.2086,True,7,mechanical_001,694e94943eba5ec86f88e0f45b9a3be0ea739723f70d5cd41dfd57894d84bdea
1445,36.125,0.4504,1.2154,True,7,mechanical_001,694e94943eba5ec86f88e0f45b9a3be0ea739723f70d5cd41dfd57894d84bdea
1446,36.15,0.4507,1.2187,True,7,mechanical_001,694e94943eba5ec86f88e0f45b9a3be0ea739723f70d5cd41dfd57894d84bdea
1447,36.175,0.4511,1.2207,True,7,mechanical_001,694e94943eba5ec86f88e0f45b9a3be0ea739723f70d5cd41dfd57894d84bdea
1448,36.2,0.4514,1.219,True,7,mechanical_001,694e94943eba5ec86f88e0f45b9a3be0ea739723f70d5cd41dfd57894d84bdea
1449,36.225,0.4517,1.2187,True,7,mechanical_001,694e94943eba5ec86f88e0f45b9a3be0ea739723f70d5cd41dfd57894d84bdea
1450,36.25,0.452,1.2181,True,7,mechanical_001,694e94943eba5ec86f88e0f45b9a3be0ea739723f70d5cd41dfd57894d84bdea
1451,36.275,0.4523,1.2189,True,7,mechanical_001,694e94943eba5ec86f88e0f45b9a3be0ea739723f70d5cd41dfd57894d84bdea
1452,36.3,0.4526,1.2231,True,7,mechanical_001,694e94943eba5ec86f88e0f45b9a3be0ea739723f70d5cd41dfd57894d84bdea
1453,36.325,0.4529,1.2294,True,7,mechanical_001,694e94943eba5ec86f88e0f45b9a3be0ea739723f70d5cd41dfd57894d84bdea
1454,36.35,0.4532,1.2364,True,7,mechanical_001,694e94943eba5ec86f88e0f45b9a3be0ea739723f70d5cd41dfd57894d84bdea
1455,36.375,0.4535,1.2461,True,7,mechanical_001,694e94943eba5ec86f88e0f45b9a3be0ea739723f70d5cd41dfd57894d84bdea
1456,36.4,0.4538,1.2555,True,7,mechanical_001,694e94943eba5ec86f88e0f45b9a3be0ea739723f70d5cd41dfd57894d84bdea
1457,36.425,0.4541,1.2632,True,7,mechanical_001,694e94943eba5ec86f88e0f45b9a3be0ea739723f70d5cd41dfd57894d84bdea
1458,36.45,0.4545,1.2703,True,7,mechanical_001,694e94943eba5ec86f88e0f45b9a3be0ea739723f70d5cd41dfd57894d84bdea
1459,36.475,0.4548,1.276,True,7,mechanical_001,694e94943eba5ec86f88e0f45b9a3be0ea739723f70d5cd41dfd57894d84bdea
1460,36.5,0.4551,1.2804,True,7,mechanical_001,694e94943eba5ec86f88e0f45b9a3be0ea739723f70d5cd41dfd57894d84bdea
1461,36.525,0.4554,1.2834,True,7,mechanical_001,694e94943eba5ec86f88e0f45b9a3be0ea739723f70d5cd41dfd57894d84bdea
1462,36.55,0.4557,1.2857,True,7,mechanical_001,694e94943eba5ec86f88e0f45b9a3be0ea739723f70d5cd41dfd57894d84bdea
1463,36.575,0.456,1.2886,True,7,mechanical_001,694e94943eba5ec86f88e0f45b9a3be0ea739723f70d5cd41dfd57894d84bdea
1464,36.6,0.4563,1.2867,True,7,mechanical_001,694e94943eba5ec86f88e0f45b9a3be0ea739723f70d5cd41dfd57894d84bdea
1465,36.625,0.4566,1.2879,True,7,mechanical_001,694e94943eba5ec86f88e0f45b9a3be0ea739723f70d5cd41dfd57894d84bdea
1466,36.65,0.4569,1.2894,True,7,mechanical_001,694e94943eba5ec86f88e0f45b9a3be0ea739723f70d5cd41dfd57894d84bdea
1467,36.675,0.4572,1.2928,True,7,mechanical_001,694e94943eba5ec86f88e0f45b9a3be0ea739723f70d5cd41dfd57894d84bdea
1468,36.7,0.4575,1.2968,True,7,mechanical_001,694e94943eba5ec86f88e0f45b9a3be0ea739723f70d5cd41dfd57894d84bdea
1469,36.725,0.4579,1.3018,True,7,mechanical_001,694e94943eba5ec86f88e0f45b9a3be0ea739723f70d5cd41dfd57894d84bdea
1470,36.75,0.4582,1.3068,True,7,mechanical_001,694e94943eba5ec86f88e0f45b9a3be0ea739723f70d5cd41dfd57894d84bdea
1471,36.775,0.4585,1.314,True,7,mechanical_001,694e94943eba5ec86f88e0f45b9a3be0ea739723f70d5cd41dfd57894d84bdea
1472,36.8,0.4588,1.3208,True,7,mechanical_001,694e94943eba5ec86f88e0f45b9a3be0ea739723f70d5cd41dfd57894d84bdea
1473,36.825,0.4591,1.3255,True,7,mechanical_001,694e94943eba5ec86f88e0f45b9a3be0ea739723f70d5cd41dfd57894d84bdea
1474,36.85,0.4594,1.3309,True,7,mechanical_001,694e94943eba5ec86f88e0f45b9a3be0ea739723f70d5cd41dfd57894d84bdea
1475,36.875,0.4597,1.3357,True,7,mechanical_001,694e94943eba5ec86f88e0f45b9a3be0ea739723f70d5cd41dfd57894d84bdea
1476,36.9,0.46,1.3389,True,7,mechanical_001,694e94943eba5ec86f88e0f45b9a3be0ea739723f70d5cd41dfd57894d84bdea
1477,36.925,0.4604,1.3422,True,7,mechanical_001,694e94943eba5ec86f88e0f45b9a3be0ea739723f70d5cd41dfd57894d84bdea
1478,36.95,0.4607,1.3498,True,7,mechanical_001,694e94943eba5ec86f88e0f45b9a3be0ea739723f70d5cd41dfd57894d84bdea
1479,36.975,0.461,1.3545,True,7,mechanical_001,694e94943eba5ec86f88e0f45b9a3be0ea739723f70d5cd41dfd57894d84bdea
1480,37.0,0.4613,1.3613,True,7,mechanical_001,694e94943eba5ec86f88e0f45b9a3be0ea739723f70d5cd41dfd57894d84bdea
1481,37.025,0.4616,1.3662,True,7,mechanical_001,694e94943eba5ec86f88e0f45b9a3be0ea739723f70d5cd41dfd57894d84bdea
1482,37.05,0.4619,1.3712,True,7,mechanical_001,694e94943eba5ec86f88e0f45b9a3be0ea739723f70d5cd41dfd57894d84bdea
1483,37.075,0.4622,1.3764,True,7,mechanical_001,694e94943eba5ec86f88e0f45b9a3be0ea739723f70d5cd41dfd57894d84bdea
1484,37.1,0.4626,1.3779,True,7,mechanical_001,694e94943eba5ec86f88e0f45b9a3be0ea739723f70d5cd41dfd57894d84bdea
1485,37.125,0.4629,1.3802,True,7,mechanical_001,694e94943eba5ec86f88e0f45b9a3be0ea739723f70d5cd41dfd57894d84bdea
1486,37.15,0.4632,1.3841,True,7,mechanical_001,694e94943eba5ec86f88e0f45b9a3be0ea739723f70d5cd41dfd57894d84bdea
1487,37.175,0.4635,1.387,True,7,mechanical_001,694e94943eba5ec86f88e0f45b9a3be0ea739723f70d5cd41dfd57894d84bdea
1488,37.2,0.4638,1.3881,True,7,mechanical_001,694e94943eba5ec86f88e0f45b9a3be0ea739723f70d5cd41dfd57894d84bdea
1489,37.225,0.4641,1.389,True,7,mechanical_001,694e94943eba5ec86f88e0f45b9a3be0ea739723f70d5cd41dfd57894d84bdea
1490,37.25,0.4644,1.3917,True,7,mechanical_001,694e94943eba5ec86f88e0f45b9a3be0ea739723f70d5cd41dfd57894d84bdea
1491,37.275,0.4647,1.3918,True,7,mechanical_001,694e94943eba5ec86f88e0f45b9a3be0ea739723f70d5cd41dfd57894d84bdea
1492,37.3,0.4649,1.3913,True,7,mechanical_001,694e94943eba5ec86f88e0f45b9a3be0ea739723f70d5cd41dfd57894d84bdea
1493,37.325,0.4652,1.3883,True,7,mechanical_001,694e94943eba5ec86f88e0f45b9a3be0ea739723f70d5cd41dfd57894d84bdea
1494,37.35,0.4655,1.3877,True,7,mechanical_001,694e94943eba5ec86f88e0f45b9a3be0ea739723f70d5cd41dfd57894d84bdea
1495,37.375,0.4658,1.3924,True,7,mechanical_001,694e94943eba5ec86f88e0f45b9a3be0ea739723f70d5cd41dfd57894d84bdea
1496,37.4,0.4661,1.3977,True,7,mechanical_001,694e94943eba5ec86f88e0f45b9a3be0ea739723f70d5cd41dfd57894d84bdea
1497,37.425,0.4664,1.405,True,7,mechanical_001,694e94943eba5ec86f88e0f45b9a3be0ea739723f70d5cd41dfd57894d84bdea
1498,37.45,0.4667,1.4139,True,7,mechanical_001,694e94943eba5ec86f88e0f45b9a3be0ea739723f70d5cd41dfd57894d84bdea
1499,37.475,0.467,1.4204,True,7,mechanical_001,694e94943eba5ec86f88e0f45b9a3be0ea739723f70d5cd41dfd57894d84bdea
1500,37.5,0.4674,1.4264,True,7,mechanical_001,694e94943eba5ec86f88e0f45b9a3be0ea739723f70d5cd41dfd57894d84bdea
1501,37.525,0.4677,1.4295,True,7,mechanical_001,694e94943eba5ec86f88e0f45b9a3be0ea739723f70d5cd41dfd57894d84bdea
1502,37.55,0.468,1.4327,True,7,mechanical_001,694e94943eba5ec86f88e0f45b9a3be0ea739723f70d5cd41dfd57894d84bdea
1503,37.575,0.4683,1.4353,True,7,mechanical_001,694e94943eba5ec86f88e0f45b9a3be0ea739723f70d5cd41dfd57894d84bdea
1504,37.6,0.4686,1.44,True,7,mechanical_001,694e94943eba5ec86f88e0f45b9a3be0ea739723f70d5cd41dfd57894d84bdea
1505,37.625,0.4689,1.4437,True,7,mechanical_001,694e94943eba5ec86f88e0f45b9a3be0ea739723f70d5cd41dfd57894d84bdea
1506,37.65,0.4692,1.4455,True,7,mechanical_001,694e94943eba5ec86f88e0f45b9a3be0ea739723f70d5cd41dfd57894d84bdea
1507,37.675,0.4695,1.4481,True,7,mechanical_001,694e94943eba5ec86f88e0f45b9a3be0ea739723f70d5cd41dfd57894d84bdea
1508,37.7,0.4698,1.4537,True,7,mechanical_001,694e94943eba5ec86f88e0f45b9a3be0ea739723f70d5cd41dfd57894d84bdea
1509,37.725,0.4701,1.4604,True,7,mechanical_001,694e94943eba5ec86f88e0f45b9a3be0ea739723f70d5cd41dfd57894d84bdea
1510,37.75,0.4704,1.4676,True,7,mechanical_001,694e94943eba5ec86f88e0f45b9a3be0ea739723f70d5cd41dfd57894d84bdea
1511,37.775,0.4708,1.474,True,7,mechanical_001,694e94943eba5ec86f88e0f45b9a3be0ea739723f70d5cd41dfd57894d84bdea
1512,37.8,0.4711,1.4826,True,7,mechanical_001,694e94943eba5ec86f88e0f45b9a3be0ea739723f70d5cd41dfd57894d84bdea
1513,37.825,0.4714,1.4862,True,7,mechanical_001,694e94943eba5ec86f88e0f45b9a3be0ea739723f70d5cd41dfd57894d84bdea
1514,37.85,0.4717,1.4882,True,7,mechanical_001,694e94943eba5ec86f88e0f45b9a3be0ea739723f70d5cd41dfd57894d84bdea
1515,37.875,0.472,1.4914,True,7,mechanical_001,694e94943eba5ec86f88e0f45b9a3be0ea739723f70d5cd41dfd57894d84bdea
1516,37.9,0.4723,1.4947,True,7,mechanical_001,694e94943eba5ec86f88e0f45b9a3be0ea739723f70d5cd41dfd57894d84bdea
1517,37.925,0.4726,1.4975,True,7,mechanical_001,694e94943eba5ec86f88e0f45b9a3be0ea739723f70d5cd41dfd57894d84bdea
1518,37.95,0.4729,1.501,True,7,mechanical_001,694e94943eba5ec86f88e0f45b9a3be0ea739723f70d5cd41dfd57894d84bdea
1519,37.975,0.4733,1.5052,True,7,mechanical_001,694e94943eba5ec86f88e0f45b9a3be0ea739723f70d5cd41dfd57894d84bdea
1520,38.0,0.4736,1.5079,True,7,mechanical_001,694e94943eba5ec86f88e0f45b9a3be0ea739723f70d5cd41dfd57894d84bdea
1521,38.025,0.4738,1.5113,True,7,mechanical_001,694e94943eba5ec86f88e0f45b9a3be0ea739723f70d5cd41dfd57894d84bdea
1522,38.05,0.4742,1.516,True,7,mechanical_001,694e94943eba5ec86f88e0f45b9a3be0ea739723f70d5cd41dfd57894d84bdea
1523,38.075,0.4745,1.522,True,7,mechanical_001,694e94943eba5ec86f88e0f45b9a3be0ea739723f70d5cd41dfd57894d84bdea
1524,38.1,0.4748,1.5265,True,7,mechanical_001,694e94943eba5ec86f88e0f45b9a3be0ea739723f70d5cd41dfd57894d84bdea
1525,38.125,0.4751,1.5324,True,7,mechanical_001,694e94943eba5ec86f88e0f45b9a3be0ea739723f70d5cd41dfd57894d84bdea
1526,38.15,0.4754,1.5387,True,7,mechanical_001,694e94943eba5ec86f88e0f45b9a3be0ea739723f70d5cd41dfd57894d84bdea
1527,38.175,0.4757,1.5456,True,7,mechanical_001,694e94943eba5ec86f88e0f45b9a3be0ea739723f70d5cd41dfd57894d84bdea
1528,38.2,0.476,1.5539,True,7,mechanical_001,694e94943eba5ec86f88e0f45b9a3be0ea739723f70d5cd41dfd57894d84bdea
1529,38.225,0.4764,1.5639,True,7,mechanical_001,694e94943eba5ec86f88e0f45b9a3be0ea739723f70d5cd41dfd57894d84bdea
1530,38.25,0.4767,1.5708,True,7,mechanical_001,694e94943eba5ec86f88e0f45b9a3be0ea739723f70d5cd41dfd57894d84bdea
1531,38.275,0.477,1.5729,True,7,mechanical_001,694e94943eba5ec86f88e0f45b9a3be0ea739723f70d5cd41dfd57894d84bdea
1532,38.3,0.4773,1.5743,True,7,mechanical_001,694e94943eba5ec86f88e0f45b9a3be0ea739723f70d5cd41dfd57894d84bdea
1533,38.325,0.4776,1.574,True,7,mechanical_001,694e94943eba5ec86f88e0f45b9a3be0ea739723f70d5cd41dfd57894d84bdea
1534,38.35,0.4779,1.5739,True,7,mechanical_001,694e94943eba5ec86f88e0f45b9a3be0ea739723f70d5cd41dfd57894d84bdea
1535,38.375,0.4782,1.5784,True,7,mechanical_001,694e94943eba5ec86f88e0f45b9a3be0ea739723f70d5cd41dfd57894d84bdea
1536,38.4,0.4785,1.5846,True,7,mechanical_001,694e94943eba5ec86f88e0f45b9a3be0ea739723f70d5cd41dfd57894d84bdea
1537,38.425,0.4788,1.5888,True,7,mechanical_001,694e94943eba5ec86f88e0f45b9a3be0ea739723f70d5cd41dfd57894d84bdea
1538,38.45,0.4791,1.5963,True,7,mechanical_001,694e94943eba5ec86f88e0f45b9a3be0ea739723f70d5cd41dfd57894d84bdea
1539,38.475,0.4795,1.6058,True,7,mechanical_001,694e94943eba5ec86f88e0f45b9a3be0ea739723f70d5cd41dfd57894d84bdea
1540,38.5,0.4798,1.6194,True,7,mechanical_001,694e94943eba5ec86f88e0f45b9a3be0ea739723f70d5cd41dfd57894d84bdea
1541,38.525,0.4802,1.632,True,7,mechanical_001,694e94943eba5ec86f88e0f45b9a3be0ea739723f70d5cd41dfd57894d84bdea
1542,38.55,0.4805,1.6415,True,7,mechanical_001,694e94943eba5ec86f88e0f45b9a3be0ea739723f70d5cd41dfd57894d84bdea
1543,38.575,0.4809,1.6489,True,7,mechanical_001,694e94943eba5ec86f88e0f45b9a3be0ea739723f70d5cd41dfd57894d84bdea
1544,38.6,0.4812,1.6539,True,7,mechanical_001,694e94943eba5ec86f88e0f45b9a3be0ea739723f70d5cd41dfd57894d84bdea
1545,38.625,0.4815,1.6575,True,7,mechanical_001,694e94943eba5ec86f88e0f45b9a3be0ea739723f70d5cd41dfd57894d84bdea
1546,38.65,0.4819,1.6632,True,7,mechanical_001,694e94943eba5ec86f88e0f45b9a3be0ea739723f70d5cd41dfd57894d84bdea
1547,38.675,0.4822,1.669,True,7,mechanical_001,694e94943eba5ec86f88e0f45b9a3be0ea739723f70d5cd41dfd57894d84bdea
1548,38.7,0.4826,1.6769,True,7,mechanical_001,694e94943eba5ec86f88e0f45b9a3be0ea739723f70d5cd41dfd57894d84bdea
1549,38.725,0.4829,1.6815,True,7,mechanical_001,694e94943eba5ec86f88e0f45b9a3be0ea739723f70d5cd41dfd57894d84bdea
1550,38.75,0.4832,1.6858,True,7,mechanical_001,694e94943eba5ec86f88e0f45b9a3be0ea739723f70d5cd41dfd57894d84bdea
1551,38.775,0.4836,1.6864,True,7,mechanical_001,694e94943eba5ec86f88e0f45b9a3be0ea739723f70d5cd41dfd57894d84bdea
1552,38.8,0.4839,1.685,True,7,mechanical_001,694e94943eba5ec86f88e0f45b9a3be0ea739723f70d5cd41dfd57894d84bdea
1553,38.825,0.4842,1.6846,True,7,mechanical_001,694e94943eba5ec86f88e0f45b9a3be0ea739723f70d5cd41dfd57894d84bdea
1554,38.85,0.4845,1.6871,True,7,mechanical_001,694e94943eba5ec86f88e0f45b9a3be0ea739723f70d5cd41dfd57894d84bdea
1555,38.875,0.4848,1.6892,True,7,mechanical_001,694e94943eba5ec86f88e0f45b9a3be0ea739723f70d5cd41dfd57894d84bdea
1556,38.9,0.4851,1.6947,True,7,mechanical_001,694e94943eba5ec86f88e0f45b9a3be0ea739723f70d5cd41dfd57894d84bdea
1557,38.925,0.4854,1.7015,True,7,mechanical_001,694e94943eba5ec86f88e0f45b9a3be0ea739723f70d5cd41dfd57894d84bdea
1558,38.95,0.4858,1.7069,True,7,mechanical_001,694e94943eba5ec86f88e0f45b9a3be0ea739723f70d5cd41dfd57894d84bdea
1559,38.975,0.4861,1.7117,True,7,mechanical_001,694e94943eba5ec86f88e0f45b9a3be0ea739723f70d5cd41dfd57894d84bdea
1560,39.0,0.4864,1.7161,True,7,mechanical_001,694e94943eba5ec86f88e0f45b9a3be0ea739723f70d5cd41dfd57894d84bdea
1561,39.025,0.4867,1.7202,True,7,mechanical_001,694e94943eba5ec86f88e0f45b9a3be0ea739723f70d5cd41dfd57894d84bdea
1562,39.05,0.487,1.7228,True,7,mechanical_001,694e94943eba5ec86f88e0f45b9a3be0ea739723f70d5cd41dfd57894d84bdea
1563,39.075,0.4873,1.7257,True,7,mechanical_001,694e94943eba5ec86f88e0f45b9a3be0ea739723f70d5cd41dfd57894d84bdea
1564,39.1,0.4877,1.7287,True,7,mechanical_001,694e94943eba5ec86f88e0f45b9a3be0ea739723f70d5cd41dfd57894d84bdea
1565,39.125,0.488,1.7329,True,7,mechanical_001,694e94943eba5ec86f88e0f45b9a3be0ea739723f70d5cd41dfd57894d84bdea
1566,39.15,0.4883,1.7387,True,7,mechanical_001,694e94943eba5ec86f88e0f45b9a3be0ea739723f70d5cd41dfd57894d84bdea
1567,39.175,0.4886,1.7441,True,7,mechanical_001,694e94943eba5ec86f88e0f45b9a3be0ea739723f70d5cd41dfd57894d84bdea
1568,39.2,0.4889,1.7501,True,7,mechanical_001,694e94943eba5ec86f88e0f45b9a3be0ea739723f70d5cd41dfd57894d84bdea
1569,39.225,0.4892,1.7545,True,7,mechanical_001,694e94943eba5ec86f88e0f45b9a3be0ea739723f70d5cd41dfd57894d84bdea
1570,39.25,0.4896,1.7597,True,7,mechanical_001,694e94943eba5ec86f88e0f45b9a3be0ea739723f70d5cd41dfd57894d84bdea
1571,39.275,0.4899,1.7641,True,7,mechanical_001,694e94943eba5ec86f88e0f45b9a3be0ea739723f70d5cd41dfd57894d84bdea
1572,39.3,0.4902,1.7658,True,7,mechanical_001,694e94943eba5ec86f88e0f45b9a3be0ea739723f70d5cd41dfd57894d84bdea
1573,39.325,0.4905,1.7658,True,7,mechanical_001,694e94943eba5ec86f88e0f45b9a3be0ea739723f70d5cd41dfd57894d84bdea
1574,39.35,0.4908,1.765,True,7,mechanical_001,694e94943eba5ec86f88e0f45b9a3be0ea739723f70d5cd41dfd57894d84bdea
1575,39.375,0.491,1.7661,True,7,mechanical_001,694e94943eba5ec86f88e0f45b9a3be0ea739723f70d5cd41dfd57894d84bdea
1576,39.4,0.4913,1.7706,True,7,mechanical_001,694e94943eba5ec86f88e0f45b9a3be0ea739723f70d5cd41dfd57894d84bdea
1577,39.425,0.4916,1.7756,True,7,mechanical_001,694e94943eba5ec86f88e0f45b9a3be0ea739723f70d5cd41dfd57894d84bdea
1578,39.45,0.4919,1.7828,True,7,mechanical_001,694e94943eba5ec86f88e0f45b9a3be0ea739723f70d5cd41dfd57894d84bdea
1579,39.475,0.4923,1.7909,True,7,mechanical_001,694e94943eba5ec86f88e0f45b9a3be0ea739723f70d5cd41dfd57894d84bdea
1580,39.5,0.4926,1.8,True,7,mechanical_001,694e94943eba5ec86f88e0f45b9a3be0ea739723f70d5cd41dfd57894d84bdea
1581,39.525,0.4929,1.8069,True,7,mechanical_001,694e94943eba5ec86f88e0f45b9a3be0ea739723f70d5cd41dfd57894d84bdea
1582,39.55,0.4932,1.8121,True,7,mechanical_001,694e94943eba5ec86f88e0f45b9a3be0ea739723f70d5cd41dfd57894d84bdea
1583,39.575,0.4935,1.8179,True,7,mechanical_001,694e94943eba5ec86f88e0f45b9a3be0ea739723f70d5cd41dfd57894d84bdea
1584,39.6,0.4938,1.8211,True,7,mechanical_001,694e94943eba5ec86f88e0f45b9a3be0ea739723f70d5cd41dfd57894d84bdea
1585,39.625,0.4941,1.8237,True,7,mechanical_001,694e94943eba5ec86f88e0f45b9a3be0ea739723f70d5cd41dfd57894d84bdea
1586,39.65,0.4944,1.826,True,7,mechanical_001,694e94943eba5ec86f88e0f45b9a3be0ea739723f70d5cd41dfd57894d84bdea
1587,39.675,0.4947,1.8298,True,7,mechanical_001,694e94943eba5ec86f88e0f45b9a3be0ea739723f70d5cd41dfd57894d84bdea
1588,39.7,0.4951,1.8328,True,7,mechanical_001,694e94943eba5ec86f88e0f45b9a3be0ea739723f70d5cd41dfd57894d84bdea
1589,39.725,0.4954,1.8371,True,7,mechanical_001,694e94943eba5ec86f88e0f45b9a3be0ea739723f70d5cd41dfd57894d84bdea
1590,39.75,0.4957,1.8427,True,7,mechanical_001,694e94943eba5ec86f88e0f45b9a3be0ea739723f70d5cd41dfd57894d84bdea
1591,39.775,0.496,1.8508,True,7,mechanical_001,694e94943eba5ec86f88e0f45b9a3be0ea739723f70d5cd41dfd57894d84bdea
1592,39.8,0.4963,1.857,True,7,mechanical_001,694e94943eba5ec86f88e0f45b9a3be0ea739723f70d5cd41dfd57894d84bdea
1593,39.825,0.4966,1.8627,True,7,mechanical_001,694e94943eba5ec86f88e0f45b9a3be0ea739723f70d5cd41dfd57894d84bdea
1594,39.85,0.4969,1.8678,True,7,mechanical_001,694e94943eba5ec86f88e0f45b9a3be0ea739723f70d5cd41dfd57894d84bdea
1595,39.875,0.4972,1.8731,True,7,mechanical_001,694e94943eba5ec86f88e0f45b9a3be0ea739723f70d5cd41dfd57894d84bdea
1596,39.9,0.4976,1.8773,True,7,mechanical_001,694e94943eba5ec86f88e0f45b9a3be0ea739723f70d5cd41dfd57894d84bdea
1597,39.925,0.4979,1.883,True,7,mechanical_001,694e94943eba5ec86f88e0f45b9a3be0ea739723f70d5cd41dfd57894d84bdea
1598,39.95,0.4982,1.889,True,7,mechanical_001,694e94943eba5ec86f88e0f45b9a3be0ea739723f70d5cd41dfd57894d84bdea
1599,39.975,0.4985,1.8935,True,7,mechanical_001,694e94943eba5ec86f88e0f45b9a3be0ea739723f70d5cd41dfd57894d84bdea
1600,40.0,0.4988,1.898,True,7,mechanical_001,694e94943eba5ec86f88e0f45b9a3be0ea739723f70d5cd41dfd57894d84bdea
1601,40.025,0.4991,1.901,True,7,mechanical_001,694e94943eba5ec86f88e0f45b9a3be0ea739723f70d5cd41dfd57894d84bdea
1602,40.05,0.4994,1.9065,True,7,mechanical_001,694e94943eba5ec86f88e0f45b9a3be0ea739723f70d5cd41dfd57894d84bdea
1603,40.075,0.4997,1.9121,True,7,mechanical_001,694e94943eba5ec86f88e0f45b9a3be0ea739723f70d5cd41dfd57894d84bdea
1604,40.1,0.5,1.9149,True,7,mechanical_001,694e94943eba5ec86f88e0f45b9a3be0ea739723f70d5cd41dfd57894d84bdea
1605,40.125,0.5003,1.9173,True,7,mechanical_001,694e94943eba5ec86f88e0f45b9a3be0ea739723f70d5cd41dfd57894d84bdea
1606,40.15,0.5006,1.9189,True,7,mechanical_001,694e94943eba5ec86f88e0f45b9a3be0ea739723f70d5cd41dfd57894d84bdea
1607,40.175,0.5009,1.9224,True,7,mechanical_001,694e94943eba5ec86f88e0f45b9a3be0ea739723f70d5cd41dfd57894d84bdea
1608,40.2,0.5012,1.9309,True,7,mechanical_001,694e94943eba5ec86f88e0f45b9a3be0ea739723f70d5cd41dfd57894d84bdea
1609,40.225,0.5015,1.9389,True,7,mechanical_001,694e94943eba5ec86f88e0f45b9a3be0ea739723f70d5cd41dfd57894d84bdea
1610,40.25,0.5018,1.945,True,7,mechanical_001,694e94943eba5ec86f88e0f45b9a3be0ea739723f70d5cd41dfd57894d84bdea
1611,40.275,0.5021,1.9516,True,7,mechanical_001,694e94943eba5ec86f88e0f45b9a3be0ea739723f70d5cd41dfd57894d84bdea
1612,40.3,0.5024,1.9583,True,7,mechanical_001,694e94943eba5ec86f88e0f45b9a3be0ea739723f70d5cd41dfd57894d84bdea
1613,40.325,0.5027,1.9639,True,7,mechanical_001,694e94943eba5ec86f88e0f45b9a3be0ea739723f70d5cd41dfd57894d84bdea
1614,40.35,0.5031,1.9696,True,7,mechanical_001,694e94943eba5ec86f88e0f45b9a3be0ea739723f70d5cd41dfd57894d84bdea
1615,40.375,0.5034,1.9765,True,7,mechanical_001,694e94943eba5ec86f88e0f45b9a3be0ea739723f70d5cd41dfd57894d84bdea
1616,40.4,0.5037,1.9802,True,7,mechanical_001,694e94943eba5ec86f88e0f45b9a3be0ea739723f70d5cd41dfd57894d84bdea
1617,40.425,0.504,1.9838,True,7,mechanical_001,694e94943eba5ec86f88e0f45b9a3be0ea739723f70d5cd41dfd57894d84bdea
1618,40.45,0.5043,1.9898,True,7,mechanical_001,694e94943eba5ec86f88e0f45b9a3be0ea739723f70d5cd41dfd57894d84bdea
1619,40.475,0.5046,1.992,True,7,mechanical_001,694e94943eba5ec86f88e0f45b9a3be0ea739723f70d5cd41dfd57894d84bdea
1620,40.5,0.5049,1.996,True,7,mechanical_001,694e94943eba5ec86f88e0f45b9a3be0ea739723f70d5cd41dfd57894d84bdea
1621,40.525,0.5052,1.9992,True,7,mechanical_001,694e94943eba5ec86f88e0f45b9a3be0ea739723f70d5cd41dfd57894d84bdea
1622,40.55,0.5055,2.0061,True,7,mechanical_001,694e94943eba5ec86f88e0f45b9a3be0ea739723f70d5cd41dfd57894d84bdea
1623,40.575,0.5058,2.0121,True,7,mechanical_001,694e94943eba5ec86f88e0f45b9a3be0ea739723f70d5cd41dfd57894d84bdea
1624,40.6,0.5061,2.0165,True,7,mechanical_001,694e94943eba5ec86f88e0f45b9a3be0ea739723f70d5cd41dfd57894d84bdea
1625,40.625,0.5065,2.0229,True,7,mechanical_001,694e94943eba5ec86f88e0f45b9a3be0ea739723f70d5cd41dfd57894d84bdea
1626,40.65,0.5068,2.0275,True,7,mechanical_001,694e94943eba5ec86f88e0f45b9a3be0ea739723f70d5cd41dfd57894d84bdea
1627,40.675,0.5071,2.0313,True,7,mechanical_001,694e94943eba5ec86f88e0f45b9a3be0ea739723f70d5cd41dfd57894d84bdea
1628,40.7,0.5074,2.0359,True,7,mechanical_001,694e94943eba5ec86f88e0f45b9a3be0ea739723f70d5cd41dfd57894d84bdea
1629,40.725,0.5077,2.0386,True,7,mechanical_001,694e94943eba5ec86f88e0f45b9a3be0ea739723f70d5cd41dfd57894d84bdea
1630,40.75,0.508,2.0403,True,7,mechanical_001,694e94943eba5ec86f88e0f45b9a3be0ea739723f70d5cd41dfd57894d84bdea
1631,40.775,0.5083,2.0431,True,7,mechanical_001,694e94943eba5ec86f88e0f45b9a3be0ea739723f70d5cd41dfd57894d84bdea
1632,40.8,0.5086,2.0467,True,7,mechanical_001,694e94943eba5ec86f88e0f45b9a3be0ea739723f70d5cd41dfd57894d84bdea
1633,40.825,0.509,2.0502,True,7,mechanical_001,694e94943eba5ec86f88e0f45b9a3be0ea739723f70d5cd41dfd57894d84bdea
1634,40.85,0.5093,2.0574,True,7,mechanical_001,694e94943eba5ec86f88e0f45b9a3be0ea739723f70d5cd41dfd57894d84bdea
1635,40.875,0.5096,2.0643,True,7,mechanical_001,694e94943eba5ec86f88e0f45b9a3be0ea739723f70d5cd41dfd57894d84bdea
1636,40.9,0.5099,2.0725,True,7,mechanical_001,694e94943eba5ec86f88e0f45b9a3be0ea739723f70d5cd41dfd57894d84bdea
1637,40.925,0.5102,2.079,True,7,mechanical_001,694e94943eba5ec86f88e0f45b9a3be0ea739723f70d5cd41dfd57894d84bdea
1638,40.95,0.5105,2.0862,True,7,mechanical_001,694e94943eba5ec86f88e0f45b9a3be0ea739723f70d5cd41dfd57894d84bdea
1639,40.975,0.5109,2.092,True,7,mechanical_001,694e94943eba5ec86f88e0f45b9a3be0ea739723f70d5cd41dfd57894d84bdea
1640,41.0,0.5112,2.1018,True,7,mechanical_001,694e94943eba5ec86f88e0f45b9a3be0ea739723f70d5cd41dfd57894d84bdea
1641,41.025,0.5115,2.1119,True,7,mechanical_001,694e94943eba5ec86f88e0f45b9a3be0ea739723f70d5cd41dfd57894d84bdea
1642,41.05,0.5119,2.1208,True,7,mechanical_001,694e94943eba5ec86f88e0f45b9a3be0ea739723f70d5cd41dfd57894d84bdea
1643,41.075,0.5122,2.128,True,7,mechanical_001,694e94943eba5ec86f88e0f45b9a3be0ea739723f70d5cd41dfd57894d84bdea
1644,41.1,0.5126,2.1356,True,7,mechanical_001,694e94943eba5ec86f88e0f45b9a3be0ea739723f70d5cd41dfd57894d84bdea
1645,41.125,0.5129,2.1399,True,7,mechanical_001,694e94943eba5ec86f88e0f45b9a3be0ea739723f70d5cd41dfd57894d84bdea
1646,41.15,0.5132,2.1411,True,7,mechanical_001,694e94943eba5ec86f88e0f45b9a3be0ea739723f70d5cd41dfd57894d84bdea
1647,41.175,0.5135,2.1385,True,7,mechanical_001,694e94943eba5ec86f88e0f45b9a3be0ea739723f70d5cd41dfd57894d84bdea
1648,41.2,0.5139,2.1364,True,7,mechanical_001,694e94943eba5ec86f88e0f45b9a3be0ea739723f70d5cd41dfd57894d84bdea
1649,41.225,0.5142,2.1348,True,7,mechanical_001,694e94943eba5ec86f88e0f45b9a3be0ea739723f70d5cd41dfd57894d84bdea
1650,41.25,0.5145,2.1363,True,7,mechanical_001,694e94943eba5ec86f88e0f45b9a3be0ea739723f70d5cd41dfd57894d84bdea
1651,41.275,0.5148,2.1382,True,7,mechanical_001,694e94943eba5ec86f88e0f45b9a3be0ea739723f70d5cd41dfd57894d84bdea
1652,41.3,0.5151,2.1372,True,7,mechanical_001,694e94943eba5ec86f88e0f45b9a3be0ea739723f70d5cd41dfd57894d84bdea
1653,41.325,0.5154,2.1402,True,7,mechanical_001,694e94943eba5ec86f88e0f45b9a3be0ea739723f70d5cd41dfd57894d84bdea
1654,41.35,0.5157,2.1452,True,7,mechanical_001,694e94943eba5ec86f88e0f45b9a3be0ea739723f70d5cd41dfd57894d84bdea
1655,41.375,0.516,2.146,True,7,mechanical_001,694e94943eba5ec86f88e0f45b9a3be0ea739723f70d5cd41dfd57894d84bdea
1656,41.4,0.5163,2.1462,True,7,mechanical_001,694e94943eba5ec86f88e0f45b9a3be0ea739723f70d5cd41dfd57894d84bdea
1657,41.425,0.5166,2.1471,True,7,mechanical_001,694e94943eba5ec86f88e0f45b9a3be0ea739723f70d5cd41dfd57894d84bdea
1658,41.45,0.5169,2.1471,True,7,mechanical_001,694e94943eba5ec86f88e0f45b9a3be0ea739723f70d5cd41dfd57894d84bdea
1659,41.475,0.5172,2.1495,True,7,mechanical_001,694e94943eba5ec86f88e0f45b9a3be0ea739723f70d5cd41dfd57894d84bdea
1660,41.5,0.5176,2.1528,True,7,mechanical_001,694e94943eba5ec86f88e0f45b9a3be0ea739723f70d5cd41dfd57894d84bdea
1661,41.525,0.5179,2.1563,True,7,mechanical_001,694e94943eba5ec86f88e0f45b9a3be0ea739723f70d5cd41dfd57894d84bdea
1662,41.55,0.5182,2.163,True,7,mechanical_001,694e94943eba5ec86f88e0f45b9a3be0ea739723f70d5cd41dfd57894d84bdea
1663,41.575,0.5185,2.1681,True,7,mechanical_001,694e94943eba5ec86f88e0f45b9a3be0ea739723f70d5cd41dfd57894d84bdea
1664,41.6,0.5188,2.1654,True,7,mechanical_001,694e94943eba5ec86f88e0f45b9a3be0ea739723f70d5cd41dfd57894d84bdea
1665,41.625,0.5191,2.165,True,7,mechanical_001,694e94943eba5ec86f88e0f45b9a3be0ea739723f70d5cd41dfd57894d84bdea
1666,41.65,0.5194,2.1666,True,7,mechanical_001,694e94943eba5ec86f88e0f45b9a3be0ea739723f70d5cd41dfd57894d84bdea
1667,41.675,0.5197,2.171,True,7,mechanical_001,694e94943eba5ec86f88e0f45b9a3be0ea739723f70d5cd41dfd57894d84bdea
1668,41.7,0.52,2.1741,True,7,mechanical_001,694e94943eba5ec86f88e0f45b9a3be0ea739723f70d5cd41dfd57894d84bdea
1669,41.725,0.5203,2.1764,True,7,mechanical_001,694e94943eba5ec86f88e0f45b9a3be0ea739723f70d5cd41dfd57894d84bdea
1670,41.75,0.5206,2.1782,True,7,mechanical_001,694e94943eba5ec86f88e0f45b9a3be0ea739723f70d5cd41dfd57894d84bdea
1671,41.775,0.5209,2.1807,True,7,mechanical_001,694e94943eba5ec86f88e0f45b9a3be0ea739723f70d5cd41dfd57894d84bdea
1672,41.8,0.5212,2.1851,True,7,mechanical_001,694e94943eba5ec86f88e0f45b9a3be0ea739723f70d5cd41dfd57894d84bdea
1673,41.825,0.5216,2.1862,True,7,mechanical_001,694e94943eba5ec86f88e0f45b9a3be0ea739723f70d5cd41dfd57894d84bdea
1674,41.85,0.5219,2.1875,True,7,mechanical_001,694e94943eba5ec86f88e0f45b9a3be0ea739723f70d5cd41dfd57894d84bdea
1675,41.875,0.5222,2.1893,True,7,mechanical_001,694e94943eba5ec86f88e0f45b9a3be0ea739723f70d5cd41dfd57894d84bdea
1676,41.9,0.5225,2.1933,True,7,mechanical_001,694e94943eba5ec86f88e0f45b9a3be0ea739723f70d5cd41dfd57894d84bdea
1677,41.925,0.5228,2.1968,True,7,mechanical_001,694e94943eba5ec86f88e0f45b9a3be0ea739723f70d5cd41dfd57894d84bdea
1678,41.95,0.5231,2.2016,True,7,mechanical_001,694e94943eba5ec86f88e0f45b9a3be0ea739723f70d5cd41dfd57894d84bdea
1679,41.975,0.5234,2.2052,True,7,mechanical_001,694e94943eba5ec86f88e0f45b9a3be0ea739723f70d5cd41dfd57894d84bdea
1680,42.0,0.5237,2.2089,True,7,mechanical_001,694e94943eba5ec86f88e0f45b9a3be0ea739723f70d5cd41dfd57894d84bdea
1681,42.025,0.524,2.212,True,7,mechanical_001,694e94943eba5ec86f88e0f45b9a3be0ea739723f70d5cd41dfd57894d84bdea
1682,42.05,0.5243,2.2143,True,7,mechanical_001,694e94943eba5ec86f88e0f45b9a3be0ea739723f70d5cd41dfd57894d84bdea
1683,42.075,0.5246,2.2171,True,7,mechanical_001,694e94943eba5ec86f88e0f45b9a3be0ea739723f70d5cd41dfd57894d84bdea
1684,42.1,0.525,2.2221,True,7,mechanical_001,694e94943eba5ec86f88e0f45b9a3be0ea739723f70d5cd41dfd57894d84bdea
1685,42.125,0.5253,2.226,True,7,mechanical_001,694e94943eba5ec86f88e0f45b9a3be0ea739723f70d5cd41dfd57894d84bdea
1686,42.15,0.5256,2.2265,True,7,mechanical_001,694e94943eba5ec86f88e0f45b9a3be0ea739723f70d5cd41dfd57894d84bdea
1687,42.175,0.5259,2.2252,True,7,mechanical_001,694e94943eba5ec86f88e0f45b9a3be0ea739723f70d5cd41dfd57894d84bdea
1688,42.2,0.5262,2.227,True,7,mechanical_001,694e94943eba5ec86f88e0f45b9a3be0ea739723f70d5cd41dfd57894d84bdea
1689,42.225,0.5265,2.2282,True,7,mechanical_001,694e94943eba5ec86f88e0f45b9a3be0ea739723f70d5cd41dfd57894d84bdea
1690,42.25,0.5268,2.2301,True,7,mechanical_001,694e94943eba5ec86f88e0f45b9a3be0ea739723f70d5cd41dfd57894d84bdea
1691,42.275,0.5271,2.2335,True,7,mechanical_001,694e94943eba5ec86f88e0f45b9a3be0ea739723f70d5cd41dfd57894d84bdea
1692,42.3,0.5274,2.2339,True,7,mechanical_001,694e94943eba5ec86f88e0f45b9a3be0ea739723f70d5cd41dfd57894d84bdea
1693,42.325,0.5277,2.2353,True,7,mechanical_001,694e94943eba5ec86f88e0f45b9a3be0ea739723f70d5cd41dfd57894d84bdea
1694,42.35,0.5281,2.2389,True,7,mechanical_001,694e94943eba5ec86f88e0f45b9a3be0ea739723f70d5cd41dfd57894d84bdea
1695,42.375,0.5284,2.2419,True,7,mechanical_001,694e94943eba5ec86f88e0f45b9a3be0ea739723f70d5cd41dfd57894d84bdea
1696,42.4,0.5287,2.2432,True,7,mechanical_001,694e94943eba5ec86f88e0f45b9a3be0ea739723f70d5cd41dfd57894d84bdea
1697,42.425,0.529,2.2433,True,7,mechanical_001,694e94943eba5ec86f88e0f45b9a3be0ea739723f70d5cd41dfd57894d84bdea
1698,42.45,0.5293,2.2462,True,7,mechanical_001,694e94943eba5ec86f88e0f45b9a3be0ea739723f70d5cd41dfd57894d84bdea
1699,42.475,0.5296,2.2485,True,7,mechanical_001,694e94943eba5ec86f88e0f45b9a3be0ea739723f70d5cd41dfd57894d84bdea
1700,42.5,0.5299,2.2498,True,7,mechanical_001,694e94943eba5ec86f88e0f45b9a3be0ea739723f70d5cd41dfd57894d84bdea
1701,42.525,0.5302,2.2513,True,7,mechanical_001,694e94943eba5ec86f88e0f45b9a3be0ea739723f70d5cd41dfd57894d84bdea
1702,42.55,0.5305,2.2536,True,7,mechanical_001,694e94943eba5ec86f88e0f45b9a3be0ea739723f70d5cd41dfd57894d84bdea
1703,42.575,0.5308,2.2579,True,7,mechanical_001,694e94943eba5ec86f88e0f45b9a3be0ea739723f70d5cd41dfd57894d84bdea
1704,42.6,0.5312,2.2587,True,7,mechanical_001,694e94943eba5ec86f88e0f45b9a3be0ea739723f70d5cd41dfd57894d84bdea
1705,42.625,0.5315,2.2595,True,7,mechanical_001,694e94943eba5ec86f88e0f45b9a3be0ea739723f70d5cd41dfd57894d84bdea
1706,42.65,0.5318,2.2608,True,7,mechanical_001,694e94943eba5ec86f88e0f45b9a3be0ea739723f70d5cd41dfd57894d84bdea
1707,42.675,0.5321,2.2662,True,7,mechanical_001,694e94943eba5ec86f88e0f45b9a3be0ea739723f70d5cd41dfd57894d84bdea
1708,42.7,0.5324,2.2735,True,7,mechanical_001,694e94943eba5ec86f88e0f45b9a3be0ea739723f70d5cd41dfd57894d84bdea
1709,42.725,0.5327,2.2798,True,7,mechanical_001,694e94943eba5ec86f88e0f45b9a3be0ea739723f70d5cd41dfd57894d84bdea
1710,42.75,0.533,2.283,True,7,mechanical_001,694e94943eba5ec86f88e0f45b9a3be0ea739723f70d5cd41dfd57894d84bdea
1711,42.775,0.5333,2.283,True,7,mechanical_001,694e94943eba5ec86f88e0f45b9a3be0ea739723f70d5cd41dfd57894d84bdea
1712,42.8,0.5336,2.2863,True,7,mechanical_001,694e94943eba5ec86f88e0f45b9a3be0ea739723f70d5cd41dfd57894d84bdea
1713,42.825,0.534,2.2927,True,7,mechanical_001,694e94943eba5ec86f88e0f45b9a3be0ea739723f70d5cd41dfd57894d84bdea
1714,42.85,0.5343,2.298,True,7,mechanical_001,694e94943eba5ec86f88e0f45b9a3be0ea739723f70d5cd41dfd57894d84bdea
1715,42.875,0.5346,2.3097,True,7,mechanical_001,694e94943eba5ec86f88e0f45b9a3be0ea739723f70d5cd41dfd57894d84bdea
1716,42.9,0.535,2.3237,True,7,mechanical_001,694e94943eba5ec86f88e0f45b9a3be0ea739723f70d5cd41dfd57894d84bdea
1717,42.925,0.5353,2.3317,True,7,mechanical_001,694e94943eba5ec86f88e0f45b9a3be0ea739723f70d5cd41dfd57894d84bdea
1718,42.95,0.5356,2.3355,True,7,mechanical_001,694e94943eba5ec86f88e0f45b9a3be0ea739723f70d5cd41dfd57894d84bdea
1719,42.975,0.5359,2.3368,True,7,mechanical_001,694e94943eba5ec86f88e0f45b9a3be0ea739723f70d5cd41dfd57894d84bdea
1720,43.0,0.5363,2.3416,True,7,mechanical_001,694e94943eba5ec86f88e0f45b9a3be0ea739723f70d5cd41dfd57894d84bdea
1721,43.025,0.5366,2.3471,True,7,mechanical_001,694e94943eba5ec86f88e0f45b9a3be0ea739723f70d5cd41dfd57894d84bdea
1722,43.05,0.5369,2.3529,True,7,mechanical_001,694e94943eba5ec86f88e0f45b9a3be0ea739723f70d5cd41dfd57894d84bdea
1723,43.075,0.5372,2.3543,True,7,mechanical_001,694e94943eba5ec86f88e0f45b9a3be0ea739723f70d5cd41dfd57894d84bdea
1724,43.1,0.5375,2.3528,True,7,mechanical_001,694e94943eba5ec86f88e0f45b9a3be0ea739723f70d5cd41dfd57894d84bdea
1725,43.125,0.5379,2.3576,True,7,mechanical_001,694e94943eba5ec86f88e0f45b9a3be0ea739723f70d5cd41dfd57894d84bdea
1726,43.15,0.5382,2.3613,True,7,mechanical_001,694e94943eba5ec86f88e0f45b9a3be0ea739723f70d5cd41dfd57894d84bdea
1727,43.175,0.5385,2.3604,True,7,mechanical_001,694e94943eba5ec86f88e0f45b9a3be0ea739723f70d5cd41dfd57894d84bdea
1728,43.2,0.5388,2.3607,True,7,mechanical_001,694e94943eba5ec86f88e0f45b9a3be0ea739723f70d5cd41dfd57894d84bdea
1729,43.225,0.5391,2.3599,True,7,mechanical_001,694e94943eba5ec86f88e0f45b9a3be0ea739723f70d5cd41dfd57894d84bdea
1730,43.25,0.5394,2.3576,True,7,mechanical_001,694e94943eba5ec86f88e0f45b9a3be0ea739723f70d5cd41dfd57894d84bdea
1731,43.275,0.5397,2.3593,True,7,mechanical_001,694e94943eba5ec86f88e0f45b9a3be0ea739723f70d5cd41dfd57894d84bdea
1732,43.3,0.54,2.362,True,7,mechanical_001,694e94943eba5ec86f88e0f45b9a3be0ea739723f70d5cd41dfd57894d84bdea
1733,43.325,0.5403,2.3653,True,7,mechanical_001,694e94943eba5ec86f88e0f45b9a3be0ea739723f70d5cd41dfd57894d84bdea
1734,43.35,0.5407,2.3682,True,7,mechanical_001,694e94943eba5ec86f88e0f45b9a3be0ea739723f70d5cd41dfd57894d84bdea
1735,43.375,0.541,2.3664,True,7,mechanical_001,694e94943eba5ec86f88e0f45b9a3be0ea739723f70d5cd41dfd57894d84bdea
1736,43.4,0.5413,2.3646,True,7,mechanical_001,694e94943eba5ec86f88e0f45b9a3be0ea739723f70d5cd41dfd57894d84bdea
1737,43.425,0.5416,2.3618,True,7,mechanical_001,694e94943eba5ec86f88e0f45b9a3be0ea739723f70d5cd41dfd57894d84bdea
1738,43.45,0.5419,2.3561,True,7,mechanical_001,694e94943eba5ec86f88e0f45b9a3be0ea739723f70d5cd41dfd57894d84bdea
1739,43.475,0.5421,2.3505,True,7,mechanical_001,694e94943eba5ec86f88e0f45b9a3be0ea739723f70d5cd41dfd57894d84bdea
1740,43.5,0.5424,2.3483,True,7,mechanical_001,694e94943eba5ec86f88e0f45b9a3be0ea739723f70d5cd41dfd57894d84bdea
1741,43.525,0.5427,2.3492,True,7,mechanical_001,694e94943eba5ec86f88e0f45b9a3be0ea739723f70d5cd41dfd57894d84bdea
1742,43.55,0.543,2.3523,True,7,mechanical_001,694e94943eba5ec86f88e0f45b9a3be0ea739723f70d5cd41dfd57894d84bdea
1743,43.575,0.5433,2.357,True,7,mechanical_001,694e94943eba5ec86f88e0f45b9a3be0ea739723f70d5cd41dfd57894d84bdea
1744,43.6,0.5436,2.3624,True,7,mechanical_001,694e94943eba5ec86f88e0f45b9a3be0ea739723f70d5cd41dfd57894d84bdea
1745,43.625,0.5439,2.3691,True,7,mechanical_001,694e94943eba5ec86f88e0f45b9a3be0ea739723f70d5cd41dfd57894d84bdea
1746,43.65,0.5442,2.3772,True,7,mechanical_001,694e94943eba5ec86f88e0f45b9a3be0ea739723f70d5cd41dfd57894d84bdea
1747,43.675,0.5446,2.3867,True,7,mechanical_001,694e94943eba5ec86f88e0f45b9a3be0ea739723f70d5cd41dfd57894d84bdea
1748,43.7,0.5449,2.3977,True,7,mechanical_001,694e94943eba5ec86f88e0f45b9a3be0ea739723f70d5cd41dfd57894d84bdea
1749,43.725,0.5452,2.4079,True,7,mechanical_001,694e94943eba5ec86f88e0f45b9a3be0ea739723f70d5cd41dfd57894d84bdea
1750,43.75,0.5456,2.4165,True,7,mechanical_001,694e94943eba5ec86f88e0f45b9a3be0ea739723f70d5cd41dfd57894d84bdea
1751,43.775,0.5459,2.4231,True,7,mechanical_001,694e94943eba5ec86f88e0f45b9a3be0ea739723f70d5cd41dfd57894d84bdea
1752,43.8,0.5462,2.429,True,7,mechanical_001,694e94943eba5ec86f88e0f45b9a3be0ea739723f70d5cd41dfd57894d84bdea
1753,43.825,0.5466,2.4369,True,7,mechanical_001,694e94943eba5ec86f88e0f45b9a3be0ea739723f70d5cd41dfd57894d84bdea
1754,43.85,0.5469,2.4478,True,7,mechanical_001,694e94943eba5ec86f88e0f45b9a3be0ea739723f70d5cd41dfd57894d84bdea
1755,43.875,0.5473,2.4554,True,7,mechanical_001,694e94943eba5ec86f88e0f45b9a3be0ea739723f70d5cd41dfd57894d84bdea
1756,43.9,0.5476,2.4584,True,7,mechanical_001,694e94943eba5ec86f88e0f45b9a3be0ea739723f70d5cd41dfd57894d84bdea
1757,43.925,0.5479,2.4553,True,7,mechanical_001,694e94943eba5ec86f88e0f45b9a3be0ea739723f70d5cd41dfd57894d84bdea
1758,43.95,0.5482,2.4503,True,7,mechanical_001,694e94943eba5ec86f88e0f45b9a3be0ea739723f70d5cd41dfd57894d84bdea
1759,43.975,0.5485,2.4448,True,7,mechanical_001,694e94943eba5ec86f88e0f45b9a3be0ea739723f70d5cd41dfd57894d84bdea
1760,44.0,0.5488,2.4407,True,7,mechanical_001,694e94943eba5ec86f88e0f45b9a3be0ea739723f70d5cd41dfd57894d84bdea
1761,44.025,0.5491,2.4394,True,7,mechanical_001,694e94943eba5ec86f88e0f45b9a3be0ea739723f70d5cd41dfd57894d84bdea
1762,44.05,0.5495,2.4413,True,7,mechanical_001,694e94943eba5ec86f88e0f45b9a3be0ea739723f70d5cd41dfd57894d84bdea
1763,44.075,0.5498,2.4427,True,7,mechanical_001,694e94943eba5ec86f88e0f45b9a3be0ea739723f70d5cd41dfd57894d84bdea
1764,44.1,0.5501,2.4448,True,7,mechanical_001,694e94943eba5ec86f88e0f45b9a3be0ea739723f70d5cd41dfd57894d84bdea
1765,44.125,0.5504,2.4471,True,7,mechanical_001,694e94943eba5ec86f88e0f45b9a3be0ea739723f70d5cd41dfd57894d84bdea
1766,44.15,0.5507,2.4499,True,7,mechanical_001,694e94943eba5ec86f88e0f45b9a3be0ea739723f70d5cd41dfd57894d84bdea
1767,44.175,0.551,2.4492,True,7,mechanical_001,694e94943eba5ec86f88e0f45b9a3be0ea739723f70d5cd41dfd57894d84bdea
1768,44.2,0.5514,2.4486,True,7,mechanical_001,694e94943eba5ec86f88e0f45b9a3be0ea739723f70d5cd41dfd57894d84bdea
1769,44.225,0.5517,2.4469,True,7,mechanical_001,694e94943eba5ec86f88e0f45b9a3be0ea739723f70d5cd41dfd57894d84bdea
1770,44.25,0.552,2.4446,True,7,mechanical_001,694e94943eba5ec86f88e0f45b9a3be0ea739723f70d5cd41dfd57894d84bdea
1771,44.275,0.5523,2.4433,True,7,mechanical_001,694e94943eba5ec86f88e0f45b9a3be0ea739723f70d5cd41dfd57894d84bdea
1772,44.3,0.5526,2.4441,True,7,mechanical_001,694e94943eba5ec86f88e0f45b9a3be0ea739723f70d5cd41dfd57894d84bdea
1773,44.325,0.5529,2.4449,True,7,mechanical_001,694e94943eba5ec86f88e0f45b9a3be0ea739723f70d5cd41dfd57894d84bdea
1774,44.35,0.5532,2.4436,True,7,mechanical_001,694e94943eba5ec86f88e0f45b9a3be0ea739723f70d5cd41dfd57894d84bdea
1775,44.375,0.5535,2.443,True,7,mechanical_001,694e94943eba5ec86f88e0f45b9a3be0ea739723f70d5cd41dfd57894d84bdea
1776,44.4,0.5538,2.442,True,7,mechanical_001,694e94943eba5ec86f88e0f45b9a3be0ea739723f70d5cd41dfd57894d84bdea
1777,44.425,0.5541,2.4432,True,7,mechanical_001,694e94943eba5ec86f88e0f45b9a3be0ea739723f70d5cd41dfd57894d84bdea
1778,44.45,0.5545,2.4446,True,7,mechanical_001,694e94943eba5ec86f88e0f45b9a3be0ea739723f70d5cd41dfd57894d84bdea
1779,44.475,0.5548,2.4478,True,7,mechanical_001,694e94943eba5ec86f88e0f45b9a3be0ea739723f70d5cd41dfd57894d84bdea
1780,44.5,0.5551,2.4501,True,7,mechanical_001,694e94943eba5ec86f88e0f45b9a3be0ea739723f70d5cd41dfd57894d84bdea
1781,44.525,0.5554,2.451,True,7,mechanical_001,694e94943eba5ec86f88e0f45b9a3be0ea739723f70d5cd41dfd57894d84bdea
1782,44.55,0.5557,2.4526,True,7,mechanical_001,694e94943eba5ec86f88e0f45b9a3be0ea739723f70d5cd41dfd57894d84bdea
1783,44.575,0.556,2.4555,True,7,mechanical_001,694e94943eba5ec86f88e0f45b9a3be0ea739723f70d5cd41dfd57894d84bdea
1784,44.6,0.5563,2.4584,True,7,mechanical_001,694e94943eba5ec86f88e0f45b9a3be0ea739723f70d5cd41dfd57894d84bdea
1785,44.625,0.5566,2.4605,True,7,mechanical_001,694e94943eba5ec86f88e0f45b9a3be0ea739723f70d5cd41dfd57894d84bdea
1786,44.65,0.5569,2.4597,True,7,mechanical_001,694e94943eba5ec86f88e0f45b9a3be0ea739723f70d5cd41dfd57894d84bdea
1787,44.675,0.5573,2.4612,True,7,mechanical_001,694e94943eba5ec86f88e0f45b9a3be0ea739723f70d5cd41dfd57894d84bdea
1788,44.7,0.5576,2.4626,True,7,mechanical_001,694e94943eba5ec86f88e0f45b9a3be0ea739723f70d5cd41dfd57894d84bdea
1789,44.725,0.5579,2.4654,True,7,mechanical_001,694e94943eba5ec86f88e0f45b9a3be0ea739723f70d5cd41dfd57894d84bdea
1790,44.75,0.5582,2.4672,True,7,mechanical_001,694e94943eba5ec86f88e0f45b9a3be0ea739723f70d5cd41dfd57894d84bdea
1791,44.775,0.5585,2.467,True,7,mechanical_001,694e94943eba5ec86f88e0f45b9a3be0ea739723f70d5cd41dfd57894d84bdea
1792,44.8,0.5588,2.4674,True,7,mechanical_001,694e94943eba5ec86f88e0f45b9a3be0ea739723f70d5cd41dfd57894d84bdea
1793,44.825,0.5591,2.4698,True,7,mechanical_001,694e94943eba5ec86f88e0f45b9a3be0ea739723f70d5cd41dfd57894d84bdea
1794,44.85,0.5594,2.4722,True,7,mechanical_001,694e94943eba5ec86f88e0f45b9a3be0ea739723f70d5cd41dfd57894d84bdea
1795,44.875,0.5597,2.4743,True,7,mechanical_001,694e94943eba5ec86f88e0f45b9a3be0ea739723f70d5cd41dfd57894d84bdea
1796,44.9,0.5601,2.4735,True,7,mechanical_001,694e94943eba5ec86f88e0f45b9a3be0ea739723f70d5cd41dfd57894d84bdea
1797,44.925,0.5604,2.4734,True,7,mechanical_001,694e94943eba5ec86f88e0f45b9a3be0ea739723f70d5cd41dfd57894d84bdea
1798,44.95,0.5607,2.4799,True,7,mechanical_001,694e94943eba5ec86f88e0f45b9a3be0ea739723f70d5cd41dfd57894d84bdea
1799,44.975,0.561,2.4836,True,7,mechanical_001,694e94943eba5ec86f88e0f45b9a3be0ea739723f70d5cd41dfd57894d84bdea
1800,45.0,0.5613,2.4877,True,7,mechanical_001,694e94943eba5ec86f88e0f45b9a3be0ea739723f70d5cd41dfd57894d84bdea
1801,45.025,0.5616,2.4921,True,7,mechanical_001,694e94943eba5ec86f88e0f45b9a3be0ea739723f70d5cd41dfd57894d84bdea
1802,45.05,0.5619,2.4958,True,7,mechanical_001,694e94943eba5ec86f88e0f45b9a3be0ea739723f70d5cd41dfd57894d84bdea
1803,45.075,0.5622,2.5034,True,7,mechanical_001,694e94943eba5ec86f88e0f45b9a3be0ea739723f70d5cd41dfd57894d84bdea
1804,45.1,0.5625,2.5095,True,7,mechanical_001,694e94943eba5ec86f88e0f45b9a3be0ea739723f70d5cd41dfd57894d84bdea
1805,45.125,0.5629,2.5178,True,7,mechanical_001,694e94943eba5ec86f88e0f45b9a3be0ea739723f70d5cd41dfd57894d84bdea
1806,45.15,0.5632,2.5234,True,7,mechanical_001,694e94943eba5ec86f88e0f45b9a3be0ea739723f70d5cd41dfd57894d84bdea
1807,45.175,0.5635,2.524,True,7,mechanical_001,694e94943eba5ec86f88e0f45b9a3be0ea739723f70d5cd41dfd57894d84bdea
1808,45.2,0.5638,2.5258,True,7,mechanical_001,694e94943eba5ec86f88e0f45b9a3be0ea739723f70d5cd41dfd57894d84bdea
1809,45.225,0.5641,2.5313,True,7,mechanical_001,694e94943eba5ec86f88e0f45b9a3be0ea739723f70d5cd41dfd57894d84bdea
1810,45.25,0.5644,2.5369,True,7,mechanical_001,694e94943eba5ec86f88e0f45b9a3be0ea739723f70d5cd41dfd57894d84bdea
1811,45.275,0.5647,2.5389,True,7,mechanical_001,694e94943eba5ec86f88e0f45b9a3be0ea739723f70d5cd41dfd57894d84bdea
1812,45.3,0.565,2.5415,True,7,mechanical_001,694e94943eba5ec86f88e0f45b9a3be0ea739723f70d5cd41dfd57894d84bdea
1813,45.325,0.5653,2.5442,True,7,mechanical_001,694e94943eba5ec86f88e0f45b9a3be0ea739723f70d5cd41dfd57894d84bdea
1814,45.35,0.5656,2.5444,True,7,mechanical_001,694e94943eba5ec86f88e0f45b9a3be0ea739723f70d5cd41dfd57894d84bdea
1815,45.375,0.5659,2.5451,True,7,mechanical_001,694e94943eba5ec86f88e0f45b9a3be0ea739723f70d5cd41dfd57894d84bdea
1816,45.4,0.5662,2.5467,True,7,mechanical_001,694e94943eba5ec86f88e0f45b9a3be0ea739723f70d5cd41dfd57894d84bdea
1817,45.425,0.5665,2.5518,True,7,mechanical_001,694e94943eba5ec86f88e0f45b9a3be0ea739723f70d5cd41dfd57894d84bdea
1818,45.45,0.5668,2.5569,True,7,mechanical_001,694e94943eba5ec86f88e0f45b9a3be0ea739723f70d5cd41dfd57894d84bdea
1819,45.475,0.5671,2.5625,True,7,mechanical_001,694e94943eba5ec86f88e0f45b9a3be0ea739723f70d5cd41dfd57894d84bdea
1820,45.5,0.5674,2.5689,True,7,mechanical_001,694e94943eba5ec86f88e0f45b9a3be0ea739723f70d5cd41dfd57894d84bdea
1821,45.525,0.5677,2.5755,True,7,mechanical_001,694e94943eba5ec86f88e0f45b9a3be0ea739723f70d5cd41dfd57894d84bdea
1822,45.55,0.568,2.5881,True,7,mechanical_001,694e94943eba5ec86f88e0f45b9a3be0ea739723f70d5cd41dfd57894d84bdea
1823,45.575,0.5683,2.6019,True,7,mechanical_001,694e94943eba5ec86f88e0f45b9a3be0ea739723f70d5cd41dfd57894d84bdea
1824,45.6,0.5686,2.6117,True,7,mechanical_001,694e94943eba5ec86f88e0f45b9a3be0ea739723f70d5cd41dfd57894d84bdea
1825,45.625,0.5689,2.622,True,7,mechanical_001,694e94943eba5ec86f88e0f45b9a3be0ea739723f70d5cd41dfd57894d84bdea
1826,45.65,0.5692,2.6289,True,7,mechanical_001,694e94943eba5ec86f88e0f45b9a3be0ea739723f70d5cd41dfd57894d84bdea
1827,45.675,0.5696,2.6345,True,7,mechanical_001,694e94943eba5ec86f88e0f45b9a3be0ea739723f70d5cd41dfd57894d84bdea
1828,45.7,0.5699,2.6416,True,7,mechanical_001,694e94943eba5ec86f88e0f45b9a3be0ea739723f70d5cd41dfd57894d84bdea
1829,45.725,0.5702,2.6481,True,7,mechanical_001,694e94943eba5ec86f88e0f45b9a3be0ea739723f70d5cd41dfd57894d84bdea
1830,45.75,0.5705,2.656,True,7,mechanical_001,694e94943eba5ec86f88e0f45b9a3be0ea739723f70d5cd41dfd57894d84bdea
1831,45.775,0.5708,2.6598,True,7,mechanical_001,694e94943eba5ec86f88e0f45b9a3be0ea739723f70d5cd41dfd57894d84bdea
1832,45.8,0.5711,2.6639,True,7,mechanical_001,694e94943eba5ec86f88e0f45b9a3be0ea739723f70d5cd41dfd57894d84bdea
1833,45.825,0.5714,2.6649,True,7,mechanical_001,694e94943eba5ec86f88e0f45b9a3be0ea739723f70d5cd41dfd57894d84bdea
1834,45.85,0.5717,2.6672,True,7,mechanical_001,694e94943eba5ec86f88e0f45b9a3be0ea739723f70d5cd41dfd57894d84bdea
1835,45.875,0.572,2.6721,True,7,mechanical_001,694e94943eba5ec86f88e0f45b9a3be0ea739723f70d5cd41dfd57894d84bdea
1836,45.9,0.5724,2.6759,True,7,mechanical_001,694e94943eba5ec86f88e0f45b9a3be0ea739723f70d5cd41dfd57894d84bdea
1837,45.925,0.5727,2.6821,True,7,mechanical_001,694e94943eba5ec86f88e0f45b9a3be0ea739723f70d5cd41dfd57894d84bdea
1838,45.95,0.573,2.6915,True,7,mechanical_001,694e94943eba5ec86f88e0f45b9a3be0ea739723f70d5cd41dfd57894d84bdea
1839,45.975,0.5733,2.6989,True,7,mechanical_001,694e94943eba5ec86f88e0f45b9a3be0ea739723f70d5cd41dfd57894d84bdea
1840,46.0,0.5736,2.7053,True,7,mechanical_001,694e94943eba5ec86f88e0f45b9a3be0ea739723f70d5cd41dfd57894d84bdea
1841,46.025,0.5739,2.7132,True,7,mechanical_001,694e94943eba5ec86f88e0f45b9a3be0ea739723f70d5cd41dfd57894d84bdea
1842,46.05,0.5742,2.7233,True,7,mechanical_001,694e94943eba5ec86f88e0f45b9a3be0ea739723f70d5cd41dfd57894d84bdea
1843,46.075,0.5746,2.7322,True,7,mechanical_001,694e94943eba5ec86f88e0f45b9a3be0ea739723f70d5cd41dfd57894d84bdea
1844,46.1,0.5749,2.735,True,7,mechanical_001,694e94943eba5ec86f88e0f45b9a3be0ea739723f70d5cd41dfd57894d84bdea
1845,46.125,0.5752,2.7391,True,7,mechanical_001,694e94943eba5ec86f88e0f45b9a3be0ea739723f70d5cd41dfd57894d84bdea
1846,46.15,0.5755,2.7429,True,7,mechanical_001,694e94943eba5ec86f88e0f45b9a3be0ea739723f70d5cd41dfd57894d84bdea
1847,46.175,0.5758,2.7516,True,7,mechanical_001,694e94943eba5ec86f88e0f45b9a3be0ea739723f70d5cd41dfd57894d84bdea
1848,46.2,0.5761,2.7602,True,7,mechanical_001,694e94943eba5ec86f88e0f45b9a3be0ea739723f70d5cd41dfd57894d84bdea
1849,46.225,0.5764,2.769,True,7,mechanical_001,694e94943eba5ec86f88e0f45b9a3be0ea739723f70d5cd41dfd57894d84bdea
1850,46.25,0.5767,2.7768,True,7,mechanical_001,694e94943eba5ec86f88e0f45b9a3be0ea739723f70d5cd41dfd57894d84bdea
1851,46.275,0.577,2.786,True,7,mechanical_001,694e94943eba5ec86f88e0f45b9a3be0ea739723f70d5cd41dfd57894d84bdea
1852,46.3,0.5774,2.7946,True,7,mechanical_001,694e94943eba5ec86f88e0f45b9a3be0ea739723f70d5cd41dfd57894d84bdea
1853,46.325,0.5777,2.8034,True,7,mechanical_001,694e94943eba5ec86f88e0f45b9a3be0ea739723f70d5cd41dfd57894d84bdea
1854,46.35,0.578,2.8122,True,7,mechanical_001,694e94943eba5ec86f88e0f45b9a3be0ea739723f70d5cd41dfd57894d84bdea
1855,46.375,0.5783,2.8184,True,7,mechanical_001,694e94943eba5ec86f88e0f45b9a3be0ea739723f70d5cd41dfd57894d84bdea
1856,46.4,0.5786,2.8223,True,7,mechanical_001,694e94943eba5ec86f88e0f45b9a3be0ea739723f70d5cd41dfd57894d84bdea
1857,46.425,0.5789,2.8281,True,7,mechanical_001,694e94943eba5ec86f88e0f45b9a3be0ea739723f70d5cd41dfd57894d84bdea
1858,46.45,0.5793,2.8349,True,7,mechanical_001,694e94943eba5ec86f88e0f45b9a3be0ea739723f70d5cd41dfd57894d84bdea
1859,46.475,0.5796,2.8393,True,7,mechanical_001,694e94943eba5ec86f88e0f45b9a3be0ea739723f70d5cd41dfd57894d84bdea
1860,46.5,0.5799,2.8439,True,7,mechanical_001,694e94943eba5ec86f88e0f45b9a3be0ea739723f70d5cd41dfd57894d84bdea
1861,46.525,0.5802,2.8508,True,7,mechanical_001,694e94943eba5ec86f88e0f45b9a3be0ea739723f70d5cd41dfd57894d84bdea
1862,46.55,0.5805,2.854,True,7,mechanical_001,694e94943eba5ec86f88e0f45b9a3be0ea739723f70d5cd41dfd57894d84bdea
1863,46.575,0.5808,2.8587,True,7,mechanical_001,694e94943eba5ec86f88e0f45b9a3be0ea739723f70d5cd41dfd57894d84bdea
1864,46.6,0.5811,2.864,True,7,mechanical_001,694e94943eba5ec86f88e0f45b9a3be0ea739723f70d5cd41dfd57894d84bdea
1865,46.625,0.5815,2.8685,True,7,mechanical_001,694e94943eba5ec86f88e0f45b9a3be0ea739723f70d5cd41dfd57894d84bdea
1866,46.65,0.5818,2.8689,True,7,mechanical_001,694e94943eba5ec86f88e0f45b9a3be0ea739723f70d5cd41dfd57894d84bdea
1867,46.675,0.5821,2.8711,True,7,mechanical_001,694e94943eba5ec86f88e0f45b9a3be0ea739723f70d5cd41dfd57894d84bdea
1868,46.7,0.5824,2.8767,True,7,mechanical_001,694e94943eba5ec86f88e0f45b9a3be0ea739723f70d5cd41dfd57894d84bdea
1869,46.725,0.5827,2.8784,True,7,mechanical_001,694e94943eba5ec86f88e0f45b9a3be0ea739723f70d5cd41dfd57894d84bdea
1870,46.75,0.583,2.8847,True,7,mechanical_001,694e94943eba5ec86f88e0f45b9a3be0ea739723f70d5cd41dfd57894d84bdea
1871,46.775,0.5833,2.8943,True,7,mechanical_001,694e94943eba5ec86f88e0f45b9a3be0ea739723f70d5cd41dfd57894d84bdea
1872,46.8,0.5836,2.9045,True,7,mechanical_001,694e94943eba5ec86f88e0f45b9a3be0ea739723f70d5cd41dfd57894d84bdea
1873,46.825,0.584,2.9137,True,7,mechanical_001,694e94943eba5ec86f88e0f45b9a3be0ea739723f70d5cd41dfd57894d84bdea
1874,46.85,0.5843,2.9201,True,7,mechanical_001,694e94943eba5ec86f88e0f45b9a3be0ea739723f70d5cd41dfd57894d84bdea
1875,46.875,0.5846,2.9285,True,7,mechanical_001,694e94943eba5ec86f88e0f45b9a3be0ea739723f70d5cd41dfd57894d84bdea
1876,46.9,0.585,2.9361,True,7,mechanical_001,694e94943eba5ec86f88e0f45b9a3be0ea739723f70d5cd41dfd57894d84bdea
1877,46.925,0.5853,2.9475,True,7,mechanical_001,694e94943eba5ec86f88e0f45b9a3be0ea739723f70d5cd41dfd57894d84bdea
1878,46.95,0.5856,2.9579,True,7,mechanical_001,694e94943eba5ec86f88e0f45b9a3be0ea739723f70d5cd41dfd57894d84bdea
1879,46.975,0.586,2.9673,True,7,mechanical_001,694e94943eba5ec86f88e0f45b9a3be0ea739723f70d5cd41dfd57894d84bdea
1880,47.0,0.5863,2.9746,True,7,mechanical_001,694e94943eba5ec86f88e0f45b9a3be0ea739723f70d5cd41dfd57894d84bdea
1881,47.025,0.5867,2.9786,True,7,mechanical_001,694e94943eba5ec86f88e0f45b9a3be0ea739723f70d5cd41dfd57894d84bdea
1882,47.05,0.587,2.9821,True,7,mechanical_001,694e94943eba5ec86f88e0f45b9a3be0ea739723f70d5cd41dfd57894d84bdea
1883,47.075,0.5873,2.9785,True,7,mechanical_001,694e94943eba5ec86f88e0f45b9a3be0ea739723f70d5cd41dfd57894d84bdea
1884,47.1,0.5877,2.9714,True,7,mechanical_001,694e94943eba5ec86f88e0f45b9a3be0ea739723f70d5cd41dfd57894d84bdea
1885,47.125,0.588,2.9614,True,7,mechanical_001,694e94943eba5ec86f88e0f45b9a3be0ea739723f70d5cd41dfd57894d84bdea
1886,47.15,0.5883,2.9547,True,7,mechanical_001,694e94943eba5ec86f88e0f45b9a3be0ea739723f70d5cd41dfd57894d84bdea
1887,47.175,0.5886,2.9496,True,7,mechanical_001,694e94943eba5ec86f88e0f45b9a3be0ea739723f70d5cd41dfd57894d84bdea
1888,47.2,0.5889,2.9431,True,7,mechanical_001,694e94943eba5ec86f88e0f45b9a3be0ea739723f70d5cd41dfd57894d84bdea
1889,47.225,0.5892,2.9383,True,7,mechanical_001,694e94943eba5ec86f88e0f45b9a3be0ea739723f70d5cd41dfd57894d84bdea
1890,47.25,0.5895,2.9359,True,7,mechanical_001,694e94943eba5ec86f88e0f45b9a3be0ea739723f70d5cd41dfd57894d84bdea
1891,47.275,0.5898,2.935,True,7,mechanical_001,694e94943eba5ec86f88e0f45b9a3be0ea739723f70d5cd41dfd57894d84bdea
1892,47.3,0.5901,2.9342,True,7,mechanical_001,694e94943eba5ec86f88e0f45b9a3be0ea739723f70d5cd41dfd57894d84bdea
1893,47.325,0.5904,2.9359,True,7,mechanical_001,694e94943eba5ec86f88e0f45b9a3be0ea739723f70d5cd41dfd57894d84bdea
1894,47.35,0.5907,2.9371,True,7,mechanical_001,694e94943eba5ec86f88e0f45b9a3be0ea739723f70d5cd41dfd57894d84bdea
1895,47.375,0.591,2.938,True,7,mechanical_001,694e94943eba5ec86f88e0f45b9a3be0ea739723f70d5cd41dfd57894d84bdea
1896,47.4,0.5913,2.9377,True,7,mechanical_001,694e94943eba5ec86f88e0f45b9a3be0ea739723f70d5cd41dfd57894d84bdea
1897,47.425,0.5916,2.9366,True,7,mechanical_001,694e94943eba5ec86f88e0f45b9a3be0ea739723f70d5cd41dfd57894d84bdea
1898,47.45,0.5919,2.9373,True,7,mechanical_001,694e94943eba5ec86f88e0f45b9a3be0ea739723f70d5cd41dfd57894d84bdea
1899,47.475,0.5923,2.9356,True,7,mechanical_001,694e94943eba5ec86f88e0f45b9a3be0ea739723f70d5cd41dfd57894d84bdea
1900,47.5,0.5926,2.9363,True,7,mechanical_001,694e94943eba5ec86f88e0f45b9a3be0ea739723f70d5cd41dfd57894d84bdea
1901,47.525,0.5929,2.9368,True,7,mechanical_001,694e94943eba5ec86f88e0f45b9a3be0ea739723f70d5cd41dfd57894d84bdea
1902,47.55,0.5932,2.9406,True,7,mechanical_001,694e94943eba5ec86f88e0f45b9a3be0ea739723f70d5cd41dfd57894d84bdea
1903,47.575,0.5935,2.9396,True,7,mechanical_001,694e94943eba5ec86f88e0f45b9a3be0ea739723f70d5cd41dfd57894d84bdea
1904,47.6,0.5938,2.9404,True,7,mechanical_001,694e94943eba5ec86f88e0f45b9a3be0ea739723f70d5cd41dfd57894d84bdea
1905,47.625,0.5941,2.9409,True,7,mechanical_001,694e94943eba5ec86f88e0f45b9a3be0ea739723f70d5cd41dfd57894d84bdea
1906,47.65,0.5944,2.9443,True,7,mechanical_001,694e94943eba5ec86f88e0f45b9a3be0ea739723f70d5cd41dfd57894d84bdea
1907,47.675,0.5947,2.9459,True,7,mechanical_001,694e94943eba5ec86f88e0f45b9a3be0ea739723f70d5cd41dfd57894d84bdea
1908,47.7,0.595,2.9466,True,7,mechanical_001,694e94943eba5ec86f88e0f45b9a3be0ea739723f70d5cd41dfd57894d84bdea
1909,47.725,0.5953,2.949,True,7,mechanical_001,694e94943eba5ec86f88e0f45b9a3be0ea739723f70d5cd41dfd57894d84bdea
1910,47.75,0.5956,2.9536,True,7,mechanical_001,694e94943eba5ec86f88e0f45b9a3be0ea739723f70d5cd41dfd57894d84bdea
1911,47.775,0.596,2.9598,True,7,mechanical_001,694e94943eba5ec86f88e0f45b9a3be0ea739723f70d5cd41dfd57894d84bdea
1912,47.8,0.5963,2.9638,True,7,mechanical_001,694e94943eba5ec86f88e0f45b9a3be0ea739723f70d5cd41dfd57894d84bdea
1913,47.825,0.5966,2.9698,True,7,mechanical_001,694e94943eba5ec86f88e0f45b9a3be0ea739723f70d5cd41dfd57894d84bdea
1914,47.85,0.5969,2.9768,True,7,mechanical_001,694e94943eba5ec86f88e0f45b9a3be0ea739723f70d5cd41dfd57894d84bdea
1915,47.875,0.5972,2.9827,True,7,mechanical_001,694e94943eba5ec86f88e0f45b9a3be0ea739723f70d5cd41dfd57894d84bdea
1916,47.9,0.5975,2.9874,True,7,mechanical_001,694e94943eba5ec86f88e0f45b9a3be0ea739723f70d5cd41dfd57894d84bdea
1917,47.925,0.5978,2.9923,True,7,mechanical_001,694e94943eba5ec86f88e0f45b9a3be0ea739723f70d5cd41dfd57894d84bdea
1918,47.95,0.5981,2.996,True,7,mechanical_001,694e94943eba5ec86f88e0f45b9a3be0ea739723f70d5cd41dfd57894d84bdea
1919,47.975,0.5984,3.0,True,7,mechanical_001,694e94943eba5ec86f88e0f45b9a3be0ea739723f70d5cd41dfd57894d84bdea
1920,48.0,0.5987,3.0013,True,7,mechanical_001,694e94943eba5ec86f88e0f45b9a3be0ea739723f70d5cd41dfd57894d84bdea
1921,48.025,0.599,3.0023,True,7,mechanical_001,694e94943eba5ec86f88e0f45b9a3be0ea739723f70d5cd41dfd57894d84bdea
1922,48.05,0.5993,3.0043,True,7,mechanical_001,694e94943eba5ec86f88e0f45b9a3be0ea739723f70d5cd41dfd57894d84bdea
1923,48.075,0.5997,3.0076,True,7,mechanical_001,694e94943eba5ec86f88e0f45b9a3be0ea739723f70d5cd41dfd57894d84bdea
1924,48.1,0.6,3.0116,True,7,mechanical_001,694e94943eba5ec86f88e0f45b9a3be0ea739723f70d5cd41dfd57894d84bdea
1925,48.125,0.6003,3.0146,True,7,mechanical_001,694e94943eba5ec86f88e0f45b9a3be0ea739723f70d5cd41dfd57894d84bdea
1926,48.15,0.6005,3.0164,True,7,mechanical_001,694e94943eba5ec86f88e0f45b9a3be0ea739723f70d5cd41dfd57894d84bdea
1927,48.175,0.6008,3.0174,True,7,mechanical_001,694e94943eba5ec86f88e0f45b9a3be0ea739723f70d5cd41dfd57894d84bdea
1928,48.2,0.6011,3.0192,True,7,mechanical_001,694e94943eba5ec86f88e0f45b9a3be0ea739723f70d5cd41dfd57894d84bdea
1929,48.225,0.6014,3.0196,True,7,mechanical_001,694e94943eba5ec86f88e0f45b9a3be0ea739723f70d5cd41dfd57894d84bdea
1930,48.25,0.6017,3.0221,True,7,mechanical_001,694e94943eba5ec86f88e0f45b9a3be0ea739723f70d5cd41dfd57894d84bdea
1931,48.275,0.602,3.031,True,7,mechanical_001,694e94943eba5ec86f88e0f45b9a3be0ea739723f70d5cd41dfd57894d84bdea
1932,48.3,0.6023,3.0501,True,7,mechanical_001,694e94943eba5ec86f88e0f45b9a3be0ea739723f70d5cd41dfd57894d84bdea
1933,48.325,0.6027,3.0708,True,7,mechanical_001,694e94943eba5ec86f88e0f45b9a3be0ea739723f70d5cd41dfd57894d84bdea
1934,48.35,0.603,3.0811,True,7,mechanical_001,694e94943eba5ec86f88e0f45b9a3be0ea739723f70d5cd41dfd57894d84bdea
1935,48.375,0.6033,3.0893,True,7,mechanical_001,694e94943eba5ec86f88e0f45b9a3be0ea739723f70d5cd41dfd57894d84bdea
1936,48.4,0.6036,3.0981,True,7,mechanical_001,694e94943eba5ec86f88e0f45b9a3be0ea739723f70d5cd41dfd57894d84bdea
1937,48.425,0.6039,3.1055,True,7,mechanical_001,694e94943eba5ec86f88e0f45b9a3be0ea739723f70d5cd41dfd57894d84bdea
1938,48.45,0.6042,3.1118,True,7,mechanical_001,694e94943eba5ec86f88e0f45b9a3be0ea739723f70d5cd41dfd57894d84bdea
1939,48.475,0.6045,3.1186,True,7,mechanical_001,694e94943eba5ec86f88e0f45b9a3be0ea739723f70d5cd41dfd57894d84bdea
1940,48.5,0.6049,3.1251,True,7,mechanical_001,694e94943eba5ec86f88e0f45b9a3be0ea739723f70d5cd41dfd57894d84bdea
1941,48.525,0.6052,3.1331,True,7,mechanical_001,694e94943eba5ec86f88e0f45b9a3be0ea739723f70d5cd41dfd57894d84bdea
1942,48.55,0.6055,3.1409,True,7,mechanical_001,694e94943eba5ec86f88e0f45b9a3be0ea739723f70d5cd41dfd57894d84bdea
1943,48.575,0.6058,3.1515,True,7,mechanical_001,694e94943eba5ec86f88e0f45b9a3be0ea739723f70d5cd41dfd57894d84bdea
1944,48.6,0.6061,3.1617,True,7,mechanical_001,694e94943eba5ec86f88e0f45b9a3be0ea739723f70d5cd41dfd57894d84bdea
1945,48.625,0.6065,3.1638,True,7,mechanical_001,694e94943eba5ec86f88e0f45b9a3be0ea739723f70d5cd41dfd57894d84bdea
1946,48.65,0.6068,3.1636,True,7,mechanical_001,694e94943eba5ec86f88e0f45b9a3be0ea739723f70d5cd41dfd57894d84bdea
1947,48.675,0.6071,3.1637,True,7,mechanical_001,694e94943eba5ec86f88e0f45b9a3be0ea739723f70d5cd41dfd57894d84bdea
1948,48.7,0.6074,3.1647,True,7,mechanical_001,694e94943eba5ec86f88e0f45b9a3be0ea739723f70d5cd41dfd57894d84bdea
1949,48.725,0.6077,3.1695,True,7,mechanical_001,694e94943eba5ec86f88e0f45b9a3be0ea739723f70d5cd41dfd57894d84bdea
1950,48.75,0.608,3.1787,True,7,mechanical_001,694e94943eba5ec86f88e0f45b9a3be0ea739723f70d5cd41dfd57894d84bdea
1951,48.775,0.6083,3.1844,True,7,mechanical_001,694e94943eba5ec86f88e0f45b9a3be0ea739723f70d5cd41dfd57894d84bdea
1952,48.8,0.6086,3.1879,True,7,mechanical_001,694e94943eba5ec86f88e0f45b9a3be0ea739723f70d5cd41dfd57894d84bdea
1953,48.825,0.6089,3.1948,True,7,mechanical_001,694e94943eba5ec86f88e0f45b9a3be0ea739723f70d5cd41dfd57894d84bdea
1954,48.85,0.6093,3.2019,True,7,mechanical_001,694e94943eba5ec86f88e0f45b9a3be0ea739723f70d5cd41dfd57894d84bdea
1955,48.875,0.6096,3.2037,True,7,mechanical_001,694e94943eba5ec86f88e0f45b9a3be0ea739723f70d5cd41dfd57894d84bdea
1956,48.9,0.6099,3.2074,True,7,mechanical_001,694e94943eba5ec86f88e0f45b9a3be0ea739723f70d5cd41dfd57894d84bdea
1957,48.925,0.6102,3.2085,True,7,mechanical_001,694e94943eba5ec86f88e0f45b9a3be0ea739723f70d5cd41dfd57894d84bdea
1958,48.95,0.6105,3.21,True,7,mechanical_001,694e94943eba5ec86f88e0f45b9a3be0ea739723f70d5cd41dfd57894d84bdea
1959,48.975,0.6108,3.2115,True,7,mechanical_001,694e94943eba5ec86f88e0f45b9a3be0ea739723f70d5cd41dfd57894d84bdea
1960,49.0,0.6112,3.2139,True,7,mechanical_001,694e94943eba5ec86f88e0f45b9a3be0ea739723f70d5cd41dfd57894d84bdea
1961,49.025,0.6115,3.2151,True,7,mechanical_001,694e94943eba5ec86f88e0f45b9a3be0ea739723f70d5cd41dfd57894d84bdea
1962,49.05,0.6118,3.2139,True,7,mechanical_001,694e94943eba5ec86f88e0f45b9a3be0ea739723f70d5cd41dfd57894d84bdea
1963,49.075,0.6121,3.2169,True,7,mechanical_001,694e94943eba5ec86f88e0f45b9a3be0ea739723f70d5cd41dfd57894d84bdea
1964,49.1,0.6124,3.2233,True,7,mechanical_001,694e94943eba5ec86f88e0f45b9a3be0ea739723f70d5cd41dfd57894d84bdea
1965,49.125,0.6127,3.23,True,7,mechanical_001,694e94943eba5ec86f88e0f45b9a3be0ea739723f70d5cd41dfd57894d84bdea
1966,49.15,0.613,3.2373,True,7,mechanical_001,694e94943eba5ec86f88e0f45b9a3be0ea739723f70d5cd41dfd57894d84bdea
1967,49.175,0.6133,3.2444,True,7,mechanical_001,694e94943eba5ec86f88e0f45b9a3be0ea739723f70d5cd41dfd57894d84bdea
1968,49.2,0.6137,3.2512,True,7,mechanical_001,694e94943eba5ec86f88e0f45b9a3be0ea739723f70d5cd41dfd57894d84bdea
1969,49.225,0.614,3.261,True,7,mechanical_001,694e94943eba5ec86f88e0f45b9a3be0ea739723f70d5cd41dfd57894d84bdea
1970,49.25,0.6143,3.2726,True,7,mechanical_001,694e94943eba5ec86f88e0f45b9a3be0ea739723f70d5cd41dfd57894d84bdea
1971,49.275,0.6147,3.2816,True,7,mechanical_001,694e94943eba5ec86f88e0f45b9a3be0ea739723f70d5cd41dfd57894d84bdea
1972,49.3,0.615,3.2899,True,7,mechanical_001,694e94943eba5ec86f88e0f45b9a3be0ea739723f70d5cd41dfd57894d84bdea
1973,49.325,0.6153,3.2998,True,7,mechanical_001,694e94943eba5ec86f88e0f45b9a3be0ea739723f70d5cd41dfd57894d84bdea
1974,49.35,0.6157,3.3133,True,7,mechanical_001,694e94943eba5ec86f88e0f45b9a3be0ea739723f70d5cd41dfd57894d84bdea
1975,49.375,0.616,3.3247,True,7,mechanical_001,694e94943eba5ec86f88e0f45b9a3be0ea739723f70d5cd41dfd57894d84bdea
1976,49.4,0.6164,3.3358,True,7,mechanical_001,694e94943eba5ec86f88e0f45b9a3be0ea739723f70d5cd41dfd57894d84bdea
1977,49.425,0.6167,3.3412,True,7,mechanical_001,694e94943eba5ec86f88e0f45b9a3be0ea739723f70d5cd41dfd57894d84bdea
1978,49.45,0.617,3.3429,True,7,mechanical_001,694e94943eba5ec86f88e0f45b9a3be0ea739723f70d5cd41dfd57894d84bdea
1979,49.475,0.6173,3.3422,True,7,mechanical_001,694e94943eba5ec86f88e0f45b9a3be0ea739723f70d5cd41dfd57894d84bdea
1980,49.5,0.6176,3.3366,True,7,mechanical_001,694e94943eba5ec86f88e0f45b9a3be0ea739723f70d5cd41dfd57894d84bdea
1981,49.525,0.618,3.3338,True,7,mechanical_001,694e94943eba5ec86f88e0f45b9a3be0ea739723f70d5cd41dfd57894d84bdea
1982,49.55,0.6183,3.3283,True,7,mechanical_001,694e94943eba5ec86f88e0f45b9a3be0ea739723f70d5cd41dfd57894d84bdea
1983,49.575,0.6186,3.3243,True,7,mechanical_001,694e94943eba5ec86f88e0f45b9a3be0ea739723f70d5cd41dfd57894d84bdea
1984,49.6,0.6189,3.3236,True,7,mechanical_001,694e94943eba5ec86f88e0f45b9a3be0ea739723f70d5cd41dfd57894d84bdea
1985,49.625,0.6192,3.3271,True,7,mechanical_001,694e94943eba5ec86f88e0f45b9a3be0ea739723f70d5cd41dfd57894d84bdea
1986,49.65,0.6195,3.3303,True,7,mechanical_001,694e94943eba5ec86f88e0f45b9a3be0ea739723f70d5cd41dfd57894d84bdea
1987,49.675,0.6198,3.3338,True,7,mechanical_001,694e94943eba5ec86f88e0f45b9a3be0ea739723f70d5cd41dfd57894d84bdea
1988,49.7,0.6201,3.3349,True,7,mechanical_001,694e94943eba5ec86f88e0f45b9a3be0ea739723f70d5cd41dfd57894d84bdea
1989,49.725,0.6204,3.339,True,7,mechanical_001,694e94943eba5ec86f88e0f45b9a3be0ea739723f70d5cd41dfd57894d84bdea
1990,49.75,0.6207,3.3436,True,7,mechanical_001,694e94943eba5ec86f88e0f45b9a3be0ea739723f70d5cd41dfd57894d84bdea
1991,49.775,0.6211,3.3494,True,7,mechanical_001,694e94943eba5ec86f88e0f45b9a3be0ea739723f70d5cd41dfd57894d84bdea
1992,49.8,0.6214,3.3572,True,7,mechanical_001,694e94943eba5ec86f88e0f45b9a3be0ea739723f70d5cd41dfd57894d84bdea
1993,49.825,0.6217,3.3605,True,7,mechanical_001,694e94943eba5ec86f88e0f45b9a3be0ea739723f70d5cd41dfd57894d84bdea
1994,49.85,0.622,3.3611,True,7,mechanical_001,694e94943eba5ec86f88e0f45b9a3be0ea739723f70d5cd41dfd57894d84bdea
1995,49.875,0.6223,3.3622,True,7,mechanical_001,694e94943eba5ec86f88e0f45b9a3be0ea739723f70d5cd41dfd57894d84bdea
1996,49.9,0.6226,3.3645,True,7,mechanical_001,694e94943eba5ec86f88e0f45b9a3be0ea739723f70d5cd41dfd57894d84bdea
1997,49.925,0.6229,3.3675,True,7,mechanical_001,694e94943eba5ec86f88e0f45b9a3be0ea739723f70d5cd41dfd57894d84bdea
1998,49.95,0.6232,3.3704,True,7,mechanical_001,694e94943eba5ec86f88e0f45b9a3be0ea739723f70d5cd41dfd57894d84bdea
1999,49.975,0.6235,3.3738,True,7,mechanical_001,694e94943eba5ec86f88e0f45b9a3be0ea739723f70d5cd41dfd57894d84bdea
2000,50.0,0.6238,3.3748,True,7,mechanical_001,694e94943eba5ec86f88e0f45b9a3be0ea739723f70d5cd41dfd57894d84bdea
2001,50.025,0.6241,3.3786,True,7,mechanical_001,694e94943eba5ec86f88e0f45b9a3be0ea739723f70d5cd41dfd57894d84bdea
2002,50.05,0.6244,3.3845,True,7,mechanical_001,694e94943eba5ec86f88e0f45b9a3be0ea739723f70d5cd41dfd57894d84bdea
2003,50.075,0.6248,3.3916,True,7,mechanical_001,694e94943eba5ec86f88e0f45b9a3be0ea739723f70d5cd41dfd57894d84bdea
2004,50.1,0.6251,3.3997,True,7,mechanical_001,694e94943eba5ec86f88e0f45b9a3be0ea739723f70d5cd41dfd57894d84bdea
2005,50.125,0.6254,3.4023,True,7,mechanical_001,694e94943eba5ec86f88e0f45b9a3be0ea739723f70d5cd41dfd57894d84bdea
2006,50.15,0.6257,3.4078,True,7,mechanical_001,694e94943eba5ec86f88e0f45b9a3be0ea739723f70d5cd41dfd57894d84bdea
2007,50.175,0.626,3.4104,True,7,mechanical_001,694e94943eba5ec86f88e0f45b9a3be0ea739723f70d5cd41dfd57894d84bdea
2008,50.2,0.6263,3.4197,True,7,mechanical_001,694e94943eba5ec86f88e0f45b9a3be0ea739723f70d5cd41dfd57894d84bdea
2009,50.225,0.6266,3.4255,True,7,mechanical_001,694e94943eba5ec86f88e0f45b9a3be0ea739723f70d5cd41dfd57894d84bdea
2010,50.25,0.627,3.4287,True,7,mechanical_001,694e94943eba5ec86f88e0f45b9a3be0ea739723f70d5cd41dfd57894d84bdea
2011,50.275,0.6273,3.4327,True,7,mechanical_001,694e94943eba5ec86f88e0f45b9a3be0ea739723f70d5cd41dfd57894d84bdea
2012,50.3,0.6276,3.4326,True,7,mechanical_001,694e94943eba5ec86f88e0f45b9a3be0ea739723f70d5cd41dfd57894d84bdea
2013,50.325,0.6279,3.4346,True,7,mechanical_001,694e94943eba5ec86f88e0f45b9a3be0ea739723f70d5cd41dfd57894d84bdea
2014,50.35,0.6282,3.4366,True,7,mechanical_001,694e94943eba5ec86f88e0f45b9a3be0ea739723f70d5cd41dfd57894d84bdea
2015,50.375,0.6285,3.4399,True,7,mechanical_001,694e94943eba5ec86f88e0f45b9a3be0ea739723f70d5cd41dfd57894d84bdea
2016,50.4,0.6288,3.4426,True,7,mechanical_001,694e94943eba5ec86f88e0f45b9a3be0ea739723f70d5cd41dfd57894d84bdea
2017,50.425,0.6291,3.4469,True,7,mechanical_001,694e94943eba5ec86f88e0f45b9a3be0ea739723f70d5cd41dfd57894d84bdea
2018,50.45,0.6294,3.4535,True,7,mechanical_001,694e94943eba5ec86f88e0f45b9a3be0ea739723f70d5cd41dfd57894d84bdea
2019,50.475,0.6297,3.458,True,7,mechanical_001,694e94943eba5ec86f88e0f45b9a3be0ea739723f70d5cd41dfd57894d84bdea
2020,50.5,0.63,3.4637,True,7,mechanical_001,694e94943eba5ec86f88e0f45b9a3be0ea739723f70d5cd41dfd57894d84bdea
2021,50.525,0.6303,3.469,True,7,mechanical_001,694e94943eba5ec86f88e0f45b9a3be0ea739723f70d5cd41dfd57894d84bdea
2022,50.55,0.6307,3.4729,True,7,mechanical_001,694e94943eba5ec86f88e0f45b9a3be0ea739723f70d5cd41dfd57894d84bdea
2023,50.575,0.631,3.4762,True,7,mechanical_001,694e94943eba5ec86f88e0f45b9a3be0ea739723f70d5cd41dfd57894d84bdea
2024,50.6,0.6313,3.4789,True,7,mechanical_001,694e94943eba5ec86f88e0f45b9a3be0ea739723f70d5cd41dfd57894d84bdea
2025,50.625,0.6316,3.4808,True,7,mechanical_001,694e94943eba5ec86f88e0f45b9a3be0ea739723f70d5cd41dfd57894d84bdea
2026,50.65,0.6319,3.4866,True,7,mechanical_001,694e94943eba5ec86f88e0f45b9a3be0ea739723f70d5cd41dfd57894d84bdea
2027,50.675,0.6322,3.4895,True,7,mechanical_001,694e94943eba5ec86f88e0f45b9a3be0ea739723f70d5cd41dfd57894d84bdea
2028,50.7,0.6325,3.4912,True,7,mechanical_001,694e94943eba5ec86f88e0f45b9a3be0ea739723f70d5cd41dfd57894d84bdea
2029,50.725,0.6328,3.4911,True,7,mechanical_001,694e94943eba5ec86f88e0f45b9a3be0ea739723f70d5cd41dfd57894d84bdea
2030,50.75,0.6331,3.4949,True,7,mechanical_001,694e94943eba5ec86f88e0f45b9a3be0ea739723f70d5cd41dfd57894d84bdea
2031,50.775,0.6334,3.5002,True,7,mechanical_001,694e94943eba5ec86f88e0f45b9a3be0ea739723f70d5cd41dfd57894d84bdea
2032,50.8,0.6337,3.5008,True,7,mechanical_001,694e94943eba5ec86f88e0f45b9a3be0ea739723f70d5cd41dfd57894d84bdea
2033,50.825,0.634,3.5026,True,7,mechanical_001,694e94943eba5ec86f88e0f45b9a3be0ea739723f70d5cd41dfd57894d84bdea
2034,50.85,0.6343,3.506,True,7,mechanical_001,694e94943eba5ec86f88e0f45b9a3be0ea739723f70d5cd41dfd57894d84bdea
2035,50.875,0.6346,3.5095,True,7,mechanical_001,694e94943eba5ec86f88e0f45b9a3be0ea739723f70d5cd41dfd57894d84bdea
2036,50.9,0.6349,3.5142,True,7,mechanical_001,694e94943eba5ec86f88e0f45b9a3be0ea739723f70d5cd41dfd57894d84bdea
2037,50.925,0.6352,3.521,True,7,mechanical_001,694e94943eba5ec86f88e0f45b9a3be0ea739723f70d5cd41dfd57894d84bdea
2038,50.95,0.6355,3.5306,True,7,mechanical_001,694e94943eba5ec86f88e0f45b9a3be0ea739723f70d5cd41dfd57894d84bdea
2039,50.975,0.6358,3.5391,True,7,mechanical_001,694e94943eba5ec86f88e0f45b9a3be0ea739723f70d5cd41dfd57894d84bdea
2040,51.0,0.6361,3.5474,True,7,mechanical_001,694e94943eba5ec86f88e0f45b9a3be0ea739723f70d5cd41dfd57894d84bdea
2041,51.025,0.6364,3.5538,True,7,mechanical_001,694e94943eba5ec86f88e0f45b9a3be0ea739723f70d5cd41dfd57894d84bdea
2042,51.05,0.6367,3.5591,True,7,mechanical_001,694e94943eba5ec86f88e0f45b9a3be0ea739723f70d5cd41dfd57894d84bdea
2043,51.075,0.6371,3.5634,True,7,mechanical_001,694e94943eba5ec86f88e0f45b9a3be0ea739723f70d5cd41dfd57894d84bdea
2044,51.1,0.6374,3.5684,True,7,mechanical_001,694e94943eba5ec86f88e0f45b9a3be0ea739723f70d5cd41dfd57894d84bdea
2045,51.125,0.6377,3.5742,True,7,mechanical_001,694e94943eba5ec86f88e0f45b9a3be0ea739723f70d5cd41dfd57894d84bdea
2046,51.15,0.638,3.5764,True,7,mechanical_001,694e94943eba5ec86f88e0f45b9a3be0ea739723f70d5cd41dfd57894d84bdea
2047,51.175,0.6383,3.5753,True,7,mechanical_001,694e94943eba5ec86f88e0f45b9a3be0ea739723f70d5cd41dfd57894d84bdea
2048,51.2,0.6387,3.5718,True,7,mechanical_001,694e94943eba5ec86f88e0f45b9a3be0ea739723f70d5cd41dfd57894d84bdea
2049,51.225,0.639,3.566,True,7,mechanical_001,694e94943eba5ec86f88e0f45b9a3be0ea739723f70d5cd41dfd57894d84bdea
2050,51.25,0.6393,3.5654,True,7,mechanical_001,694e94943eba5ec86f88e0f45b9a3be0ea739723f70d5cd41dfd57894d84bdea
2051,51.275,0.6396,3.5675,True,7,mechanical_001,694e94943eba5ec86f88e0f45b9a3be0ea739723f70d5cd41dfd57894d84bdea
2052,51.3,0.6399,3.569,True,7,mechanical_001,694e94943eba5ec86f88e0f45b9a3be0ea739723f70d5cd41dfd57894d84bdea
2053,51.325,0.6402,3.5697,True,7,mechanical_001,694e94943eba5ec86f88e0f45b9a3be0ea739723f70d5cd41dfd57894d84bdea
2054,51.35,0.6405,3.5692,True,7,mechanical_001,694e94943eba5ec86f88e0f45b9a3be0ea739723f70d5cd41dfd57894d84bdea
2055,51.375,0.6408,3.5676,True,7,mechanical_001,694e94943eba5ec86f88e0f45b9a3be0ea739723f70d5cd41dfd57894d84bdea
2056,51.4,0.6411,3.5674,True,7,mechanical_001,694e94943eba5ec86f88e0f45b9a3be0ea739723f70d5cd41dfd57894d84bdea
2057,51.425,0.6414,3.5648,True,7,mechanical_001,694e94943eba5ec86f88e0f45b9a3be0ea739723f70d5cd41dfd57894d84bdea
2058,51.45,0.6417,3.5638,True,7,mechanical_001,694e94943eba5ec86f88e0f45b9a3be0ea739723f70d5cd41dfd57894d84bdea
2059,51.475,0.6421,3.5654,True,7,mechanical_001,694e94943eba5ec86f88e0f45b9a3be0ea739723f70d5cd41dfd57894d84bdea
2060,51.5,0.6424,3.568,True,7,mechanical_001,694e94943eba5ec86f88e0f45b9a3be0ea739723f70d5cd41dfd57894d84bdea
2061,51.525,0.6427,3.572,True,7,mechanical_001,694e94943eba5ec86f88e0f45b9a3be0ea739723f70d5cd41dfd57894d84bdea
2062,51.55,0.643,3.5762,True,7,mechanical_001,694e94943eba5ec86f88e0f45b9a3be0ea739723f70d5cd41dfd57894d84bdea
2063,51.575,0.6433,3.5775,True,7,mechanical_001,694e94943eba5ec86f88e0f45b9a3be0ea739723f70d5cd41dfd57894d84bdea
2064,51.6,0.6436,3.5818,True,7,mechanical_001,694e94943eba5ec86f88e0f45b9a3be0ea739723f70d5cd41dfd57894d84bdea
2065,51.625,0.6439,3.5857,True,7,mechanical_001,694e94943eba5ec86f88e0f45b9a3be0ea739723f70d5cd41dfd57894d84bdea
2066,51.65,0.6443,3.5879,True,7,mechanical_001,694e94943eba5ec86f88e0f45b9a3be0ea739723f70d5cd41dfd57894d84bdea
2067,51.675,0.6446,3.5858,True,7,mechanical_001,694e94943eba5ec86f88e0f45b9a3be0ea739723f70d5cd41dfd57894d84bdea
2068,51.7,0.6449,3.5825,True,7,mechanical_001,694e94943eba5ec86f88e0f45b9a3be0ea739723f70d5cd41dfd57894d84bdea
2069,51.725,0.6452,3.5831,True,7,mechanical_001,694e94943eba5ec86f88e0f45b9a3be0ea739723f70d5cd41dfd57894d84bdea
2070,51.75,0.6455,3.5847,True,7,mechanical_001,694e94943eba5ec86f88e0f45b9a3be0ea739723f70d5cd41dfd57894d84bdea
2071,51.775,0.6458,3.5828,True,7,mechanical_001,694e94943eba5ec86f88e0f45b9a3be0ea739723f70d5cd41dfd57894d84bdea
2072,51.8,0.6461,3.5842,True,7,mechanical_001,694e94943eba5ec86f88e0f45b9a3be0ea739723f70d5cd41dfd57894d84bdea
2073,51.825,0.6464,3.5888,True,7,mechanical_001,694e94943eba5ec86f88e0f45b9a3be0ea739723f70d5cd41dfd57894d84bdea
2074,51.85,0.6467,3.5932,True,7,mechanical_001,694e94943eba5ec86f88e0f45b9a3be0ea739723f70d5cd41dfd57894d84bdea
2075,51.875,0.6471,3.599,True,7,mechanical_001,694e94943eba5ec86f88e0f45b9a3be0ea739723f70d5cd41dfd57894d84bdea
2076,51.9,0.6474,3.6074,True,7,mechanical_001,694e94943eba5ec86f88e0f45b9a3be0ea739723f70d5cd41dfd57894d84bdea
2077,51.925,0.6477,3.6127,True,7,mechanical_001,694e94943eba5ec86f88e0f45b9a3be0ea739723f70d5cd41dfd57894d84bdea
2078,51.95,0.648,3.6117,True,7,mechanical_001,694e94943eba5ec86f88e0f45b9a3be0ea739723f70d5cd41dfd57894d84bdea
2079,51.975,0.6483,3.612,True,7,mechanical_001,694e94943eba5ec86f88e0f45b9a3be0ea739723f70d5cd41dfd57894d84bdea
2080,52.0,0.6486,3.6164,True,7,mechanical_001,694e94943eba5ec86f88e0f45b9a3be0ea739723f70d5cd41dfd57894d84bdea
2081,52.025,0.6489,3.6176,True,7,mechanical_001,694e94943eba5ec86f88e0f45b9a3be0ea739723f70d5cd41dfd57894d84bdea
2082,52.05,0.6492,3.6165,True,7,mechanical_001,694e94943eba5ec86f88e0f45b9a3be0ea739723f70d5cd41dfd57894d84bdea
2083,52.075,0.6495,3.616,True,7,mechanical_001,694e94943eba5ec86f88e0f45b9a3be0ea739723f70d5cd41dfd57894d84bdea
2084,52.1,0.6498,3.6176,True,7,mechanical_001,694e94943eba5ec86f88e0f45b9a3be0ea739723f70d5cd41dfd57894d84bdea
2085,52.125,0.6501,3.6215,True,7,mechanical_001,694e94943eba5ec86f88e0f45b9a3be0ea739723f70d5cd41dfd57894d84bdea
2086,52.15,0.6505,3.624,True,7,mechanical_001,694e94943eba5ec86f88e0f45b9a3be0ea739723f70d5cd41dfd57894d84bdea
2087,52.175,0.6508,3.6242,True,7,mechanical_001,694e94943eba5ec86f88e0f45b9a3be0ea739723f70d5cd41dfd57894d84bdea
2088,52.2,0.6511,3.6271,True,7,mechanical_001,694e94943eba5ec86f88e0f45b9a3be0ea739723f70d5cd41dfd57894d84bdea
2089,52.225,0.6514,3.6326,True,7,mechanical_001,694e94943eba5ec86f88e0f45b9a3be0ea739723f70d5cd41dfd57894d84bdea
2090,52.25,0.6517,3.6345,True,7,mechanical_001,694e94943eba5ec86f88e0f45b9a3be0ea739723f70d5cd41dfd57894d84bdea
2091,52.275,0.6521,3.637,True,7,mechanical_001,694e94943eba5ec86f88e0f45b9a3be0ea739723f70d5cd41dfd57894d84bdea
2092,52.3,0.6524,3.6347,True,7,mechanical_001,694e94943eba5ec86f88e0f45b9a3be0ea739723f70d5cd41dfd57894d84bdea
2093,52.325,0.6527,3.6317,True,7,mechanical_001,694e94943eba5ec86f88e0f45b9a3be0ea739723f70d5cd41dfd57894d84bdea
2094,52.35,0.653,3.6317,True,7,mechanical_001,694e94943eba5ec86f88e0f45b9a3be0ea739723f70d5cd41dfd57894d84bdea
2095,52.375,0.6533,3.6334,True,7,mechanical_001,694e94943eba5ec86f88e0f45b9a3be0ea739723f70d5cd41dfd57894d84bdea
2096,52.4,0.6536,3.6332,True,7,mechanical_001,694e94943eba5ec86f88e0f45b9a3be0ea739723f70d5cd41dfd57894d84bdea
2097,52.425,0.6539,3.6329,True,7,mechanical_001,694e94943eba5ec86f88e0f45b9a3be0ea739723f70d5cd41dfd57894d84bdea
2098,52.45,0.6543,3.6334,True,7,mechanical_001,694e94943eba5ec86f88e0f45b9a3be0ea739723f70d5cd41dfd57894d84bdea
2099,52.475,0.6546,3.6348,True,7,mechanical_001,694e94943eba5ec86f88e0f45b9a3be0ea739723f70d5cd41dfd57894d84bdea
2100,52.5,0.6549,3.6371,True,7,mechanical_001,694e94943eba5ec86f88e0f45b9a3be0ea739723f70d5cd41dfd57894d84bdea
2101,52.525,0.6552,3.6395,True,7,mechanical_001,694e94943eba5ec86f88e0f45b9a3be0ea739723f70d5cd41dfd57894d84bdea
2102,52.55,0.6555,3.6436,True,7,mechanical_001,694e94943eba5ec86f88e0f45b9a3be0ea739723f70d5cd41dfd57894d84bdea
2103,52.575,0.6558,3.6467,True,7,mechanical_001,694e94943eba5ec86f88e0f45b9a3be0ea739723f70d5cd41dfd57894d84bdea
2104,52.6,0.6561,3.6444,True,7,mechanical_001,694e94943eba5ec86f88e0f45b9a3be0ea739723f70d5cd41dfd57894d84bdea
2105,52.625,0.6564,3.6433,True,7,mechanical_001,694e94943eba5ec86f88e0f45b9a3be0ea739723f70d5cd41dfd57894d84bdea
2106,52.65,0.6568,3.644,True,7,mechanical_001,694e94943eba5ec86f88e0f45b9a3be0ea739723f70d5cd41dfd57894d84bdea
2107,52.675,0.6571,3.6447,True,7,mechanical_001,694e94943eba5ec86f88e0f45b9a3be0ea739723f70d5cd41dfd57894d84bdea
2108,52.7,0.6574,3.6494,True,7,mechanical_001,694e94943eba5ec86f88e0f45b9a3be0ea739723f70d5cd41dfd57894d84bdea
2109,52.725,0.6577,3.6536,True,7,mechanical_001,694e94943eba5ec86f88e0f45b9a3be0ea739723f70d5cd41dfd57894d84bdea
2110,52.75,0.658,3.6585,True,7,mechanical_001,694e94943eba5ec86f88e0f45b9a3be0ea739723f70d5cd41dfd57894d84bdea
2111,52.775,0.6583,3.6615,True,7,mechanical_001,694e94943eba5ec86f88e0f45b9a3be0ea739723f70d5cd41dfd57894d84bdea
2112,52.8,0.6586,3.6658,True,7,mechanical_001,694e94943eba5ec86f88e0f45b9a3be0ea739723f70d5cd41dfd57894d84bdea
2113,52.825,0.6589,3.6705,True,7,mechanical_001,694e94943eba5ec86f88e0f45b9a3be0ea739723f70d5cd41dfd57894d84bdea
2114,52.85,0.6593,3.6757,True,7,mechanical_001,694e94943eba5ec86f88e0f45b9a3be0ea739723f70d5cd41dfd57894d84bdea
2115,52.875,0.6596,3.6802,True,7,mechanical_001,694e94943eba5ec86f88e0f45b9a3be0ea739723f70d5cd41dfd57894d84bdea
2116,52.9,0.6599,3.68,True,7,mechanical_001,694e94943eba5ec86f88e0f45b9a3be0ea739723f70d5cd41dfd57894d84bdea
2117,52.925,0.6602,3.6882,True,7,mechanical_001,694e94943eba5ec86f88e0f45b9a3be0ea739723f70d5cd41dfd57894d84bdea
2118,52.95,0.6605,3.697,True,7,mechanical_001,694e94943eba5ec86f88e0f45b9a3be0ea739723f70d5cd41dfd57894d84bdea
2119,52.975,0.6608,3.7025,True,7,mechanical_001,694e94943eba5ec86f88e0f45b9a3be0ea739723f70d5cd41dfd57894d84bdea
2120,53.0,0.6611,3.7038,True,7,mechanical_001,694e94943eba5ec86f88e0f45b9a3be0ea739723f70d5cd41dfd57894d84bdea
2121,53.025,0.6615,3.7051,True,7,mechanical_001,694e94943eba5ec86f88e0f45b9a3be0ea739723f70d5cd41dfd57894d84bdea
2122,53.05,0.6618,3.7058,True,7,mechanical_001,694e94943eba5ec86f88e0f45b9a3be0ea739723f70d5cd41dfd57894d84bdea
2123,53.075,0.6621,3.7076,True,7,mechanical_001,694e94943eba5ec86f88e0f45b9a3be0ea739723f70d5cd41dfd57894d84bdea
2124,53.1,0.6624,3.7095,True,7,mechanical_001,694e94943eba5ec86f88e0f45b9a3be0ea739723f70d5cd41dfd57894d84bdea
2125,53.125,0.6627,3.7113,True,7,mechanical_001,694e94943eba5ec86f88e0f45b9a3be0ea739723f70d5cd41dfd57894d84bdea
2126,53.15,0.663,3.7158,True,7,mechanical_001,694e94943eba5ec86f88e0f45b9a3be0ea739723f70d5cd41dfd57894d84bdea
2127,53.175,0.6633,3.7214,True,7,mechanical_001,694e94943eba5ec86f88e0f45b9a3be0ea739723f70d5cd41dfd57894d84bdea
2128,53.2,0.6636,3.7247,True,7,mechanical_001,694e94943eba5ec86f88e0f45b9a3be0ea739723f70d5cd41dfd57894d84bdea
2129,53.225,0.6639,3.7294,True,7,mechanical_001,694e94943eba5ec86f88e0f45b9a3be0ea739723f70d5cd41dfd57894d84bdea
2130,53.25,0.6642,3.734,True,7,mechanical_001,694e94943eba5ec86f88e0f45b9a3be0ea739723f70d5cd41dfd57894d84bdea
2131,53.275,0.6646,3.7435,True,7,mechanical_001,694e94943eba5ec86f88e0f45b9a3be0ea739723f70d5cd41dfd57894d84bdea
2132,53.3,0.6649,3.7514,True,7,mechanical_001,694e94943eba5ec86f88e0f45b9a3be0ea739723f70d5cd41dfd57894d84bdea
2133,53.325,0.6652,3.7544,True,7,mechanical_001,694e94943eba5ec86f88e0f45b9a3be0ea739723f70d5cd41dfd57894d84bdea
2134,53.35,0.6655,3.7557,True,7,mechanical_001,694e94943eba5ec86f88e0f45b9a3be0ea739723f70d5cd41dfd57894d84bdea
2135,53.375,0.6658,3.7589,True,7,mechanical_001,694e94943eba5ec86f88e0f45b9a3be0ea739723f70d5cd41dfd57894d84bdea
2136,53.4,0.6661,3.7631,True,7,mechanical_001,694e94943eba5ec86f88e0f45b9a3be0ea739723f70d5cd41dfd57894d84bdea
2137,53.425,0.6665,3.7684,True,7,mechanical_001,694e94943eba5ec86f88e0f45b9a3be0ea739723f70d5cd41dfd57894d84bdea
2138,53.45,0.6668,3.7743,True,7,mechanical_001,694e94943eba5ec86f88e0f45b9a3be0ea739723f70d5cd41dfd57894d84bdea
2139,53.475,0.6671,3.7783,True,7,mechanical_001,694e94943eba5ec86f88e0f45b9a3be0ea739723f70d5cd41dfd57894d84bdea
2140,53.5,0.6674,3.7811,True,7,mechanical_001,694e94943eba5ec86f88e0f45b9a3be0ea739723f70d5cd41dfd57894d84bdea
2141,53.525,0.6677,3.7853,True,7,mechanical_001,694e94943eba5ec86f88e0f45b9a3be0ea739723f70d5cd41dfd57894d84bdea
2142,53.55,0.668,3.7892,True,7,mechanical_001,694e94943eba5ec86f88e0f45b9a3be0ea739723f70d5cd41dfd57894d84bdea
2143,53.575,0.6684,3.7943,True,7,mechanical_001,694e94943eba5ec86f88e0f45b9a3be0ea739723f70d5cd41dfd57894d84bdea
2144,53.6,0.6687,3.7998,True,7,mechanical_001,694e94943eba5ec86f88e0f45b9a3be0ea739723f70d5cd41dfd57894d84bdea
2145,53.625,0.669,3.8075,True,7,mechanical_001,694e94943eba5ec86f88e0f45b9a3be0ea739723f70d5cd41dfd57894d84bdea
2146,53.65,0.6693,3.8168,True,7,mechanical_001,694e94943eba5ec86f88e0f45b9a3be0ea739723f70d5cd41dfd57894d84bdea
2147,53.675,0.6697,3.8234,True,7,mechanical_001,694e94943eba5ec86f88e0f45b9a3be0ea739723f70d5cd41dfd57894d84bdea
2148,53.7,0.67,3.8281,True,7,mechanical_001,694e94943eba5ec86f88e0f45b9a3be0ea739723f70d5cd41dfd57894d84bdea
2149,53.725,0.6703,3.8368,True,7,mechanical_001,694e94943eba5ec86f88e0f45b9a3be0ea739723f70d5cd41dfd57894d84bdea
2150,53.75,0.6707,3.8442,True,7,mechanical_001,694e94943eba5ec86f88e0f45b9a3be0ea739723f70d5cd41dfd57894d84bdea
2151,53.775,0.671,3.8468,True,7,mechanical_001,694e94943eba5ec86f88e0f45b9a3be0ea739723f70d5cd41dfd57894d84bdea
2152,53.8,0.6713,3.8447,True,7,mechanical_001,694e94943eba5ec86f88e0f45b9a3be0ea739723f70d5cd41dfd57894d84bdea
2153,53.825,0.6717,3.8477,True,7,mechanical_001,694e94943eba5ec86f88e0f45b9a3be0ea739723f70d5cd41dfd57894d84bdea
2154,53.85,0.672,3.852,True,7,mechanical_001,694e94943eba5ec86f88e0f45b9a3be0ea739723f70d5cd41dfd57894d84bdea
2155,53.875,0.6723,3.8505,True,7,mechanical_001,694e94943eba5ec86f88e0f45b9a3be0ea739723f70d5cd41dfd57894d84bdea
2156,53.9,0.6726,3.8466,True,7,mechanical_001,694e94943eba5ec86f88e0f45b9a3be0ea739723f70d5cd41dfd57894d84bdea
2157,53.925,0.6729,3.8438,True,7,mechanical_001,694e94943eba5ec86f88e0f45b9a3be0ea739723f70d5cd41dfd57894d84bdea
2158,53.95,0.6732,3.8422,True,7,mechanical_001,694e94943eba5ec86f88e0f45b9a3be0ea739723f70d5cd41dfd57894d84bdea
2159,53.975,0.6736,3.8382,True,7,mechanical_001,694e94943eba5ec86f88e0f45b9a3be0ea739723f70d5cd41dfd57894d84bdea
2160,54.0,0.6739,3.8362,True,7,mechanical_001,694e94943eba5ec86f88e0f45b9a3be0ea739723f70d5cd41dfd57894d84bdea
2161,54.025,0.6742,3.839,True,7,mechanical_001,694e94943eba5ec86f88e0f45b9a3be0ea739723f70d5cd41dfd57894d84bdea
2162,54.05,0.6745,3.8407,True,7,mechanical_001,694e94943eba5ec86f88e0f45b9a3be0ea739723f70d5cd41dfd57894d84bdea
2163,54.075,0.6748,3.8448,True,7,mechanical_001,694e94943eba5ec86f88e0f45b9a3be0ea739723f70d5cd41dfd57894d84bdea
2164,54.1,0.6751,3.8503,True,7,mechanical_001,694e94943eba5ec86f88e0f45b9a3be0ea739723f70d5cd41dfd57894d84bdea
2165,54.125,0.6755,3.8554,True,7,mechanical_001,694e94943eba5ec86f88e0f45b9a3be0ea739723f70d5cd41dfd57894d84bdea
2166,54.15,0.6758,3.8603,True,7,mechanical_001,694e94943eba5ec86f88e0f45b9a3be0ea739723f70d5cd41dfd57894d84bdea
2167,54.175,0.6761,3.8654,True,7,mechanical_001,694e94943eba5ec86f88e0f45b9a3be0ea739723f70d5cd41dfd57894d84bdea
2168,54.2,0.6764,3.8668,True,7,mechanical_001,694e94943eba5ec86f88e0f45b9a3be0ea739723f70d5cd41dfd57894d84bdea
2169,54.225,0.6767,3.8662,True,7,mechanical_001,694e94943eba5ec86f88e0f45b9a3be0ea739723f70d5cd41dfd57894d84bdea
2170,54.25,0.677,3.8652,True,7,mechanical_001,694e94943eba5ec86f88e0f45b9a3be0ea739723f70d5cd41dfd57894d84bdea
2171,54.275,0.6773,3.8635,True,7,mechanical_001,694e94943eba5ec86f88e0f45b9a3be0ea739723f70d5cd41dfd57894d84bdea
2172,54.3,0.6776,3.8561,True,7,mechanical_001,694e94943eba5ec86f88e0f45b9a3be0ea739723f70d5cd41dfd57894d84bdea
2173,54.325,0.6779,3.852,True,7,mechanical_001,694e94943eba5ec86f88e0f45b9a3be0ea739723f70d5cd41dfd57894d84bdea
2174,54.35,0.6782,3.8484,True,7,mechanical_001,694e94943eba5ec86f88e0f45b9a3be0ea739723f70d5cd41dfd57894d84bdea
2175,54.375,0.6785,3.8489,True,7,mechanical_001,694e94943eba5ec86f88e0f45b9a3be0ea739723f70d5cd41dfd57894d84bdea
2176,54.4,0.6788,3.8539,True,7,mechanical_001,694e94943eba5ec86f88e0f45b9a3be0ea739723f70d5cd41dfd57894d84bdea
2177,54.425,0.6791,3.8649,True,7,mechanical_001,694e94943eba5ec86f88e0f45b9a3be0ea739723f70d5cd41dfd57894d84bdea
2178,54.45,0.6794,3.877,True,7,mechanical_001,694e94943eba5ec86f88e0f45b9a3be0ea739723f70d5cd41dfd57894d84bdea
2179,54.475,0.6798,3.8844,True,7,mechanical_001,694e94943eba5ec86f88e0f45b9a3be0ea739723f70d5cd41dfd57894d84bdea
2180,54.5,0.6801,3.8898,True,7,mechanical_001,694e94943eba5ec86f88e0f45b9a3be0ea739723f70d5cd41dfd57894d84bdea
2181,54.525,0.6804,3.8949,True,7,mechanical_001,694e94943eba5ec86f88e0f45b9a3be0ea739723f70d5cd41dfd57894d84bdea
2182,54.55,0.6807,3.9017,True,7,mechanical_001,694e94943eba5ec86f88e0f45b9a3be0ea739723f70d5cd41dfd57894d84bdea
2183,54.575,0.681,3.9097,True,7,mechanical_001,694e94943eba5ec86f88e0f45b9a3be0ea739723f70d5cd41dfd57894d84bdea
2184,54.6,0.6813,3.9148,True,7,mechanical_001,694e94943eba5ec86f88e0f45b9a3be0ea739723f70d5cd41dfd57894d84bdea
2185,54.625,0.6817,3.9142,True,7,mechanical_001,694e94943eba5ec86f88e0f45b9a3be0ea739723f70d5cd41dfd57894d84bdea
2186,54.65,0.682,3.9126,True,7,mechanical_001,694e94943eba5ec86f88e0f45b9a3be0ea739723f70d5cd41dfd57894d84bdea
2187,54.675,0.6823,3.912,True,7,mechanical_001,694e94943eba5ec86f88e0f45b9a3be0ea739723f70d5cd41dfd57894d84bdea
2188,54.7,0.6826,3.9081,True,7,mechanical_001,694e94943eba5ec86f88e0f45b9a3be0ea739723f70d5cd41dfd57894d84bdea
2189,54.725,0.6829,3.9055,True,7,mechanical_001,694e94943eba5ec86f88e0f45b9a3be0ea739723f70d5cd41dfd57894d84bdea
2190,54.75,0.6832,3.9063,True,7,mechanical_001,694e94943eba5ec86f88e0f45b9a3be0ea739723f70d5cd41dfd57894d84bdea
2191,54.775,0.6835,3.9069,True,7,mechanical_001,694e94943eba5ec86f88e0f45b9a3be0ea739723f70d5cd41dfd57894d84bdea
2192,54.8,0.6838,3.9079,True,7,mechanical_001,694e94943eba5ec86f88e0f45b9a3be0ea739723f70d5cd41dfd57894d84bdea
2193,54.825,0.6841,3.9103,True,7,mechanical_001,694e94943eba5ec86f88e0f45b9a3be0ea739723f70d5cd41dfd57894d84bdea
2194,54.85,0.6844,3.9096,True,7,mechanical_001,694e94943eba5ec86f88e0f45b9a3be0ea739723f70d5cd41dfd57894d84bdea
2195,54.875,0.6847,3.909,True,7,mechanical_001,694e94943eba5ec86f88e0f45b9a3be0ea739723f70d5cd41dfd57894d84bdea
2196,54.9,0.6851,3.9094,True,7,mechanical_001,694e94943eba5ec86f88e0f45b9a3be0ea739723f70d5cd41dfd57894d84bdea
2197,54.925,0.6854,3.9098,True,7,mechanical_001,694e94943eba5ec86f88e0f45b9a3be0ea739723f70d5cd41dfd57894d84bdea
2198,54.95,0.6857,3.9177,True,7,mechanical_001,694e94943eba5ec86f88e0f45b9a3be0ea739723f70d5cd41dfd57894d84bdea
2199,54.975,0.686,3.9232,True,7,mechanical_001,694e94943eba5ec86f88e0f45b9a3be0ea739723f70d5cd41dfd57894d84bdea
2200,55.0,0.6863,3.9246,True,7,mechanical_001,694e94943eba5ec86f88e0f45b9a3be0ea739723f70d5cd41dfd57894d84bdea
2201,55.025,0.6866,3.9244,True,7,mechanical_001,694e94943eba5ec86f88e0f45b9a3be0ea739723f70d5cd41dfd57894d84bdea
2202,55.05,0.6869,3.9225,True,7,mechanical_001,694e94943eba5ec86f88e0f45b9a3be0ea739723f70d5cd41dfd57894d84bdea
2203,55.075,0.6872,3.9225,True,7,mechanical_001,694e94943eba5ec86f88e0f45b9a3be0ea739723f70d5cd41dfd57894d84bdea
2204,55.1,0.6875,3.9207,True,7,mechanical_001,694e94943eba5ec86f88e0f45b9a3be0ea739723f70d5cd41dfd57894d84bdea
2205,55.125,0.6878,3.9214,True,7,mechanical_001,694e94943eba5ec86f88e0f45b9a3be0ea739723f70d5cd41dfd57894d84bdea
2206,55.15,0.6881,3.927,True,7,mechanical_001,694e94943eba5ec86f88e0f45b9a3be0ea739723f70d5cd41dfd57894d84bdea
2207,55.175,0.6884,3.9315,True,7,mechanical_001,694e94943eba5ec86f88e0f45b9a3be0ea739723f70d5cd41dfd57894d84bdea
2208,55.2,0.6888,3.9381,True,7,mechanical_001,694e94943eba5ec86f88e0f45b9a3be0ea739723f70d5cd41dfd57894d84bdea
2209,55.225,0.6891,3.9454,True,7,mechanical_001,694e94943eba5ec86f88e0f45b9a3be0ea739723f70d5cd41dfd57894d84bdea
2210,55.25,0.6894,3.9521,True,7,mechanical_001,694e94943eba5ec86f88e0f45b9a3be0ea739723f70d5cd41dfd57894d84bdea
2211,55.275,0.6897,3.9598,True,7,mechanical_001,694e94943eba5ec86f88e0f45b9a3be0ea739723f70d5cd41dfd57894d84bdea
2212,55.3,0.69,3.9683,True,7,mechanical_001,694e94943eba5ec86f88e0f45b9a3be0ea739723f70d5cd41dfd57894d84bdea
2213,55.325,0.6903,3.9786,True,7,mechanical_001,694e94943eba5ec86f88e0f45b9a3be0ea739723f70d5cd41dfd57894d84bdea
2214,55.35,0.6907,3.9873,True,7,mechanical_001,694e94943eba5ec86f88e0f45b9a3be0ea739723f70d5cd41dfd57894d84bdea
2215,55.375,0.691,3.997,True,7,mechanical_001,694e94943eba5ec86f88e0f45b9a3be0ea739723f70d5cd41dfd57894d84bdea
2216,55.4,0.6913,4.0015,True,7,mechanical_001,694e94943eba5ec86f88e0f45b9a3be0ea739723f70d5cd41dfd57894d84bdea
2217,55.425,0.6916,4.0021,True,7,mechanical_001,694e94943eba5ec86f88e0f45b9a3be0ea739723f70d5cd41dfd57894d84bdea
2218,55.45,0.6919,4.0005,True,7,mechanical_001,694e94943eba5ec86f88e0f45b9a3be0ea739723f70d5cd41dfd57894d84bdea
2219,55.475,0.6922,4.0013,True,7,mechanical_001,694e94943eba5ec86f88e0f45b9a3be0ea739723f70d5cd41dfd57894d84bdea
2220,55.5,0.6925,4.0021,True,7,mechanical_001,694e94943eba5ec86f88e0f45b9a3be0ea739723f70d5cd41dfd57894d84bdea
2221,55.525,0.6929,4.0053,True,7,mechanical_001,694e94943eba5ec86f88e0f45b9a3be0ea739723f70d5cd41dfd57894d84bdea
2222,55.55,0.6932,4.0077,True,7,mechanical_001,694e94943eba5ec86f88e0f45b9a3be0ea739723f70d5cd41dfd57894d84bdea
2223,55.575,0.6935,4.0113,True,7,mechanical_001,694e94943eba5ec86f88e0f45b9a3be0ea739723f70d5cd41dfd57894d84bdea
2224,55.6,0.6938,4.0156,True,7,mechanical_001,694e94943eba5ec86f88e0f45b9a3be0ea739723f70d5cd41dfd57894d84bdea
2225,55.625,0.6941,4.0233,True,7,mechanical_001,694e94943eba5ec86f88e0f45b9a3be0ea739723f70d5cd41dfd57894d84bdea
2226,55.65,0.6944,4.0324,True,7,mechanical_001,694e94943eba5ec86f88e0f45b9a3be0ea739723f70d5cd41dfd57894d84bdea
2227,55.675,0.6947,4.0366,True,7,mechanical_001,694e94943eba5ec86f88e0f45b9a3be0ea739723f70d5cd41dfd57894d84bdea
2228,55.7,0.6951,4.0364,True,7,mechanical_001,694e94943eba5ec86f88e0f45b9a3be0ea739723f70d5cd41dfd57894d84bdea
2229,55.725,0.6954,4.0375,True,7,mechanical_001,694e94943eba5ec86f88e0f45b9a3be0ea739723f70d5cd41dfd57894d84bdea
2230,55.75,0.6957,4.037,True,7,mechanical_001,694e94943eba5ec86f88e0f45b9a3be0ea739723f70d5cd41dfd57894d84bdea
2231,55.775,0.696,4.0345,True,7,mechanical_001,694e94943eba5ec86f88e0f45b9a3be0ea739723f70d5cd41dfd57894d84bdea
2232,55.8,0.6963,4.0329,True,7,mechanical_001,694e94943eba5ec86f88e0f45b9a3be0ea739723f70d5cd41dfd57894d84bdea
2233,55.825,0.6966,4.0365,True,7,mechanical_001,694e94943eba5ec86f88e0f45b9a3be0ea739723f70d5cd41dfd57894d84bdea
2234,55.85,0.6969,4.0395,True,7,mechanical_001,694e94943eba5ec86f88e0f45b9a3be0ea739723f70d5cd41dfd57894d84bdea
2235,55.875,0.6972,4.0441,True,7,mechanical_001,694e94943eba5ec86f88e0f45b9a3be0ea739723f70d5cd41dfd57894d84bdea
2236,55.9,0.6975,4.0521,True,7,mechanical_001,694e94943eba5ec86f88e0f45b9a3be0ea739723f70d5cd41dfd57894d84bdea
2237,55.925,0.6978,4.0564,True,7,mechanical_001,694e94943eba5ec86f88e0f45b9a3be0ea739723f70d5cd41dfd57894d84bdea
2238,55.95,0.6981,4.0583,True,7,mechanical_001,694e94943eba5ec86f88e0f45b9a3be0ea739723f70d5cd41dfd57894d84bdea
2239,55.975,0.6984,4.0642,True,7,mechanical_001,694e94943eba5ec86f88e0f45b9a3be0ea739723f70d5cd41dfd57894d84bdea
2240,56.0,0.6987,4.0688,True,7,mechanical_001,694e94943eba5ec86f88e0f45b9a3be0ea739723f70d5cd41dfd57894d84bdea
2241,56.025,0.699,4.0756,True,7,mechanical_001,694e94943eba5ec86f88e0f45b9a3be0ea739723f70d5cd41dfd57894d84bdea
2242,56.05,0.6993,4.0843,True,7,mechanical_001,694e94943eba5ec86f88e0f45b9a3be0ea739723f70d5cd41dfd57894d84bdea
2243,56.075,0.6996,4.0922,True,7,mechanical_001,694e94943eba5ec86f88e0f45b9a3be0ea739723f70d5cd41dfd57894d84bdea
2244,56.1,0.6999,4.1037,True,7,mechanical_001,694e94943eba5ec86f88e0f45b9a3be0ea739723f70d5cd41dfd57894d84bdea
2245,56.125,0.7002,4.1184,True,7,mechanical_001,694e94943eba5ec86f88e0f45b9a3be0ea739723f70d5cd41dfd57894d84bdea
2246,56.15,0.7005,4.1302,True,7,mechanical_001,694e94943eba5ec86f88e0f45b9a3be0ea739723f70d5cd41dfd57894d84bdea
2247,56.175,0.7008,4.1404,True,7,mechanical_001,694e94943eba5ec86f88e0f45b9a3be0ea739723f70d5cd41dfd57894d84bdea
2248,56.2,0.7011,4.1494,True,7,mechanical_001,694e94943eba5ec86f88e0f45b9a3be0ea739723f70d5cd41dfd57894d84bdea
2249,56.225,0.7014,4.1596,True,7,mechanical_001,694e94943eba5ec86f88e0f45b9a3be0ea739723f70d5cd41dfd57894d84bdea
2250,56.25,0.7018,4.1656,True,7,mechanical_001,694e94943eba5ec86f88e0f45b9a3be0ea739723f70d5cd41dfd57894d84bdea
2251,56.275,0.7021,4.1739,True,7,mechanical_001,694e94943eba5ec86f88e0f45b9a3be0ea739723f70d5cd41dfd57894d84bdea
2252,56.3,0.7024,4.1868,True,7,mechanical_001,694e94943eba5ec86f88e0f45b9a3be0ea739723f70d5cd41dfd57894d84bdea
2253,56.325,0.7027,4.1968,True,7,mechanical_001,694e94943eba5ec86f88e0f45b9a3be0ea739723f70d5cd41dfd57894d84bdea
2254,56.35,0.703,4.2078,True,7,mechanical_001,694e94943eba5ec86f88e0f45b9a3be0ea739723f70d5cd41dfd57894d84bdea
2255,56.375,0.7033,4.2146,True,7,mechanical_001,694e94943eba5ec86f88e0f45b9a3be0ea739723f70d5cd41dfd57894d84bdea
2256,56.4,0.7036,4.221,True,7,mechanical_001,694e94943eba5ec86f88e0f45b9a3be0ea739723f70d5cd41dfd57894d84bdea
2257,56.425,0.704,4.2262,True,7,mechanical_001,694e94943eba5ec86f88e0f45b9a3be0ea739723f70d5cd41dfd57894d84bdea
2258,56.45,0.7043,4.2287,True,7,mechanical_001,694e94943eba5ec86f88e0f45b9a3be0ea739723f70d5cd41dfd57894d84bdea
2259,56.475,0.7046,4.231,True,7,mechanical_001,694e94943eba5ec86f88e0f45b9a3be0ea739723f70d5cd41dfd57894d84bdea
2260,56.5,0.7049,4.2328,True,7,mechanical_001,694e94943eba5ec86f88e0f45b9a3be0ea739723f70d5cd41dfd57894d84bdea
2261,56.525,0.7052,4.2388,True,7,mechanical_001,694e94943eba5ec86f88e0f45b9a3be0ea739723f70d5cd41dfd57894d84bdea
2262,56.55,0.7055,4.2504,True,7,mechanical_001,694e94943eba5ec86f88e0f45b9a3be0ea739723f70d5cd41dfd57894d84bdea
2263,56.575,0.7058,4.2628,True,7,mechanical_001,694e94943eba5ec86f88e0f45b9a3be0ea739723f70d5cd41dfd57894d84bdea
2264,56.6,0.7061,4.2717,True,7,mechanical_001,694e94943eba5ec86f88e0f45b9a3be0ea739723f70d5cd41dfd57894d84bdea
2265,56.625,0.7064,4.2789,True,7,mechanical_001,694e94943eba5ec86f88e0f45b9a3be0ea739723f70d5cd41dfd57894d84bdea
2266,56.65,0.7067,4.2812,True,7,mechanical_001,694e94943eba5ec86f88e0f45b9a3be0ea739723f70d5cd41dfd57894d84bdea
2267,56.675,0.7071,4.286,True,7,mechanical_001,694e94943eba5ec86f88e0f45b9a3be0ea739723f70d5cd41dfd57894d84bdea
2268,56.7,0.7074,4.2897,True,7,mechanical_001,694e94943eba5ec86f88e0f45b9a3be0ea739723f70d5cd41dfd57894d84bdea
2269,56.725,0.7077,4.2926,True,7,mechanical_001,694e94943eba5ec86f88e0f45b9a3be0ea739723f70d5cd41dfd57894d84bdea
2270,56.75,0.708,4.2987,True,7,mechanical_001,694e94943eba5ec86f88e0f45b9a3be0ea739723f70d5cd41dfd57894d84bdea
2271,56.775,0.7083,4.3054,True,7,mechanical_001,694e94943eba5ec86f88e0f45b9a3be0ea739723f70d5cd41dfd57894d84bdea
2272,56.8,0.7086,4.3128,True,7,mechanical_001,694e94943eba5ec86f88e0f45b9a3be0ea739723f70d5cd41dfd57894d84bdea
2273,56.825,0.7089,4.3187,True,7,mechanical_001,694e94943eba5ec86f88e0f45b9a3be0ea739723f70d5cd41dfd57894d84bdea
2274,56.85,0.7092,4.3253,True,7,mechanical_001,694e94943eba5ec86f88e0f45b9a3be0ea739723f70d5cd41dfd57894d84bdea
2275,56.875,0.7095,4.3316,True,7,mechanical_001,694e94943eba5ec86f88e0f45b9a3be0ea739723f70d5cd41dfd57894d84bdea
2276,56.9,0.7098,4.3367,True,7,mechanical_001,694e94943eba5ec86f88e0f45b9a3be0ea739723f70d5cd41dfd57894d84bdea
2277,56.925,0.7101,4.343,True,7,mechanical_001,694e94943eba5ec86f88e0f45b9a3be0ea739723f70d5cd41dfd57894d84bdea
2278,56.95,0.7104,4.3488,True,7,mechanical_001,694e94943eba5ec86f88e0f45b9a3be0ea739723f70d5cd41dfd57894d84bdea
2279,56.975,0.7108,4.355,True,7,mechanical_001,694e94943eba5ec86f88e0f45b9a3be0ea739723f70d5cd41dfd57894d84bdea
2280,57.0,0.7111,4.3623,True,7,mechanical_001,694e94943eba5ec86f88e0f45b9a3be0ea739723f70d5cd41dfd57894d84bdea
2281,57.025,0.7114,4.3726,True,7,mechanical_001,694e94943eba5ec86f88e0f45b9a3be0ea739723f70d5cd41dfd57894d84bdea
2282,57.05,0.7117,4.381,True,7,mechanical_001,694e94943eba5ec86f88e0f45b9a3be0ea739723f70d5cd41dfd57894d84bdea
2283,57.075,0.712,4.3869,True,7,mechanical_001,694e94943eba5ec86f88e0f45b9a3be0ea739723f70d5cd41dfd57894d84bdea
2284,57.1,0.7123,4.3915,True,7,mechanical_001,694e94943eba5ec86f88e0f45b9a3be0ea739723f70d5cd41dfd57894d84bdea
2285,57.125,0.7126,4.3925,True,7,mechanical_001,694e94943eba5ec86f88e0f45b9a3be0ea739723f70d5cd41dfd57894d84bdea
2286,57.15,0.7129,4.3977,True,7,mechanical_001,694e94943eba5ec86f88e0f45b9a3be0ea739723f70d5cd41dfd57894d84bdea
2287,57.175,0.7132,4.4024,True,7,mechanical_001,694e94943eba5ec86f88e0f45b9a3be0ea739723f70d5cd41dfd57894d84bdea
2288,57.2,0.7135,4.4055,True,7,mechanical_001,694e94943eba5ec86f88e0f45b9a3be0ea739723f70d5cd41dfd57894d84bdea
2289,57.225,0.7139,4.4084,True,7,mechanical_001,694e94943eba5ec86f88e0f45b9a3be0ea739723f70d5cd41dfd57894d84bdea
2290,57.25,0.7142,4.412,True,7,mechanical_001,694e94943eba5ec86f88e0f45b9a3be0ea739723f70d5cd41dfd57894d84bdea
2291,57.275,0.7145,4.4165,True,7,mechanical_001,694e94943eba5ec86f88e0f45b9a3be0ea739723f70d5cd41dfd57894d84bdea
2292,57.3,0.7148,4.4236,True,7,mechanical_001,694e94943eba5ec86f88e0f45b9a3be0ea739723f70d5cd41dfd57894d84bdea
2293,57.325,0.7151,4.4334,True,7,mechanical_001,694e94943eba5ec86f88e0f45b9a3be0ea739723f70d5cd41dfd57894d84bdea
2294,57.35,0.7155,4.4422,True,7,mechanical_001,694e94943eba5ec86f88e0f45b9a3be0ea739723f70d5cd41dfd57894d84bdea
2295,57.375,0.7158,4.4471,True,7,mechanical_001,694e94943eba5ec86f88e0f45b9a3be0ea739723f70d5cd41dfd57894d84bdea
2296,57.4,0.7161,4.4531,True,7,mechanical_001,694e94943eba5ec86f88e0f45b9a3be0ea739723f70d5cd41dfd57894d84bdea
2297,57.425,0.7164,4.4601,True,7,mechanical_001,694e94943eba5ec86f88e0f45b9a3be0ea739723f70d5cd41dfd57894d84bdea
2298,57.45,0.7168,4.4655,True,7,mechanical_001,694e94943eba5ec86f88e0f45b9a3be0ea739723f70d5cd41dfd57894d84bdea
2299,57.475,0.7171,4.4688,True,7,mechanical_001,694e94943eba5ec86f88e0f45b9a3be0ea739723f70d5cd41dfd57894d84bdea
2300,57.5,0.7174,4.4682,True,7,mechanical_001,694e94943eba5ec86f88e0f45b9a3be0ea739723f70d5cd41dfd57894d84bdea
2301,57.525,0.7177,4.4641,True,7,mechanical_001,694e94943eba5ec86f88e0f45b9a3be0ea739723f70d5cd41dfd57894d84bdea
2302,57.55,0.718,4.4593,True,7,mechanical_001,694e94943eba5ec86f88e0f45b9a3be0ea739723f70d5cd41dfd57894d84bdea
2303,57.575,0.7183,4.4586,True,7,mechanical_001,694e94943eba5ec86f88e0f45b9a3be0ea739723f70d5cd41dfd57894d84bdea
2304,57.6,0.7186,4.4588,True,7,mechanical_001,694e94943eba5ec86f88e0f45b9a3be0ea739723f70d5cd41dfd57894d84bdea
2305,57.625,0.719,4.4634,True,7,mechanical_001,694e94943eba5ec86f88e0f45b9a3be0ea739723f70d5cd41dfd57894d84bdea
2306,57.65,0.7193,4.4694,True,7,mechanical_001,694e94943eba5ec86f88e0f45b9a3be0ea739723f70d5cd41dfd57894d84bdea
2307,57.675,0.7196,4.4749,True,7,mechanical_001,694e94943eba5ec86f88e0f45b9a3be0ea739723f70d5cd41dfd57894d84bdea
2308,57.7,0.7199,4.4863,True,7,mechanical_001,694e94943eba5ec86f88e0f45b9a3be0ea739723f70d5cd41dfd57894d84bdea
2309,57.725,0.7203,4.4954,True,7,mechanical_001,694e94943eba5ec86f88e0f45b9a3be0ea739723f70d5cd41dfd57894d84bdea
2310,57.75,0.7206,4.506,True,7,mechanical_001,694e94943eba5ec86f88e0f45b9a3be0ea739723f70d5cd41dfd57894d84bdea
2311,57.775,0.721,4.5182,True,7,mechanical_001,694e94943eba5ec86f88e0f45b9a3be0ea739723f70d5cd41dfd57894d84bdea
2312,57.8,0.7213,4.5315,True,7,mechanical_001,694e94943eba5ec86f88e0f45b9a3be0ea739723f70d5cd41dfd57894d84bdea
2313,57.825,0.7217,4.5443,True,7,mechanical_001,694e94943eba5ec86f88e0f45b9a3be0ea739723f70d5cd41dfd57894d84bdea
2314,57.85,0.722,4.5495,True,7,mechanical_001,694e94943eba5ec86f88e0f45b9a3be0ea739723f70d5cd41dfd57894d84bdea
2315,57.875,0.7223,4.5449,True,7,mechanical_001,694e94943eba5ec86f88e0f45b9a3be0ea739723f70d5cd41dfd57894d84bdea
2316,57.9,0.7226,4.5352,True,7,mechanical_001,694e94943eba5ec86f88e0f45b9a3be0ea739723f70d5cd41dfd57894d84bdea
2317,57.925,0.7229,4.5237,True,7,mechanical_001,694e94943eba5ec86f88e0f45b9a3be0ea739723f70d5cd41dfd57894d84bdea
2318,57.95,0.7232,4.5142,True,7,mechanical_001,694e94943eba5ec86f88e0f45b9a3be0ea739723f70d5cd41dfd57894d84bdea
2319,57.975,0.7235,4.5018,True,7,mechanical_001,694e94943eba5ec86f88e0f45b9a3be0ea739723f70d5cd41dfd57894d84bdea
2320,58.0,0.7238,4.4934,True,7,mechanical_001,694e94943eba5ec86f88e0f45b9a3be0ea739723f70d5cd41dfd57894d84bdea
2321,58.025,0.7241,4.4891,True,7,mechanical_001,694e94943eba5ec86f88e0f45b9a3be0ea739723f70d5cd41dfd57894d84bdea
2322,58.05,0.7244,4.4886,True,7,mechanical_001,694e94943eba5ec86f88e0f45b9a3be0ea739723f70d5cd41dfd57894d84bdea
2323,58.075,0.7247,4.4903,True,7,mechanical_001,694e94943eba5ec86f88e0f45b9a3be0ea739723f70d5cd41dfd57894d84bdea
2324,58.1,0.7251,4.4958,True,7,mechanical_001,694e94943eba5ec86f88e0f45b9a3be0ea739723f70d5cd41dfd57894d84bdea
2325,58.125,0.7254,4.5038,True,7,mechanical_001,694e94943eba5ec86f88e0f45b9a3be0ea739723f70d5cd41dfd57894d84bdea
2326,58.15,0.7257,4.5067,True,7,mechanical_001,694e94943eba5ec86f88e0f45b9a3be0ea739723f70d5cd41dfd57894d84bdea
2327,58.175,0.726,4.5059,True,7,mechanical_001,694e94943eba5ec86f88e0f45b9a3be0ea739723f70d5cd41dfd57894d84bdea
2328,58.2,0.7263,4.5055,True,7,mechanical_001,694e94943eba5ec86f88e0f45b9a3be0ea739723f70d5cd41dfd57894d84bdea
2329,58.225,0.7266,4.5047,True,7,mechanical_001,694e94943eba5ec86f88e0f45b9a3be0ea739723f70d5cd41dfd57894d84bdea
2330,58.25,0.7269,4.5052,True,7,mechanical_001,694e94943eba5ec86f88e0f45b9a3be0ea739723f70d5cd41dfd57894d84bdea
2331,58.275,0.7273,4.5058,True,7,mechanical_001,694e94943eba5ec86f88e0f45b9a3be0ea739723f70d5cd41dfd57894d84bdea
2332,58.3,0.7276,4.5052,True,7,mechanical_001,694e94943eba5ec86f88e0f45b9a3be0ea739723f70d5cd41dfd57894d84bdea
2333,58.325,0.7279,4.5007,True,7,mechanical_001,694e94943eba5ec86f88e0f45b9a3be0ea739723f70d5cd41dfd57894d84bdea
2334,58.35,0.7282,4.4959,True,7,mechanical_001,694e94943eba5ec86f88e0f45b9a3be0ea739723f70d5cd41dfd57894d84bdea
2335,58.375,0.7285,4.4948,True,7,mechanical_001,694e94943eba5ec86f88e0f45b9a3be0ea739723f70d5cd41dfd57894d84bdea
2336,58.4,0.7288,4.4951,True,7,mechanical_001,694e94943eba5ec86f88e0f45b9a3be0ea739723f70d5cd41dfd57894d84bdea
2337,58.425,0.7291,4.4947,True,7,mechanical_001,694e94943eba5ec86f88e0f45b9a3be0ea739723f70d5cd41dfd57894d84bdea
2338,58.45,0.7294,4.4948,True,7,mechanical_001,694e94943eba5ec86f88e0f45b9a3be0ea739723f70d5cd41dfd57894d84bdea
2339,58.475,0.7297,4.4918,True,7,mechanical_001,694e94943eba5ec86f88e0f45b9a3be0ea739723f70d5cd41dfd57894d84bdea
2340,58.5,0.73,4.4886,True,7,mechanical_001,694e94943eba5ec86f88e0f45b9a3be0ea739723f70d5cd41dfd57894d84bdea
2341,58.525,0.7303,4.4861,True,7,mechanical_001,694e94943eba5ec86f88e0f45b9a3be0ea739723f70d5cd41dfd57894d84bdea
2342,58.55,0.7305,4.4807,True,7,mechanical_001,694e94943eba5ec86f88e0f45b9a3be0ea739723f70d5cd41dfd57894d84bdea
2343,58.575,0.7308,4.4741,True,7,mechanical_001,694e94943eba5ec86f88e0f45b9a3be0ea739723f70d5cd41dfd57894d84bdea
2344,58.6,0.7311,4.4731,True,7,mechanical_001,694e94943eba5ec86f88e0f45b9a3be0ea739723f70d5cd41dfd57894d84bdea
2345,58.625,0.7314,4.4782,True,7,mechanical_001,694e94943eba5ec86f88e0f45b9a3be0ea739723f70d5cd41dfd57894d84bdea
2346,58.65,0.7317,4.4854,True,7,mechanical_001,694e94943eba5ec86f88e0f45b9a3be0ea739723f70d5cd41dfd57894d84bdea
2347,58.675,0.732,4.4983,True,7,mechanical_001,694e94943eba5ec86f88e0f45b9a3be0ea739723f70d5cd41dfd57894d84bdea
2348,58.7,0.7323,4.5108,True,7,mechanical_001,694e94943eba5ec86f88e0f45b9a3be0ea739723f70d5cd41dfd57894d84bdea
2349,58.725,0.7326,4.5224,True,7,mechanical_001,694e94943eba5ec86f88e0f45b9a3be0ea739723f70d5cd41dfd57894d84bdea
2350,58.75,0.7329,4.5361,True,7,mechanical_001,694e94943eba5ec86f88e0f45b9a3be0ea739723f70d5cd41dfd57894d84bdea
2351,58.775,0.7333,4.5488,True,7,mechanical_001,694e94943eba5ec86f88e0f45b9a3be0ea739723f70d5cd41dfd57894d84bdea
2352,58.8,0.7336,4.5577,True,7,mechanical_001,694e94943eba5ec86f88e0f45b9a3be0ea739723f70d5cd41dfd57894d84bdea
2353,58.825,0.7339,4.5702,True,7,mechanical_001,694e94943eba5ec86f88e0f45b9a3be0ea739723f70d5cd41dfd57894d84bdea
2354,58.85,0.7343,4.5824,True,7,mechanical_001,694e94943eba5ec86f88e0f45b9a3be0ea739723f70d5cd41dfd57894d84bdea
2355,58.875,0.7346,4.5939,True,7,mechanical_001,694e94943eba5ec86f88e0f45b9a3be0ea739723f70d5cd41dfd57894d84bdea
2356,58.9,0.7349,4.6008,True,7,mechanical_001,694e94943eba5ec86f88e0f45b9a3be0ea739723f70d5cd41dfd57894d84bdea
2357,58.925,0.7352,4.6025,True,7,mechanical_001,694e94943eba5ec86f88e0f45b9a3be0ea739723f70d5cd41dfd57894d84bdea
2358,58.95,0.7355,4.604,True,7,mechanical_001,694e94943eba5ec86f88e0f45b9a3be0ea739723f70d5cd41dfd57894d84bdea
2359,58.975,0.7358,4.6058,True,7,mechanical_001,694e94943eba5ec86f88e0f45b9a3be0ea739723f70d5cd41dfd57894d84bdea
2360,59.0,0.7361,4.6067,True,7,mechanical_001,694e94943eba5ec86f88e0f45b9a3be0ea739723f70d5cd41dfd57894d84bdea
2361,59.025,0.7365,4.606,True,7,mechanical_001,694e94943eba5ec86f88e0f45b9a3be0ea739723f70d5cd41dfd57894d84bdea
2362,59.05,0.7368,4.6065,True,7,mechanical_001,694e94943eba5ec86f88e0f45b9a3be0ea739723f70d5cd41dfd57894d84bdea
2363,59.075,0.7371,4.6105,True,7,mechanical_001,694e94943eba5ec86f88e0f45b9a3be0ea739723f70d5cd41dfd57894d84bdea
2364,59.1,0.7374,4.6177,True,7,mechanical_001,694e94943eba5ec86f88e0f45b9a3be0ea739723f70d5cd41dfd57894d84bdea
2365,59.125,0.7377,4.6266,True,7,mechanical_001,694e94943eba5ec86f88e0f45b9a3be0ea739723f70d5cd41dfd57894d84bdea
2366,59.15,0.738,4.633,True,7,mechanical_001,694e94943eba5ec86f88e0f45b9a3be0ea739723f70d5cd41dfd57894d84bdea
2367,59.175,0.7383,4.6357,True,7,mechanical_001,694e94943eba5ec86f88e0f45b9a3be0ea739723f70d5cd41dfd57894d84bdea
2368,59.2,0.7386,4.6349,True,7,mechanical_001,694e94943eba5ec86f88e0f45b9a3be0ea739723f70d5cd41dfd57894d84bdea
2369,59.225,0.739,4.6364,True,7,mechanical_001,694e94943eba5ec86f88e0f45b9a3be0ea739723f70d5cd41dfd57894d84bdea
2370,59.25,0.7393,4.6379,True,7,mechanical_001,694e94943eba5ec86f88e0f45b9a3be0ea739723f70d5cd41dfd57894d84bdea
2371,59.275,0.7396,4.6367,True,7,mechanical_001,694e94943eba5ec86f88e0f45b9a3be0ea739723f70d5cd41dfd57894d84bdea
2372,59.3,0.7399,4.6377,True,7,mechanical_001,694e94943eba5ec86f88e0f45b9a3be0ea739723f70d5cd41dfd57894d84bdea
2373,59.325,0.7402,4.6378,True,7,mechanical_001,694e94943eba5ec86f88e0f45b9a3be0ea739723f70d5cd41dfd57894d84bdea
2374,59.35,0.7405,4.6399,True,7,mechanical_001,694e94943eba5ec86f88e0f45b9a3be0ea739723f70d5cd41dfd57894d84bdea
2375,59.375,0.7409,4.6446,True,7,mechanical_001,694e94943eba5ec86f88e0f45b9a3be0ea739723f70d5cd41dfd57894d84bdea
2376,59.4,0.7412,4.649,True,7,mechanical_001,694e94943eba5ec86f88e0f45b9a3be0ea739723f70d5cd41dfd57894d84bdea
2377,59.425,0.7415,4.6573,True,7,mechanical_001,694e94943eba5ec86f88e0f45b9a3be0ea739723f70d5cd41dfd57894d84bdea
2378,59.45,0.7418,4.6676,True,7,mechanical_001,694e94943eba5ec86f88e0f45b9a3be0ea739723f70d5cd41dfd57894d84bdea
2379,59.475,0.7421,4.6753,True,7,mechanical_001,694e94943eba5ec86f88e0f45b9a3be0ea739723f70d5cd41dfd57894d84bdea
2380,59.5,0.7425,4.6885,True,7,mechanical_001,694e94943eba5ec86f88e0f45b9a3be0ea739723f70d5cd41dfd57894d84bdea
2381,59.525,0.7428,4.7042,True,7,mechanical_001,694e94943eba5ec86f88e0f45b9a3be0ea739723f70d5cd41dfd57894d84bdea
2382,59.55,0.7431,4.7187,True,7,mechanical_001,694e94943eba5ec86f88e0f45b9a3be0ea739723f70d5cd41dfd57894d84bdea
2383,59.575,0.7435,4.7287,True,7,mechanical_001,694e94943eba5ec86f88e0f45b9a3be0ea739723f70d5cd41dfd57894d84bdea
2384,59.6,0.7438,4.7364,True,7,mechanical_001,694e94943eba5ec86f88e0f45b9a3be0ea739723f70d5cd41dfd57894d84bdea
2385,59.625,0.7442,4.735,True,7,mechanical_001,694e94943eba5ec86f88e0f45b9a3be0ea739723f70d5cd41dfd57894d84bdea
2386,59.65,0.7445,4.7294,True,7,mechanical_001,694e94943eba5ec86f88e0f45b9a3be0ea739723f70d5cd41dfd57894d84bdea
2387,59.675,0.7448,4.7249,True,7,mechanical_001,694e94943eba5ec86f88e0f45b9a3be0ea739723f70d5cd41dfd57894d84bdea
2388,59.7,0.7451,4.7204,True,7,mechanical_001,694e94943eba5ec86f88e0f45b9a3be0ea739723f70d5cd41dfd57894d84bdea
2389,59.725,0.7454,4.7123,True,7,mechanical_001,694e94943eba5ec86f88e0f45b9a3be0ea739723f70d5cd41dfd57894d84bdea
2390,59.75,0.7457,4.702,True,7,mechanical_001,694e94943eba5ec86f88e0f45b9a3be0ea739723f70d5cd41dfd57894d84bdea
2391,59.775,0.746,4.6935,True,7,mechanical_001,694e94943eba5ec86f88e0f45b9a3be0ea739723f70d5cd41dfd57894d84bdea
2392,59.8,0.7463,4.6863,True,7,mechanical_001,694e94943eba5ec86f88e0f45b9a3be0ea739723f70d5cd41dfd57894d84bdea
2393,59.825,0.7466,4.682,True,7,mechanical_001,694e94943eba5ec86f88e0f45b9a3be0ea739723f70d5cd41dfd57894d84bdea
2394,59.85,0.7469,4.6824,True,7,mechanical_001,694e94943eba5ec86f88e0f45b9a3be0ea739723f70d5cd41dfd57894d84bdea
2395,59.875,0.7472,4.6861,True,7,mechanical_001,694e94943eba5ec86f88e0f45b9a3be0ea739723f70d5cd41dfd57894d84bdea
2396,59.9,0.7475,4.6954,True,7,mechanical_001,694e94943eba5ec86f88e0f45b9a3be0ea739723f70d5cd41dfd57894d84bdea
2397,59.925,0.7479,4.7073,True,7,mechanical_001,694e94943eba5ec86f88e0f45b9a3be0ea739723f70d5cd41dfd57894d84bdea
2398,59.95,0.7482,4.7167,True,7,mechanical_001,694e94943eba5ec86f88e0f45b9a3be0ea739723f70d5cd41dfd57894d84bdea
2399,59.975,0.7485,4.7258,True,7,mechanical_001,694e94943eba5ec86f88e0f45b9a3be0ea739723f70d5cd41dfd57894d84bdea
2400,60.0,0.7488,4.7311,True,7,mechanical_001,694e94943eba5ec86f88e0f45b9a3be0ea739723f70d5cd41dfd57894d84bdea
2401,60.025,0.7492,4.7317,True,7,mechanical_001,694e94943eba5ec86f88e0f45b9a3be0ea739723f70d5cd41dfd57894d84bdea
2402,60.05,0.7495,4.7294,True,7,mechanical_001,694e94943eba5ec86f88e0f45b9a3be0ea739723f70d5cd41dfd57894d84bdea
2403,60.075,0.7498,4.7318,True,7,mechanical_001,694e94943eba5ec86f88e0f45b9a3be0ea739723f70d5cd41dfd57894d84bdea
2404,60.1,0.7501,4.7324,True,7,mechanical_001,694e94943eba5ec86f88e0f45b9a3be0ea739723f70d5cd41dfd57894d84bdea
2405,60.125,0.7504,4.7329,True,7,mechanical_001,694e94943eba5ec86f88e0f45b9a3be0ea739723f70d5cd41dfd57894d84bdea
2406,60.15,0.7507,4.7326,True,7,mechanical_001,694e94943eba5ec86f88e0f45b9a3be0ea739723f70d5cd41dfd57894d84bdea
2407,60.175,0.751,4.7346,True,7,mechanical_001,694e94943eba5ec86f88e0f45b9a3be0ea739723f70d5cd41dfd57894d84bdea
2408,60.2,0.7513,4.7364,True,7,mechanical_001,694e94943eba5ec86f88e0f45b9a3be0ea739723f70d5cd41dfd57894d84bdea
2409,60.225,0.7516,4.7368,True,7,mechanical_001,694e94943eba5ec86f88e0f45b9a3be0ea739723f70d5cd41dfd57894d84bdea
2410,60.25,0.7519,4.7353,True,7,mechanical_001,694e94943eba5ec86f88e0f45b9a3be0ea739723f70d5cd41dfd57894d84bdea
2411,60.275,0.7522,4.7353,True,7,mechanical_001,694e94943eba5ec86f88e0f45b9a3be0ea739723f70d5cd41dfd57894d84bdea
2412,60.3,0.7525,4.7353,True,7,mechanical_001,694e94943eba5ec86f88e0f45b9a3be0ea739723f70d5cd41dfd57894d84bdea
2413,60.325,0.7528,4.7312,True,7,mechanical_001,694e94943eba5ec86f88e0f45b9a3be0ea739723f70d5cd41dfd57894d84bdea
2414,60.35,0.7531,4.7245,True,7,mechanical_001,694e94943eba5ec86f88e0f45b9a3be0ea739723f70d5cd41dfd57894d84bdea
2415,60.375,0.7534,4.7172,True,7,mechanical_001,694e94943eba5ec86f88e0f45b9a3be0ea739723f70d5cd41dfd57894d84bdea
2416,60.4,0.7537,4.7066,True,7,mechanical_001,694e94943eba5ec86f88e0f45b9a3be0ea739723f70d5cd41dfd57894d84bdea
2417,60.425,0.754,4.6915,True,7,mechanical_001,694e94943eba5ec86f88e0f45b9a3be0ea739723f70d5cd41dfd57894d84bdea
2418,60.45,0.7543,4.6744,True,7,mechanical_001,694e94943eba5ec86f88e0f45b9a3be0ea739723f70d5cd41dfd57894d84bdea
2419,60.475,0.7546,4.6563,True,7,mechanical_001,694e94943eba5ec86f88e0f45b9a3be0ea739723f70d5cd41dfd57894d84bdea
2420,60.5,0.7548,4.6412,True,7,mechanical_001,694e94943eba5ec86f88e0f45b9a3be0ea739723f70d5cd41dfd57894d84bdea
2421,60.525,0.7551,4.6327,True,7,mechanical_001,694e94943eba5ec86f88e0f45b9a3be0ea739723f70d5cd41dfd57894d84bdea
2422,60.55,0.7554,4.6294,True,7,mechanical_001,694e94943eba5ec86f88e0f45b9a3be0ea739723f70d5cd41dfd57894d84bdea
2423,60.575,0.7557,4.6284,True,7,mechanical_001,694e94943eba5ec86f88e0f45b9a3be0ea739723f70d5cd41dfd57894d84bdea
2424,60.6,0.756,4.6305,True,7,mechanical_001,694e94943eba5ec86f88e0f45b9a3be0ea739723f70d5cd41dfd57894d84bdea
2425,60.625,0.7563,4.6371,True,7,mechanical_001,694e94943eba5ec86f88e0f45b9a3be0ea739723f70d5cd41dfd57894d84bdea
2426,60.65,0.7566,4.647,True,7,mechanical_001,694e94943eba5ec86f88e0f45b9a3be0ea739723f70d5cd41dfd57894d84bdea
2427,60.675,0.7569,4.6582,True,7,mechanical_001,694e94943eba5ec86f88e0f45b9a3be0ea739723f70d5cd41dfd57894d84bdea
2428,60.7,0.7573,4.6697,True,7,mechanical_001,694e94943eba5ec86f88e0f45b9a3be0ea739723f70d5cd41dfd57894d84bdea
2429,60.725,0.7576,4.6809,True,7,mechanical_001,694e94943eba5ec86f88e0f45b9a3be0ea739723f70d5cd41dfd57894d84bdea
2430,60.75,0.7579,4.6872,True,7,mechanical_001,694e94943eba5ec86f88e0f45b9a3be0ea739723f70d5cd41dfd57894d84bdea
2431,60.775,0.7583,4.6859,True,7,mechanical_001,694e94943eba5ec86f88e0f45b9a3be0ea739723f70d5cd41dfd57894d84bdea
2432,60.8,0.7586,4.6854,True,7,mechanical_001,694e94943eba5ec86f88e0f45b9a3be0ea739723f70d5cd41dfd57894d84bdea
2433,60.825,0.7589,4.6803,True,7,mechanical_001,694e94943eba5ec86f88e0f45b9a3be0ea739723f70d5cd41dfd57894d84bdea
2434,60.85,0.7592,4.6744,True,7,mechanical_001,694e94943eba5ec86f88e0f45b9a3be0ea739723f70d5cd41dfd57894d84bdea
2435,60.875,0.7595,4.6697,True,7,mechanical_001,694e94943eba5ec86f88e0f45b9a3be0ea739723f70d5cd41dfd57894d84bdea
2436,60.9,0.7598,4.6683,True,7,mechanical_001,694e94943eba5ec86f88e0f45b9a3be0ea739723f70d5cd41dfd57894d84bdea
2437,60.925,0.7601,4.6682,True,7,mechanical_001,694e94943eba5ec86f88e0f45b9a3be0ea739723f70d5cd41dfd57894d84bdea
2438,60.95,0.7604,4.6656,True,7,mechanical_001,694e94943eba5ec86f88e0f45b9a3be0ea739723f70d5cd41dfd57894d84bdea
2439,60.975,0.7607,4.6645,True,7,mechanical_001,694e94943eba5ec86f88e0f45b9a3be0ea739723f70d5cd41dfd57894d84bdea
2440,61.0,0.7611,4.6611,True,7,mechanical_001,694e94943eba5ec86f88e0f45b9a3be0ea739723f70d5cd41dfd57894d84bdea
2441,61.025,0.7614,4.6581,True,7,mechanical_001,694e94943eba5ec86f88e0f45b9a3be0ea739723f70d5cd41dfd57894d84bdea
2442,61.05,0.7617,4.6554,True,7,mechanical_001,694e94943eba5ec86f88e0f45b9a3be0ea739723f70d5cd41dfd57894d84bdea
2443,61.075,0.762,4.6564,True,7,mechanical_001,694e94943eba5ec86f88e0f45b9a3be0ea739723f70d5cd41dfd57894d84bdea
2444,61.1,0.7623,4.6566,True,7,mechanical_001,694e94943eba5ec86f88e0f45b9a3be0ea739723f70d5cd41dfd57894d84bdea
2445,61.125,0.7626,4.6528,True,7,mechanical_001,694e94943eba5ec86f88e0f45b9a3be0ea739723f70d5cd41dfd57894d84bdea
2446,61.15,0.7629,4.65,True,7,mechanical_001,694e94943eba5ec86f88e0f45b9a3be0ea739723f70d5cd41dfd57894d84bdea
2447,61.175,0.7632,4.6483,True,7,mechanical_001,694e94943eba5ec86f88e0f45b9a3be0ea739723f70d5cd41dfd57894d84bdea
2448,61.2,0.7635,4.6436,True,7,mechanical_001,694e94943eba5ec86f88e0f45b9a3be0ea739723f70d5cd41dfd57894d84bdea
2449,61.225,0.7638,4.6386,True,7,mechanical_001,694e94943eba5ec86f88e0f45b9a3be0ea739723f70d5cd41dfd57894d84bdea
2450,61.25,0.7641,4.6373,True,7,mechanical_001,694e94943eba5ec86f88e0f45b9a3be0ea739723f70d5cd41dfd57894d84bdea
2451,61.275,0.7644,4.6375,True,7,mechanical_001,694e94943eba5ec86f88e0f45b9a3be0ea739723f70d5cd41dfd57894d84bdea
2452,61.3,0.7648,4.6382,True,7,mechanical_001,694e94943eba5ec86f88e0f45b9a3be0ea739723f70d5cd41dfd57894d84bdea
2453,61.325,0.7651,4.6375,True,7,mechanical_001,694e94943eba5ec86f88e0f45b9a3be0ea739723f70d5cd41dfd57894d84bdea
2454,61.35,0.7654,4.6373,True,7,mechanical_001,694e94943eba5ec86f88e0f45b9a3be0ea739723f70d5cd41dfd57894d84bdea
2455,61.375,0.7657,4.64,True,7,mechanical_001,694e94943eba5ec86f88e0f45b9a3be0ea739723f70d5cd41dfd57894d84bdea
2456,61.4,0.766,4.647,True,7,mechanical_001,694e94943eba5ec86f88e0f45b9a3be0ea739723f70d5cd41dfd57894d84bdea
2457,61.425,0.7663,4.6573,True,7,mechanical_001,694e94943eba5ec86f88e0f45b9a3be0ea739723f70d5cd41dfd57894d84bdea
2458,61.45,0.7667,4.6665,True,7,mechanical_001,694e94943eba5ec86f88e0f45b9a3be0ea739723f70d5cd41dfd57894d84bdea
2459,61.475,0.767,4.6735,True,7,mechanical_001,694e94943eba5ec86f88e0f45b9a3be0ea739723f70d5cd41dfd57894d84bdea
2460,61.5,0.7673,4.6814,True,7,mechanical_001,694e94943eba5ec86f88e0f45b9a3be0ea739723f70d5cd41dfd57894d84bdea
2461,61.525,0.7676,4.6908,True,7,mechanical_001,694e94943eba5ec86f88e0f45b9a3be0ea739723f70d5cd41dfd57894d84bdea
2462,61.55,0.768,4.6991,True,7,mechanical_001,694e94943eba5ec86f88e0f45b9a3be0ea739723f70d5cd41dfd57894d84bdea
2463,61.575,0.7683,4.7054,True,7,mechanical_001,694e94943eba5ec86f88e0f45b9a3be0ea739723f70d5cd41dfd57894d84bdea
2464,61.6,0.7686,4.7075,True,7,mechanical_001,694e94943eba5ec86f88e0f45b9a3be0ea739723f70d5cd41dfd57894d84bdea
2465,61.625,0.7689,4.7071,True,7,mechanical_001,694e94943eba5ec86f88e0f45b9a3be0ea739723f70d5cd41dfd57894d84bdea
2466,61.65,0.7692,4.7098,True,7,mechanical_001,694e94943eba5ec86f88e0f45b9a3be0ea739723f70d5cd41dfd57894d84bdea
2467,61.675,0.7695,4.7141,True,7,mechanical_001,694e94943eba5ec86f88e0f45b9a3be0ea739723f70d5cd41dfd57894d84bdea
2468,61.7,0.7698,4.7176,True,7,mechanical_001,694e94943eba5ec86f88e0f45b9a3be0ea739723f70d5cd41dfd57894d84bdea
2469,61.725,0.7701,4.7195,True,7,mechanical_001,694e94943eba5ec86f88e0f45b9a3be0ea739723f70d5cd41dfd57894d84bdea
2470,61.75,0.7704,4.7213,True,7,mechanical_001,694e94943eba5ec86f88e0f45b9a3be0ea739723f70d5cd41dfd57894d84bdea
2471,61.775,0.7707,4.7251,True,7,mechanical_001,694e94943eba5ec86f88e0f45b9a3be0ea739723f70d5cd41dfd57894d84bdea
2472,61.8,0.771,4.734,True,7,mechanical_001,694e94943eba5ec86f88e0f45b9a3be0ea739723f70d5cd41dfd57894d84bdea
2473,61.825,0.7713,4.7471,True,7,mechanical_001,694e94943eba5ec86f88e0f45b9a3be0ea739723f70d5cd41dfd57894d84bdea
2474,61.85,0.7716,4.7587,True,7,mechanical_001,694e94943eba5ec86f88e0f45b9a3be0ea739723f70d5cd41dfd57894d84bdea
2475,61.875,0.7719,4.7661,True,7,mechanical_001,694e94943eba5ec86f88e0f45b9a3be0ea739723f70d5cd41dfd57894d84bdea
2476,61.9,0.7723,4.7769,True,7,mechanical_001,694e94943eba5ec86f88e0f45b9a3be0ea739723f70d5cd41dfd57894d84bdea
2477,61.925,0.7726,4.7882,True,7,mechanical_001,694e94943eba5ec86f88e0f45b9a3be0ea739723f70d5cd41dfd57894d84bdea
2478,61.95,0.7729,4.7941,True,7,mechanical_001,694e94943eba5ec86f88e0f45b9a3be0ea739723f70d5cd41dfd57894d84bdea
2479,61.975,0.7732,4.8022,True,7,mechanical_001,694e94943eba5ec86f88e0f45b9a3be0ea739723f70d5cd41dfd57894d84bdea
2480,62.0,0.7735,4.8105,True,7,mechanical_001,694e94943eba5ec86f88e0f45b9a3be0ea739723f70d5cd41dfd57894d84bdea
2481,62.025,0.7738,4.8168,True,7,mechanical_001,694e94943eba5ec86f88e0f45b9a3be0ea739723f70d5cd41dfd57894d84bdea
2482,62.05,0.7741,4.8294,True,7,mechanical_001,694e94943eba5ec86f88e0f45b9a3be0ea739723f70d5cd41dfd57894d84bdea
2483,62.075,0.7745,4.8412,True,7,mechanical_001,694e94943eba5ec86f88e0f45b9a3be0ea739723f70d5cd41dfd57894d84bdea
2484,62.1,0.7748,4.8472,True,7,mechanical_001,694e94943eba5ec86f88e0f45b9a3be0ea739723f70d5cd41dfd57894d84bdea
2485,62.125,0.7751,4.8504,True,7,mechanical_001,694e94943eba5ec86f88e0f45b9a3be0ea739723f70d5cd41dfd57894d84bdea
2486,62.15,0.7754,4.8602,True,7,mechanical_001,694e94943eba5ec86f88e0f45b9a3be0ea739723f70d5cd41dfd57894d84bdea
2487,62.175,0.7757,4.8771,True,7,mechanical_001,694e94943eba5ec86f88e0f45b9a3be0ea739723f70d5cd41dfd57894d84bdea
2488,62.2,0.776,4.8951,True,7,mechanical_001,694e94943eba5ec86f88e0f45b9a3be0ea739723f70d5cd41dfd57894d84bdea
2489,62.225,0.7764,4.9114,True,7,mechanical_001,694e94943eba5ec86f88e0f45b9a3be0ea739723f70d5cd41dfd57894d84bdea
2490,62.25,0.7767,4.92,True,7,mechanical_001,694e94943eba5ec86f88e0f45b9a3be0ea739723f70d5cd41dfd57894d84bdea
2491,62.275,0.777,4.921,True,7,mechanical_001,694e94943eba5ec86f88e0f45b9a3be0ea739723f70d5cd41dfd57894d84bdea
2492,62.3,0.7773,4.9239,True,7,mechanical_001,694e94943eba5ec86f88e0f45b9a3be0ea739723f70d5cd41dfd57894d84bdea
2493,62.325,0.7776,4.9245,True,7,mechanical_001,694e94943eba5ec86f88e0f45b9a3be0ea739723f70d5cd41dfd57894d84bdea
2494,62.35,0.7779,4.9266,True,7,mechanical_001,694e94943eba5ec86f88e0f45b9a3be0ea739723f70d5cd41dfd57894d84bdea
2495,62.375,0.7782,4.9288,True,7,mechanical_001,694e94943eba5ec86f88e0f45b9a3be0ea739723f70d5cd41dfd57894d84bdea
2496,62.4,0.7785,4.9349,True,7,mechanical_001,694e94943eba5ec86f88e0f45b9a3be0ea739723f70d5cd41dfd57894d84bdea
2497,62.425,0.7788,4.9424,True,7,mechanical_001,694e94943eba5ec86f88e0f45b9a3be0ea739723f70d5cd41dfd57894d84bdea
2498,62.45,0.7791,4.9533,True,7,mechanical_001,694e94943eba5ec86f88e0f45b9a3be0ea739723f70d5cd41dfd57894d84bdea
2499,62.475,0.7794,4.9649,True,7,mechanical_001,694e94943eba5ec86f88e0f45b9a3be0ea739723f70d5cd41dfd57894d84bdea
2500,62.5,0.7798,4.9773,True,7,mechanical_001,694e94943eba5ec86f88e0f45b9a3be0ea739723f70d5cd41dfd57894d84bdea
2501,62.525,0.7801,4.9911,True,7,mechanical_001,694e94943eba5ec86f88e0f45b9a3be0ea739723f70d5cd41dfd57894d84bdea
2502,62.55,0.7804,5.007,True,7,mechanical_001,694e94943eba5ec86f88e0f45b9a3be0ea739723f70d5cd41dfd57894d84bdea
2503,62.575,0.7808,5.02,True,7,mechanical_001,694e94943eba5ec86f88e0f45b9a3be0ea739723f70d5cd41dfd57894d84bdea
2504,62.6,0.7811,5.0332,True,7,mechanical_001,694e94943eba5ec86f88e0f45b9a3be0ea739723f70d5cd41dfd57894d84bdea
2505,62.625,0.7814,5.0438,True,7,mechanical_001,694e94943eba5ec86f88e0f45b9a3be0ea739723f70d5cd41dfd57894d84bdea
2506,62.65,0.7817,5.0469,True,7,mechanical_001,694e94943eba5ec86f88e0f45b9a3be0ea739723f70d5cd41dfd57894d84bdea
2507,62.675,0.7821,5.0504,True,7,mechanical_001,694e94943eba5ec86f88e0f45b9a3be0ea739723f70d5cd41dfd57894d84bdea
2508,62.7,0.7824,5.0537,True,7,mechanical_001,694e94943eba5ec86f88e0f45b9a3be0ea739723f70d5cd41dfd57894d84bdea
2509,62.725,0.7827,5.0446,True,7,mechanical_001,694e94943eba5ec86f88e0f45b9a3be0ea739723f70d5cd41dfd57894d84bdea
2510,62.75,0.783,5.0379,True,7,mechanical_001,694e94943eba5ec86f88e0f45b9a3be0ea739723f70d5cd41dfd57894d84bdea
2511,62.775,0.7833,5.0408,True,7,mechanical_001,694e94943eba5ec86f88e0f45b9a3be0ea739723f70d5cd41dfd57894d84bdea
2512,62.8,0.7836,5.0442,True,7,mechanical_001,694e94943eba5ec86f88e0f45b9a3be0ea739723f70d5cd41dfd57894d84bdea
2513,62.825,0.784,5.0461,True,7,mechanical_001,694e94943eba5ec86f88e0f45b9a3be0ea739723f70d5cd41dfd57894d84bdea
2514,62.85,0.7843,5.0443,True,7,mechanical_001,694e94943eba5ec86f88e0f45b9a3be0ea739723f70d5cd41dfd57894d84bdea
2515,62.875,0.7846,5.0449,True,7,mechanical_001,694e94943eba5ec86f88e0f45b9a3be0ea739723f70d5cd41dfd57894d84bdea
2516,62.9,0.7849,5.0428,True,7,mechanical_001,694e94943eba5ec86f88e0f45b9a3be0ea739723f70d5cd41dfd57894d84bdea
2517,62.925,0.7852,5.0377,True,7,mechanical_001,694e94943eba5ec86f88e0f45b9a3be0ea739723f70d5cd41dfd57894d84bdea
2518,62.95,0.7855,5.0428,True,7,mechanical_001,694e94943eba5ec86f88e0f45b9a3be0ea739723f70d5cd41dfd57894d84bdea
2519,62.975,0.7859,5.0508,True,7,mechanical_001,694e94943eba5ec86f88e0f45b9a3be0ea739723f70d5cd41dfd57894d84bdea
2520,63.0,0.7862,5.0662,True,7,mechanical_001,694e94943eba5ec86f88e0f45b9a3be0ea739723f70d5cd41dfd57894d84bdea
2521,63.025,0.7865,5.0874,True,7,mechanical_001,694e94943eba5ec86f88e0f45b9a3be0ea739723f70d5cd41dfd57894d84bdea
2522,63.05,0.7869,5.109,True,7,mechanical_001,694e94943eba5ec86f88e0f45b9a3be0ea739723f70d5cd41dfd57894d84bdea
2523,63.075,0.7873,5.1346,True,7,mechanical_001,694e94943eba5ec86f88e0f45b9a3be0ea739723f70d5cd41dfd57894d84bdea
2524,63.1,0.7876,5.1569,True,7,mechanical_001,694e94943eba5ec86f88e0f45b9a3be0ea739723f70d5cd41dfd57894d84bdea
2525,63.125,0.788,5.1665,True,7,mechanical_001,694e94943eba5ec86f88e0f45b9a3be0ea739723f70d5cd41dfd57894d84bdea
2526,63.15,0.7883,5.1657,True,7,mechanical_001,694e94943eba5ec86f88e0f45b9a3be0ea739723f70d5cd41dfd57894d84bdea
2527,63.175,0.7886,5.1554,True,7,mechanical_001,694e94943eba5ec86f88e0f45b9a3be0ea739723f70d5cd41dfd57894d84bdea
2528,63.2,0.7889,5.1414,True,7,mechanical_001,694e94943eba5ec86f88e0f45b9a3be0ea739723f70d5cd41dfd57894d84bdea
2529,63.225,0.7892,5.1309,True,7,mechanical_001,694e94943eba5ec86f88e0f45b9a3be0ea739723f70d5cd41dfd57894d84bdea
2530,63.25,0.7895,5.1233,True,7,mechanical_001,694e94943eba5ec86f88e0f45b9a3be0ea739723f70d5cd41dfd57894d84bdea
2531,63.275,0.7898,5.1156,True,7,mechanical_001,694e94943eba5ec86f88e0f45b9a3be0ea739723f70d5cd41dfd57894d84bdea
2532,63.3,0.7901,5.1148,True,7,mechanical_001,694e94943eba5ec86f88e0f45b9a3be0ea739723f70d5cd41dfd57894d84bdea
2533,63.325,0.7904,5.1159,True,7,mechanical_001,694e94943eba5ec86f88e0f45b9a3be0ea739723f70d5cd41dfd57894d84bdea
2534,63.35,0.7907,5.1184,True,7,mechanical_001,694e94943eba5ec86f88e0f45b9a3be0ea739723f70d5cd41dfd57894d84bdea
2535,63.375,0.791,5.1226,True,7,mechanical_001,694e94943eba5ec86f88e0f45b9a3be0ea739723f70d5cd41dfd57894d84bdea
2536,63.4,0.7914,5.1288,True,7,mechanical_001,694e94943eba5ec86f88e0f45b9a3be0ea739723f70d5cd41dfd57894d84bdea
2537,63.425,0.7917,5.1371,True,7,mechanical_001,694e94943eba5ec86f88e0f45b9a3be0ea739723f70d5cd41dfd57894d84bdea
2538,63.45,0.792,5.1468,True,7,mechanical_001,694e94943eba5ec86f88e0f45b9a3be0ea739723f70d5cd41dfd57894d84bdea
2539,63.475,0.7923,5.1566,True,7,mechanical_001,694e94943eba5ec86f88e0f45b9a3be0ea739723f70d5cd41dfd57894d84bdea
2540,63.5,0.7927,5.1626,True,7,mechanical_001,694e94943eba5ec86f88e0f45b9a3be0ea739723f70d5cd41dfd57894d84bdea
2541,63.525,0.793,5.1624,True,7,mechanical_001,694e94943eba5ec86f88e0f45b9a3be0ea739723f70d5cd41dfd57894d84bdea
2542,63.55,0.7933,5.1665,True,7,mechanical_001,694e94943eba5ec86f88e0f45b9a3be0ea739723f70d5cd41dfd57894d84bdea
2543,63.575,0.7936,5.1686,True,7,mechanical_001,694e94943eba5ec86f88e0f45b9a3be0ea739723f70d5cd41dfd57894d84bdea
2544,63.6,0.7939,5.1658,True,7,mechanical_001,694e94943eba5ec86f88e0f45b9a3be0ea739723f70d5cd41dfd57894d84bdea
2545,63.625,0.7942,5.1643,True,7,mechanical_001,694e94943eba5ec86f88e0f45b9a3be0ea739723f70d5cd41dfd57894d84bdea
2546,63.65,0.7945,5.1609,True,7,mechanical_001,694e94943eba5ec86f88e0f45b9a3be0ea739723f70d5cd41dfd57894d84bdea
2547,63.675,0.7948,5.157,True,7,mechanical_001,694e94943eba5ec86f88e0f45b9a3be0ea739723f70d5cd41dfd57894d84bdea
2548,63.7,0.7951,5.1485,True,7,mechanical_001,694e94943eba5ec86f88e0f45b9a3be0ea739723f70d5cd41dfd57894d84bdea
2549,63.725,0.7954,5.1388,True,7,mechanical_001,694e94943eba5ec86f88e0f45b9a3be0ea739723f70d5cd41dfd57894d84bdea
2550,63.75,0.7957,5.13,True,7,mechanical_001,694e94943eba5ec86f88e0f45b9a3be0ea739723f70d5cd41dfd57894d84bdea
2551,63.775,0.796,5.1231,True,7,mechanical_001,694e94943eba5ec86f88e0f45b9a3be0ea739723f70d5cd41dfd57894d84bdea
2552,63.8,0.7963,5.1176,True,7,mechanical_001,694e94943eba5ec86f88e0f45b9a3be0ea739723f70d5cd41dfd57894d84bdea
2553,63.825,0.7966,5.1147,True,7,mechanical_001,694e94943eba5ec86f88e0f45b9a3be0ea739723f70d5cd41dfd57894d84bdea
2554,63.85,0.7969,5.1117,True,7,mechanical_001,694e94943eba5ec86f88e0f45b9a3be0ea739723f70d5cd41dfd57894d84bdea
2555,63.875,0.7972,5.109,True,7,mechanical_001,694e94943eba5ec86f88e0f45b9a3be0ea739723f70d5cd41dfd57894d84bdea
2556,63.9,0.7975,5.1079,True,7,mechanical_001,694e94943eba5ec86f88e0f45b9a3be0ea739723f70d5cd41dfd57894d84bdea
2557,63.925,0.7978,5.1102,True,7,mechanical_001,694e94943eba5ec86f88e0f45b9a3be0ea739723f70d5cd41dfd57894d84bdea
2558,63.95,0.7981,5.1108,True,7,mechanical_001,694e94943eba5ec86f88e0f45b9a3be0ea739723f70d5cd41dfd57894d84bdea
2559,63.975,0.7984,5.1107,True,7,mechanical_001,694e94943eba5ec86f88e0f45b9a3be0ea739723f70d5cd41dfd57894d84bdea
2560,64.0,0.7987,5.1096,True,7,mechanical_001,694e94943eba5ec86f88e0f45b9a3be0ea739723f70d5cd41dfd57894d84bdea
2561,64.025,0.799,5.1073,True,7,mechanical_001,694e94943eba5ec86f88e0f45b9a3be0ea739723f70d5cd41dfd57894d84bdea
2562,64.05,0.7993,5.1015,True,7,mechanical_001,694e94943eba5ec86f88e0f45b9a3be0ea739723f70d5cd41dfd57894d84bdea
2563,64.075,0.7996,5.0955,True,7,mechanical_001,694e94943eba5ec86f88e0f45b9a3be0ea739723f70d5cd41dfd57894d84bdea
2564,64.1,0.7999,5.0928,True,7,mechanical_001,694e94943eba5ec86f88e0f45b9a3be0ea739723f70d5cd41dfd57894d84bdea
2565,64.125,0.8002,5.0907,True,7,mechanical_001,694e94943eba5ec86f88e0f45b9a3be0ea739723f70d5cd41dfd57894d84bdea
2566,64.15,0.8005,5.0923,True,7,mechanical_001,694e94943eba5ec86f88e0f45b9a3be0ea739723f70d5cd41dfd57894d84bdea
2567,64.175,0.8008,5.099,True,7,mechanical_001,694e94943eba5ec86f88e0f45b9a3be0ea739723f70d5cd41dfd57894d84bdea
2568,64.2,0.8011,5.1012,True,7,mechanical_001,694e94943eba5ec86f88e0f45b9a3be0ea739723f70d5cd41dfd57894d84bdea
2569,64.225,0.8014,5.1064,True,7,mechanical_001,694e94943eba5ec86f88e0f45b9a3be0ea739723f70d5cd41dfd57894d84bdea
2570,64.25,0.8017,5.1097,True,7,mechanical_001,694e94943eba5ec86f88e0f45b9a3be0ea739723f70d5cd41dfd57894d84bdea
2571,64.275,0.802,5.1113,True,7,mechanical_001,694e94943eba5ec86f88e0f45b9a3be0ea739723f70d5cd41dfd57894d84bdea
2572,64.3,0.8023,5.1099,True,7,mechanical_001,694e94943eba5ec86f88e0f45b9a3be0ea739723f70d5cd41dfd57894d84bdea
2573,64.325,0.8027,5.1109,True,7,mechanical_001,694e94943eba5ec86f88e0f45b9a3be0ea739723f70d5cd41dfd57894d84bdea
2574,64.35,0.803,5.1143,True,7,mechanical_001,694e94943eba5ec86f88e0f45b9a3be0ea739723f70d5cd41dfd57894d84bdea
2575,64.375,0.8033,5.1153,True,7,mechanical_001,694e94943eba5ec86f88e0f45b9a3be0ea739723f70d5cd41dfd57894d84bdea
2576,64.4,0.8036,5.114,True,7,mechanical_001,694e94943eba5ec86f88e0f45b9a3be0ea739723f70d5cd41dfd57894d84bdea
2577,64.425,0.8039,5.112,True,7,mechanical_001,694e94943eba5ec86f88e0f45b9a3be0ea739723f70d5cd41dfd57894d84bdea
2578,64.45,0.8042,5.1135,True,7,mechanical_001,694e94943eba5ec86f88e0f45b9a3be0ea739723f70d5cd41dfd57894d84bdea
2579,64.475,0.8045,5.1135,True,7,mechanical_001,694e94943eba5ec86f88e0f45b9a3be0ea739723f70d5cd41dfd57894d84bdea
2580,64.5,0.8048,5.1112,True,7,mechanical_001,694e94943eba5ec86f88e0f45b9a3be0ea739723f70d5cd41dfd57894d84bdea
2581,64.525,0.8051,5.1086,True,7,mechanical_001,694e94943eba5ec86f88e0f45b9a3be0ea739723f70d5cd41dfd57894d84bdea
2582,64.55,0.8054,5.1052,True,7,mechanical_001,694e94943eba5ec86f88e0f45b9a3be0ea739723f70d5cd41dfd57894d84bdea
2583,64.575,0.8057,5.1024,True,7,mechanical_001,694e94943eba5ec86f88e0f45b9a3be0ea739723f70d5cd41dfd57894d84bdea
2584,64.6,0.806,5.0973,True,7,mechanical_001,694e94943eba5ec86f88e0f45b9a3be0ea739723f70d5cd41dfd57894d84bdea
2585,64.625,0.8063,5.0924,True,7,mechanical_001,694e94943eba5ec86f88e0f45b9a3be0ea739723f70d5cd41dfd57894d84bdea
2586,64.65,0.8066,5.0894,True,7,mechanical_001,694e94943eba5ec86f88e0f45b9a3be0ea739723f70d5cd41dfd57894d84bdea
2587,64.675,0.8069,5.0852,True,7,mechanical_001,694e94943eba5ec86f88e0f45b9a3be0ea739723f70d5cd41dfd57894d84bdea
2588,64.7,0.8072,5.0866,True,7,mechanical_001,694e94943eba5ec86f88e0f45b9a3be0ea739723f70d5cd41dfd57894d84bdea
2589,64.725,0.8075,5.0906,True,7,mechanical_001,694e94943eba5ec86f88e0f45b9a3be0ea739723f70d5cd41dfd57894d84bdea
2590,64.75,0.8078,5.092,True,7,mechanical_001,694e94943eba5ec86f88e0f45b9a3be0ea739723f70d5cd41dfd57894d84bdea
2591,64.775,0.8081,5.0933,True,7,mechanical_001,694e94943eba5ec86f88e0f45b9a3be0ea739723f70d5cd41dfd57894d84bdea
2592,64.8,0.8084,5.0915,True,7,mechanical_001,694e94943eba5ec86f88e0f45b9a3be0ea739723f70d5cd41dfd57894d84bdea
2593,64.825,0.8087,5.0943,True,7,mechanical_001,694e94943eba5ec86f88e0f45b9a3be0ea739723f70d5cd41dfd57894d84bdea
2594,64.85,0.809,5.0955,True,7,mechanical_001,694e94943eba5ec86f88e0f45b9a3be0ea739723f70d5cd41dfd57894d84bdea
2595,64.875,0.8094,5.1043,True,7,mechanical_001,694e94943eba5ec86f88e0f45b9a3be0ea739723f70d5cd41dfd57894d84bdea
2596,64.9,0.8097,5.1053,True,7,mechanical_001,694e94943eba5ec86f88e0f45b9a3be0ea739723f70d5cd41dfd57894d84bdea
2597,64.925,0.81,5.1052,True,7,mechanical_001,694e94943eba5ec86f88e0f45b9a3be0ea739723f70d5cd41dfd57894d84bdea
2598,64.95,0.8103,5.107,True,7,mechanical_001,694e94943eba5ec86f88e0f45b9a3be0ea739723f70d5cd41dfd57894d84bdea
2599,64.975,0.8106,5.1163,True,7,mechanical_001,694e94943eba5ec86f88e0f45b9a3be0ea739723f70d5cd41dfd57894d84bdea
2600,65.0,0.8109,5.1258,True,7,mechanical_001,694e94943eba5ec86f88e0f45b9a3be0ea739723f70d5cd41dfd57894d84bdea
2601,65.025,0.8112,5.13,True,7,mechanical_001,694e94943eba5ec86f88e0f45b9a3be0ea739723f70d5cd41dfd57894d84bdea
2602,65.05,0.8115,5.1309,True,7,mechanical_001,694e94943eba5ec86f88e0f45b9a3be0ea739723f70d5cd41dfd57894d84bdea
2603,65.075,0.8118,5.133,True,7,mechanical_001,694e94943eba5ec86f88e0f45b9a3be0ea739723f70d5cd41dfd57894d84bdea
2604,65.1,0.8121,5.1365,True,7,mechanical_001,694e94943eba5ec86f88e0f45b9a3be0ea739723f70d5cd41dfd57894d84bdea
2605,65.125,0.8124,5.1486,True,7,mechanical_001,694e94943eba5ec86f88e0f45b9a3be0ea739723f70d5cd41dfd57894d84bdea
2606,65.15,0.8127,5.1662,True,7,mechanical_001,694e94943eba5ec86f88e0f45b9a3be0ea739723f70d5cd41dfd57894d84bdea
2607,65.175,0.813,5.1802,True,7,mechanical_001,694e94943eba5ec86f88e0f45b9a3be0ea739723f70d5cd41dfd57894d84bdea
2608,65.2,0.8134,5.1914,True,7,mechanical_001,694e94943eba5ec86f88e0f45b9a3be0ea739723f70d5cd41dfd57894d84bdea
2609,65.225,0.8137,5.2032,True,7,mechanical_001,694e94943eba5ec86f88e0f45b9a3be0ea739723f70d5cd41dfd57894d84bdea
2610,65.25,0.814,5.2102,True,7,mechanical_001,694e94943eba5ec86f88e0f45b9a3be0ea739723f70d5cd41dfd57894d84bdea
2611,65.275,0.8143,5.2185,True,7,mechanical_001,694e94943eba5ec86f88e0f45b9a3be0ea739723f70d5cd41dfd57894d84bdea
2612,65.3,0.8146,5.2255,True,7,mechanical_001,694e94943eba5ec86f88e0f45b9a3be0ea739723f70d5cd41dfd57894d84bdea
2613,65.325,0.8149,5.2338,True,7,mechanical_001,694e94943eba5ec86f88e0f45b9a3be0ea739723f70d5cd41dfd57894d84bdea
2614,65.35,0.8153,5.2484,True,7,mechanical_001,694e94943eba5ec86f88e0f45b9a3be0ea739723f70d5cd41dfd57894d84bdea
2615,65.375,0.8156,5.2596,True,7,mechanical_001,694e94943eba5ec86f88e0f45b9a3be0ea739723f70d5cd41dfd57894d84bdea
2616,65.4,0.8159,5.2677,True,7,mechanical_001,694e94943eba5ec86f88e0f45b9a3be0ea739723f70d5cd41dfd57894d84bdea
2617,65.425,0.8162,5.2801,True,7,mechanical_001,694e94943eba5ec86f88e0f45b9a3be0ea739723f70d5cd41dfd57894d84bdea
2618,65.45,0.8166,5.2882,True,7,mechanical_001,694e94943eba5ec86f88e0f45b9a3be0ea739723f70d5cd41dfd57894d84bdea
2619,65.475,0.8169,5.2952,True,7,mechanical_001,694e94943eba5ec86f88e0f45b9a3be0ea739723f70d5cd41dfd57894d84bdea
2620,65.5,0.8172,5.2988,True,7,mechanical_001,694e94943eba5ec86f88e0f45b9a3be0ea739723f70d5cd41dfd57894d84bdea
2621,65.525,0.8175,5.2996,True,7,mechanical_001,694e94943eba5ec86f88e0f45b9a3be0ea739723f70d5cd41dfd57894d84bdea
2622,65.55,0.8178,5.2977,True,7,mechanical_001,694e94943eba5ec86f88e0f45b9a3be0ea739723f70d5cd41dfd57894d84bdea
2623,65.575,0.8181,5.3003,True,7,mechanical_001,694e94943eba5ec86f88e0f45b9a3be0ea739723f70d5cd41dfd57894d84bdea
2624,65.6,0.8185,5.3109,True,7,mechanical_001,694e94943eba5ec86f88e0f45b9a3be0ea739723f70d5cd41dfd57894d84bdea
2625,65.625,0.8188,5.3196,True,7,mechanical_001,694e94943eba5ec86f88e0f45b9a3be0ea739723f70d5cd41dfd57894d84bdea
2626,65.65,0.8191,5.3247,True,7,mechanical_001,694e94943eba5ec86f88e0f45b9a3be0ea739723f70d5cd41dfd57894d84bdea
2627,65.675,0.8194,5.3318,True,7,mechanical_001,694e94943eba5ec86f88e0f45b9a3be0ea739723f70d5cd41dfd57894d84bdea
2628,65.7,0.8197,5.3414,True,7,mechanical_001,694e94943eba5ec86f88e0f45b9a3be0ea739723f70d5cd41dfd57894d84bdea
2629,65.725,0.8201,5.3547,True,7,mechanical_001,694e94943eba5ec86f88e0f45b9a3be0ea739723f70d5cd41dfd57894d84bdea
2630,65.75,0.8204,5.3654,True,7,mechanical_001,694e94943eba5ec86f88e0f45b9a3be0ea739723f70d5cd41dfd57894d84bdea
2631,65.775,0.8207,5.3753,True,7,mechanical_001,694e94943eba5ec86f88e0f45b9a3be0ea739723f70d5cd41dfd57894d84bdea
2632,65.8,0.8211,5.3845,True,7,mechanical_001,694e94943eba5ec86f88e0f45b9a3be0ea739723f70d5cd41dfd57894d84bdea
2633,65.825,0.8214,5.3925,True,7,mechanical_001,694e94943eba5ec86f88e0f45b9a3be0ea739723f70d5cd41dfd57894d84bdea
2634,65.85,0.8217,5.4039,True,7,mechanical_001,694e94943eba5ec86f88e0f45b9a3be0ea739723f70d5cd41dfd57894d84bdea
2635,65.875,0.8221,5.4114,True,7,mechanical_001,694e94943eba5ec86f88e0f45b9a3be0ea739723f70d5cd41dfd57894d84bdea
2636,65.9,0.8224,5.4163,True,7,mechanical_001,694e94943eba5ec86f88e0f45b9a3be0ea739723f70d5cd41dfd57894d84bdea
2637,65.925,0.8227,5.4159,True,7,mechanical_001,694e94943eba5ec86f88e0f45b9a3be0ea739723f70d5cd41dfd57894d84bdea
2638,65.95,0.823,5.4125,True,7,mechanical_001,694e94943eba5ec86f88e0f45b9a3be0ea739723f70d5cd41dfd57894d84bdea
2639,65.975,0.8233,5.4073,True,7,mechanical_001,694e94943eba5ec86f88e0f45b9a3be0ea739723f70d5cd41dfd57894d84bdea
2640,66.0,0.8236,5.4032,True,7,mechanical_001,694e94943eba5ec86f88e0f45b9a3be0ea739723f70d5cd41dfd57894d84bdea
2641,66.025,0.8239,5.4063,True,7,mechanical_001,694e94943eba5ec86f88e0f45b9a3be0ea739723f70d5cd41dfd57894d84bdea
2642,66.05,0.8242,5.413,True,7,mechanical_001,694e94943eba5ec86f88e0f45b9a3be0ea739723f70d5cd41dfd57894d84bdea
2643,66.075,0.8246,5.4196,True,7,mechanical_001,694e94943eba5ec86f88e0f45b9a3be0ea739723f70d5cd41dfd57894d84bdea
2644,66.1,0.8249,5.4293,True,7,mechanical_001,694e94943eba5ec86f88e0f45b9a3be0ea739723f70d5cd41dfd57894d84bdea
2645,66.125,0.8252,5.439,True,7,mechanical_001,694e94943eba5ec86f88e0f45b9a3be0ea739723f70d5cd41dfd57894d84bdea
2646,66.15,0.8255,5.4483,True,7,mechanical_001,694e94943eba5ec86f88e0f45b9a3be0ea739723f70d5cd41dfd57894d84bdea
2647,66.175,0.8258,5.4636,True,7,mechanical_001,694e94943eba5ec86f88e0f45b9a3be0ea739723f70d5cd41dfd57894d84bdea
2648,66.2,0.8262,5.4776,True,7,mechanical_001,694e94943eba5ec86f88e0f45b9a3be0ea739723f70d5cd41dfd57894d84bdea
2649,66.225,0.8265,5.4913,True,7,mechanical_001,694e94943eba5ec86f88e0f45b9a3be0ea739723f70d5cd41dfd57894d84bdea
2650,66.25,0.8268,5.5069,True,7,mechanical_001,694e94943eba5ec86f88e0f45b9a3be0ea739723f70d5cd41dfd57894d84bdea
2651,66.275,0.8272,5.5227,True,7,mechanical_001,694e94943eba5ec86f88e0f45b9a3be0ea739723f70d5cd41dfd57894d84bdea
2652,66.3,0.8275,5.5379,True,7,mechanical_001,694e94943eba5ec86f88e0f45b9a3be0ea739723f70d5cd41dfd57894d84bdea
2653,66.325,0.8278,5.5493,True,7,mechanical_001,694e94943eba5ec86f88e0f45b9a3be0ea739723f70d5cd41dfd57894d84bdea
2654,66.35,0.8282,5.5596,True,7,mechanical_001,694e94943eba5ec86f88e0f45b9a3be0ea739723f70d5cd41dfd57894d84bdea
2655,66.375,0.8285,5.576,True,7,mechanical_001,694e94943eba5ec86f88e0f45b9a3be0ea739723f70d5cd41dfd57894d84bdea
2656,66.4,0.8288,5.5894,True,7,mechanical_001,694e94943eba5ec86f88e0f45b9a3be0ea739723f70d5cd41dfd57894d84bdea
2657,66.425,0.8292,5.5959,True,7,mechanical_001,694e94943eba5ec86f88e0f45b9a3be0ea739723f70d5cd41dfd57894d84bdea
2658,66.45,0.8295,5.5989,True,7,mechanical_001,694e94943eba5ec86f88e0f45b9a3be0ea739723f70d5cd41dfd57894d84bdea
2659,66.475,0.8298,5.5988,True,7,mechanical_001,694e94943eba5ec86f88e0f45b9a3be0ea739723f70d5cd41dfd57894d84bdea
2660,66.5,0.8301,5.5981,True,7,mechanical_001,694e94943eba5ec86f88e0f45b9a3be0ea739723f70d5cd41dfd57894d84bdea
2661,66.525,0.8304,5.5983,True,7,mechanical_001,694e94943eba5ec86f88e0f45b9a3be0ea739723f70d5cd41dfd57894d84bdea
2662,66.55,0.8307,5.5961,True,7,mechanical_001,694e94943eba5ec86f88e0f45b9a3be0ea739723f70d5cd41dfd57894d84bdea
2663,66.575,0.831,5.5957,True,7,mechanical_001,694e94943eba5ec86f88e0f45b9a3be0ea739723f70d5cd41dfd57894d84bdea
2664,66.6,0.8313,5.5963,True,7,mechanical_001,694e94943eba5ec86f88e0f45b9a3be0ea739723f70d5cd41dfd57894d84bdea
2665,66.625,0.8316,5.6008,True,7,mechanical_001,694e94943eba5ec86f88e0f45b9a3be0ea739723f70d5cd41dfd57894d84bdea
2666,66.65,0.8319,5.6084,True,7,mechanical_001,694e94943eba5ec86f88e0f45b9a3be0ea739723f70d5cd41dfd57894d84bdea
2667,66.675,0.8322,5.6178,True,7,mechanical_001,694e94943eba5ec86f88e0f45b9a3be0ea739723f70d5cd41dfd57894d84bdea
2668,66.7,0.8326,5.6251,True,7,mechanical_001,694e94943eba5ec86f88e0f45b9a3be0ea739723f70d5cd41dfd57894d84bdea
2669,66.725,0.8329,5.6343,True,7,mechanical_001,694e94943eba5ec86f88e0f45b9a3be0ea739723f70d5cd41dfd57894d84bdea
2670,66.75,0.8332,5.6443,True,7,mechanical_001,694e94943eba5ec86f88e0f45b9a3be0ea739723f70d5cd41dfd57894d84bdea
2671,66.775,0.8335,5.6518,True,7,mechanical_001,694e94943eba5ec86f88e0f45b9a3be0ea739723f70d5cd41dfd57894d84bdea
2672,66.8,0.8338,5.6611,True,7,mechanical_001,694e94943eba5ec86f88e0f45b9a3be0ea739723f70d5cd41dfd57894d84bdea
2673,66.825,0.8341,5.6649,True,7,mechanical_001,694e94943eba5ec86f88e0f45b9a3be0ea739723f70d5cd41dfd57894d84bdea
2674,66.85,0.8344,5.6684,True,7,mechanical_001,694e94943eba5ec86f88e0f45b9a3be0ea739723f70d5cd41dfd57894d84bdea
2675,66.875,0.8347,5.6779,True,7,mechanical_001,694e94943eba5ec86f88e0f45b9a3be0ea739723f70d5cd41dfd57894d84bdea
2676,66.9,0.8351,5.6872,True,7,mechanical_001,694e94943eba5ec86f88e0f45b9a3be0ea739723f70d5cd41dfd57894d84bdea
2677,66.925,0.8354,5.6955,True,7,mechanical_001,694e94943eba5ec86f88e0f45b9a3be0ea739723f70d5cd41dfd57894d84bdea
2678,66.95,0.8357,5.704,True,7,mechanical_001,694e94943eba5ec86f88e0f45b9a3be0ea739723f70d5cd41dfd57894d84bdea
2679,66.975,0.836,5.7069,True,7,mechanical_001,694e94943eba5ec86f88e0f45b9a3be0ea739723f70d5cd41dfd57894d84bdea
2680,67.0,0.8363,5.7098,True,7,mechanical_001,694e94943eba5ec86f88e0f45b9a3be0ea739723f70d5cd41dfd57894d84bdea
2681,67.025,0.8366,5.7136,True,7,mechanical_001,694e94943eba5ec86f88e0f45b9a3be0ea739723f70d5cd41dfd57894d84bdea
2682,67.05,0.8369,5.7197,True,7,mechanical_001,694e94943eba5ec86f88e0f45b9a3be0ea739723f70d5cd41dfd57894d84bdea
2683,67.075,0.8372,5.7267,True,7,mechanical_001,694e94943eba5ec86f88e0f45b9a3be0ea739723f70d5cd41dfd57894d84bdea
2684,67.1,0.8375,5.7345,True,7,mechanical_001,694e94943eba5ec86f88e0f45b9a3be0ea739723f70d5cd41dfd57894d84bdea
2685,67.125,0.8378,5.7429,True,7,mechanical_001,694e94943eba5ec86f88e0f45b9a3be0ea739723f70d5cd41dfd57894d84bdea
2686,67.15,0.8381,5.7503,True,7,mechanical_001,694e94943eba5ec86f88e0f45b9a3be0ea739723f70d5cd41dfd57894d84bdea
2687,67.175,0.8385,5.7591,True,7,mechanical_001,694e94943eba5ec86f88e0f45b9a3be0ea739723f70d5cd41dfd57894d84bdea
2688,67.2,0.8388,5.767,True,7,mechanical_001,694e94943eba5ec86f88e0f45b9a3be0ea739723f70d5cd41dfd57894d84bdea
2689,67.225,0.8391,5.7763,True,7,mechanical_001,694e94943eba5ec86f88e0f45b9a3be0ea739723f70d5cd41dfd57894d84bdea
2690,67.25,0.8394,5.7829,True,7,mechanical_001,694e94943eba5ec86f88e0f45b9a3be0ea739723f70d5cd41dfd57894d84bdea
2691,67.275,0.8397,5.7856,True,7,mechanical_001,694e94943eba5ec86f88e0f45b9a3be0ea739723f70d5cd41dfd57894d84bdea
2692,67.3,0.84,5.7883,True,7,mechanical_001,694e94943eba5ec86f88e0f45b9a3be0ea739723f70d5cd41dfd57894d84bdea
2693,67.325,0.8403,5.7909,True,7,mechanical_001,694e94943eba5ec86f88e0f45b9a3be0ea739723f70d5cd41dfd57894d84bdea
2694,67.35,0.8406,5.791,True,7,mechanical_001,694e94943eba5ec86f88e0f45b9a3be0ea739723f70d5cd41dfd57894d84bdea
2695,67.375,0.8409,5.7899,True,7,mechanical_001,694e94943eba5ec86f88e0f45b9a3be0ea739723f70d5cd41dfd57894d84bdea
2696,67.4,0.8411,5.7873,True,7,mechanical_001,694e94943eba5ec86f88e0f45b9a3be0ea739723f70d5cd41dfd57894d84bdea
2697,67.425,0.8414,5.7839,True,7,mechanical_001,694e94943eba5ec86f88e0f45b9a3be0ea739723f70d5cd41dfd57894d84bdea
2698,67.45,0.8417,5.7832,True,7,mechanical_001,694e94943eba5ec86f88e0f45b9a3be0ea739723f70d5cd41dfd57894d84bdea
2699,67.475,0.842,5.7915,True,7,mechanical_001,694e94943eba5ec86f88e0f45b9a3be0ea739723f70d5cd41dfd57894d84bdea
2700,67.5,0.8423,5.8093,True,7,mechanical_001,694e94943eba5ec86f88e0f45b9a3be0ea739723f70d5cd41dfd57894d84bdea
2701,67.525,0.8427,5.8336,True,7,mechanical_001,694e94943eba5ec86f88e0f45b9a3be0ea739723f70d5cd41dfd57894d84bdea
2702,67.55,0.843,5.8574,True,7,mechanical_001,694e94943eba5ec86f88e0f45b9a3be0ea739723f70d5cd41dfd57894d84bdea
2703,67.575,0.8433,5.8801,True,7,mechanical_001,694e94943eba5ec86f88e0f45b9a3be0ea739723f70d5cd41dfd57894d84bdea
2704,67.6,0.8437,5.8954,True,7,mechanical_001,694e94943eba5ec86f88e0f45b9a3be0ea739723f70d5cd41dfd57894d84bdea
2705,67.625,0.844,5.9057,True,7,mechanical_001,694e94943eba5ec86f88e0f45b9a3be0ea739723f70d5cd41dfd57894d84bdea
2706,67.65,0.8443,5.9095,True,7,mechanical_001,694e94943eba5ec86f88e0f45b9a3be0ea739723f70d5cd41dfd57894d84bdea
2707,67.675,0.8446,5.9098,True,7,mechanical_001,694e94943eba5ec86f88e0f45b9a3be0ea739723f70d5cd41dfd57894d84bdea
2708,67.7,0.8449,5.9133,True,7,mechanical_001,694e94943eba5ec86f88e0f45b9a3be0ea739723f70d5cd41dfd57894d84bdea
2709,67.725,0.8452,5.9221,True,7,mechanical_001,694e94943eba5ec86f88e0f45b9a3be0ea739723f70d5cd41dfd57894d84bdea
2710,67.75,0.8456,5.9291,True,7,mechanical_001,694e94943eba5ec86f88e0f45b9a3be0ea739723f70d5cd41dfd57894d84bdea
2711,67.775,0.8459,5.9385,True,7,mechanical_001,694e94943eba5ec86f88e0f45b9a3be0ea739723f70d5cd41dfd57894d84bdea
2712,67.8,0.8462,5.9493,True,7,mechanical_001,694e94943eba5ec86f88e0f45b9a3be0ea739723f70d5cd41dfd57894d84bdea
2713,67.825,0.8465,5.9584,True,7,mechanical_001,694e94943eba5ec86f88e0f45b9a3be0ea739723f70d5cd41dfd57894d84bdea
2714,67.85,0.8469,5.9673,True,7,mechanical_001,694e94943eba5ec86f88e0f45b9a3be0ea739723f70d5cd41dfd57894d84bdea
2715,67.875,0.8472,5.976,True,7,mechanical_001,694e94943eba5ec86f88e0f45b9a3be0ea739723f70d5cd41dfd57894d84bdea
2716,67.9,0.8475,5.9847,True,7,mechanical_001,694e94943eba5ec86f88e0f45b9a3be0ea739723f70d5cd41dfd57894d84bdea
2717,67.925,0.8478,5.9917,True,7,mechanical_001,694e94943eba5ec86f88e0f45b9a3be0ea739723f70d5cd41dfd57894d84bdea
2718,67.95,0.8482,6.0016,True,7,mechanical_001,694e94943eba5ec86f88e0f45b9a3be0ea739723f70d5cd41dfd57894d84bdea
2719,67.975,0.8485,6.015,True,7,mechanical_001,694e94943eba5ec86f88e0f45b9a3be0ea739723f70d5cd41dfd57894d84bdea
2720,68.0,0.8488,6.0259,True,7,mechanical_001,694e94943eba5ec86f88e0f45b9a3be0ea739723f70d5cd41dfd57894d84bdea
2721,68.025,0.8491,6.0316,True,7,mechanical_001,694e94943eba5ec86f88e0f45b9a3be0ea739723f70d5cd41dfd57894d84bdea
2722,68.05,0.8495,6.0338,True,7,mechanical_001,694e94943eba5ec86f88e0f45b9a3be0ea739723f70d5cd41dfd57894d84bdea
2723,68.075,0.8498,6.0303,True,7,mechanical_001,694e94943eba5ec86f88e0f45b9a3be0ea739723f70d5cd41dfd57894d84bdea
2724,68.1,0.8501,6.022,True,7,mechanical_001,694e94943eba5ec86f88e0f45b9a3be0ea739723f70d5cd41dfd57894d84bdea
2725,68.125,0.8504,6.0205,True,7,mechanical_001,694e94943eba5ec86f88e0f45b9a3be0ea739723f70d5cd41dfd57894d84bdea
2726,68.15,0.8507,6.0198,True,7,mechanical_001,694e94943eba5ec86f88e0f45b9a3be0ea739723f70d5cd41dfd57894d84bdea
2727,68.175,0.851,6.0275,True,7,mechanical_001,694e94943eba5ec86f88e0f45b9a3be0ea739723f70d5cd41dfd57894d84bdea
2728,68.2,0.8513,6.0358,True,7,mechanical_001,694e94943eba5ec86f88e0f45b9a3be0ea739723f70d5cd41dfd57894d84bdea
2729,68.225,0.8516,6.0423,True,7,mechanical_001,694e94943eba5ec86f88e0f45b9a3be0ea739723f70d5cd41dfd57894d84bdea
2730,68.25,0.8519,6.0477,True,7,mechanical_001,694e94943eba5ec86f88e0f45b9a3be0ea739723f70d5cd41dfd57894d84bdea
2731,68.275,0.8522,6.0521,True,7,mechanical_001,694e94943eba5ec86f88e0f45b9a3be0ea739723f70d5cd41dfd57894d84bdea
2732,68.3,0.8525,6.0573,True,7,mechanical_001,694e94943eba5ec86f88e0f45b9a3be0ea739723f70d5cd41dfd57894d84bdea
2733,68.325,0.8529,6.0652,True,7,mechanical_001,694e94943eba5ec86f88e0f45b9a3be0ea739723f70d5cd41dfd57894d84bdea
2734,68.35,0.8532,6.0717,True,7,mechanical_001,694e94943eba5ec86f88e0f45b9a3be0ea739723f70d5cd41dfd57894d84bdea
2735,68.375,0.8535,6.0781,True,7,mechanical_001,694e94943eba5ec86f88e0f45b9a3be0ea739723f70d5cd41dfd57894d84bdea
2736,68.4,0.8538,6.0881,True,7,mechanical_001,694e94943eba5ec86f88e0f45b9a3be0ea739723f70d5cd41dfd57894d84bdea
2737,68.425,0.8541,6.1008,True,7,mechanical_001,694e94943eba5ec86f88e0f45b9a3be0ea739723f70d5cd41dfd57894d84bdea
2738,68.45,0.8544,6.1176,True,7,mechanical_001,694e94943eba5ec86f88e0f45b9a3be0ea739723f70d5cd41dfd57894d84bdea
2739,68.475,0.8548,6.1311,True,7,mechanical_001,694e94943eba5ec86f88e0f45b9a3be0ea739723f70d5cd41dfd57894d84bdea
2740,68.5,0.8551,6.1439,True,7,mechanical_001,694e94943eba5ec86f88e0f45b9a3be0ea739723f70d5cd41dfd57894d84bdea
2741,68.525,0.8554,6.1616,True,7,mechanical_001,694e94943eba5ec86f88e0f45b9a3be0ea739723f70d5cd41dfd57894d84bdea
2742,68.55,0.8557,6.1784,True,7,mechanical_001,694e94943eba5ec86f88e0f45b9a3be0ea739723f70d5cd41dfd57894d84bdea
2743,68.575,0.856,6.1869,True,7,mechanical_001,694e94943eba5ec86f88e0f45b9a3be0ea739723f70d5cd41dfd57894d84bdea
2744,68.6,0.8564,6.19,True,7,mechanical_001,694e94943eba5ec86f88e0f45b9a3be0ea739723f70d5cd41dfd57894d84bdea
2745,68.625,0.8567,6.1881,True,7,mechanical_001,694e94943eba5ec86f88e0f45b9a3be0ea739723f70d5cd41dfd57894d84bdea
2746,68.65,0.857,6.1866,True,7,mechanical_001,694e94943eba5ec86f88e0f45b9a3be0ea739723f70d5cd41dfd57894d84bdea
2747,68.675,0.8573,6.1928,True,7,mechanical_001,694e94943eba5ec86f88e0f45b9a3be0ea739723f70d5cd41dfd57894d84bdea
2748,68.7,0.8576,6.2051,True,7,mechanical_001,694e94943eba5ec86f88e0f45b9a3be0ea739723f70d5cd41dfd57894d84bdea
2749,68.725,0.8579,6.2237,True,7,mechanical_001,694e94943eba5ec86f88e0f45b9a3be0ea739723f70d5cd41dfd57894d84bdea
2750,68.75,0.8582,6.2477,True,7,mechanical_001,694e94943eba5ec86f88e0f45b9a3be0ea739723f70d5cd41dfd57894d84bdea
2751,68.775,0.8586,6.273,True,7,mechanical_001,694e94943eba5ec86f88e0f45b9a3be0ea739723f70d5cd41dfd57894d84bdea
2752,68.8,0.8589,6.294,True,7,mechanical_001,694e94943eba5ec86f88e0f45b9a3be0ea739723f70d5cd41dfd57894d84bdea
2753,68.825,0.8592,6.3149,True,7,mechanical_001,694e94943eba5ec86f88e0f45b9a3be0ea739723f70d5cd41dfd57894d84bdea
2754,68.85,0.8596,6.3316,True,7,mechanical_001,694e94943eba5ec86f88e0f45b9a3be0ea739723f70d5cd41dfd57894d84bdea
2755,68.875,0.8599,6.3454,True,7,mechanical_001,694e94943eba5ec86f88e0f45b9a3be0ea739723f70d5cd41dfd57894d84bdea
2756,68.9,0.8602,6.3557,True,7,mechanical_001,694e94943eba5ec86f88e0f45b9a3be0ea739723f70d5cd41dfd57894d84bdea
2757,68.925,0.8606,6.3624,True,7,mechanical_001,694e94943eba5ec86f88e0f45b9a3be0ea739723f70d5cd41dfd57894d84bdea
2758,68.95,0.8609,6.3649,True,7,mechanical_001,694e94943eba5ec86f88e0f45b9a3be0ea739723f70d5cd41dfd57894d84bdea
2759,68.975,0.8612,6.365,True,7,mechanical_001,694e94943eba5ec86f88e0f45b9a3be0ea739723f70d5cd41dfd57894d84bdea
2760,69.0,0.8615,6.3627,True,7,mechanical_001,694e94943eba5ec86f88e0f45b9a3be0ea739723f70d5cd41dfd57894d84bdea
2761,69.025,0.8618,6.361,True,7,mechanical_001,694e94943eba5ec86f88e0f45b9a3be0ea739723f70d5cd41dfd57894d84bdea
2762,69.05,0.8621,6.3608,True,7,mechanical_001,694e94943eba5ec86f88e0f45b9a3be0ea739723f70d5cd41dfd57894d84bdea
2763,69.075,0.8624,6.3688,True,7,mechanical_001,694e94943eba5ec86f88e0f45b9a3be0ea739723f70d5cd41dfd57894d84bdea
2764,69.1,0.8627,6.3829,True,7,mechanical_001,694e94943eba5ec86f88e0f45b9a3be0ea739723f70d5cd41dfd57894d84bdea
2765,69.125,0.863,6.4063,True,7,mechanical_001,694e94943eba5ec86f88e0f45b9a3be0ea739723f70d5cd41dfd57894d84bdea
2766,69.15,0.8633,6.431,True,7,mechanical_001,694e94943eba5ec86f88e0f45b9a3be0ea739723f70d5cd41dfd57894d84bdea
2767,69.175,0.8637,6.4539,True,7,mechanical_001,694e94943eba5ec86f88e0f45b9a3be0ea739723f70d5cd41dfd57894d84bdea
2768,69.2,0.864,6.4685,True,7,mechanical_001,694e94943eba5ec86f88e0f45b9a3be0ea739723f70d5cd41dfd57894d84bdea
2769,69.225,0.8643,6.4778,True,7,mechanical_001,694e94943eba5ec86f88e0f45b9a3be0ea739723f70d5cd41dfd57894d84bdea
2770,69.25,0.8646,6.4864,True,7,mechanical_001,694e94943eba5ec86f88e0f45b9a3be0ea739723f70d5cd41dfd57894d84bdea
2771,69.275,0.8649,6.4883,True,7,mechanical_001,694e94943eba5ec86f88e0f45b9a3be0ea739723f70d5cd41dfd57894d84bdea
2772,69.3,0.8652,6.4884,True,7,mechanical_001,694e94943eba5ec86f88e0f45b9a3be0ea739723f70d5cd41dfd57894d84bdea
2773,69.325,0.8655,6.487,True,7,mechanical_001,694e94943eba5ec86f88e0f45b9a3be0ea739723f70d5cd41dfd57894d84bdea
2774,69.35,0.8658,6.4865,True,7,mechanical_001,694e94943eba5ec86f88e0f45b9a3be0ea739723f70d5cd41dfd57894d84bdea
2775,69.375,0.8661,6.4946,True,7,mechanical_001,694e94943eba5ec86f88e0f45b9a3be0ea739723f70d5cd41dfd57894d84bdea
2776,69.4,0.8664,6.5051,True,7,mechanical_001,694e94943eba5ec86f88e0f45b9a3be0ea739723f70d5cd41dfd57894d84bdea
2777,69.425,0.8667,6.5164,True,7,mechanical_001,694e94943eba5ec86f88e0f45b9a3be0ea739723f70d5cd41dfd57894d84bdea
2778,69.45,0.867,6.5268,True,7,mechanical_001,694e94943eba5ec86f88e0f45b9a3be0ea739723f70d5cd41dfd57894d84bdea
2779,69.475,0.8673,6.5415,True,7,mechanical_001,694e94943eba5ec86f88e0f45b9a3be0ea739723f70d5cd41dfd57894d84bdea
2780,69.5,0.8676,6.5562,True,7,mechanical_001,694e94943eba5ec86f88e0f45b9a3be0ea739723f70d5cd41dfd57894d84bdea
2781,69.525,0.868,6.5685,True,7,mechanical_001,694e94943eba5ec86f88e0f45b9a3be0ea739723f70d5cd41dfd57894d84bdea
2782,69.55,0.8683,6.5829,True,7,mechanical_001,694e94943eba5ec86f88e0f45b9a3be0ea739723f70d5cd41dfd57894d84bdea
2783,69.575,0.8686,6.5978,True,7,mechanical_001,694e94943eba5ec86f88e0f45b9a3be0ea739723f70d5cd41dfd57894d84bdea
2784,69.6,0.8689,6.61,True,7,mechanical_001,694e94943eba5ec86f88e0f45b9a3be0ea739723f70d5cd41dfd57894d84bdea
2785,69.625,0.8692,6.6183,True,7,mechanical_001,694e94943eba5ec86f88e0f45b9a3be0ea739723f70d5cd41dfd57894d84bdea
2786,69.65,0.8695,6.6238,True,7,mechanical_001,694e94943eba5ec86f88e0f45b9a3be0ea739723f70d5cd41dfd57894d84bdea
2787,69.675,0.8698,6.6269,True,7,mechanical_001,694e94943eba5ec86f88e0f45b9a3be0ea739723f70d5cd41dfd57894d84bdea
2788,69.7,0.8701,6.6251,True,7,mechanical_001,694e94943eba5ec86f88e0f45b9a3be0ea739723f70d5cd41dfd57894d84bdea
2789,69.725,0.8704,6.6224,True,7,mechanical_001,694e94943eba5ec86f88e0f45b9a3be0ea739723f70d5cd41dfd57894d84bdea
2790,69.75,0.8707,6.62,True,7,mechanical_001,694e94943eba5ec86f88e0f45b9a3be0ea739723f70d5cd41dfd57894d84bdea
2791,69.775,0.871,6.62,True,7,mechanical_001,694e94943eba5ec86f88e0f45b9a3be0ea739723f70d5cd41dfd57894d84bdea
2792,69.8,0.8713,6.6268,True,7,mechanical_001,694e94943eba5ec86f88e0f45b9a3be0ea739723f70d5cd41dfd57894d84bdea
2793,69.825,0.8716,6.6393,True,7,mechanical_001,694e94943eba5ec86f88e0f45b9a3be0ea739723f70d5cd41dfd57894d84bdea
2794,69.85,0.8719,6.6526,True,7,mechanical_001,694e94943eba5ec86f88e0f45b9a3be0ea739723f70d5cd41dfd57894d84bdea
2795,69.875,0.8722,6.6649,True,7,mechanical_001,694e94943eba5ec86f88e0f45b9a3be0ea739723f70d5cd41dfd57894d84bdea
2796,69.9,0.8725,6.6759,True,7,mechanical_001,694e94943eba5ec86f88e0f45b9a3be0ea739723f70d5cd41dfd57894d84bdea
2797,69.925,0.8728,6.6868,True,7,mechanical_001,694e94943eba5ec86f88e0f45b9a3be0ea739723f70d5cd41dfd57894d84bdea
2798,69.95,0.8731,6.6935,True,7,mechanical_001,694e94943eba5ec86f88e0f45b9a3be0ea739723f70d5cd41dfd57894d84bdea
2799,69.975,0.8734,6.6975,True,7,mechanical_001,694e94943eba5ec86f88e0f45b9a3be0ea739723f70d5cd41dfd57894d84bdea
2800,70.0,0.8737,6.7009,True,7,mechanical_001,694e94943eba5ec86f88e0f45b9a3be0ea739723f70d5cd41dfd57894d84bdea
2801,70.025,0.874,6.703,True,7,mechanical_001,694e94943eba5ec86f88e0f45b9a3be0ea739723f70d5cd41dfd57894d84bdea
2802,70.05,0.8743,6.6979,True,7,mechanical_001,694e94943eba5ec86f88e0f45b9a3be0ea739723f70d5cd41dfd57894d84bdea
2803,70.075,0.8746,6.6899,True,7,mechanical_001,694e94943eba5ec86f88e0f45b9a3be0ea739723f70d5cd41dfd57894d84bdea
2804,70.1,0.8749,6.6859,True,7,mechanical_001,694e94943eba5ec86f88e0f45b9a3be0ea739723f70d5cd41dfd57894d84bdea
2805,70.125,0.8752,6.6895,True,7,mechanical_001,694e94943eba5ec86f88e0f45b9a3be0ea739723f70d5cd41dfd57894d84bdea
2806,70.15,0.8755,6.6961,True,7,mechanical_001,694e94943eba5ec86f88e0f45b9a3be0ea739723f70d5cd41dfd57894d84bdea
2807,70.175,0.8758,6.7075,True,7,mechanical_001,694e94943eba5ec86f88e0f45b9a3be0ea739723f70d5cd41dfd57894d84bdea
2808,70.2,0.8761,6.7203,True,7,mechanical_001,694e94943eba5ec86f88e0f45b9a3be0ea739723f70d5cd41dfd57894d84bdea
2809,70.225,0.8764,6.7324,True,7,mechanical_001,694e94943eba5ec86f88e0f45b9a3be0ea739723f70d5cd41dfd57894d84bdea
2810,70.25,0.8767,6.7493,True,7,mechanical_001,694e94943eba5ec86f88e0f45b9a3be0ea739723f70d5cd41dfd57894d84bdea
2811,70.275,0.877,6.7658,True,7,mechanical_001,694e94943eba5ec86f88e0f45b9a3be0ea739723f70d5cd41dfd57894d84bdea
2812,70.3,0.8773,6.7785,True,7,mechanical_001,694e94943eba5ec86f88e0f45b9a3be0ea739723f70d5cd41dfd57894d84bdea
2813,70.325,0.8777,6.7896,True,7,mechanical_001,694e94943eba5ec86f88e0f45b9a3be0ea739723f70d5cd41dfd57894d84bdea
2814,70.35,0.878,6.8015,True,7,mechanical_001,694e94943eba5ec86f88e0f45b9a3be0ea739723f70d5cd41dfd57894d84bdea
2815,70.375,0.8783,6.8116,True,7,mechanical_001,694e94943eba5ec86f88e0f45b9a3be0ea739723f70d5cd41dfd57894d84bdea
2816,70.4,0.8786,6.8182,True,7,mechanical_001,694e94943eba5ec86f88e0f45b9a3be0ea739723f70d5cd41dfd57894d84bdea
2817,70.425,0.8789,6.8279,True,7,mechanical_001,694e94943eba5ec86f88e0f45b9a3be0ea739723f70d5cd41dfd57894d84bdea
2818,70.45,0.8792,6.8371,True,7,mechanical_001,694e94943eba5ec86f88e0f45b9a3be0ea739723f70d5cd41dfd57894d84bdea
2819,70.475,0.8795,6.8444,True,7,mechanical_001,694e94943eba5ec86f88e0f45b9a3be0ea739723f70d5cd41dfd57894d84bdea
2820,70.5,0.8798,6.8477,True,7,mechanical_001,694e94943eba5ec86f88e0f45b9a3be0ea739723f70d5cd41dfd57894d84bdea
2821,70.525,0.8801,6.8538,True,7,mechanical_001,694e94943eba5ec86f88e0f45b9a3be0ea739723f70d5cd41dfd57894d84bdea
2822,70.55,0.8805,6.8632,True,7,mechanical_001,694e94943eba5ec86f88e0f45b9a3be0ea739723f70d5cd41dfd57894d84bdea
2823,70.575,0.8808,6.872,True,7,mechanical_001,694e94943eba5ec86f88e0f45b9a3be0ea739723f70d5cd41dfd57894d84bdea
2824,70.6,0.8811,6.881,True,7,mechanical_001,694e94943eba5ec86f88e0f45b9a3be0ea739723f70d5cd41dfd57894d84bdea
2825,70.625,0.8814,6.8908,True,7,mechanical_001,694e94943eba5ec86f88e0f45b9a3be0ea739723f70d5cd41dfd57894d84bdea
2826,70.65,0.8817,6.8988,True,7,mechanical_001,694e94943eba5ec86f88e0f45b9a3be0ea739723f70d5cd41dfd57894d84bdea
2827,70.675,0.882,6.904,True,7,mechanical_001,694e94943eba5ec86f88e0f45b9a3be0ea739723f70d5cd41dfd57894d84bdea
2828,70.7,0.8823,6.9135,True,7,mechanical_001,694e94943eba5ec86f88e0f45b9a3be0ea739723f70d5cd41dfd57894d84bdea
2829,70.725,0.8826,6.925,True,7,mechanical_001,694e94943eba5ec86f88e0f45b9a3be0ea739723f70d5cd41dfd57894d84bdea
2830,70.75,0.883,6.9374,True,7,mechanical_001,694e94943eba5ec86f88e0f45b9a3be0ea739723f70d5cd41dfd57894d84bdea
2831,70.775,0.8833,6.9494,True,7,mechanical_001,694e94943eba5ec86f88e0f45b9a3be0ea739723f70d5cd41dfd57894d84bdea
2832,70.8,0.8836,6.9635,True,7,mechanical_001,694e94943eba5ec86f88e0f45b9a3be0ea739723f70d5cd41dfd57894d84bdea
2833,70.825,0.8839,6.9768,True,7,mechanical_001,694e94943eba5ec86f88e0f45b9a3be0ea739723f70d5cd41dfd57894d84bdea
2834,70.85,0.8842,6.9913,True,7,mechanical_001,694e94943eba5ec86f88e0f45b9a3be0ea739723f70d5cd41dfd57894d84bdea
2835,70.875,0.8846,7.0036,True,7,mechanical_001,694e94943eba5ec86f88e0f45b9a3be0ea739723f70d5cd41dfd57894d84bdea
2836,70.9,0.8849,7.011,True,7,mechanical_001,694e94943eba5ec86f88e0f45b9a3be0ea739723f70d5cd41dfd57894d84bdea
2837,70.925,0.8852,7.0197,True,7,mechanical_001,694e94943eba5ec86f88e0f45b9a3be0ea739723f70d5cd41dfd57894d84bdea
2838,70.95,0.8855,7.0248,True,7,mechanical_001,694e94943eba5ec86f88e0f45b9a3be0ea739723f70d5cd41dfd57894d84bdea
2839,70.975,0.8858,7.0301,True,7,mechanical_001,694e94943eba5ec86f88e0f45b9a3be0ea739723f70d5cd41dfd57894d84bdea
2840,71.0,0.8861,7.0413,True,7,mechanical_001,694e94943eba5ec86f88e0f45b9a3be0ea739723f70d5cd41dfd57894d84bdea
2841,71.025,0.8864,7.0516,True,7,mechanical_001,694e94943eba5ec86f88e0f45b9a3be0ea739723f70d5cd41dfd57894d84bdea
2842,71.05,0.8868,7.0699,True,7,mechanical_001,694e94943eba5ec86f88e0f45b9a3be0ea739723f70d5cd41dfd57894d84bdea
2843,71.075,0.8871,7.0896,True,7,mechanical_001,694e94943eba5ec86f88e0f45b9a3be0ea739723f70d5cd41dfd57894d84bdea
2844,71.1,0.8874,7.1097,True,7,mechanical_001,694e94943eba5ec86f88e0f45b9a3be0ea739723f70d5cd41dfd57894d84bdea
2845,71.125,0.8878,7.1312,True,7,mechanical_001,694e94943eba5ec86f88e0f45b9a3be0ea739723f70d5cd41dfd57894d84bdea
2846,71.15,0.8881,7.1477,True,7,mechanical_001,694e94943eba5ec86f88e0f45b9a3be0ea739723f70d5cd41dfd57894d84bdea
2847,71.175,0.8884,7.1645,True,7,mechanical_001,694e94943eba5ec86f88e0f45b9a3be0ea739723f70d5cd41dfd57894d84bdea
2848,71.2,0.8888,7.1911,True,7,mechanical_001,694e94943eba5ec86f88e0f45b9a3be0ea739723f70d5cd41dfd57894d84bdea
2849,71.225,0.8891,7.2208,True,7,mechanical_001,694e94943eba5ec86f88e0f45b9a3be0ea739723f70d5cd41dfd57894d84bdea
2850,71.25,0.8895,7.248,True,7,mechanical_001,694e94943eba5ec86f88e0f45b9a3be0ea739723f70d5cd41dfd57894d84bdea
2851,71.275,0.8898,7.2676,True,7,mechanical_001,694e94943eba5ec86f88e0f45b9a3be0ea739723f70d5cd41dfd57894d84bdea
2852,71.3,0.8901,7.2818,True,7,mechanical_001,694e94943eba5ec86f88e0f45b9a3be0ea739723f70d5cd41dfd57894d84bdea
2853,71.325,0.8905,7.2958,True,7,mechanical_001,694e94943eba5ec86f88e0f45b9a3be0ea739723f70d5cd41dfd57894d84bdea
2854,71.35,0.8908,7.3046,True,7,mechanical_001,694e94943eba5ec86f88e0f45b9a3be0ea739723f70d5cd41dfd57894d84bdea
2855,71.375,0.8911,7.3085,True,7,mechanical_001,694e94943eba5ec86f88e0f45b9a3be0ea739723f70d5cd41dfd57894d84bdea
2856,71.4,0.8914,7.3095,True,7,mechanical_001,694e94943eba5ec86f88e0f45b9a3be0ea739723f70d5cd41dfd57894d84bdea
2857,71.425,0.8917,7.309,True,7,mechanical_001,694e94943eba5ec86f88e0f45b9a3be0ea739723f70d5cd41dfd57894d84bdea
2858,71.45,0.892,7.3069,True,7,mechanical_001,694e94943eba5ec86f88e0f45b9a3be0ea739723f70d5cd41dfd57894d84bdea
2859,71.475,0.8923,7.3051,True,7,mechanical_001,694e94943eba5ec86f88e0f45b9a3be0ea739723f70d5cd41dfd57894d84bdea
2860,71.5,0.8926,7.3061,True,7,mechanical_001,694e94943eba5ec86f88e0f45b9a3be0ea739723f70d5cd41dfd57894d84bdea
2861,71.525,0.8929,7.3085,True,7,mechanical_001,694e94943eba5ec86f88e0f45b9a3be0ea739723f70d5cd41dfd57894d84bdea
2862,71.55,0.8932,7.3169,True,7,mechanical_001,694e94943eba5ec86f88e0f45b9a3be0ea739723f70d5cd41dfd57894d84bdea
2863,71.575,0.8935,7.3283,True,7,mechanical_001,694e94943eba5ec86f88e0f45b9a3be0ea739723f70d5cd41dfd57894d84bdea
2864,71.6,0.8938,7.3416,True,7,mechanical_001,694e94943eba5ec86f88e0f45b9a3be0ea739723f70d5cd41dfd57894d84bdea
2865,71.625,0.8942,7.3584,True,7,mechanical_001,694e94943eba5ec86f88e0f45b9a3be0ea739723f70d5cd41dfd57894d84bdea
2866,71.65,0.8945,7.3782,True,7,mechanical_001,694e94943eba5ec86f88e0f45b9a3be0ea739723f70d5cd41dfd57894d84bdea
2867,71.675,0.8948,7.4007,True,7,mechanical_001,694e94943eba5ec86f88e0f45b9a3be0ea739723f70d5cd41dfd57894d84bdea
2868,71.7,0.8951,7.4227,True,7,mechanical_001,694e94943eba5ec86f88e0f45b9a3be0ea739723f70d5cd41dfd57894d84bdea
2869,71.725,0.8955,7.4416,True,7,mechanical_001,694e94943eba5ec86f88e0f45b9a3be0ea739723f70d5cd41dfd57894d84bdea
2870,71.75,0.8958,7.4564,True,7,mechanical_001,694e94943eba5ec86f88e0f45b9a3be0ea739723f70d5cd41dfd57894d84bdea
2871,71.775,0.8961,7.4711,True,7,mechanical_001,694e94943eba5ec86f88e0f45b9a3be0ea739723f70d5cd41dfd57894d84bdea
2872,71.8,0.8964,7.4846,True,7,mechanical_001,694e94943eba5ec86f88e0f45b9a3be0ea739723f70d5cd41dfd57894d84bdea
2873,71.825,0.8967,7.4938,True,7,mechanical_001,694e94943eba5ec86f88e0f45b9a3be0ea739723f70d5cd41dfd57894d84bdea
2874,71.85,0.897,7.502,True,7,mechanical_001,694e94943eba5ec86f88e0f45b9a3be0ea739723f70d5cd41dfd57894d84bdea
2875,71.875,0.8973,7.5072,True,7,mechanical_001,694e94943eba5ec86f88e0f45b9a3be0ea739723f70d5cd41dfd57894d84bdea
2876,71.9,0.8976,7.5092,True,7,mechanical_001,694e94943eba5ec86f88e0f45b9a3be0ea739723f70d5cd41dfd57894d84bdea
2877,71.925,0.8979,7.5145,True,7,mechanical_001,694e94943eba5ec86f88e0f45b9a3be0ea739723f70d5cd41dfd57894d84bdea
2878,71.95,0.8982,7.5231,True,7,mechanical_001,694e94943eba5ec86f88e0f45b9a3be0ea739723f70d5cd41dfd57894d84bdea
2879,71.975,0.8985,7.5353,True,7,mechanical_001,694e94943eba5ec86f88e0f45b9a3be0ea739723f70d5cd41dfd57894d84bdea
2880,72.0,0.8989,7.5359,True,7,mechanical_001,694e94943eba5ec86f88e0f45b9a3be0ea739723f70d5cd41dfd57894d84bdea
2881,72.025,0.8992,7.5449,True,7,mechanical_001,694e94943eba5ec86f88e0f45b9a3be0ea739723f70d5cd41dfd57894d84bdea
2882,72.05,0.8995,7.561,True,7,mechanical_001,694e94943eba5ec86f88e0f45b9a3be0ea739723f70d5cd41dfd57894d84bdea
2883,72.075,0.8998,7.5722,True,7,mechanical_001,694e94943eba5ec86f88e0f45b9a3be0ea739723f70d5cd41dfd57894d84bdea
2884,72.1,0.9001,7.5786,True,7,mechanical_001,694e94943eba5ec86f88e0f45b9a3be0ea739723f70d5cd41dfd57894d84bdea
2885,72.125,0.9004,7.5783,True,7,mechanical_001,694e94943eba5ec86f88e0f45b9a3be0ea739723f70d5cd41dfd57894d84bdea
2886,72.15,0.9007,7.5803,True,7,mechanical_001,694e94943eba5ec86f88e0f45b9a3be0ea739723f70d5cd41dfd57894d84bdea
2887,72.175,0.901,7.5808,True,7,mechanical_001,694e94943eba5ec86f88e0f45b9a3be0ea739723f70d5cd41dfd57894d84bdea
2888,72.2,0.9013,7.584,True,7,mechanical_001,694e94943eba5ec86f88e0f45b9a3be0ea739723f70d5cd41dfd57894d84bdea
2889,72.225,0.9016,7.5942,True,7,mechanical_001,694e94943eba5ec86f88e0f45b9a3be0ea739723f70d5cd41dfd57894d84bdea
2890,72.25,0.9019,7.6097,True,7,mechanical_001,694e94943eba5ec86f88e0f45b9a3be0ea739723f70d5cd41dfd57894d84bdea
2891,72.275,0.9022,7.6305,True,7,mechanical_001,694e94943eba5ec86f88e0f45b9a3be0ea739723f70d5cd41dfd57894d84bdea
2892,72.3,0.9026,7.6552,True,7,mechanical_001,694e94943eba5ec86f88e0f45b9a3be0ea739723f70d5cd41dfd57894d84bdea
2893,72.325,0.9029,7.6793,True,7,mechanical_001,694e94943eba5ec86f88e0f45b9a3be0ea739723f70d5cd41dfd57894d84bdea
2894,72.35,0.9032,7.6997,True,7,mechanical_001,694e94943eba5ec86f88e0f45b9a3be0ea739723f70d5cd41dfd57894d84bdea
2895,72.375,0.9036,7.717,True,7,mechanical_001,694e94943eba5ec86f88e0f45b9a3be0ea739723f70d5cd41dfd57894d84bdea
2896,72.4,0.9039,7.7311,True,7,mechanical_001,694e94943eba5ec86f88e0f45b9a3be0ea739723f70d5cd41dfd57894d84bdea
2897,72.425,0.9042,7.7379,True,7,mechanical_001,694e94943eba5ec86f88e0f45b9a3be0ea739723f70d5cd41dfd57894d84bdea
2898,72.45,0.9045,7.7427,True,7,mechanical_001,694e94943eba5ec86f88e0f45b9a3be0ea739723f70d5cd41dfd57894d84bdea
2899,72.475,0.9048,7.7458,True,7,mechanical_001,694e94943eba5ec86f88e0f45b9a3be0ea739723f70d5cd41dfd57894d84bdea
2900,72.5,0.9051,7.7463,True,7,mechanical_001,694e94943eba5ec86f88e0f45b9a3be0ea739723f70d5cd41dfd57894d84bdea
2901,72.525,0.9054,7.7452,True,7,mechanical_001,694e94943eba5ec86f88e0f45b9a3be0ea739723f70d5cd41dfd57894d84bdea
2902,72.55,0.9057,7.7479,True,7,mechanical_001,694e94943eba5ec86f88e0f45b9a3be0ea739723f70d5cd41dfd57894d84bdea
2903,72.575,0.906,7.7518,True,7,mechanical_001,694e94943eba5ec86f88e0f45b9a3be0ea739723f70d5cd41dfd57894d84bdea
2904,72.6,0.9063,7.7606,True,7,mechanical_001,694e94943eba5ec86f88e0f45b9a3be0ea739723f70d5cd41dfd57894d84bdea
2905,72.625,0.9066,7.7774,True,7,mechanical_001,694e94943eba5ec86f88e0f45b9a3be0ea739723f70d5cd41dfd57894d84bdea
2906,72.65,0.907,7.7926,True,7,mechanical_001,694e94943eba5ec86f88e0f45b9a3be0ea739723f70d5cd41dfd57894d84bdea
2907,72.675,0.9073,7.8017,True,7,mechanical_001,694e94943eba5ec86f88e0f45b9a3be0ea739723f70d5cd41dfd57894d84bdea
2908,72.7,0.9076,7.8058,True,7,mechanical_001,694e94943eba5ec86f88e0f45b9a3be0ea739723f70d5cd41dfd57894d84bdea
2909,72.725,0.9079,7.8131,True,7,mechanical_001,694e94943eba5ec86f88e0f45b9a3be0ea739723f70d5cd41dfd57894d84bdea
2910,72.75,0.9082,7.8239,True,7,mechanical_001,694e94943eba5ec86f88e0f45b9a3be0ea739723f70d5cd41dfd57894d84bdea
2911,72.775,0.9085,7.8352,True,7,mechanical_001,694e94943eba5ec86f88e0f45b9a3be0ea739723f70d5cd41dfd57894d84bdea
2912,72.8,0.9088,7.8441,True,7,mechanical_001,694e94943eba5ec86f88e0f45b9a3be0ea739723f70d5cd41dfd57894d84bdea
2913,72.825,0.9091,7.8538,True,7,mechanical_001,694e94943eba5ec86f88e0f45b9a3be0ea739723f70d5cd41dfd57894d84bdea
2914,72.85,0.9094,7.8594,True,7,mechanical_001,694e94943eba5ec86f88e0f45b9a3be0ea739723f70d5cd41dfd57894d84bdea
2915,72.875,0.9097,7.8727,True,7,mechanical_001,694e94943eba5ec86f88e0f45b9a3be0ea739723f70d5cd41dfd57894d84bdea
2916,72.9,0.9101,7.8882,True,7,mechanical_001,694e94943eba5ec86f88e0f45b9a3be0ea739723f70d5cd41dfd57894d84bdea
2917,72.925,0.9104,7.904,True,7,mechanical_001,694e94943eba5ec86f88e0f45b9a3be0ea739723f70d5cd41dfd57894d84bdea
2918,72.95,0.9107,7.9219,True,7,mechanical_001,694e94943eba5ec86f88e0f45b9a3be0ea739723f70d5cd41dfd57894d84bdea
2919,72.975,0.911,7.9392,True,7,mechanical_001,694e94943eba5ec86f88e0f45b9a3be0ea739723f70d5cd41dfd57894d84bdea
2920,73.0,0.9114,7.9541,True,7,mechanical_001,694e94943eba5ec86f88e0f45b9a3be0ea739723f70d5cd41dfd57894d84bdea
2921,73.025,0.9117,7.9672,True,7,mechanical_001,694e94943eba5ec86f88e0f45b9a3be0ea739723f70d5cd41dfd57894d84bdea
2922,73.05,0.912,7.9729,True,7,mechanical_001,694e94943eba5ec86f88e0f45b9a3be0ea739723f70d5cd41dfd57894d84bdea
2923,73.075,0.9123,7.9806,True,7,mechanical_001,694e94943eba5ec86f88e0f45b9a3be0ea739723f70d5cd41dfd57894d84bdea
2924,73.1,0.9126,7.9891,True,7,mechanical_001,694e94943eba5ec86f88e0f45b9a3be0ea739723f70d5cd41dfd57894d84bdea
2925,73.125,0.9129,8.0011,True,7,mechanical_001,694e94943eba5ec86f88e0f45b9a3be0ea739723f70d5cd41dfd57894d84bdea
2926,73.15,0.9132,8.0131,True,7,mechanical_001,694e94943eba5ec86f88e0f45b9a3be0ea739723f70d5cd41dfd57894d84bdea
2927,73.175,0.9136,8.0204,True,7,mechanical_001,694e94943eba5ec86f88e0f45b9a3be0ea739723f70d5cd41dfd57894d84bdea
2928,73.2,0.9139,8.0247,True,7,mechanical_001,694e94943eba5ec86f88e0f45b9a3be0ea739723f70d5cd41dfd57894d84bdea
2929,73.225,0.9142,8.0295,True,7,mechanical_001,694e94943eba5ec86f88e0f45b9a3be0ea739723f70d5cd41dfd57894d84bdea
2930,73.25,0.9145,8.0322,True,7,mechanical_001,694e94943eba5ec86f88e0f45b9a3be0ea739723f70d5cd41dfd57894d84bdea
2931,73.275,0.9148,8.0375,True,7,mechanical_001,694e94943eba5ec86f88e0f45b9a3be0ea739723f70d5cd41dfd57894d84bdea
2932,73.3,0.9151,8.044,True,7,mechanical_001,694e94943eba5ec86f88e0f45b9a3be0ea739723f70d5cd41dfd57894d84bdea
2933,73.325,0.9154,8.0501,True,7,mechanical_001,694e94943eba5ec86f88e0f45b9a3be0ea739723f70d5cd41dfd57894d84bdea
2934,73.35,0.9157,8.0563,True,7,mechanical_001,694e94943eba5ec86f88e0f45b9a3be0ea739723f70d5cd41dfd57894d84bdea
2935,73.375,0.916,8.0623,True,7,mechanical_001,694e94943eba5ec86f88e0f45b9a3be0ea739723f70d5cd41dfd57894d84bdea
2936,73.4,0.9163,8.0702,True,7,mechanical_001,694e94943eba5ec86f88e0f45b9a3be0ea739723f70d5cd41dfd57894d84bdea
2937,73.425,0.9167,8.0808,True,7,mechanical_001,694e94943eba5ec86f88e0f45b9a3be0ea739723f70d5cd41dfd57894d84bdea
2938,73.45,0.917,8.096,True,7,mechanical_001,694e94943eba5ec86f88e0f45b9a3be0ea739723f70d5cd41dfd57894d84bdea
2939,73.475,0.9173,8.1065,True,7,mechanical_001,694e94943eba5ec86f88e0f45b9a3be0ea739723f70d5cd41dfd57894d84bdea
2940,73.5,0.9176,8.1115,True,7,mechanical_001,694e94943eba5ec86f88e0f45b9a3be0ea739723f70d5cd41dfd57894d84bdea
2941,73.525,0.9179,8.12,True,7,mechanical_001,694e94943eba5ec86f88e0f45b9a3be0ea739723f70d5cd41dfd57894d84bdea
2942,73.55,0.9182,8.1319,True,7,mechanical_001,694e94943eba5ec86f88e0f45b9a3be0ea739723f70d5cd41dfd57894d84bdea
2943,73.575,0.9186,8.1419,True,7,mechanical_001,694e94943eba5ec86f88e0f45b9a3be0ea739723f70d5cd41dfd57894d84bdea
2944,73.6,0.9189,8.1561,True,7,mechanical_001,694e94943eba5ec86f88e0f45b9a3be0ea739723f70d5cd41dfd57894d84bdea
2945,73.625,0.9192,8.1748,True,7,mechanical_001,694e94943eba5ec86f88e0f45b9a3be0ea739723f70d5cd41dfd57894d84bdea
2946,73.65,0.9196,8.1908,True,7,mechanical_001,694e94943eba5ec86f88e0f45b9a3be0ea739723f70d5cd41dfd57894d84bdea
2947,73.675,0.9199,8.2076,True,7,mechanical_001,694e94943eba5ec86f88e0f45b9a3be0ea739723f70d5cd41dfd57894d84bdea
2948,73.7,0.9202,8.2218,True,7,mechanical_001,694e94943eba5ec86f88e0f45b9a3be0ea739723f70d5cd41dfd57894d84bdea
2949,73.725,0.9206,8.2338,True,7,mechanical_001,694e94943eba5ec86f88e0f45b9a3be0ea739723f70d5cd41dfd57894d84bdea
2950,73.75,0.9209,8.2432,True,7,mechanical_001,694e94943eba5ec86f88e0f45b9a3be0ea739723f70d5cd41dfd57894d84bdea
2951,73.775,0.9212,8.2525,True,7,mechanical_001,694e94943eba5ec86f88e0f45b9a3be0ea739723f70d5cd41dfd57894d84bdea
2952,73.8,0.9216,8.261,True,7,mechanical_001,694e94943eba5ec86f88e0f45b9a3be0ea739723f70d5cd41dfd57894d84bdea
2953,73.825,0.9219,8.2682,True,7,mechanical_001,694e94943eba5ec86f88e0f45b9a3be0ea739723f70d5cd41dfd57894d84bdea
2954,73.85,0.9222,8.2737,True,7,mechanical_001,694e94943eba5ec86f88e0f45b9a3be0ea739723f70d5cd41dfd57894d84bdea
2955,73.875,0.9226,8.2789,True,7,mechanical_001,694e94943eba5ec86f88e0f45b9a3be0ea739723f70d5cd41dfd57894d84bdea
2956,73.9,0.9229,8.2806,True,7,mechanical_001,694e94943eba5ec86f88e0f45b9a3be0ea739723f70d5cd41dfd57894d84bdea
2957,73.925,0.9232,8.2738,True,7,mechanical_001,694e94943eba5ec86f88e0f45b9a3be0ea739723f70d5cd41dfd57894d84bdea
2958,73.95,0.9235,8.2659,True,7,mechanical_001,694e94943eba5ec86f88e0f45b9a3be0ea739723f70d5cd41dfd57894d84bdea
2959,73.975,0.9238,8.2522,True,7,mechanical_001,694e94943eba5ec86f88e0f45b9a3be0ea739723f70d5cd41dfd57894d84bdea
2960,74.0,0.9241,8.2358,True,7,mechanical_001,694e94943eba5ec86f88e0f45b9a3be0ea739723f70d5cd41dfd57894d84bdea
2961,74.025,0.9244,8.2247,True,7,mechanical_001,694e94943eba5ec86f88e0f45b9a3be0ea739723f70d5cd41dfd57894d84bdea
2962,74.05,0.9247,8.2208,True,7,mechanical_001,694e94943eba5ec86f88e0f45b9a3be0ea739723f70d5cd41dfd57894d84bdea
2963,74.075,0.925,8.224,True,7,mechanical_001,694e94943eba5ec86f88e0f45b9a3be0ea739723f70d5cd41dfd57894d84bdea
2964,74.1,0.9253,8.2266,True,7,mechanical_001,694e94943eba5ec86f88e0f45b9a3be0ea739723f70d5cd41dfd57894d84bdea
2965,74.125,0.9256,8.2313,True,7,mechanical_001,694e94943eba5ec86f88e0f45b9a3be0ea739723f70d5cd41dfd57894d84bdea
2966,74.15,0.926,8.2379,True,7,mechanical_001,694e94943eba5ec86f88e0f45b9a3be0ea739723f70d5cd41dfd57894d84bdea
2967,74.175,0.9263,8.2473,True,7,mechanical_001,694e94943eba5ec86f88e0f45b9a3be0ea739723f70d5cd41dfd57894d84bdea
2968,74.2,0.9266,8.2529,True,7,mechanical_001,694e94943eba5ec86f88e0f45b9a3be0ea739723f70d5cd41dfd57894d84bdea
2969,74.225,0.9269,8.2576,True,7,mechanical_001,694e94943eba5ec86f88e0f45b9a3be0ea739723f70d5cd41dfd57894d84bdea
2970,74.25,0.9272,8.2665,True,7,mechanical_001,694e94943eba5ec86f88e0f45b9a3be0ea739723f70d5cd41dfd57894d84bdea
2971,74.275,0.9276,8.2715,True,7,mechanical_001,694e94943eba5ec86f88e0f45b9a3be0ea739723f70d5cd41dfd57894d84bdea
2972,74.3,0.9279,8.2687,True,7,mechanical_001,694e94943eba5ec86f88e0f45b9a3be0ea739723f70d5cd41dfd57894d84bdea
2973,74.325,0.9282,8.2624,True,7,mechanical_001,694e94943eba5ec86f88e0f45b9a3be0ea739723f70d5cd41dfd57894d84bdea
2974,74.35,0.9285,8.2558,True,7,mechanical_001,694e94943eba5ec86f88e0f45b9a3be0ea739723f70d5cd41dfd57894d84bdea
2975,74.375,0.9288,8.2483,True,7,mechanical_001,694e94943eba5ec86f88e0f45b9a3be0ea739723f70d5cd41dfd57894d84bdea
2976,74.4,0.9291,8.2459,True,7,mechanical_001,694e94943eba5ec86f88e0f45b9a3be0ea739723f70d5cd41dfd57894d84bdea
2977,74.425,0.9294,8.2533,True,7,mechanical_001,694e94943eba5ec86f88e0f45b9a3be0ea739723f70d5cd41dfd57894d84bdea
2978,74.45,0.9297,8.2688,True,7,mechanical_001,694e94943eba5ec86f88e0f45b9a3be0ea739723f70d5cd41dfd57894d84bdea
2979,74.475,0.93,8.2848,True,7,mechanical_001,694e94943eba5ec86f88e0f45b9a3be0ea739723f70d5cd41dfd57894d84bdea
2980,74.5,0.9304,8.2989,True,7,mechanical_001,694e94943eba5ec86f88e0f45b9a3be0ea739723f70d5cd41dfd57894d84bdea
2981,74.525,0.9307,8.317,True,7,mechanical_001,694e94943eba5ec86f88e0f45b9a3be0ea739723f70d5cd41dfd57894d84bdea
2982,74.55,0.931,8.3289,True,7,mechanical_001,694e94943eba5ec86f88e0f45b9a3be0ea739723f70d5cd41dfd57894d84bdea
2983,74.575,0.9314,8.3315,True,7,mechanical_001,694e94943eba5ec86f88e0f45b9a3be0ea739723f70d5cd41dfd57894d84bdea
2984,74.6,0.9317,8.3284,True,7,mechanical_001,694e94943eba5ec86f88e0f45b9a3be0ea739723f70d5cd41dfd57894d84bdea
2985,74.625,0.932,8.3243,True,7,mechanical_001,694e94943eba5ec86f88e0f45b9a3be0ea739723f70d5cd41dfd57894d84bdea
2986,74.65,0.9323,8.3138,True,7,mechanical_001,694e94943eba5ec86f88e0f45b9a3be0ea739723f70d5cd41dfd57894d84bdea
2987,74.675,0.9326,8.3002,True,7,mechanical_001,694e94943eba5ec86f88e0f45b9a3be0ea739723f70d5cd41dfd57894d84bdea
2988,74.7,0.9329,8.2814,True,7,mechanical_001,694e94943eba5ec86f88e0f45b9a3be0ea739723f70d5cd41dfd57894d84bdea
2989,74.725,0.9331,8.2623,True,7,mechanical_001,694e94943eba5ec86f88e0f45b9a3be0ea739723f70d5cd41dfd57894d84bdea
2990,74.75,0.9334,8.2443,True,7,mechanical_001,694e94943eba5ec86f88e0f45b9a3be0ea739723f70d5cd41dfd57894d84bdea
2991,74.775,0.9337,8.2331,True,7,mechanical_001,694e94943eba5ec86f88e0f45b9a3be0ea739723f70d5cd41dfd57894d84bdea
2992,74.8,0.934,8.229,True,7,mechanical_001,694e94943eba5ec86f88e0f45b9a3be0ea739723f70d5cd41dfd57894d84bdea
2993,74.825,0.9343,8.2319,True,7,mechanical_001,694e94943eba5ec86f88e0f45b9a3be0ea739723f70d5cd41dfd57894d84bdea
2994,74.85,0.9346,8.2457,True,7,mechanical_001,694e94943eba5ec86f88e0f45b9a3be0ea739723f70d5cd41dfd57894d84bdea
2995,74.875,0.9349,8.2647,True,7,mechanical_001,694e94943eba5ec86f88e0f45b9a3be0ea739723f70d5cd41dfd57894d84bdea
2996,74.9,0.9352,8.2837,True,7,mechanical_001,694e94943eba5ec86f88e0f45b9a3be0ea739723f70d5cd41dfd57894d84bdea
2997,74.925,0.9355,8.303,True,7,mechanical_001,694e94943eba5ec86f88e0f45b9a3be0ea739723f70d5cd41dfd57894d84bdea
2998,74.95,0.9359,8.3195,True,7,mechanical_001,694e94943eba5ec86f88e0f45b9a3be0ea739723f70d5cd41dfd57894d84bdea
2999,74.975,0.9362,8.3297,True,7,mechanical_001,694e94943eba5ec86f88e0f45b9a3be0ea739723f70d5cd41dfd57894d84bdea
3000,75.0,0.9365,8.3357,True,7,mechanical_001,694e94943eba5ec86f88e0f45b9a3be0ea739723f70d5cd41dfd57894d84bdea
3001,75.025,0.9368,8.3358,True,7,mechanical_001,694e94943eba5ec86f88e0f45b9a3be0ea739723f70d5cd41dfd57894d84bdea
3002,75.05,0.9371,8.3373,True,7,mechanical_001,694e94943eba5ec86f88e0f45b9a3be0ea739723f70d5cd41dfd57894d84bdea
3003,75.075,0.9374,8.3348,True,7,mechanical_001,694e94943eba5ec86f88e0f45b9a3be0ea739723f70d5cd41dfd57894d84bdea
3004,75.1,0.9377,8.331,True,7,mechanical_001,694e94943eba5ec86f88e0f45b9a3be0ea739723f70d5cd41dfd57894d84bdea
3005,75.125,0.938,8.3298,True,7,mechanical_001,694e94943eba5ec86f88e0f45b9a3be0ea739723f70d5cd41dfd57894d84bdea
3006,75.15,0.9383,8.3291,True,7,mechanical_001,694e94943eba5ec86f88e0f45b9a3be0ea739723f70d5cd41dfd57894d84bdea
3007,75.175,0.9386,8.3266,True,7,mechanical_001,694e94943eba5ec86f88e0f45b9a3be0ea739723f70d5cd41dfd57894d84bdea
3008,75.2,0.9389,8.325,True,7,mechanical_001,694e94943eba5ec86f88e0f45b9a3be0ea739723f70d5cd41dfd57894d84bdea
3009,75.225,0.9392,8.3241,True,7,mechanical_001,694e94943eba5ec86f88e0f45b9a3be0ea739723f70d5cd41dfd57894d84bdea
3010,75.25,0.9395,8.3247,True,7,mechanical_001,694e94943eba5ec86f88e0f45b9a3be0ea739723f70d5cd41dfd57894d84bdea
3011,75.275,0.9398,8.3294,True,7,mechanical_001,694e94943eba5ec86f88e0f45b9a3be0ea739723f70d5cd41dfd57894d84bdea
3012,75.3,0.9401,8.3356,True,7,mechanical_001,694e94943eba5ec86f88e0f45b9a3be0ea739723f70d5cd41dfd57894d84bdea
3013,75.325,0.9404,8.3486,True,7,mechanical_001,694e94943eba5ec86f88e0f45b9a3be0ea739723f70d5cd41dfd57894d84bdea
3014,75.35,0.9407,8.3632,True,7,mechanical_001,694e94943eba5ec86f88e0f45b9a3be0ea739723f70d5cd41dfd57894d84bdea
3015,75.375,0.941,8.3766,True,7,mechanical_001,694e94943eba5ec86f88e0f45b9a3be0ea739723f70d5cd41dfd57894d84bdea
3016,75.4,0.9413,8.388,True,7,mechanical_001,694e94943eba5ec86f88e0f45b9a3be0ea739723f70d5cd41dfd57894d84bdea
3017,75.425,0.9417,8.395,True,7,mechanical_001,694e94943eba5ec86f88e0f45b9a3be0ea739723f70d5cd41dfd57894d84bdea
3018,75.45,0.942,8.3985,True,7,mechanical_001,694e94943eba5ec86f88e0f45b9a3be0ea739723f70d5cd41dfd57894d84bdea
3019,75.475,0.9423,8.3966,True,7,mechanical_001,694e94943eba5ec86f88e0f45b9a3be0ea739723f70d5cd41dfd57894d84bdea
3020,75.5,0.9426,8.392,True,7,mechanical_001,694e94943eba5ec86f88e0f45b9a3be0ea739723f70d5cd41dfd57894d84bdea
3021,75.525,0.9429,8.3898,True,7,mechanical_001,694e94943eba5ec86f88e0f45b9a3be0ea739723f70d5cd41dfd57894d84bdea
3022,75.55,0.9432,8.3844,True,7,mechanical_001,694e94943eba5ec86f88e0f45b9a3be0ea739723f70d5cd41dfd57894d84bdea
3023,75.575,0.9435,8.379,True,7,mechanical_001,694e94943eba5ec86f88e0f45b9a3be0ea739723f70d5cd41dfd57894d84bdea
3024,75.6,0.9438,8.3816,True,7,mechanical_001,694e94943eba5ec86f88e0f45b9a3be0ea739723f70d5cd41dfd57894d84bdea
3025,75.625,0.9441,8.3866,True,7,mechanical_001,694e94943eba5ec86f88e0f45b9a3be0ea739723f70d5cd41dfd57894d84bdea
3026,75.65,0.9444,8.3856,True,7,mechanical_001,694e94943eba5ec86f88e0f45b9a3be0ea739723f70d5cd41dfd57894d84bdea
3027,75.675,0.9447,8.3821,True,7,mechanical_001,694e94943eba5ec86f88e0f45b9a3be0ea739723f70d5cd41dfd57894d84bdea
3028,75.7,0.945,8.3785,True,7,mechanical_001,694e94943eba5ec86f88e0f45b9a3be0ea739723f70d5cd41dfd57894d84bdea
3029,75.725,0.9453,8.3727,True,7,mechanical_001,694e94943eba5ec86f88e0f45b9a3be0ea739723f70d5cd41dfd57894d84bdea
3030,75.75,0.9456,8.3636,True,7,mechanical_001,694e94943eba5ec86f88e0f45b9a3be0ea739723f70d5cd41dfd57894d84bdea
3031,75.775,0.9458,8.3539,True,7,mechanical_001,694e94943eba5ec86f88e0f45b9a3be0ea739723f70d5cd41dfd57894d84bdea
3032,75.8,0.9461,8.3474,True,7,mechanical_001,694e94943eba5ec86f88e0f45b9a3be0ea739723f70d5cd41dfd57894d84bdea
3033,75.825,0.9464,8.3458,True,7,mechanical_001,694e94943eba5ec86f88e0f45b9a3be0ea739723f70d5cd41dfd57894d84bdea
3034,75.85,0.9467,8.3474,True,7,mechanical_001,694e94943eba5ec86f88e0f45b9a3be0ea739723f70d5cd41dfd57894d84bdea
3035,75.875,0.947,8.3473,True,7,mechanical_001,694e94943eba5ec86f88e0f45b9a3be0ea739723f70d5cd41dfd57894d84bdea
3036,75.9,0.9473,8.3538,True,7,mechanical_001,694e94943eba5ec86f88e0f45b9a3be0ea739723f70d5cd41dfd57894d84bdea
3037,75.925,0.9476,8.3687,True,7,mechanical_001,694e94943eba5ec86f88e0f45b9a3be0ea739723f70d5cd41dfd57894d84bdea
3038,75.95,0.9479,8.3848,True,7,mechanical_001,694e94943eba5ec86f88e0f45b9a3be0ea739723f70d5cd41dfd57894d84bdea
3039,75.975,0.9483,8.3976,True,7,mechanical_001,694e94943eba5ec86f88e0f45b9a3be0ea739723f70d5cd41dfd57894d84bdea
3040,76.0,0.9486,8.4081,True,7,mechanical_001,694e94943eba5ec86f88e0f45b9a3be0ea739723f70d5cd41dfd57894d84bdea
3041,76.025,0.9489,8.4181,True,7,mechanical_001,694e94943eba5ec86f88e0f45b9a3be0ea739723f70d5cd41dfd57894d84bdea
3042,76.05,0.9492,8.4285,True,7,mechanical_001,694e94943eba5ec86f88e0f45b9a3be0ea739723f70d5cd41dfd57894d84bdea
3043,76.075,0.9495,8.4391,True,7,mechanical_001,694e94943eba5ec86f88e0f45b9a3be0ea739723f70d5cd41dfd57894d84bdea
3044,76.1,0.9499,8.4474,True,7,mechanical_001,694e94943eba5ec86f88e0f45b9a3be0ea739723f70d5cd41dfd57894d84bdea
3045,76.125,0.9502,8.4553,True,7,mechanical_001,694e94943eba5ec86f88e0f45b9a3be0ea739723f70d5cd41dfd57894d84bdea
3046,76.15,0.9505,8.4594,True,7,mechanical_001,694e94943eba5ec86f88e0f45b9a3be0ea739723f70d5cd41dfd57894d84bdea
3047,76.175,0.9508,8.4612,True,7,mechanical_001,694e94943eba5ec86f88e0f45b9a3be0ea739723f70d5cd41dfd57894d84bdea
3048,76.2,0.9511,8.4633,True,7,mechanical_001,694e94943eba5ec86f88e0f45b9a3be0ea739723f70d5cd41dfd57894d84bdea
3049,76.225,0.9514,8.4578,True,7,mechanical_001,694e94943eba5ec86f88e0f45b9a3be0ea739723f70d5cd41dfd57894d84bdea
3050,76.25,0.9517,8.4465,True,7,mechanical_001,694e94943eba5ec86f88e0f45b9a3be0ea739723f70d5cd41dfd57894d84bdea
3051,76.275,0.952,8.4363,True,7,mechanical_001,694e94943eba5ec86f88e0f45b9a3be0ea739723f70d5cd41dfd57894d84bdea
3052,76.3,0.9523,8.4297,True,7,mechanical_001,694e94943eba5ec86f88e0f45b9a3be0ea739723f70d5cd41dfd57894d84bdea
3053,76.325,0.9526,8.4278,True,7,mechanical_001,694e94943eba5ec86f88e0f45b9a3be0ea739723f70d5cd41dfd57894d84bdea
3054,76.35,0.9529,8.4295,True,7,mechanical_001,694e94943eba5ec86f88e0f45b9a3be0ea739723f70d5cd41dfd57894d84bdea
3055,76.375,0.9532,8.4337,True,7,mechanical_001,694e94943eba5ec86f88e0f45b9a3be0ea739723f70d5cd41dfd57894d84bdea
3056,76.4,0.9535,8.4359,True,7,mechanical_001,694e94943eba5ec86f88e0f45b9a3be0ea739723f70d5cd41dfd57894d84bdea
3057,76.425,0.9538,8.4388,True,7,mechanical_001,694e94943eba5ec86f88e0f45b9a3be0ea739723f70d5cd41dfd57894d84bdea
3058,76.45,0.9541,8.444,True,7,mechanical_001,694e94943eba5ec86f88e0f45b9a3be0ea739723f70d5cd41dfd57894d84bdea
3059,76.475,0.9545,8.4511,True,7,mechanical_001,694e94943eba5ec86f88e0f45b9a3be0ea739723f70d5cd41dfd57894d84bdea
3060,76.5,0.9548,8.4602,True,7,mechanical_001,694e94943eba5ec86f88e0f45b9a3be0ea739723f70d5cd41dfd57894d84bdea
3061,76.525,0.9551,8.475,True,7,mechanical_001,694e94943eba5ec86f88e0f45b9a3be0ea739723f70d5cd41dfd57894d84bdea
3062,76.55,0.9554,8.4896,True,7,mechanical_001,694e94943eba5ec86f88e0f45b9a3be0ea739723f70d5cd41dfd57894d84bdea
3063,76.575,0.9557,8.5025,True,7,mechanical_001,694e94943eba5ec86f88e0f45b9a3be0ea739723f70d5cd41dfd57894d84bdea
3064,76.6,0.9561,8.5126,True,7,mechanical_001,694e94943eba5ec86f88e0f45b9a3be0ea739723f70d5cd41dfd57894d84bdea
3065,76.625,0.9564,8.5221,True,7,mechanical_001,694e94943eba5ec86f88e0f45b9a3be0ea739723f70d5cd41dfd57894d84bdea
3066,76.65,0.9567,8.5319,True,7,mechanical_001,694e94943eba5ec86f88e0f45b9a3be0ea739723f70d5cd41dfd57894d84bdea
3067,76.675,0.957,8.5389,True,7,mechanical_001,694e94943eba5ec86f88e0f45b9a3be0ea739723f70d5cd41dfd57894d84bdea
3068,76.7,0.9573,8.5461,True,7,mechanical_001,694e94943eba5ec86f88e0f45b9a3be0ea739723f70d5cd41dfd57894d84bdea
3069,76.725,0.9576,8.551,True,7,mechanical_001,694e94943eba5ec86f88e0f45b9a3be0ea739723f70d5cd41dfd57894d84bdea
3070,76.75,0.9579,8.555,True,7,mechanical_001,694e94943eba5ec86f88e0f45b9a3be0ea739723f70d5cd41dfd57894d84bdea
3071,76.775,0.9583,8.5571,True,7,mechanical_001,694e94943eba5ec86f88e0f45b9a3be0ea739723f70d5cd41dfd57894d84bdea
3072,76.8,0.9586,8.5634,True,7,mechanical_001,694e94943eba5ec86f88e0f45b9a3be0ea739723f70d5cd41dfd57894d84bdea
3073,76.825,0.9589,8.5704,True,7,mechanical_001,694e94943eba5ec86f88e0f45b9a3be0ea739723f70d5cd41dfd57894d84bdea
3074,76.85,0.9592,8.5754,True,7,mechanical_001,694e94943eba5ec86f88e0f45b9a3be0ea739723f70d5cd41dfd57894d84bdea
3075,76.875,0.9595,8.5848,True,7,mechanical_001,694e94943eba5ec86f88e0f45b9a3be0ea739723f70d5cd41dfd57894d84bdea
3076,76.9,0.9598,8.5926,True,7,mechanical_001,694e94943eba5ec86f88e0f45b9a3be0ea739723f70d5cd41dfd57894d84bdea
3077,76.925,0.9601,8.603,True,7,mechanical_001,694e94943eba5ec86f88e0f45b9a3be0ea739723f70d5cd41dfd57894d84bdea
3078,76.95,0.9605,8.6176,True,7,mechanical_001,694e94943eba5ec86f88e0f45b9a3be0ea739723f70d5cd41dfd57894d84bdea
3079,76.975,0.9608,8.6325,True,7,mechanical_001,694e94943eba5ec86f88e0f45b9a3be0ea739723f70d5cd41dfd57894d84bdea
3080,77.0,0.9611,8.6492,True,7,mechanical_001,694e94943eba5ec86f88e0f45b9a3be0ea739723f70d5cd41dfd57894d84bdea
3081,77.025,0.9615,8.6559,True,7,mechanical_001,694e94943eba5ec86f88e0f45b9a3be0ea739723f70d5cd41dfd57894d84bdea
3082,77.05,0.9618,8.6569,True,7,mechanical_001,694e94943eba5ec86f88e0f45b9a3be0ea739723f70d5cd41dfd57894d84bdea
3083,77.075,0.9621,8.6584,True,7,mechanical_001,694e94943eba5ec86f88e0f45b9a3be0ea739723f70d5cd41dfd57894d84bdea
3084,77.1,0.9624,8.6596,True,7,mechanical_001,694e94943eba5ec86f88e0f45b9a3be0ea739723f70d5cd41dfd57894d84bdea
3085,77.125,0.9627,8.6603,True,7,mechanical_001,694e94943eba5ec86f88e0f45b9a3be0ea739723f70d5cd41dfd57894d84bdea
3086,77.15,0.9631,8.6691,True,7,mechanical_001,694e94943eba5ec86f88e0f45b9a3be0ea739723f70d5cd41dfd57894d84bdea
3087,77.175,0.9634,8.6777,True,7,mechanical_001,694e94943eba5ec86f88e0f45b9a3be0ea739723f70d5cd41dfd57894d84bdea
3088,77.2,0.9637,8.6886,True,7,mechanical_001,694e94943eba5ec86f88e0f45b9a3be0ea739723f70d5cd41dfd57894d84bdea
3089,77.225,0.9641,8.7006,True,7,mechanical_001,694e94943eba5ec86f88e0f45b9a3be0ea739723f70d5cd41dfd57894d84bdea
3090,77.25,0.9644,8.7159,True,7,mechanical_001,694e94943eba5ec86f88e0f45b9a3be0ea739723f70d5cd41dfd57894d84bdea
3091,77.275,0.9648,8.7361,True,7,mechanical_001,694e94943eba5ec86f88e0f45b9a3be0ea739723f70d5cd41dfd57894d84bdea
3092,77.3,0.9651,8.7539,True,7,mechanical_001,694e94943eba5ec86f88e0f45b9a3be0ea739723f70d5cd41dfd57894d84bdea
3093,77.325,0.9654,8.7605,True,7,mechanical_001,694e94943eba5ec86f88e0f45b9a3be0ea739723f70d5cd41dfd57894d84bdea
3094,77.35,0.9658,8.7641,True,7,mechanical_001,694e94943eba5ec86f88e0f45b9a3be0ea739723f70d5cd41dfd57894d84bdea
3095,77.375,0.9661,8.764,True,7,mechanical_001,694e94943eba5ec86f88e0f45b9a3be0ea739723f70d5cd41dfd57894d84bdea
3096,77.4,0.9664,8.7575,True,7,mechanical_001,694e94943eba5ec86f88e0f45b9a3be0ea739723f70d5cd41dfd57894d84bdea
3097,77.425,0.9668,8.7445,True,7,mechanical_001,694e94943eba5ec86f88e0f45b9a3be0ea739723f70d5cd41dfd57894d84bdea
3098,77.45,0.9671,8.7304,True,7,mechanical_001,694e94943eba5ec86f88e0f45b9a3be0ea739723f70d5cd41dfd57894d84bdea
3099,77.475,0.9674,8.7155,True,7,mechanical_001,694e94943eba5ec86f88e0f45b9a3be0ea739723f70d5cd41dfd57894d84bdea
3100,77.5,0.9677,8.6985,True,7,mechanical_001,694e94943eba5ec86f88e0f45b9a3be0ea739723f70d5cd41dfd57894d84bdea
3101,77.525,0.968,8.6789,True,7,mechanical_001,694e94943eba5ec86f88e0f45b9a3be0ea739723f70d5cd41dfd57894d84bdea
3102,77.55,0.9683,8.663,True,7,mechanical_001,694e94943eba5ec86f88e0f45b9a3be0ea739723f70d5cd41dfd57894d84bdea
3103,77.575,0.9686,8.6479,True,7,mechanical_001,694e94943eba5ec86f88e0f45b9a3be0ea739723f70d5cd41dfd57894d84bdea
3104,77.6,0.9688,8.6337,True,7,mechanical_001,694e94943eba5ec86f88e0f45b9a3be0ea739723f70d5cd41dfd57894d84bdea
3105,77.625,0.9691,8.6227,True,7,mechanical_001,694e94943eba5ec86f88e0f45b9a3be0ea739723f70d5cd41dfd57894d84bdea
3106,77.65,0.9694,8.6176,True,7,mechanical_001,694e94943eba5ec86f88e0f45b9a3be0ea739723f70d5cd41dfd57894d84bdea
3107,77.675,0.9698,8.6212,True,7,mechanical_001,694e94943eba5ec86f88e0f45b9a3be0ea739723f70d5cd41dfd57894d84bdea
3108,77.7,0.9701,8.6276,True,7,mechanical_001,694e94943eba5ec86f88e0f45b9a3be0ea739723f70d5cd41dfd57894d84bdea
3109,77.725,0.9704,8.6344,True,7,mechanical_001,694e94943eba5ec86f88e0f45b9a3be0ea739723f70d5cd41dfd57894d84bdea
3110,77.75,0.9707,8.6406,True,7,mechanical_001,694e94943eba5ec86f88e0f45b9a3be0ea739723f70d5cd41dfd57894d84bdea
3111,77.775,0.971,8.6483,True,7,mechanical_001,694e94943eba5ec86f88e0f45b9a3be0ea739723f70d5cd41dfd57894d84bdea
3112,77.8,0.9714,8.6547,True,7,mechanical_001,694e94943eba5ec86f88e0f45b9a3be0ea739723f70d5cd41dfd57894d84bdea
3113,77.825,0.9717,8.6621,True,7,mechanical_001,694e94943eba5ec86f88e0f45b9a3be0ea739723f70d5cd41dfd57894d84bdea
3114,77.85,0.972,8.6717,True,7,mechanical_001,694e94943eba5ec86f88e0f45b9a3be0ea739723f70d5cd41dfd57894d84bdea
3115,77.875,0.9723,8.678,True,7,mechanical_001,694e94943eba5ec86f88e0f45b9a3be0ea739723f70d5cd41dfd57894d84bdea
3116,77.9,0.9727,8.6851,True,7,mechanical_001,694e94943eba5ec86f88e0f45b9a3be0ea739723f70d5cd41dfd57894d84bdea
3117,77.925,0.973,8.6875,True,7,mechanical_001,694e94943eba5ec86f88e0f45b9a3be0ea739723f70d5cd41dfd57894d84bdea
3118,77.95,0.9733,8.689,True,7,mechanical_001,694e94943eba5ec86f88e0f45b9a3be0ea739723f70d5cd41dfd57894d84bdea
3119,77.975,0.9736,8.6847,True,7,mechanical_001,694e94943eba5ec86f88e0f45b9a3be0ea739723f70d5cd41dfd57894d84bdea
3120,78.0,0.9739,8.6753,True,7,mechanical_001,694e94943eba5ec86f88e0f45b9a3be0ea739723f70d5cd41dfd57894d84bdea
3121,78.025,0.9742,8.6716,True,7,mechanical_001,694e94943eba5ec86f88e0f45b9a3be0ea739723f70d5cd41dfd57894d84bdea
3122,78.05,0.9745,8.6684,True,7,mechanical_001,694e94943eba5ec86f88e0f45b9a3be0ea739723f70d5cd41dfd57894d84bdea
3123,78.075,0.9748,8.6665,True,7,mechanical_001,694e94943eba5ec86f88e0f45b9a3be0ea739723f70d5cd41dfd57894d84bdea
3124,78.1,0.9752,8.6655,True,7,mechanical_001,694e94943eba5ec86f88e0f45b9a3be0ea739723f70d5cd41dfd57894d84bdea
3125,78.125,0.9755,8.6699,True,7,mechanical_001,694e94943eba5ec86f88e0f45b9a3be0ea739723f70d5cd41dfd57894d84bdea
3126,78.15,0.9758,8.6803,True,7,mechanical_001,694e94943eba5ec86f88e0f45b9a3be0ea739723f70d5cd41dfd57894d84bdea
3127,78.175,0.9761,8.6921,True,7,mechanical_001,694e94943eba5ec86f88e0f45b9a3be0ea739723f70d5cd41dfd57894d84bdea
3128,78.2,0.9764,8.7018,True,7,mechanical_001,694e94943eba5ec86f88e0f45b9a3be0ea739723f70d5cd41dfd57894d84bdea
3129,78.225,0.9767,8.7146,True,7,mechanical_001,694e94943eba5ec86f88e0f45b9a3be0ea739723f70d5cd41dfd57894d84bdea
3130,78.25,0.9771,8.7283,True,7,mechanical_001,694e94943eba5ec86f88e0f45b9a3be0ea739723f70d5cd41dfd57894d84bdea
3131,78.275,0.9774,8.7391,True,7,mechanical_001,694e94943eba5ec86f88e0f45b9a3be0ea739723f70d5cd41dfd57894d84bdea
3132,78.3,0.9777,8.7465,True,7,mechanical_001,694e94943eba5ec86f88e0f45b9a3be0ea739723f70d5cd41dfd57894d84bdea
3133,78.325,0.978,8.7528,True,7,mechanical_001,694e94943eba5ec86f88e0f45b9a3be0ea739723f70d5cd41dfd57894d84bdea
3134,78.35,0.9783,8.7598,True,7,mechanical_001,694e94943eba5ec86f88e0f45b9a3be0ea739723f70d5cd41dfd57894d84bdea
3135,78.375,0.9786,8.765,True,7,mechanical_001,694e94943eba5ec86f88e0f45b9a3be0ea739723f70d5cd41dfd57894d84bdea
3136,78.4,0.9789,8.7687,True,7,mechanical_001,694e94943eba5ec86f88e0f45b9a3be0ea739723f70d5cd41dfd57894d84bdea
3137,78.425,0.9793,8.7708,True,7,mechanical_001,694e94943eba5ec86f88e0f45b9a3be0ea739723f70d5cd41dfd57894d84bdea
3138,78.45,0.9796,8.7749,True,7,mechanical_001,694e94943eba5ec86f88e0f45b9a3be0ea739723f70d5cd41dfd57894d84bdea
3139,78.475,0.9799,8.7859,True,7,mechanical_001,694e94943eba5ec86f88e0f45b9a3be0ea739723f70d5cd41dfd57894d84bdea
3140,78.5,0.9802,8.7963,True,7,mechanical_001,694e94943eba5ec86f88e0f45b9a3be0ea739723f70d5cd41dfd57894d84bdea
3141,78.525,0.9805,8.8043,True,7,mechanical_001,694e94943eba5ec86f88e0f45b9a3be0ea739723f70d5cd41dfd57894d84bdea
3142,78.55,0.9808,8.8139,True,7,mechanical_001,694e94943eba5ec86f88e0f45b9a3be0ea739723f70d5cd41dfd57894d84bdea
3143,78.575,0.9811,8.8232,True,7,mechanical_001,694e94943eba5ec86f88e0f45b9a3be0ea739723f70d5cd41dfd57894d84bdea
3144,78.6,0.9814,8.8347,True,7,mechanical_001,694e94943eba5ec86f88e0f45b9a3be0ea739723f70d5cd41dfd57894d84bdea
3145,78.625,0.9818,8.8482,True,7,mechanical_001,694e94943eba5ec86f88e0f45b9a3be0ea739723f70d5cd41dfd57894d84bdea
3146,78.65,0.9821,8.8585,True,7,mechanical_001,694e94943eba5ec86f88e0f45b9a3be0ea739723f70d5cd41dfd57894d84bdea
3147,78.675,0.9824,8.8627,True,7,mechanical_001,694e94943eba5ec86f88e0f45b9a3be0ea739723f70d5cd41dfd57894d84bdea
3148,78.7,0.9827,8.862,True,7,mechanical_001,694e94943eba5ec86f88e0f45b9a3be0ea739723f70d5cd41dfd57894d84bdea
3149,78.725,0.983,8.8623,True,7,mechanical_001,694e94943eba5ec86f88e0f45b9a3be0ea739723f70d5cd41dfd57894d84bdea
3150,78.75,0.9833,8.8645,True,7,mechanical_001,694e94943eba5ec86f88e0f45b9a3be0ea739723f70d5cd41dfd57894d84bdea
3151,78.775,0.9836,8.872,True,7,mechanical_001,694e94943eba5ec86f88e0f45b9a3be0ea739723f70d5cd41dfd57894d84bdea
3152,78.8,0.9839,8.8805,True,7,mechanical_001,694e94943eba5ec86f88e0f45b9a3be0ea739723f70d5cd41dfd57894d84bdea
3153,78.825,0.9842,8.8901,True,7,mechanical_001,694e94943eba5ec86f88e0f45b9a3be0ea739723f70d5cd41dfd57894d84bdea
3154,78.85,0.9845,8.9044,True,7,mechanical_001,694e94943eba5ec86f88e0f45b9a3be0ea739723f70d5cd41dfd57894d84bdea
3155,78.875,0.9849,8.919,True,7,mechanical_001,694e94943eba5ec86f88e0f45b9a3be0ea739723f70d5cd41dfd57894d84bdea
3156,78.9,0.9852,8.9352,True,7,mechanical_001,694e94943eba5ec86f88e0f45b9a3be0ea739723f70d5cd41dfd57894d84bdea
3157,78.925,0.9855,8.9487,True,7,mechanical_001,694e94943eba5ec86f88e0f45b9a3be0ea739723f70d5cd41dfd57894d84bdea
3158,78.95,0.9858,8.9617,True,7,mechanical_001,694e94943eba5ec86f88e0f45b9a3be0ea739723f70d5cd41dfd57894d84bdea
3159,78.975,0.9861,8.973,True,7,mechanical_001,694e94943eba5ec86f88e0f45b9a3be0ea739723f70d5cd41dfd57894d84bdea
3160,79.0,0.9864,8.9824,True,7,mechanical_001,694e94943eba5ec86f88e0f45b9a3be0ea739723f70d5cd41dfd57894d84bdea
3161,79.025,0.9867,8.9928,True,7,mechanical_001,694e94943eba5ec86f88e0f45b9a3be0ea739723f70d5cd41dfd57894d84bdea
3162,79.05,0.987,9.0017,True,7,mechanical_001,694e94943eba5ec86f88e0f45b9a3be0ea739723f70d5cd41dfd57894d84bdea
3163,79.075,0.9874,9.0089,True,7,mechanical_001,694e94943eba5ec86f88e0f45b9a3be0ea739723f70d5cd41dfd57894d84bdea
3164,79.1,0.9877,9.0154,True,7,mechanical_001,694e94943eba5ec86f88e0f45b9a3be0ea739723f70d5cd41dfd57894d84bdea
3165,79.125,0.988,9.0186,True,7,mechanical_001,694e94943eba5ec86f88e0f45b9a3be0ea739723f70d5cd41dfd57894d84bdea
3166,79.15,0.9883,9.0221,True,7,mechanical_001,694e94943eba5ec86f88e0f45b9a3be0ea739723f70d5cd41dfd57894d84bdea
3167,79.175,0.9886,9.027,True,7,mechanical_001,694e94943eba5ec86f88e0f45b9a3be0ea739723f70d5cd41dfd57894d84bdea
3168,79.2,0.9889,9.0381,True,7,mechanical_001,694e94943eba5ec86f88e0f45b9a3be0ea739723f70d5cd41dfd57894d84bdea
3169,79.225,0.9892,9.0513,True,7,mechanical_001,694e94943eba5ec86f88e0f45b9a3be0ea739723f70d5cd41dfd57894d84bdea
3170,79.25,0.9895,9.0648,True,7,mechanical_001,694e94943eba5ec86f88e0f45b9a3be0ea739723f70d5cd41dfd57894d84bdea
3171,79.275,0.9898,9.0773,True,7,mechanical_001,694e94943eba5ec86f88e0f45b9a3be0ea739723f70d5cd41dfd57894d84bdea
3172,79.3,0.9901,9.0893,True,7,mechanical_001,694e94943eba5ec86f88e0f45b9a3be0ea739723f70d5cd41dfd57894d84bdea
3173,79.325,0.9904,9.1008,True,7,mechanical_001,694e94943eba5ec86f88e0f45b9a3be0ea739723f70d5cd41dfd57894d84bdea
3174,79.35,0.9907,9.1136,True,7,mechanical_001,694e94943eba5ec86f88e0f45b9a3be0ea739723f70d5cd41dfd57894d84bdea
3175,79.375,0.9911,9.1276,True,7,mechanical_001,694e94943eba5ec86f88e0f45b9a3be0ea739723f70d5cd41dfd57894d84bdea
3176,79.4,0.9914,9.141,True,7,mechanical_001,694e94943eba5ec86f88e0f45b9a3be0ea739723f70d5cd41dfd57894d84bdea
3177,79.425,0.9917,9.1517,True,7,mechanical_001,694e94943eba5ec86f88e0f45b9a3be0ea739723f70d5cd41dfd57894d84bdea
3178,79.45,0.992,9.1597,True,7,mechanical_001,694e94943eba5ec86f88e0f45b9a3be0ea739723f70d5cd41dfd57894d84bdea
3179,79.475,0.9923,9.168,True,7,mechanical_001,694e94943eba5ec86f88e0f45b9a3be0ea739723f70d5cd41dfd57894d84bdea
3180,79.5,0.9926,9.1732,True,7,mechanical_001,694e94943eba5ec86f88e0f45b9a3be0ea739723f70d5cd41dfd57894d84bdea
3181,79.525,0.9929,9.1792,True,7,mechanical_001,694e94943eba5ec86f88e0f45b9a3be0ea739723f70d5cd41dfd57894d84bdea
3182,79.55,0.9932,9.1842,True,7,mechanical_001,694e94943eba5ec86f88e0f45b9a3be0ea739723f70d5cd41dfd57894d84bdea
3183,79.575,0.9935,9.1882,True,7,mechanical_001,694e94943eba5ec86f88e0f45b9a3be0ea739723f70d5cd41dfd57894d84bdea
3184,79.6,0.9938,9.1908,True,7,mechanical_001,694e94943eba5ec86f88e0f45b9a3be0ea739723f70d5cd41dfd57894d84bdea
3185,79.625,0.9941,9.1992,True,7,mechanical_001,694e94943eba5ec86f88e0f45b9a3be0ea739723f70d5cd41dfd57894d84bdea
3186,79.65,0.9944,9.2116,True,7,mechanical_001,694e94943eba5ec86f88e0f45b9a3be0ea739723f70d5cd41dfd57894d84bdea
3187,79.675,0.9948,9.2241,True,7,mechanical_001,694e94943eba5ec86f88e0f45b9a3be0ea739723f70d5cd41dfd57894d84bdea
3188,79.7,0.9951,9.242,True,7,mechanical_001,694e94943eba5ec86f88e0f45b9a3be0ea739723f70d5cd41dfd57894d84bdea
3189,79.725,0.9954,9.2602,True,7,mechanical_001,694e94943eba5ec86f88e0f45b9a3be0ea739723f70d5cd41dfd57894d84bdea
3190,79.75,0.9957,9.2733,True,7,mechanical_001,694e94943eba5ec86f88e0f45b9a3be0ea739723f70d5cd41dfd57894d84bdea
3191,79.775,0.9961,9.2813,True,7,mechanical_001,694e94943eba5ec86f88e0f45b9a3be0ea739723f70d5cd41dfd57894d84bdea
3192,79.8,0.9964,9.2864,True,7,mechanical_001,694e94943eba5ec86f88e0f45b9a3be0ea739723f70d5cd41dfd57894d84bdea
3193,79.825,0.9967,9.2905,True,7,mechanical_001,694e94943eba5ec86f88e0f45b9a3be0ea739723f70d5cd41dfd57894d84bdea
3194,79.85,0.997,9.2963,True,7,mechanical_001,694e94943eba5ec86f88e0f45b9a3be0ea739723f70d5cd41dfd57894d84bdea
3195,79.875,0.9973,9.2995,True,7,mechanical_001,694e94943eba5ec86f88e0f45b9a3be0ea739723f70d5cd41dfd57894d84bdea
3196,79.9,0.9976,9.3042,True,7,mechanical_001,694e94943eba5ec86f88e0f45b9a3be0ea739723f70d5cd41dfd57894d84bdea
3197,79.925,0.9979,9.3098,True,7,mechanical_001,694e94943eba5ec86f88e0f45b9a3be0ea739723f70d5cd41dfd57894d84bdea
3198,79.95,0.9982,9.3165,True,7,mechanical_001,694e94943eba5ec86f88e0f45b9a3be0ea739723f70d5cd41dfd57894d84bdea
3199,79.975,0.9985,9.3218,True,7,mechanical_001,694e94943eba5ec86f88e0f45b9a3be0ea739723f70d5cd41dfd57894d84bdea
3200,80.0,0.9988,9.3261,True,7,mechanical_001,694e94943eba5ec86f88e0f45b9a3be0ea739723f70d5cd41dfd57894d84bdea
3201,80.025,0.9992,9.3321,True,7,mechanical_001,694e94943eba5ec86f88e0f45b9a3be0ea739723f70d5cd41dfd57894d84bdea
3202,80.05,0.9995,9.3428,True,7,mechanical_001,694e94943eba5ec86f88e0f45b9a3be0ea739723f70d5cd41dfd57894d84bdea
3203,80.075,0.9998,9.3546,True,7,mechanical_001,694e94943eba5ec86f88e0f45b9a3be0ea739723f70d5cd41dfd57894d84bdea
3204,80.1,1.0001,9.3626,True,7,mechanical_001,694e94943eba5ec86f88e0f45b9a3be0ea739723f70d5cd41dfd57894d84bdea
3205,80.125,1.0004,9.3674,True,7,mechanical_001,694e94943eba5ec86f88e0f45b9a3be0ea739723f70d5cd41dfd57894d84bdea
3206,80.15,1.0007,9.3688,True,7,mechanical_001,694e94943eba5ec86f88e0f45b9a3be0ea739723f70d5cd41dfd57894d84bdea
3207,80.175,1.001,9.3703,True,7,mechanical_001,694e94943eba5ec86f88e0f45b9a3be0ea739723f70d5cd41dfd57894d84bdea
3208,80.2,1.0013,9.3727,True,7,mechanical_001,694e94943eba5ec86f88e0f45b9a3be0ea739723f70d5cd41dfd57894d84bdea
3209,80.225,1.0017,9.3782,True,7,mechanical_001,694e94943eba5ec86f88e0f45b9a3be0ea739723f70d5cd41dfd57894d84bdea
3210,80.25,1.002,9.3842,True,7,mechanical_001,694e94943eba5ec86f88e0f45b9a3be0ea739723f70d5cd41dfd57894d84bdea
3211,80.275,1.0023,9.3896,True,7,mechanical_001,694e94943eba5ec86f88e0f45b9a3be0ea739723f70d5cd41dfd57894d84bdea
3212,80.3,1.0026,9.3953,True,7,mechanical_001,694e94943eba5ec86f88e0f45b9a3be0ea739723f70d5cd41dfd57894d84bdea
3213,80.325,1.0029,9.4047,True,7,mechanical_001,694e94943eba5ec86f88e0f45b9a3be0ea739723f70d5cd41dfd57894d84bdea
3214,80.35,1.0032,9.4113,True,7,mechanical_001,694e94943eba5ec86f88e0f45b9a3be0ea739723f70d5cd41dfd57894d84bdea
3215,80.375,1.0035,9.4169,True,7,mechanical_001,694e94943eba5ec86f88e0f45b9a3be0ea739723f70d5cd41dfd57894d84bdea
3216,80.4,1.0038,9.4216,True,7,mechanical_001,694e94943eba5ec86f88e0f45b9a3be0ea739723f70d5cd41dfd57894d84bdea
3217,80.425,1.0042,9.427,True,7,mechanical_001,694e94943eba5ec86f88e0f45b9a3be0ea739723f70d5cd41dfd57894d84bdea
3218,80.45,1.0045,9.4318,True,7,mechanical_001,694e94943eba5ec86f88e0f45b9a3be0ea739723f70d5cd41dfd57894d84bdea
3219,80.475,1.0048,9.4356,True,7,mechanical_001,694e94943eba5ec86f88e0f45b9a3be0ea739723f70d5cd41dfd57894d84bdea
3220,80.5,1.0051,9.4371,True,7,mechanical_001,694e94943eba5ec86f88e0f45b9a3be0ea739723f70d5cd41dfd57894d84bdea
3221,80.525,1.0054,9.4391,True,7,mechanical_001,694e94943eba5ec86f88e0f45b9a3be0ea739723f70d5cd41dfd57894d84bdea
3222,80.55,1.0057,9.4411,True,7,mechanical_001,694e94943eba5ec86f88e0f45b9a3be0ea739723f70d5cd41dfd57894d84bdea
3223,80.575,1.006,9.4426,True,7,mechanical_001,694e94943eba5ec86f88e0f45b9a3be0ea739723f70d5cd41dfd57894d84bdea
3224,80.6,1.0063,9.4416,True,7,mechanical_001,694e94943eba5ec86f88e0f45b9a3be0ea739723f70d5cd41dfd57894d84bdea
3225,80.625,1.0066,9.4448,True,7,mechanical_001,694e94943eba5ec86f88e0f45b9a3be0ea739723f70d5cd41dfd57894d84bdea
3226,80.65,1.0069,9.4467,True,7,mechanical_001,694e94943eba5ec86f88e0f45b9a3be0ea739723f70d5cd41dfd57894d84bdea
3227,80.675,1.0073,9.4503,True,7,mechanical_001,694e94943eba5ec86f88e0f45b9a3be0ea739723f70d5cd41dfd57894d84bdea
3228,80.7,1.0076,9.4587,True,7,mechanical_001,694e94943eba5ec86f88e0f45b9a3be0ea739723f70d5cd41dfd57894d84bdea
3229,80.725,1.0079,9.4613,True,7,mechanical_001,694e94943eba5ec86f88e0f45b9a3be0ea739723f70d5cd41dfd57894d84bdea
3230,80.75,1.0082,9.4658,True,7,mechanical_001,694e94943eba5ec86f88e0f45b9a3be0ea739723f70d5cd41dfd57894d84bdea
3231,80.775,1.0085,9.4681,True,7,mechanical_001,694e94943eba5ec86f88e0f45b9a3be0ea739723f70d5cd41dfd57894d84bdea
3232,80.8,1.0088,9.4683,True,7,mechanical_001,694e94943eba5ec86f88e0f45b9a3be0ea739723f70d5cd41dfd57894d84bdea
3233,80.825,1.0091,9.4662,True,7,mechanical_001,694e94943eba5ec86f88e0f45b9a3be0ea739723f70d5cd41dfd57894d84bdea
3234,80.85,1.0094,9.4654,True,7,mechanical_001,694e94943eba5ec86f88e0f45b9a3be0ea739723f70d5cd41dfd57894d84bdea
3235,80.875,1.0097,9.4653,True,7,mechanical_001,694e94943eba5ec86f88e0f45b9a3be0ea739723f70d5cd41dfd57894d84bdea
3236,80.9,1.01,9.4671,True,7,mechanical_001,694e94943eba5ec86f88e0f45b9a3be0ea739723f70d5cd41dfd57894d84bdea
3237,80.925,1.0103,9.4665,True,7,mechanical_001,694e94943eba5ec86f88e0f45b9a3be0ea739723f70d5cd41dfd57894d84bdea
3238,80.95,1.0107,9.4654,True,7,mechanical_001,694e94943eba5ec86f88e0f45b9a3be0ea739723f70d5cd41dfd57894d84bdea
3239,80.975,1.011,9.4676,True,7,mechanical_001,694e94943eba5ec86f88e0f45b9a3be0ea739723f70d5cd41dfd57894d84bdea
3240,81.0,1.0113,9.4694,True,7,mechanical_001,694e94943eba5ec86f88e0f45b9a3be0ea739723f70d5cd41dfd57894d84bdea
3241,81.025,1.0116,9.473,True,7,mechanical_001,694e94943eba5ec86f88e0f45b9a3be0ea739723f70d5cd41dfd57894d84bdea
3242,81.05,1.0119,9.4777,True,7,mechanical_001,694e94943eba5ec86f88e0f45b9a3be0ea739723f70d5cd41dfd57894d84bdea
3243,81.075,1.0122,9.4849,True,7,mechanical_001,694e94943eba5ec86f88e0f45b9a3be0ea739723f70d5cd41dfd57894d84bdea
3244,81.1,1.0125,9.4886,True,7,mechanical_001,694e94943eba5ec86f88e0f45b9a3be0ea739723f70d5cd41dfd57894d84bdea
3245,81.125,1.0128,9.4922,True,7,mechanical_001,694e94943eba5ec86f88e0f45b9a3be0ea739723f70d5cd41dfd57894d84bdea
3246,81.15,1.0132,9.4946,True,7,mechanical_001,694e94943eba5ec86f88e0f45b9a3be0ea739723f70d5cd41dfd57894d84bdea
3247,81.175,1.0135,9.4946,True,7,mechanical_001,694e94943eba5ec86f88e0f45b9a3be0ea739723f70d5cd41dfd57894d84bdea
3248,81.2,1.0138,9.4908,True,7,mechanical_001,694e94943eba5ec86f88e0f45b9a3be0ea739723f70d5cd41dfd57894d84bdea
3249,81.225,1.0141,9.488,True,7,mechanical_001,694e94943eba5ec86f88e0f45b9a3be0ea739723f70d5cd41dfd57894d84bdea
3250,81.25,1.0144,9.4866,True,7,mechanical_001,694e94943eba5ec86f88e0f45b9a3be0ea739723f70d5cd41dfd57894d84bdea
3251,81.275,1.0147,9.4897,True,7,mechanical_001,694e94943eba5ec86f88e0f45b9a3be0ea739723f70d5cd41dfd57894d84bdea
3252,81.3,1.015,9.4889,True,7,mechanical_001,694e94943eba5ec86f88e0f45b9a3be0ea739723f70d5cd41dfd57894d84bdea
3253,81.325,1.0153,9.4859,True,7,mechanical_001,694e94943eba5ec86f88e0f45b9a3be0ea739723f70d5cd41dfd57894d84bdea
3254,81.35,1.0155,9.4833,True,7,mechanical_001,694e94943eba5ec86f88e0f45b9a3be0ea739723f70d5cd41dfd57894d84bdea
3255,81.375,1.0158,9.478,True,7,mechanical_001,694e94943eba5ec86f88e0f45b9a3be0ea739723f70d5cd41dfd57894d84bdea
3256,81.4,1.0161,9.4748,True,7,mechanical_001,694e94943eba5ec86f88e0f45b9a3be0ea739723f70d5cd41dfd57894d84bdea
3257,81.425,1.0164,9.4748,True,7,mechanical_001,694e94943eba5ec86f88e0f45b9a3be0ea739723f70d5cd41dfd57894d84bdea
3258,81.45,1.0167,9.4731,True,7,mechanical_001,694e94943eba5ec86f88e0f45b9a3be0ea739723f70d5cd41dfd57894d84bdea
3259,81.475,1.017,9.4758,True,7,mechanical_001,694e94943eba5ec86f88e0f45b9a3be0ea739723f70d5cd41dfd57894d84bdea
3260,81.5,1.0173,9.482,True,7,mechanical_001,694e94943eba5ec86f88e0f45b9a3be0ea739723f70d5cd41dfd57894d84bdea
3261,81.525,1.0176,9.4915,True,7,mechanical_001,694e94943eba5ec86f88e0f45b9a3be0ea739723f70d5cd41dfd57894d84bdea
3262,81.55,1.0179,9.4989,True,7,mechanical_001,694e94943eba5ec86f88e0f45b9a3be0ea739723f70d5cd41dfd57894d84bdea
3263,81.575,1.0183,9.5107,True,7,mechanical_001,694e94943eba5ec86f88e0f45b9a3be0ea739723f70d5cd41dfd57894d84bdea
3264,81.6,1.0186,9.5208,True,7,mechanical_001,694e94943eba5ec86f88e0f45b9a3be0ea739723f70d5cd41dfd57894d84bdea
3265,81.625,1.0189,9.5304,True,7,mechanical_001,694e94943eba5ec86f88e0f45b9a3be0ea739723f70d5cd41dfd57894d84bdea
3266,81.65,1.0192,9.5402,True,7,mechanical_001,694e94943eba5ec86f88e0f45b9a3be0ea739723f70d5cd41dfd57894d84bdea
3267,81.675,1.0196,9.5463,True,7,mechanical_001,694e94943eba5ec86f88e0f45b9a3be0ea739723f70d5cd41dfd57894d84bdea
3268,81.7,1.0199,9.5529,True,7,mechanical_001,694e94943eba5ec86f88e0f45b9a3be0ea739723f70d5cd41dfd57894d84bdea
3269,81.725,1.0202,9.5586,True,7,mechanical_001,694e94943eba5ec86f88e0f45b9a3be0ea739723f70d5cd41dfd57894d84bdea
3270,81.75,1.0205,9.5636,True,7,mechanical_001,694e94943eba5ec86f88e0f45b9a3be0ea739723f70d5cd41dfd57894d84bdea
3271,81.775,1.0208,9.564,True,7,mechanical_001,694e94943eba5ec86f88e0f45b9a3be0ea739723f70d5cd41dfd57894d84bdea
3272,81.8,1.0211,9.5678,True,7,mechanical_001,694e94943eba5ec86f88e0f45b9a3be0ea739723f70d5cd41dfd57894d84bdea
3273,81.825,1.0214,9.5711,True,7,mechanical_001,694e94943eba5ec86f88e0f45b9a3be0ea739723f70d5cd41dfd57894d84bdea
3274,81.85,1.0217,9.5739,True,7,mechanical_001,694e94943eba5ec86f88e0f45b9a3be0ea739723f70d5cd41dfd57894d84bdea
3275,81.875,1.022,9.5752,True,7,mechanical_001,694e94943eba5ec86f88e0f45b9a3be0ea739723f70d5cd41dfd57894d84bdea
3276,81.9,1.0223,9.5769,True,7,mechanical_001,694e94943eba5ec86f88e0f45b9a3be0ea739723f70d5cd41dfd57894d84bdea
3277,81.925,1.0227,9.5812,True,7,mechanical_001,694e94943eba5ec86f88e0f45b9a3be0ea739723f70d5cd41dfd57894d84bdea
3278,81.95,1.023,9.5843,True,7,mechanical_001,694e94943eba5ec86f88e0f45b9a3be0ea739723f70d5cd41dfd57894d84bdea
3279,81.975,1.0233,9.5883,True,7,mechanical_001,694e94943eba5ec86f88e0f45b9a3be0ea739723f70d5cd41dfd57894d84bdea
3280,82.0,1.0236,9.589,True,7,mechanical_001,694e94943eba5ec86f88e0f45b9a3be0ea739723f70d5cd41dfd57894d84bdea
3281,82.025,1.0239,9.5896,True,7,mechanical_001,694e94943eba5ec86f88e0f45b9a3be0ea739723f70d5cd41dfd57894d84bdea
3282,82.05,1.0242,9.5933,True,7,mechanical_001,694e94943eba5ec86f88e0f45b9a3be0ea739723f70d5cd41dfd57894d84bdea
3283,82.075,1.0245,9.5933,True,7,mechanical_001,694e94943eba5ec86f88e0f45b9a3be0ea739723f70d5cd41dfd57894d84bdea
3284,82.1,1.0248,9.5936,True,7,mechanical_001,694e94943eba5ec86f88e0f45b9a3be0ea739723f70d5cd41dfd57894d84bdea
3285,82.125,1.0251,9.5928,True,7,mechanical_001,694e94943eba5ec86f88e0f45b9a3be0ea739723f70d5cd41dfd57894d84bdea
3286,82.15,1.0254,9.5936,True,7,mechanical_001,694e94943eba5ec86f88e0f45b9a3be0ea739723f70d5cd41dfd57894d84bdea
3287,82.175,1.0257,9.5959,True,7,mechanical_001,694e94943eba5ec86f88e0f45b9a3be0ea739723f70d5cd41dfd57894d84bdea
3288,82.2,1.0261,9.5968,True,7,mechanical_001,694e94943eba5ec86f88e0f45b9a3be0ea739723f70d5cd41dfd57894d84bdea
3289,82.225,1.0264,9.5975,True,7,mechanical_001,694e94943eba5ec86f88e0f45b9a3be0ea739723f70d5cd41dfd57894d84bdea
3290,82.25,1.0267,9.5994,True,7,mechanical_001,694e94943eba5ec86f88e0f45b9a3be0ea739723f70d5cd41dfd57894d84bdea
3291,82.275,1.027,9.5996,True,7,mechanical_001,694e94943eba5ec86f88e0f45b9a3be0ea739723f70d5cd41dfd57894d84bdea
3292,82.3,1.0274,9.5997,True,7,mechanical_001,694e94943eba5ec86f88e0f45b9a3be0ea739723f70d5cd41dfd57894d84bdea
3293,82.325,1.0277,9.6012,True,7,mechanical_001,694e94943eba5ec86f88e0f45b9a3be0ea739723f70d5cd41dfd57894d84bdea
3294,82.35,1.028,9.6008,True,7,mechanical_001,694e94943eba5ec86f88e0f45b9a3be0ea739723f70d5cd41dfd57894d84bdea
3295,82.375,1.0283,9.6021,True,7,mechanical_001,694e94943eba5ec86f88e0f45b9a3be0ea739723f70d5cd41dfd57894d84bdea
3296,82.4,1.0286,9.6026,True,7,mechanical_001,694e94943eba5ec86f88e0f45b9a3be0ea739723f70d5cd41dfd57894d84bdea
3297,82.425,1.0289,9.6032,True,7,mechanical_001,694e94943eba5ec86f88e0f45b9a3be0ea739723f70d5cd41dfd57894d84bdea
3298,82.45,1.0292,9.6049,True,7,mechanical_001,694e94943eba5ec86f88e0f45b9a3be0ea739723f70d5cd41dfd57894d84bdea
3299,82.475,1.0296,9.6049,True,7,mechanical_001,694e94943eba5ec86f88e0f45b9a3be0ea739723f70d5cd41dfd57894d84bdea
3300,82.5,1.0299,9.606,True,7,mechanical_001,694e94943eba5ec86f88e0f45b9a3be0ea739723f70d5cd41dfd57894d84bdea
3301,82.525,1.0302,9.6064,True,7,mechanical_001,694e94943eba5ec86f88e0f45b9a3be0ea739723f70d5cd41dfd57894d84bdea
3302,82.55,1.0305,9.6072,True,7,mechanical_001,694e94943eba5ec86f88e0f45b9a3be0ea739723f70d5cd41dfd57894d84bdea
3303,82.575,1.0308,9.6067,True,7,mechanical_001,694e94943eba5ec86f88e0f45b9a3be0ea739723f70d5cd41dfd57894d84bdea
3304,82.6,1.0311,9.6083,True,7,mechanical_001,694e94943eba5ec86f88e0f45b9a3be0ea739723f70d5cd41dfd57894d84bdea
3305,82.625,1.0315,9.6085,True,7,mechanical_001,694e94943eba5ec86f88e0f45b9a3be0ea739723f70d5cd41dfd57894d84bdea
3306,82.65,1.0318,9.6099,True,7,mechanical_001,694e94943eba5ec86f88e0f45b9a3be0ea739723f70d5cd41dfd57894d84bdea
3307,82.675,1.0321,9.6127,True,7,mechanical_001,694e94943eba5ec86f88e0f45b9a3be0ea739723f70d5cd41dfd57894d84bdea
3308,82.7,1.0324,9.6138,True,7,mechanical_001,694e94943eba5ec86f88e0f45b9a3be0ea739723f70d5cd41dfd57894d84bdea
3309,82.725,1.0327,9.613,True,7,mechanical_001,694e94943eba5ec86f88e0f45b9a3be0ea739723f70d5cd41dfd57894d84bdea
3310,82.75,1.033,9.6153,True,7,mechanical_001,694e94943eba5ec86f88e0f45b9a3be0ea739723f70d5cd41dfd57894d84bdea
3311,82.775,1.0333,9.6162,True,7,mechanical_001,694e94943eba5ec86f88e0f45b9a3be0ea739723f70d5cd41dfd57894d84bdea
3312,82.8,1.0337,9.6178,True,7,mechanical_001,694e94943eba5ec86f88e0f45b9a3be0ea739723f70d5cd41dfd57894d84bdea
3313,82.825,1.034,9.6197,True,7,mechanical_001,694e94943eba5ec86f88e0f45b9a3be0ea739723f70d5cd41dfd57894d84bdea
3314,82.85,1.0343,9.6218,True,7,mechanical_001,694e94943eba5ec86f88e0f45b9a3be0ea739723f70d5cd41dfd57894d84bdea
3315,82.875,1.0346,9.6239,True,7,mechanical_001,694e94943eba5ec86f88e0f45b9a3be0ea739723f70d5cd41dfd57894d84bdea
3316,82.9,1.0349,9.6254,True,7,mechanical_001,694e94943eba5ec86f88e0f45b9a3be0ea739723f70d5cd41dfd57894d84bdea
3317,82.925,1.0352,9.626,True,7,mechanical_001,694e94943eba5ec86f88e0f45b9a3be0ea739723f70d5cd41dfd57894d84bdea
3318,82.95,1.0356,9.6299,True,7,mechanical_001,694e94943eba5ec86f88e0f45b9a3be0ea739723f70d5cd41dfd57894d84bdea
3319,82.975,1.0359,9.6332,True,7,mechanical_001,694e94943eba5ec86f88e0f45b9a3be0ea739723f70d5cd41dfd57894d84bdea
3320,83.0,1.0362,9.6387,True,7,mechanical_001,694e94943eba5ec86f88e0f45b9a3be0ea739723f70d5cd41dfd57894d84bdea
3321,83.025,1.0365,9.643,True,7,mechanical_001,694e94943eba5ec86f88e0f45b9a3be0ea739723f70d5cd41dfd57894d84bdea
3322,83.05,1.0368,9.6478,True,7,mechanical_001,694e94943eba5ec86f88e0f45b9a3be0ea739723f70d5cd41dfd57894d84bdea
3323,83.075,1.0371,9.6508,True,7,mechanical_001,694e94943eba5ec86f88e0f45b9a3be0ea739723f70d5cd41dfd57894d84bdea
3324,83.1,1.0374,9.6543,True,7,mechanical_001,694e94943eba5ec86f88e0f45b9a3be0ea739723f70d5cd41dfd57894d84bdea
3325,83.125,1.0377,9.6597,True,7,mechanical_001,694e94943eba5ec86f88e0f45b9a3be0ea739723f70d5cd41dfd57894d84bdea
3326,83.15,1.038,9.6651,True,7,mechanical_001,694e94943eba5ec86f88e0f45b9a3be0ea739723f70d5cd41dfd57894d84bdea
3327,83.175,1.0383,9.6685,True,7,mechanical_001,694e94943eba5ec86f88e0f45b9a3be0ea739723f70d5cd41dfd57894d84bdea
3328,83.2,1.0386,9.6736,True,7,mechanical_001,694e94943eba5ec86f88e0f45b9a3be0ea739723f70d5cd41dfd57894d84bdea
3329,83.225,1.039,9.6811,True,7,mechanical_001,694e94943eba5ec86f88e0f45b9a3be0ea739723f70d5cd41dfd57894d84bdea
3330,83.25,1.0393,9.6877,True,7,mechanical_001,694e94943eba5ec86f88e0f45b9a3be0ea739723f70d5cd41dfd57894d84bdea
3331,83.275,1.0396,9.6952,True,7,mechanical_001,694e94943eba5ec86f88e0f45b9a3be0ea739723f70d5cd41dfd57894d84bdea
3332,83.3,1.0399,9.7029,True,7,mechanical_001,694e94943eba5ec86f88e0f45b9a3be0ea739723f70d5cd41dfd57894d84bdea
3333,83.325,1.0402,9.7161,True,7,mechanical_001,694e94943eba5ec86f88e0f45b9a3be0ea739723f70d5cd41dfd57894d84bdea
3334,83.35,1.0405,9.7291,True,7,mechanical_001,694e94943eba5ec86f88e0f45b9a3be0ea739723f70d5cd41dfd57894d84bdea
3335,83.375,1.0408,9.744,True,7,mechanical_001,694e94943eba5ec86f88e0f45b9a3be0ea739723f70d5cd41dfd57894d84bdea
3336,83.4,1.0412,9.7623,True,7,mechanical_001,694e94943eba5ec86f88e0f45b9a3be0ea739723f70d5cd41dfd57894d84bdea
3337,83.425,1.0415,9.7817,True,7,mechanical_001,694e94943eba5ec86f88e0f45b9a3be0ea739723f70d5cd41dfd57894d84bdea
3338,83.45,1.0418,9.7979,True,7,mechanical_001,694e94943eba5ec86f88e0f45b9a3be0ea739723f70d5cd41dfd57894d84bdea
3339,83.475,1.0421,9.8102,True,7,mechanical_001,694e94943eba5ec86f88e0f45b9a3be0ea739723f70d5cd41dfd57894d84bdea
3340,83.5,1.0424,9.8256,True,7,mechanical_001,694e94943eba5ec86f88e0f45b9a3be0ea739723f70d5cd41dfd57894d84bdea
3341,83.525,1.0427,9.8417,True,7,mechanical_001,694e94943eba5ec86f88e0f45b9a3be0ea739723f70d5cd41dfd57894d84bdea
3342,83.55,1.043,9.86,True,7,mechanical_001,694e94943eba5ec86f88e0f45b9a3be0ea739723f70d5cd41dfd57894d84bdea
3343,83.575,1.0433,9.8731,True,7,mechanical_001,694e94943eba5ec86f88e0f45b9a3be0ea739723f70d5cd41dfd57894d84bdea
3344,83.6,1.0436,9.8871,True,7,mechanical_001,694e94943eba5ec86f88e0f45b9a3be0ea739723f70d5cd41dfd57894d84bdea
3345,83.625,1.0439,9.8994,True,7,mechanical_001,694e94943eba5ec86f88e0f45b9a3be0ea739723f70d5cd41dfd57894d84bdea
3346,83.65,1.0442,9.9132,True,7,mechanical_001,694e94943eba5ec86f88e0f45b9a3be0ea739723f70d5cd41dfd57894d84bdea
3347,83.675,1.0445,9.9261,True,7,mechanical_001,694e94943eba5ec86f88e0f45b9a3be0ea739723f70d5cd41dfd57894d84bdea
3348,83.7,1.0449,9.9429,True,7,mechanical_001,694e94943eba5ec86f88e0f45b9a3be0ea739723f70d5cd41dfd57894d84bdea
3349,83.725,1.0452,9.9617,True,7,mechanical_001,694e94943eba5ec86f88e0f45b9a3be0ea739723f70d5cd41dfd57894d84bdea
3350,83.75,1.0455,9.9809,True,7,mechanical_001,694e94943eba5ec86f88e0f45b9a3be0ea739723f70d5cd41dfd57894d84bdea
3351,83.775,1.0458,9.9941,True,7,mechanical_001,694e94943eba5ec86f88e0f45b9a3be0ea739723f70d5cd41dfd57894d84bdea
3352,83.8,1.0461,10.0046,True,7,mechanical_001,694e94943eba5ec86f88e0f45b9a3be0ea739723f70d5cd41dfd57894d84bdea
3353,83.825,1.0464,10.016,True,7,mechanical_001,694e94943eba5ec86f88e0f45b9a3be0ea739723f70d5cd41dfd57894d84bdea
3354,83.85,1.0467,10.0333,True,7,mechanical_001,694e94943eba5ec86f88e0f45b9a3be0ea739723f70d5cd41dfd57894d84bdea
3355,83.875,1.047,10.05,True,7,mechanical_001,694e94943eba5ec86f88e0f45b9a3be0ea739723f70d5cd41dfd57894d84bdea
3356,83.9,1.0474,10.0667,True,7,mechanical_001,694e94943eba5ec86f88e0f45b9a3be0ea739723f70d5cd41dfd57894d84bdea
3357,83.925,1.0477,10.0751,True,7,mechanical_001,694e94943eba5ec86f88e0f45b9a3be0ea739723f70d5cd41dfd57894d84bdea
3358,83.95,1.048,10.079,True,7,mechanical_001,694e94943eba5ec86f88e0f45b9a3be0ea739723f70d5cd41dfd57894d84bdea
3359,83.975,1.0483,10.0845,True,7,mechanical_001,694e94943eba5ec86f88e0f45b9a3be0ea739723f70d5cd41dfd57894d84bdea
3360,84.0,1.0486,10.0926,True,7,mechanical_001,694e94943eba5ec86f88e0f45b9a3be0ea739723f70d5cd41dfd57894d84bdea
3361,84.025,1.0489,10.1018,True,7,mechanical_001,694e94943eba5ec86f88e0f45b9a3be0ea739723f70d5cd41dfd57894d84bdea
3362,84.05,1.0492,10.112,True,7,mechanical_001,694e94943eba5ec86f88e0f45b9a3be0ea739723f70d5cd41dfd57894d84bdea
3363,84.075,1.0495,10.1245,True,7,mechanical_001,694e94943eba5ec86f88e0f45b9a3be0ea739723f70d5cd41dfd57894d84bdea
3364,84.1,1.0498,10.1429,True,7,mechanical_001,694e94943eba5ec86f88e0f45b9a3be0ea739723f70d5cd41dfd57894d84bdea
3365,84.125,1.0501,10.1634,True,7,mechanical_001,694e94943eba5ec86f88e0f45b9a3be0ea739723f70d5cd41dfd57894d84bdea
3366,84.15,1.0505,10.1787,True,7,mechanical_001,694e94943eba5ec86f88e0f45b9a3be0ea739723f70d5cd41dfd57894d84bdea
3367,84.175,1.0508,10.1922,True,7,mechanical_001,694e94943eba5ec86f88e0f45b9a3be0ea739723f70d5cd41dfd57894d84bdea
3368,84.2,1.0511,10.2027,True,7,mechanical_001,694e94943eba5ec86f88e0f45b9a3be0ea739723f70d5cd41dfd57894d84bdea
3369,84.225,1.0514,10.2112,True,7,mechanical_001,694e94943eba5ec86f88e0f45b9a3be0ea739723f70d5cd41dfd57894d84bdea
3370,84.25,1.0517,10.2154,True,7,mechanical_001,694e94943eba5ec86f88e0f45b9a3be0ea739723f70d5cd41dfd57894d84bdea
3371,84.275,1.0521,10.218,True,7,mechanical_001,694e94943eba5ec86f88e0f45b9a3be0ea739723f70d5cd41dfd57894d84bdea
3372,84.3,1.0524,10.2267,True,7,mechanical_001,694e94943eba5ec86f88e0f45b9a3be0ea739723f70d5cd41dfd57894d84bdea
3373,84.325,1.0527,10.2301,True,7,mechanical_001,694e94943eba5ec86f88e0f45b9a3be0ea739723f70d5cd41dfd57894d84bdea
3374,84.35,1.053,10.2316,True,7,mechanical_001,694e94943eba5ec86f88e0f45b9a3be0ea739723f70d5cd41dfd57894d84bdea
3375,84.375,1.0533,10.2356,True,7,mechanical_001,694e94943eba5ec86f88e0f45b9a3be0ea739723f70d5cd41dfd57894d84bdea
3376,84.4,1.0536,10.2432,True,7,mechanical_001,694e94943eba5ec86f88e0f45b9a3be0ea739723f70d5cd41dfd57894d84bdea
3377,84.425,1.0539,10.2508,True,7,mechanical_001,694e94943eba5ec86f88e0f45b9a3be0ea739723f70d5cd41dfd57894d84bdea
3378,84.45,1.0542,10.2601,True,7,mechanical_001,694e94943eba5ec86f88e0f45b9a3be0ea739723f70d5cd41dfd57894d84bdea
3379,84.475,1.0546,10.2674,True,7,mechanical_001,694e94943eba5ec86f88e0f45b9a3be0ea739723f70d5cd41dfd57894d84bdea
3380,84.5,1.0549,10.2782,True,7,mechanical_001,694e94943eba5ec86f88e0f45b9a3be0ea739723f70d5cd41dfd57894d84bdea
3381,84.525,1.0552,10.2907,True,7,mechanical_001,694e94943eba5ec86f88e0f45b9a3be0ea739723f70d5cd41dfd57894d84bdea
3382,84.55,1.0555,10.3015,True,7,mechanical_001,694e94943eba5ec86f88e0f45b9a3be0ea739723f70d5cd41dfd57894d84bdea
3383,84.575,1.0558,10.3061,True,7,mechanical_001,694e94943eba5ec86f88e0f45b9a3be0ea739723f70d5cd41dfd57894d84bdea
3384,84.6,1.0561,10.3103,True,7,mechanical_001,694e94943eba5ec86f88e0f45b9a3be0ea739723f70d5cd41dfd57894d84bdea
3385,84.625,1.0564,10.3156,True,7,mechanical_001,694e94943eba5ec86f88e0f45b9a3be0ea739723f70d5cd41dfd57894d84bdea
3386,84.65,1.0568,10.3275,True,7,mechanical_001,694e94943eba5ec86f88e0f45b9a3be0ea739723f70d5cd41dfd57894d84bdea
3387,84.675,1.0571,10.3358,True,7,mechanical_001,694e94943eba5ec86f88e0f45b9a3be0ea739723f70d5cd41dfd57894d84bdea
3388,84.7,1.0574,10.3424,True,7,mechanical_001,694e94943eba5ec86f88e0f45b9a3be0ea739723f70d5cd41dfd57894d84bdea
3389,84.725,1.0577,10.3454,True,7,mechanical_001,694e94943eba5ec86f88e0f45b9a3be0ea739723f70d5cd41dfd57894d84bdea
3390,84.75,1.058,10.3466,True,7,mechanical_001,694e94943eba5ec86f88e0f45b9a3be0ea739723f70d5cd41dfd57894d84bdea
3391,84.775,1.0583,10.353,True,7,mechanical_001,694e94943eba5ec86f88e0f45b9a3be0ea739723f70d5cd41dfd57894d84bdea
3392,84.8,1.0586,10.3613,True,7,mechanical_001,694e94943eba5ec86f88e0f45b9a3be0ea739723f70d5cd41dfd57894d84bdea
3393,84.825,1.0589,10.3666,True,7,mechanical_001,694e94943eba5ec86f88e0f45b9a3be0ea739723f70d5cd41dfd57894d84bdea
3394,84.85,1.0593,10.3717,True,7,mechanical_001,694e94943eba5ec86f88e0f45b9a3be0ea739723f70d5cd41dfd57894d84bdea
3395,84.875,1.0596,10.3768,True,7,mechanical_001,694e94943eba5ec86f88e0f45b9a3be0ea739723f70d5cd41dfd57894d84bdea
3396,84.9,1.0599,10.3802,True,7,mechanical_001,694e94943eba5ec86f88e0f45b9a3be0ea739723f70d5cd41dfd57894d84bdea
3397,84.925,1.0602,10.387,True,7,mechanical_001,694e94943eba5ec86f88e0f45b9a3be0ea739723f70d5cd41dfd57894d84bdea
3398,84.95,1.0605,10.3921,True,7,mechanical_001,694e94943eba5ec86f88e0f45b9a3be0ea739723f70d5cd41dfd57894d84bdea
3399,84.975,1.0608,10.3982,True,7,mechanical_001,694e94943eba5ec86f88e0f45b9a3be0ea739723f70d5cd41dfd57894d84bdea
3400,85.0,1.0611,10.4123,True,7,mechanical_001,694e94943eba5ec86f88e0f45b9a3be0ea739723f70d5cd41dfd57894d84bdea
3401,85.025,1.0614,10.4216,True,7,mechanical_001,694e94943eba5ec86f88e0f45b9a3be0ea739723f70d5cd41dfd57894d84bdea
3402,85.05,1.0618,10.4303,True,7,mechanical_001,694e94943eba5ec86f88e0f45b9a3be0ea739723f70d5cd41dfd57894d84bdea
3403,85.075,1.0621,10.4358,True,7,mechanical_001,694e94943eba5ec86f88e0f45b9a3be0ea739723f70d5cd41dfd57894d84bdea
3404,85.1,1.0624,10.4362,True,7,mechanical_001,694e94943eba5ec86f88e0f45b9a3be0ea739723f70d5cd41dfd57894d84bdea
3405,85.125,1.0627,10.4359,True,7,mechanical_001,694e94943eba5ec86f88e0f45b9a3be0ea739723f70d5cd41dfd57894d84bdea
3406,85.15,1.063,10.4387,True,7,mechanical_001,694e94943eba5ec86f88e0f45b9a3be0ea739723f70d5cd41dfd57894d84bdea
3407,85.175,1.0633,10.4408,True,7,mechanical_001,694e94943eba5ec86f88e0f45b9a3be0ea739723f70d5cd41dfd57894d84bdea
3408,85.2,1.0636,10.4434,True,7,mechanical_001,694e94943eba5ec86f88e0f45b9a3be0ea739723f70d5cd41dfd57894d84bdea
3409,85.225,1.0639,10.4521,True,7,mechanical_001,694e94943eba5ec86f88e0f45b9a3be0ea739723f70d5cd41dfd57894d84bdea
3410,85.25,1.0642,10.4597,True,7,mechanical_001,694e94943eba5ec86f88e0f45b9a3be0ea739723f70d5cd41dfd57894d84bdea
3411,85.275,1.0645,10.4697,True,7,mechanical_001,694e94943eba5ec86f88e0f45b9a3be0ea739723f70d5cd41dfd57894d84bdea
3412,85.3,1.0648,10.4807,True,7,mechanical_001,694e94943eba5ec86f88e0f45b9a3be0ea739723f70d5cd41dfd57894d84bdea
3413,85.325,1.0652,10.4877,True,7,mechanical_001,694e94943eba5ec86f88e0f45b9a3be0ea739723f70d5cd41dfd57894d84bdea
3414,85.35,1.0655,10.4946,True,7,mechanical_001,694e94943eba5ec86f88e0f45b9a3be0ea739723f70d5cd41dfd57894d84bdea
3415,85.375,1.0658,10.5017,True,7,mechanical_001,694e94943eba5ec86f88e0f45b9a3be0ea739723f70d5cd41dfd57894d84bdea
3416,85.4,1.0661,10.5054,True,7,mechanical_001,694e94943eba5ec86f88e0f45b9a3be0ea739723f70d5cd41dfd57894d84bdea
3417,85.425,1.0664,10.5069,True,7,mechanical_001,694e94943eba5ec86f88e0f45b9a3be0ea739723f70d5cd41dfd57894d84bdea
3418,85.45,1.0667,10.5085,True,7,mechanical_001,694e94943eba5ec86f88e0f45b9a3be0ea739723f70d5cd41dfd57894d84bdea
3419,85.475,1.067,10.5103,True,7,mechanical_001,694e94943eba5ec86f88e0f45b9a3be0ea739723f70d5cd41dfd57894d84bdea
3420,85.5,1.0673,10.516,True,7,mechanical_001,694e94943eba5ec86f88e0f45b9a3be0ea739723f70d5cd41dfd57894d84bdea
3421,85.525,1.0676,10.5288,True,7,mechanical_001,694e94943eba5ec86f88e0f45b9a3be0ea739723f70d5cd41dfd57894d84bdea
3422,85.55,1.068,10.5404,True,7,mechanical_001,694e94943eba5ec86f88e0f45b9a3be0ea739723f70d5cd41dfd57894d84bdea
3423,85.575,1.0683,10.5521,True,7,mechanical_001,694e94943eba5ec86f88e0f45b9a3be0ea739723f70d5cd41dfd57894d84bdea
3424,85.6,1.0686,10.5638,True,7,mechanical_001,694e94943eba5ec86f88e0f45b9a3be0ea739723f70d5cd41dfd57894d84bdea
3425,85.625,1.0689,10.5748,True,7,mechanical_001,694e94943eba5ec86f88e0f45b9a3be0ea739723f70d5cd41dfd57894d84bdea
3426,85.65,1.0692,10.5874,True,7,mechanical_001,694e94943eba5ec86f88e0f45b9a3be0ea739723f70d5cd41dfd57894d84bdea
3427,85.675,1.0696,10.5948,True,7,mechanical_001,694e94943eba5ec86f88e0f45b9a3be0ea739723f70d5cd41dfd57894d84bdea
3428,85.7,1.0699,10.5954,True,7,mechanical_001,694e94943eba5ec86f88e0f45b9a3be0ea739723f70d5cd41dfd57894d84bdea
3429,85.725,1.0702,10.5953,True,7,mechanical_001,694e94943eba5ec86f88e0f45b9a3be0ea739723f70d5cd41dfd57894d84bdea
3430,85.75,1.0705,10.5976,True,7,mechanical_001,694e94943eba5ec86f88e0f45b9a3be0ea739723f70d5cd41dfd57894d84bdea
3431,85.775,1.0708,10.6023,True,7,mechanical_001,694e94943eba5ec86f88e0f45b9a3be0ea739723f70d5cd41dfd57894d84bdea
3432,85.8,1.0711,10.6037,True,7,mechanical_001,694e94943eba5ec86f88e0f45b9a3be0ea739723f70d5cd41dfd57894d84bdea
3433,85.825,1.0714,10.6038,True,7,mechanical_001,694e94943eba5ec86f88e0f45b9a3be0ea739723f70d5cd41dfd57894d84bdea
3434,85.85,1.0717,10.6043,True,7,mechanical_001,694e94943eba5ec86f88e0f45b9a3be0ea739723f70d5cd41dfd57894d84bdea
3435,85.875,1.072,10.6121,True,7,mechanical_001,694e94943eba5ec86f88e0f45b9a3be0ea739723f70d5cd41dfd57894d84bdea
3436,85.9,1.0724,10.6207,True,7,mechanical_001,694e94943eba5ec86f88e0f45b9a3be0ea739723f70d5cd41dfd57894d84bdea
3437,85.925,1.0727,10.6281,True,7,mechanical_001,694e94943eba5ec86f88e0f45b9a3be0ea739723f70d5cd41dfd57894d84bdea
3438,85.95,1.073,10.6336,True,7,mechanical_001,694e94943eba5ec86f88e0f45b9a3be0ea739723f70d5cd41dfd57894d84bdea
3439,85.975,1.0733,10.6406,True,7,mechanical_001,694e94943eba5ec86f88e0f45b9a3be0ea739723f70d5cd41dfd57894d84bdea
3440,86.0,1.0736,10.6471,True,7,mechanical_001,694e94943eba5ec86f88e0f45b9a3be0ea739723f70d5cd41dfd57894d84bdea
3441,86.025,1.0739,10.6505,True,7,mechanical_001,694e94943eba5ec86f88e0f45b9a3be0ea739723f70d5cd41dfd57894d84bdea
3442,86.05,1.0742,10.6521,True,7,mechanical_001,694e94943eba5ec86f88e0f45b9a3be0ea739723f70d5cd41dfd57894d84bdea
3443,86.075,1.0745,10.6554,True,7,mechanical_001,694e94943eba5ec86f88e0f45b9a3be0ea739723f70d5cd41dfd57894d84bdea
3444,86.1,1.0748,10.6589,True,7,mechanical_001,694e94943eba5ec86f88e0f45b9a3be0ea739723f70d5cd41dfd57894d84bdea
3445,86.125,1.0752,10.6691,True,7,mechanical_001,694e94943eba5ec86f88e0f45b9a3be0ea739723f70d5cd41dfd57894d84bdea
3446,86.15,1.0755,10.6754,True,7,mechanical_001,694e94943eba5ec86f88e0f45b9a3be0ea739723f70d5cd41dfd57894d84bdea
3447,86.175,1.0758,10.6825,True,7,mechanical_001,694e94943eba5ec86f88e0f45b9a3be0ea739723f70d5cd41dfd57894d84bdea
3448,86.2,1.0761,10.6912,True,7,mechanical_001,694e94943eba5ec86f88e0f45b9a3be0ea739723f70d5cd41dfd57894d84bdea
3449,86.225,1.0764,10.6991,True,7,mechanical_001,694e94943eba5ec86f88e0f45b9a3be0ea739723f70d5cd41dfd57894d84bdea
3450,86.25,1.0767,10.7012,True,7,mechanical_001,694e94943eba5ec86f88e0f45b9a3be0ea739723f70d5cd41dfd57894d84bdea
3451,86.275,1.077,10.7036,True,7,mechanical_001,694e94943eba5ec86f88e0f45b9a3be0ea739723f70d5cd41dfd57894d84bdea
3452,86.3,1.0773,10.7121,True,7,mechanical_001,694e94943eba5ec86f88e0f45b9a3be0ea739723f70d5cd41dfd57894d84bdea
3453,86.325,1.0777,10.7197,True,7,mechanical_001,694e94943eba5ec86f88e0f45b9a3be0ea739723f70d5cd41dfd57894d84bdea
3454,86.35,1.078,10.7232,True,7,mechanical_001,694e94943eba5ec86f88e0f45b9a3be0ea739723f70d5cd41dfd57894d84bdea
3455,86.375,1.0783,10.7268,True,7,mechanical_001,694e94943eba5ec86f88e0f45b9a3be0ea739723f70d5cd41dfd57894d84bdea
3456,86.4,1.0786,10.7293,True,7,mechanical_001,694e94943eba5ec86f88e0f45b9a3be0ea739723f70d5cd41dfd57894d84bdea
3457,86.425,1.0789,10.7323,True,7,mechanical_001,694e94943eba5ec86f88e0f45b9a3be0ea739723f70d5cd41dfd57894d84bdea
3458,86.45,1.0792,10.7413,True,7,mechanical_001,694e94943eba5ec86f88e0f45b9a3be0ea739723f70d5cd41dfd57894d84bdea
3459,86.475,1.0795,10.751,True,7,mechanical_001,694e94943eba5ec86f88e0f45b9a3be0ea739723f70d5cd41dfd57894d84bdea
3460,86.5,1.0799,10.7646,True,7,mechanical_001,694e94943eba5ec86f88e0f45b9a3be0ea739723f70d5cd41dfd57894d84bdea
3461,86.525,1.0802,10.7758,True,7,mechanical_001,694e94943eba5ec86f88e0f45b9a3be0ea739723f70d5cd41dfd57894d84bdea
3462,86.55,1.0805,10.7706,True,7,mechanical_001,694e94943eba5ec86f88e0f45b9a3be0ea739723f70d5cd41dfd57894d84bdea
3463,86.575,1.0808,10.7555,True,7,mechanical_001,694e94943eba5ec86f88e0f45b9a3be0ea739723f70d5cd41dfd57894d84bdea
3464,86.6,1.0811,10.7429,True,7,mechanical_001,694e94943eba5ec86f88e0f45b9a3be0ea739723f70d5cd41dfd57894d84bdea
3465,86.625,1.0814,10.7399,True,7,mechanical_001,694e94943eba5ec86f88e0f45b9a3be0ea739723f70d5cd41dfd57894d84bdea
3466,86.65,1.0817,10.7424,True,7,mechanical_001,694e94943eba5ec86f88e0f45b9a3be0ea739723f70d5cd41dfd57894d84bdea
3467,86.675,1.082,10.7499,True,7,mechanical_001,694e94943eba5ec86f88e0f45b9a3be0ea739723f70d5cd41dfd57894d84bdea
3468,86.7,1.0823,10.7662,True,7,mechanical_001,694e94943eba5ec86f88e0f45b9a3be0ea739723f70d5cd41dfd57894d84bdea
3469,86.725,1.0826,10.7817,True,7,mechanical_001,694e94943eba5ec86f88e0f45b9a3be0ea739723f70d5cd41dfd57894d84bdea
3470,86.75,1.083,10.7911,True,7,mechanical_001,694e94943eba5ec86f88e0f45b9a3be0ea739723f70d5cd41dfd57894d84bdea
3471,86.775,1.0833,10.797,True,7,mechanical_001,694e94943eba5ec86f88e0f45b9a3be0ea739723f70d5cd41dfd57894d84bdea
3472,86.8,1.0836,10.8053,True,7,mechanical_001,694e94943eba5ec86f88e0f45b9a3be0ea739723f70d5cd41dfd57894d84bdea
3473,86.825,1.0839,10.8164,True,7,mechanical_001,694e94943eba5ec86f88e0f45b9a3be0ea739723f70d5cd41dfd57894d84bdea
3474,86.85,1.0842,10.8268,True,7,mechanical_001,694e94943eba5ec86f88e0f45b9a3be0ea739723f70d5cd41dfd57894d84bdea
3475,86.875,1.0845,10.8313,True,7,mechanical_001,694e94943eba5ec86f88e0f45b9a3be0ea739723f70d5cd41dfd57894d84bdea
3476,86.9,1.0849,10.8352,True,7,mechanical_001,694e94943eba5ec86f88e0f45b9a3be0ea739723f70d5cd41dfd57894d84bdea
3477,86.925,1.0852,10.8464,True,7,mechanical_001,694e94943eba5ec86f88e0f45b9a3be0ea739723f70d5cd41dfd57894d84bdea
3478,86.95,1.0855,10.8521,True,7,mechanical_001,694e94943eba5ec86f88e0f45b9a3be0ea739723f70d5cd41dfd57894d84bdea
3479,86.975,1.0858,10.8476,True,7,mechanical_001,694e94943eba5ec86f88e0f45b9a3be0ea739723f70d5cd41dfd57894d84bdea
3480,87.0,1.0861,10.8419,True,7,mechanical_001,694e94943eba5ec86f88e0f45b9a3be0ea739723f70d5cd41dfd57894d84bdea
3481,87.025,1.0864,10.8425,True,7,mechanical_001,694e94943eba5ec86f88e0f45b9a3be0ea739723f70d5cd41dfd57894d84bdea
3482,87.05,1.0867,10.8449,True,7,mechanical_001,694e94943eba5ec86f88e0f45b9a3be0ea739723f70d5cd41dfd57894d84bdea
3483,87.075,1.087,10.8467,True,7,mechanical_001,694e94943eba5ec86f88e0f45b9a3be0ea739723f70d5cd41dfd57894d84bdea
3484,87.1,1.0873,10.8549,True,7,mechanical_001,694e94943eba5ec86f88e0f45b9a3be0ea739723f70d5cd41dfd57894d84bdea
3485,87.125,1.0877,10.8676,True,7,mechanical_001,694e94943eba5ec86f88e0f45b9a3be0ea739723f70d5cd41dfd57894d84bdea
3486,87.15,1.088,10.8759,True,7,mechanical_001,694e94943eba5ec86f88e0f45b9a3be0ea739723f70d5cd41dfd57894d84bdea
3487,87.175,1.0883,10.8837,True,7,mechanical_001,694e94943eba5ec86f88e0f45b9a3be0ea739723f70d5cd41dfd57894d84bdea
3488,87.2,1.0886,10.8872,True,7,mechanical_001,694e94943eba5ec86f88e0f45b9a3be0ea739723f70d5cd41dfd57894d84bdea
3489,87.225,1.0889,10.8965,True,7,mechanical_001,694e94943eba5ec86f88e0f45b9a3be0ea739723f70d5cd41dfd57894d84bdea
3490,87.25,1.0892,10.9063,True,7,mechanical_001,694e94943eba5ec86f88e0f45b9a3be0ea739723f70d5cd41dfd57894d84bdea
3491,87.275,1.0896,10.9072,True,7,mechanical_001,694e94943eba5ec86f88e0f45b9a3be0ea739723f70d5cd41dfd57894d84bdea
3492,87.3,1.0899,10.9058,True,7,mechanical_001,694e94943eba5ec86f88e0f45b9a3be0ea739723f70d5cd41dfd57894d84bdea
3493,87.325,1.0902,10.9095,True,7,mechanical_001,694e94943eba5ec86f88e0f45b9a3be0ea739723f70d5cd41dfd57894d84bdea
3494,87.35,1.0905,10.9158,True,7,mechanical_001,694e94943eba5ec86f88e0f45b9a3be0ea739723f70d5cd41dfd57894d84bdea
3495,87.375,1.0908,10.9278,True,7,mechanical_001,694e94943eba5ec86f88e0f45b9a3be0ea739723f70d5cd41dfd57894d84bdea
3496,87.4,1.0911,10.9308,True,7,mechanical_001,694e94943eba5ec86f88e0f45b9a3be0ea739723f70d5cd41dfd57894d84bdea
3497,87.425,1.0914,10.9342,True,7,mechanical_001,694e94943eba5ec86f88e0f45b9a3be0ea739723f70d5cd41dfd57894d84bdea
3498,87.45,1.0917,10.9343,True,7,mechanical_001,694e94943eba5ec86f88e0f45b9a3be0ea739723f70d5cd41dfd57894d84bdea
3499,87.475,1.092,10.9283,True,7,mechanical_001,694e94943eba5ec86f88e0f45b9a3be0ea739723f70d5cd41dfd57894d84bdea
3500,87.5,1.0924,10.9263,True,7,mechanical_001,694e94943eba5ec86f88e0f45b9a3be0ea739723f70d5cd41dfd57894d84bdea
3501,87.525,1.0927,10.9298,True,7,mechanical_001,694e94943eba5ec86f88e0f45b9a3be0ea739723f70d5cd41dfd57894d84bdea
3502,87.55,1.093,10.9347,True,7,mechanical_001,694e94943eba5ec86f88e0f45b9a3be0ea739723f70d5cd41dfd57894d84bdea
3503,87.575,1.0933,10.9408,True,7,mechanical_001,694e94943eba5ec86f88e0f45b9a3be0ea739723f70d5cd41dfd57894d84bdea
3504,87.6,1.0936,10.9465,True,7,mechanical_001,694e94943eba5ec86f88e0f45b9a3be0ea739723f70d5cd41dfd57894d84bdea
3505,87.625,1.0939,10.9501,True,7,mechanical_001,694e94943eba5ec86f88e0f45b9a3be0ea739723f70d5cd41dfd57894d84bdea
3506,87.65,1.0943,10.9525,True,7,mechanical_001,694e94943eba5ec86f88e0f45b9a3be0ea739723f70d5cd41dfd57894d84bdea
3507,87.675,1.0946,10.9495,True,7,mechanical_001,694e94943eba5ec86f88e0f45b9a3be0ea739723f70d5cd41dfd57894d84bdea
3508,87.7,1.0949,10.9477,True,7,mechanical_001,694e94943eba5ec86f88e0f45b9a3be0ea739723f70d5cd41dfd57894d84bdea
3509,87.725,1.0952,10.9471,True,7,mechanical_001,694e94943eba5ec86f88e0f45b9a3be0ea739723f70d5cd41dfd57894d84bdea
3510,87.75,1.0955,10.9511,True,7,mechanical_001,694e94943eba5ec86f88e0f45b9a3be0ea739723f70d5cd41dfd57894d84bdea
3511,87.775,1.0958,10.9563,True,7,mechanical_001,694e94943eba5ec86f88e0f45b9a3be0ea739723f70d5cd41dfd57894d84bdea
3512,87.8,1.0962,10.9563,True,7,mechanical_001,694e94943eba5ec86f88e0f45b9a3be0ea739723f70d5cd41dfd57894d84bdea
3513,87.825,1.0965,10.9554,True,7,mechanical_001,694e94943eba5ec86f88e0f45b9a3be0ea739723f70d5cd41dfd57894d84bdea
3514,87.85,1.0968,10.9562,True,7,mechanical_001,694e94943eba5ec86f88e0f45b9a3be0ea739723f70d5cd41dfd57894d84bdea
3515,87.875,1.0971,10.9521,True,7,mechanical_001,694e94943eba5ec86f88e0f45b9a3be0ea739723f70d5cd41dfd57894d84bdea
3516,87.9,1.0974,10.9449,True,7,mechanical_001,694e94943eba5ec86f88e0f45b9a3be0ea739723f70d5cd41dfd57894d84bdea
3517,87.925,1.0977,10.943,True,7,mechanical_001,694e94943eba5ec86f88e0f45b9a3be0ea739723f70d5cd41dfd57894d84bdea
3518,87.95,1.098,10.9429,True,7,mechanical_001,694e94943eba5ec86f88e0f45b9a3be0ea739723f70d5cd41dfd57894d84bdea
3519,87.975,1.0983,10.9456,False,7,mechanical_001,694e94943eba5ec86f88e0f45b9a3be0ea739723f70d5cd41dfd57894d84bdea
3520,88.0,1.0986,10.949,False,7,mechanical_001,694e94943eba5ec86f88e0f45b9a3be0ea739723f70d5cd41dfd57894d84bdea
3521,88.025,1.0989,10.9526,False,7,mechanical_001,694e94943eba5ec86f88e0f45b9a3be0ea739723f70d5cd41dfd57894d84bdea
3522,88.05,1.0993,10.9619,False,7,mechanical_001,694e94943eba5ec86f88e0f45b9a3be0ea739723f70d5cd41dfd57894d84bdea
3523,88.075,1.0996,10.9752,False,7,mechanical_001,694e94943eba5ec86f88e0f45b9a3be0ea739723f70d5cd41dfd57894d84bdea
3524,88.1,1.0999,10.9874,False,7,mechanical_001,694e94943eba5ec86f88e0f45b9a3be0ea739723f70d5cd41dfd57894d84bdea
3525,88.125,1.1002,10.9928,False,7,mechanical_001,694e94943eba5ec86f88e0f45b9a3be0ea739723f70d5cd41dfd57894d84bdea
3526,88.15,1.1005,10.991,False,7,mechanical_001,694e94943eba5ec86f88e0f45b9a3be0ea739723f70d5cd41dfd57894d84bdea
3527,88.175,1.1008,10.9839,False,7,mechanical_001,694e94943eba5ec86f88e0f45b9a3be0ea739723f70d5cd41dfd57894d84bdea
3528,88.2,1.1011,10.9756,False,7,mechanical_001,694e94943eba5ec86f88e0f45b9a3be0ea739723f70d5cd41dfd57894d84bdea
3529,88.225,1.1014,10.9755,False,7,mechanical_001,694e94943eba5ec86f88e0f45b9a3be0ea739723f70d5cd41dfd57894d84bdea
3530,88.25,1.1017,10.9827,False,7,mechanical_001,694e94943eba5ec86f88e0f45b9a3be0ea739723f70d5cd41dfd57894d84bdea
3531,88.275,1.102,10.9971,False,7,mechanical_001,694e94943eba5ec86f88e0f45b9a3be0ea739723f70d5cd41dfd57894d84bdea
3532,88.3,1.1024,11.019,False,7,mechanical_001,694e94943eba5ec86f88e0f45b9a3be0ea739723f70d5cd41dfd57894d84bdea
3533,88.325,1.1027,11.0383,False,7,mechanical_001,694e94943eba5ec86f88e0f45b9a3be0ea739723f70d5cd41dfd57894d84bdea
3534,88.35,1.103,11.0516,False,7,mechanical_001,694e94943eba5ec86f88e0f45b9a3be0ea739723f70d5cd41dfd57894d84bdea
3535,88.375,1.1033,11.0585,False,7,mechanical_001,694e94943eba5ec86f88e0f45b9a3be0ea739723f70d5cd41dfd57894d84bdea
3536,88.4,1.1037,11.0644,False,7,mechanical_001,694e94943eba5ec86f88e0f45b9a3be0ea739723f70d5cd41dfd57894d84bdea
3537,88.425,1.104,11.0647,False,7,mechanical_001,694e94943eba5ec86f88e0f45b9a3be0ea739723f70d5cd41dfd57894d84bdea
3538,88.45,1.1043,11.0648,False,7,mechanical_001,694e94943eba5ec86f88e0f45b9a3be0ea739723f70d5cd41dfd57894d84bdea
3539,88.475,1.1046,11.0652,False,7,mechanical_001,694e94943eba5ec86f88e0f45b9a3be0ea739723f70d5cd41dfd57894d84bdea
3540,88.5,1.1049,11.0677,False,7,mechanical_001,694e94943eba5ec86f88e0f45b9a3be0ea739723f70d5cd41dfd57894d84bdea
3541,88.525,1.1052,11.072,False,7,mechanical_001,694e94943eba5ec86f88e0f45b9a3be0ea739723f70d5cd41dfd57894d84bdea
3542,88.55,1.1055,11.0764,False,7,mechanical_001,694e94943eba5ec86f88e0f45b9a3be0ea739723f70d5cd41dfd57894d84bdea
3543,88.575,1.1058,11.0815,False,7,mechanical_001,694e94943eba5ec86f88e0f45b9a3be0ea739723f70d5cd41dfd57894d84bdea
3544,88.6,1.1061,11.0852,False,7,mechanical_001,694e94943eba5ec86f88e0f45b9a3be0ea739723f70d5cd41dfd57894d84bdea
3545,88.625,1.1065,11.0856,False,7,mechanical_001,694e94943eba5ec86f88e0f45b9a3be0ea739723f70d5cd41dfd57894d84bdea
3546,88.65,1.1068,11.0903,False,7,mechanical_001,694e94943eba5ec86f88e0f45b9a3be0ea739723f70d5cd41dfd57894d84bdea
3547,88.675,1.1071,11.0898,False,7,mechanical_001,694e94943eba5ec86f88e0f45b9a3be0ea739723f70d5cd41dfd57894d84bdea
3548,88.7,1.1074,11.0901,False,7,mechanical_001,694e94943eba5ec86f88e0f45b9a3be0ea739723f70d5cd41dfd57894d84bdea
3549,88.725,1.1077,11.092,False,7,mechanical_001,694e94943eba5ec86f88e0f45b9a3be0ea739723f70d5cd41dfd57894d84bdea
3550,88.75,1.108,11.096,False,7,mechanical_001,694e94943eba5ec86f88e0f45b9a3be0ea739723f70d5cd41dfd57894d84bdea
3551,88.775,1.1083,11.0965,False,7,mechanical_001,694e94943eba5ec86f88e0f45b9a3be0ea739723f70d5cd41dfd57894d84bdea
3552,88.8,1.1086,11.1009,False,7,mechanical_001,694e94943eba5ec86f88e0f45b9a3be0ea739723f70d5cd41dfd57894d84bdea
3553,88.825,1.1089,11.1031,False,7,mechanical_001,694e94943eba5ec86f88e0f45b9a3be0ea739723f70d5cd41dfd57894d84bdea
3554,88.85,1.1093,11.1065,False,7,mechanical_001,694e94943eba5ec86f88e0f45b9a3be0ea739723f70d5cd41dfd57894d84bdea
3555,88.875,1.1096,11.1124,False,7,mechanical_001,694e94943eba5ec86f88e0f45b9a3be0ea739723f70d5cd41dfd57894d84bdea
3556,88.9,1.1099,11.1203,False,7,mechanical_001,694e94943eba5ec86f88e0f45b9a3be0ea739723f70d5cd41dfd57894d84bdea
3557,88.925,1.1102,11.1269,False,7,mechanical_001,694e94943eba5ec86f88e0f45b9a3be0ea739723f70d5cd41dfd57894d84bdea
3558,88.95,1.1105,11.1325,False,7,mechanical_001,694e94943eba5ec86f88e0f45b9a3be0ea739723f70d5cd41dfd57894d84bdea
3559,88.975,1.1108,11.14,False,7,mechanical_001,694e94943eba5ec86f88e0f45b9a3be0ea739723f70d5cd41dfd57894d84bdea
3560,89.0,1.1111,11.1435,False,7,mechanical_001,694e94943eba5ec86f88e0f45b9a3be0ea739723f70d5cd41dfd57894d84bdea
3561,89.025,1.1115,11.1443,False,7,mechanical_001,694e94943eba5ec86f88e0f45b9a3be0ea739723f70d5cd41dfd57894d84bdea
3562,89.05,1.1118,11.1438,False,7,mechanical_001,694e94943eba5ec86f88e0f45b9a3be0ea739723f70d5cd41dfd57894d84bdea
3563,89.075,1.1121,11.1375,False,7,mechanical_001,694e94943eba5ec86f88e0f45b9a3be0ea739723f70d5cd41dfd57894d84bdea
3564,89.1,1.1124,11.1229,False,7,mechanical_001,694e94943eba5ec86f88e0f45b9a3be0ea739723f70d5cd41dfd57894d84bdea
3565,89.125,1.1127,11.1109,False,7,mechanical_001,694e94943eba5ec86f88e0f45b9a3be0ea739723f70d5cd41dfd57894d84bdea
3566,89.15,1.113,11.1068,False,7,mechanical_001,694e94943eba5ec86f88e0f45b9a3be0ea739723f70d5cd41dfd57894d84bdea
3567,89.175,1.1133,11.1038,False,7,mechanical_001,694e94943eba5ec86f88e0f45b9a3be0ea739723f70d5cd41dfd57894d84bdea
3568,89.2,1.1136,11.1025,False,7,mechanical_001,694e94943eba5ec86f88e0f45b9a3be0ea739723f70d5cd41dfd57894d84bdea
3569,89.225,1.1139,11.1073,False,7,mechanical_001,694e94943eba5ec86f88e0f45b9a3be0ea739723f70d5cd41dfd57894d84bdea
3570,89.25,1.1142,11.1213,False,7,mechanical_001,694e94943eba5ec86f88e0f45b9a3be0ea739723f70d5cd41dfd57894d84bdea
3571,89.275,1.1145,11.1354,False,7,mechanical_001,694e94943eba5ec86f88e0f45b9a3be0ea739723f70d5cd41dfd57894d84bdea
3572,89.3,1.1149,11.1529,False,7,mechanical_001,694e94943eba5ec86f88e0f45b9a3be0ea739723f70d5cd41dfd57894d84bdea
3573,89.325,1.1152,11.1729,False,7,mechanical_001,694e94943eba5ec86f88e0f45b9a3be0ea739723f70d5cd41dfd57894d84bdea
3574,89.35,1.1155,11.1835,False,7,mechanical_001,694e94943eba5ec86f88e0f45b9a3be0ea739723f70d5cd41dfd57894d84bdea
3575,89.375,1.1158,11.1807,False,7,mechanical_001,694e94943eba5ec86f88e0f45b9a3be0ea739723f70d5cd41dfd57894d84bdea
3576,89.4,1.1161,11.166,False,7,mechanical_001,694e94943eba5ec86f88e0f45b9a3be0ea739723f70d5cd41dfd57894d84bdea
3577,89.425,1.1164,11.1622,False,7,mechanical_001,694e94943eba5ec86f88e0f45b9a3be0ea739723f70d5cd41dfd57894d84bdea
3578,89.45,1.1167,11.1747,False,7,mechanical_001,694e94943eba5ec86f88e0f45b9a3be0ea739723f70d5cd41dfd57894d84bdea
3579,89.475,1.1171,11.1801,False,7,mechanical_001,694e94943eba5ec86f88e0f45b9a3be0ea739723f70d5cd41dfd57894d84bdea
3580,89.5,1.1174,11.1771,False,7,mechanical_001,694e94943eba5ec86f88e0f45b9a3be0ea739723f70d5cd41dfd57894d84bdea
3581,89.525,1.1177,11.1804,False,7,mechanical_001,694e94943eba5ec86f88e0f45b9a3be0ea739723f70d5cd41dfd57894d84bdea
3582,89.55,1.118,11.1937,False,7,mechanical_001,694e94943eba5ec86f88e0f45b9a3be0ea739723f70d5cd41dfd57894d84bdea
3583,89.575,1.1183,11.2052,False,7,mechanical_001,694e94943eba5ec86f88e0f45b9a3be0ea739723f70d5cd41dfd57894d84bdea
3584,89.6,1.1186,11.2172,False,7,mechanical_001,694e94943eba5ec86f88e0f45b9a3be0ea739723f70d5cd41dfd57894d84bdea
3585,89.625,1.1189,11.2254,False,7,mechanical_001,694e94943eba5ec86f88e0f45b9a3be0ea739723f70d5cd41dfd57894d84bdea
3586,89.65,1.1193,11.2342,False,7,mechanical_001,694e94943eba5ec86f88e0f45b9a3be0ea739723f70d5cd41dfd57894d84bdea
3587,89.675,1.1196,11.2389,False,7,mechanical_001,694e94943eba5ec86f88e0f45b9a3be0ea739723f70d5cd41dfd57894d84bdea
3588,89.7,1.1199,11.2389,False,7,mechanical_001,694e94943eba5ec86f88e0f45b9a3be0ea739723f70d5cd41dfd57894d84bdea
3589,89.725,1.1202,11.2375,False,7,mechanical_001,694e94943eba5ec86f88e0f45b9a3be0ea739723f70d5cd41dfd57894d84bdea
3590,89.75,1.1205,11.2415,False,7,mechanical_001,694e94943eba5ec86f88e0f45b9a3be0ea739723f70d5cd41dfd57894d84bdea
3591,89.775,1.1208,11.2435,False,7,mechanical_001,694e94943eba5ec86f88e0f45b9a3be0ea739723f70d5cd41dfd57894d84bdea
3592,89.8,1.1211,11.2407,False,7,mechanical_001,694e94943eba5ec86f88e0f45b9a3be0ea739723f70d5cd41dfd57894d84bdea
3593,89.825,1.1214,11.2458,False,7,mechanical_001,694e94943eba5ec86f88e0f45b9a3be0ea739723f70d5cd41dfd57894d84bdea
3594,89.85,1.1218,11.253,False,7,mechanical_001,694e94943eba5ec86f88e0f45b9a3be0ea739723f70d5cd41dfd57894d84bdea
3595,89.875,1.1221,11.2642,False,7,mechanical_001,694e94943eba5ec86f88e0f45b9a3be0ea739723f70d5cd41dfd57894d84bdea
3596,89.9,1.1224,11.2718,False,7,mechanical_001,694e94943eba5ec86f88e0f45b9a3be0ea739723f70d5cd41dfd57894d84bdea
3597,89.925,1.1227,11.2771,False,7,mechanical_001,694e94943eba5ec86f88e0f45b9a3be0ea739723f70d5cd41dfd57894d84bdea
3598,89.95,1.123,11.2815,False,7,mechanical_001,694e94943eba5ec86f88e0f45b9a3be0ea739723f70d5cd41dfd57894d84bdea
3599,89.975,1.1233,11.2929,False,7,mechanical_001,694e94943eba5ec86f88e0f45b9a3be0ea739723f70d5cd41dfd57894d84bdea
3600,90.0,1.1237,11.3003,False,7,mechanical_001,694e94943eba5ec86f88e0f45b9a3be0ea739723f70d5cd41dfd57894d84bdea
3601,90.025,1.124,11.3038,False,7,mechanical_001,694e94943eba5ec86f88e0f45b9a3be0ea739723f70d5cd41dfd57894d84bdea
3602,90.05,1.1243,11.3101,False,7,mechanical_001,694e94943eba5ec86f88e0f45b9a3be0ea739723f70d5cd41dfd57894d84bdea
3603,90.075,1.1246,11.323,False,7,mechanical_001,694e94943eba5ec86f88e0f45b9a3be0ea739723f70d5cd41dfd57894d84bdea
3604,90.1,1.1249,11.3345,False,7,mechanical_001,694e94943eba5ec86f88e0f45b9a3be0ea739723f70d5cd41dfd57894d84bdea
3605,90.125,1.1252,11.3438,False,7,mechanical_001,694e94943eba5ec86f88e0f45b9a3be0ea739723f70d5cd41dfd57894d84bdea
3606,90.15,1.1256,11.3556,False,7,mechanical_001,694e94943eba5ec86f88e0f45b9a3be0ea739723f70d5cd41dfd57894d84bdea
3607,90.175,1.1259,11.3635,False,7,mechanical_001,694e94943eba5ec86f88e0f45b9a3be0ea739723f70d5cd41dfd57894d84bdea
3608,90.2,1.1262,11.3734,False,7,mechanical_001,694e94943eba5ec86f88e0f45b9a3be0ea739723f70d5cd41dfd57894d84bdea
3609,90.225,1.1265,11.3842,False,7,mechanical_001,694e94943eba5ec86f88e0f45b9a3be0ea739723f70d5cd41dfd57894d84bdea
3610,90.25,1.1269,11.3969,False,7,mechanical_001,694e94943eba5ec86f88e0f45b9a3be0ea739723f70d5cd41dfd57894d84bdea
3611,90.275,1.1272,11.4158,False,7,mechanical_001,694e94943eba5ec86f88e0f45b9a3be0ea739723f70d5cd41dfd57894d84bdea
3612,90.3,1.1275,11.4395,False,7,mechanical_001,694e94943eba5ec86f88e0f45b9a3be0ea739723f70d5cd41dfd57894d84bdea
3613,90.325,1.1279,11.4658,False,7,mechanical_001,694e94943eba5ec86f88e0f45b9a3be0ea739723f70d5cd41dfd57894d84bdea
3614,90.35,1.1282,11.4781,False,7,mechanical_001,694e94943eba5ec86f88e0f45b9a3be0ea739723f70d5cd41dfd57894d84bdea
3615,90.375,1.1285,11.4839,False,7,mechanical_001,694e94943eba5ec86f88e0f45b9a3be0ea739723f70d5cd41dfd57894d84bdea
3616,90.4,1.1288,11.4822,False,7,mechanical_001,694e94943eba5ec86f88e0f45b9a3be0ea739723f70d5cd41dfd57894d84bdea
3617,90.425,1.1292,11.4754,False,7,mechanical_001,694e94943eba5ec86f88e0f45b9a3be0ea739723f70d5cd41dfd57894d84bdea
3618,90.45,1.1295,11.4686,False,7,mechanical_001,694e94943eba5ec86f88e0f45b9a3be0ea739723f70d5cd41dfd57894d84bdea
3619,90.475,1.1298,11.4627,False,7,mechanical_001,694e94943eba5ec86f88e0f45b9a3be0ea739723f70d5cd41dfd57894d84bdea
3620,90.5,1.1301,11.4601,False,7,mechanical_001,694e94943eba5ec86f88e0f45b9a3be0ea739723f70d5cd41dfd57894d84bdea
3621,90.525,1.1304,11.4623,False,7,mechanical_001,694e94943eba5ec86f88e0f45b9a3be0ea739723f70d5cd41dfd57894d84bdea
3622,90.55,1.1307,11.4648,False,7,mechanical_001,694e94943eba5ec86f88e0f45b9a3be0ea739723f70d5cd41dfd57894d84bdea
3623,90.575,1.131,11.4702,False,7,mechanical_001,694e94943eba5ec86f88e0f45b9a3be0ea739723f70d5cd41dfd57894d84bdea
3624,90.6,1.1313,11.478,False,7,mechanical_001,694e94943eba5ec86f88e0f45b9a3be0ea739723f70d5cd41dfd57894d84bdea
3625,90.625,1.1317,11.4865,False,7,mechanical_001,694e94943eba5ec86f88e0f45b9a3be0ea739723f70d5cd41dfd57894d84bdea
3626,90.65,1.132,11.5001,False,7,mechanical_001,694e94943eba5ec86f88e0f45b9a3be0ea739723f70d5cd41dfd57894d84bdea
3627,90.675,1.1323,11.5171,False,7,mechanical_001,694e94943eba5ec86f88e0f45b9a3be0ea739723f70d5cd41dfd57894d84bdea
3628,90.7,1.1326,11.5293,False,7,mechanical_001,694e94943eba5ec86f88e0f45b9a3be0ea739723f70d5cd41dfd57894d84bdea
3629,90.725,1.133,11.5331,False,7,mechanical_001,694e94943eba5ec86f88e0f45b9a3be0ea739723f70d5cd41dfd57894d84bdea
3630,90.75,1.1333,11.539,False,7,mechanical_001,694e94943eba5ec86f88e0f45b9a3be0ea739723f70d5cd41dfd57894d84bdea
3631,90.775,1.1336,11.544,False,7,mechanical_001,694e94943eba5ec86f88e0f45b9a3be0ea739723f70d5cd41dfd57894d84bdea
3632,90.8,1.1339,11.541,False,7,mechanical_001,694e94943eba5ec86f88e0f45b9a3be0ea739723f70d5cd41dfd57894d84bdea
3633,90.825,1.1342,11.5375,False,7,mechanical_001,694e94943eba5ec86f88e0f45b9a3be0ea739723f70d5cd41dfd57894d84bdea
3634,90.85,1.1345,11.5362,False,7,mechanical_001,694e94943eba5ec86f88e0f45b9a3be0ea739723f70d5cd41dfd57894d84bdea
3635,90.875,1.1348,11.5279,False,7,mechanical_001,694e94943eba5ec86f88e0f45b9a3be0ea739723f70d5cd41dfd57894d84bdea
3636,90.9,1.1351,11.5192,False,7,mechanical_001,694e94943eba5ec86f88e0f45b9a3be0ea739723f70d5cd41dfd57894d84bdea
3637,90.925,1.1354,11.5146,False,7,mechanical_001,694e94943eba5ec86f88e0f45b9a3be0ea739723f70d5cd41dfd57894d84bdea
3638,90.95,1.1357,11.5114,False,7,mechanical_001,694e94943eba5ec86f88e0f45b9a3be0ea739723f70d5cd41dfd57894d84bdea
3639,90.975,1.136,11.51,False,7,mechanical_001,694e94943eba5ec86f88e0f45b9a3be0ea739723f70d5cd41dfd57894d84bdea
3640,91.0,1.1364,11.5097,False,7,mechanical_001,694e94943eba5ec86f88e0f45b9a3be0ea739723f70d5cd41dfd57894d84bdea
3641,91.025,1.1367,11.5093,False,7,mechanical_001,694e94943eba5ec86f88e0f45b9a3be0ea739723f70d5cd41dfd57894d84bdea
3642,91.05,1.137,11.5138,False,7,mechanical_001,694e94943eba5ec86f88e0f45b9a3be0ea739723f70d5cd41dfd57894d84bdea
3643,91.075,1.1373,11.521,False,7,mechanical_001,694e94943eba5ec86f88e0f45b9a3be0ea739723f70d5cd41dfd57894d84bdea
3644,91.1,1.1376,11.5303,False,7,mechanical_001,694e94943eba5ec86f88e0f45b9a3be0ea739723f70d5cd41dfd57894d84bdea
3645,91.125,1.1379,11.5373,False,7,mechanical_001,694e94943eba5ec86f88e0f45b9a3be0ea739723f70d5cd41dfd57894d84bdea
3646,91.15,1.1382,11.5426,False,7,mechanical_001,694e94943eba5ec86f88e0f45b9a3be0ea739723f70d5cd41dfd57894d84bdea
3647,91.175,1.1385,11.5478,False,7,mechanical_001,694e94943eba5ec86f88e0f45b9a3be0ea739723f70d5cd41dfd57894d84bdea
3648,91.2,1.1388,11.554,False,7,mechanical_001,694e94943eba5ec86f88e0f45b9a3be0ea739723f70d5cd41dfd57894d84bdea
3649,91.225,1.1391,11.5583,False,7,mechanical_001,694e94943eba5ec86f88e0f45b9a3be0ea739723f70d5cd41dfd57894d84bdea
3650,91.25,1.1394,11.562,False,7,mechanical_001,694e94943eba5ec86f88e0f45b9a3be0ea739723f70d5cd41dfd57894d84bdea
3651,91.275,1.1397,11.5661,False,7,mechanical_001,694e94943eba5ec86f88e0f45b9a3be0ea739723f70d5cd41dfd57894d84bdea
3652,91.3,1.1401,11.5717,False,7,mechanical_001,694e94943eba5ec86f88e0f45b9a3be0ea739723f70d5cd41dfd57894d84bdea
3653,91.325,1.1404,11.5772,False,7,mechanical_001,694e94943eba5ec86f88e0f45b9a3be0ea739723f70d5cd41dfd57894d84bdea
3654,91.35,1.1407,11.5848,False,7,mechanical_001,694e94943eba5ec86f88e0f45b9a3be0ea739723f70d5cd41dfd57894d84bdea
3655,91.375,1.141,11.5948,False,7,mechanical_001,694e94943eba5ec86f88e0f45b9a3be0ea739723f70d5cd41dfd57894d84bdea
3656,91.4,1.1413,11.6057,False,7,mechanical_001,694e94943eba5ec86f88e0f45b9a3be0ea739723f70d5cd41dfd57894d84bdea
3657,91.425,1.1416,11.6122,False,7,mechanical_001,694e94943eba5ec86f88e0f45b9a3be0ea739723f70d5cd41dfd57894d84bdea
3658,91.45,1.142,11.6184,False,7,mechanical_001,694e94943eba5ec86f88e0f45b9a3be0ea739723f70d5cd41dfd57894d84bdea
3659,91.475,1.1423,11.6225,False,7,mechanical_001,694e94943eba5ec86f88e0f45b9a3be0ea739723f70d5cd41dfd57894d84bdea
3660,91.5,1.1426,11.6191,False,7,mechanical_001,694e94943eba5ec86f88e0f45b9a3be0ea739723f70d5cd41dfd57894d84bdea
3661,91.525,1.1429,11.6152,False,7,mechanical_001,694e94943eba5ec86f88e0f45b9a3be0ea739723f70d5cd41dfd57894d84bdea
3662,91.55,1.1432,11.6166,False,7,mechanical_001,694e94943eba5ec86f88e0f45b9a3be0ea739723f70d5cd41dfd57894d84bdea
3663,91.575,1.1435,11.6166,False,7,mechanical_001,694e94943eba5ec86f88e0f45b9a3be0ea739723f70d5cd41dfd57894d84bdea
3664,91.6,1.1438,11.6158,False,7,mechanical_001,694e94943eba5ec86f88e0f45b9a3be0ea739723f70d5cd41dfd57894d84bdea
3665,91.625,1.1441,11.6216,False,7,mechanical_001,694e94943eba5ec86f88e0f45b9a3be0ea739723f70d5cd41dfd57894d84bdea
3666,91.65,1.1444,11.6295,False,7,mechanical_001,694e94943eba5ec86f88e0f45b9a3be0ea739723f70d5cd41dfd57894d84bdea
3667,91.675,1.1447,11.6313,False,7,mechanical_001,694e94943eba5ec86f88e0f45b9a3be0ea739723f70d5cd41dfd57894d84bdea
3668,91.7,1.145,11.6296,False,7,mechanical_001,694e94943eba5ec86f88e0f45b9a3be0ea739723f70d5cd41dfd57894d84bdea
3669,91.725,1.1453,11.6294,False,7,mechanical_001,694e94943eba5ec86f88e0f45b9a3be0ea739723f70d5cd41dfd57894d84bdea
3670,91.75,1.1456,11.6269,False,7,mechanical_001,694e94943eba5ec86f88e0f45b9a3be0ea739723f70d5cd41dfd57894d84bdea
3671,91.775,1.1459,11.6247,False,7,mechanical_001,694e94943eba5ec86f88e0f45b9a3be0ea739723f70d5cd41dfd57894d84bdea
3672,91.8,1.1462,11.6162,False,7,mechanical_001,694e94943eba5ec86f88e0f45b9a3be0ea739723f70d5cd41dfd57894d84bdea
3673,91.825,1.1465,11.6063,False,7,mechanical_001,694e94943eba5ec86f88e0f45b9a3be0ea739723f70d5cd41dfd57894d84bdea
3674,91.85,1.1468,11.5965,False,7,mechanical_001,694e94943eba5ec86f88e0f45b9a3be0ea739723f70d5cd41dfd57894d84bdea
3675,91.875,1.1471,11.5939,False,7,mechanical_001,694e94943eba5ec86f88e0f45b9a3be0ea739723f70d5cd41dfd57894d84bdea
3676,91.9,1.1474,11.6088,False,7,mechanical_001,694e94943eba5ec86f88e0f45b9a3be0ea739723f70d5cd41dfd57894d84bdea
3677,91.925,1.1477,11.6358,False,7,mechanical_001,694e94943eba5ec86f88e0f45b9a3be0ea739723f70d5cd41dfd57894d84bdea
3678,91.95,1.148,11.6678,False,7,mechanical_001,694e94943eba5ec86f88e0f45b9a3be0ea739723f70d5cd41dfd57894d84bdea
3679,91.975,1.1483,11.6972,False,7,mechanical_001,694e94943eba5ec86f88e0f45b9a3be0ea739723f70d5cd41dfd57894d84bdea
3680,92.0,1.1486,11.7141,False,7,mechanical_001,694e94943eba5ec86f88e0f45b9a3be0ea739723f70d5cd41dfd57894d84bdea
3681,92.025,1.1489,11.7356,False,7,mechanical_001,694e94943eba5ec86f88e0f45b9a3be0ea739723f70d5cd41dfd57894d84bdea
3682,92.05,1.1493,11.7591,False,7,mechanical_001,694e94943eba5ec86f88e0f45b9a3be0ea739723f70d5cd41dfd57894d84bdea
3683,92.075,1.1496,11.7832,False,7,mechanical_001,694e94943eba5ec86f88e0f45b9a3be0ea739723f70d5cd41dfd57894d84bdea
3684,92.1,1.1499,11.8024,False,7,mechanical_001,694e94943eba5ec86f88e0f45b9a3be0ea739723f70d5cd41dfd57894d84bdea
3685,92.125,1.1502,11.8156,False,7,mechanical_001,694e94943eba5ec86f88e0f45b9a3be0ea739723f70d5cd41dfd57894d84bdea
3686,92.15,1.1505,11.8266,False,7,mechanical_001,694e94943eba5ec86f88e0f45b9a3be0ea739723f70d5cd41dfd57894d84bdea
3687,92.175,1.1508,11.8386,False,7,mechanical_001,694e94943eba5ec86f88e0f45b9a3be0ea739723f70d5cd41dfd57894d84bdea
3688,92.2,1.1511,11.8482,False,7,mechanical_001,694e94943eba5ec86f88e0f45b9a3be0ea739723f70d5cd41dfd57894d84bdea
3689,92.225,1.1514,11.8589,False,7,mechanical_001,694e94943eba5ec86f88e0f45b9a3be0ea739723f70d5cd41dfd57894d84bdea
3690,92.25,1.1518,11.8608,False,7,mechanical_001,694e94943eba5ec86f88e0f45b9a3be0ea739723f70d5cd41dfd57894d84bdea
3691,92.275,1.1521,11.8681,False,7,mechanical_001,694e94943eba5ec86f88e0f45b9a3be0ea739723f70d5cd41dfd57894d84bdea
3692,92.3,1.1524,11.8864,False,7,mechanical_001,694e94943eba5ec86f88e0f45b9a3be0ea739723f70d5cd41dfd57894d84bdea
3693,92.325,1.1527,11.9081,False,7,mechanical_001,694e94943eba5ec86f88e0f45b9a3be0ea739723f70d5cd41dfd57894d84bdea
3694,92.35,1.153,11.9373,False,7,mechanical_001,694e94943eba5ec86f88e0f45b9a3be0ea739723f70d5cd41dfd57894d84bdea
3695,92.375,1.1534,11.9647,False,7,mechanical_001,694e94943eba5ec86f88e0f45b9a3be0ea739723f70d5cd41dfd57894d84bdea
3696,92.4,1.1537,11.9836,False,7,mechanical_001,694e94943eba5ec86f88e0f45b9a3be0ea739723f70d5cd41dfd57894d84bdea
3697,92.425,1.154,12.0002,False,7,mechanical_001,694e94943eba5ec86f88e0f45b9a3be0ea739723f70d5cd41dfd57894d84bdea
3698,92.45,1.1543,12.0128,False,7,mechanical_001,694e94943eba5ec86f88e0f45b9a3be0ea739723f70d5cd41dfd57894d84bdea
3699,92.475,1.1546,12.0217,False,7,mechanical_001,694e94943eba5ec86f88e0f45b9a3be0ea739723f70d5cd41dfd57894d84bdea
3700,92.5,1.155,12.0311,False,7,mechanical_001,694e94943eba5ec86f88e0f45b9a3be0ea739723f70d5cd41dfd57894d84bdea
3701,92.525,1.1553,12.0385,False,7,mechanical_001,694e94943eba5ec86f88e0f45b9a3be0ea739723f70d5cd41dfd57894d84bdea
3702,92.55,1.1556,12.0528,False,7,mechanical_001,694e94943eba5ec86f88e0f45b9a3be0ea739723f70d5cd41dfd57894d84bdea
3703,92.575,1.1559,12.0654,False,7,mechanical_001,694e94943eba5ec86f88e0f45b9a3be0ea739723f70d5cd41dfd57894d84bdea
3704,92.6,1.1562,12.0791,False,7,mechanical_001,694e94943eba5ec86f88e0f45b9a3be0ea739723f70d5cd41dfd57894d84bdea
3705,92.625,1.1566,12.0895,False,7,mechanical_001,694e94943eba5ec86f88e0f45b9a3be0ea739723f70d5cd41dfd57894d84bdea
3706,92.65,1.1569,12.0991,False,7,mechanical_001,694e94943eba5ec86f88e0f45b9a3be0ea739723f70d5cd41dfd57894d84bdea
3707,92.675,1.1572,12.1079,False,7,mechanical_001,694e94943eba5ec86f88e0f45b9a3be0ea739723f70d5cd41dfd57894d84bdea
3708,92.7,1.1575,12.1192,False,7,mechanical_001,694e94943eba5ec86f88e0f45b9a3be0ea739723f70d5cd41dfd57894d84bdea
3709,92.725,1.1578,12.1283,False,7,mechanical_001,694e94943eba5ec86f88e0f45b9a3be0ea739723f70d5cd41dfd57894d84bdea
3710,92.75,1.1582,12.1362,False,7,mechanical_001,694e94943eba5ec86f88e0f45b9a3be0ea739723f70d5cd41dfd57894d84bdea
3711,92.775,1.1585,12.1432,False,7,mechanical_001,694e94943eba5ec86f88e0f45b9a3be0ea739723f70d5cd41dfd57894d84bdea
3712,92.8,1.1588,12.1509,False,7,mechanical_001,694e94943eba5ec86f88e0f45b9a3be0ea739723f70d5cd41dfd57894d84bdea
3713,92.825,1.1591,12.1574,False,7,mechanical_001,694e94943eba5ec86f88e0f45b9a3be0ea739723f70d5cd41dfd57894d84bdea
3714,92.85,1.1594,12.1574,False,7,mechanical_001,694e94943eba5ec86f88e0f45b9a3be0ea739723f70d5cd41dfd57894d84bdea
3715,92.875,1.1597,12.1567,False,7,mechanical_001,694e94943eba5ec86f88e0f45b9a3be0ea739723f70d5cd41dfd57894d84bdea
3716,92.9,1.16,12.1587,False,7,mechanical_001,694e94943eba5ec86f88e0f45b9a3be0ea739723f70d5cd41dfd57894d84bdea
3717,92.925,1.1604,12.1585,False,7,mechanical_001,694e94943eba5ec86f88e0f45b9a3be0ea739723f70d5cd41dfd57894d84bdea
3718,92.95,1.1607,12.1581,False,7,mechanical_001,694e94943eba5ec86f88e0f45b9a3be0ea739723f70d5cd41dfd57894d84bdea
3719,92.975,1.161,12.1499,False,7,mechanical_001,694e94943eba5ec86f88e0f45b9a3be0ea739723f70d5cd41dfd57894d84bdea
3720,93.0,1.1613,12.1395,False,7,mechanical_001,694e94943eba5ec86f88e0f45b9a3be0ea739723f70d5cd41dfd57894d84bdea
3721,93.025,1.1616,12.1345,False,7,mechanical_001,694e94943eba5ec86f88e0f45b9a3be0ea739723f70d5cd41dfd57894d84bdea
3722,93.05,1.1619,12.1364,False,7,mechanical_001,694e94943eba5ec86f88e0f45b9a3be0ea739723f70d5cd41dfd57894d84bdea
3723,93.075,1.1622,12.1417,False,7,mechanical_001,694e94943eba5ec86f88e0f45b9a3be0ea739723f70d5cd41dfd57894d84bdea
3724,93.1,1.1625,12.147,False,7,mechanical_001,694e94943eba5ec86f88e0f45b9a3be0ea739723f70d5cd41dfd57894d84bdea
3725,93.125,1.1628,12.1535,False,7,mechanical_001,694e94943eba5ec86f88e0f45b9a3be0ea739723f70d5cd41dfd57894d84bdea
3726,93.15,1.1631,12.1645,False,7,mechanical_001,694e94943eba5ec86f88e0f45b9a3be0ea739723f70d5cd41dfd57894d84bdea
3727,93.175,1.1634,12.177,False,7,mechanical_001,694e94943eba5ec86f88e0f45b9a3be0ea739723f70d5cd41dfd57894d84bdea
3728,93.2,1.1637,12.1891,False,7,mechanical_001,694e94943eba5ec86f88e0f45b9a3be0ea739723f70d5cd41dfd57894d84bdea
3729,93.225,1.164,12.2001,False,7,mechanical_001,694e94943eba5ec86f88e0f45b9a3be0ea739723f70d5cd41dfd57894d84bdea
3730,93.25,1.1644,12.2164,False,7,mechanical_001,694e94943eba5ec86f88e0f45b9a3be0ea739723f70d5cd41dfd57894d84bdea
3731,93.275,1.1647,12.2329,False,7,mechanical_001,694e94943eba5ec86f88e0f45b9a3be0ea739723f70d5cd41dfd57894d84bdea
3732,93.3,1.165,12.2545,False,7,mechanical_001,694e94943eba5ec86f88e0f45b9a3be0ea739723f70d5cd41dfd57894d84bdea
3733,93.325,1.1653,12.2792,False,7,mechanical_001,694e94943eba5ec86f88e0f45b9a3be0ea739723f70d5cd41dfd57894d84bdea
3734,93.35,1.1657,12.3082,False,7,mechanical_001,694e94943eba5ec86f88e0f45b9a3be0ea739723f70d5cd41dfd57894d84bdea
3735,93.375,1.166,12.3304,False,7,mechanical_001,694e94943eba5ec86f88e0f45b9a3be0ea739723f70d5cd41dfd57894d84bdea
3736,93.4,1.1663,12.3469,False,7,mechanical_001,694e94943eba5ec86f88e0f45b9a3be0ea739723f70d5cd41dfd57894d84bdea
3737,93.425,1.1667,12.3548,False,7,mechanical_001,694e94943eba5ec86f88e0f45b9a3be0ea739723f70d5cd41dfd57894d84bdea
3738,93.45,1.167,12.356,False,7,mechanical_001,694e94943eba5ec86f88e0f45b9a3be0ea739723f70d5cd41dfd57894d84bdea
3739,93.475,1.1673,12.3513,False,7,mechanical_001,694e94943eba5ec86f88e0f45b9a3be0ea739723f70d5cd41dfd57894d84bdea
3740,93.5,1.1676,12.3443,False,7,mechanical_001,694e94943eba5ec86f88e0f45b9a3be0ea739723f70d5cd41dfd57894d84bdea
3741,93.525,1.1679,12.3399,False,7,mechanical_001,694e94943eba5ec86f88e0f45b9a3be0ea739723f70d5cd41dfd57894d84bdea
3742,93.55,1.1682,12.3425,False,7,mechanical_001,694e94943eba5ec86f88e0f45b9a3be0ea739723f70d5cd41dfd57894d84bdea
3743,93.575,1.1685,12.3473,False,7,mechanical_001,694e94943eba5ec86f88e0f45b9a3be0ea739723f70d5cd41dfd57894d84bdea
3744,93.6,1.1688,12.3577,False,7,mechanical_001,694e94943eba5ec86f88e0f45b9a3be0ea739723f70d5cd41dfd57894d84bdea
3745,93.625,1.1692,12.3777,False,7,mechanical_001,694e94943eba5ec86f88e0f45b9a3be0ea739723f70d5cd41dfd57894d84bdea
3746,93.65,1.1695,12.3942,False,7,mechanical_001,694e94943eba5ec86f88e0f45b9a3be0ea739723f70d5cd41dfd57894d84bdea
3747,93.675,1.1698,12.4065,False,7,mechanical_001,694e94943eba5ec86f88e0f45b9a3be0ea739723f70d5cd41dfd57894d84bdea
3748,93.7,1.1701,12.4122,False,7,mechanical_001,694e94943eba5ec86f88e0f45b9a3be0ea739723f70d5cd41dfd57894d84bdea
3749,93.725,1.1704,12.412,False,7,mechanical_001,694e94943eba5ec86f88e0f45b9a3be0ea739723f70d5cd41dfd57894d84bdea
3750,93.75,1.1708,12.407,False,7,mechanical_001,694e94943eba5ec86f88e0f45b9a3be0ea739723f70d5cd41dfd57894d84bdea
3751,93.775,1.1711,12.3984,False,7,mechanical_001,694e94943eba5ec86f88e0f45b9a3be0ea739723f70d5cd41dfd57894d84bdea
3752,93.8,1.1714,12.3918,False,7,mechanical_001,694e94943eba5ec86f88e0f45b9a3be0ea739723f70d5cd41dfd57894d84bdea
3753,93.825,1.1717,12.3903,False,7,mechanical_001,694e94943eba5ec86f88e0f45b9a3be0ea739723f70d5cd41dfd57894d84bdea
3754,93.85,1.172,12.3934,False,7,mechanical_001,694e94943eba5ec86f88e0f45b9a3be0ea739723f70d5cd41dfd57894d84bdea
3755,93.875,1.1723,12.3981,False,7,mechanical_001,694e94943eba5ec86f88e0f45b9a3be0ea739723f70d5cd41dfd57894d84bdea
3756,93.9,1.1726,12.3971,False,7,mechanical_001,694e94943eba5ec86f88e0f45b9a3be0ea739723f70d5cd41dfd57894d84bdea
3757,93.925,1.1729,12.3944,False,7,mechanical_001,694e94943eba5ec86f88e0f45b9a3be0ea739723f70d5cd41dfd57894d84bdea
3758,93.95,1.1732,12.3905,False,7,mechanical_001,694e94943eba5ec86f88e0f45b9a3be0ea739723f70d5cd41dfd57894d84bdea
3759,93.975,1.1736,12.3845,False,7,mechanical_001,694e94943eba5ec86f88e0f45b9a3be0ea739723f70d5cd41dfd57894d84bdea
3760,94.0,1.1739,12.38,False,7,mechanical_001,694e94943eba5ec86f88e0f45b9a3be0ea739723f70d5cd41dfd57894d84bdea
3761,94.025,1.1742,12.3718,False,7,mechanical_001,694e94943eba5ec86f88e0f45b9a3be0ea739723f70d5cd41dfd57894d84bdea
3762,94.05,1.1745,12.3659,False,7,mechanical_001,694e94943eba5ec86f88e0f45b9a3be0ea739723f70d5cd41dfd57894d84bdea
3763,94.075,1.1748,12.3633,False,7,mechanical_001,694e94943eba5ec86f88e0f45b9a3be0ea739723f70d5cd41dfd57894d84bdea
3764,94.1,1.1751,12.3611,False,7,mechanical_001,694e94943eba5ec86f88e0f45b9a3be0ea739723f70d5cd41dfd57894d84bdea
3765,94.125,1.1754,12.3567,False,7,mechanical_001,694e94943eba5ec86f88e0f45b9a3be0ea739723f70d5cd41dfd57894d84bdea
3766,94.15,1.1757,12.3567,False,7,mechanical_001,694e94943eba5ec86f88e0f45b9a3be0ea739723f70d5cd41dfd57894d84bdea
3767,94.175,1.176,12.3657,False,7,mechanical_001,694e94943eba5ec86f88e0f45b9a3be0ea739723f70d5cd41dfd57894d84bdea
3768,94.2,1.1763,12.379,False,7,mechanical_001,694e94943eba5ec86f88e0f45b9a3be0ea739723f70d5cd41dfd57894d84bdea
3769,94.225,1.1766,12.3947,False,7,mechanical_001,694e94943eba5ec86f88e0f45b9a3be0ea739723f70d5cd41dfd57894d84bdea
3770,94.25,1.1769,12.4031,False,7,mechanical_001,694e94943eba5ec86f88e0f45b9a3be0ea739723f70d5cd41dfd57894d84bdea
3771,94.275,1.1773,12.409,False,7,mechanical_001,694e94943eba5ec86f88e0f45b9a3be0ea739723f70d5cd41dfd57894d84bdea
3772,94.3,1.1776,12.4132,False,7,mechanical_001,694e94943eba5ec86f88e0f45b9a3be0ea739723f70d5cd41dfd57894d84bdea
3773,94.325,1.1779,12.4149,False,7,mechanical_001,694e94943eba5ec86f88e0f45b9a3be0ea739723f70d5cd41dfd57894d84bdea
3774,94.35,1.1782,12.4192,False,7,mechanical_001,694e94943eba5ec86f88e0f45b9a3be0ea739723f70d5cd41dfd57894d84bdea
3775,94.375,1.1785,12.4292,False,7,mechanical_001,694e94943eba5ec86f88e0f45b9a3be0ea739723f70d5cd41dfd57894d84bdea
3776,94.4,1.1788,12.4347,False,7,mechanical_001,694e94943eba5ec86f88e0f45b9a3be0ea739723f70d5cd41dfd57894d84bdea
3777,94.425,1.1791,12.4398,False,7,mechanical_001,694e94943eba5ec86f88e0f45b9a3be0ea739723f70d5cd41dfd57894d84bdea
3778,94.45,1.1794,12.4431,False,7,mechanical_001,694e94943eba5ec86f88e0f45b9a3be0ea739723f70d5cd41dfd57894d84bdea
3779,94.475,1.1797,12.4476,False,7,mechanical_001,694e94943eba5ec86f88e0f45b9a3be0ea739723f70d5cd41dfd57894d84bdea
3780,94.5,1.18,12.4513,False,7,mechanical_001,694e94943eba5ec86f88e0f45b9a3be0ea739723f70d5cd41dfd57894d84bdea
3781,94.525,1.1803,12.4516,False,7,mechanical_001,694e94943eba5ec86f88e0f45b9a3be0ea739723f70d5cd41dfd57894d84bdea
3782,94.55,1.1807,12.449,False,7,mechanical_001,694e94943eba5ec86f88e0f45b9a3be0ea739723f70d5cd41dfd57894d84bdea
3783,94.575,1.1809,12.4437,False,7,mechanical_001,694e94943eba5ec86f88e0f45b9a3be0ea739723f70d5cd41dfd57894d84bdea
3784,94.6,1.1812,12.4315,False,7,mechanical_001,694e94943eba5ec86f88e0f45b9a3be0ea739723f70d5cd41dfd57894d84bdea
3785,94.625,1.1815,12.4137,False,7,mechanical_001,694e94943eba5ec86f88e0f45b9a3be0ea739723f70d5cd41dfd57894d84bdea
3786,94.65,1.1818,12.3981,False,7,mechanical_001,694e94943eba5ec86f88e0f45b9a3be0ea739723f70d5cd41dfd57894d84bdea
3787,94.675,1.1821,12.3764,False,7,mechanical_001,694e94943eba5ec86f88e0f45b9a3be0ea739723f70d5cd41dfd57894d84bdea
3788,94.7,1.1824,12.3575,False,7,mechanical_001,694e94943eba5ec86f88e0f45b9a3be0ea739723f70d5cd41dfd57894d84bdea
3789,94.725,1.1826,12.3501,False,7,mechanical_001,694e94943eba5ec86f88e0f45b9a3be0ea739723f70d5cd41dfd57894d84bdea
3790,94.75,1.1829,12.3529,False,7,mechanical_001,694e94943eba5ec86f88e0f45b9a3be0ea739723f70d5cd41dfd57894d84bdea
3791,94.775,1.1832,12.3748,False,7,mechanical_001,694e94943eba5ec86f88e0f45b9a3be0ea739723f70d5cd41dfd57894d84bdea
3792,94.8,1.1836,12.4077,False,7,mechanical_001,694e94943eba5ec86f88e0f45b9a3be0ea739723f70d5cd41dfd57894d84bdea
3793,94.825,1.1839,12.4366,False,7,mechanical_001,694e94943eba5ec86f88e0f45b9a3be0ea739723f70d5cd41dfd57894d84bdea
3794,94.85,1.1842,12.4659,False,7,mechanical_001,694e94943eba5ec86f88e0f45b9a3be0ea739723f70d5cd41dfd57894d84bdea
3795,94.875,1.1845,12.5224,False,7,mechanical_001,694e94943eba5ec86f88e0f45b9a3be0ea739723f70d5cd41dfd57894d84bdea
3796,94.9,1.1849,12.5768,False,7,mechanical_001,694e94943eba5ec86f88e0f45b9a3be0ea739723f70d5cd41dfd57894d84bdea
3797,94.925,1.1852,12.6059,False,7,mechanical_001,694e94943eba5ec86f88e0f45b9a3be0ea739723f70d5cd41dfd57894d84bdea
3798,94.95,1.1855,12.6104,False,7,mechanical_001,694e94943eba5ec86f88e0f45b9a3be0ea739723f70d5cd41dfd57894d84bdea
3799,94.975,1.1858,12.6016,False,7,mechanical_001,694e94943eba5ec86f88e0f45b9a3be0ea739723f70d5cd41dfd57894d84bdea
3800,95.0,1.1861,12.5876,False,7,mechanical_001,694e94943eba5ec86f88e0f45b9a3be0ea739723f70d5cd41dfd57894d84bdea
3801,95.025,1.1864,12.5797,False,7,mechanical_001,694e94943eba5ec86f88e0f45b9a3be0ea739723f70d5cd41dfd57894d84bdea
3802,95.05,1.1867,12.5839,False,7,mechanical_001,694e94943eba5ec86f88e0f45b9a3be0ea739723f70d5cd41dfd57894d84bdea
3803,95.075,1.187,12.6106,False,7,mechanical_001,694e94943eba5ec86f88e0f45b9a3be0ea739723f70d5cd41dfd57894d84bdea
3804,95.1,1.1873,12.6372,False,7,mechanical_001,694e94943eba5ec86f88e0f45b9a3be0ea739723f70d5cd41dfd57894d84bdea
3805,95.125,1.1876,12.6564,False,7,mechanical_001,694e94943eba5ec86f88e0f45b9a3be0ea739723f70d5cd41dfd57894d84bdea
3806,95.15,1.188,12.674,False,7,mechanical_001,694e94943eba5ec86f88e0f45b9a3be0ea739723f70d5cd41dfd57894d84bdea
3807,95.175,1.1883,12.6967,False,7,mechanical_001,694e94943eba5ec86f88e0f45b9a3be0ea739723f70d5cd41dfd57894d84bdea
3808,95.2,1.1886,12.7149,False,7,mechanical_001,694e94943eba5ec86f88e0f45b9a3be0ea739723f70d5cd41dfd57894d84bdea
3809,95.225,1.1889,12.7301,False,7,mechanical_001,694e94943eba5ec86f88e0f45b9a3be0ea739723f70d5cd41dfd57894d84bdea
3810,95.25,1.1892,12.7417,False,7,mechanical_001,694e94943eba5ec86f88e0f45b9a3be0ea739723f70d5cd41dfd57894d84bdea
3811,95.275,1.1895,12.7523,False,7,mechanical_001,694e94943eba5ec86f88e0f45b9a3be0ea739723f70d5cd41dfd57894d84bdea
3812,95.3,1.1899,12.7649,False,7,mechanical_001,694e94943eba5ec86f88e0f45b9a3be0ea739723f70d5cd41dfd57894d84bdea
3813,95.325,1.1902,12.7737,False,7,mechanical_001,694e94943eba5ec86f88e0f45b9a3be0ea739723f70d5cd41dfd57894d84bdea
3814,95.35,1.1905,12.7811,False,7,mechanical_001,694e94943eba5ec86f88e0f45b9a3be0ea739723f70d5cd41dfd57894d84bdea
3815,95.375,1.1908,12.7883,False,7,mechanical_001,694e94943eba5ec86f88e0f45b9a3be0ea739723f70d5cd41dfd57894d84bdea
3816,95.4,1.1911,12.7965,False,7,mechanical_001,694e94943eba5ec86f88e0f45b9a3be0ea739723f70d5cd41dfd57894d84bdea
3817,95.425,1.1914,12.8082,False,7,mechanical_001,694e94943eba5ec86f88e0f45b9a3be0ea739723f70d5cd41dfd57894d84bdea
3818,95.45,1.1917,12.8196,False,7,mechanical_001,694e94943eba5ec86f88e0f45b9a3be0ea739723f70d5cd41dfd57894d84bdea
3819,95.475,1.1921,12.834,False,7,mechanical_001,694e94943eba5ec86f88e0f45b9a3be0ea739723f70d5cd41dfd57894d84bdea
3820,95.5,1.1924,12.8395,False,7,mechanical_001,694e94943eba5ec86f88e0f45b9a3be0ea739723f70d5cd41dfd57894d84bdea
3821,95.525,1.1927,12.8395,False,7,mechanical_001,694e94943eba5ec86f88e0f45b9a3be0ea739723f70d5cd41dfd57894d84bdea
3822,95.55,1.193,12.8456,False,7,mechanical_001,694e94943eba5ec86f88e0f45b9a3be0ea739723f70d5cd41dfd57894d84bdea
3823,95.575,1.1933,12.8576,False,7,mechanical_001,694e94943eba5ec86f88e0f45b9a3be0ea739723f70d5cd41dfd57894d84bdea
3824,95.6,1.1936,12.8742,False,7,mechanical_001,694e94943eba5ec86f88e0f45b9a3be0ea739723f70d5cd41dfd57894d84bdea
3825,95.625,1.1939,12.8913,False,7,mechanical_001,694e94943eba5ec86f88e0f45b9a3be0ea739723f70d5cd41dfd57894d84bdea
3826,95.65,1.1942,12.9083,False,7,mechanical_001,694e94943eba5ec86f88e0f45b9a3be0ea739723f70d5cd41dfd57894d84bdea
3827,95.675,1.1946,12.9218,False,7,mechanical_001,694e94943eba5ec86f88e0f45b9a3be0ea739723f70d5cd41dfd57894d84bdea
3828,95.7,1.1949,12.9361,False,7,mechanical_001,694e94943eba5ec86f88e0f45b9a3be0ea739723f70d5cd41dfd57894d84bdea
3829,95.725,1.1952,12.9429,False,7,mechanical_001,694e94943eba5ec86f88e0f45b9a3be0ea739723f70d5cd41dfd57894d84bdea
3830,95.75,1.1955,12.9516,False,7,mechanical_001,694e94943eba5ec86f88e0f45b9a3be0ea739723f70d5cd41dfd57894d84bdea
3831,95.775,1.1958,12.9568,False,7,mechanical_001,694e94943eba5ec86f88e0f45b9a3be0ea739723f70d5cd41dfd57894d84bdea
3832,95.8,1.1961,12.9638,False,7,mechanical_001,694e94943eba5ec86f88e0f45b9a3be0ea739723f70d5cd41dfd57894d84bdea
3833,95.825,1.1964,12.971,False,7,mechanical_001,694e94943eba5ec86f88e0f45b9a3be0ea739723f70d5cd41dfd57894d84bdea
3834,95.85,1.1968,12.9719,False,7,mechanical_001,694e94943eba5ec86f88e0f45b9a3be0ea739723f70d5cd41dfd57894d84bdea
3835,95.875,1.1971,12.971,False,7,mechanical_001,694e94943eba5ec86f88e0f45b9a3be0ea739723f70d5cd41dfd57894d84bdea
3836,95.9,1.1974,12.977,False,7,mechanical_001,694e94943eba5ec86f88e0f45b9a3be0ea739723f70d5cd41dfd57894d84bdea
3837,95.925,1.1977,12.9884,False,7,mechanical_001,694e94943eba5ec86f88e0f45b9a3be0ea739723f70d5cd41dfd57894d84bdea
3838,95.95,1.198,13.0066,False,7,mechanical_001,694e94943eba5ec86f88e0f45b9a3be0ea739723f70d5cd41dfd57894d84bdea
3839,95.975,1.1983,13.0223,False,7,mechanical_001,694e94943eba5ec86f88e0f45b9a3be0ea739723f70d5cd41dfd57894d84bdea
3840,96.0,1.1986,13.0427,False,7,mechanical_001,694e94943eba5ec86f88e0f45b9a3be0ea739723f70d5cd41dfd57894d84bdea
3841,96.025,1.199,13.0658,False,7,mechanical_001,694e94943eba5ec86f88e0f45b9a3be0ea739723f70d5cd41dfd57894d84bdea
3842,96.05,1.1993,13.0878,False,7,mechanical_001,694e94943eba5ec86f88e0f45b9a3be0ea739723f70d5cd41dfd57894d84bdea
3843,96.075,1.1996,13.1042,False,7,mechanical_001,694e94943eba5ec86f88e0f45b9a3be0ea739723f70d5cd41dfd57894d84bdea
3844,96.1,1.2,13.1227,False,7,mechanical_001,694e94943eba5ec86f88e0f45b9a3be0ea739723f70d5cd41dfd57894d84bdea
3845,96.125,1.2003,13.147,False,7,mechanical_001,694e94943eba5ec86f88e0f45b9a3be0ea739723f70d5cd41dfd57894d84bdea
3846,96.15,1.2006,13.1689,False,7,mechanical_001,694e94943eba5ec86f88e0f45b9a3be0ea739723f70d5cd41dfd57894d84bdea
3847,96.175,1.201,13.1853,False,7,mechanical_001,694e94943eba5ec86f88e0f45b9a3be0ea739723f70d5cd41dfd57894d84bdea
3848,96.2,1.2013,13.2032,False,7,mechanical_001,694e94943eba5ec86f88e0f45b9a3be0ea739723f70d5cd41dfd57894d84bdea
3849,96.225,1.2016,13.2192,False,7,mechanical_001,694e94943eba5ec86f88e0f45b9a3be0ea739723f70d5cd41dfd57894d84bdea
3850,96.25,1.202,13.2286,False,7,mechanical_001,694e94943eba5ec86f88e0f45b9a3be0ea739723f70d5cd41dfd57894d84bdea
3851,96.275,1.2023,13.2268,False,7,mechanical_001,694e94943eba5ec86f88e0f45b9a3be0ea739723f70d5cd41dfd57894d84bdea
3852,96.3,1.2026,13.2208,False,7,mechanical_001,694e94943eba5ec86f88e0f45b9a3be0ea739723f70d5cd41dfd57894d84bdea
3853,96.325,1.2029,13.2174,False,7,mechanical_001,694e94943eba5ec86f88e0f45b9a3be0ea739723f70d5cd41dfd57894d84bdea
3854,96.35,1.2032,13.2133,False,7,mechanical_001,694e94943eba5ec86f88e0f45b9a3be0ea739723f70d5cd41dfd57894d84bdea
3855,96.375,1.2035,13.2085,False,7,mechanical_001,694e94943eba5ec86f88e0f45b9a3be0ea739723f70d5cd41dfd57894d84bdea
3856,96.4,1.2038,13.2059,False,7,mechanical_001,694e94943eba5ec86f88e0f45b9a3be0ea739723f70d5cd41dfd57894d84bdea
3857,96.425,1.2041,13.209,False,7,mechanical_001,694e94943eba5ec86f88e0f45b9a3be0ea739723f70d5cd41dfd57894d84bdea
3858,96.45,1.2045,13.2103,False,7,mechanical_001,694e94943eba5ec86f88e0f45b9a3be0ea739723f70d5cd41dfd57894d84bdea
3859,96.475,1.2048,13.2128,False,7,mechanical_001,694e94943eba5ec86f88e0f45b9a3be0ea739723f70d5cd41dfd57894d84bdea
3860,96.5,1.2051,13.2107,False,7,mechanical_001,694e94943eba5ec86f88e0f45b9a3be0ea739723f70d5cd41dfd57894d84bdea
3861,96.525,1.2054,13.2081,False,7,mechanical_001,694e94943eba5ec86f88e0f45b9a3be0ea739723f70d5cd41dfd57894d84bdea
3862,96.55,1.2057,13.2112,False,7,mechanical_001,694e94943eba5ec86f88e0f45b9a3be0ea739723f70d5cd41dfd57894d84bdea
3863,96.575,1.206,13.2183,False,7,mechanical_001,694e94943eba5ec86f88e0f45b9a3be0ea739723f70d5cd41dfd57894d84bdea
3864,96.6,1.2063,13.2257,False,7,mechanical_001,694e94943eba5ec86f88e0f45b9a3be0ea739723f70d5cd41dfd57894d84bdea
3865,96.625,1.2066,13.2256,False,7,mechanical_001,694e94943eba5ec86f88e0f45b9a3be0ea739723f70d5cd41dfd57894d84bdea
3866,96.65,1.2069,13.223,False,7,mechanical_001,694e94943eba5ec86f88e0f45b9a3be0ea739723f70d5cd41dfd57894d84bdea
3867,96.675,1.2072,13.2303,False,7,mechanical_001,694e94943eba5ec86f88e0f45b9a3be0ea739723f70d5cd41dfd57894d84bdea
3868,96.7,1.2076,13.2378,False,7,mechanical_001,694e94943eba5ec86f88e0f45b9a3be0ea739723f70d5cd41dfd57894d84bdea
3869,96.725,1.2079,13.2417,False,7,mechanical_001,694e94943eba5ec86f88e0f45b9a3be0ea739723f70d5cd41dfd57894d84bdea
3870,96.75,1.2082,13.2484,False,7,mechanical_001,694e94943eba5ec86f88e0f45b9a3be0ea739723f70d5cd41dfd57894d84bdea
3871,96.775,1.2085,13.2645,False,7,mechanical_001,694e94943eba5ec86f88e0f45b9a3be0ea739723f70d5cd41dfd57894d84bdea
3872,96.8,1.2088,13.2817,False,7,mechanical_001,694e94943eba5ec86f88e0f45b9a3be0ea739723f70d5cd41dfd57894d84bdea
3873,96.825,1.2091,13.2943,False,7,mechanical_001,694e94943eba5ec86f88e0f45b9a3be0ea739723f70d5cd41dfd57894d84bdea
3874,96.85,1.2094,13.3008,False,7,mechanical_001,694e94943eba5ec86f88e0f45b9a3be0ea739723f70d5cd41dfd57894d84bdea
3875,96.875,1.2097,13.303,False,7,mechanical_001,694e94943eba5ec86f88e0f45b9a3be0ea739723f70d5cd41dfd57894d84bdea
3876,96.9,1.21,13.3063,False,7,mechanical_001,694e94943eba5ec86f88e0f45b9a3be0ea739723f70d5cd41dfd57894d84bdea
3877,96.925,1.2104,13.3108,False,7,mechanical_001,694e94943eba5ec86f88e0f45b9a3be0ea739723f70d5cd41dfd57894d84bdea
3878,96.95,1.2107,13.3141,False,7,mechanical_001,694e94943eba5ec86f88e0f45b9a3be0ea739723f70d5cd41dfd57894d84bdea
3879,96.975,1.211,13.3134,False,7,mechanical_001,694e94943eba5ec86f88e0f45b9a3be0ea739723f70d5cd41dfd57894d84bdea
3880,97.0,1.2113,13.3138,False,7,mechanical_001,694e94943eba5ec86f88e0f45b9a3be0ea739723f70d5cd41dfd57894d84bdea
3881,97.025,1.2116,13.3113,False,7,mechanical_001,694e94943eba5ec86f88e0f45b9a3be0ea739723f70d5cd41dfd57894d84bdea
3882,97.05,1.2119,13.3094,False,7,mechanical_001,694e94943eba5ec86f88e0f45b9a3be0ea739723f70d5cd41dfd57894d84bdea
3883,97.075,1.2122,13.31,False,7,mechanical_001,694e94943eba5ec86f88e0f45b9a3be0ea739723f70d5cd41dfd57894d84bdea
3884,97.1,1.2125,13.3141,False,7,mechanical_001,694e94943eba5ec86f88e0f45b9a3be0ea739723f70d5cd41dfd57894d84bdea
3885,97.125,1.2128,13.3195,False,7,mechanical_001,694e94943eba5ec86f88e0f45b9a3be0ea739723f70d5cd41dfd57894d84bdea
3886,97.15,1.2131,13.3223,False,7,mechanical_001,694e94943eba5ec86f88e0f45b9a3be0ea739723f70d5cd41dfd57894d84bdea
3887,97.175,1.2134,13.3242,False,7,mechanical_001,694e94943eba5ec86f88e0f45b9a3be0ea739723f70d5cd41dfd57894d84bdea
3888,97.2,1.2137,13.3241,False,7,mechanical_001,694e94943eba5ec86f88e0f45b9a3be0ea739723f70d5cd41dfd57894d84bdea
3889,97.225,1.214,13.327,False,7,mechanical_001,694e94943eba5ec86f88e0f45b9a3be0ea739723f70d5cd41dfd57894d84bdea
3890,97.25,1.2143,13.3371,False,7,mechanical_001,694e94943eba5ec86f88e0f45b9a3be0ea739723f70d5cd41dfd57894d84bdea
3891,97.275,1.2146,13.3447,False,7,mechanical_001,694e94943eba5ec86f88e0f45b9a3be0ea739723f70d5cd41dfd57894d84bdea
3892,97.3,1.2149,13.3546,False,7,mechanical_001,694e94943eba5ec86f88e0f45b9a3be0ea739723f70d5cd41dfd57894d84bdea
3893,97.325,1.2152,13.3571,False,7,mechanical_001,694e94943eba5ec86f88e0f45b9a3be0ea739723f70d5cd41dfd57894d84bdea
3894,97.35,1.2155,13.3605,False,7,mechanical_001,694e94943eba5ec86f88e0f45b9a3be0ea739723f70d5cd41dfd57894d84bdea
3895,97.375,1.2158,13.3708,False,7,mechanical_001,694e94943eba5ec86f88e0f45b9a3be0ea739723f70d5cd41dfd57894d84bdea
3896,97.4,1.2161,13.381,False,7,mechanical_001,694e94943eba5ec86f88e0f45b9a3be0ea739723f70d5cd41dfd57894d84bdea
3897,97.425,1.2164,13.3953,False,7,mechanical_001,694e94943eba5ec86f88e0f45b9a3be0ea739723f70d5cd41dfd57894d84bdea
3898,97.45,1.2168,13.4149,False,7,mechanical_001,694e94943eba5ec86f88e0f45b9a3be0ea739723f70d5cd41dfd57894d84bdea
3899,97.475,1.2171,13.4281,False,7,mechanical_001,694e94943eba5ec86f88e0f45b9a3be0ea739723f70d5cd41dfd57894d84bdea
3900,97.5,1.2174,13.428,False,7,mechanical_001,694e94943eba5ec86f88e0f45b9a3be0ea739723f70d5cd41dfd57894d84bdea
3901,97.525,1.2177,13.4271,False,7,mechanical_001,694e94943eba5ec86f88e0f45b9a3be0ea739723f70d5cd41dfd57894d84bdea
3902,97.55,1.218,13.4319,False,7,mechanical_001,694e94943eba5ec86f88e0f45b9a3be0ea739723f70d5cd41dfd57894d84bdea
3903,97.575,1.2183,13.4391,False,7,mechanical_001,694e94943eba5ec86f88e0f45b9a3be0ea739723f70d5cd41dfd57894d84bdea
3904,97.6,1.2186,13.4451,False,7,mechanical_001,694e94943eba5ec86f88e0f45b9a3be0ea739723f70d5cd41dfd57894d84bdea
3905,97.625,1.2189,13.4552,False,7,mechanical_001,694e94943eba5ec86f88e0f45b9a3be0ea739723f70d5cd41dfd57894d84bdea
3906,97.65,1.2193,13.4663,False,7,mechanical_001,694e94943eba5ec86f88e0f45b9a3be0ea739723f70d5cd41dfd57894d84bdea
3907,97.675,1.2196,13.476,False,7,mechanical_001,694e94943eba5ec86f88e0f45b9a3be0ea739723f70d5cd41dfd57894d84bdea
3908,97.7,1.2199,13.4863,False,7,mechanical_001,694e94943eba5ec86f88e0f45b9a3be0ea739723f70d5cd41dfd57894d84bdea
3909,97.725,1.2202,13.5021,False,7,mechanical_001,694e94943eba5ec86f88e0f45b9a3be0ea739723f70d5cd41dfd57894d84bdea
3910,97.75,1.2205,13.521,False,7,mechanical_001,694e94943eba5ec86f88e0f45b9a3be0ea739723f70d5cd41dfd57894d84bdea
3911,97.775,1.2208,13.5405,False,7,mechanical_001,694e94943eba5ec86f88e0f45b9a3be0ea739723f70d5cd41dfd57894d84bdea
3912,97.8,1.2212,13.55,False,7,mechanical_001,694e94943eba5ec86f88e0f45b9a3be0ea739723f70d5cd41dfd57894d84bdea
3913,97.825,1.2215,13.5553,False,7,mechanical_001,694e94943eba5ec86f88e0f45b9a3be0ea739723f70d5cd41dfd57894d84bdea
3914,97.85,1.2218,13.5605,False,7,mechanical_001,694e94943eba5ec86f88e0f45b9a3be0ea739723f70d5cd41dfd57894d84bdea
3915,97.875,1.2221,13.5642,False,7,mechanical_001,694e94943eba5ec86f88e0f45b9a3be0ea739723f70d5cd41dfd57894d84bdea
3916,97.9,1.2224,13.57,False,7,mechanical_001,694e94943eba5ec86f88e0f45b9a3be0ea739723f70d5cd41dfd57894d84bdea
3917,97.925,1.2227,13.5855,False,7,mechanical_001,694e94943eba5ec86f88e0f45b9a3be0ea739723f70d5cd41dfd57894d84bdea
3918,97.95,1.223,13.6046,False,7,mechanical_001,694e94943eba5ec86f88e0f45b9a3be0ea739723f70d5cd41dfd57894d84bdea
3919,97.975,1.2233,13.6201,False,7,mechanical_001,694e94943eba5ec86f88e0f45b9a3be0ea739723f70d5cd41dfd57894d84bdea
3920,98.0,1.2237,13.6303,False,7,mechanical_001,694e94943eba5ec86f88e0f45b9a3be0ea739723f70d5cd41dfd57894d84bdea
3921,98.025,1.224,13.6415,False,7,mechanical_001,694e94943eba5ec86f88e0f45b9a3be0ea739723f70d5cd41dfd57894d84bdea
3922,98.05,1.2243,13.6492,False,7,mechanical_001,694e94943eba5ec86f88e0f45b9a3be0ea739723f70d5cd41dfd57894d84bdea
3923,98.075,1.2246,13.6535,False,7,mechanical_001,694e94943eba5ec86f88e0f45b9a3be0ea739723f70d5cd41dfd57894d84bdea
3924,98.1,1.2249,13.6557,False,7,mechanical_001,694e94943eba5ec86f88e0f45b9a3be0ea739723f70d5cd41dfd57894d84bdea
3925,98.125,1.2252,13.6532,False,7,mechanical_001,694e94943eba5ec86f88e0f45b9a3be0ea739723f70d5cd41dfd57894d84bdea
3926,98.15,1.2255,13.6586,False,7,mechanical_001,694e94943eba5ec86f88e0f45b9a3be0ea739723f70d5cd41dfd57894d84bdea
3927,98.175,1.2258,13.6664,False,7,mechanical_001,694e94943eba5ec86f88e0f45b9a3be0ea739723f70d5cd41dfd57894d84bdea
3928,98.2,1.2262,13.6774,False,7,mechanical_001,694e94943eba5ec86f88e0f45b9a3be0ea739723f70d5cd41dfd57894d84bdea
3929,98.225,1.2265,13.6892,False,7,mechanical_001,694e94943eba5ec86f88e0f45b9a3be0ea739723f70d5cd41dfd57894d84bdea
3930,98.25,1.2268,13.697,False,7,mechanical_001,694e94943eba5ec86f88e0f45b9a3be0ea739723f70d5cd41dfd57894d84bdea
3931,98.275,1.2271,13.6977,False,7,mechanical_001,694e94943eba5ec86f88e0f45b9a3be0ea739723f70d5cd41dfd57894d84bdea
3932,98.3,1.2274,13.6979,False,7,mechanical_001,694e94943eba5ec86f88e0f45b9a3be0ea739723f70d5cd41dfd57894d84bdea
3933,98.325,1.2277,13.6976,False,7,mechanical_001,694e94943eba5ec86f88e0f45b9a3be0ea739723f70d5cd41dfd57894d84bdea
3934,98.35,1.228,13.7024,False,7,mechanical_001,694e94943eba5ec86f88e0f45b9a3be0ea739723f70d5cd41dfd57894d84bdea
3935,98.375,1.2283,13.7154,False,7,mechanical_001,694e94943eba5ec86f88e0f45b9a3be0ea739723f70d5cd41dfd57894d84bdea
3936,98.4,1.2286,13.7335,False,7,mechanical_001,694e94943eba5ec86f88e0f45b9a3be0ea739723f70d5cd41dfd57894d84bdea
3937,98.425,1.2289,13.7495,False,7,mechanical_001,694e94943eba5ec86f88e0f45b9a3be0ea739723f70d5cd41dfd57894d84bdea
3938,98.45,1.2293,13.7616,False,7,mechanical_001,694e94943eba5ec86f88e0f45b9a3be0ea739723f70d5cd41dfd57894d84bdea
3939,98.475,1.2296,13.7836,False,7,mechanical_001,694e94943eba5ec86f88e0f45b9a3be0ea739723f70d5cd41dfd57894d84bdea
3940,98.5,1.2299,13.8043,False,7,mechanical_001,694e94943eba5ec86f88e0f45b9a3be0ea739723f70d5cd41dfd57894d84bdea
3941,98.525,1.2302,13.8223,False,7,mechanical_001,694e94943eba5ec86f88e0f45b9a3be0ea739723f70d5cd41dfd57894d84bdea
3942,98.55,1.2305,13.8364,False,7,mechanical_001,694e94943eba5ec86f88e0f45b9a3be0ea739723f70d5cd41dfd57894d84bdea
3943,98.575,1.2309,13.8456,False,7,mechanical_001,694e94943eba5ec86f88e0f45b9a3be0ea739723f70d5cd41dfd57894d84bdea
3944,98.6,1.2312,13.8544,False,7,mechanical_001,694e94943eba5ec86f88e0f45b9a3be0ea739723f70d5cd41dfd57894d84bdea
3945,98.625,1.2315,13.8585,False,7,mechanical_001,694e94943eba5ec86f88e0f45b9a3be0ea739723f70d5cd41dfd57894d84bdea
3946,98.65,1.2318,13.8705,False,7,mechanical_001,694e94943eba5ec86f88e0f45b9a3be0ea739723f70d5cd41dfd57894d84bdea
3947,98.675,1.2321,13.8887,False,7,mechanical_001,694e94943eba5ec86f88e0f45b9a3be0ea739723f70d5cd41dfd57894d84bdea
3948,98.7,1.2325,13.9085,False,7,mechanical_001,694e94943eba5ec86f88e0f45b9a3be0ea739723f70d5cd41dfd57894d84bdea
3949,98.725,1.2328,13.9263,False,7,mechanical_001,694e94943eba5ec86f88e0f45b9a3be0ea739723f70d5cd41dfd57894d84bdea
3950,98.75,1.2331,13.9441,False,7,mechanical_001,694e94943eba5ec86f88e0f45b9a3be0ea739723f70d5cd41dfd57894d84bdea
3951,98.775,1.2334,13.9638,False,7,mechanical_001,694e94943eba5ec86f88e0f45b9a3be0ea739723f70d5cd41dfd57894d84bdea
3952,98.8,1.2338,13.9862,False,7,mechanical_001,694e94943eba5ec86f88e0f45b9a3be0ea739723f70d5cd41dfd57894d84bdea
3953,98.825,1.2341,14.0076,False,7,mechanical_001,694e94943eba5ec86f88e0f45b9a3be0ea739723f70d5cd41dfd57894d84bdea
3954,98.85,1.2344,14.0271,False,7,mechanical_001,694e94943eba5ec86f88e0f45b9a3be0ea739723f70d5cd41dfd57894d84bdea
3955,98.875,1.2348,14.0407,False,7,mechanical_001,694e94943eba5ec86f88e0f45b9a3be0ea739723f70d5cd41dfd57894d84bdea
3956,98.9,1.2351,14.0469,False,7,mechanical_001,694e94943eba5ec86f88e0f45b9a3be0ea739723f70d5cd41dfd57894d84bdea
3957,98.925,1.2354,14.0437,False,7,mechanical_001,694e94943eba5ec86f88e0f45b9a3be0ea739723f70d5cd41dfd57894d84bdea
3958,98.95,1.2357,14.0378,False,7,mechanical_001,694e94943eba5ec86f88e0f45b9a3be0ea739723f70d5cd41dfd57894d84bdea
3959,98.975,1.236,14.0298,False,7,mechanical_001,694e94943eba5ec86f88e0f45b9a3be0ea739723f70d5cd41dfd57894d84bdea
3960,99.0,1.2363,14.018,False,7,mechanical_001,694e94943eba5ec86f88e0f45b9a3be0ea739723f70d5cd41dfd57894d84bdea
3961,99.025,1.2367,14.0127,False,7,mechanical_001,694e94943eba5ec86f88e0f45b9a3be0ea739723f70d5cd41dfd57894d84bdea
3962,99.05,1.237,14.0154,False,7,mechanical_001,694e94943eba5ec86f88e0f45b9a3be0ea739723f70d5cd41dfd57894d84bdea
3963,99.075,1.2373,14.0223,False,7,mechanical_001,694e94943eba5ec86f88e0f45b9a3be0ea739723f70d5cd41dfd57894d84bdea
3964,99.1,1.2376,14.0313,False,7,mechanical_001,694e94943eba5ec86f88e0f45b9a3be0ea739723f70d5cd41dfd57894d84bdea
3965,99.125,1.2379,14.0406,False,7,mechanical_001,694e94943eba5ec86f88e0f45b9a3be0ea739723f70d5cd41dfd57894d84bdea
3966,99.15,1.2382,14.0475,False,7,mechanical_001,694e94943eba5ec86f88e0f45b9a3be0ea739723f70d5cd41dfd57894d84bdea
3967,99.175,1.2385,14.0505,False,7,mechanical_001,694e94943eba5ec86f88e0f45b9a3be0ea739723f70d5cd41dfd57894d84bdea
3968,99.2,1.2388,14.0513,False,7,mechanical_001,694e94943eba5ec86f88e0f45b9a3be0ea739723f70d5cd41dfd57894d84bdea
3969,99.225,1.2391,14.0535,False,7,mechanical_001,694e94943eba5ec86f88e0f45b9a3be0ea739723f70d5cd41dfd57894d84bdea
3970,99.25,1.2395,14.0578,False,7,mechanical_001,694e94943eba5ec86f88e0f45b9a3be0ea739723f70d5cd41dfd57894d84bdea
3971,99.275,1.2398,14.0678,False,7,mechanical_001,694e94943eba5ec86f88e0f45b9a3be0ea739723f70d5cd41dfd57894d84bdea
3972,99.3,1.2401,14.0763,False,7,mechanical_001,694e94943eba5ec86f88e0f45b9a3be0ea739723f70d5cd41dfd57894d84bdea
3973,99.325,1.2404,14.084,False,7,mechanical_001,694e94943eba5ec86f88e0f45b9a3be0ea739723f70d5cd41dfd57894d84bdea
3974,99.35,1.2407,14.0874,False,7,mechanical_001,694e94943eba5ec86f88e0f45b9a3be0ea739723f70d5cd41dfd57894d84bdea
3975,99.375,1.241,14.0905,False,7,mechanical_001,694e94943eba5ec86f88e0f45b9a3be0ea739723f70d5cd41dfd57894d84bdea
3976,99.4,1.2413,14.0948,False,7,mechanical_001,694e94943eba5ec86f88e0f45b9a3be0ea739723f70d5cd41dfd57894d84bdea
3977,99.425,1.2416,14.0984,False,7,mechanical_001,694e94943eba5ec86f88e0f45b9a3be0ea739723f70d5cd41dfd57894d84bdea
3978,99.45,1.2419,14.1004,False,7,mechanical_001,694e94943eba5ec86f88e0f45b9a3be0ea739723f70d5cd41dfd57894d84bdea
3979,99.475,1.2422,14.1026,False,7,mechanical_001,694e94943eba5ec86f88e0f45b9a3be0ea739723f70d5cd41dfd57894d84bdea
3980,99.5,1.2425,14.1063,False,7,mechanical_001,694e94943eba5ec86f88e0f45b9a3be0ea739723f70d5cd41dfd57894d84bdea
3981,99.525,1.2429,14.1128,False,7,mechanical_001,694e94943eba5ec86f88e0f45b9a3be0ea739723f70d5cd41dfd57894d84bdea
3982,99.55,1.2432,14.119,False,7,mechanical_001,694e94943eba5ec86f88e0f45b9a3be0ea739723f70d5cd41dfd57894d84bdea
3983,99.575,1.2435,14.1305,False,7,mechanical_001,694e94943eba5ec86f88e0f45b9a3be0ea739723f70d5cd41dfd57894d84bdea
3984,99.6,1.2438,14.1391,False,7,mechanical_001,694e94943eba5ec86f88e0f45b9a3be0ea739723f70d5cd41dfd57894d84bdea
3985,99.625,1.2441,14.1419,False,7,mechanical_001,694e94943eba5ec86f88e0f45b9a3be0ea739723f70d5cd41dfd57894d84bdea
3986,99.65,1.2444,14.14,False,7,mechanical_001,694e94943eba5ec86f88e0f45b9a3be0ea739723f70d5cd41dfd57894d84bdea
3987,99.675,1.2447,14.1406,False,7,mechanical_001,694e94943eba5ec86f88e0f45b9a3be0ea739723f70d5cd41dfd57894d84bdea
3988,99.7,1.245,14.1386,False,7,mechanical_001,694e94943eba5ec86f88e0f45b9a3be0ea739723f70d5cd41dfd57894d84bdea
3989,99.725,1.2453,14.135,False,7,mechanical_001,694e94943eba5ec86f88e0f45b9a3be0ea739723f70d5cd41dfd57894d84bdea
3990,99.75,1.2456,14.1267,False,7,mechanical_001,694e94943eba5ec86f88e0f45b9a3be0ea739723f70d5cd41dfd57894d84bdea
3991,99.775,1.2459,14.1192,False,7,mechanical_001,694e94943eba5ec86f88e0f45b9a3be0ea739723f70d5cd41dfd57894d84bdea
3992,99.8,1.2462,14.1086,False,7,mechanical_001,694e94943eba5ec86f88e0f45b9a3be0ea739723f70d5cd41dfd57894d84bdea
3993,99.825,1.2465,14.097,False,7,mechanical_001,694e94943eba5ec86f88e0f45b9a3be0ea739723f70d5cd41dfd57894d84bdea
3994,99.85,1.2468,14.0839,False,7,mechanical_001,694e94943eba5ec86f88e0f45b9a3be0ea739723f70d5cd41dfd57894d84bdea
3995,99.875,1.2471,14.074,False,7,mechanical_001,694e94943eba5ec86f88e0f45b9a3be0ea739723f70d5cd41dfd57894d84bdea
3996,99.9,1.2474,14.0715,False,7,mechanical_001,694e94943eba5ec86f88e0f45b9a3be0ea739723f70d5cd41dfd57894d84bdea
3997,99.925,1.2477,14.0825,False,7,mechanical_001,694e94943eba5ec86f88e0f45b9a3be0ea739723f70d5cd41dfd57894d84bdea
3998,99.95,1.248,14.101,False,7,mechanical_001,694e94943eba5ec86f88e0f45b9a3be0ea739723f70d5cd41dfd57894d84bdea
3999,99.975,1.2483,14.1226,False,7,mechanical_001,694e94943eba5ec86f88e0f45b9a3be0ea739723f70d5cd41dfd57894d84bdea
4000,100.0,1.2486,14.1453,False,7,mechanical_001,694e94943eba5ec86f88e0f45b9a3be0ea739723f70d5cd41dfd57894d84bdea
4001,100.025,1.2489,14.1663,False,7,mechanical_001,694e94943eba5ec86f88e0f45b9a3be0ea739723f70d5cd41dfd57894d84bdea
4002,100.05,1.2492,14.178,False,7,mechanical_001,694e94943eba5ec86f88e0f45b9a3be0ea739723f70d5cd41dfd57894d84bdea
4003,100.075,1.2495,14.1944,False,7,mechanical_001,694e94943eba5ec86f88e0f45b9a3be0ea739723f70d5cd41dfd57894d84bdea
4004,100.1,1.2498,14.2019,False,7,mechanical_001,694e94943eba5ec86f88e0f45b9a3be0ea739723f70d5cd41dfd57894d84bdea
4005,100.125,1.2501,14.2074,False,7,mechanical_001,694e94943eba5ec86f88e0f45b9a3be0ea739723f70d5cd41dfd57894d84bdea
4006,100.15,1.2504,14.2159,False,7,mechanical_001,694e94943eba5ec86f88e0f45b9a3be0ea739723f70d5cd41dfd57894d84bdea
4007,100.175,1.2508,14.2242,False,7,mechanical_001,694e94943eba5ec86f88e0f45b9a3be0ea739723f70d5cd41dfd57894d84bdea
4008,100.2,1.2511,14.2356,False,7,mechanical_001,694e94943eba5ec86f88e0f45b9a3be0ea739723f70d5cd41dfd57894d84bdea
4009,100.225,1.2514,14.2486,False,7,mechanical_001,694e94943eba5ec86f88e0f45b9a3be0ea739723f70d5cd41dfd57894d84bdea
4010,100.25,1.2517,14.2686,False,7,mechanical_001,694e94943eba5ec86f88e0f45b9a3be0ea739723f70d5cd41dfd57894d84bdea
4011,100.275,1.252,14.2934,False,7,mechanical_001,694e94943eba5ec86f88e0f45b9a3be0ea739723f70d5cd41dfd57894d84bdea
4012,100.3,1.2523,14.3132,False,7,mechanical_001,694e94943eba5ec86f88e0f45b9a3be0ea739723f70d5cd41dfd57894d84bdea
4013,100.325,1.2526,14.3286,False,7,mechanical_001,694e94943eba5ec86f88e0f45b9a3be0ea739723f70d5cd41dfd57894d84bdea
4014,100.35,1.253,14.3361,False,7,mechanical_001,694e94943eba5ec86f88e0f45b9a3be0ea739723f70d5cd41dfd57894d84bdea
4015,100.375,1.2533,14.3406,False,7,mechanical_001,694e94943eba5ec86f88e0f45b9a3be0ea739723f70d5cd41dfd57894d84bdea
4016,100.4,1.2536,14.3454,False,7,mechanical_001,694e94943eba5ec86f88e0f45b9a3be0ea739723f70d5cd41dfd57894d84bdea
4017,100.425,1.2539,14.3505,False,7,mechanical_001,694e94943eba5ec86f88e0f45b9a3be0ea739723f70d5cd41dfd57894d84bdea
4018,100.45,1.2542,14.3579,False,7,mechanical_001,694e94943eba5ec86f88e0f45b9a3be0ea739723f70d5cd41dfd57894d84bdea
4019,100.475,1.2545,14.3652,False,7,mechanical_001,694e94943eba5ec86f88e0f45b9a3be0ea739723f70d5cd41dfd57894d84bdea
4020,100.5,1.2548,14.3659,False,7,mechanical_001,694e94943eba5ec86f88e0f45b9a3be0ea739723f70d5cd41dfd57894d84bdea
4021,100.525,1.2551,14.3702,False,7,mechanical_001,694e94943eba5ec86f88e0f45b9a3be0ea739723f70d5cd41dfd57894d84bdea
4022,100.55,1.2554,14.3803,False,7,mechanical_001,694e94943eba5ec86f88e0f45b9a3be0ea739723f70d5cd41dfd57894d84bdea
4023,100.575,1.2557,14.399,False,7,mechanical_001,694e94943eba5ec86f88e0f45b9a3be0ea739723f70d5cd41dfd57894d84bdea
4024,100.6,1.256,14.4136,False,7,mechanical_001,694e94943eba5ec86f88e0f45b9a3be0ea739723f70d5cd41dfd57894d84bdea
4025,100.625,1.2564,14.4281,False,7,mechanical_001,694e94943eba5ec86f88e0f45b9a3be0ea739723f70d5cd41dfd57894d84bdea
4026,100.65,1.2567,14.4453,False,7,mechanical_001,694e94943eba5ec86f88e0f45b9a3be0ea739723f70d5cd41dfd57894d84bdea
4027,100.675,1.257,14.4681,False,7,mechanical_001,694e94943eba5ec86f88e0f45b9a3be0ea739723f70d5cd41dfd57894d84bdea
4028,100.7,1.2573,14.4921,False,7,mechanical_001,694e94943eba5ec86f88e0f45b9a3be0ea739723f70d5cd41dfd57894d84bdea
4029,100.725,1.2577,14.5215,False,7,mechanical_001,694e94943eba5ec86f88e0f45b9a3be0ea739723f70d5cd41dfd57894d84bdea
4030,100.75,1.258,14.5496,False,7,mechanical_001,694e94943eba5ec86f88e0f45b9a3be0ea739723f70d5cd41dfd57894d84bdea
4031,100.775,1.2583,14.5696,False,7,mechanical_001,694e94943eba5ec86f88e0f45b9a3be0ea739723f70d5cd41dfd57894d84bdea
4032,100.8,1.2586,14.5788,False,7,mechanical_001,694e94943eba5ec86f88e0f45b9a3be0ea739723f70d5cd41dfd57894d84bdea
4033,100.825,1.259,14.5781,False,7,mechanical_001,694e94943eba5ec86f88e0f45b9a3be0ea739723f70d5cd41dfd57894d84bdea
4034,100.85,1.2593,14.5674,False,7,mechanical_001,694e94943eba5ec86f88e0f45b9a3be0ea739723f70d5cd41dfd57894d84bdea
4035,100.875,1.2596,14.5635,False,7,mechanical_001,694e94943eba5ec86f88e0f45b9a3be0ea739723f70d5cd41dfd57894d84bdea
4036,100.9,1.2599,14.5617,False,7,mechanical_001,694e94943eba5ec86f88e0f45b9a3be0ea739723f70d5cd41dfd57894d84bdea
4037,100.925,1.2602,14.5644,False,7,mechanical_001,694e94943eba5ec86f88e0f45b9a3be0ea739723f70d5cd41dfd57894d84bdea
4038,100.95,1.2605,14.5714,False,7,mechanical_001,694e94943eba5ec86f88e0f45b9a3be0ea739723f70d5cd41dfd57894d84bdea
4039,100.975,1.2608,14.5893,False,7,mechanical_001,694e94943eba5ec86f88e0f45b9a3be0ea739723f70d5cd41dfd57894d84bdea
4040,101.0,1.2611,14.6097,False,7,mechanical_001,694e94943eba5ec86f88e0f45b9a3be0ea739723f70d5cd41dfd57894d84bdea
4041,101.025,1.2615,14.6287,False,7,mechanical_001,694e94943eba5ec86f88e0f45b9a3be0ea739723f70d5cd41dfd57894d84bdea
4042,101.05,1.2618,14.6432,False,7,mechanical_001,694e94943eba5ec86f88e0f45b9a3be0ea739723f70d5cd41dfd57894d84bdea
4043,101.075,1.2621,14.6506,False,7,mechanical_001,694e94943eba5ec86f88e0f45b9a3be0ea739723f70d5cd41dfd57894d84bdea
4044,101.1,1.2624,14.6548,False,7,mechanical_001,694e94943eba5ec86f88e0f45b9a3be0ea739723f70d5cd41dfd57894d84bdea
4045,101.125,1.2627,14.6613,False,7,mechanical_001,694e94943eba5ec86f88e0f45b9a3be0ea739723f70d5cd41dfd57894d84bdea
4046,101.15,1.263,14.679,False,7,mechanical_001,694e94943eba5ec86f88e0f45b9a3be0ea739723f70d5cd41dfd57894d84bdea
4047,101.175,1.2633,14.6932,False,7,mechanical_001,694e94943eba5ec86f88e0f45b9a3be0ea739723f70d5cd41dfd57894d84bdea
4048,101.2,1.2637,14.7026,False,7,mechanical_001,694e94943eba5ec86f88e0f45b9a3be0ea739723f70d5cd41dfd57894d84bdea
4049,101.225,1.264,14.7082,False,7,mechanical_001,694e94943eba5ec86f88e0f45b9a3be0ea739723f70d5cd41dfd57894d84bdea
4050,101.25,1.2643,14.7126,False,7,mechanical_001,694e94943eba5ec86f88e0f45b9a3be0ea739723f70d5cd41dfd57894d84bdea
4051,101.275,1.2646,14.7231,False,7,mechanical_001,694e94943eba5ec86f88e0f45b9a3be0ea739723f70d5cd41dfd57894d84bdea
4052,101.3,1.2649,14.736,False,7,mechanical_001,694e94943eba5ec86f88e0f45b9a3be0ea739723f70d5cd41dfd57894d84bdea
4053,101.325,1.2652,14.7483,False,7,mechanical_001,694e94943eba5ec86f88e0f45b9a3be0ea739723f70d5cd41dfd57894d84bdea
4054,101.35,1.2655,14.7658,False,7,mechanical_001,694e94943eba5ec86f88e0f45b9a3be0ea739723f70d5cd41dfd57894d84bdea
4055,101.375,1.2659,14.785,False,7,mechanical_001,694e94943eba5ec86f88e0f45b9a3be0ea739723f70d5cd41dfd57894d84bdea
4056,101.4,1.2662,14.797,False,7,mechanical_001,694e94943eba5ec86f88e0f45b9a3be0ea739723f70d5cd41dfd57894d84bdea
4057,101.425,1.2665,14.8057,False,7,mechanical_001,694e94943eba5ec86f88e0f45b9a3be0ea739723f70d5cd41dfd57894d84bdea
4058,101.45,1.2668,14.8152,False,7,mechanical_001,694e94943eba5ec86f88e0f45b9a3be0ea739723f70d5cd41dfd57894d84bdea
4059,101.475,1.2671,14.8267,False,7,mechanical_001,694e94943eba5ec86f88e0f45b9a3be0ea739723f70d5cd41dfd57894d84bdea
4060,101.5,1.2674,14.8327,False,7,mechanical_001,694e94943eba5ec86f88e0f45b9a3be0ea739723f70d5cd41dfd57894d84bdea
4061,101.525,1.2677,14.8364,False,7,mechanical_001,694e94943eba5ec86f88e0f45b9a3be0ea739723f70d5cd41dfd57894d84bdea
4062,101.55,1.2681,14.8434,False,7,mechanical_001,694e94943eba5ec86f88e0f45b9a3be0ea739723f70d5cd41dfd57894d84bdea
4063,101.575,1.2684,14.8571,False,7,mechanical_001,694e94943eba5ec86f88e0f45b9a3be0ea739723f70d5cd41dfd57894d84bdea
4064,101.6,1.2687,14.8679,False,7,mechanical_001,694e94943eba5ec86f88e0f45b9a3be0ea739723f70d5cd41dfd57894d84bdea
4065,101.625,1.269,14.8766,False,7,mechanical_001,694e94943eba5ec86f88e0f45b9a3be0ea739723f70d5cd41dfd57894d84bdea
4066,101.65,1.2693,14.893,False,7,mechanical_001,694e94943eba5ec86f88e0f45b9a3be0ea739723f70d5cd41dfd57894d84bdea
4067,101.675,1.2696,14.9156,False,7,mechanical_001,694e94943eba5ec86f88e0f45b9a3be0ea739723f70d5cd41dfd57894d84bdea
4068,101.7,1.27,14.9377,False,7,mechanical_001,694e94943eba5ec86f88e0f45b9a3be0ea739723f70d5cd41dfd57894d84bdea
4069,101.725,1.2703,14.9578,False,7,mechanical_001,694e94943eba5ec86f88e0f45b9a3be0ea739723f70d5cd41dfd57894d84bdea
4070,101.75,1.2706,14.9776,False,7,mechanical_001,694e94943eba5ec86f88e0f45b9a3be0ea739723f70d5cd41dfd57894d84bdea
4071,101.775,1.2709,14.9954,False,7,mechanical_001,694e94943eba5ec86f88e0f45b9a3be0ea739723f70d5cd41dfd57894d84bdea
4072,101.8,1.2712,15.0046,False,7,mechanical_001,694e94943eba5ec86f88e0f45b9a3be0ea739723f70d5cd41dfd57894d84bdea
4073,101.825,1.2715,15.0102,False,7,mechanical_001,694e94943eba5ec86f88e0f45b9a3be0ea739723f70d5cd41dfd57894d84bdea
4074,101.85,1.2719,15.0149,False,7,mechanical_001,694e94943eba5ec86f88e0f45b9a3be0ea739723f70d5cd41dfd57894d84bdea
4075,101.875,1.2722,15.021,False,7,mechanical_001,694e94943eba5ec86f88e0f45b9a3be0ea739723f70d5cd41dfd57894d84bdea
4076,101.9,1.2725,15.0285,False,7,mechanical_001,694e94943eba5ec86f88e0f45b9a3be0ea739723f70d5cd41dfd57894d84bdea
4077,101.925,1.2728,15.0336,False,7,mechanical_001,694e94943eba5ec86f88e0f45b9a3be0ea739723f70d5cd41dfd57894d84bdea
4078,101.95,1.2731,15.0442,False,7,mechanical_001,694e94943eba5ec86f88e0f45b9a3be0ea739723f70d5cd41dfd57894d84bdea
4079,101.975,1.2734,15.0533,False,7,mechanical_001,694e94943eba5ec86f88e0f45b9a3be0ea739723f70d5cd41dfd57894d84bdea
4080,102.0,1.2737,15.0547,False,7,mechanical_001,694e94943eba5ec86f88e0f45b9a3be0ea739723f70d5cd41dfd57894d84bdea
4081,102.025,1.274,15.0495,False,7,mechanical_001,694e94943eba5ec86f88e0f45b9a3be0ea739723f70d5cd41dfd57894d84bdea
4082,102.05,1.2743,15.0463,False,7,mechanical_001,694e94943eba5ec86f88e0f45b9a3be0ea739723f70d5cd41dfd57894d84bdea
4083,102.075,1.2746,15.0406,False,7,mechanical_001,694e94943eba5ec86f88e0f45b9a3be0ea739723f70d5cd41dfd57894d84bdea
4084,102.1,1.2749,15.0387,False,7,mechanical_001,694e94943eba5ec86f88e0f45b9a3be0ea739723f70d5cd41dfd57894d84bdea
4085,102.125,1.2752,15.0404,False,7,mechanical_001,694e94943eba5ec86f88e0f45b9a3be0ea739723f70d5cd41dfd57894d84bdea
4086,102.15,1.2755,15.0466,False,7,mechanical_001,694e94943eba5ec86f88e0f45b9a3be0ea739723f70d5cd41dfd57894d84bdea
4087,102.175,1.2758,15.0561,False,7,mechanical_001,694e94943eba5ec86f88e0f45b9a3be0ea739723f70d5cd41dfd57894d84bdea
4088,102.2,1.2761,15.0697,False,7,mechanical_001,694e94943eba5ec86f88e0f45b9a3be0ea739723f70d5cd41dfd57894d84bdea
4089,102.225,1.2764,15.0922,False,7,mechanical_001,694e94943eba5ec86f88e0f45b9a3be0ea739723f70d5cd41dfd57894d84bdea
4090,102.25,1.2767,15.1185,False,7,mechanical_001,694e94943eba5ec86f88e0f45b9a3be0ea739723f70d5cd41dfd57894d84bdea
4091,102.275,1.2771,15.1425,False,7,mechanical_001,694e94943eba5ec86f88e0f45b9a3be0ea739723f70d5cd41dfd57894d84bdea
4092,102.3,1.2774,15.1607,False,7,mechanical_001,694e94943eba5ec86f88e0f45b9a3be0ea739723f70d5cd41dfd57894d84bdea
4093,102.325,1.2777,15.1717,False,7,mechanical_001,694e94943eba5ec86f88e0f45b9a3be0ea739723f70d5cd41dfd57894d84bdea
4094,102.35,1.278,15.1763,False,7,mechanical_001,694e94943eba5ec86f88e0f45b9a3be0ea739723f70d5cd41dfd57894d84bdea
4095,102.375,1.2783,15.1788,False,7,mechanical_001,694e94943eba5ec86f88e0f45b9a3be0ea739723f70d5cd41dfd57894d84bdea
4096,102.4,1.2786,15.1826,False,7,mechanical_001,694e94943eba5ec86f88e0f45b9a3be0ea739723f70d5cd41dfd57894d84bdea
4097,102.425,1.2789,15.1866,False,7,mechanical_001,694e94943eba5ec86f88e0f45b9a3be0ea739723f70d5cd41dfd57894d84bdea
4098,102.45,1.2792,15.192,False,7,mechanical_001,694e94943eba5ec86f88e0f45b9a3be0ea739723f70d5cd41dfd57894d84bdea
4099,102.475,1.2795,15.1961,False,7,mechanical_001,694e94943eba5ec86f88e0f45b9a3be0ea739723f70d5cd41dfd57894d84bdea
4100,102.5,1.2798,15.1996,False,7,mechanical_001,694e94943eba5ec86f88e0f45b9a3be0ea739723f70d5cd41dfd57894d84bdea
4101,102.525,1.2801,15.202,False,7,mechanical_001,694e94943eba5ec86f88e0f45b9a3be0ea739723f70d5cd41dfd57894d84bdea
4102,102.55,1.2804,15.2217,False,7,mechanical_001,694e94943eba5ec86f88e0f45b9a3be0ea739723f70d5cd41dfd57894d84bdea
4103,102.575,1.2808,15.2453,False,7,mechanical_001,694e94943eba5ec86f88e0f45b9a3be0ea739723f70d5cd41dfd57894d84bdea
4104,102.6,1.2811,15.2648,False,7,mechanical_001,694e94943eba5ec86f88e0f45b9a3be0ea739723f70d5cd41dfd57894d84bdea
4105,102.625,1.2814,15.2747,False,7,mechanical_001,694e94943eba5ec86f88e0f45b9a3be0ea739723f70d5cd41dfd57894d84bdea
4106,102.65,1.2817,15.2788,False,7,mechanical_001,694e94943eba5ec86f88e0f45b9a3be0ea739723f70d5cd41dfd57894d84bdea
4107,102.675,1.282,15.2839,False,7,mechanical_001,694e94943eba5ec86f88e0f45b9a3be0ea739723f70d5cd41dfd57894d84bdea
4108,102.7,1.2823,15.2958,False,7,mechanical_001,694e94943eba5ec86f88e0f45b9a3be0ea739723f70d5cd41dfd57894d84bdea
4109,102.725,1.2826,15.3141,False,7,mechanical_001,694e94943eba5ec86f88e0f45b9a3be0ea739723f70d5cd41dfd57894d84bdea
4110,102.75,1.2829,15.3229,False,7,mechanical_001,694e94943eba5ec86f88e0f45b9a3be0ea739723f70d5cd41dfd57894d84bdea
4111,102.775,1.2832,15.3219,False,7,mechanical_001,694e94943eba5ec86f88e0f45b9a3be0ea739723f70d5cd41dfd57894d84bdea
4112,102.8,1.2835,15.3203,False,7,mechanical_001,694e94943eba5ec86f88e0f45b9a3be0ea739723f70d5cd41dfd57894d84bdea
4113,102.825,1.2838,15.3225,False,7,mechanical_001,694e94943eba5ec86f88e0f45b9a3be0ea739723f70d5cd41dfd57894d84bdea
4114,102.85,1.2842,15.3264,False,7,mechanical_001,694e94943eba5ec86f88e0f45b9a3be0ea739723f70d5cd41dfd57894d84bdea
4115,102.875,1.2845,15.3334,False,7,mechanical_001,694e94943eba5ec86f88e0f45b9a3be0ea739723f70d5cd41dfd57894d84bdea
4116,102.9,1.2848,15.3626,False,7,mechanical_001,694e94943eba5ec86f88e0f45b9a3be0ea739723f70d5cd41dfd57894d84bdea
4117,102.925,1.2851,15.3887,False,7,mechanical_001,694e94943eba5ec86f88e0f45b9a3be0ea739723f70d5cd41dfd57894d84bdea
4118,102.95,1.2854,15.3937,False,7,mechanical_001,694e94943eba5ec86f88e0f45b9a3be0ea739723f70d5cd41dfd57894d84bdea
4119,102.975,1.2857,15.3962,False,7,mechanical_001,694e94943eba5ec86f88e0f45b9a3be0ea739723f70d5cd41dfd57894d84bdea
4120,103.0,1.286,15.4059,False,7,mechanical_001,694e94943eba5ec86f88e0f45b9a3be0ea739723f70d5cd41dfd57894d84bdea
4121,103.025,1.2864,15.4417,False,7,mechanical_001,694e94943eba5ec86f88e0f45b9a3be0ea739723f70d5cd41dfd57894d84bdea
4122,103.05,1.2867,15.4769,False,7,mechanical_001,694e94943eba5ec86f88e0f45b9a3be0ea739723f70d5cd41dfd57894d84bdea
4123,103.075,1.287,15.5045,False,7,mechanical_001,694e94943eba5ec86f88e0f45b9a3be0ea739723f70d5cd41dfd57894d84bdea
4124,103.1,1.2873,15.5248,False,7,mechanical_001,694e94943eba5ec86f88e0f45b9a3be0ea739723f70d5cd41dfd57894d84bdea
4125,103.125,1.2877,15.5533,False,7,mechanical_001,694e94943eba5ec86f88e0f45b9a3be0ea739723f70d5cd41dfd57894d84bdea
4126,103.15,1.288,15.5836,False,7,mechanical_001,694e94943eba5ec86f88e0f45b9a3be0ea739723f70d5cd41dfd57894d84bdea
4127,103.175,1.2883,15.6005,False,7,mechanical_001,694e94943eba5ec86f88e0f45b9a3be0ea739723f70d5cd41dfd57894d84bdea
4128,103.2,1.2886,15.6076,False,7,mechanical_001,694e94943eba5ec86f88e0f45b9a3be0ea739723f70d5cd41dfd57894d84bdea
4129,103.225,1.2889,15.611,False,7,mechanical_001,694e94943eba5ec86f88e0f45b9a3be0ea739723f70d5cd41dfd57894d84bdea
4130,103.25,1.2892,15.6067,False,7,mechanical_001,694e94943eba5ec86f88e0f45b9a3be0ea739723f70d5cd41dfd57894d84bdea
4131,103.275,1.2896,15.6084,False,7,mechanical_001,694e94943eba5ec86f88e0f45b9a3be0ea739723f70d5cd41dfd57894d84bdea
4132,103.3,1.2899,15.6184,False,7,mechanical_001,694e94943eba5ec86f88e0f45b9a3be0ea739723f70d5cd41dfd57894d84bdea
4133,103.325,1.2902,15.6288,False,7,mechanical_001,694e94943eba5ec86f88e0f45b9a3be0ea739723f70d5cd41dfd57894d84bdea
4134,103.35,1.2905,15.6411,False,7,mechanical_001,694e94943eba5ec86f88e0f45b9a3be0ea739723f70d5cd41dfd57894d84bdea
4135,103.375,1.2908,15.6518,False,7,mechanical_001,694e94943eba5ec86f88e0f45b9a3be0ea739723f70d5cd41dfd57894d84bdea
4136,103.4,1.2911,15.6535,False,7,mechanical_001,694e94943eba5ec86f88e0f45b9a3be0ea739723f70d5cd41dfd57894d84bdea
4137,103.425,1.2914,15.6583,False,7,mechanical_001,694e94943eba5ec86f88e0f45b9a3be0ea739723f70d5cd41dfd57894d84bdea
4138,103.45,1.2917,15.6689,False,7,mechanical_001,694e94943eba5ec86f88e0f45b9a3be0ea739723f70d5cd41dfd57894d84bdea
4139,103.475,1.292,15.6832,False,7,mechanical_001,694e94943eba5ec86f88e0f45b9a3be0ea739723f70d5cd41dfd57894d84bdea
4140,103.5,1.2924,15.7027,False,7,mechanical_001,694e94943eba5ec86f88e0f45b9a3be0ea739723f70d5cd41dfd57894d84bdea
4141,103.525,1.2927,15.7265,False,7,mechanical_001,694e94943eba5ec86f88e0f45b9a3be0ea739723f70d5cd41dfd57894d84bdea
4142,103.55,1.293,15.7526,False,7,mechanical_001,694e94943eba5ec86f88e0f45b9a3be0ea739723f70d5cd41dfd57894d84bdea
4143,103.575,1.2933,15.7741,False,7,mechanical_001,694e94943eba5ec86f88e0f45b9a3be0ea739723f70d5cd41dfd57894d84bdea
4144,103.6,1.2937,15.7868,False,7,mechanical_001,694e94943eba5ec86f88e0f45b9a3be0ea739723f70d5cd41dfd57894d84bdea
4145,103.625,1.294,15.7961,False,7,mechanical_001,694e94943eba5ec86f88e0f45b9a3be0ea739723f70d5cd41dfd57894d84bdea
4146,103.65,1.2943,15.8119,False,7,mechanical_001,694e94943eba5ec86f88e0f45b9a3be0ea739723f70d5cd41dfd57894d84bdea
4147,103.675,1.2946,15.835,False,7,mechanical_001,694e94943eba5ec86f88e0f45b9a3be0ea739723f70d5cd41dfd57894d84bdea
4148,103.7,1.2949,15.8614,False,7,mechanical_001,694e94943eba5ec86f88e0f45b9a3be0ea739723f70d5cd41dfd57894d84bdea
4149,103.725,1.2953,15.8808,False,7,mechanical_001,694e94943eba5ec86f88e0f45b9a3be0ea739723f70d5cd41dfd57894d84bdea
4150,103.75,1.2956,15.9001,False,7,mechanical_001,694e94943eba5ec86f88e0f45b9a3be0ea739723f70d5cd41dfd57894d84bdea
4151,103.775,1.2959,15.9251,False,7,mechanical_001,694e94943eba5ec86f88e0f45b9a3be0ea739723f70d5cd41dfd57894d84bdea
4152,103.8,1.2962,15.9544,False,7,mechanical_001,694e94943eba5ec86f88e0f45b9a3be0ea739723f70d5cd41dfd57894d84bdea
4153,103.825,1.2966,15.994,False,7,mechanical_001,694e94943eba5ec86f88e0f45b9a3be0ea739723f70d5cd41dfd57894d84bdea
4154,103.85,1.2969,16.0422,False,7,mechanical_001,694e94943eba5ec86f88e0f45b9a3be0ea739723f70d5cd41dfd57894d84bdea
4155,103.875,1.2973,16.0918,False,7,mechanical_001,694e94943eba5ec86f88e0f45b9a3be0ea739723f70d5cd41dfd57894d84bdea
4156,103.9,1.2976,16.1275,False,7,mechanical_001,694e94943eba5ec86f88e0f45b9a3be0ea739723f70d5cd41dfd57894d84bdea
4157,103.925,1.2979,16.1389,False,7,mechanical_001,694e94943eba5ec86f88e0f45b9a3be0ea739723f70d5cd41dfd57894d84bdea
4158,103.95,1.2982,16.1336,False,7,mechanical_001,694e94943eba5ec86f88e0f45b9a3be0ea739723f70d5cd41dfd57894d84bdea
4159,103.975,1.2986,16.1208,False,7,mechanical_001,694e94943eba5ec86f88e0f45b9a3be0ea739723f70d5cd41dfd57894d84bdea
4160,104.0,1.2989,16.1085,False,7,mechanical_001,694e94943eba5ec86f88e0f45b9a3be0ea739723f70d5cd41dfd57894d84bdea
4161,104.025,1.2992,16.099,False,7,mechanical_001,694e94943eba5ec86f88e0f45b9a3be0ea739723f70d5cd41dfd57894d84bdea
4162,104.05,1.2995,16.0944,False,7,mechanical_001,694e94943eba5ec86f88e0f45b9a3be0ea739723f70d5cd41dfd57894d84bdea
4163,104.075,1.2998,16.0964,False,7,mechanical_001,694e94943eba5ec86f88e0f45b9a3be0ea739723f70d5cd41dfd57894d84bdea
4164,104.1,1.3001,16.1029,False,7,mechanical_001,694e94943eba5ec86f88e0f45b9a3be0ea739723f70d5cd41dfd57894d84bdea
4165,104.125,1.3004,16.1134,False,7,mechanical_001,694e94943eba5ec86f88e0f45b9a3be0ea739723f70d5cd41dfd57894d84bdea
4166,104.15,1.3007,16.1273,False,7,mechanical_001,694e94943eba5ec86f88e0f45b9a3be0ea739723f70d5cd41dfd57894d84bdea
4167,104.175,1.301,16.1475,False,7,mechanical_001,694e94943eba5ec86f88e0f45b9a3be0ea739723f70d5cd41dfd57894d84bdea
4168,104.2,1.3014,16.1773,False,7,mechanical_001,694e94943eba5ec86f88e0f45b9a3be0ea739723f70d5cd41dfd57894d84bdea
4169,104.225,1.3017,16.21,False,7,mechanical_001,694e94943eba5ec86f88e0f45b9a3be0ea739723f70d5cd41dfd57894d84bdea
4170,104.25,1.302,16.2427,False,7,mechanical_001,694e94943eba5ec86f88e0f45b9a3be0ea739723f70d5cd41dfd57894d84bdea
4171,104.275,1.3024,16.2692,False,7,mechanical_001,694e94943eba5ec86f88e0f45b9a3be0ea739723f70d5cd41dfd57894d84bdea
4172,104.3,1.3027,16.2934,False,7,mechanical_001,694e94943eba5ec86f88e0f45b9a3be0ea739723f70d5cd41dfd57894d84bdea
4173,104.325,1.303,16.3157,False,7,mechanical_001,694e94943eba5ec86f88e0f45b9a3be0ea739723f70d5cd41dfd57894d84bdea
4174,104.35,1.3033,16.327,False,7,mechanical_001,694e94943eba5ec86f88e0f45b9a3be0ea739723f70d5cd41dfd57894d84bdea
4175,104.375,1.3036,16.3362,False,7,mechanical_001,694e94943eba5ec86f88e0f45b9a3be0ea739723f70d5cd41dfd57894d84bdea
4176,104.4,1.304,16.341,False,7,mechanical_001,694e94943eba5ec86f88e0f45b9a3be0ea739723f70d5cd41dfd57894d84bdea
4177,104.425,1.3043,16.3446,False,7,mechanical_001,694e94943eba5ec86f88e0f45b9a3be0ea739723f70d5cd41dfd57894d84bdea
4178,104.45,1.3046,16.3451,False,7,mechanical_001,694e94943eba5ec86f88e0f45b9a3be0ea739723f70d5cd41dfd57894d84bdea
4179,104.475,1.3049,16.3449,False,7,mechanical_001,694e94943eba5ec86f88e0f45b9a3be0ea739723f70d5cd41dfd57894d84bdea
4180,104.5,1.3052,16.3467,False,7,mechanical_001,694e94943eba5ec86f88e0f45b9a3be0ea739723f70d5cd41dfd57894d84bdea
4181,104.525,1.3055,16.3452,False,7,mechanical_001,694e94943eba5ec86f88e0f45b9a3be0ea739723f70d5cd41dfd57894d84bdea
4182,104.55,1.3058,16.3489,False,7,mechanical_001,694e94943eba5ec86f88e0f45b9a3be0ea739723f70d5cd41dfd57894d84bdea
4183,104.575,1.3061,16.3662,False,7,mechanical_001,694e94943eba5ec86f88e0f45b9a3be0ea739723f70d5cd41dfd57894d84bdea
4184,104.6,1.3064,16.391,False,7,mechanical_001,694e94943eba5ec86f88e0f45b9a3be0ea739723f70d5cd41dfd57894d84bdea
4185,104.625,1.3067,16.4129,False,7,mechanical_001,694e94943eba5ec86f88e0f45b9a3be0ea739723f70d5cd41dfd57894d84bdea
4186,104.65,1.307,16.4325,False,7,mechanical_001,694e94943eba5ec86f88e0f45b9a3be0ea739723f70d5cd41dfd57894d84bdea
4187,104.675,1.3074,16.4513,False,7,mechanical_001,694e94943eba5ec86f88e0f45b9a3be0ea739723f70d5cd41dfd57894d84bdea
4188,104.7,1.3077,16.4595,False,7,mechanical_001,694e94943eba5ec86f88e0f45b9a3be0ea739723f70d5cd41dfd57894d84bdea
4189,104.725,1.308,16.4617,False,7,mechanical_001,694e94943eba5ec86f88e0f45b9a3be0ea739723f70d5cd41dfd57894d84bdea
4190,104.75,1.3083,16.4579,False,7,mechanical_001,694e94943eba5ec86f88e0f45b9a3be0ea739723f70d5cd41dfd57894d84bdea
4191,104.775,1.3086,16.4538,False,7,mechanical_001,694e94943eba5ec86f88e0f45b9a3be0ea739723f70d5cd41dfd57894d84bdea
4192,104.8,1.3089,16.4559,False,7,mechanical_001,694e94943eba5ec86f88e0f45b9a3be0ea739723f70d5cd41dfd57894d84bdea
4193,104.825,1.3092,16.4624,False,7,mechanical_001,694e94943eba5ec86f88e0f45b9a3be0ea739723f70d5cd41dfd57894d84bdea
4194,104.85,1.3095,16.4656,False,7,mechanical_001,694e94943eba5ec86f88e0f45b9a3be0ea739723f70d5cd41dfd57894d84bdea
4195,104.875,1.3098,16.4655,False,7,mechanical_001,694e94943eba5ec86f88e0f45b9a3be0ea739723f70d5cd41dfd57894d84bdea
4196,104.9,1.3101,16.4705,False,7,mechanical_001,694e94943eba5ec86f88e0f45b9a3be0ea739723f70d5cd41dfd57894d84bdea
4197,104.925,1.3104,16.4822,False,7,mechanical_001,694e94943eba5ec86f88e0f45b9a3be0ea739723f70d5cd41dfd57894d84bdea
4198,104.95,1.3107,16.5113,False,7,mechanical_001,694e94943eba5ec86f88e0f45b9a3be0ea739723f70d5cd41dfd57894d84bdea
4199,104.975,1.311,16.5487,False,7,mechanical_001,694e94943eba5ec86f88e0f45b9a3be0ea739723f70d5cd41dfd57894d84bdea
4200,105.0,1.3113,16.5839,False,7,mechanical_001,694e94943eba5ec86f88e0f45b9a3be0ea739723f70d5cd41dfd57894d84bdea
4201,105.025,1.3116,16.6106,False,7,mechanical_001,694e94943eba5ec86f88e0f45b9a3be0ea739723f70d5cd41dfd57894d84bdea
4202,105.05,1.312,16.6295,False,7,mechanical_001,694e94943eba5ec86f88e0f45b9a3be0ea739723f70d5cd41dfd57894d84bdea
4203,105.075,1.3123,16.641,False,7,mechanical_001,694e94943eba5ec86f88e0f45b9a3be0ea739723f70d5cd41dfd57894d84bdea
4204,105.1,1.3126,16.6532,False,7,mechanical_001,694e94943eba5ec86f88e0f45b9a3be0ea739723f70d5cd41dfd57894d84bdea
4205,105.125,1.3129,16.6702,False,7,mechanical_001,694e94943eba5ec86f88e0f45b9a3be0ea739723f70d5cd41dfd57894d84bdea
4206,105.15,1.3132,16.687,False,7,mechanical_001,694e94943eba5ec86f88e0f45b9a3be0ea739723f70d5cd41dfd57894d84bdea
4207,105.175,1.3135,16.7047,False,7,mechanical_001,694e94943eba5ec86f88e0f45b9a3be0ea739723f70d5cd41dfd57894d84bdea
4208,105.2,1.3138,16.7219,False,7,mechanical_001,694e94943eba5ec86f88e0f45b9a3be0ea739723f70d5cd41dfd57894d84bdea
4209,105.225,1.3141,16.7339,False,7,mechanical_001,694e94943eba5ec86f88e0f45b9a3be0ea739723f70d5cd41dfd57894d84bdea
4210,105.25,1.3144,16.7451,False,7,mechanical_001,694e94943eba5ec86f88e0f45b9a3be0ea739723f70d5cd41dfd57894d84bdea
4211,105.275,1.3147,16.7623,False,7,mechanical_001,694e94943eba5ec86f88e0f45b9a3be0ea739723f70d5cd41dfd57894d84bdea
4212,105.3,1.315,16.7875,False,7,mechanical_001,694e94943eba5ec86f88e0f45b9a3be0ea739723f70d5cd41dfd57894d84bdea
4213,105.325,1.3153,16.8073,False,7,mechanical_001,694e94943eba5ec86f88e0f45b9a3be0ea739723f70d5cd41dfd57894d84bdea
4214,105.35,1.3157,16.8252,False,7,mechanical_001,694e94943eba5ec86f88e0f45b9a3be0ea739723f70d5cd41dfd57894d84bdea
4215,105.375,1.316,16.8473,False,7,mechanical_001,694e94943eba5ec86f88e0f45b9a3be0ea739723f70d5cd41dfd57894d84bdea
4216,105.4,1.3163,16.8738,False,7,mechanical_001,694e94943eba5ec86f88e0f45b9a3be0ea739723f70d5cd41dfd57894d84bdea
4217,105.425,1.3166,16.903,False,7,mechanical_001,694e94943eba5ec86f88e0f45b9a3be0ea739723f70d5cd41dfd57894d84bdea
4218,105.45,1.3169,16.9207,False,7,mechanical_001,694e94943eba5ec86f88e0f45b9a3be0ea739723f70d5cd41dfd57894d84bdea
4219,105.475,1.3172,16.9408,False,7,mechanical_001,694e94943eba5ec86f88e0f45b9a3be0ea739723f70d5cd41dfd57894d84bdea
4220,105.5,1.3176,16.9592,False,7,mechanical_001,694e94943eba5ec86f88e0f45b9a3be0ea739723f70d5cd41dfd57894d84bdea
4221,105.525,1.3179,16.9644,False,7,mechanical_001,694e94943eba5ec86f88e0f45b9a3be0ea739723f70d5cd41dfd57894d84bdea
4222,105.55,1.3182,16.9608,False,7,mechanical_001,694e94943eba5ec86f88e0f45b9a3be0ea739723f70d5cd41dfd57894d84bdea
4223,105.575,1.3185,16.9557,False,7,mechanical_001,694e94943eba5ec86f88e0f45b9a3be0ea739723f70d5cd41dfd57894d84bdea
4224,105.6,1.3187,16.9502,False,7,mechanical_001,694e94943eba5ec86f88e0f45b9a3be0ea739723f70d5cd41dfd57894d84bdea
4225,105.625,1.319,16.9401,False,7,mechanical_001,694e94943eba5ec86f88e0f45b9a3be0ea739723f70d5cd41dfd57894d84bdea
4226,105.65,1.3193,16.9274,False,7,mechanical_001,694e94943eba5ec86f88e0f45b9a3be0ea739723f70d5cd41dfd57894d84bdea
4227,105.675,1.3196,16.9142,False,7,mechanical_001,694e94943eba5ec86f88e0f45b9a3be0ea739723f70d5cd41dfd57894d84bdea
4228,105.7,1.3199,16.9025,False,7,mechanical_001,694e94943eba5ec86f88e0f45b9a3be0ea739723f70d5cd41dfd57894d84bdea
4229,105.725,1.3202,16.9037,False,7,mechanical_001,694e94943eba5ec86f88e0f45b9a3be0ea739723f70d5cd41dfd57894d84bdea
4230,105.75,1.3205,16.9255,False,7,mechanical_001,694e94943eba5ec86f88e0f45b9a3be0ea739723f70d5cd41dfd57894d84bdea
4231,105.775,1.3208,16.9602,False,7,mechanical_001,694e94943eba5ec86f88e0f45b9a3be0ea739723f70d5cd41dfd57894d84bdea
4232,105.8,1.3211,17.0007,False,7,mechanical_001,694e94943eba5ec86f88e0f45b9a3be0ea739723f70d5cd41dfd57894d84bdea
4233,105.825,1.3214,17.0444,False,7,mechanical_001,694e94943eba5ec86f88e0f45b9a3be0ea739723f70d5cd41dfd57894d84bdea
4234,105.85,1.3217,17.0867,False,7,mechanical_001,694e94943eba5ec86f88e0f45b9a3be0ea739723f70d5cd41dfd57894d84bdea
4235,105.875,1.3221,17.1204,False,7,mechanical_001,694e94943eba5ec86f88e0f45b9a3be0ea739723f70d5cd41dfd57894d84bdea
4236,105.9,1.3224,17.1429,False,7,mechanical_001,694e94943eba5ec86f88e0f45b9a3be0ea739723f70d5cd41dfd57894d84bdea
4237,105.925,1.3227,17.166,False,7,mechanical_001,694e94943eba5ec86f88e0f45b9a3be0ea739723f70d5cd41dfd57894d84bdea
4238,105.95,1.323,17.1915,False,7,mechanical_001,694e94943eba5ec86f88e0f45b9a3be0ea739723f70d5cd41dfd57894d84bdea
4239,105.975,1.3233,17.2058,False,7,mechanical_001,694e94943eba5ec86f88e0f45b9a3be0ea739723f70d5cd41dfd57894d84bdea
4240,106.0,1.3236,17.211,False,7,mechanical_001,694e94943eba5ec86f88e0f45b9a3be0ea739723f70d5cd41dfd57894d84bdea
4241,106.025,1.3239,17.2062,False,7,mechanical_001,694e94943eba5ec86f88e0f45b9a3be0ea739723f70d5cd41dfd57894d84bdea
4242,106.05,1.3242,17.2027,False,7,mechanical_001,694e94943eba5ec86f88e0f45b9a3be0ea739723f70d5cd41dfd57894d84bdea
4243,106.075,1.3245,17.2099,False,7,mechanical_001,694e94943eba5ec86f88e0f45b9a3be0ea739723f70d5cd41dfd57894d84bdea
4244,106.1,1.3248,17.2214,False,7,mechanical_001,694e94943eba5ec86f88e0f45b9a3be0ea739723f70d5cd41dfd57894d84bdea
4245,106.125,1.3252,17.2368,False,7,mechanical_001,694e94943eba5ec86f88e0f45b9a3be0ea739723f70d5cd41dfd57894d84bdea
4246,106.15,1.3255,17.253,False,7,mechanical_001,694e94943eba5ec86f88e0f45b9a3be0ea739723f70d5cd41dfd57894d84bdea
4247,106.175,1.3258,17.2778,False,7,mechanical_001,694e94943eba5ec86f88e0f45b9a3be0ea739723f70d5cd41dfd57894d84bdea
4248,106.2,1.3261,17.3098,False,7,mechanical_001,694e94943eba5ec86f88e0f45b9a3be0ea739723f70d5cd41dfd57894d84bdea
4249,106.225,1.3264,17.3459,False,7,mechanical_001,694e94943eba5ec86f88e0f45b9a3be0ea739723f70d5cd41dfd57894d84bdea
4250,106.25,1.3268,17.3853,False,7,mechanical_001,694e94943eba5ec86f88e0f45b9a3be0ea739723f70d5cd41dfd57894d84bdea
4251,106.275,1.3271,17.4132,False,7,mechanical_001,694e94943eba5ec86f88e0f45b9a3be0ea739723f70d5cd41dfd57894d84bdea
4252,106.3,1.3274,17.4312,False,7,mechanical_001,694e94943eba5ec86f88e0f45b9a3be0ea739723f70d5cd41dfd57894d84bdea
4253,106.325,1.3277,17.4388,False,7,mechanical_001,694e94943eba5ec86f88e0f45b9a3be0ea739723f70d5cd41dfd57894d84bdea
4254,106.35,1.328,17.4432,False,7,mechanical_001,694e94943eba5ec86f88e0f45b9a3be0ea739723f70d5cd41dfd57894d84bdea
4255,106.375,1.3283,17.4432,False,7,mechanical_001,694e94943eba5ec86f88e0f45b9a3be0ea739723f70d5cd41dfd57894d84bdea
4256,106.4,1.3287,17.4365,False,7,mechanical_001,694e94943eba5ec86f88e0f45b9a3be0ea739723f70d5cd41dfd57894d84bdea
4257,106.425,1.329,17.4335,False,7,mechanical_001,694e94943eba5ec86f88e0f45b9a3be0ea739723f70d5cd41dfd57894d84bdea
4258,106.45,1.3293,17.4391,False,7,mechanical_001,694e94943eba5ec86f88e0f45b9a3be0ea739723f70d5cd41dfd57894d84bdea
4259,106.475,1.3296,17.4503,False,7,mechanical_001,694e94943eba5ec86f88e0f45b9a3be0ea739723f70d5cd41dfd57894d84bdea
4260,106.5,1.3299,17.4636,False,7,mechanical_001,694e94943eba5ec86f88e0f45b9a3be0ea739723f70d5cd41dfd57894d84bdea
4261,106.525,1.3302,17.4765,False,7,mechanical_001,694e94943eba5ec86f88e0f45b9a3be0ea739723f70d5cd41dfd57894d84bdea
4262,106.55,1.3305,17.4894,False,7,mechanical_001,694e94943eba5ec86f88e0f45b9a3be0ea739723f70d5cd41dfd57894d84bdea
4263,106.575,1.3308,17.4984,False,7,mechanical_001,694e94943eba5ec86f88e0f45b9a3be0ea739723f70d5cd41dfd57894d84bdea
4264,106.6,1.3311,17.5156,False,7,mechanical_001,694e94943eba5ec86f88e0f45b9a3be0ea739723f70d5cd41dfd57894d84bdea
4265,106.625,1.3315,17.5318,False,7,mechanical_001,694e94943eba5ec86f88e0f45b9a3be0ea739723f70d5cd41dfd57894d84bdea
4266,106.65,1.3318,17.5419,False,7,mechanical_001,694e94943eba5ec86f88e0f45b9a3be0ea739723f70d5cd41dfd57894d84bdea
4267,106.675,1.3321,17.5552,False,7,mechanical_001,694e94943eba5ec86f88e0f45b9a3be0ea739723f70d5cd41dfd57894d84bdea
4268,106.7,1.3324,17.5641,False,7,mechanical_001,694e94943eba5ec86f88e0f45b9a3be0ea739723f70d5cd41dfd57894d84bdea
4269,106.725,1.3327,17.5675,False,7,mechanical_001,694e94943eba5ec86f88e0f45b9a3be0ea739723f70d5cd41dfd57894d84bdea
4270,106.75,1.333,17.5765,False,7,mechanical_001,694e94943eba5ec86f88e0f45b9a3be0ea739723f70d5cd41dfd57894d84bdea
4271,106.775,1.3333,17.5867,False,7,mechanical_001,694e94943eba5ec86f88e0f45b9a3be0ea739723f70d5cd41dfd57894d84bdea
4272,106.8,1.3336,17.5977,False,7,mechanical_001,694e94943eba5ec86f88e0f45b9a3be0ea739723f70d5cd41dfd57894d84bdea
4273,106.825,1.334,17.6096,False,7,mechanical_001,694e94943eba5ec86f88e0f45b9a3be0ea739723f70d5cd41dfd57894d84bdea
4274,106.85,1.3343,17.6158,False,7,mechanical_001,694e94943eba5ec86f88e0f45b9a3be0ea739723f70d5cd41dfd57894d84bdea
4275,106.875,1.3346,17.622,False,7,mechanical_001,694e94943eba5ec86f88e0f45b9a3be0ea739723f70d5cd41dfd57894d84bdea
4276,106.9,1.3349,17.6275,False,7,mechanical_001,694e94943eba5ec86f88e0f45b9a3be0ea739723f70d5cd41dfd57894d84bdea
4277,106.925,1.3352,17.6313,False,7,mechanical_001,694e94943eba5ec86f88e0f45b9a3be0ea739723f70d5cd41dfd57894d84bdea
4278,106.95,1.3355,17.632,False,7,mechanical_001,694e94943eba5ec86f88e0f45b9a3be0ea739723f70d5cd41dfd57894d84bdea
4279,106.975,1.3358,17.6322,False,7,mechanical_001,694e94943eba5ec86f88e0f45b9a3be0ea739723f70d5cd41dfd57894d84bdea
4280,107.0,1.3361,17.6359,False,7,mechanical_001,694e94943eba5ec86f88e0f45b9a3be0ea739723f70d5cd41dfd57894d84bdea
4281,107.025,1.3364,17.6422,False,7,mechanical_001,694e94943eba5ec86f88e0f45b9a3be0ea739723f70d5cd41dfd57894d84bdea
4282,107.05,1.3368,17.655,False,7,mechanical_001,694e94943eba5ec86f88e0f45b9a3be0ea739723f70d5cd41dfd57894d84bdea
4283,107.075,1.3371,17.6662,False,7,mechanical_001,694e94943eba5ec86f88e0f45b9a3be0ea739723f70d5cd41dfd57894d84bdea
4284,107.1,1.3374,17.6785,False,7,mechanical_001,694e94943eba5ec86f88e0f45b9a3be0ea739723f70d5cd41dfd57894d84bdea
4285,107.125,1.3377,17.6841,False,7,mechanical_001,694e94943eba5ec86f88e0f45b9a3be0ea739723f70d5cd41dfd57894d84bdea
4286,107.15,1.338,17.6871,False,7,mechanical_001,694e94943eba5ec86f88e0f45b9a3be0ea739723f70d5cd41dfd57894d84bdea
4287,107.175,1.3384,17.6922,False,7,mechanical_001,694e94943eba5ec86f88e0f45b9a3be0ea739723f70d5cd41dfd57894d84bdea
4288,107.2,1.3387,17.7018,False,7,mechanical_001,694e94943eba5ec86f88e0f45b9a3be0ea739723f70d5cd41dfd57894d84bdea
4289,107.225,1.339,17.6987,False,7,mechanical_001,694e94943eba5ec86f88e0f45b9a3be0ea739723f70d5cd41dfd57894d84bdea
4290,107.25,1.3393,17.6903,False,7,mechanical_001,694e94943eba5ec86f88e0f45b9a3be0ea739723f70d5cd41dfd57894d84bdea
4291,107.275,1.3396,17.6763,False,7,mechanical_001,694e94943eba5ec86f88e0f45b9a3be0ea739723f70d5cd41dfd57894d84bdea
4292,107.3,1.3399,17.6584,False,7,mechanical_001,694e94943eba5ec86f88e0f45b9a3be0ea739723f70d5cd41dfd57894d84bdea
4293,107.325,1.3402,17.6408,False,7,mechanical_001,694e94943eba5ec86f88e0f45b9a3be0ea739723f70d5cd41dfd57894d84bdea
4294,107.35,1.3405,17.6276,False,7,mechanical_001,694e94943eba5ec86f88e0f45b9a3be0ea739723f70d5cd41dfd57894d84bdea
4295,107.375,1.3408,17.6233,False,7,mechanical_001,694e94943eba5ec86f88e0f45b9a3be0ea739723f70d5cd41dfd57894d84bdea
4296,107.4,1.3411,17.6303,False,7,mechanical_001,694e94943eba5ec86f88e0f45b9a3be0ea739723f70d5cd41dfd57894d84bdea
4297,107.425,1.3414,17.64,False,7,mechanical_001,694e94943eba5ec86f88e0f45b9a3be0ea739723f70d5cd41dfd57894d84bdea
4298,107.45,1.3417,17.659,False,7,mechanical_001,694e94943eba5ec86f88e0f45b9a3be0ea739723f70d5cd41dfd57894d84bdea
4299,107.475,1.3421,17.6766,False,7,mechanical_001,694e94943eba5ec86f88e0f45b9a3be0ea739723f70d5cd41dfd57894d84bdea
4300,107.5,1.3424,17.6959,False,7,mechanical_001,694e94943eba5ec86f88e0f45b9a3be0ea739723f70d5cd41dfd57894d84bdea
4301,107.525,1.3427,17.7082,False,7,mechanical_001,694e94943eba5ec86f88e0f45b9a3be0ea739723f70d5cd41dfd57894d84bdea
4302,107.55,1.343,17.7167,False,7,mechanical_001,694e94943eba5ec86f88e0f45b9a3be0ea739723f70d5cd41dfd57894d84bdea
4303,107.575,1.3433,17.7227,False,7,mechanical_001,694e94943eba5ec86f88e0f45b9a3be0ea739723f70d5cd41dfd57894d84bdea
4304,107.6,1.3436,17.7318,False,7,mechanical_001,694e94943eba5ec86f88e0f45b9a3be0ea739723f70d5cd41dfd57894d84bdea
4305,107.625,1.344,17.7454,False,7,mechanical_001,694e94943eba5ec86f88e0f45b9a3be0ea739723f70d5cd41dfd57894d84bdea
4306,107.65,1.3443,17.7481,False,7,mechanical_001,694e94943eba5ec86f88e0f45b9a3be0ea739723f70d5cd41dfd57894d84bdea
4307,107.675,1.3446,17.7484,False,7,mechanical_001,694e94943eba5ec86f88e0f45b9a3be0ea739723f70d5cd41dfd57894d84bdea
4308,107.7,1.3449,17.7514,False,7,mechanical_001,694e94943eba5ec86f88e0f45b9a3be0ea739723f70d5cd41dfd57894d84bdea
4309,107.725,1.3452,17.7573,False,7,mechanical_001,694e94943eba5ec86f88e0f45b9a3be0ea739723f70d5cd41dfd57894d84bdea
4310,107.75,1.3455,17.758,False,7,mechanical_001,694e94943eba5ec86f88e0f45b9a3be0ea739723f70d5cd41dfd57894d84bdea
4311,107.775,1.3458,17.7572,False,7,mechanical_001,694e94943eba5ec86f88e0f45b9a3be0ea739723f70d5cd41dfd57894d84bdea
4312,107.8,1.3461,17.7657,False,7,mechanical_001,694e94943eba5ec86f88e0f45b9a3be0ea739723f70d5cd41dfd57894d84bdea
4313,107.825,1.3464,17.7781,False,7,mechanical_001,694e94943eba5ec86f88e0f45b9a3be0ea739723f70d5cd41dfd57894d84bdea
4314,107.85,1.3468,17.7919,False,7,mechanical_001,694e94943eba5ec86f88e0f45b9a3be0ea739723f70d5cd41dfd57894d84bdea
4315,107.875,1.3471,17.8122,False,7,mechanical_001,694e94943eba5ec86f88e0f45b9a3be0ea739723f70d5cd41dfd57894d84bdea
4316,107.9,1.3474,17.8198,False,7,mechanical_001,694e94943eba5ec86f88e0f45b9a3be0ea739723f70d5cd41dfd57894d84bdea
4317,107.925,1.3477,17.8211,False,7,mechanical_001,694e94943eba5ec86f88e0f45b9a3be0ea739723f70d5cd41dfd57894d84bdea
4318,107.95,1.348,17.823,False,7,mechanical_001,694e94943eba5ec86f88e0f45b9a3be0ea739723f70d5cd41dfd57894d84bdea
4319,107.975,1.3483,17.831,False,7,mechanical_001,694e94943eba5ec86f88e0f45b9a3be0ea739723f70d5cd41dfd57894d84bdea
4320,108.0,1.3486,17.8447,False,7,mechanical_001,694e94943eba5ec86f88e0f45b9a3be0ea739723f70d5cd41dfd57894d84bdea
4321,108.025,1.3489,17.8631,False,7,mechanical_001,694e94943eba5ec86f88e0f45b9a3be0ea739723f70d5cd41dfd57894d84bdea
4322,108.05,1.3493,17.8821,False,7,mechanical_001,694e94943eba5ec86f88e0f45b9a3be0ea739723f70d5cd41dfd57894d84bdea
4323,108.075,1.3496,17.9003,False,7,mechanical_001,694e94943eba5ec86f88e0f45b9a3be0ea739723f70d5cd41dfd57894d84bdea
4324,108.1,1.3499,17.9126,False,7,mechanical_001,694e94943eba5ec86f88e0f45b9a3be0ea739723f70d5cd41dfd57894d84bdea
4325,108.125,1.3502,17.9174,False,7,mechanical_001,694e94943eba5ec86f88e0f45b9a3be0ea739723f70d5cd41dfd57894d84bdea
4326,108.15,1.3505,17.9202,False,7,mechanical_001,694e94943eba5ec86f88e0f45b9a3be0ea739723f70d5cd41dfd57894d84bdea
4327,108.175,1.3508,17.9202,False,7,mechanical_001,694e94943eba5ec86f88e0f45b9a3be0ea739723f70d5cd41dfd57894d84bdea
4328,108.2,1.3511,17.9254,False,7,mechanical_001,694e94943eba5ec86f88e0f45b9a3be0ea739723f70d5cd41dfd57894d84bdea
4329,108.225,1.3514,17.9268,False,7,mechanical_001,694e94943eba5ec86f88e0f45b9a3be0ea739723f70d5cd41dfd57894d84bdea
4330,108.25,1.3517,17.92,False,7,mechanical_001,694e94943eba5ec86f88e0f45b9a3be0ea739723f70d5cd41dfd57894d84bdea
4331,108.275,1.352,17.9238,False,7,mechanical_001,694e94943eba5ec86f88e0f45b9a3be0ea739723f70d5cd41dfd57894d84bdea
4332,108.3,1.3523,17.9606,False,7,mechanical_001,694e94943eba5ec86f88e0f45b9a3be0ea739723f70d5cd41dfd57894d84bdea
4333,108.325,1.3526,18.0197,False,7,mechanical_001,694e94943eba5ec86f88e0f45b9a3be0ea739723f70d5cd41dfd57894d84bdea
4334,108.35,1.353,18.06,False,7,mechanical_001,694e94943eba5ec86f88e0f45b9a3be0ea739723f70d5cd41dfd57894d84bdea
4335,108.375,1.3533,18.082,False,7,mechanical_001,694e94943eba5ec86f88e0f45b9a3be0ea739723f70d5cd41dfd57894d84bdea
4336,108.4,1.3536,18.085,False,7,mechanical_001,694e94943eba5ec86f88e0f45b9a3be0ea739723f70d5cd41dfd57894d84bdea
4337,108.425,1.3539,18.0974,False,7,mechanical_001,694e94943eba5ec86f88e0f45b9a3be0ea739723f70d5cd41dfd57894d84bdea
4338,108.45,1.3542,18.1133,False,7,mechanical_001,694e94943eba5ec86f88e0f45b9a3be0ea739723f70d5cd41dfd57894d84bdea
4339,108.475,1.3545,18.1353,False,7,mechanical_001,694e94943eba5ec86f88e0f45b9a3be0ea739723f70d5cd41dfd57894d84bdea
4340,108.5,1.3548,18.16,False,7,mechanical_001,694e94943eba5ec86f88e0f45b9a3be0ea739723f70d5cd41dfd57894d84bdea
4341,108.525,1.3552,18.1891,False,7,mechanical_001,694e94943eba5ec86f88e0f45b9a3be0ea739723f70d5cd41dfd57894d84bdea
4342,108.55,1.3555,18.2077,False,7,mechanical_001,694e94943eba5ec86f88e0f45b9a3be0ea739723f70d5cd41dfd57894d84bdea
4343,108.575,1.3558,18.2404,False,7,mechanical_001,694e94943eba5ec86f88e0f45b9a3be0ea739723f70d5cd41dfd57894d84bdea
4344,108.6,1.3561,18.2728,False,7,mechanical_001,694e94943eba5ec86f88e0f45b9a3be0ea739723f70d5cd41dfd57894d84bdea
4345,108.625,1.3565,18.2741,False,7,mechanical_001,694e94943eba5ec86f88e0f45b9a3be0ea739723f70d5cd41dfd57894d84bdea
4346,108.65,1.3568,18.2699,False,7,mechanical_001,694e94943eba5ec86f88e0f45b9a3be0ea739723f70d5cd41dfd57894d84bdea
4347,108.675,1.3571,18.2592,False,7,mechanical_001,694e94943eba5ec86f88e0f45b9a3be0ea739723f70d5cd41dfd57894d84bdea
4348,108.7,1.3574,18.2559,False,7,mechanical_001,694e94943eba5ec86f88e0f45b9a3be0ea739723f70d5cd41dfd57894d84bdea
4349,108.725,1.3577,18.2611,False,7,mechanical_001,694e94943eba5ec86f88e0f45b9a3be0ea739723f70d5cd41dfd57894d84bdea
4350,108.75,1.358,18.2842,False,7,mechanical_001,694e94943eba5ec86f88e0f45b9a3be0ea739723f70d5cd41dfd57894d84bdea
4351,108.775,1.3583,18.3042,False,7,mechanical_001,694e94943eba5ec86f88e0f45b9a3be0ea739723f70d5cd41dfd57894d84bdea
4352,108.8,1.3586,18.3108,False,7,mechanical_001,694e94943eba5ec86f88e0f45b9a3be0ea739723f70d5cd41dfd57894d84bdea
4353,108.825,1.3589,18.3274,False,7,mechanical_001,694e94943eba5ec86f88e0f45b9a3be0ea739723f70d5cd41dfd57894d84bdea
4354,108.85,1.3593,18.3487,False,7,mechanical_001,694e94943eba5ec86f88e0f45b9a3be0ea739723f70d5cd41dfd57894d84bdea
4355,108.875,1.3596,18.3608,False,7,mechanical_001,694e94943eba5ec86f88e0f45b9a3be0ea739723f70d5cd41dfd57894d84bdea
4356,108.9,1.3599,18.3773,False,7,mechanical_001,694e94943eba5ec86f88e0f45b9a3be0ea739723f70d5cd41dfd57894d84bdea
4357,108.925,1.3602,18.3888,False,7,mechanical_001,694e94943eba5ec86f88e0f45b9a3be0ea739723f70d5cd41dfd57894d84bdea
4358,108.95,1.3605,18.3944,False,7,mechanical_001,694e94943eba5ec86f88e0f45b9a3be0ea739723f70d5cd41dfd57894d84bdea
4359,108.975,1.3608,18.406,False,7,mechanical_001,694e94943eba5ec86f88e0f45b9a3be0ea739723f70d5cd41dfd57894d84bdea
4360,109.0,1.3611,18.4206,False,7,mechanical_001,694e94943eba5ec86f88e0f45b9a3be0ea739723f70d5cd41dfd57894d84bdea
4361,109.025,1.3615,18.4269,False,7,mechanical_001,694e94943eba5ec86f88e0f45b9a3be0ea739723f70d5cd41dfd57894d84bdea
4362,109.05,1.3618,18.4299,False,7,mechanical_001,694e94943eba5ec86f88e0f45b9a3be0ea739723f70d5cd41dfd57894d84bdea
4363,109.075,1.3621,18.4401,False,7,mechanical_001,694e94943eba5ec86f88e0f45b9a3be0ea739723f70d5cd41dfd57894d84bdea
4364,109.1,1.3624,18.4556,False,7,mechanical_001,694e94943eba5ec86f88e0f45b9a3be0ea739723f70d5cd41dfd57894d84bdea
4365,109.125,1.3627,18.4704,False,7,mechanical_001,694e94943eba5ec86f88e0f45b9a3be0ea739723f70d5cd41dfd57894d84bdea
4366,109.15,1.363,18.4891,False,7,mechanical_001,694e94943eba5ec86f88e0f45b9a3be0ea739723f70d5cd41dfd57894d84bdea
4367,109.175,1.3634,18.5083,False,7,mechanical_001,694e94943eba5ec86f88e0f45b9a3be0ea739723f70d5cd41dfd57894d84bdea
4368,109.2,1.3637,18.5343,False,7,mechanical_001,694e94943eba5ec86f88e0f45b9a3be0ea739723f70d5cd41dfd57894d84bdea
4369,109.225,1.364,18.5712,False,7,mechanical_001,694e94943eba5ec86f88e0f45b9a3be0ea739723f70d5cd41dfd57894d84bdea
4370,109.25,1.3644,18.6129,False,7,mechanical_001,694e94943eba5ec86f88e0f45b9a3be0ea739723f70d5cd41dfd57894d84bdea
4371,109.275,1.3647,18.6554,False,7,mechanical_001,694e94943eba5ec86f88e0f45b9a3be0ea739723f70d5cd41dfd57894d84bdea
4372,109.3,1.365,18.6999,False,7,mechanical_001,694e94943eba5ec86f88e0f45b9a3be0ea739723f70d5cd41dfd57894d84bdea
4373,109.325,1.3654,18.7392,False,7,mechanical_001,694e94943eba5ec86f88e0f45b9a3be0ea739723f70d5cd41dfd57894d84bdea
4374,109.35,1.3657,18.7729,False,7,mechanical_001,694e94943eba5ec86f88e0f45b9a3be0ea739723f70d5cd41dfd57894d84bdea
4375,109.375,1.3661,18.7943,False,7,mechanical_001,694e94943eba5ec86f88e0f45b9a3be0ea739723f70d5cd41dfd57894d84bdea
4376,109.4,1.3664,18.8021,False,7,mechanical_001,694e94943eba5ec86f88e0f45b9a3be0ea739723f70d5cd41dfd57894d84bdea
4377,109.425,1.3667,18.7933,False,7,mechanical_001,694e94943eba5ec86f88e0f45b9a3be0ea739723f70d5cd41dfd57894d84bdea
4378,109.45,1.367,18.7723,False,7,mechanical_001,694e94943eba5ec86f88e0f45b9a3be0ea739723f70d5cd41dfd57894d84bdea
4379,109.475,1.3673,18.7368,False,7,mechanical_001,694e94943eba5ec86f88e0f45b9a3be0ea739723f70d5cd41dfd57894d84bdea
4380,109.5,1.3676,18.7037,False,7,mechanical_001,694e94943eba5ec86f88e0f45b9a3be0ea739723f70d5cd41dfd57894d84bdea
4381,109.525,1.3679,18.6765,False,7,mechanical_001,694e94943eba5ec86f88e0f45b9a3be0ea739723f70d5cd41dfd57894d84bdea
4382,109.55,1.3682,18.6553,False,7,mechanical_001,694e94943eba5ec86f88e0f45b9a3be0ea739723f70d5cd41dfd57894d84bdea
4383,109.575,1.3685,18.6449,False,7,mechanical_001,694e94943eba5ec86f88e0f45b9a3be0ea739723f70d5cd41dfd57894d84bdea
4384,109.6,1.3688,18.6482,False,7,mechanical_001,694e94943eba5ec86f88e0f45b9a3be0ea739723f70d5cd41dfd57894d84bdea
4385,109.625,1.3691,18.6617,False,7,mechanical_001,694e94943eba5ec86f88e0f45b9a3be0ea739723f70d5cd41dfd57894d84bdea
4386,109.65,1.3694,18.6796,False,7,mechanical_001,694e94943eba5ec86f88e0f45b9a3be0ea739723f70d5cd41dfd57894d84bdea
4387,109.675,1.3698,18.7003,False,7,mechanical_001,694e94943eba5ec86f88e0f45b9a3be0ea739723f70d5cd41dfd57894d84bdea
4388,109.7,1.3701,18.7205,False,7,mechanical_001,694e94943eba5ec86f88e0f45b9a3be0ea739723f70d5cd41dfd57894d84bdea
4389,109.725,1.3704,18.7401,False,7,mechanical_001,694e94943eba5ec86f88e0f45b9a3be0ea739723f70d5cd41dfd57894d84bdea
4390,109.75,1.3707,18.7538,False,7,mechanical_001,694e94943eba5ec86f88e0f45b9a3be0ea739723f70d5cd41dfd57894d84bdea
4391,109.775,1.371,18.7628,False,7,mechanical_001,694e94943eba5ec86f88e0f45b9a3be0ea739723f70d5cd41dfd57894d84bdea
4392,109.8,1.3714,18.769,False,7,mechanical_001,694e94943eba5ec86f88e0f45b9a3be0ea739723f70d5cd41dfd57894d84bdea
4393,109.825,1.3717,18.7647,False,7,mechanical_001,694e94943eba5ec86f88e0f45b9a3be0ea739723f70d5cd41dfd57894d84bdea
4394,109.85,1.372,18.7553,False,7,mechanical_001,694e94943eba5ec86f88e0f45b9a3be0ea739723f70d5cd41dfd57894d84bdea
4395,109.875,1.3723,18.7402,False,7,mechanical_001,694e94943eba5ec86f88e0f45b9a3be0ea739723f70d5cd41dfd57894d84bdea
4396,109.9,1.3726,18.732,False,7,mechanical_001,694e94943eba5ec86f88e0f45b9a3be0ea739723f70d5cd41dfd57894d84bdea
4397,109.925,1.3729,18.734,False,7,mechanical_001,694e94943eba5ec86f88e0f45b9a3be0ea739723f70d5cd41dfd57894d84bdea
4398,109.95,1.3732,18.7427,False,7,mechanical_001,694e94943eba5ec86f88e0f45b9a3be0ea739723f70d5cd41dfd57894d84bdea
4399,109.975,1.3735,18.7491,False,7,mechanical_001,694e94943eba5ec86f88e0f45b9a3be0ea739723f70d5cd41dfd57894d84bdea
4400,110.0,1.3738,18.7487,False,7,mechanical_001,694e94943eba5ec86f88e0f45b9a3be0ea739723f70d5cd41dfd57894d84bdea
4401,110.025,1.3741,18.7473,False,7,mechanical_001,694e94943eba5ec86f88e0f45b9a3be0ea739723f70d5cd41dfd57894d84bdea
4402,110.05,1.3745,18.7479,False,7,mechanical_001,694e94943eba5ec86f88e0f45b9a3be0ea739723f70d5cd41dfd57894d84bdea
4403,110.075,1.3748,18.7501,False,7,mechanical_001,694e94943eba5ec86f88e0f45b9a3be0ea739723f70d5cd41dfd57894d84bdea
4404,110.1,1.3751,18.7526,False,7,mechanical_001,694e94943eba5ec86f88e0f45b9a3be0ea739723f70d5cd41dfd57894d84bdea
4405,110.125,1.3754,18.7499,False,7,mechanical_001,694e94943eba5ec86f88e0f45b9a3be0ea739723f70d5cd41dfd57894d84bdea
4406,110.15,1.3757,18.7522,False,7,mechanical_001,694e94943eba5ec86f88e0f45b9a3be0ea739723f70d5cd41dfd57894d84bdea
4407,110.175,1.376,18.7544,False,7,mechanical_001,694e94943eba5ec86f88e0f45b9a3be0ea739723f70d5cd41dfd57894d84bdea
4408,110.2,1.3763,18.7622,False,7,mechanical_001,694e94943eba5ec86f88e0f45b9a3be0ea739723f70d5cd41dfd57894d84bdea
4409,110.225,1.3766,18.7731,False,7,mechanical_001,694e94943eba5ec86f88e0f45b9a3be0ea739723f70d5cd41dfd57894d84bdea
4410,110.25,1.377,18.7772,False,7,mechanical_001,694e94943eba5ec86f88e0f45b9a3be0ea739723f70d5cd41dfd57894d84bdea
4411,110.275,1.3773,18.7788,False,7,mechanical_001,694e94943eba5ec86f88e0f45b9a3be0ea739723f70d5cd41dfd57894d84bdea
4412,110.3,1.3776,18.7771,False,7,mechanical_001,694e94943eba5ec86f88e0f45b9a3be0ea739723f70d5cd41dfd57894d84bdea
4413,110.325,1.3779,18.7751,False,7,mechanical_001,694e94943eba5ec86f88e0f45b9a3be0ea739723f70d5cd41dfd57894d84bdea
4414,110.35,1.3782,18.7756,False,7,mechanical_001,694e94943eba5ec86f88e0f45b9a3be0ea739723f70d5cd41dfd57894d84bdea
4415,110.375,1.3785,18.7804,False,7,mechanical_001,694e94943eba5ec86f88e0f45b9a3be0ea739723f70d5cd41dfd57894d84bdea
4416,110.4,1.3788,18.7777,False,7,mechanical_001,694e94943eba5ec86f88e0f45b9a3be0ea739723f70d5cd41dfd57894d84bdea
4417,110.425,1.3791,18.777,False,7,mechanical_001,694e94943eba5ec86f88e0f45b9a3be0ea739723f70d5cd41dfd57894d84bdea
4418,110.45,1.3794,18.7751,False,7,mechanical_001,694e94943eba5ec86f88e0f45b9a3be0ea739723f70d5cd41dfd57894d84bdea
4419,110.475,1.3797,18.7749,False,7,mechanical_001,694e94943eba5ec86f88e0f45b9a3be0ea739723f70d5cd41dfd57894d84bdea
4420,110.5,1.38,18.7707,False,7,mechanical_001,694e94943eba5ec86f88e0f45b9a3be0ea739723f70d5cd41dfd57894d84bdea
4421,110.525,1.3804,18.7656,False,7,mechanical_001,694e94943eba5ec86f88e0f45b9a3be0ea739723f70d5cd41dfd57894d84bdea
4422,110.55,1.3807,18.7658,False,7,mechanical_001,694e94943eba5ec86f88e0f45b9a3be0ea739723f70d5cd41dfd57894d84bdea
4423,110.575,1.381,18.7741,False,7,mechanical_001,694e94943eba5ec86f88e0f45b9a3be0ea739723f70d5cd41dfd57894d84bdea
4424,110.6,1.3813,18.7862,False,7,mechanical_001,694e94943eba5ec86f88e0f45b9a3be0ea739723f70d5cd41dfd57894d84bdea
4425,110.625,1.3816,18.7954,False,7,mechanical_001,694e94943eba5ec86f88e0f45b9a3be0ea739723f70d5cd41dfd57894d84bdea
4426,110.65,1.3819,18.804,False,7,mechanical_001,694e94943eba5ec86f88e0f45b9a3be0ea739723f70d5cd41dfd57894d84bdea
4427,110.675,1.3823,18.8074,False,7,mechanical_001,694e94943eba5ec86f88e0f45b9a3be0ea739723f70d5cd41dfd57894d84bdea
4428,110.7,1.3826,18.8112,False,7,mechanical_001,694e94943eba5ec86f88e0f45b9a3be0ea739723f70d5cd41dfd57894d84bdea
4429,110.725,1.3829,18.8168,False,7,mechanical_001,694e94943eba5ec86f88e0f45b9a3be0ea739723f70d5cd41dfd57894d84bdea
4430,110.75,1.3832,18.8218,False,7,mechanical_001,694e94943eba5ec86f88e0f45b9a3be0ea739723f70d5cd41dfd57894d84bdea
4431,110.775,1.3835,18.8207,False,7,mechanical_001,694e94943eba5ec86f88e0f45b9a3be0ea739723f70d5cd41dfd57894d84bdea
4432,110.8,1.3838,18.8124,False,7,mechanical_001,694e94943eba5ec86f88e0f45b9a3be0ea739723f70d5cd41dfd57894d84bdea
4433,110.825,1.3841,18.8065,False,7,mechanical_001,694e94943eba5ec86f88e0f45b9a3be0ea739723f70d5cd41dfd57894d84bdea
4434,110.85,1.3844,18.8061,False,7,mechanical_001,694e94943eba5ec86f88e0f45b9a3be0ea739723f70d5cd41dfd57894d84bdea
4435,110.875,1.3847,18.8001,False,7,mechanical_001,694e94943eba5ec86f88e0f45b9a3be0ea739723f70d5cd41dfd57894d84bdea
4436,110.9,1.385,18.7918,False,7,mechanical_001,694e94943eba5ec86f88e0f45b9a3be0ea739723f70d5cd41dfd57894d84bdea
4437,110.925,1.3854,18.7897,False,7,mechanical_001,694e94943eba5ec86f88e0f45b9a3be0ea739723f70d5cd41dfd57894d84bdea
4438,110.95,1.3857,18.7881,False,7,mechanical_001,694e94943eba5ec86f88e0f45b9a3be0ea739723f70d5cd41dfd57894d84bdea
4439,110.975,1.386,18.7808,False,7,mechanical_001,694e94943eba5ec86f88e0f45b9a3be0ea739723f70d5cd41dfd57894d84bdea
4440,111.0,1.3863,18.7692,False,7,mechanical_001,694e94943eba5ec86f88e0f45b9a3be0ea739723f70d5cd41dfd57894d84bdea
4441,111.025,1.3866,18.7499,False,7,mechanical_001,694e94943eba5ec86f88e0f45b9a3be0ea739723f70d5cd41dfd57894d84bdea
4442,111.05,1.3869,18.7273,False,7,mechanical_001,694e94943eba5ec86f88e0f45b9a3be0ea739723f70d5cd41dfd57894d84bdea
4443,111.075,1.3871,18.7015,False,7,mechanical_001,694e94943eba5ec86f88e0f45b9a3be0ea739723f70d5cd41dfd57894d84bdea
4444,111.1,1.3874,18.6861,False,7,mechanical_001,694e94943eba5ec86f88e0f45b9a3be0ea739723f70d5cd41dfd57894d84bdea
4445,111.125,1.3877,18.6821,False,7,mechanical_001,694e94943eba5ec86f88e0f45b9a3be0ea739723f70d5cd41dfd57894d84bdea
4446,111.15,1.388,18.683,False,7,mechanical_001,694e94943eba5ec86f88e0f45b9a3be0ea739723f70d5cd41dfd57894d84bdea
4447,111.175,1.3883,18.6828,False,7,mechanical_001,694e94943eba5ec86f88e0f45b9a3be0ea739723f70d5cd41dfd57894d84bdea
4448,111.2,1.3886,18.6799,False,7,mechanical_001,694e94943eba5ec86f88e0f45b9a3be0ea739723f70d5cd41dfd57894d84bdea
4449,111.225,1.3889,18.6778,False,7,mechanical_001,694e94943eba5ec86f88e0f45b9a3be0ea739723f70d5cd41dfd57894d84bdea
4450,111.25,1.3892,18.6921,False,7,mechanical_001,694e94943eba5ec86f88e0f45b9a3be0ea739723f70d5cd41dfd57894d84bdea
4451,111.275,1.3896,18.7113,False,7,mechanical_001,694e94943eba5ec86f88e0f45b9a3be0ea739723f70d5cd41dfd57894d84bdea
4452,111.3,1.3899,18.7363,False,7,mechanical_001,694e94943eba5ec86f88e0f45b9a3be0ea739723f70d5cd41dfd57894d84bdea
4453,111.325,1.3902,18.7581,False,7,mechanical_001,694e94943eba5ec86f88e0f45b9a3be0ea739723f70d5cd41dfd57894d84bdea
4454,111.35,1.3905,18.7709,False,7,mechanical_001,694e94943eba5ec86f88e0f45b9a3be0ea739723f70d5cd41dfd57894d84bdea
4455,111.375,1.3908,18.7833,False,7,mechanical_001,694e94943eba5ec86f88e0f45b9a3be0ea739723f70d5cd41dfd57894d84bdea
4456,111.4,1.3911,18.7955,False,7,mechanical_001,694e94943eba5ec86f88e0f45b9a3be0ea739723f70d5cd41dfd57894d84bdea
4457,111.425,1.3915,18.8061,False,7,mechanical_001,694e94943eba5ec86f88e0f45b9a3be0ea739723f70d5cd41dfd57894d84bdea
4458,111.45,1.3918,18.8224,False,7,mechanical_001,694e94943eba5ec86f88e0f45b9a3be0ea739723f70d5cd41dfd57894d84bdea
4459,111.475,1.3921,18.8311,False,7,mechanical_001,694e94943eba5ec86f88e0f45b9a3be0ea739723f70d5cd41dfd57894d84bdea
4460,111.5,1.3924,18.8313,False,7,mechanical_001,694e94943eba5ec86f88e0f45b9a3be0ea739723f70d5cd41dfd57894d84bdea
4461,111.525,1.3927,18.8357,False,7,mechanical_001,694e94943eba5ec86f88e0f45b9a3be0ea739723f70d5cd41dfd57894d84bdea
4462,111.55,1.393,18.8456,False,7,mechanical_001,694e94943eba5ec86f88e0f45b9a3be0ea739723f70d5cd41dfd57894d84bdea
4463,111.575,1.3933,18.8583,False,7,mechanical_001,694e94943eba5ec86f88e0f45b9a3be0ea739723f70d5cd41dfd57894d84bdea
4464,111.6,1.3936,18.8716,False,7,mechanical_001,694e94943eba5ec86f88e0f45b9a3be0ea739723f70d5cd41dfd57894d84bdea
4465,111.625,1.394,18.8905,False,7,mechanical_001,694e94943eba5ec86f88e0f45b9a3be0ea739723f70d5cd41dfd57894d84bdea
4466,111.65,1.3943,18.9107,False,7,mechanical_001,694e94943eba5ec86f88e0f45b9a3be0ea739723f70d5cd41dfd57894d84bdea
4467,111.675,1.3946,18.9322,False,7,mechanical_001,694e94943eba5ec86f88e0f45b9a3be0ea739723f70d5cd41dfd57894d84bdea
4468,111.7,1.3949,18.9467,False,7,mechanical_001,694e94943eba5ec86f88e0f45b9a3be0ea739723f70d5cd41dfd57894d84bdea
4469,111.725,1.3952,18.9661,False,7,mechanical_001,694e94943eba5ec86f88e0f45b9a3be0ea739723f70d5cd41dfd57894d84bdea
4470,111.75,1.3955,18.9809,False,7,mechanical_001,694e94943eba5ec86f88e0f45b9a3be0ea739723f70d5cd41dfd57894d84bdea
4471,111.775,1.3958,19.0002,False,7,mechanical_001,694e94943eba5ec86f88e0f45b9a3be0ea739723f70d5cd41dfd57894d84bdea
4472,111.8,1.3962,19.0206,False,7,mechanical_001,694e94943eba5ec86f88e0f45b9a3be0ea739723f70d5cd41dfd57894d84bdea
4473,111.825,1.3965,19.0425,False,7,mechanical_001,694e94943eba5ec86f88e0f45b9a3be0ea739723f70d5cd41dfd57894d84bdea
4474,111.85,1.3968,19.0659,False,7,mechanical_001,694e94943eba5ec86f88e0f45b9a3be0ea739723f70d5cd41dfd57894d84bdea
4475,111.875,1.3971,19.0943,False,7,mechanical_001,694e94943eba5ec86f88e0f45b9a3be0ea739723f70d5cd41dfd57894d84bdea
4476,111.9,1.3974,19.127,False,7,mechanical_001,694e94943eba5ec86f88e0f45b9a3be0ea739723f70d5cd41dfd57894d84bdea
4477,111.925,1.3978,19.1638,False,7,mechanical_001,694e94943eba5ec86f88e0f45b9a3be0ea739723f70d5cd41dfd57894d84bdea
4478,111.95,1.3981,19.2004,False,7,mechanical_001,694e94943eba5ec86f88e0f45b9a3be0ea739723f70d5cd41dfd57894d84bdea
4479,111.975,1.3984,19.2382,False,7,mechanical_001,694e94943eba5ec86f88e0f45b9a3be0ea739723f70d5cd41dfd57894d84bdea
4480,112.0,1.3988,19.2811,False,7,mechanical_001,694e94943eba5ec86f88e0f45b9a3be0ea739723f70d5cd41dfd57894d84bdea
4481,112.025,1.3991,19.3159,False,7,mechanical_001,694e94943eba5ec86f88e0f45b9a3be0ea739723f70d5cd41dfd57894d84bdea
4482,112.05,1.3995,19.3415,False,7,mechanical_001,694e94943eba5ec86f88e0f45b9a3be0ea739723f70d5cd41dfd57894d84bdea
4483,112.075,1.3998,19.3526,False,7,mechanical_001,694e94943eba5ec86f88e0f45b9a3be0ea739723f70d5cd41dfd57894d84bdea
4484,112.1,1.4001,19.339,False,7,mechanical_001,694e94943eba5ec86f88e0f45b9a3be0ea739723f70d5cd41dfd57894d84bdea
4485,112.125,1.4004,19.3227,False,7,mechanical_001,694e94943eba5ec86f88e0f45b9a3be0ea739723f70d5cd41dfd57894d84bdea
4486,112.15,1.4007,19.3009,False,7,mechanical_001,694e94943eba5ec86f88e0f45b9a3be0ea739723f70d5cd41dfd57894d84bdea
4487,112.175,1.401,19.2764,False,7,mechanical_001,694e94943eba5ec86f88e0f45b9a3be0ea739723f70d5cd41dfd57894d84bdea
4488,112.2,1.4013,19.2597,False,7,mechanical_001,694e94943eba5ec86f88e0f45b9a3be0ea739723f70d5cd41dfd57894d84bdea
4489,112.225,1.4016,19.2602,False,7,mechanical_001,694e94943eba5ec86f88e0f45b9a3be0ea739723f70d5cd41dfd57894d84bdea
4490,112.25,1.4019,19.2723,False,7,mechanical_001,694e94943eba5ec86f88e0f45b9a3be0ea739723f70d5cd41dfd57894d84bdea
4491,112.275,1.4023,19.2889,False,7,mechanical_001,694e94943eba5ec86f88e0f45b9a3be0ea739723f70d5cd41dfd57894d84bdea
4492,112.3,1.4026,19.301,False,7,mechanical_001,694e94943eba5ec86f88e0f45b9a3be0ea739723f70d5cd41dfd57894d84bdea
4493,112.325,1.4029,19.3077,False,7,mechanical_001,694e94943eba5ec86f88e0f45b9a3be0ea739723f70d5cd41dfd57894d84bdea
4494,112.35,1.4032,19.3068,False,7,mechanical_001,694e94943eba5ec86f88e0f45b9a3be0ea739723f70d5cd41dfd57894d84bdea
4495,112.375,1.4035,19.3059,False,7,mechanical_001,694e94943eba5ec86f88e0f45b9a3be0ea739723f70d5cd41dfd57894d84bdea
4496,112.4,1.4038,19.3001,False,7,mechanical_001,694e94943eba5ec86f88e0f45b9a3be0ea739723f70d5cd41dfd57894d84bdea
4497,112.425,1.4041,19.2914,False,7,mechanical_001,694e94943eba5ec86f88e0f45b9a3be0ea739723f70d5cd41dfd57894d84bdea
4498,112.45,1.4045,19.29,False,7,mechanical_001,694e94943eba5ec86f88e0f45b9a3be0ea739723f70d5cd41dfd57894d84bdea
4499,112.475,1.4048,19.2908,False,7,mechanical_001,694e94943eba5ec86f88e0f45b9a3be0ea739723f70d5cd41dfd57894d84bdea
4500,112.5,1.4051,19.2959,False,7,mechanical_001,694e94943eba5ec86f88e0f45b9a3be0ea739723f70d5cd41dfd57894d84bdea
4501,112.525,1.4054,19.3008,False,7,mechanical_001,694e94943eba5ec86f88e0f45b9a3be0ea739723f70d5cd41dfd57894d84bdea
4502,112.55,1.4057,19.3121,False,7,mechanical_001,694e94943eba5ec86f88e0f45b9a3be0ea739723f70d5cd41dfd57894d84bdea
4503,112.575,1.406,19.3182,False,7,mechanical_001,694e94943eba5ec86f88e0f45b9a3be0ea739723f70d5cd41dfd57894d84bdea
4504,112.6,1.4063,19.3197,False,7,mechanical_001,694e94943eba5ec86f88e0f45b9a3be0ea739723f70d5cd41dfd57894d84bdea
4505,112.625,1.4067,19.3296,False,7,mechanical_001,694e94943eba5ec86f88e0f45b9a3be0ea739723f70d5cd41dfd57894d84bdea
4506,112.65,1.407,19.3424,False,7,mechanical_001,694e94943eba5ec86f88e0f45b9a3be0ea739723f70d5cd41dfd57894d84bdea
4507,112.675,1.4073,19.3593,False,7,mechanical_001,694e94943eba5ec86f88e0f45b9a3be0ea739723f70d5cd41dfd57894d84bdea
4508,112.7,1.4076,19.3718,False,7,mechanical_001,694e94943eba5ec86f88e0f45b9a3be0ea739723f70d5cd41dfd57894d84bdea
4509,112.725,1.4079,19.3831,False,7,mechanical_001,694e94943eba5ec86f88e0f45b9a3be0ea739723f70d5cd41dfd57894d84bdea
4510,112.75,1.4083,19.3951,False,7,mechanical_001,694e94943eba5ec86f88e0f45b9a3be0ea739723f70d5cd41dfd57894d84bdea
4511,112.775,1.4086,19.4074,False,7,mechanical_001,694e94943eba5ec86f88e0f45b9a3be0ea739723f70d5cd41dfd57894d84bdea
4512,112.8,1.4089,19.4118,False,7,mechanical_001,694e94943eba5ec86f88e0f45b9a3be0ea739723f70d5cd41dfd57894d84bdea
4513,112.825,1.4092,19.4068,False,7,mechanical_001,694e94943eba5ec86f88e0f45b9a3be0ea739723f70d5cd41dfd57894d84bdea
4514,112.85,1.4095,19.3999,False,7,mechanical_001,694e94943eba5ec86f88e0f45b9a3be0ea739723f70d5cd41dfd57894d84bdea
4515,112.875,1.4098,19.3973,False,7,mechanical_001,694e94943eba5ec86f88e0f45b9a3be0ea739723f70d5cd41dfd57894d84bdea
4516,112.9,1.4101,19.4084,False,7,mechanical_001,694e94943eba5ec86f88e0f45b9a3be0ea739723f70d5cd41dfd57894d84bdea
4517,112.925,1.4104,19.4309,False,7,mechanical_001,694e94943eba5ec86f88e0f45b9a3be0ea739723f70d5cd41dfd57894d84bdea
4518,112.95,1.4108,19.4528,False,7,mechanical_001,694e94943eba5ec86f88e0f45b9a3be0ea739723f70d5cd41dfd57894d84bdea
4519,112.975,1.4111,19.4618,False,7,mechanical_001,694e94943eba5ec86f88e0f45b9a3be0ea739723f70d5cd41dfd57894d84bdea
4520,113.0,1.4114,19.4641,False,7,mechanical_001,694e94943eba5ec86f88e0f45b9a3be0ea739723f70d5cd41dfd57894d84bdea
4521,113.025,1.4117,19.4635,False,7,mechanical_001,694e94943eba5ec86f88e0f45b9a3be0ea739723f70d5cd41dfd57894d84bdea
4522,113.05,1.412,19.4548,False,7,mechanical_001,694e94943eba5ec86f88e0f45b9a3be0ea739723f70d5cd41dfd57894d84bdea
4523,113.075,1.4123,19.4425,False,7,mechanical_001,694e94943eba5ec86f88e0f45b9a3be0ea739723f70d5cd41dfd57894d84bdea
4524,113.1,1.4126,19.429,False,7,mechanical_001,694e94943eba5ec86f88e0f45b9a3be0ea739723f70d5cd41dfd57894d84bdea
4525,113.125,1.4129,19.4189,False,7,mechanical_001,694e94943eba5ec86f88e0f45b9a3be0ea739723f70d5cd41dfd57894d84bdea
4526,113.15,1.4132,19.4161,False,7,mechanical_001,694e94943eba5ec86f88e0f45b9a3be0ea739723f70d5cd41dfd57894d84bdea
4527,113.175,1.4135,19.4196,False,7,mechanical_001,694e94943eba5ec86f88e0f45b9a3be0ea739723f70d5cd41dfd57894d84bdea
4528,113.2,1.4138,19.4292,False,7,mechanical_001,694e94943eba5ec86f88e0f45b9a3be0ea739723f70d5cd41dfd57894d84bdea
4529,113.225,1.4141,19.446,False,7,mechanical_001,694e94943eba5ec86f88e0f45b9a3be0ea739723f70d5cd41dfd57894d84bdea
4530,113.25,1.4144,19.4682,False,7,mechanical_001,694e94943eba5ec86f88e0f45b9a3be0ea739723f70d5cd41dfd57894d84bdea
4531,113.275,1.4147,19.5004,False,7,mechanical_001,694e94943eba5ec86f88e0f45b9a3be0ea739723f70d5cd41dfd57894d84bdea
4532,113.3,1.4151,19.5301,False,7,mechanical_001,694e94943eba5ec86f88e0f45b9a3be0ea739723f70d5cd41dfd57894d84bdea
4533,113.325,1.4154,19.5619,False,7,mechanical_001,694e94943eba5ec86f88e0f45b9a3be0ea739723f70d5cd41dfd57894d84bdea
4534,113.35,1.4157,19.5878,False,7,mechanical_001,694e94943eba5ec86f88e0f45b9a3be0ea739723f70d5cd41dfd57894d84bdea
4535,113.375,1.416,19.6016,False,7,mechanical_001,694e94943eba5ec86f88e0f45b9a3be0ea739723f70d5cd41dfd57894d84bdea
4536,113.4,1.4163,19.6139,False,7,mechanical_001,694e94943eba5ec86f88e0f45b9a3be0ea739723f70d5cd41dfd57894d84bdea
4537,113.425,1.4166,19.6225,False,7,mechanical_001,694e94943eba5ec86f88e0f45b9a3be0ea739723f70d5cd41dfd57894d84bdea
4538,113.45,1.4169,19.6226,False,7,mechanical_001,694e94943eba5ec86f88e0f45b9a3be0ea739723f70d5cd41dfd57894d84bdea
4539,113.475,1.4172,19.6238,False,7,mechanical_001,694e94943eba5ec86f88e0f45b9a3be0ea739723f70d5cd41dfd57894d84bdea
4540,113.5,1.4175,19.6226,False,7,mechanical_001,694e94943eba5ec86f88e0f45b9a3be0ea739723f70d5cd41dfd57894d84bdea
4541,113.525,1.4178,19.6198,False,7,mechanical_001,694e94943eba5ec86f88e0f45b9a3be0ea739723f70d5cd41dfd57894d84bdea
4542,113.55,1.4181,19.617,False,7,mechanical_001,694e94943eba5ec86f88e0f45b9a3be0ea739723f70d5cd41dfd57894d84bdea
4543,113.575,1.4184,19.6093,False,7,mechanical_001,694e94943eba5ec86f88e0f45b9a3be0ea739723f70d5cd41dfd57894d84bdea
4544,113.6,1.4187,19.5912,False,7,mechanical_001,694e94943eba5ec86f88e0f45b9a3be0ea739723f70d5cd41dfd57894d84bdea
4545,113.625,1.419,19.5733,False,7,mechanical_001,694e94943eba5ec86f88e0f45b9a3be0ea739723f70d5cd41dfd57894d84bdea
4546,113.65,1.4193,19.5587,False,7,mechanical_001,694e94943eba5ec86f88e0f45b9a3be0ea739723f70d5cd41dfd57894d84bdea
4547,113.675,1.4196,19.5441,False,7,mechanical_001,694e94943eba5ec86f88e0f45b9a3be0ea739723f70d5cd41dfd57894d84bdea
4548,113.7,1.4198,19.5412,False,7,mechanical_001,694e94943eba5ec86f88e0f45b9a3be0ea739723f70d5cd41dfd57894d84bdea
4549,113.725,1.4201,19.5551,False,7,mechanical_001,694e94943eba5ec86f88e0f45b9a3be0ea739723f70d5cd41dfd57894d84bdea
4550,113.75,1.4204,19.5692,False,7,mechanical_001,694e94943eba5ec86f88e0f45b9a3be0ea739723f70d5cd41dfd57894d84bdea
4551,113.775,1.4207,19.5874,False,7,mechanical_001,694e94943eba5ec86f88e0f45b9a3be0ea739723f70d5cd41dfd57894d84bdea
4552,113.8,1.421,19.6097,False,7,mechanical_001,694e94943eba5ec86f88e0f45b9a3be0ea739723f70d5cd41dfd57894d84bdea
4553,113.825,1.4213,19.6315,False,7,mechanical_001,694e94943eba5ec86f88e0f45b9a3be0ea739723f70d5cd41dfd57894d84bdea
4554,113.85,1.4217,19.6696,False,7,mechanical_001,694e94943eba5ec86f88e0f45b9a3be0ea739723f70d5cd41dfd57894d84bdea
4555,113.875,1.422,19.7192,False,7,mechanical_001,694e94943eba5ec86f88e0f45b9a3be0ea739723f70d5cd41dfd57894d84bdea
4556,113.9,1.4223,19.7587,False,7,mechanical_001,694e94943eba5ec86f88e0f45b9a3be0ea739723f70d5cd41dfd57894d84bdea
4557,113.925,1.4226,19.7899,False,7,mechanical_001,694e94943eba5ec86f88e0f45b9a3be0ea739723f70d5cd41dfd57894d84bdea
4558,113.95,1.4229,19.8183,False,7,mechanical_001,694e94943eba5ec86f88e0f45b9a3be0ea739723f70d5cd41dfd57894d84bdea
4559,113.975,1.4233,19.8441,False,7,mechanical_001,694e94943eba5ec86f88e0f45b9a3be0ea739723f70d5cd41dfd57894d84bdea
4560,114.0,1.4236,19.8724,False,7,mechanical_001,694e94943eba5ec86f88e0f45b9a3be0ea739723f70d5cd41dfd57894d84bdea
4561,114.025,1.4239,19.8964,False,7,mechanical_001,694e94943eba5ec86f88e0f45b9a3be0ea739723f70d5cd41dfd57894d84bdea
4562,114.05,1.4242,19.9103,False,7,mechanical_001,694e94943eba5ec86f88e0f45b9a3be0ea739723f70d5cd41dfd57894d84bdea
4563,114.075,1.4245,19.9228,False,7,mechanical_001,694e94943eba5ec86f88e0f45b9a3be0ea739723f70d5cd41dfd57894d84bdea
4564,114.1,1.4249,19.9319,False,7,mechanical_001,694e94943eba5ec86f88e0f45b9a3be0ea739723f70d5cd41dfd57894d84bdea
4565,114.125,1.4252,19.9443,False,7,mechanical_001,694e94943eba5ec86f88e0f45b9a3be0ea739723f70d5cd41dfd57894d84bdea
4566,114.15,1.4255,19.957,False,7,mechanical_001,694e94943eba5ec86f88e0f45b9a3be0ea739723f70d5cd41dfd57894d84bdea
4567,114.175,1.4258,19.9702,False,7,mechanical_001,694e94943eba5ec86f88e0f45b9a3be0ea739723f70d5cd41dfd57894d84bdea
4568,114.2,1.4261,19.9794,False,7,mechanical_001,694e94943eba5ec86f88e0f45b9a3be0ea739723f70d5cd41dfd57894d84bdea
4569,114.225,1.4264,19.9798,False,7,mechanical_001,694e94943eba5ec86f88e0f45b9a3be0ea739723f70d5cd41dfd57894d84bdea
4570,114.25,1.4267,19.9827,False,7,mechanical_001,694e94943eba5ec86f88e0f45b9a3be0ea739723f70d5cd41dfd57894d84bdea
4571,114.275,1.427,19.9907,False,7,mechanical_001,694e94943eba5ec86f88e0f45b9a3be0ea739723f70d5cd41dfd57894d84bdea
4572,114.3,1.4274,20.001,False,7,mechanical_001,694e94943eba5ec86f88e0f45b9a3be0ea739723f70d5cd41dfd57894d84bdea
4573,114.325,1.4277,20.0099,False,7,mechanical_001,694e94943eba5ec86f88e0f45b9a3be0ea739723f70d5cd41dfd57894d84bdea
4574,114.35,1.428,20.0241,False,7,mechanical_001,694e94943eba5ec86f88e0f45b9a3be0ea739723f70d5cd41dfd57894d84bdea
4575,114.375,1.4283,20.0403,False,7,mechanical_001,694e94943eba5ec86f88e0f45b9a3be0ea739723f70d5cd41dfd57894d84bdea
4576,114.4,1.4286,20.056,False,7,mechanical_001,694e94943eba5ec86f88e0f45b9a3be0ea739723f70d5cd41dfd57894d84bdea
4577,114.425,1.4289,20.0732,False,7,mechanical_001,694e94943eba5ec86f88e0f45b9a3be0ea739723f70d5cd41dfd57894d84bdea
4578,114.45,1.4293,20.0939,False,7,mechanical_001,694e94943eba5ec86f88e0f45b9a3be0ea739723f70d5cd41dfd57894d84bdea
4579,114.475,1.4296,20.1034,False,7,mechanical_001,694e94943eba5ec86f88e0f45b9a3be0ea739723f70d5cd41dfd57894d84bdea
4580,114.5,1.4299,20.1032,False,7,mechanical_001,694e94943eba5ec86f88e0f45b9a3be0ea739723f70d5cd41dfd57894d84bdea
4581,114.525,1.4302,20.1023,False,7,mechanical_001,694e94943eba5ec86f88e0f45b9a3be0ea739723f70d5cd41dfd57894d84bdea
4582,114.55,1.4305,20.1088,False,7,mechanical_001,694e94943eba5ec86f88e0f45b9a3be0ea739723f70d5cd41dfd57894d84bdea
4583,114.575,1.4308,20.1232,False,7,mechanical_001,694e94943eba5ec86f88e0f45b9a3be0ea739723f70d5cd41dfd57894d84bdea
4584,114.6,1.4311,20.1467,False,7,mechanical_001,694e94943eba5ec86f88e0f45b9a3be0ea739723f70d5cd41dfd57894d84bdea
4585,114.625,1.4314,20.171,False,7,mechanical_001,694e94943eba5ec86f88e0f45b9a3be0ea739723f70d5cd41dfd57894d84bdea
4586,114.65,1.4318,20.1964,False,7,mechanical_001,694e94943eba5ec86f88e0f45b9a3be0ea739723f70d5cd41dfd57894d84bdea
4587,114.675,1.4321,20.2266,False,7,mechanical_001,694e94943eba5ec86f88e0f45b9a3be0ea739723f70d5cd41dfd57894d84bdea
4588,114.7,1.4324,20.2587,False,7,mechanical_001,694e94943eba5ec86f88e0f45b9a3be0ea739723f70d5cd41dfd57894d84bdea
4589,114.725,1.4327,20.2907,False,7,mechanical_001,694e94943eba5ec86f88e0f45b9a3be0ea739723f70d5cd41dfd57894d84bdea
4590,114.75,1.4331,20.3232,False,7,mechanical_001,694e94943eba5ec86f88e0f45b9a3be0ea739723f70d5cd41dfd57894d84bdea
4591,114.775,1.4334,20.3562,False,7,mechanical_001,694e94943eba5ec86f88e0f45b9a3be0ea739723f70d5cd41dfd57894d84bdea
4592,114.8,1.4337,20.3921,False,7,mechanical_001,694e94943eba5ec86f88e0f45b9a3be0ea739723f70d5cd41dfd57894d84bdea
4593,114.825,1.434,20.429,False,7,mechanical_001,694e94943eba5ec86f88e0f45b9a3be0ea739723f70d5cd41dfd57894d84bdea
4594,114.85,1.4344,20.4631,False,7,mechanical_001,694e94943eba5ec86f88e0f45b9a3be0ea739723f70d5cd41dfd57894d84bdea
4595,114.875,1.4347,20.4928,False,7,mechanical_001,694e94943eba5ec86f88e0f45b9a3be0ea739723f70d5cd41dfd57894d84bdea
4596,114.9,1.435,20.5206,False,7,mechanical_001,694e94943eba5ec86f88e0f45b9a3be0ea739723f70d5cd41dfd57894d84bdea
4597,114.925,1.4354,20.5514,False,7,mechanical_001,694e94943eba5ec86f88e0f45b9a3be0ea739723f70d5cd41dfd57894d84bdea
4598,114.95,1.4357,20.5834,False,7,mechanical_001,694e94943eba5ec86f88e0f45b9a3be0ea739723f70d5cd41dfd57894d84bdea
4599,114.975,1.436,20.5995,False,7,mechanical_001,694e94943eba5ec86f88e0f45b9a3be0ea739723f70d5cd41dfd57894d84bdea
4600,115.0,1.4363,20.5989,False,7,mechanical_001,694e94943eba5ec86f88e0f45b9a3be0ea739723f70d5cd41dfd57894d84bdea
4601,115.025,1.4366,20.5983,False,7,mechanical_001,694e94943eba5ec86f88e0f45b9a3be0ea739723f70d5cd41dfd57894d84bdea
4602,115.05,1.4369,20.5921,False,7,mechanical_001,694e94943eba5ec86f88e0f45b9a3be0ea739723f70d5cd41dfd57894d84bdea
4603,115.075,1.4373,20.5877,False,7,mechanical_001,694e94943eba5ec86f88e0f45b9a3be0ea739723f70d5cd41dfd57894d84bdea
4604,115.1,1.4376,20.5845,False,7,mechanical_001,694e94943eba5ec86f88e0f45b9a3be0ea739723f70d5cd41dfd57894d84bdea
4605,115.125,1.4379,20.5906,False,7,mechanical_001,694e94943eba5ec86f88e0f45b9a3be0ea739723f70d5cd41dfd57894d84bdea
4606,115.15,1.4382,20.613,False,7,mechanical_001,694e94943eba5ec86f88e0f45b9a3be0ea739723f70d5cd41dfd57894d84bdea
4607,115.175,1.4385,20.6364,False,7,mechanical_001,694e94943eba5ec86f88e0f45b9a3be0ea739723f70d5cd41dfd57894d84bdea
4608,115.2,1.4388,20.6618,False,7,mechanical_001,694e94943eba5ec86f88e0f45b9a3be0ea739723f70d5cd41dfd57894d84bdea
4609,115.225,1.4391,20.6933,False,7,mechanical_001,694e94943eba5ec86f88e0f45b9a3be0ea739723f70d5cd41dfd57894d84bdea
4610,115.25,1.4395,20.7267,False,7,mechanical_001,694e94943eba5ec86f88e0f45b9a3be0ea739723f70d5cd41dfd57894d84bdea
4611,115.275,1.4398,20.7506,False,7,mechanical_001,694e94943eba5ec86f88e0f45b9a3be0ea739723f70d5cd41dfd57894d84bdea
4612,115.3,1.4401,20.7679,False,7,mechanical_001,694e94943eba5ec86f88e0f45b9a3be0ea739723f70d5cd41dfd57894d84bdea
4613,115.325,1.4404,20.7825,False,7,mechanical_001,694e94943eba5ec86f88e0f45b9a3be0ea739723f70d5cd41dfd57894d84bdea
4614,115.35,1.4407,20.7989,False,7,mechanical_001,694e94943eba5ec86f88e0f45b9a3be0ea739723f70d5cd41dfd57894d84bdea
4615,115.375,1.441,20.8102,False,7,mechanical_001,694e94943eba5ec86f88e0f45b9a3be0ea739723f70d5cd41dfd57894d84bdea
4616,115.4,1.4414,20.8246,False,7,mechanical_001,694e94943eba5ec86f88e0f45b9a3be0ea739723f70d5cd41dfd57894d84bdea
4617,115.425,1.4417,20.8364,False,7,mechanical_001,694e94943eba5ec86f88e0f45b9a3be0ea739723f70d5cd41dfd57894d84bdea
4618,115.45,1.442,20.8593,False,7,mechanical_001,694e94943eba5ec86f88e0f45b9a3be0ea739723f70d5cd41dfd57894d84bdea
4619,115.475,1.4423,20.8877,False,7,mechanical_001,694e94943eba5ec86f88e0f45b9a3be0ea739723f70d5cd41dfd57894d84bdea
4620,115.5,1.4426,20.9212,False,7,mechanical_001,694e94943eba5ec86f88e0f45b9a3be0ea739723f70d5cd41dfd57894d84bdea
4621,115.525,1.443,20.9581,False,7,mechanical_001,694e94943eba5ec86f88e0f45b9a3be0ea739723f70d5cd41dfd57894d84bdea
4622,115.55,1.4433,20.9923,False,7,mechanical_001,694e94943eba5ec86f88e0f45b9a3be0ea739723f70d5cd41dfd57894d84bdea
4623,115.575,1.4436,21.0162,False,7,mechanical_001,694e94943eba5ec86f88e0f45b9a3be0ea739723f70d5cd41dfd57894d84bdea
4624,115.6,1.4439,21.0289,False,7,mechanical_001,694e94943eba5ec86f88e0f45b9a3be0ea739723f70d5cd41dfd57894d84bdea
4625,115.625,1.4443,21.0417,False,7,mechanical_001,694e94943eba5ec86f88e0f45b9a3be0ea739723f70d5cd41dfd57894d84bdea
4626,115.65,1.4446,21.0466,False,7,mechanical_001,694e94943eba5ec86f88e0f45b9a3be0ea739723f70d5cd41dfd57894d84bdea
4627,115.675,1.4449,21.0423,False,7,mechanical_001,694e94943eba5ec86f88e0f45b9a3be0ea739723f70d5cd41dfd57894d84bdea
4628,115.7,1.4452,21.0342,False,7,mechanical_001,694e94943eba5ec86f88e0f45b9a3be0ea739723f70d5cd41dfd57894d84bdea
4629,115.725,1.4455,21.0197,False,7,mechanical_001,694e94943eba5ec86f88e0f45b9a3be0ea739723f70d5cd41dfd57894d84bdea
4630,115.75,1.4458,20.9994,False,7,mechanical_001,694e94943eba5ec86f88e0f45b9a3be0ea739723f70d5cd41dfd57894d84bdea
4631,115.775,1.4461,20.9761,False,7,mechanical_001,694e94943eba5ec86f88e0f45b9a3be0ea739723f70d5cd41dfd57894d84bdea
4632,115.8,1.4464,20.9605,False,7,mechanical_001,694e94943eba5ec86f88e0f45b9a3be0ea739723f70d5cd41dfd57894d84bdea
4633,115.825,1.4467,20.9563,False,7,mechanical_001,694e94943eba5ec86f88e0f45b9a3be0ea739723f70d5cd41dfd57894d84bdea
4634,115.85,1.447,20.9555,False,7,mechanical_001,694e94943eba5ec86f88e0f45b9a3be0ea739723f70d5cd41dfd57894d84bdea
4635,115.875,1.4473,20.9696,False,7,mechanical_001,694e94943eba5ec86f88e0f45b9a3be0ea739723f70d5cd41dfd57894d84bdea
4636,115.9,1.4476,20.984,False,7,mechanical_001,694e94943eba5ec86f88e0f45b9a3be0ea739723f70d5cd41dfd57894d84bdea
4637,115.925,1.4479,20.9942,False,7,mechanical_001,694e94943eba5ec86f88e0f45b9a3be0ea739723f70d5cd41dfd57894d84bdea
4638,115.95,1.4482,21.0079,False,7,mechanical_001,694e94943eba5ec86f88e0f45b9a3be0ea739723f70d5cd41dfd57894d84bdea
4639,115.975,1.4485,21.0254,False,7,mechanical_001,694e94943eba5ec86f88e0f45b9a3be0ea739723f70d5cd41dfd57894d84bdea
4640,116.0,1.4488,21.0454,False,7,mechanical_001,694e94943eba5ec86f88e0f45b9a3be0ea739723f70d5cd41dfd57894d84bdea
4641,116.025,1.4491,21.0734,False,7,mechanical_001,694e94943eba5ec86f88e0f45b9a3be0ea739723f70d5cd41dfd57894d84bdea
4642,116.05,1.4495,21.0952,False,7,mechanical_001,694e94943eba5ec86f88e0f45b9a3be0ea739723f70d5cd41dfd57894d84bdea
4643,116.075,1.4498,21.1125,False,7,mechanical_001,694e94943eba5ec86f88e0f45b9a3be0ea739723f70d5cd41dfd57894d84bdea
4644,116.1,1.4501,21.1246,False,7,mechanical_001,694e94943eba5ec86f88e0f45b9a3be0ea739723f70d5cd41dfd57894d84bdea
4645,116.125,1.4504,21.135,False,7,mechanical_001,694e94943eba5ec86f88e0f45b9a3be0ea739723f70d5cd41dfd57894d84bdea
4646,116.15,1.4507,21.1376,False,7,mechanical_001,694e94943eba5ec86f88e0f45b9a3be0ea739723f70d5cd41dfd57894d84bdea
4647,116.175,1.451,21.1431,False,7,mechanical_001,694e94943eba5ec86f88e0f45b9a3be0ea739723f70d5cd41dfd57894d84bdea
4648,116.2,1.4513,21.1552,False,7,mechanical_001,694e94943eba5ec86f88e0f45b9a3be0ea739723f70d5cd41dfd57894d84bdea
4649,116.225,1.4516,21.1696,False,7,mechanical_001,694e94943eba5ec86f88e0f45b9a3be0ea739723f70d5cd41dfd57894d84bdea
4650,116.25,1.4519,21.1862,False,7,mechanical_001,694e94943eba5ec86f88e0f45b9a3be0ea739723f70d5cd41dfd57894d84bdea
4651,116.275,1.4522,21.2135,False,7,mechanical_001,694e94943eba5ec86f88e0f45b9a3be0ea739723f70d5cd41dfd57894d84bdea
4652,116.3,1.4526,21.2389,False,7,mechanical_001,694e94943eba5ec86f88e0f45b9a3be0ea739723f70d5cd41dfd57894d84bdea
4653,116.325,1.4529,21.2576,False,7,mechanical_001,694e94943eba5ec86f88e0f45b9a3be0ea739723f70d5cd41dfd57894d84bdea
4654,116.35,1.4532,21.267,False,7,mechanical_001,694e94943eba5ec86f88e0f45b9a3be0ea739723f70d5cd41dfd57894d84bdea
4655,116.375,1.4535,21.2733,False,7,mechanical_001,694e94943eba5ec86f88e0f45b9a3be0ea739723f70d5cd41dfd57894d84bdea
4656,116.4,1.4538,21.2813,False,7,mechanical_001,694e94943eba5ec86f88e0f45b9a3be0ea739723f70d5cd41dfd57894d84bdea
4657,116.425,1.4541,21.2935,False,7,mechanical_001,694e94943eba5ec86f88e0f45b9a3be0ea739723f70d5cd41dfd57894d84bdea
4658,116.45,1.4544,21.2959,False,7,mechanical_001,694e94943eba5ec86f88e0f45b9a3be0ea739723f70d5cd41dfd57894d84bdea
4659,116.475,1.4547,21.2942,False,7,mechanical_001,694e94943eba5ec86f88e0f45b9a3be0ea739723f70d5cd41dfd57894d84bdea
4660,116.5,1.455,21.2904,False,7,mechanical_001,694e94943eba5ec86f88e0f45b9a3be0ea739723f70d5cd41dfd57894d84bdea
4661,116.525,1.4553,21.291,False,7,mechanical_001,694e94943eba5ec86f88e0f45b9a3be0ea739723f70d5cd41dfd57894d84bdea
4662,116.55,1.4556,21.304,False,7,mechanical_001,694e94943eba5ec86f88e0f45b9a3be0ea739723f70d5cd41dfd57894d84bdea
4663,116.575,1.4559,21.3256,False,7,mechanical_001,694e94943eba5ec86f88e0f45b9a3be0ea739723f70d5cd41dfd57894d84bdea
4664,116.6,1.4562,21.3496,False,7,mechanical_001,694e94943eba5ec86f88e0f45b9a3be0ea739723f70d5cd41dfd57894d84bdea
4665,116.625,1.4566,21.3717,False,7,mechanical_001,694e94943eba5ec86f88e0f45b9a3be0ea739723f70d5cd41dfd57894d84bdea
4666,116.65,1.4569,21.3861,False,7,mechanical_001,694e94943eba5ec86f88e0f45b9a3be0ea739723f70d5cd41dfd57894d84bdea
4667,116.675,1.4572,21.4023,False,7,mechanical_001,694e94943eba5ec86f88e0f45b9a3be0ea739723f70d5cd41dfd57894d84bdea
4668,116.7,1.4575,21.4127,False,7,mechanical_001,694e94943eba5ec86f88e0f45b9a3be0ea739723f70d5cd41dfd57894d84bdea
4669,116.725,1.4578,21.4255,False,7,mechanical_001,694e94943eba5ec86f88e0f45b9a3be0ea739723f70d5cd41dfd57894d84bdea
4670,116.75,1.4581,21.4373,False,7,mechanical_001,694e94943eba5ec86f88e0f45b9a3be0ea739723f70d5cd41dfd57894d84bdea
4671,116.775,1.4584,21.4598,False,7,mechanical_001,694e94943eba5ec86f88e0f45b9a3be0ea739723f70d5cd41dfd57894d84bdea
4672,116.8,1.4587,21.4799,False,7,mechanical_001,694e94943eba5ec86f88e0f45b9a3be0ea739723f70d5cd41dfd57894d84bdea
4673,116.825,1.459,21.4935,False,7,mechanical_001,694e94943eba5ec86f88e0f45b9a3be0ea739723f70d5cd41dfd57894d84bdea
4674,116.85,1.4593,21.5068,False,7,mechanical_001,694e94943eba5ec86f88e0f45b9a3be0ea739723f70d5cd41dfd57894d84bdea
4675,116.875,1.4596,21.5238,False,7,mechanical_001,694e94943eba5ec86f88e0f45b9a3be0ea739723f70d5cd41dfd57894d84bdea
4676,116.9,1.46,21.5404,False,7,mechanical_001,694e94943eba5ec86f88e0f45b9a3be0ea739723f70d5cd41dfd57894d84bdea
4677,116.925,1.4603,21.5583,False,7,mechanical_001,694e94943eba5ec86f88e0f45b9a3be0ea739723f70d5cd41dfd57894d84bdea
4678,116.95,1.4606,21.581,False,7,mechanical_001,694e94943eba5ec86f88e0f45b9a3be0ea739723f70d5cd41dfd57894d84bdea
4679,116.975,1.4609,21.6089,False,7,mechanical_001,694e94943eba5ec86f88e0f45b9a3be0ea739723f70d5cd41dfd57894d84bdea
4680,117.0,1.4612,21.6353,False,7,mechanical_001,694e94943eba5ec86f88e0f45b9a3be0ea739723f70d5cd41dfd57894d84bdea
4681,117.025,1.4615,21.6568,False,7,mechanical_001,694e94943eba5ec86f88e0f45b9a3be0ea739723f70d5cd41dfd57894d84bdea
4682,117.05,1.4618,21.6815,False,7,mechanical_001,694e94943eba5ec86f88e0f45b9a3be0ea739723f70d5cd41dfd57894d84bdea
4683,117.075,1.4622,21.7118,False,7,mechanical_001,694e94943eba5ec86f88e0f45b9a3be0ea739723f70d5cd41dfd57894d84bdea
4684,117.1,1.4625,21.7369,False,7,mechanical_001,694e94943eba5ec86f88e0f45b9a3be0ea739723f70d5cd41dfd57894d84bdea
4685,117.125,1.4628,21.7615,False,7,mechanical_001,694e94943eba5ec86f88e0f45b9a3be0ea739723f70d5cd41dfd57894d84bdea
4686,117.15,1.4631,21.7966,False,7,mechanical_001,694e94943eba5ec86f88e0f45b9a3be0ea739723f70d5cd41dfd57894d84bdea
4687,117.175,1.4635,21.8437,False,7,mechanical_001,694e94943eba5ec86f88e0f45b9a3be0ea739723f70d5cd41dfd57894d84bdea
4688,117.2,1.4638,21.8823,False,7,mechanical_001,694e94943eba5ec86f88e0f45b9a3be0ea739723f70d5cd41dfd57894d84bdea
4689,117.225,1.4641,21.9247,False,7,mechanical_001,694e94943eba5ec86f88e0f45b9a3be0ea739723f70d5cd41dfd57894d84bdea
4690,117.25,1.4645,21.9667,False,7,mechanical_001,694e94943eba5ec86f88e0f45b9a3be0ea739723f70d5cd41dfd57894d84bdea
4691,117.275,1.4648,22.0001,False,7,mechanical_001,694e94943eba5ec86f88e0f45b9a3be0ea739723f70d5cd41dfd57894d84bdea
4692,117.3,1.4651,22.0305,False,7,mechanical_001,694e94943eba5ec86f88e0f45b9a3be0ea739723f70d5cd41dfd57894d84bdea
4693,117.325,1.4654,22.0386,False,7,mechanical_001,694e94943eba5ec86f88e0f45b9a3be0ea739723f70d5cd41dfd57894d84bdea
4694,117.35,1.4658,22.0288,False,7,mechanical_001,694e94943eba5ec86f88e0f45b9a3be0ea739723f70d5cd41dfd57894d84bdea
4695,117.375,1.4661,22.0235,False,7,mechanical_001,694e94943eba5ec86f88e0f45b9a3be0ea739723f70d5cd41dfd57894d84bdea
4696,117.4,1.4664,22.0225,False,7,mechanical_001,694e94943eba5ec86f88e0f45b9a3be0ea739723f70d5cd41dfd57894d84bdea
4697,117.425,1.4667,22.0216,False,7,mechanical_001,694e94943eba5ec86f88e0f45b9a3be0ea739723f70d5cd41dfd57894d84bdea
4698,117.45,1.467,22.0228,False,7,mechanical_001,694e94943eba5ec86f88e0f45b9a3be0ea739723f70d5cd41dfd57894d84bdea
4699,117.475,1.4673,22.0306,False,7,mechanical_001,694e94943eba5ec86f88e0f45b9a3be0ea739723f70d5cd41dfd57894d84bdea
4700,117.5,1.4676,22.0424,False,7,mechanical_001,694e94943eba5ec86f88e0f45b9a3be0ea739723f70d5cd41dfd57894d84bdea
4701,117.525,1.468,22.0658,False,7,mechanical_001,694e94943eba5ec86f88e0f45b9a3be0ea739723f70d5cd41dfd57894d84bdea
4702,117.55,1.4683,22.1016,False,7,mechanical_001,694e94943eba5ec86f88e0f45b9a3be0ea739723f70d5cd41dfd57894d84bdea
4703,117.575,1.4686,22.1408,False,7,mechanical_001,694e94943eba5ec86f88e0f45b9a3be0ea739723f70d5cd41dfd57894d84bdea
4704,117.6,1.469,22.1723,False,7,mechanical_001,694e94943eba5ec86f88e0f45b9a3be0ea739723f70d5cd41dfd57894d84bdea
4705,117.625,1.4693,22.203,False,7,mechanical_001,694e94943eba5ec86f88e0f45b9a3be0ea739723f70d5cd41dfd57894d84bdea
4706,117.65,1.4696,22.2381,False,7,mechanical_001,694e94943eba5ec86f88e0f45b9a3be0ea739723f70d5cd41dfd57894d84bdea
4707,117.675,1.47,22.2643,False,7,mechanical_001,694e94943eba5ec86f88e0f45b9a3be0ea739723f70d5cd41dfd57894d84bdea
4708,117.7,1.4703,22.2615,False,7,mechanical_001,694e94943eba5ec86f88e0f45b9a3be0ea739723f70d5cd41dfd57894d84bdea
4709,117.725,1.4706,22.2407,False,7,mechanical_001,694e94943eba5ec86f88e0f45b9a3be0ea739723f70d5cd41dfd57894d84bdea
4710,117.75,1.4709,22.2143,False,7,mechanical_001,694e94943eba5ec86f88e0f45b9a3be0ea739723f70d5cd41dfd57894d84bdea
4711,117.775,1.4712,22.193,False,7,mechanical_001,694e94943eba5ec86f88e0f45b9a3be0ea739723f70d5cd41dfd57894d84bdea
4712,117.8,1.4715,22.1713,False,7,mechanical_001,694e94943eba5ec86f88e0f45b9a3be0ea739723f70d5cd41dfd57894d84bdea
4713,117.825,1.4718,22.1614,False,7,mechanical_001,694e94943eba5ec86f88e0f45b9a3be0ea739723f70d5cd41dfd57894d84bdea
4714,117.85,1.4721,22.1557,False,7,mechanical_001,694e94943eba5ec86f88e0f45b9a3be0ea739723f70d5cd41dfd57894d84bdea
4715,117.875,1.4724,22.1561,False,7,mechanical_001,694e94943eba5ec86f88e0f45b9a3be0ea739723f70d5cd41dfd57894d84bdea
4716,117.9,1.4727,22.1594,False,7,mechanical_001,694e94943eba5ec86f88e0f45b9a3be0ea739723f70d5cd41dfd57894d84bdea
4717,117.925,1.473,22.1626,False,7,mechanical_001,694e94943eba5ec86f88e0f45b9a3be0ea739723f70d5cd41dfd57894d84bdea
4718,117.95,1.4734,22.1605,False,7,mechanical_001,694e94943eba5ec86f88e0f45b9a3be0ea739723f70d5cd41dfd57894d84bdea
4719,117.975,1.4737,22.1508,False,7,mechanical_001,694e94943eba5ec86f88e0f45b9a3be0ea739723f70d5cd41dfd57894d84bdea
4720,118.0,1.474,22.1444,False,7,mechanical_001,694e94943eba5ec86f88e0f45b9a3be0ea739723f70d5cd41dfd57894d84bdea
4721,118.025,1.4743,22.1455,False,7,mechanical_001,694e94943eba5ec86f88e0f45b9a3be0ea739723f70d5cd41dfd57894d84bdea
4722,118.05,1.4746,22.1385,False,7,mechanical_001,694e94943eba5ec86f88e0f45b9a3be0ea739723f70d5cd41dfd57894d84bdea
4723,118.075,1.4749,22.1316,False,7,mechanical_001,694e94943eba5ec86f88e0f45b9a3be0ea739723f70d5cd41dfd57894d84bdea
4724,118.1,1.4752,22.1273,False,7,mechanical_001,694e94943eba5ec86f88e0f45b9a3be0ea739723f70d5cd41dfd57894d84bdea
4725,118.125,1.4755,22.1256,False,7,mechanical_001,694e94943eba5ec86f88e0f45b9a3be0ea739723f70d5cd41dfd57894d84bdea
4726,118.15,1.4758,22.1298,False,7,mechanical_001,694e94943eba5ec86f88e0f45b9a3be0ea739723f70d5cd41dfd57894d84bdea
4727,118.175,1.4761,22.1351,False,7,mechanical_001,694e94943eba5ec86f88e0f45b9a3be0ea739723f70d5cd41dfd57894d84bdea
4728,118.2,1.4764,22.1393,False,7,mechanical_001,694e94943eba5ec86f88e0f45b9a3be0ea739723f70d5cd41dfd57894d84bdea
4729,118.225,1.4767,22.1525,False,7,mechanical_001,694e94943eba5ec86f88e0f45b9a3be0ea739723f70d5cd41dfd57894d84bdea
4730,118.25,1.477,22.1786,False,7,mechanical_001,694e94943eba5ec86f88e0f45b9a3be0ea739723f70d5cd41dfd57894d84bdea
4731,118.275,1.4773,22.2029,False,7,mechanical_001,694e94943eba5ec86f88e0f45b9a3be0ea739723f70d5cd41dfd57894d84bdea
4732,118.3,1.4776,22.2135,False,7,mechanical_001,694e94943eba5ec86f88e0f45b9a3be0ea739723f70d5cd41dfd57894d84bdea
4733,118.325,1.478,22.2124,False,7,mechanical_001,694e94943eba5ec86f88e0f45b9a3be0ea739723f70d5cd41dfd57894d84bdea
4734,118.35,1.4782,22.2019,False,7,mechanical_001,694e94943eba5ec86f88e0f45b9a3be0ea739723f70d5cd41dfd57894d84bdea
4735,118.375,1.4785,22.1917,False,7,mechanical_001,694e94943eba5ec86f88e0f45b9a3be0ea739723f70d5cd41dfd57894d84bdea
4736,118.4,1.4788,22.1754,False,7,mechanical_001,694e94943eba5ec86f88e0f45b9a3be0ea739723f70d5cd41dfd57894d84bdea
4737,118.425,1.4791,22.17,False,7,mechanical_001,694e94943eba5ec86f88e0f45b9a3be0ea739723f70d5cd41dfd57894d84bdea
4738,118.45,1.4794,22.1734,False,7,mechanical_001,694e94943eba5ec86f88e0f45b9a3be0ea739723f70d5cd41dfd57894d84bdea
4739,118.475,1.4797,22.1838,False,7,mechanical_001,694e94943eba5ec86f88e0f45b9a3be0ea739723f70d5cd41dfd57894d84bdea
4740,118.5,1.48,22.2049,False,7,mechanical_001,694e94943eba5ec86f88e0f45b9a3be0ea739723f70d5cd41dfd57894d84bdea
4741,118.525,1.4804,22.235,False,7,mechanical_001,694e94943eba5ec86f88e0f45b9a3be0ea739723f70d5cd41dfd57894d84bdea
4742,118.55,1.4807,22.2648,False,7,mechanical_001,694e94943eba5ec86f88e0f45b9a3be0ea739723f70d5cd41dfd57894d84bdea
4743,118.575,1.481,22.2939,False,7,mechanical_001,694e94943eba5ec86f88e0f45b9a3be0ea739723f70d5cd41dfd57894d84bdea
4744,118.6,1.4813,22.3132,False,7,mechanical_001,694e94943eba5ec86f88e0f45b9a3be0ea739723f70d5cd41dfd57894d84bdea
4745,118.625,1.4816,22.3353,False,7,mechanical_001,694e94943eba5ec86f88e0f45b9a3be0ea739723f70d5cd41dfd57894d84bdea
4746,118.65,1.4819,22.3575,False,7,mechanical_001,694e94943eba5ec86f88e0f45b9a3be0ea739723f70d5cd41dfd57894d84bdea
4747,118.675,1.4822,22.3761,False,7,mechanical_001,694e94943eba5ec86f88e0f45b9a3be0ea739723f70d5cd41dfd57894d84bdea
4748,118.7,1.4826,22.3857,False,7,mechanical_001,694e94943eba5ec86f88e0f45b9a3be0ea739723f70d5cd41dfd57894d84bdea
4749,118.725,1.4829,22.3874,False,7,mechanical_001,694e94943eba5ec86f88e0f45b9a3be0ea739723f70d5cd41dfd57894d84bdea
4750,118.75,1.4832,22.3834,False,7,mechanical_001,694e94943eba5ec86f88e0f45b9a3be0ea739723f70d5cd41dfd57894d84bdea
4751,118.775,1.4835,22.3752,False,7,mechanical_001,694e94943eba5ec86f88e0f45b9a3be0ea739723f70d5cd41dfd57894d84bdea
4752,118.8,1.4838,22.3621,False,7,mechanical_001,694e94943eba5ec86f88e0f45b9a3be0ea739723f70d5cd41dfd57894d84bdea
4753,118.825,1.4841,22.3495,False,7,mechanical_001,694e94943eba5ec86f88e0f45b9a3be0ea739723f70d5cd41dfd57894d84bdea
4754,118.85,1.4843,22.3323,False,7,mechanical_001,694e94943eba5ec86f88e0f45b9a3be0ea739723f70d5cd41dfd57894d84bdea
4755,118.875,1.4846,22.3107,False,7,mechanical_001,694e94943eba5ec86f88e0f45b9a3be0ea739723f70d5cd41dfd57894d84bdea
4756,118.9,1.4849,22.2882,False,7,mechanical_001,694e94943eba5ec86f88e0f45b9a3be0ea739723f70d5cd41dfd57894d84bdea
4757,118.925,1.4852,22.2665,False,7,mechanical_001,694e94943eba5ec86f88e0f45b9a3be0ea739723f70d5cd41dfd57894d84bdea
4758,118.95,1.4855,22.2587,False,7,mechanical_001,694e94943eba5ec86f88e0f45b9a3be0ea739723f70d5cd41dfd57894d84bdea
4759,118.975,1.4858,22.2635,False,7,mechanical_001,694e94943eba5ec86f88e0f45b9a3be0ea739723f70d5cd41dfd57894d84bdea
4760,119.0,1.4861,22.2771,False,7,mechanical_001,694e94943eba5ec86f88e0f45b9a3be0ea739723f70d5cd41dfd57894d84bdea
4761,119.025,1.4864,22.3012,False,7,mechanical_001,694e94943eba5ec86f88e0f45b9a3be0ea739723f70d5cd41dfd57894d84bdea
4762,119.05,1.4867,22.3277,False,7,mechanical_001,694e94943eba5ec86f88e0f45b9a3be0ea739723f70d5cd41dfd57894d84bdea
4763,119.075,1.487,22.3595,False,7,mechanical_001,694e94943eba5ec86f88e0f45b9a3be0ea739723f70d5cd41dfd57894d84bdea
4764,119.1,1.4873,22.3848,False,7,mechanical_001,694e94943eba5ec86f88e0f45b9a3be0ea739723f70d5cd41dfd57894d84bdea
4765,119.125,1.4876,22.4025,False,7,mechanical_001,694e94943eba5ec86f88e0f45b9a3be0ea739723f70d5cd41dfd57894d84bdea
4766,119.15,1.488,22.4092,False,7,mechanical_001,694e94943eba5ec86f88e0f45b9a3be0ea739723f70d5cd41dfd57894d84bdea
4767,119.175,1.4883,22.4082,False,7,mechanical_001,694e94943eba5ec86f88e0f45b9a3be0ea739723f70d5cd41dfd57894d84bdea
4768,119.2,1.4886,22.4029,False,7,mechanical_001,694e94943eba5ec86f88e0f45b9a3be0ea739723f70d5cd41dfd57894d84bdea
4769,119.225,1.4889,22.4001,False,7,mechanical_001,694e94943eba5ec86f88e0f45b9a3be0ea739723f70d5cd41dfd57894d84bdea
4770,119.25,1.4892,22.3976,False,7,mechanical_001,694e94943eba5ec86f88e0f45b9a3be0ea739723f70d5cd41dfd57894d84bdea
4771,119.275,1.4895,22.3982,False,7,mechanical_001,694e94943eba5ec86f88e0f45b9a3be0ea739723f70d5cd41dfd57894d84bdea
4772,119.3,1.4898,22.4008,False,7,mechanical_001,694e94943eba5ec86f88e0f45b9a3be0ea739723f70d5cd41dfd57894d84bdea
4773,119.325,1.4901,22.4098,False,7,mechanical_001,694e94943eba5ec86f88e0f45b9a3be0ea739723f70d5cd41dfd57894d84bdea
4774,119.35,1.4904,22.417,False,7,mechanical_001,694e94943eba5ec86f88e0f45b9a3be0ea739723f70d5cd41dfd57894d84bdea
4775,119.375,1.4907,22.4156,False,7,mechanical_001,694e94943eba5ec86f88e0f45b9a3be0ea739723f70d5cd41dfd57894d84bdea
4776,119.4,1.491,22.4069,False,7,mechanical_001,694e94943eba5ec86f88e0f45b9a3be0ea739723f70d5cd41dfd57894d84bdea
4777,119.425,1.4913,22.3961,False,7,mechanical_001,694e94943eba5ec86f88e0f45b9a3be0ea739723f70d5cd41dfd57894d84bdea
4778,119.45,1.4916,22.3966,False,7,mechanical_001,694e94943eba5ec86f88e0f45b9a3be0ea739723f70d5cd41dfd57894d84bdea
4779,119.475,1.4919,22.395,False,7,mechanical_001,694e94943eba5ec86f88e0f45b9a3be0ea739723f70d5cd41dfd57894d84bdea
4780,119.5,1.4922,22.3923,False,7,mechanical_001,694e94943eba5ec86f88e0f45b9a3be0ea739723f70d5cd41dfd57894d84bdea
4781,119.525,1.4925,22.4048,False,7,mechanical_001,694e94943eba5ec86f88e0f45b9a3be0ea739723f70d5cd41dfd57894d84bdea
4782,119.55,1.4928,22.4407,False,7,mechanical_001,694e94943eba5ec86f88e0f45b9a3be0ea739723f70d5cd41dfd57894d84bdea
4783,119.575,1.4931,22.4746,False,7,mechanical_001,694e94943eba5ec86f88e0f45b9a3be0ea739723f70d5cd41dfd57894d84bdea
4784,119.6,1.4934,22.4946,False,7,mechanical_001,694e94943eba5ec86f88e0f45b9a3be0ea739723f70d5cd41dfd57894d84bdea
4785,119.625,1.4937,22.504,False,7,mechanical_001,694e94943eba5ec86f88e0f45b9a3be0ea739723f70d5cd41dfd57894d84bdea
4786,119.65,1.4941,22.5123,False,7,mechanical_001,694e94943eba5ec86f88e0f45b9a3be0ea739723f70d5cd41dfd57894d84bdea
4787,119.675,1.4944,22.5174,False,7,mechanical_001,694e94943eba5ec86f88e0f45b9a3be0ea739723f70d5cd41dfd57894d84bdea
4788,119.7,1.4947,22.526,False,7,mechanical_001,694e94943eba5ec86f88e0f45b9a3be0ea739723f70d5cd41dfd57894d84bdea
4789,119.725,1.495,22.5452,False,7,mechanical_001,694e94943eba5ec86f88e0f45b9a3be0ea739723f70d5cd41dfd57894d84bdea
4790,119.75,1.4953,22.5618,False,7,mechanical_001,694e94943eba5ec86f88e0f45b9a3be0ea739723f70d5cd41dfd57894d84bdea
4791,119.775,1.4956,22.5757,False,7,mechanical_001,694e94943eba5ec86f88e0f45b9a3be0ea739723f70d5cd41dfd57894d84bdea
4792,119.8,1.4959,22.5947,False,7,mechanical_001,694e94943eba5ec86f88e0f45b9a3be0ea739723f70d5cd41dfd57894d84bdea
4793,119.825,1.4963,22.6212,False,7,mechanical_001,694e94943eba5ec86f88e0f45b9a3be0ea739723f70d5cd41dfd57894d84bdea
4794,119.85,1.4966,22.6489,False,7,mechanical_001,694e94943eba5ec86f88e0f45b9a3be0ea739723f70d5cd41dfd57894d84bdea
4795,119.875,1.4969,22.6737,False,7,mechanical_001,694e94943eba5ec86f88e0f45b9a3be0ea739723f70d5cd41dfd57894d84bdea
4796,119.9,1.4972,22.6935,False,7,mechanical_001,694e94943eba5ec86f88e0f45b9a3be0ea739723f70d5cd41dfd57894d84bdea
4797,119.925,1.4975,22.707,False,7,mechanical_001,694e94943eba5ec86f88e0f45b9a3be0ea739723f70d5cd41dfd57894d84bdea
4798,119.95,1.4978,22.7161,False,7,mechanical_001,694e94943eba5ec86f88e0f45b9a3be0ea739723f70d5cd41dfd57894d84bdea
4799,119.975,1.4982,22.7238,False,7,mechanical_001,694e94943eba5ec86f88e0f45b9a3be0ea739723f70d5cd41dfd57894d84bdea
4800,120.0,1.4985,22.7363,False,7,mechanical_001,694e94943eba5ec86f88e0f45b9a3be0ea739723f70d5cd41dfd57894d84bdea
4801,120.025,1.4988,22.7458,False,7,mechanical_001,694e94943eba5ec86f88e0f45b9a3be0ea739723f70d5cd41dfd57894d84bdea
4802,120.05,1.4991,22.7498,False,7,mechanical_001,694e94943eba5ec86f88e0f45b9a3be0ea739723f70d5cd41dfd57894d84bdea
4803,120.075,1.4994,22.7523,False,7,mechanical_001,694e94943eba5ec86f88e0f45b9a3be0ea739723f70d5cd41dfd57894d84bdea
4804,120.1,1.4997,22.7594,False,7,mechanical_001,694e94943eba5ec86f88e0f45b9a3be0ea739723f70d5cd41dfd57894d84bdea
4805,120.125,1.5,22.7677,False,7,mechanical_001,694e94943eba5ec86f88e0f45b9a3be0ea739723f70d5cd41dfd57894d84bdea
4806,120.15,1.5003,22.772,False,7,mechanical_001,694e94943eba5ec86f88e0f45b9a3be0ea739723f70d5cd41dfd57894d84bdea
4807,120.175,1.5006,22.7769,False,7,mechanical_001,694e94943eba5ec86f88e0f45b9a3be0ea739723f70d5cd41dfd57894d84bdea
4808,120.2,1.501,22.7864,False,7,mechanical_001,694e94943eba5ec86f88e0f45b9a3be0ea739723f70d5cd41dfd57894d84bdea
4809,120.225,1.5013,22.7976,False,7,mechanical_001,694e94943eba5ec86f88e0f45b9a3be0ea739723f70d5cd41dfd57894d84bdea
4810,120.25,1.5016,22.812,False,7,mechanical_001,694e94943eba5ec86f88e0f45b9a3be0ea739723f70d5cd41dfd57894d84bdea
4811,120.275,1.5019,22.8304,False,7,mechanical_001,694e94943eba5ec86f88e0f45b9a3be0ea739723f70d5cd41dfd57894d84bdea
4812,120.3,1.5022,22.8528,False,7,mechanical_001,694e94943eba5ec86f88e0f45b9a3be0ea739723f70d5cd41dfd57894d84bdea
4813,120.325,1.5026,22.8753,False,7,mechanical_001,694e94943eba5ec86f88e0f45b9a3be0ea739723f70d5cd41dfd57894d84bdea
4814,120.35,1.5029,22.8904,False,7,mechanical_001,694e94943eba5ec86f88e0f45b9a3be0ea739723f70d5cd41dfd57894d84bdea
4815,120.375,1.5032,22.9062,False,7,mechanical_001,694e94943eba5ec86f88e0f45b9a3be0ea739723f70d5cd41dfd57894d84bdea
4816,120.4,1.5035,22.935,False,7,mechanical_001,694e94943eba5ec86f88e0f45b9a3be0ea739723f70d5cd41dfd57894d84bdea
4817,120.425,1.5038,22.966,False,7,mechanical_001,694e94943eba5ec86f88e0f45b9a3be0ea739723f70d5cd41dfd57894d84bdea
4818,120.45,1.5042,22.9955,False,7,mechanical_001,694e94943eba5ec86f88e0f45b9a3be0ea739723f70d5cd41dfd57894d84bdea
4819,120.475,1.5045,23.0194,False,7,mechanical_001,694e94943eba5ec86f88e0f45b9a3be0ea739723f70d5cd41dfd57894d84bdea
4820,120.5,1.5048,23.0366,False,7,mechanical_001,694e94943eba5ec86f88e0f45b9a3be0ea739723f70d5cd41dfd57894d84bdea
4821,120.525,1.5052,23.045,False,7,mechanical_001,694e94943eba5ec86f88e0f45b9a3be0ea739723f70d5cd41dfd57894d84bdea
4822,120.55,1.5055,23.0385,False,7,mechanical_001,694e94943eba5ec86f88e0f45b9a3be0ea739723f70d5cd41dfd57894d84bdea
4823,120.575,1.5058,23.0214,False,7,mechanical_001,694e94943eba5ec86f88e0f45b9a3be0ea739723f70d5cd41dfd57894d84bdea
4824,120.6,1.5061,22.996,False,7,mechanical_001,694e94943eba5ec86f88e0f45b9a3be0ea739723f70d5cd41dfd57894d84bdea
4825,120.625,1.5064,22.9856,False,7,mechanical_001,694e94943eba5ec86f88e0f45b9a3be0ea739723f70d5cd41dfd57894d84bdea
4826,120.65,1.5067,22.9863,False,7,mechanical_001,694e94943eba5ec86f88e0f45b9a3be0ea739723f70d5cd41dfd57894d84bdea
4827,120.675,1.507,22.9911,False,7,mechanical_001,694e94943eba5ec86f88e0f45b9a3be0ea739723f70d5cd41dfd57894d84bdea
4828,120.7,1.5074,23.0038,False,7,mechanical_001,694e94943eba5ec86f88e0f45b9a3be0ea739723f70d5cd41dfd57894d84bdea
4829,120.725,1.5077,23.0178,False,7,mechanical_001,694e94943eba5ec86f88e0f45b9a3be0ea739723f70d5cd41dfd57894d84bdea
4830,120.75,1.508,23.0255,False,7,mechanical_001,694e94943eba5ec86f88e0f45b9a3be0ea739723f70d5cd41dfd57894d84bdea
4831,120.775,1.5083,23.0218,False,7,mechanical_001,694e94943eba5ec86f88e0f45b9a3be0ea739723f70d5cd41dfd57894d84bdea
4832,120.8,1.5086,23.011,False,7,mechanical_001,694e94943eba5ec86f88e0f45b9a3be0ea739723f70d5cd41dfd57894d84bdea
4833,120.825,1.5089,23.0033,False,7,mechanical_001,694e94943eba5ec86f88e0f45b9a3be0ea739723f70d5cd41dfd57894d84bdea
4834,120.85,1.5092,23.007,False,7,mechanical_001,694e94943eba5ec86f88e0f45b9a3be0ea739723f70d5cd41dfd57894d84bdea
4835,120.875,1.5096,23.0217,False,7,mechanical_001,694e94943eba5ec86f88e0f45b9a3be0ea739723f70d5cd41dfd57894d84bdea
4836,120.9,1.5099,23.0391,False,7,mechanical_001,694e94943eba5ec86f88e0f45b9a3be0ea739723f70d5cd41dfd57894d84bdea
4837,120.925,1.5102,23.0493,False,7,mechanical_001,694e94943eba5ec86f88e0f45b9a3be0ea739723f70d5cd41dfd57894d84bdea
4838,120.95,1.5105,23.0552,False,7,mechanical_001,694e94943eba5ec86f88e0f45b9a3be0ea739723f70d5cd41dfd57894d84bdea
4839,120.975,1.5108,23.0577,False,7,mechanical_001,694e94943eba5ec86f88e0f45b9a3be0ea739723f70d5cd41dfd57894d84bdea
4840,121.0,1.5111,23.054,False,7,mechanical_001,694e94943eba5ec86f88e0f45b9a3be0ea739723f70d5cd41dfd57894d84bdea
4841,121.025,1.5115,23.0599,False,7,mechanical_001,694e94943eba5ec86f88e0f45b9a3be0ea739723f70d5cd41dfd57894d84bdea
4842,121.05,1.5118,23.0702,False,7,mechanical_001,694e94943eba5ec86f88e0f45b9a3be0ea739723f70d5cd41dfd57894d84bdea
4843,121.075,1.5121,23.0807,False,7,mechanical_001,694e94943eba5ec86f88e0f45b9a3be0ea739723f70d5cd41dfd57894d84bdea
4844,121.1,1.5124,23.0939,False,7,mechanical_001,694e94943eba5ec86f88e0f45b9a3be0ea739723f70d5cd41dfd57894d84bdea
4845,121.125,1.5127,23.1064,False,7,mechanical_001,694e94943eba5ec86f88e0f45b9a3be0ea739723f70d5cd41dfd57894d84bdea
4846,121.15,1.513,23.1195,False,7,mechanical_001,694e94943eba5ec86f88e0f45b9a3be0ea739723f70d5cd41dfd57894d84bdea
4847,121.175,1.5133,23.1239,False,7,mechanical_001,694e94943eba5ec86f88e0f45b9a3be0ea739723f70d5cd41dfd57894d84bdea
4848,121.2,1.5137,23.1369,False,7,mechanical_001,694e94943eba5ec86f88e0f45b9a3be0ea739723f70d5cd41dfd57894d84bdea
4849,121.225,1.514,23.1454,False,7,mechanical_001,694e94943eba5ec86f88e0f45b9a3be0ea739723f70d5cd41dfd57894d84bdea
4850,121.25,1.5143,23.15,False,7,mechanical_001,694e94943eba5ec86f88e0f45b9a3be0ea739723f70d5cd41dfd57894d84bdea
4851,121.275,1.5146,23.1611,False,7,mechanical_001,694e94943eba5ec86f88e0f45b9a3be0ea739723f70d5cd41dfd57894d84bdea
4852,121.3,1.5149,23.1723,False,7,mechanical_001,694e94943eba5ec86f88e0f45b9a3be0ea739723f70d5cd41dfd57894d84bdea
4853,121.325,1.5152,23.1843,False,7,mechanical_001,694e94943eba5ec86f88e0f45b9a3be0ea739723f70d5cd41dfd57894d84bdea
4854,121.35,1.5155,23.2004,False,7,mechanical_001,694e94943eba5ec86f88e0f45b9a3be0ea739723f70d5cd41dfd57894d84bdea
4855,121.375,1.5158,23.2133,False,7,mechanical_001,694e94943eba5ec86f88e0f45b9a3be0ea739723f70d5cd41dfd57894d84bdea
4856,121.4,1.5161,23.2258,False,7,mechanical_001,694e94943eba5ec86f88e0f45b9a3be0ea739723f70d5cd41dfd57894d84bdea
4857,121.425,1.5164,23.2387,False,7,mechanical_001,694e94943eba5ec86f88e0f45b9a3be0ea739723f70d5cd41dfd57894d84bdea
4858,121.45,1.5167,23.2458,False,7,mechanical_001,694e94943eba5ec86f88e0f45b9a3be0ea739723f70d5cd41dfd57894d84bdea
4859,121.475,1.5171,23.2584,False,7,mechanical_001,694e94943eba5ec86f88e0f45b9a3be0ea739723f70d5cd41dfd57894d84bdea
4860,121.5,1.5174,23.2764,False,7,mechanical_001,694e94943eba5ec86f88e0f45b9a3be0ea739723f70d5cd41dfd57894d84bdea
4861,121.525,1.5177,23.3002,False,7,mechanical_001,694e94943eba5ec86f88e0f45b9a3be0ea739723f70d5cd41dfd57894d84bdea
4862,121.55,1.518,23.326,False,7,mechanical_001,694e94943eba5ec86f88e0f45b9a3be0ea739723f70d5cd41dfd57894d84bdea
4863,121.575,1.5183,23.3472,False,7,mechanical_001,694e94943eba5ec86f88e0f45b9a3be0ea739723f70d5cd41dfd57894d84bdea
4864,121.6,1.5186,23.3657,False,7,mechanical_001,694e94943eba5ec86f88e0f45b9a3be0ea739723f70d5cd41dfd57894d84bdea
4865,121.625,1.5189,23.3802,False,7,mechanical_001,694e94943eba5ec86f88e0f45b9a3be0ea739723f70d5cd41dfd57894d84bdea
4866,121.65,1.5192,23.3869,False,7,mechanical_001,694e94943eba5ec86f88e0f45b9a3be0ea739723f70d5cd41dfd57894d84bdea
4867,121.675,1.5195,23.3904,False,7,mechanical_001,694e94943eba5ec86f88e0f45b9a3be0ea739723f70d5cd41dfd57894d84bdea
4868,121.7,1.5199,23.4007,False,7,mechanical_001,694e94943eba5ec86f88e0f45b9a3be0ea739723f70d5cd41dfd57894d84bdea
4869,121.725,1.5202,23.4112,False,7,mechanical_001,694e94943eba5ec86f88e0f45b9a3be0ea739723f70d5cd41dfd57894d84bdea
4870,121.75,1.5205,23.4178,False,7,mechanical_001,694e94943eba5ec86f88e0f45b9a3be0ea739723f70d5cd41dfd57894d84bdea
4871,121.775,1.5208,23.4257,False,7,mechanical_001,694e94943eba5ec86f88e0f45b9a3be0ea739723f70d5cd41dfd57894d84bdea
4872,121.8,1.5211,23.4311,False,7,mechanical_001,694e94943eba5ec86f88e0f45b9a3be0ea739723f70d5cd41dfd57894d84bdea
4873,121.825,1.5214,23.4437,False,7,mechanical_001,694e94943eba5ec86f88e0f45b9a3be0ea739723f70d5cd41dfd57894d84bdea
4874,121.85,1.5217,23.4592,False,7,mechanical_001,694e94943eba5ec86f88e0f45b9a3be0ea739723f70d5cd41dfd57894d84bdea
4875,121.875,1.522,23.4744,False,7,mechanical_001,694e94943eba5ec86f88e0f45b9a3be0ea739723f70d5cd41dfd57894d84bdea
4876,121.9,1.5223,23.4828,False,7,mechanical_001,694e94943eba5ec86f88e0f45b9a3be0ea739723f70d5cd41dfd57894d84bdea
4877,121.925,1.5226,23.4931,False,7,mechanical_001,694e94943eba5ec86f88e0f45b9a3be0ea739723f70d5cd41dfd57894d84bdea
4878,121.95,1.5229,23.5021,False,7,mechanical_001,694e94943eba5ec86f88e0f45b9a3be0ea739723f70d5cd41dfd57894d84bdea
4879,121.975,1.5232,23.5222,False,7,mechanical_001,694e94943eba5ec86f88e0f45b9a3be0ea739723f70d5cd41dfd57894d84bdea
4880,122.0,1.5235,23.5533,False,7,mechanical_001,694e94943eba5ec86f88e0f45b9a3be0ea739723f70d5cd41dfd57894d84bdea
4881,122.025,1.5238,23.599,False,7,mechanical_001,694e94943eba5ec86f88e0f45b9a3be0ea739723f70d5cd41dfd57894d84bdea
4882,122.05,1.5242,23.6557,False,7,mechanical_001,694e94943eba5ec86f88e0f45b9a3be0ea739723f70d5cd41dfd57894d84bdea
4883,122.075,1.5245,23.703,False,7,mechanical_001,694e94943eba5ec86f88e0f45b9a3be0ea739723f70d5cd41dfd57894d84bdea
4884,122.1,1.5248,23.7242,False,7,mechanical_001,694e94943eba5ec86f88e0f45b9a3be0ea739723f70d5cd41dfd57894d84bdea
4885,122.125,1.5251,23.7376,False,7,mechanical_001,694e94943eba5ec86f88e0f45b9a3be0ea739723f70d5cd41dfd57894d84bdea
4886,122.15,1.5254,23.7582,False,7,mechanical_001,694e94943eba5ec86f88e0f45b9a3be0ea739723f70d5cd41dfd57894d84bdea
4887,122.175,1.5258,23.7943,False,7,mechanical_001,694e94943eba5ec86f88e0f45b9a3be0ea739723f70d5cd41dfd57894d84bdea
4888,122.2,1.5261,23.8425,False,7,mechanical_001,694e94943eba5ec86f88e0f45b9a3be0ea739723f70d5cd41dfd57894d84bdea
4889,122.225,1.5264,23.881,False,7,mechanical_001,694e94943eba5ec86f88e0f45b9a3be0ea739723f70d5cd41dfd57894d84bdea
4890,122.25,1.5267,23.9012,False,7,mechanical_001,694e94943eba5ec86f88e0f45b9a3be0ea739723f70d5cd41dfd57894d84bdea
4891,122.275,1.527,23.9061,False,7,mechanical_001,694e94943eba5ec86f88e0f45b9a3be0ea739723f70d5cd41dfd57894d84bdea
4892,122.3,1.5274,23.9196,False,7,mechanical_001,694e94943eba5ec86f88e0f45b9a3be0ea739723f70d5cd41dfd57894d84bdea
4893,122.325,1.5277,23.9302,False,7,mechanical_001,694e94943eba5ec86f88e0f45b9a3be0ea739723f70d5cd41dfd57894d84bdea
4894,122.35,1.528,23.9431,False,7,mechanical_001,694e94943eba5ec86f88e0f45b9a3be0ea739723f70d5cd41dfd57894d84bdea
4895,122.375,1.5283,23.956,False,7,mechanical_001,694e94943eba5ec86f88e0f45b9a3be0ea739723f70d5cd41dfd57894d84bdea
4896,122.4,1.5286,23.9852,False,7,mechanical_001,694e94943eba5ec86f88e0f45b9a3be0ea739723f70d5cd41dfd57894d84bdea
4897,122.425,1.5289,24.0189,False,7,mechanical_001,694e94943eba5ec86f88e0f45b9a3be0ea739723f70d5cd41dfd57894d84bdea
4898,122.45,1.5293,24.051,False,7,mechanical_001,694e94943eba5ec86f88e0f45b9a3be0ea739723f70d5cd41dfd57894d84bdea
4899,122.475,1.5296,24.0762,False,7,mechanical_001,694e94943eba5ec86f88e0f45b9a3be0ea739723f70d5cd41dfd57894d84bdea
4900,122.5,1.5299,24.0897,False,7,mechanical_001,694e94943eba5ec86f88e0f45b9a3be0ea739723f70d5cd41dfd57894d84bdea
4901,122.525,1.5302,24.1021,False,7,mechanical_001,694e94943eba5ec86f88e0f45b9a3be0ea739723f70d5cd41dfd57894d84bdea
4902,122.55,1.5305,24.106,False,7,mechanical_001,694e94943eba5ec86f88e0f45b9a3be0ea739723f70d5cd41dfd57894d84bdea
4903,122.575,1.5308,24.1038,False,7,mechanical_001,694e94943eba5ec86f88e0f45b9a3be0ea739723f70d5cd41dfd57894d84bdea
4904,122.6,1.5311,24.1009,False,7,mechanical_001,694e94943eba5ec86f88e0f45b9a3be0ea739723f70d5cd41dfd57894d84bdea
4905,122.625,1.5314,24.1013,False,7,mechanical_001,694e94943eba5ec86f88e0f45b9a3be0ea739723f70d5cd41dfd57894d84bdea
4906,122.65,1.5317,24.1054,False,7,mechanical_001,694e94943eba5ec86f88e0f45b9a3be0ea739723f70d5cd41dfd57894d84bdea
4907,122.675,1.5321,24.1181,False,7,mechanical_001,694e94943eba5ec86f88e0f45b9a3be0ea739723f70d5cd41dfd57894d84bdea
4908,122.7,1.5324,24.1379,False,7,mechanical_001,694e94943eba5ec86f88e0f45b9a3be0ea739723f70d5cd41dfd57894d84bdea
4909,122.725,1.5327,24.1639,False,7,mechanical_001,694e94943eba5ec86f88e0f45b9a3be0ea739723f70d5cd41dfd57894d84bdea
4910,122.75,1.533,24.1913,False,7,mechanical_001,694e94943eba5ec86f88e0f45b9a3be0ea739723f70d5cd41dfd57894d84bdea
4911,122.775,1.5333,24.227,False,7,mechanical_001,694e94943eba5ec86f88e0f45b9a3be0ea739723f70d5cd41dfd57894d84bdea
4912,122.8,1.5337,24.2694,False,7,mechanical_001,694e94943eba5ec86f88e0f45b9a3be0ea739723f70d5cd41dfd57894d84bdea
4913,122.825,1.534,24.3003,False,7,mechanical_001,694e94943eba5ec86f88e0f45b9a3be0ea739723f70d5cd41dfd57894d84bdea
4914,122.85,1.5343,24.331,False,7,mechanical_001,694e94943eba5ec86f88e0f45b9a3be0ea739723f70d5cd41dfd57894d84bdea
4915,122.875,1.5346,24.3706,False,7,mechanical_001,694e94943eba5ec86f88e0f45b9a3be0ea739723f70d5cd41dfd57894d84bdea
4916,122.9,1.535,24.4183,False,7,mechanical_001,694e94943eba5ec86f88e0f45b9a3be0ea739723f70d5cd41dfd57894d84bdea
4917,122.925,1.5353,24.4656,False,7,mechanical_001,694e94943eba5ec86f88e0f45b9a3be0ea739723f70d5cd41dfd57894d84bdea
4918,122.95,1.5356,24.5223,False,7,mechanical_001,694e94943eba5ec86f88e0f45b9a3be0ea739723f70d5cd41dfd57894d84bdea
4919,122.975,1.536,24.5861,False,7,mechanical_001,694e94943eba5ec86f88e0f45b9a3be0ea739723f70d5cd41dfd57894d84bdea
4920,123.0,1.5363,24.6361,False,7,mechanical_001,694e94943eba5ec86f88e0f45b9a3be0ea739723f70d5cd41dfd57894d84bdea
4921,123.025,1.5367,24.6767,False,7,mechanical_001,694e94943eba5ec86f88e0f45b9a3be0ea739723f70d5cd41dfd57894d84bdea
4922,123.05,1.537,24.6984,False,7,mechanical_001,694e94943eba5ec86f88e0f45b9a3be0ea739723f70d5cd41dfd57894d84bdea
4923,123.075,1.5373,24.7034,False,7,mechanical_001,694e94943eba5ec86f88e0f45b9a3be0ea739723f70d5cd41dfd57894d84bdea
4924,123.1,1.5376,24.7064,False,7,mechanical_001,694e94943eba5ec86f88e0f45b9a3be0ea739723f70d5cd41dfd57894d84bdea
4925,123.125,1.5379,24.6984,False,7,mechanical_001,694e94943eba5ec86f88e0f45b9a3be0ea739723f70d5cd41dfd57894d84bdea
4926,123.15,1.5383,24.6831,False,7,mechanical_001,694e94943eba5ec86f88e0f45b9a3be0ea739723f70d5cd41dfd57894d84bdea
4927,123.175,1.5386,24.6625,False,7,mechanical_001,694e94943eba5ec86f88e0f45b9a3be0ea739723f70d5cd41dfd57894d84bdea
4928,123.2,1.5388,24.6405,False,7,mechanical_001,694e94943eba5ec86f88e0f45b9a3be0ea739723f70d5cd41dfd57894d84bdea
4929,123.225,1.5391,24.6208,False,7,mechanical_001,694e94943eba5ec86f88e0f45b9a3be0ea739723f70d5cd41dfd57894d84bdea
4930,123.25,1.5394,24.6107,False,7,mechanical_001,694e94943eba5ec86f88e0f45b9a3be0ea739723f70d5cd41dfd57894d84bdea
4931,123.275,1.5398,24.622,False,7,mechanical_001,694e94943eba5ec86f88e0f45b9a3be0ea739723f70d5cd41dfd57894d84bdea
4932,123.3,1.5401,24.6517,False,7,mechanical_001,694e94943eba5ec86f88e0f45b9a3be0ea739723f70d5cd41dfd57894d84bdea
4933,123.325,1.5404,24.6959,False,7,mechanical_001,694e94943eba5ec86f88e0f45b9a3be0ea739723f70d5cd41dfd57894d84bdea
4934,123.35,1.5407,24.7432,False,7,mechanical_001,694e94943eba5ec86f88e0f45b9a3be0ea739723f70d5cd41dfd57894d84bdea
4935,123.375,1.5411,24.774,False,7,mechanical_001,694e94943eba5ec86f88e0f45b9a3be0ea739723f70d5cd41dfd57894d84bdea
4936,123.4,1.5414,24.7829,False,7,mechanical_001,694e94943eba5ec86f88e0f45b9a3be0ea739723f70d5cd41dfd57894d84bdea
4937,123.425,1.5417,24.7791,False,7,mechanical_001,694e94943eba5ec86f88e0f45b9a3be0ea739723f70d5cd41dfd57894d84bdea
4938,123.45,1.542,24.7739,False,7,mechanical_001,694e94943eba5ec86f88e0f45b9a3be0ea739723f70d5cd41dfd57894d84bdea
4939,123.475,1.5423,24.7628,False,7,mechanical_001,694e94943eba5ec86f88e0f45b9a3be0ea739723f70d5cd41dfd57894d84bdea
4940,123.5,1.5426,24.7492,False,7,mechanical_001,694e94943eba5ec86f88e0f45b9a3be0ea739723f70d5cd41dfd57894d84bdea
4941,123.525,1.5429,24.7399,False,7,mechanical_001,694e94943eba5ec86f88e0f45b9a3be0ea739723f70d5cd41dfd57894d84bdea
4942,123.55,1.5432,24.7403,False,7,mechanical_001,694e94943eba5ec86f88e0f45b9a3be0ea739723f70d5cd41dfd57894d84bdea
4943,123.575,1.5435,24.7593,False,7,mechanical_001,694e94943eba5ec86f88e0f45b9a3be0ea739723f70d5cd41dfd57894d84bdea
4944,123.6,1.5438,24.785,False,7,mechanical_001,694e94943eba5ec86f88e0f45b9a3be0ea739723f70d5cd41dfd57894d84bdea
4945,123.625,1.5441,24.8113,False,7,mechanical_001,694e94943eba5ec86f88e0f45b9a3be0ea739723f70d5cd41dfd57894d84bdea
4946,123.65,1.5445,24.8366,False,7,mechanical_001,694e94943eba5ec86f88e0f45b9a3be0ea739723f70d5cd41dfd57894d84bdea
4947,123.675,1.5448,24.8645,False,7,mechanical_001,694e94943eba5ec86f88e0f45b9a3be0ea739723f70d5cd41dfd57894d84bdea
4948,123.7,1.5451,24.8899,False,7,mechanical_001,694e94943eba5ec86f88e0f45b9a3be0ea739723f70d5cd41dfd57894d84bdea
4949,123.725,1.5454,24.9082,False,7,mechanical_001,694e94943eba5ec86f88e0f45b9a3be0ea739723f70d5cd41dfd57894d84bdea
4950,123.75,1.5457,24.9245,False,7,mechanical_001,694e94943eba5ec86f88e0f45b9a3be0ea739723f70d5cd41dfd57894d84bdea
4951,123.775,1.546,24.9401,False,7,mechanical_001,694e94943eba5ec86f88e0f45b9a3be0ea739723f70d5cd41dfd57894d84bdea
4952,123.8,1.5464,24.9427,False,7,mechanical_001,694e94943eba5ec86f88e0f45b9a3be0ea739723f70d5cd41dfd57894d84bdea
4953,123.825,1.5467,24.9361,False,7,mechanical_001,694e94943eba5ec86f88e0f45b9a3be0ea739723f70d5cd41dfd57894d84bdea
4954,123.85,1.547,24.9216,False,7,mechanical_001,694e94943eba5ec86f88e0f45b9a3be0ea739723f70d5cd41dfd57894d84bdea
4955,123.875,1.5473,24.9109,False,7,mechanical_001,694e94943eba5ec86f88e0f45b9a3be0ea739723f70d5cd41dfd57894d84bdea
4956,123.9,1.5476,24.9095,False,7,mechanical_001,694e94943eba5ec86f88e0f45b9a3be0ea739723f70d5cd41dfd57894d84bdea
4957,123.925,1.5479,24.9227,False,7,mechanical_001,694e94943eba5ec86f88e0f45b9a3be0ea739723f70d5cd41dfd57894d84bdea
4958,123.95,1.5482,24.9413,False,7,mechanical_001,694e94943eba5ec86f88e0f45b9a3be0ea739723f70d5cd41dfd57894d84bdea
4959,123.975,1.5485,24.9553,False,7,mechanical_001,694e94943eba5ec86f88e0f45b9a3be0ea739723f70d5cd41dfd57894d84bdea
4960,124.0,1.5488,24.9707,False,7,mechanical_001,694e94943eba5ec86f88e0f45b9a3be0ea739723f70d5cd41dfd57894d84bdea
4961,124.025,1.5491,24.9919,False,7,mechanical_001,694e94943eba5ec86f88e0f45b9a3be0ea739723f70d5cd41dfd57894d84bdea
4962,124.05,1.5495,25.0093,False,7,mechanical_001,694e94943eba5ec86f88e0f45b9a3be0ea739723f70d5cd41dfd57894d84bdea
4963,124.075,1.5498,25.0208,False,7,mechanical_001,694e94943eba5ec86f88e0f45b9a3be0ea739723f70d5cd41dfd57894d84bdea
4964,124.1,1.5501,25.0303,False,7,mechanical_001,694e94943eba5ec86f88e0f45b9a3be0ea739723f70d5cd41dfd57894d84bdea
4965,124.125,1.5504,25.0425,False,7,mechanical_001,694e94943eba5ec86f88e0f45b9a3be0ea739723f70d5cd41dfd57894d84bdea
4966,124.15,1.5507,25.0483,False,7,mechanical_001,694e94943eba5ec86f88e0f45b9a3be0ea739723f70d5cd41dfd57894d84bdea
4967,124.175,1.551,25.0507,False,7,mechanical_001,694e94943eba5ec86f88e0f45b9a3be0ea739723f70d5cd41dfd57894d84bdea
4968,124.2,1.5513,25.0588,False,7,mechanical_001,694e94943eba5ec86f88e0f45b9a3be0ea739723f70d5cd41dfd57894d84bdea
4969,124.225,1.5516,25.0709,False,7,mechanical_001,694e94943eba5ec86f88e0f45b9a3be0ea739723f70d5cd41dfd57894d84bdea
4970,124.25,1.5519,25.083,False,7,mechanical_001,694e94943eba5ec86f88e0f45b9a3be0ea739723f70d5cd41dfd57894d84bdea
4971,124.275,1.5523,25.0941,False,7,mechanical_001,694e94943eba5ec86f88e0f45b9a3be0ea739723f70d5cd41dfd57894d84bdea
4972,124.3,1.5526,25.1029,False,7,mechanical_001,694e94943eba5ec86f88e0f45b9a3be0ea739723f70d5cd41dfd57894d84bdea
4973,124.325,1.5529,25.112,False,7,mechanical_001,694e94943eba5ec86f88e0f45b9a3be0ea739723f70d5cd41dfd57894d84bdea
4974,124.35,1.5532,25.1255,False,7,mechanical_001,694e94943eba5ec86f88e0f45b9a3be0ea739723f70d5cd41dfd57894d84bdea
4975,124.375,1.5535,25.134,False,7,mechanical_001,694e94943eba5ec86f88e0f45b9a3be0ea739723f70d5cd41dfd57894d84bdea
4976,124.4,1.5538,25.1407,False,7,mechanical_001,694e94943eba5ec86f88e0f45b9a3be0ea739723f70d5cd41dfd57894d84bdea
4977,124.425,1.5541,25.1591,False,7,mechanical_001,694e94943eba5ec86f88e0f45b9a3be0ea739723f70d5cd41dfd57894d84bdea
4978,124.45,1.5544,25.1779,False,7,mechanical_001,694e94943eba5ec86f88e0f45b9a3be0ea739723f70d5cd41dfd57894d84bdea
4979,124.475,1.5548,25.1935,False,7,mechanical_001,694e94943eba5ec86f88e0f45b9a3be0ea739723f70d5cd41dfd57894d84bdea
4980,124.5,1.5551,25.198,False,7,mechanical_001,694e94943eba5ec86f88e0f45b9a3be0ea739723f70d5cd41dfd57894d84bdea
4981,124.525,1.5554,25.2006,False,7,mechanical_001,694e94943eba5ec86f88e0f45b9a3be0ea739723f70d5cd41dfd57894d84bdea
4982,124.55,1.5557,25.2018,False,7,mechanical_001,694e94943eba5ec86f88e0f45b9a3be0ea739723f70d5cd41dfd57894d84bdea
4983,124.575,1.556,25.1969,False,7,mechanical_001,694e94943eba5ec86f88e0f45b9a3be0ea739723f70d5cd41dfd57894d84bdea
4984,124.6,1.5563,25.1987,False,7,mechanical_001,694e94943eba5ec86f88e0f45b9a3be0ea739723f70d5cd41dfd57894d84bdea
4985,124.625,1.5566,25.2057,False,7,mechanical_001,694e94943eba5ec86f88e0f45b9a3be0ea739723f70d5cd41dfd57894d84bdea
4986,124.65,1.5569,25.2117,False,7,mechanical_001,694e94943eba5ec86f88e0f45b9a3be0ea739723f70d5cd41dfd57894d84bdea
4987,124.675,1.5572,25.2148,False,7,mechanical_001,694e94943eba5ec86f88e0f45b9a3be0ea739723f70d5cd41dfd57894d84bdea
4988,124.7,1.5575,25.2079,False,7,mechanical_001,694e94943eba5ec86f88e0f45b9a3be0ea739723f70d5cd41dfd57894d84bdea
4989,124.725,1.5578,25.1943,False,7,mechanical_001,694e94943eba5ec86f88e0f45b9a3be0ea739723f70d5cd41dfd57894d84bdea
4990,124.75,1.5581,25.172,False,7,mechanical_001,694e94943eba5ec86f88e0f45b9a3be0ea739723f70d5cd41dfd57894d84bdea
4991,124.775,1.5584,25.1402,False,7,mechanical_001,694e94943eba5ec86f88e0f45b9a3be0ea739723f70d5cd41dfd57894d84bdea
4992,124.8,1.5587,25.1171,False,7,mechanical_001,694e94943eba5ec86f88e0f45b9a3be0ea739723f70d5cd41dfd57894d84bdea
4993,124.825,1.559,25.0936,False,7,mechanical_001,694e94943eba5ec86f88e0f45b9a3be0ea739723f70d5cd41dfd57894d84bdea
4994,124.85,1.5593,25.0848,False,7,mechanical_001,694e94943eba5ec86f88e0f45b9a3be0ea739723f70d5cd41dfd57894d84bdea
4995,124.875,1.5596,25.0692,False,7,mechanical_001,694e94943eba5ec86f88e0f45b9a3be0ea739723f70d5cd41dfd57894d84bdea
4996,124.9,1.5598,25.0448,False,7,mechanical_001,694e94943eba5ec86f88e0f45b9a3be0ea739723f70d5cd41dfd57894d84bdea
4997,124.925,1.5601,25.0329,False,7,mechanical_001,694e94943eba5ec86f88e0f45b9a3be0ea739723f70d5cd41dfd57894d84bdea
4998,124.95,1.5604,25.0344,False,7,mechanical_001,694e94943eba5ec86f88e0f45b9a3be0ea739723f70d5cd41dfd57894d84bdea
4999,124.975,1.5607,25.0575,False,7,mechanical_001,694e94943eba5ec86f88e0f45b9a3be0ea739723f70d5cd41dfd57894d84bdea
5000,125.0,1.561,25.0728,False,7,mechanical_001,694e94943eba5ec86f88e0f45b9a3be0ea739723f70d5cd41dfd57894d84bdea
5001,125.025,1.5613,25.0766,False,7,mechanical_001,694e94943eba5ec86f88e0f45b9a3be0ea739723f70d5cd41dfd57894d84bdea
5002,125.05,1.5616,25.0872,False,7,mechanical_001,694e94943eba5ec86f88e0f45b9a3be0ea739723f70d5cd41dfd57894d84bdea
5003,125.075,1.5619,25.0909,False,7,mechanical_001,694e94943eba5ec86f88e0f45b9a3be0ea739723f70d5cd41dfd57894d84bdea
5004,125.1,1.5622,25.0934,False,7,mechanical_001,694e94943eba5ec86f88e0f45b9a3be0ea739723f70d5cd41dfd57894d84bdea
5005,125.125,1.5625,25.1048,False,7,mechanical_001,694e94943eba5ec86f88e0f45b9a3be0ea739723f70d5cd41dfd57894d84bdea
5006,125.15,1.5628,25.123,False,7,mechanical_001,694e94943eba5ec86f88e0f45b9a3be0ea739723f70d5cd41dfd57894d84bdea
5007,125.175,1.5631,25.1463,False,7,mechanical_001,694e94943eba5ec86f88e0f45b9a3be0ea739723f70d5cd41dfd57894d84bdea
5008,125.2,1.5635,25.183,False,7,mechanical_001,694e94943eba5ec86f88e0f45b9a3be0ea739723f70d5cd41dfd57894d84bdea
5009,125.225,1.5638,25.2235,False,7,mechanical_001,694e94943eba5ec86f88e0f45b9a3be0ea739723f70d5cd41dfd57894d84bdea
5010,125.25,1.5641,25.2519,False,7,mechanical_001,694e94943eba5ec86f88e0f45b9a3be0ea739723f70d5cd41dfd57894d84bdea
5011,125.275,1.5644,25.2741,False,7,mechanical_001,694e94943eba5ec86f88e0f45b9a3be0ea739723f70d5cd41dfd57894d84bdea
5012,125.3,1.5647,25.2892,False,7,mechanical_001,694e94943eba5ec86f88e0f45b9a3be0ea739723f70d5cd41dfd57894d84bdea
5013,125.325,1.565,25.3017,False,7,mechanical_001,694e94943eba5ec86f88e0f45b9a3be0ea739723f70d5cd41dfd57894d84bdea
5014,125.35,1.5653,25.3151,False,7,mechanical_001,694e94943eba5ec86f88e0f45b9a3be0ea739723f70d5cd41dfd57894d84bdea
5015,125.375,1.5656,25.3257,False,7,mechanical_001,694e94943eba5ec86f88e0f45b9a3be0ea739723f70d5cd41dfd57894d84bdea
5016,125.4,1.5659,25.3422,False,7,mechanical_001,694e94943eba5ec86f88e0f45b9a3be0ea739723f70d5cd41dfd57894d84bdea
5017,125.425,1.5663,25.3801,False,7,mechanical_001,694e94943eba5ec86f88e0f45b9a3be0ea739723f70d5cd41dfd57894d84bdea
5018,125.45,1.5666,25.4265,False,7,mechanical_001,694e94943eba5ec86f88e0f45b9a3be0ea739723f70d5cd41dfd57894d84bdea
5019,125.475,1.5669,25.4732,False,7,mechanical_001,694e94943eba5ec86f88e0f45b9a3be0ea739723f70d5cd41dfd57894d84bdea
5020,125.5,1.5672,25.5099,False,7,mechanical_001,694e94943eba5ec86f88e0f45b9a3be0ea739723f70d5cd41dfd57894d84bdea
5021,125.525,1.5676,25.539,False,7,mechanical_001,694e94943eba5ec86f88e0f45b9a3be0ea739723f70d5cd41dfd57894d84bdea
5022,125.55,1.5679,25.5671,False,7,mechanical_001,694e94943eba5ec86f88e0f45b9a3be0ea739723f70d5cd41dfd57894d84bdea
5023,125.575,1.5682,25.5992,False,7,mechanical_001,694e94943eba5ec86f88e0f45b9a3be0ea739723f70d5cd41dfd57894d84bdea
5024,125.6,1.5685,25.6273,False,7,mechanical_001,694e94943eba5ec86f88e0f45b9a3be0ea739723f70d5cd41dfd57894d84bdea
5025,125.625,1.5689,25.6357,False,7,mechanical_001,694e94943eba5ec86f88e0f45b9a3be0ea739723f70d5cd41dfd57894d84bdea
5026,125.65,1.5692,25.6269,False,7,mechanical_001,694e94943eba5ec86f88e0f45b9a3be0ea739723f70d5cd41dfd57894d84bdea
5027,125.675,1.5695,25.6246,False,7,mechanical_001,694e94943eba5ec86f88e0f45b9a3be0ea739723f70d5cd41dfd57894d84bdea
5028,125.7,1.5698,25.631,False,7,mechanical_001,694e94943eba5ec86f88e0f45b9a3be0ea739723f70d5cd41dfd57894d84bdea
5029,125.725,1.5701,25.6545,False,7,mechanical_001,694e94943eba5ec86f88e0f45b9a3be0ea739723f70d5cd41dfd57894d84bdea
5030,125.75,1.5704,25.6779,False,7,mechanical_001,694e94943eba5ec86f88e0f45b9a3be0ea739723f70d5cd41dfd57894d84bdea
5031,125.775,1.5707,25.7025,False,7,mechanical_001,694e94943eba5ec86f88e0f45b9a3be0ea739723f70d5cd41dfd57894d84bdea
5032,125.8,1.5711,25.7256,False,7,mechanical_001,694e94943eba5ec86f88e0f45b9a3be0ea739723f70d5cd41dfd57894d84bdea
5033,125.825,1.5714,25.7547,False,7,mechanical_001,694e94943eba5ec86f88e0f45b9a3be0ea739723f70d5cd41dfd57894d84bdea
5034,125.85,1.5717,25.7902,False,7,mechanical_001,694e94943eba5ec86f88e0f45b9a3be0ea739723f70d5cd41dfd57894d84bdea
5035,125.875,1.5721,25.8241,False,7,mechanical_001,694e94943eba5ec86f88e0f45b9a3be0ea739723f70d5cd41dfd57894d84bdea
5036,125.9,1.5724,25.8515,False,7,mechanical_001,694e94943eba5ec86f88e0f45b9a3be0ea739723f70d5cd41dfd57894d84bdea
5037,125.925,1.5727,25.8609,False,7,mechanical_001,694e94943eba5ec86f88e0f45b9a3be0ea739723f70d5cd41dfd57894d84bdea
5038,125.95,1.573,25.8536,False,7,mechanical_001,694e94943eba5ec86f88e0f45b9a3be0ea739723f70d5cd41dfd57894d84bdea
5039,125.975,1.5733,25.8394,False,7,mechanical_001,694e94943eba5ec86f88e0f45b9a3be0ea739723f70d5cd41dfd57894d84bdea
5040,126.0,1.5736,25.8358,False,7,mechanical_001,694e94943eba5ec86f88e0f45b9a3be0ea739723f70d5cd41dfd57894d84bdea
5041,126.025,1.5739,25.8439,False,7,mechanical_001,694e94943eba5ec86f88e0f45b9a3be0ea739723f70d5cd41dfd57894d84bdea
5042,126.05,1.5743,25.8515,False,7,mechanical_001,694e94943eba5ec86f88e0f45b9a3be0ea739723f70d5cd41dfd57894d84bdea
5043,126.075,1.5746,25.8635,False,7,mechanical_001,694e94943eba5ec86f88e0f45b9a3be0ea739723f70d5cd41dfd57894d84bdea
5044,126.1,1.5749,25.8793,False,7,mechanical_001,694e94943eba5ec86f88e0f45b9a3be0ea739723f70d5cd41dfd57894d84bdea
5045,126.125,1.5752,25.8988,False,7,mechanical_001,694e94943eba5ec86f88e0f45b9a3be0ea739723f70d5cd41dfd57894d84bdea
5046,126.15,1.5755,25.9202,False,7,mechanical_001,694e94943eba5ec86f88e0f45b9a3be0ea739723f70d5cd41dfd57894d84bdea
5047,126.175,1.5758,25.9378,False,7,mechanical_001,694e94943eba5ec86f88e0f45b9a3be0ea739723f70d5cd41dfd57894d84bdea
5048,126.2,1.5762,25.9548,False,7,mechanical_001,694e94943eba5ec86f88e0f45b9a3be0ea739723f70d5cd41dfd57894d84bdea
5049,126.225,1.5765,25.9744,False,7,mechanical_001,694e94943eba5ec86f88e0f45b9a3be0ea739723f70d5cd41dfd57894d84bdea
5050,126.25,1.5768,25.9934,False,7,mechanical_001,694e94943eba5ec86f88e0f45b9a3be0ea739723f70d5cd41dfd57894d84bdea
5051,126.275,1.5771,26.0129,False,7,mechanical_001,694e94943eba5ec86f88e0f45b9a3be0ea739723f70d5cd41dfd57894d84bdea
5052,126.3,1.5774,26.0286,False,7,mechanical_001,694e94943eba5ec86f88e0f45b9a3be0ea739723f70d5cd41dfd57894d84bdea
5053,126.325,1.5777,26.034,False,7,mechanical_001,694e94943eba5ec86f88e0f45b9a3be0ea739723f70d5cd41dfd57894d84bdea
5054,126.35,1.5781,26.0391,False,7,mechanical_001,694e94943eba5ec86f88e0f45b9a3be0ea739723f70d5cd41dfd57894d84bdea
5055,126.375,1.5784,26.046,False,7,mechanical_001,694e94943eba5ec86f88e0f45b9a3be0ea739723f70d5cd41dfd57894d84bdea
5056,126.4,1.5787,26.052,False,7,mechanical_001,694e94943eba5ec86f88e0f45b9a3be0ea739723f70d5cd41dfd57894d84bdea
5057,126.425,1.579,26.0616,False,7,mechanical_001,694e94943eba5ec86f88e0f45b9a3be0ea739723f70d5cd41dfd57894d84bdea
5058,126.45,1.5793,26.0652,False,7,mechanical_001,694e94943eba5ec86f88e0f45b9a3be0ea739723f70d5cd41dfd57894d84bdea
5059,126.475,1.5796,26.0744,False,7,mechanical_001,694e94943eba5ec86f88e0f45b9a3be0ea739723f70d5cd41dfd57894d84bdea
5060,126.5,1.5799,26.0859,False,7,mechanical_001,694e94943eba5ec86f88e0f45b9a3be0ea739723f70d5cd41dfd57894d84bdea
5061,126.525,1.5803,26.1008,False,7,mechanical_001,694e94943eba5ec86f88e0f45b9a3be0ea739723f70d5cd41dfd57894d84bdea
5062,126.55,1.5806,26.1189,False,7,mechanical_001,694e94943eba5ec86f88e0f45b9a3be0ea739723f70d5cd41dfd57894d84bdea
5063,126.575,1.5809,26.1406,False,7,mechanical_001,694e94943eba5ec86f88e0f45b9a3be0ea739723f70d5cd41dfd57894d84bdea
5064,126.6,1.5812,26.1604,False,7,mechanical_001,694e94943eba5ec86f88e0f45b9a3be0ea739723f70d5cd41dfd57894d84bdea
5065,126.625,1.5815,26.1808,False,7,mechanical_001,694e94943eba5ec86f88e0f45b9a3be0ea739723f70d5cd41dfd57894d84bdea
5066,126.65,1.5819,26.2034,False,7,mechanical_001,694e94943eba5ec86f88e0f45b9a3be0ea739723f70d5cd41dfd57894d84bdea
5067,126.675,1.5822,26.2202,False,7,mechanical_001,694e94943eba5ec86f88e0f45b9a3be0ea739723f70d5cd41dfd57894d84bdea
5068,126.7,1.5825,26.248,False,7,mechanical_001,694e94943eba5ec86f88e0f45b9a3be0ea739723f70d5cd41dfd57894d84bdea
5069,126.725,1.5828,26.2759,False,7,mechanical_001,694e94943eba5ec86f88e0f45b9a3be0ea739723f70d5cd41dfd57894d84bdea
5070,126.75,1.5832,26.3065,False,7,mechanical_001,694e94943eba5ec86f88e0f45b9a3be0ea739723f70d5cd41dfd57894d84bdea
5071,126.775,1.5835,26.3441,False,7,mechanical_001,694e94943eba5ec86f88e0f45b9a3be0ea739723f70d5cd41dfd57894d84bdea
5072,126.8,1.5838,26.3816,False,7,mechanical_001,694e94943eba5ec86f88e0f45b9a3be0ea739723f70d5cd41dfd57894d84bdea
5073,126.825,1.5841,26.4052,False,7,mechanical_001,694e94943eba5ec86f88e0f45b9a3be0ea739723f70d5cd41dfd57894d84bdea
5074,126.85,1.5845,26.4159,False,7,mechanical_001,694e94943eba5ec86f88e0f45b9a3be0ea739723f70d5cd41dfd57894d84bdea
5075,126.875,1.5848,26.4193,False,7,mechanical_001,694e94943eba5ec86f88e0f45b9a3be0ea739723f70d5cd41dfd57894d84bdea
5076,126.9,1.5851,26.4184,False,7,mechanical_001,694e94943eba5ec86f88e0f45b9a3be0ea739723f70d5cd41dfd57894d84bdea
5077,126.925,1.5854,26.4076,False,7,mechanical_001,694e94943eba5ec86f88e0f45b9a3be0ea739723f70d5cd41dfd57894d84bdea
5078,126.95,1.5857,26.3981,False,7,mechanical_001,694e94943eba5ec86f88e0f45b9a3be0ea739723f70d5cd41dfd57894d84bdea
5079,126.975,1.586,26.3952,False,7,mechanical_001,694e94943eba5ec86f88e0f45b9a3be0ea739723f70d5cd41dfd57894d84bdea
5080,127.0,1.5863,26.3926,False,7,mechanical_001,694e94943eba5ec86f88e0f45b9a3be0ea739723f70d5cd41dfd57894d84bdea
5081,127.025,1.5866,26.3909,False,7,mechanical_001,694e94943eba5ec86f88e0f45b9a3be0ea739723f70d5cd41dfd57894d84bdea
5082,127.05,1.5869,26.3906,False,7,mechanical_001,694e94943eba5ec86f88e0f45b9a3be0ea739723f70d5cd41dfd57894d84bdea
5083,127.075,1.5872,26.3998,False,7,mechanical_001,694e94943eba5ec86f88e0f45b9a3be0ea739723f70d5cd41dfd57894d84bdea
5084,127.1,1.5875,26.415,False,7,mechanical_001,694e94943eba5ec86f88e0f45b9a3be0ea739723f70d5cd41dfd57894d84bdea
5085,127.125,1.5879,26.4321,False,7,mechanical_001,694e94943eba5ec86f88e0f45b9a3be0ea739723f70d5cd41dfd57894d84bdea
5086,127.15,1.5882,26.4475,False,7,mechanical_001,694e94943eba5ec86f88e0f45b9a3be0ea739723f70d5cd41dfd57894d84bdea
5087,127.175,1.5885,26.4694,False,7,mechanical_001,694e94943eba5ec86f88e0f45b9a3be0ea739723f70d5cd41dfd57894d84bdea
5088,127.2,1.5888,26.492,False,7,mechanical_001,694e94943eba5ec86f88e0f45b9a3be0ea739723f70d5cd41dfd57894d84bdea
5089,127.225,1.5891,26.5049,False,7,mechanical_001,694e94943eba5ec86f88e0f45b9a3be0ea739723f70d5cd41dfd57894d84bdea
5090,127.25,1.5894,26.5117,False,7,mechanical_001,694e94943eba5ec86f88e0f45b9a3be0ea739723f70d5cd41dfd57894d84bdea
5091,127.275,1.5897,26.5135,False,7,mechanical_001,694e94943eba5ec86f88e0f45b9a3be0ea739723f70d5cd41dfd57894d84bdea
5092,127.3,1.5901,26.5184,False,7,mechanical_001,694e94943eba5ec86f88e0f45b9a3be0ea739723f70d5cd41dfd57894d84bdea
5093,127.325,1.5904,26.527,False,7,mechanical_001,694e94943eba5ec86f88e0f45b9a3be0ea739723f70d5cd41dfd57894d84bdea
5094,127.35,1.5907,26.5338,False,7,mechanical_001,694e94943eba5ec86f88e0f45b9a3be0ea739723f70d5cd41dfd57894d84bdea
5095,127.375,1.591,26.538,False,7,mechanical_001,694e94943eba5ec86f88e0f45b9a3be0ea739723f70d5cd41dfd57894d84bdea
5096,127.4,1.5913,26.5448,False,7,mechanical_001,694e94943eba5ec86f88e0f45b9a3be0ea739723f70d5cd41dfd57894d84bdea
5097,127.425,1.5916,26.5531,False,7,mechanical_001,694e94943eba5ec86f88e0f45b9a3be0ea739723f70d5cd41dfd57894d84bdea
5098,127.45,1.5919,26.56,False,7,mechanical_001,694e94943eba5ec86f88e0f45b9a3be0ea739723f70d5cd41dfd57894d84bdea
5099,127.475,1.5922,26.5817,False,7,mechanical_001,694e94943eba5ec86f88e0f45b9a3be0ea739723f70d5cd41dfd57894d84bdea
5100,127.5,1.5925,26.6203,False,7,mechanical_001,694e94943eba5ec86f88e0f45b9a3be0ea739723f70d5cd41dfd57894d84bdea
5101,127.525,1.5929,26.6577,False,7,mechanical_001,694e94943eba5ec86f88e0f45b9a3be0ea739723f70d5cd41dfd57894d84bdea
5102,127.55,1.5932,26.6862,False,7,mechanical_001,694e94943eba5ec86f88e0f45b9a3be0ea739723f70d5cd41dfd57894d84bdea
5103,127.575,1.5935,26.703,False,7,mechanical_001,694e94943eba5ec86f88e0f45b9a3be0ea739723f70d5cd41dfd57894d84bdea
5104,127.6,1.5938,26.7082,False,7,mechanical_001,694e94943eba5ec86f88e0f45b9a3be0ea739723f70d5cd41dfd57894d84bdea
5105,127.625,1.5941,26.6986,False,7,mechanical_001,694e94943eba5ec86f88e0f45b9a3be0ea739723f70d5cd41dfd57894d84bdea
5106,127.65,1.5944,26.6677,False,7,mechanical_001,694e94943eba5ec86f88e0f45b9a3be0ea739723f70d5cd41dfd57894d84bdea
5107,127.675,1.5947,26.6221,False,7,mechanical_001,694e94943eba5ec86f88e0f45b9a3be0ea739723f70d5cd41dfd57894d84bdea
5108,127.7,1.595,26.5825,False,7,mechanical_001,694e94943eba5ec86f88e0f45b9a3be0ea739723f70d5cd41dfd57894d84bdea
5109,127.725,1.5953,26.5401,False,7,mechanical_001,694e94943eba5ec86f88e0f45b9a3be0ea739723f70d5cd41dfd57894d84bdea
5110,127.75,1.5956,26.4994,False,7,mechanical_001,694e94943eba5ec86f88e0f45b9a3be0ea739723f70d5cd41dfd57894d84bdea
5111,127.775,1.5959,26.4552,False,7,mechanical_001,694e94943eba5ec86f88e0f45b9a3be0ea739723f70d5cd41dfd57894d84bdea
5112,127.8,1.5961,26.4092,False,7,mechanical_001,694e94943eba5ec86f88e0f45b9a3be0ea739723f70d5cd41dfd57894d84bdea
5113,127.825,1.5964,26.3684,False,7,mechanical_001,694e94943eba5ec86f88e0f45b9a3be0ea739723f70d5cd41dfd57894d84bdea
5114,127.85,1.5967,26.3493,False,7,mechanical_001,694e94943eba5ec86f88e0f45b9a3be0ea739723f70d5cd41dfd57894d84bdea
5115,127.875,1.597,26.3563,False,7,mechanical_001,694e94943eba5ec86f88e0f45b9a3be0ea739723f70d5cd41dfd57894d84bdea
5116,127.9,1.5973,26.3788,False,7,mechanical_001,694e94943eba5ec86f88e0f45b9a3be0ea739723f70d5cd41dfd57894d84bdea
5117,127.925,1.5976,26.4042,False,7,mechanical_001,694e94943eba5ec86f88e0f45b9a3be0ea739723f70d5cd41dfd57894d84bdea
5118,127.95,1.5979,26.4363,False,7,mechanical_001,694e94943eba5ec86f88e0f45b9a3be0ea739723f70d5cd41dfd57894d84bdea
5119,127.975,1.5983,26.4811,False,7,mechanical_001,694e94943eba5ec86f88e0f45b9a3be0ea739723f70d5cd41dfd57894d84bdea
5120,128.0,1.5986,26.5294,False,7,mechanical_001,694e94943eba5ec86f88e0f45b9a3be0ea739723f70d5cd41dfd57894d84bdea
5121,128.025,1.5989,26.5814,False,7,mechanical_001,694e94943eba5ec86f88e0f45b9a3be0ea739723f70d5cd41dfd57894d84bdea
5122,128.05,1.5993,26.6275,False,7,mechanical_001,694e94943eba5ec86f88e0f45b9a3be0ea739723f70d5cd41dfd57894d84bdea
5123,128.075,1.5996,26.6519,False,7,mechanical_001,694e94943eba5ec86f88e0f45b9a3be0ea739723f70d5cd41dfd57894d84bdea
5124,128.1,1.5999,26.6601,False,7,mechanical_001,694e94943eba5ec86f88e0f45b9a3be0ea739723f70d5cd41dfd57894d84bdea
5125,128.125,1.6002,26.6603,False,7,mechanical_001,694e94943eba5ec86f88e0f45b9a3be0ea739723f70d5cd41dfd57894d84bdea
5126,128.15,1.6005,26.6556,False,7,mechanical_001,694e94943eba5ec86f88e0f45b9a3be0ea739723f70d5cd41dfd57894d84bdea
5127,128.175,1.6008,26.6533,False,7,mechanical_001,694e94943eba5ec86f88e0f45b9a3be0ea739723f70d5cd41dfd57894d84bdea
5128,128.2,1.6011,26.6496,False,7,mechanical_001,694e94943eba5ec86f88e0f45b9a3be0ea739723f70d5cd41dfd57894d84bdea
5129,128.225,1.6014,26.6437,False,7,mechanical_001,694e94943eba5ec86f88e0f45b9a3be0ea739723f70d5cd41dfd57894d84bdea
5130,128.25,1.6017,26.6423,False,7,mechanical_001,694e94943eba5ec86f88e0f45b9a3be0ea739723f70d5cd41dfd57894d84bdea
5131,128.275,1.602,26.6485,False,7,mechanical_001,694e94943eba5ec86f88e0f45b9a3be0ea739723f70d5cd41dfd57894d84bdea
5132,128.3,1.6023,26.6664,False,7,mechanical_001,694e94943eba5ec86f88e0f45b9a3be0ea739723f70d5cd41dfd57894d84bdea
5133,128.325,1.6027,26.6884,False,7,mechanical_001,694e94943eba5ec86f88e0f45b9a3be0ea739723f70d5cd41dfd57894d84bdea
5134,128.35,1.603,26.7094,False,7,mechanical_001,694e94943eba5ec86f88e0f45b9a3be0ea739723f70d5cd41dfd57894d84bdea
5135,128.375,1.6033,26.735,False,7,mechanical_001,694e94943eba5ec86f88e0f45b9a3be0ea739723f70d5cd41dfd57894d84bdea
5136,128.4,1.6036,26.7587,False,7,mechanical_001,694e94943eba5ec86f88e0f45b9a3be0ea739723f70d5cd41dfd57894d84bdea
5137,128.425,1.6039,26.7838,False,7,mechanical_001,694e94943eba5ec86f88e0f45b9a3be0ea739723f70d5cd41dfd57894d84bdea
5138,128.45,1.6042,26.8144,False,7,mechanical_001,694e94943eba5ec86f88e0f45b9a3be0ea739723f70d5cd41dfd57894d84bdea
5139,128.475,1.6046,26.852,False,7,mechanical_001,694e94943eba5ec86f88e0f45b9a3be0ea739723f70d5cd41dfd57894d84bdea
5140,128.5,1.6049,26.8838,False,7,mechanical_001,694e94943eba5ec86f88e0f45b9a3be0ea739723f70d5cd41dfd57894d84bdea
5141,128.525,1.6052,26.9101,False,7,mechanical_001,694e94943eba5ec86f88e0f45b9a3be0ea739723f70d5cd41dfd57894d84bdea
5142,128.55,1.6055,26.938,False,7,mechanical_001,694e94943eba5ec86f88e0f45b9a3be0ea739723f70d5cd41dfd57894d84bdea
5143,128.575,1.6058,26.9591,False,7,mechanical_001,694e94943eba5ec86f88e0f45b9a3be0ea739723f70d5cd41dfd57894d84bdea
5144,128.6,1.6062,26.9755,False,7,mechanical_001,694e94943eba5ec86f88e0f45b9a3be0ea739723f70d5cd41dfd57894d84bdea
5145,128.625,1.6065,26.9874,False,7,mechanical_001,694e94943eba5ec86f88e0f45b9a3be0ea739723f70d5cd41dfd57894d84bdea
5146,128.65,1.6068,26.9989,False,7,mechanical_001,694e94943eba5ec86f88e0f45b9a3be0ea739723f70d5cd41dfd57894d84bdea
5147,128.675,1.6071,27.0112,False,7,mechanical_001,694e94943eba5ec86f88e0f45b9a3be0ea739723f70d5cd41dfd57894d84bdea
5148,128.7,1.6074,27.0311,False,7,mechanical_001,694e94943eba5ec86f88e0f45b9a3be0ea739723f70d5cd41dfd57894d84bdea
5149,128.725,1.6077,27.0596,False,7,mechanical_001,694e94943eba5ec86f88e0f45b9a3be0ea739723f70d5cd41dfd57894d84bdea
5150,128.75,1.608,27.0988,False,7,mechanical_001,694e94943eba5ec86f88e0f45b9a3be0ea739723f70d5cd41dfd57894d84bdea
5151,128.775,1.6084,27.1462,False,7,mechanical_001,694e94943eba5ec86f88e0f45b9a3be0ea739723f70d5cd41dfd57894d84bdea
5152,128.8,1.6087,27.2005,False,7,mechanical_001,694e94943eba5ec86f88e0f45b9a3be0ea739723f70d5cd41dfd57894d84bdea
5153,128.825,1.6091,27.2594,False,7,mechanical_001,694e94943eba5ec86f88e0f45b9a3be0ea739723f70d5cd41dfd57894d84bdea
5154,128.85,1.6094,27.3313,False,7,mechanical_001,694e94943eba5ec86f88e0f45b9a3be0ea739723f70d5cd41dfd57894d84bdea
5155,128.875,1.6098,27.4098,False,7,mechanical_001,694e94943eba5ec86f88e0f45b9a3be0ea739723f70d5cd41dfd57894d84bdea
5156,128.9,1.6101,27.4859,False,7,mechanical_001,694e94943eba5ec86f88e0f45b9a3be0ea739723f70d5cd41dfd57894d84bdea
5157,128.925,1.6105,27.5473,False,7,mechanical_001,694e94943eba5ec86f88e0f45b9a3be0ea739723f70d5cd41dfd57894d84bdea
5158,128.95,1.6108,27.5887,False,7,mechanical_001,694e94943eba5ec86f88e0f45b9a3be0ea739723f70d5cd41dfd57894d84bdea
5159,128.975,1.6111,27.6148,False,7,mechanical_001,694e94943eba5ec86f88e0f45b9a3be0ea739723f70d5cd41dfd57894d84bdea
5160,129.0,1.6114,27.6223,False,7,mechanical_001,694e94943eba5ec86f88e0f45b9a3be0ea739723f70d5cd41dfd57894d84bdea
5161,129.025,1.6118,27.6059,False,7,mechanical_001,694e94943eba5ec86f88e0f45b9a3be0ea739723f70d5cd41dfd57894d84bdea
5162,129.05,1.6121,27.5765,False,7,mechanical_001,694e94943eba5ec86f88e0f45b9a3be0ea739723f70d5cd41dfd57894d84bdea
5163,129.075,1.6124,27.5474,False,7,mechanical_001,694e94943eba5ec86f88e0f45b9a3be0ea739723f70d5cd41dfd57894d84bdea
5164,129.1,1.6127,27.5288,False,7,mechanical_001,694e94943eba5ec86f88e0f45b9a3be0ea739723f70d5cd41dfd57894d84bdea
5165,129.125,1.613,27.5205,False,7,mechanical_001,694e94943eba5ec86f88e0f45b9a3be0ea739723f70d5cd41dfd57894d84bdea
5166,129.15,1.6133,27.5188,False,7,mechanical_001,694e94943eba5ec86f88e0f45b9a3be0ea739723f70d5cd41dfd57894d84bdea
5167,129.175,1.6136,27.5232,False,7,mechanical_001,694e94943eba5ec86f88e0f45b9a3be0ea739723f70d5cd41dfd57894d84bdea
5168,129.2,1.6139,27.5303,False,7,mechanical_001,694e94943eba5ec86f88e0f45b9a3be0ea739723f70d5cd41dfd57894d84bdea
5169,129.225,1.6142,27.54,False,7,mechanical_001,694e94943eba5ec86f88e0f45b9a3be0ea739723f70d5cd41dfd57894d84bdea
5170,129.25,1.6145,27.5509,False,7,mechanical_001,694e94943eba5ec86f88e0f45b9a3be0ea739723f70d5cd41dfd57894d84bdea
5171,129.275,1.6148,27.56,False,7,mechanical_001,694e94943eba5ec86f88e0f45b9a3be0ea739723f70d5cd41dfd57894d84bdea
5172,129.3,1.6151,27.5744,False,7,mechanical_001,694e94943eba5ec86f88e0f45b9a3be0ea739723f70d5cd41dfd57894d84bdea
5173,129.325,1.6154,27.5827,False,7,mechanical_001,694e94943eba5ec86f88e0f45b9a3be0ea739723f70d5cd41dfd57894d84bdea
5174,129.35,1.6157,27.5909,False,7,mechanical_001,694e94943eba5ec86f88e0f45b9a3be0ea739723f70d5cd41dfd57894d84bdea
5175,129.375,1.616,27.6033,False,7,mechanical_001,694e94943eba5ec86f88e0f45b9a3be0ea739723f70d5cd41dfd57894d84bdea
5176,129.4,1.6164,27.6157,False,7,mechanical_001,694e94943eba5ec86f88e0f45b9a3be0ea739723f70d5cd41dfd57894d84bdea
5177,129.425,1.6167,27.6301,False,7,mechanical_001,694e94943eba5ec86f88e0f45b9a3be0ea739723f70d5cd41dfd57894d84bdea
5178,129.45,1.617,27.6323,False,7,mechanical_001,694e94943eba5ec86f88e0f45b9a3be0ea739723f70d5cd41dfd57894d84bdea
5179,129.475,1.6173,27.6341,False,7,mechanical_001,694e94943eba5ec86f88e0f45b9a3be0ea739723f70d5cd41dfd57894d84bdea
5180,129.5,1.6176,27.634,False,7,mechanical_001,694e94943eba5ec86f88e0f45b9a3be0ea739723f70d5cd41dfd57894d84bdea
5181,129.525,1.6179,27.6421,False,7,mechanical_001,694e94943eba5ec86f88e0f45b9a3be0ea739723f70d5cd41dfd57894d84bdea
5182,129.55,1.6182,27.6566,False,7,mechanical_001,694e94943eba5ec86f88e0f45b9a3be0ea739723f70d5cd41dfd57894d84bdea
5183,129.575,1.6185,27.6786,False,7,mechanical_001,694e94943eba5ec86f88e0f45b9a3be0ea739723f70d5cd41dfd57894d84bdea
5184,129.6,1.6188,27.7003,False,7,mechanical_001,694e94943eba5ec86f88e0f45b9a3be0ea739723f70d5cd41dfd57894d84bdea
5185,129.625,1.6191,27.7199,False,7,mechanical_001,694e94943eba5ec86f88e0f45b9a3be0ea739723f70d5cd41dfd57894d84bdea
5186,129.65,1.6194,27.7405,False,7,mechanical_001,694e94943eba5ec86f88e0f45b9a3be0ea739723f70d5cd41dfd57894d84bdea
5187,129.675,1.6198,27.7623,False,7,mechanical_001,694e94943eba5ec86f88e0f45b9a3be0ea739723f70d5cd41dfd57894d84bdea
5188,129.7,1.6201,27.7839,False,7,mechanical_001,694e94943eba5ec86f88e0f45b9a3be0ea739723f70d5cd41dfd57894d84bdea
5189,129.725,1.6204,27.7935,False,7,mechanical_001,694e94943eba5ec86f88e0f45b9a3be0ea739723f70d5cd41dfd57894d84bdea
5190,129.75,1.6207,27.8037,False,7,mechanical_001,694e94943eba5ec86f88e0f45b9a3be0ea739723f70d5cd41dfd57894d84bdea
5191,129.775,1.621,27.8137,False,7,mechanical_001,694e94943eba5ec86f88e0f45b9a3be0ea739723f70d5cd41dfd57894d84bdea
5192,129.8,1.6213,27.8244,False,7,mechanical_001,694e94943eba5ec86f88e0f45b9a3be0ea739723f70d5cd41dfd57894d84bdea
5193,129.825,1.6216,27.8365,False,7,mechanical_001,694e94943eba5ec86f88e0f45b9a3be0ea739723f70d5cd41dfd57894d84bdea
5194,129.85,1.6219,27.8434,False,7,mechanical_001,694e94943eba5ec86f88e0f45b9a3be0ea739723f70d5cd41dfd57894d84bdea
5195,129.875,1.6222,27.848,False,7,mechanical_001,694e94943eba5ec86f88e0f45b9a3be0ea739723f70d5cd41dfd57894d84bdea
5196,129.9,1.6225,27.8526,False,7,mechanical_001,694e94943eba5ec86f88e0f45b9a3be0ea739723f70d5cd41dfd57894d84bdea
5197,129.925,1.6228,27.8541,False,7,mechanical_001,694e94943eba5ec86f88e0f45b9a3be0ea739723f70d5cd41dfd57894d84bdea
5198,129.95,1.6231,27.8466,False,7,mechanical_001,694e94943eba5ec86f88e0f45b9a3be0ea739723f70d5cd41dfd57894d84bdea
5199,129.975,1.6234,27.8384,False,7,mechanical_001,694e94943eba5ec86f88e0f45b9a3be0ea739723f70d5cd41dfd57894d84bdea
5200,130.0,1.6237,27.8286,False,7,mechanical_001,694e94943eba5ec86f88e0f45b9a3be0ea739723f70d5cd41dfd57894d84bdea
5201,130.025,1.624,27.8209,False,7,mechanical_001,694e94943eba5ec86f88e0f45b9a3be0ea739723f70d5cd41dfd57894d84bdea
5202,130.05,1.6243,27.8124,False,7,mechanical_001,694e94943eba5ec86f88e0f45b9a3be0ea739723f70d5cd41dfd57894d84bdea
5203,130.075,1.6246,27.7934,False,7,mechanical_001,694e94943eba5ec86f88e0f45b9a3be0ea739723f70d5cd41dfd57894d84bdea
5204,130.1,1.6249,27.7901,False,7,mechanical_001,694e94943eba5ec86f88e0f45b9a3be0ea739723f70d5cd41dfd57894d84bdea
5205,130.125,1.6252,27.8047,False,7,mechanical_001,694e94943eba5ec86f88e0f45b9a3be0ea739723f70d5cd41dfd57894d84bdea
5206,130.15,1.6255,27.8358,False,7,mechanical_001,694e94943eba5ec86f88e0f45b9a3be0ea739723f70d5cd41dfd57894d84bdea
5207,130.175,1.6258,27.8753,False,7,mechanical_001,694e94943eba5ec86f88e0f45b9a3be0ea739723f70d5cd41dfd57894d84bdea
5208,130.2,1.6261,27.9253,False,7,mechanical_001,694e94943eba5ec86f88e0f45b9a3be0ea739723f70d5cd41dfd57894d84bdea
5209,130.225,1.6264,27.9724,False,7,mechanical_001,694e94943eba5ec86f88e0f45b9a3be0ea739723f70d5cd41dfd57894d84bdea
5210,130.25,1.6267,28.0176,False,7,mechanical_001,694e94943eba5ec86f88e0f45b9a3be0ea739723f70d5cd41dfd57894d84bdea
5211,130.275,1.6271,28.0549,False,7,mechanical_001,694e94943eba5ec86f88e0f45b9a3be0ea739723f70d5cd41dfd57894d84bdea
5212,130.3,1.6274,28.0792,False,7,mechanical_001,694e94943eba5ec86f88e0f45b9a3be0ea739723f70d5cd41dfd57894d84bdea
5213,130.325,1.6277,28.0964,False,7,mechanical_001,694e94943eba5ec86f88e0f45b9a3be0ea739723f70d5cd41dfd57894d84bdea
5214,130.35,1.628,28.1124,False,7,mechanical_001,694e94943eba5ec86f88e0f45b9a3be0ea739723f70d5cd41dfd57894d84bdea
5215,130.375,1.6283,28.1237,False,7,mechanical_001,694e94943eba5ec86f88e0f45b9a3be0ea739723f70d5cd41dfd57894d84bdea
5216,130.4,1.6286,28.1282,False,7,mechanical_001,694e94943eba5ec86f88e0f45b9a3be0ea739723f70d5cd41dfd57894d84bdea
5217,130.425,1.6289,28.1394,False,7,mechanical_001,694e94943eba5ec86f88e0f45b9a3be0ea739723f70d5cd41dfd57894d84bdea
5218,130.45,1.6292,28.1501,False,7,mechanical_001,694e94943eba5ec86f88e0f45b9a3be0ea739723f70d5cd41dfd57894d84bdea
5219,130.475,1.6295,28.1528,False,7,mechanical_001,694e94943eba5ec86f88e0f45b9a3be0ea739723f70d5cd41dfd57894d84bdea
5220,130.5,1.6298,28.1442,False,7,mechanical_001,694e94943eba5ec86f88e0f45b9a3be0ea739723f70d5cd41dfd57894d84bdea
5221,130.525,1.6301,28.1382,False,7,mechanical_001,694e94943eba5ec86f88e0f45b9a3be0ea739723f70d5cd41dfd57894d84bdea
5222,130.55,1.6304,28.1395,False,7,mechanical_001,694e94943eba5ec86f88e0f45b9a3be0ea739723f70d5cd41dfd57894d84bdea
5223,130.575,1.6307,28.1541,False,7,mechanical_001,694e94943eba5ec86f88e0f45b9a3be0ea739723f70d5cd41dfd57894d84bdea
5224,130.6,1.6311,28.1657,False,7,mechanical_001,694e94943eba5ec86f88e0f45b9a3be0ea739723f70d5cd41dfd57894d84bdea
5225,130.625,1.6314,28.1756,False,7,mechanical_001,694e94943eba5ec86f88e0f45b9a3be0ea739723f70d5cd41dfd57894d84bdea
5226,130.65,1.6317,28.1852,False,7,mechanical_001,694e94943eba5ec86f88e0f45b9a3be0ea739723f70d5cd41dfd57894d84bdea
5227,130.675,1.632,28.1841,False,7,mechanical_001,694e94943eba5ec86f88e0f45b9a3be0ea739723f70d5cd41dfd57894d84bdea
5228,130.7,1.6323,28.1771,False,7,mechanical_001,694e94943eba5ec86f88e0f45b9a3be0ea739723f70d5cd41dfd57894d84bdea
5229,130.725,1.6326,28.1741,False,7,mechanical_001,694e94943eba5ec86f88e0f45b9a3be0ea739723f70d5cd41dfd57894d84bdea
5230,130.75,1.6329,28.1707,False,7,mechanical_001,694e94943eba5ec86f88e0f45b9a3be0ea739723f70d5cd41dfd57894d84bdea
5231,130.775,1.6332,28.166,False,7,mechanical_001,694e94943eba5ec86f88e0f45b9a3be0ea739723f70d5cd41dfd57894d84bdea
5232,130.8,1.6335,28.1644,False,7,mechanical_001,694e94943eba5ec86f88e0f45b9a3be0ea739723f70d5cd41dfd57894d84bdea
5233,130.825,1.6338,28.1738,False,7,mechanical_001,694e94943eba5ec86f88e0f45b9a3be0ea739723f70d5cd41dfd57894d84bdea
5234,130.85,1.6341,28.1873,False,7,mechanical_001,694e94943eba5ec86f88e0f45b9a3be0ea739723f70d5cd41dfd57894d84bdea
5235,130.875,1.6344,28.1975,False,7,mechanical_001,694e94943eba5ec86f88e0f45b9a3be0ea739723f70d5cd41dfd57894d84bdea
5236,130.9,1.6347,28.2121,False,7,mechanical_001,694e94943eba5ec86f88e0f45b9a3be0ea739723f70d5cd41dfd57894d84bdea
5237,130.925,1.6351,28.2467,False,7,mechanical_001,694e94943eba5ec86f88e0f45b9a3be0ea739723f70d5cd41dfd57894d84bdea
5238,130.95,1.6354,28.272,False,7,mechanical_001,694e94943eba5ec86f88e0f45b9a3be0ea739723f70d5cd41dfd57894d84bdea
5239,130.975,1.6357,28.2929,False,7,mechanical_001,694e94943eba5ec86f88e0f45b9a3be0ea739723f70d5cd41dfd57894d84bdea
5240,131.0,1.636,28.3269,False,7,mechanical_001,694e94943eba5ec86f88e0f45b9a3be0ea739723f70d5cd41dfd57894d84bdea
5241,131.025,1.6364,28.3586,False,7,mechanical_001,694e94943eba5ec86f88e0f45b9a3be0ea739723f70d5cd41dfd57894d84bdea
5242,131.05,1.6367,28.3866,False,7,mechanical_001,694e94943eba5ec86f88e0f45b9a3be0ea739723f70d5cd41dfd57894d84bdea
5243,131.075,1.637,28.4106,False,7,mechanical_001,694e94943eba5ec86f88e0f45b9a3be0ea739723f70d5cd41dfd57894d84bdea
5244,131.1,1.6373,28.4232,False,7,mechanical_001,694e94943eba5ec86f88e0f45b9a3be0ea739723f70d5cd41dfd57894d84bdea
5245,131.125,1.6376,28.4399,False,7,mechanical_001,694e94943eba5ec86f88e0f45b9a3be0ea739723f70d5cd41dfd57894d84bdea
5246,131.15,1.638,28.4447,False,7,mechanical_001,694e94943eba5ec86f88e0f45b9a3be0ea739723f70d5cd41dfd57894d84bdea
5247,131.175,1.6383,28.447,False,7,mechanical_001,694e94943eba5ec86f88e0f45b9a3be0ea739723f70d5cd41dfd57894d84bdea
5248,131.2,1.6386,28.4631,False,7,mechanical_001,694e94943eba5ec86f88e0f45b9a3be0ea739723f70d5cd41dfd57894d84bdea
5249,131.225,1.6389,28.4904,False,7,mechanical_001,694e94943eba5ec86f88e0f45b9a3be0ea739723f70d5cd41dfd57894d84bdea
5250,131.25,1.6392,28.5148,False,7,mechanical_001,694e94943eba5ec86f88e0f45b9a3be0ea739723f70d5cd41dfd57894d84bdea
5251,131.275,1.6396,28.5295,False,7,mechanical_001,694e94943eba5ec86f88e0f45b9a3be0ea739723f70d5cd41dfd57894d84bdea
5252,131.3,1.6399,28.5417,False,7,mechanical_001,694e94943eba5ec86f88e0f45b9a3be0ea739723f70d5cd41dfd57894d84bdea
5253,131.325,1.6402,28.5553,False,7,mechanical_001,694e94943eba5ec86f88e0f45b9a3be0ea739723f70d5cd41dfd57894d84bdea
5254,131.35,1.6405,28.5651,False,7,mechanical_001,694e94943eba5ec86f88e0f45b9a3be0ea739723f70d5cd41dfd57894d84bdea
5255,131.375,1.6408,28.5775,False,7,mechanical_001,694e94943eba5ec86f88e0f45b9a3be0ea739723f70d5cd41dfd57894d84bdea
5256,131.4,1.6411,28.5919,False,7,mechanical_001,694e94943eba5ec86f88e0f45b9a3be0ea739723f70d5cd41dfd57894d84bdea
5257,131.425,1.6415,28.6104,False,7,mechanical_001,694e94943eba5ec86f88e0f45b9a3be0ea739723f70d5cd41dfd57894d84bdea
5258,131.45,1.6418,28.6319,False,7,mechanical_001,694e94943eba5ec86f88e0f45b9a3be0ea739723f70d5cd41dfd57894d84bdea
5259,131.475,1.6421,28.654,False,7,mechanical_001,694e94943eba5ec86f88e0f45b9a3be0ea739723f70d5cd41dfd57894d84bdea
5260,131.5,1.6424,28.6669,False,7,mechanical_001,694e94943eba5ec86f88e0f45b9a3be0ea739723f70d5cd41dfd57894d84bdea
5261,131.525,1.6427,28.6792,False,7,mechanical_001,694e94943eba5ec86f88e0f45b9a3be0ea739723f70d5cd41dfd57894d84bdea
5262,131.55,1.643,28.6952,False,7,mechanical_001,694e94943eba5ec86f88e0f45b9a3be0ea739723f70d5cd41dfd57894d84bdea
5263,131.575,1.6433,28.7101,False,7,mechanical_001,694e94943eba5ec86f88e0f45b9a3be0ea739723f70d5cd41dfd57894d84bdea
5264,131.6,1.6436,28.7221,False,7,mechanical_001,694e94943eba5ec86f88e0f45b9a3be0ea739723f70d5cd41dfd57894d84bdea
5265,131.625,1.6439,28.7467,False,7,mechanical_001,694e94943eba5ec86f88e0f45b9a3be0ea739723f70d5cd41dfd57894d84bdea
5266,131.65,1.6443,28.7803,False,7,mechanical_001,694e94943eba5ec86f88e0f45b9a3be0ea739723f70d5cd41dfd57894d84bdea
5267,131.675,1.6446,28.8119,False,7,mechanical_001,694e94943eba5ec86f88e0f45b9a3be0ea739723f70d5cd41dfd57894d84bdea
5268,131.7,1.6449,28.8401,False,7,mechanical_001,694e94943eba5ec86f88e0f45b9a3be0ea739723f70d5cd41dfd57894d84bdea
5269,131.725,1.6452,28.8694,False,7,mechanical_001,694e94943eba5ec86f88e0f45b9a3be0ea739723f70d5cd41dfd57894d84bdea
5270,131.75,1.6455,28.9056,False,7,mechanical_001,694e94943eba5ec86f88e0f45b9a3be0ea739723f70d5cd41dfd57894d84bdea
5271,131.775,1.6458,28.936,False,7,mechanical_001,694e94943eba5ec86f88e0f45b9a3be0ea739723f70d5cd41dfd57894d84bdea
5272,131.8,1.6461,28.9643,False,7,mechanical_001,694e94943eba5ec86f88e0f45b9a3be0ea739723f70d5cd41dfd57894d84bdea
5273,131.825,1.6465,28.9915,False,7,mechanical_001,694e94943eba5ec86f88e0f45b9a3be0ea739723f70d5cd41dfd57894d84bdea
5274,131.85,1.6468,29.0131,False,7,mechanical_001,694e94943eba5ec86f88e0f45b9a3be0ea739723f70d5cd41dfd57894d84bdea
5275,131.875,1.6471,29.0303,False,7,mechanical_001,694e94943eba5ec86f88e0f45b9a3be0ea739723f70d5cd41dfd57894d84bdea
5276,131.9,1.6474,29.0535,False,7,mechanical_001,694e94943eba5ec86f88e0f45b9a3be0ea739723f70d5cd41dfd57894d84bdea
5277,131.925,1.6477,29.0749,False,7,mechanical_001,694e94943eba5ec86f88e0f45b9a3be0ea739723f70d5cd41dfd57894d84bdea
5278,131.95,1.648,29.0987,False,7,mechanical_001,694e94943eba5ec86f88e0f45b9a3be0ea739723f70d5cd41dfd57894d84bdea
5279,131.975,1.6483,29.1222,False,7,mechanical_001,694e94943eba5ec86f88e0f45b9a3be0ea739723f70d5cd41dfd57894d84bdea
5280,132.0,1.6486,29.1536,False,7,mechanical_001,694e94943eba5ec86f88e0f45b9a3be0ea739723f70d5cd41dfd57894d84bdea
5281,132.025,1.649,29.1835,False,7,mechanical_001,694e94943eba5ec86f88e0f45b9a3be0ea739723f70d5cd41dfd57894d84bdea
5282,132.05,1.6493,29.2121,False,7,mechanical_001,694e94943eba5ec86f88e0f45b9a3be0ea739723f70d5cd41dfd57894d84bdea
5283,132.075,1.6496,29.2346,False,7,mechanical_001,694e94943eba5ec86f88e0f45b9a3be0ea739723f70d5cd41dfd57894d84bdea
5284,132.1,1.6499,29.2535,False,7,mechanical_001,694e94943eba5ec86f88e0f45b9a3be0ea739723f70d5cd41dfd57894d84bdea
5285,132.125,1.6502,29.2653,False,7,mechanical_001,694e94943eba5ec86f88e0f45b9a3be0ea739723f70d5cd41dfd57894d84bdea
5286,132.15,1.6505,29.279,False,7,mechanical_001,694e94943eba5ec86f88e0f45b9a3be0ea739723f70d5cd41dfd57894d84bdea
5287,132.175,1.6508,29.2991,False,7,mechanical_001,694e94943eba5ec86f88e0f45b9a3be0ea739723f70d5cd41dfd57894d84bdea
5288,132.2,1.6511,29.3224,False,7,mechanical_001,694e94943eba5ec86f88e0f45b9a3be0ea739723f70d5cd41dfd57894d84bdea
5289,132.225,1.6514,29.3529,False,7,mechanical_001,694e94943eba5ec86f88e0f45b9a3be0ea739723f70d5cd41dfd57894d84bdea
5290,132.25,1.6518,29.3902,False,7,mechanical_001,694e94943eba5ec86f88e0f45b9a3be0ea739723f70d5cd41dfd57894d84bdea
5291,132.275,1.6521,29.4264,False,7,mechanical_001,694e94943eba5ec86f88e0f45b9a3be0ea739723f70d5cd41dfd57894d84bdea
5292,132.3,1.6524,29.4624,False,7,mechanical_001,694e94943eba5ec86f88e0f45b9a3be0ea739723f70d5cd41dfd57894d84bdea
5293,132.325,1.6527,29.4947,False,7,mechanical_001,694e94943eba5ec86f88e0f45b9a3be0ea739723f70d5cd41dfd57894d84bdea
5294,132.35,1.653,29.5198,False,7,mechanical_001,694e94943eba5ec86f88e0f45b9a3be0ea739723f70d5cd41dfd57894d84bdea
5295,132.375,1.6533,29.5288,False,7,mechanical_001,694e94943eba5ec86f88e0f45b9a3be0ea739723f70d5cd41dfd57894d84bdea
5296,132.4,1.6536,29.5367,False,7,mechanical_001,694e94943eba5ec86f88e0f45b9a3be0ea739723f70d5cd41dfd57894d84bdea
5297,132.425,1.6539,29.5429,False,7,mechanical_001,694e94943eba5ec86f88e0f45b9a3be0ea739723f70d5cd41dfd57894d84bdea
5298,132.45,1.6542,29.5561,False,7,mechanical_001,694e94943eba5ec86f88e0f45b9a3be0ea739723f70d5cd41dfd57894d84bdea
5299,132.475,1.6546,29.5733,False,7,mechanical_001,694e94943eba5ec86f88e0f45b9a3be0ea739723f70d5cd41dfd57894d84bdea
5300,132.5,1.6549,29.5942,False,7,mechanical_001,694e94943eba5ec86f88e0f45b9a3be0ea739723f70d5cd41dfd57894d84bdea
5301,132.525,1.6552,29.6319,False,7,mechanical_001,694e94943eba5ec86f88e0f45b9a3be0ea739723f70d5cd41dfd57894d84bdea
5302,132.55,1.6555,29.6711,False,7,mechanical_001,694e94943eba5ec86f88e0f45b9a3be0ea739723f70d5cd41dfd57894d84bdea
5303,132.575,1.6558,29.708,False,7,mechanical_001,694e94943eba5ec86f88e0f45b9a3be0ea739723f70d5cd41dfd57894d84bdea
5304,132.6,1.6561,29.7415,False,7,mechanical_001,694e94943eba5ec86f88e0f45b9a3be0ea739723f70d5cd41dfd57894d84bdea
5305,132.625,1.6565,29.7748,False,7,mechanical_001,694e94943eba5ec86f88e0f45b9a3be0ea739723f70d5cd41dfd57894d84bdea
5306,132.65,1.6568,29.8054,False,7,mechanical_001,694e94943eba5ec86f88e0f45b9a3be0ea739723f70d5cd41dfd57894d84bdea
5307,132.675,1.6571,29.8266,False,7,mechanical_001,694e94943eba5ec86f88e0f45b9a3be0ea739723f70d5cd41dfd57894d84bdea
5308,132.7,1.6574,29.8386,False,7,mechanical_001,694e94943eba5ec86f88e0f45b9a3be0ea739723f70d5cd41dfd57894d84bdea
5309,132.725,1.6577,29.8421,False,7,mechanical_001,694e94943eba5ec86f88e0f45b9a3be0ea739723f70d5cd41dfd57894d84bdea
5310,132.75,1.658,29.8436,False,7,mechanical_001,694e94943eba5ec86f88e0f45b9a3be0ea739723f70d5cd41dfd57894d84bdea
5311,132.775,1.6583,29.8597,False,7,mechanical_001,694e94943eba5ec86f88e0f45b9a3be0ea739723f70d5cd41dfd57894d84bdea
5312,132.8,1.6586,29.8764,False,7,mechanical_001,694e94943eba5ec86f88e0f45b9a3be0ea739723f70d5cd41dfd57894d84bdea
5313,132.825,1.6589,29.8828,False,7,mechanical_001,694e94943eba5ec86f88e0f45b9a3be0ea739723f70d5cd41dfd57894d84bdea
5314,132.85,1.6592,29.8974,False,7,mechanical_001,694e94943eba5ec86f88e0f45b9a3be0ea739723f70d5cd41dfd57894d84bdea
5315,132.875,1.6595,29.9189,False,7,mechanical_001,694e94943eba5ec86f88e0f45b9a3be0ea739723f70d5cd41dfd57894d84bdea
5316,132.9,1.6598,29.95,False,7,mechanical_001,694e94943eba5ec86f88e0f45b9a3be0ea739723f70d5cd41dfd57894d84bdea
5317,132.925,1.6602,29.9928,False,7,mechanical_001,694e94943eba5ec86f88e0f45b9a3be0ea739723f70d5cd41dfd57894d84bdea
5318,132.95,1.6605,30.0422,False,7,mechanical_001,694e94943eba5ec86f88e0f45b9a3be0ea739723f70d5cd41dfd57894d84bdea
5319,132.975,1.6608,30.1047,False,7,mechanical_001,694e94943eba5ec86f88e0f45b9a3be0ea739723f70d5cd41dfd57894d84bdea
5320,133.0,1.6611,30.161,False,7,mechanical_001,694e94943eba5ec86f88e0f45b9a3be0ea739723f70d5cd41dfd57894d84bdea
5321,133.025,1.6615,30.2049,False,7,mechanical_001,694e94943eba5ec86f88e0f45b9a3be0ea739723f70d5cd41dfd57894d84bdea
5322,133.05,1.6618,30.2393,False,7,mechanical_001,694e94943eba5ec86f88e0f45b9a3be0ea739723f70d5cd41dfd57894d84bdea
5323,133.075,1.6621,30.2638,False,7,mechanical_001,694e94943eba5ec86f88e0f45b9a3be0ea739723f70d5cd41dfd57894d84bdea
5324,133.1,1.6624,30.2837,False,7,mechanical_001,694e94943eba5ec86f88e0f45b9a3be0ea739723f70d5cd41dfd57894d84bdea
5325,133.125,1.6627,30.3047,False,7,mechanical_001,694e94943eba5ec86f88e0f45b9a3be0ea739723f70d5cd41dfd57894d84bdea
5326,133.15,1.663,30.319,False,7,mechanical_001,694e94943eba5ec86f88e0f45b9a3be0ea739723f70d5cd41dfd57894d84bdea
5327,133.175,1.6634,30.3269,False,7,mechanical_001,694e94943eba5ec86f88e0f45b9a3be0ea739723f70d5cd41dfd57894d84bdea
5328,133.2,1.6637,30.3333,False,7,mechanical_001,694e94943eba5ec86f88e0f45b9a3be0ea739723f70d5cd41dfd57894d84bdea
5329,133.225,1.664,30.3483,False,7,mechanical_001,694e94943eba5ec86f88e0f45b9a3be0ea739723f70d5cd41dfd57894d84bdea
5330,133.25,1.6643,30.362,False,7,mechanical_001,694e94943eba5ec86f88e0f45b9a3be0ea739723f70d5cd41dfd57894d84bdea
5331,133.275,1.6646,30.3839,False,7,mechanical_001,694e94943eba5ec86f88e0f45b9a3be0ea739723f70d5cd41dfd57894d84bdea
5332,133.3,1.6649,30.4083,False,7,mechanical_001,694e94943eba5ec86f88e0f45b9a3be0ea739723f70d5cd41dfd57894d84bdea
5333,133.325,1.6652,30.437,False,7,mechanical_001,694e94943eba5ec86f88e0f45b9a3be0ea739723f70d5cd41dfd57894d84bdea
5334,133.35,1.6655,30.4625,False,7,mechanical_001,694e94943eba5ec86f88e0f45b9a3be0ea739723f70d5cd41dfd57894d84bdea
5335,133.375,1.6659,30.4868,False,7,mechanical_001,694e94943eba5ec86f88e0f45b9a3be0ea739723f70d5cd41dfd57894d84bdea
5336,133.4,1.6662,30.5145,False,7,mechanical_001,694e94943eba5ec86f88e0f45b9a3be0ea739723f70d5cd41dfd57894d84bdea
5337,133.425,1.6665,30.5554,False,7,mechanical_001,694e94943eba5ec86f88e0f45b9a3be0ea739723f70d5cd41dfd57894d84bdea
5338,133.45,1.6668,30.6075,False,7,mechanical_001,694e94943eba5ec86f88e0f45b9a3be0ea739723f70d5cd41dfd57894d84bdea
5339,133.475,1.6672,30.6589,False,7,mechanical_001,694e94943eba5ec86f88e0f45b9a3be0ea739723f70d5cd41dfd57894d84bdea
5340,133.5,1.6675,30.7042,False,7,mechanical_001,694e94943eba5ec86f88e0f45b9a3be0ea739723f70d5cd41dfd57894d84bdea
5341,133.525,1.6678,30.751,False,7,mechanical_001,694e94943eba5ec86f88e0f45b9a3be0ea739723f70d5cd41dfd57894d84bdea
5342,133.55,1.6681,30.8032,False,7,mechanical_001,694e94943eba5ec86f88e0f45b9a3be0ea739723f70d5cd41dfd57894d84bdea
5343,133.575,1.6685,30.8505,False,7,mechanical_001,694e94943eba5ec86f88e0f45b9a3be0ea739723f70d5cd41dfd57894d84bdea
5344,133.6,1.6688,30.8964,False,7,mechanical_001,694e94943eba5ec86f88e0f45b9a3be0ea739723f70d5cd41dfd57894d84bdea
5345,133.625,1.6691,30.9434,False,7,mechanical_001,694e94943eba5ec86f88e0f45b9a3be0ea739723f70d5cd41dfd57894d84bdea
5346,133.65,1.6695,30.9772,False,7,mechanical_001,694e94943eba5ec86f88e0f45b9a3be0ea739723f70d5cd41dfd57894d84bdea
5347,133.675,1.6698,30.993,False,7,mechanical_001,694e94943eba5ec86f88e0f45b9a3be0ea739723f70d5cd41dfd57894d84bdea
5348,133.7,1.6701,30.9905,False,7,mechanical_001,694e94943eba5ec86f88e0f45b9a3be0ea739723f70d5cd41dfd57894d84bdea
5349,133.725,1.6704,30.9844,False,7,mechanical_001,694e94943eba5ec86f88e0f45b9a3be0ea739723f70d5cd41dfd57894d84bdea
5350,133.75,1.6707,30.9856,False,7,mechanical_001,694e94943eba5ec86f88e0f45b9a3be0ea739723f70d5cd41dfd57894d84bdea
5351,133.775,1.671,30.9868,False,7,mechanical_001,694e94943eba5ec86f88e0f45b9a3be0ea739723f70d5cd41dfd57894d84bdea
5352,133.8,1.6713,30.9946,False,7,mechanical_001,694e94943eba5ec86f88e0f45b9a3be0ea739723f70d5cd41dfd57894d84bdea
5353,133.825,1.6717,31.022,False,7,mechanical_001,694e94943eba5ec86f88e0f45b9a3be0ea739723f70d5cd41dfd57894d84bdea
5354,133.85,1.672,31.0529,False,7,mechanical_001,694e94943eba5ec86f88e0f45b9a3be0ea739723f70d5cd41dfd57894d84bdea
5355,133.875,1.6723,31.0776,False,7,mechanical_001,694e94943eba5ec86f88e0f45b9a3be0ea739723f70d5cd41dfd57894d84bdea
5356,133.9,1.6726,31.0924,False,7,mechanical_001,694e94943eba5ec86f88e0f45b9a3be0ea739723f70d5cd41dfd57894d84bdea
5357,133.925,1.6729,31.1049,False,7,mechanical_001,694e94943eba5ec86f88e0f45b9a3be0ea739723f70d5cd41dfd57894d84bdea
5358,133.95,1.6732,31.1183,False,7,mechanical_001,694e94943eba5ec86f88e0f45b9a3be0ea739723f70d5cd41dfd57894d84bdea
5359,133.975,1.6735,31.12,False,7,mechanical_001,694e94943eba5ec86f88e0f45b9a3be0ea739723f70d5cd41dfd57894d84bdea
5360,134.0,1.6738,31.125,False,7,mechanical_001,694e94943eba5ec86f88e0f45b9a3be0ea739723f70d5cd41dfd57894d84bdea
5361,134.025,1.6742,31.1343,False,7,mechanical_001,694e94943eba5ec86f88e0f45b9a3be0ea739723f70d5cd41dfd57894d84bdea
5362,134.05,1.6745,31.1509,False,7,mechanical_001,694e94943eba5ec86f88e0f45b9a3be0ea739723f70d5cd41dfd57894d84bdea
5363,134.075,1.6748,31.1709,False,7,mechanical_001,694e94943eba5ec86f88e0f45b9a3be0ea739723f70d5cd41dfd57894d84bdea
5364,134.1,1.6751,31.2024,False,7,mechanical_001,694e94943eba5ec86f88e0f45b9a3be0ea739723f70d5cd41dfd57894d84bdea
5365,134.125,1.6754,31.2409,False,7,mechanical_001,694e94943eba5ec86f88e0f45b9a3be0ea739723f70d5cd41dfd57894d84bdea
5366,134.15,1.6757,31.2911,False,7,mechanical_001,694e94943eba5ec86f88e0f45b9a3be0ea739723f70d5cd41dfd57894d84bdea
5367,134.175,1.6761,31.3519,False,7,mechanical_001,694e94943eba5ec86f88e0f45b9a3be0ea739723f70d5cd41dfd57894d84bdea
5368,134.2,1.6764,31.4131,False,7,mechanical_001,694e94943eba5ec86f88e0f45b9a3be0ea739723f70d5cd41dfd57894d84bdea
5369,134.225,1.6768,31.4694,False,7,mechanical_001,694e94943eba5ec86f88e0f45b9a3be0ea739723f70d5cd41dfd57894d84bdea
5370,134.25,1.6771,31.5207,False,7,mechanical_001,694e94943eba5ec86f88e0f45b9a3be0ea739723f70d5cd41dfd57894d84bdea
5371,134.275,1.6774,31.5666,False,7,mechanical_001,694e94943eba5ec86f88e0f45b9a3be0ea739723f70d5cd41dfd57894d84bdea
5372,134.3,1.6777,31.6018,False,7,mechanical_001,694e94943eba5ec86f88e0f45b9a3be0ea739723f70d5cd41dfd57894d84bdea
5373,134.325,1.6781,31.623,False,7,mechanical_001,694e94943eba5ec86f88e0f45b9a3be0ea739723f70d5cd41dfd57894d84bdea
5374,134.35,1.6784,31.6373,False,7,mechanical_001,694e94943eba5ec86f88e0f45b9a3be0ea739723f70d5cd41dfd57894d84bdea
5375,134.375,1.6787,31.648,False,7,mechanical_001,694e94943eba5ec86f88e0f45b9a3be0ea739723f70d5cd41dfd57894d84bdea
5376,134.4,1.679,31.6589,False,7,mechanical_001,694e94943eba5ec86f88e0f45b9a3be0ea739723f70d5cd41dfd57894d84bdea
5377,134.425,1.6793,31.6673,False,7,mechanical_001,694e94943eba5ec86f88e0f45b9a3be0ea739723f70d5cd41dfd57894d84bdea
5378,134.45,1.6796,31.6814,False,7,mechanical_001,694e94943eba5ec86f88e0f45b9a3be0ea739723f70d5cd41dfd57894d84bdea
5379,134.475,1.6799,31.7062,False,7,mechanical_001,694e94943eba5ec86f88e0f45b9a3be0ea739723f70d5cd41dfd57894d84bdea
5380,134.5,1.6802,31.7301,False,7,mechanical_001,694e94943eba5ec86f88e0f45b9a3be0ea739723f70d5cd41dfd57894d84bdea
5381,134.525,1.6806,31.7608,False,7,mechanical_001,694e94943eba5ec86f88e0f45b9a3be0ea739723f70d5cd41dfd57894d84bdea
5382,134.55,1.6809,31.8018,False,7,mechanical_001,694e94943eba5ec86f88e0f45b9a3be0ea739723f70d5cd41dfd57894d84bdea
5383,134.575,1.6812,31.8309,False,7,mechanical_001,694e94943eba5ec86f88e0f45b9a3be0ea739723f70d5cd41dfd57894d84bdea
5384,134.6,1.6815,31.8555,False,7,mechanical_001,694e94943eba5ec86f88e0f45b9a3be0ea739723f70d5cd41dfd57894d84bdea
5385,134.625,1.6818,31.8785,False,7,mechanical_001,694e94943eba5ec86f88e0f45b9a3be0ea739723f70d5cd41dfd57894d84bdea
5386,134.65,1.6821,31.8965,False,7,mechanical_001,694e94943eba5ec86f88e0f45b9a3be0ea739723f70d5cd41dfd57894d84bdea
5387,134.675,1.6824,31.9052,False,7,mechanical_001,694e94943eba5ec86f88e0f45b9a3be0ea739723f70d5cd41dfd57894d84bdea
5388,134.7,1.6827,31.9109,False,7,mechanical_001,694e94943eba5ec86f88e0f45b9a3be0ea739723f70d5cd41dfd57894d84bdea
5389,134.725,1.683,31.9214,False,7,mechanical_001,694e94943eba5ec86f88e0f45b9a3be0ea739723f70d5cd41dfd57894d84bdea
5390,134.75,1.6833,31.9277,False,7,mechanical_001,694e94943eba5ec86f88e0f45b9a3be0ea739723f70d5cd41dfd57894d84bdea
5391,134.775,1.6836,31.9342,False,7,mechanical_001,694e94943eba5ec86f88e0f45b9a3be0ea739723f70d5cd41dfd57894d84bdea
5392,134.8,1.6839,31.9399,False,7,mechanical_001,694e94943eba5ec86f88e0f45b9a3be0ea739723f70d5cd41dfd57894d84bdea
5393,134.825,1.6842,31.9422,False,7,mechanical_001,694e94943eba5ec86f88e0f45b9a3be0ea739723f70d5cd41dfd57894d84bdea
5394,134.85,1.6845,31.9432,False,7,mechanical_001,694e94943eba5ec86f88e0f45b9a3be0ea739723f70d5cd41dfd57894d84bdea
5395,134.875,1.6848,31.9494,False,7,mechanical_001,694e94943eba5ec86f88e0f45b9a3be0ea739723f70d5cd41dfd57894d84bdea
5396,134.9,1.6851,31.9582,False,7,mechanical_001,694e94943eba5ec86f88e0f45b9a3be0ea739723f70d5cd41dfd57894d84bdea
5397,134.925,1.6854,31.9571,False,7,mechanical_001,694e94943eba5ec86f88e0f45b9a3be0ea739723f70d5cd41dfd57894d84bdea
5398,134.95,1.6857,31.943,False,7,mechanical_001,694e94943eba5ec86f88e0f45b9a3be0ea739723f70d5cd41dfd57894d84bdea
5399,134.975,1.686,31.9311,False,7,mechanical_001,694e94943eba5ec86f88e0f45b9a3be0ea739723f70d5cd41dfd57894d84bdea
5400,135.0,1.6863,31.9321,False,7,mechanical_001,694e94943eba5ec86f88e0f45b9a3be0ea739723f70d5cd41dfd57894d84bdea
5401,135.025,1.6866,31.9488,False,7,mechanical_001,694e94943eba5ec86f88e0f45b9a3be0ea739723f70d5cd41dfd57894d84bdea
5402,135.05,1.6869,31.9863,False,7,mechanical_001,694e94943eba5ec86f88e0f45b9a3be0ea739723f70d5cd41dfd57894d84bdea
5403,135.075,1.6872,32.0372,False,7,mechanical_001,694e94943eba5ec86f88e0f45b9a3be0ea739723f70d5cd41dfd57894d84bdea
5404,135.1,1.6876,32.0885,False,7,mechanical_001,694e94943eba5ec86f88e0f45b9a3be0ea739723f70d5cd41dfd57894d84bdea
5405,135.125,1.6879,32.1295,False,7,mechanical_001,694e94943eba5ec86f88e0f45b9a3be0ea739723f70d5cd41dfd57894d84bdea
5406,135.15,1.6882,32.156,False,7,mechanical_001,694e94943eba5ec86f88e0f45b9a3be0ea739723f70d5cd41dfd57894d84bdea
5407,135.175,1.6885,32.1733,False,7,mechanical_001,694e94943eba5ec86f88e0f45b9a3be0ea739723f70d5cd41dfd57894d84bdea
5408,135.2,1.6888,32.1845,False,7,mechanical_001,694e94943eba5ec86f88e0f45b9a3be0ea739723f70d5cd41dfd57894d84bdea
5409,135.225,1.6891,32.1902,False,7,mechanical_001,694e94943eba5ec86f88e0f45b9a3be0ea739723f70d5cd41dfd57894d84bdea
5410,135.25,1.6894,32.1964,False,7,mechanical_001,694e94943eba5ec86f88e0f45b9a3be0ea739723f70d5cd41dfd57894d84bdea
5411,135.275,1.6897,32.2096,False,7,mechanical_001,694e94943eba5ec86f88e0f45b9a3be0ea739723f70d5cd41dfd57894d84bdea
5412,135.3,1.69,32.2197,False,7,mechanical_001,694e94943eba5ec86f88e0f45b9a3be0ea739723f70d5cd41dfd57894d84bdea
5413,135.325,1.6903,32.2426,False,7,mechanical_001,694e94943eba5ec86f88e0f45b9a3be0ea739723f70d5cd41dfd57894d84bdea
5414,135.35,1.6906,32.2674,False,7,mechanical_001,694e94943eba5ec86f88e0f45b9a3be0ea739723f70d5cd41dfd57894d84bdea
5415,135.375,1.6909,32.2877,False,7,mechanical_001,694e94943eba5ec86f88e0f45b9a3be0ea739723f70d5cd41dfd57894d84bdea
5416,135.4,1.6913,32.3074,False,7,mechanical_001,694e94943eba5ec86f88e0f45b9a3be0ea739723f70d5cd41dfd57894d84bdea
5417,135.425,1.6916,32.3281,False,7,mechanical_001,694e94943eba5ec86f88e0f45b9a3be0ea739723f70d5cd41dfd57894d84bdea
5418,135.45,1.6919,32.3472,False,7,mechanical_001,694e94943eba5ec86f88e0f45b9a3be0ea739723f70d5cd41dfd57894d84bdea
5419,135.475,1.6922,32.3508,False,7,mechanical_001,694e94943eba5ec86f88e0f45b9a3be0ea739723f70d5cd41dfd57894d84bdea
5420,135.5,1.6925,32.3542,False,7,mechanical_001,694e94943eba5ec86f88e0f45b9a3be0ea739723f70d5cd41dfd57894d84bdea
5421,135.525,1.6928,32.3563,False,7,mechanical_001,694e94943eba5ec86f88e0f45b9a3be0ea739723f70d5cd41dfd57894d84bdea
5422,135.55,1.6931,32.3487,False,7,mechanical_001,694e94943eba5ec86f88e0f45b9a3be0ea739723f70d5cd41dfd57894d84bdea
5423,135.575,1.6934,32.3243,False,7,mechanical_001,694e94943eba5ec86f88e0f45b9a3be0ea739723f70d5cd41dfd57894d84bdea
5424,135.6,1.6936,32.3056,False,7,mechanical_001,694e94943eba5ec86f88e0f45b9a3be0ea739723f70d5cd41dfd57894d84bdea
5425,135.625,1.6939,32.3032,False,7,mechanical_001,694e94943eba5ec86f88e0f45b9a3be0ea739723f70d5cd41dfd57894d84bdea
5426,135.65,1.6942,32.3065,False,7,mechanical_001,694e94943eba5ec86f88e0f45b9a3be0ea739723f70d5cd41dfd57894d84bdea
5427,135.675,1.6945,32.3294,False,7,mechanical_001,694e94943eba5ec86f88e0f45b9a3be0ea739723f70d5cd41dfd57894d84bdea
5428,135.7,1.6948,32.3671,False,7,mechanical_001,694e94943eba5ec86f88e0f45b9a3be0ea739723f70d5cd41dfd57894d84bdea
5429,135.725,1.6952,32.4128,False,7,mechanical_001,694e94943eba5ec86f88e0f45b9a3be0ea739723f70d5cd41dfd57894d84bdea
5430,135.75,1.6955,32.4569,False,7,mechanical_001,694e94943eba5ec86f88e0f45b9a3be0ea739723f70d5cd41dfd57894d84bdea
5431,135.775,1.6958,32.506,False,7,mechanical_001,694e94943eba5ec86f88e0f45b9a3be0ea739723f70d5cd41dfd57894d84bdea
5432,135.8,1.6961,32.5564,False,7,mechanical_001,694e94943eba5ec86f88e0f45b9a3be0ea739723f70d5cd41dfd57894d84bdea
5433,135.825,1.6964,32.6113,False,7,mechanical_001,694e94943eba5ec86f88e0f45b9a3be0ea739723f70d5cd41dfd57894d84bdea
5434,135.85,1.6967,32.6479,False,7,mechanical_001,694e94943eba5ec86f88e0f45b9a3be0ea739723f70d5cd41dfd57894d84bdea
5435,135.875,1.697,32.6541,False,7,mechanical_001,694e94943eba5ec86f88e0f45b9a3be0ea739723f70d5cd41dfd57894d84bdea
5436,135.9,1.6973,32.6464,False,7,mechanical_001,694e94943eba5ec86f88e0f45b9a3be0ea739723f70d5cd41dfd57894d84bdea
5437,135.925,1.6976,32.6409,False,7,mechanical_001,694e94943eba5ec86f88e0f45b9a3be0ea739723f70d5cd41dfd57894d84bdea
5438,135.95,1.6979,32.6415,False,7,mechanical_001,694e94943eba5ec86f88e0f45b9a3be0ea739723f70d5cd41dfd57894d84bdea
5439,135.975,1.6982,32.6465,False,7,mechanical_001,694e94943eba5ec86f88e0f45b9a3be0ea739723f70d5cd41dfd57894d84bdea
5440,136.0,1.6985,32.651,False,7,mechanical_001,694e94943eba5ec86f88e0f45b9a3be0ea739723f70d5cd41dfd57894d84bdea
5441,136.025,1.6988,32.6526,False,7,mechanical_001,694e94943eba5ec86f88e0f45b9a3be0ea739723f70d5cd41dfd57894d84bdea
5442,136.05,1.6991,32.6583,False,7,mechanical_001,694e94943eba5ec86f88e0f45b9a3be0ea739723f70d5cd41dfd57894d84bdea
5443,136.075,1.6994,32.6775,False,7,mechanical_001,694e94943eba5ec86f88e0f45b9a3be0ea739723f70d5cd41dfd57894d84bdea
5444,136.1,1.6997,32.7062,False,7,mechanical_001,694e94943eba5ec86f88e0f45b9a3be0ea739723f70d5cd41dfd57894d84bdea
5445,136.125,1.7001,32.7386,False,7,mechanical_001,694e94943eba5ec86f88e0f45b9a3be0ea739723f70d5cd41dfd57894d84bdea
5446,136.15,1.7004,32.7647,False,7,mechanical_001,694e94943eba5ec86f88e0f45b9a3be0ea739723f70d5cd41dfd57894d84bdea
5447,136.175,1.7007,32.7957,False,7,mechanical_001,694e94943eba5ec86f88e0f45b9a3be0ea739723f70d5cd41dfd57894d84bdea
5448,136.2,1.701,32.8241,False,7,mechanical_001,694e94943eba5ec86f88e0f45b9a3be0ea739723f70d5cd41dfd57894d84bdea
5449,136.225,1.7013,32.8364,False,7,mechanical_001,694e94943eba5ec86f88e0f45b9a3be0ea739723f70d5cd41dfd57894d84bdea
5450,136.25,1.7016,32.8409,False,7,mechanical_001,694e94943eba5ec86f88e0f45b9a3be0ea739723f70d5cd41dfd57894d84bdea
5451,136.275,1.7019,32.8447,False,7,mechanical_001,694e94943eba5ec86f88e0f45b9a3be0ea739723f70d5cd41dfd57894d84bdea
5452,136.3,1.7022,32.8629,False,7,mechanical_001,694e94943eba5ec86f88e0f45b9a3be0ea739723f70d5cd41dfd57894d84bdea
5453,136.325,1.7025,32.8887,False,7,mechanical_001,694e94943eba5ec86f88e0f45b9a3be0ea739723f70d5cd41dfd57894d84bdea
5454,136.35,1.7028,32.9277,False,7,mechanical_001,694e94943eba5ec86f88e0f45b9a3be0ea739723f70d5cd41dfd57894d84bdea
5455,136.375,1.7031,32.9699,False,7,mechanical_001,694e94943eba5ec86f88e0f45b9a3be0ea739723f70d5cd41dfd57894d84bdea
5456,136.4,1.7035,33.0121,False,7,mechanical_001,694e94943eba5ec86f88e0f45b9a3be0ea739723f70d5cd41dfd57894d84bdea
5457,136.425,1.7038,33.0539,False,7,mechanical_001,694e94943eba5ec86f88e0f45b9a3be0ea739723f70d5cd41dfd57894d84bdea
5458,136.45,1.7041,33.0909,False,7,mechanical_001,694e94943eba5ec86f88e0f45b9a3be0ea739723f70d5cd41dfd57894d84bdea
5459,136.475,1.7044,33.1234,False,7,mechanical_001,694e94943eba5ec86f88e0f45b9a3be0ea739723f70d5cd41dfd57894d84bdea
5460,136.5,1.7047,33.155,False,7,mechanical_001,694e94943eba5ec86f88e0f45b9a3be0ea739723f70d5cd41dfd57894d84bdea
5461,136.525,1.7051,33.1973,False,7,mechanical_001,694e94943eba5ec86f88e0f45b9a3be0ea739723f70d5cd41dfd57894d84bdea
5462,136.55,1.7054,33.2348,False,7,mechanical_001,694e94943eba5ec86f88e0f45b9a3be0ea739723f70d5cd41dfd57894d84bdea
5463,136.575,1.7057,33.2715,False,7,mechanical_001,694e94943eba5ec86f88e0f45b9a3be0ea739723f70d5cd41dfd57894d84bdea
5464,136.6,1.706,33.3125,False,7,mechanical_001,694e94943eba5ec86f88e0f45b9a3be0ea739723f70d5cd41dfd57894d84bdea
5465,136.625,1.7063,33.3561,False,7,mechanical_001,694e94943eba5ec86f88e0f45b9a3be0ea739723f70d5cd41dfd57894d84bdea
5466,136.65,1.7067,33.3986,False,7,mechanical_001,694e94943eba5ec86f88e0f45b9a3be0ea739723f70d5cd41dfd57894d84bdea
5467,136.675,1.707,33.442,False,7,mechanical_001,694e94943eba5ec86f88e0f45b9a3be0ea739723f70d5cd41dfd57894d84bdea
5468,136.7,1.7073,33.4786,False,7,mechanical_001,694e94943eba5ec86f88e0f45b9a3be0ea739723f70d5cd41dfd57894d84bdea
5469,136.725,1.7076,33.5044,False,7,mechanical_001,694e94943eba5ec86f88e0f45b9a3be0ea739723f70d5cd41dfd57894d84bdea
5470,136.75,1.7079,33.5319,False,7,mechanical_001,694e94943eba5ec86f88e0f45b9a3be0ea739723f70d5cd41dfd57894d84bdea
5471,136.775,1.7083,33.5635,False,7,mechanical_001,694e94943eba5ec86f88e0f45b9a3be0ea739723f70d5cd41dfd57894d84bdea
5472,136.8,1.7086,33.5933,False,7,mechanical_001,694e94943eba5ec86f88e0f45b9a3be0ea739723f70d5cd41dfd57894d84bdea
5473,136.825,1.7089,33.6283,False,7,mechanical_001,694e94943eba5ec86f88e0f45b9a3be0ea739723f70d5cd41dfd57894d84bdea
5474,136.85,1.7092,33.6599,False,7,mechanical_001,694e94943eba5ec86f88e0f45b9a3be0ea739723f70d5cd41dfd57894d84bdea
5475,136.875,1.7095,33.6908,False,7,mechanical_001,694e94943eba5ec86f88e0f45b9a3be0ea739723f70d5cd41dfd57894d84bdea
5476,136.9,1.7099,33.7275,False,7,mechanical_001,694e94943eba5ec86f88e0f45b9a3be0ea739723f70d5cd41dfd57894d84bdea
5477,136.925,1.7102,33.7579,False,7,mechanical_001,694e94943eba5ec86f88e0f45b9a3be0ea739723f70d5cd41dfd57894d84bdea
5478,136.95,1.7105,33.7954,False,7,mechanical_001,694e94943eba5ec86f88e0f45b9a3be0ea739723f70d5cd41dfd57894d84bdea
5479,136.975,1.7108,33.8339,False,7,mechanical_001,694e94943eba5ec86f88e0f45b9a3be0ea739723f70d5cd41dfd57894d84bdea
5480,137.0,1.7111,33.8619,False,7,mechanical_001,694e94943eba5ec86f88e0f45b9a3be0ea739723f70d5cd41dfd57894d84bdea
5481,137.025,1.7115,33.8795,False,7,mechanical_001,694e94943eba5ec86f88e0f45b9a3be0ea739723f70d5cd41dfd57894d84bdea
5482,137.05,1.7118,33.8987,False,7,mechanical_001,694e94943eba5ec86f88e0f45b9a3be0ea739723f70d5cd41dfd57894d84bdea
5483,137.075,1.7121,33.9235,False,7,mechanical_001,694e94943eba5ec86f88e0f45b9a3be0ea739723f70d5cd41dfd57894d84bdea
5484,137.1,1.7124,33.9601,False,7,mechanical_001,694e94943eba5ec86f88e0f45b9a3be0ea739723f70d5cd41dfd57894d84bdea
5485,137.125,1.7127,34.0029,False,7,mechanical_001,694e94943eba5ec86f88e0f45b9a3be0ea739723f70d5cd41dfd57894d84bdea
5486,137.15,1.7131,34.0586,False,7,mechanical_001,694e94943eba5ec86f88e0f45b9a3be0ea739723f70d5cd41dfd57894d84bdea
5487,137.175,1.7134,34.1163,False,7,mechanical_001,694e94943eba5ec86f88e0f45b9a3be0ea739723f70d5cd41dfd57894d84bdea
5488,137.2,1.7137,34.1708,False,7,mechanical_001,694e94943eba5ec86f88e0f45b9a3be0ea739723f70d5cd41dfd57894d84bdea
5489,137.225,1.7141,34.2267,False,7,mechanical_001,694e94943eba5ec86f88e0f45b9a3be0ea739723f70d5cd41dfd57894d84bdea
5490,137.25,1.7144,34.2985,False,7,mechanical_001,694e94943eba5ec86f88e0f45b9a3be0ea739723f70d5cd41dfd57894d84bdea
5491,137.275,1.7148,34.3787,False,7,mechanical_001,694e94943eba5ec86f88e0f45b9a3be0ea739723f70d5cd41dfd57894d84bdea
5492,137.3,1.7151,34.4462,False,7,mechanical_001,694e94943eba5ec86f88e0f45b9a3be0ea739723f70d5cd41dfd57894d84bdea
5493,137.325,1.7154,34.4868,False,7,mechanical_001,694e94943eba5ec86f88e0f45b9a3be0ea739723f70d5cd41dfd57894d84bdea
5494,137.35,1.7158,34.5075,False,7,mechanical_001,694e94943eba5ec86f88e0f45b9a3be0ea739723f70d5cd41dfd57894d84bdea
5495,137.375,1.7161,34.5163,False,7,mechanical_001,694e94943eba5ec86f88e0f45b9a3be0ea739723f70d5cd41dfd57894d84bdea
5496,137.4,1.7164,34.5198,False,7,mechanical_001,694e94943eba5ec86f88e0f45b9a3be0ea739723f70d5cd41dfd57894d84bdea
5497,137.425,1.7167,34.516,False,7,mechanical_001,694e94943eba5ec86f88e0f45b9a3be0ea739723f70d5cd41dfd57894d84bdea
5498,137.45,1.717,34.514,False,7,mechanical_001,694e94943eba5ec86f88e0f45b9a3be0ea739723f70d5cd41dfd57894d84bdea
5499,137.475,1.7173,34.5149,False,7,mechanical_001,694e94943eba5ec86f88e0f45b9a3be0ea739723f70d5cd41dfd57894d84bdea
5500,137.5,1.7176,34.5094,False,7,mechanical_001,694e94943eba5ec86f88e0f45b9a3be0ea739723f70d5cd41dfd57894d84bdea
5501,137.525,1.7179,34.5097,False,7,mechanical_001,694e94943eba5ec86f88e0f45b9a3be0ea739723f70d5cd41dfd57894d84bdea
5502,137.55,1.7182,34.5227,False,7,mechanical_001,694e94943eba5ec86f88e0f45b9a3be0ea739723f70d5cd41dfd57894d84bdea
5503,137.575,1.7185,34.5423,False,7,mechanical_001,694e94943eba5ec86f88e0f45b9a3be0ea739723f70d5cd41dfd57894d84bdea
5504,137.6,1.7189,34.5597,False,7,mechanical_001,694e94943eba5ec86f88e0f45b9a3be0ea739723f70d5cd41dfd57894d84bdea
5505,137.625,1.7192,34.5834,False,7,mechanical_001,694e94943eba5ec86f88e0f45b9a3be0ea739723f70d5cd41dfd57894d84bdea
5506,137.65,1.7195,34.6094,False,7,mechanical_001,694e94943eba5ec86f88e0f45b9a3be0ea739723f70d5cd41dfd57894d84bdea
5507,137.675,1.7198,34.6359,False,7,mechanical_001,694e94943eba5ec86f88e0f45b9a3be0ea739723f70d5cd41dfd57894d84bdea
5508,137.7,1.7201,34.6649,False,7,mechanical_001,694e94943eba5ec86f88e0f45b9a3be0ea739723f70d5cd41dfd57894d84bdea
5509,137.725,1.7204,34.6849,False,7,mechanical_001,694e94943eba5ec86f88e0f45b9a3be0ea739723f70d5cd41dfd57894d84bdea
5510,137.75,1.7207,34.696,False,7,mechanical_001,694e94943eba5ec86f88e0f45b9a3be0ea739723f70d5cd41dfd57894d84bdea
5511,137.775,1.721,34.7038,False,7,mechanical_001,694e94943eba5ec86f88e0f45b9a3be0ea739723f70d5cd41dfd57894d84bdea
5512,137.8,1.7213,34.7151,False,7,mechanical_001,694e94943eba5ec86f88e0f45b9a3be0ea739723f70d5cd41dfd57894d84bdea
5513,137.825,1.7216,34.7326,False,7,mechanical_001,694e94943eba5ec86f88e0f45b9a3be0ea739723f70d5cd41dfd57894d84bdea
5514,137.85,1.722,34.75,False,7,mechanical_001,694e94943eba5ec86f88e0f45b9a3be0ea739723f70d5cd41dfd57894d84bdea
5515,137.875,1.7223,34.7756,False,7,mechanical_001,694e94943eba5ec86f88e0f45b9a3be0ea739723f70d5cd41dfd57894d84bdea
5516,137.9,1.7226,34.8039,False,7,mechanical_001,694e94943eba5ec86f88e0f45b9a3be0ea739723f70d5cd41dfd57894d84bdea
5517,137.925,1.7229,34.8386,False,7,mechanical_001,694e94943eba5ec86f88e0f45b9a3be0ea739723f70d5cd41dfd57894d84bdea
5518,137.95,1.7232,34.8826,False,7,mechanical_001,694e94943eba5ec86f88e0f45b9a3be0ea739723f70d5cd41dfd57894d84bdea
5519,137.975,1.7235,34.9195,False,7,mechanical_001,694e94943eba5ec86f88e0f45b9a3be0ea739723f70d5cd41dfd57894d84bdea
5520,138.0,1.7238,34.946,False,7,mechanical_001,694e94943eba5ec86f88e0f45b9a3be0ea739723f70d5cd41dfd57894d84bdea
5521,138.025,1.7241,34.9702,False,7,mechanical_001,694e94943eba5ec86f88e0f45b9a3be0ea739723f70d5cd41dfd57894d84bdea
5522,138.05,1.7244,35.0005,False,7,mechanical_001,694e94943eba5ec86f88e0f45b9a3be0ea739723f70d5cd41dfd57894d84bdea
5523,138.075,1.7248,35.0296,False,7,mechanical_001,694e94943eba5ec86f88e0f45b9a3be0ea739723f70d5cd41dfd57894d84bdea
5524,138.1,1.7251,35.0635,False,7,mechanical_001,694e94943eba5ec86f88e0f45b9a3be0ea739723f70d5cd41dfd57894d84bdea
5525,138.125,1.7254,35.0989,False,7,mechanical_001,694e94943eba5ec86f88e0f45b9a3be0ea739723f70d5cd41dfd57894d84bdea
5526,138.15,1.7257,35.1159,False,7,mechanical_001,694e94943eba5ec86f88e0f45b9a3be0ea739723f70d5cd41dfd57894d84bdea
5527,138.175,1.726,35.1286,False,7,mechanical_001,694e94943eba5ec86f88e0f45b9a3be0ea739723f70d5cd41dfd57894d84bdea
5528,138.2,1.7263,35.1338,False,7,mechanical_001,694e94943eba5ec86f88e0f45b9a3be0ea739723f70d5cd41dfd57894d84bdea
5529,138.225,1.7266,35.1339,False,7,mechanical_001,694e94943eba5ec86f88e0f45b9a3be0ea739723f70d5cd41dfd57894d84bdea
5530,138.25,1.7269,35.1236,False,7,mechanical_001,694e94943eba5ec86f88e0f45b9a3be0ea739723f70d5cd41dfd57894d84bdea
5531,138.275,1.7271,35.0999,False,7,mechanical_001,694e94943eba5ec86f88e0f45b9a3be0ea739723f70d5cd41dfd57894d84bdea
5532,138.3,1.7274,35.0716,False,7,mechanical_001,694e94943eba5ec86f88e0f45b9a3be0ea739723f70d5cd41dfd57894d84bdea
5533,138.325,1.7277,35.0446,False,7,mechanical_001,694e94943eba5ec86f88e0f45b9a3be0ea739723f70d5cd41dfd57894d84bdea
5534,138.35,1.728,35.026,False,7,mechanical_001,694e94943eba5ec86f88e0f45b9a3be0ea739723f70d5cd41dfd57894d84bdea
5535,138.375,1.7283,35.03,False,7,mechanical_001,694e94943eba5ec86f88e0f45b9a3be0ea739723f70d5cd41dfd57894d84bdea
5536,138.4,1.7286,35.0589,False,7,mechanical_001,694e94943eba5ec86f88e0f45b9a3be0ea739723f70d5cd41dfd57894d84bdea
5537,138.425,1.7289,35.1013,False,7,mechanical_001,694e94943eba5ec86f88e0f45b9a3be0ea739723f70d5cd41dfd57894d84bdea
5538,138.45,1.7292,35.162,False,7,mechanical_001,694e94943eba5ec86f88e0f45b9a3be0ea739723f70d5cd41dfd57894d84bdea
5539,138.475,1.7295,35.2342,False,7,mechanical_001,694e94943eba5ec86f88e0f45b9a3be0ea739723f70d5cd41dfd57894d84bdea
5540,138.5,1.7298,35.3094,False,7,mechanical_001,694e94943eba5ec86f88e0f45b9a3be0ea739723f70d5cd41dfd57894d84bdea
5541,138.525,1.7301,35.3714,False,7,mechanical_001,694e94943eba5ec86f88e0f45b9a3be0ea739723f70d5cd41dfd57894d84bdea
5542,138.55,1.7305,35.421,False,7,mechanical_001,694e94943eba5ec86f88e0f45b9a3be0ea739723f70d5cd41dfd57894d84bdea
5543,138.575,1.7308,35.4589,False,7,mechanical_001,694e94943eba5ec86f88e0f45b9a3be0ea739723f70d5cd41dfd57894d84bdea
5544,138.6,1.7311,35.5137,False,7,mechanical_001,694e94943eba5ec86f88e0f45b9a3be0ea739723f70d5cd41dfd57894d84bdea
5545,138.625,1.7314,35.5869,False,7,mechanical_001,694e94943eba5ec86f88e0f45b9a3be0ea739723f70d5cd41dfd57894d84bdea
5546,138.65,1.7317,35.6738,False,7,mechanical_001,694e94943eba5ec86f88e0f45b9a3be0ea739723f70d5cd41dfd57894d84bdea
5547,138.675,1.7321,35.7454,False,7,mechanical_001,694e94943eba5ec86f88e0f45b9a3be0ea739723f70d5cd41dfd57894d84bdea
5548,138.7,1.7324,35.7908,False,7,mechanical_001,694e94943eba5ec86f88e0f45b9a3be0ea739723f70d5cd41dfd57894d84bdea
5549,138.725,1.7327,35.809,False,7,mechanical_001,694e94943eba5ec86f88e0f45b9a3be0ea739723f70d5cd41dfd57894d84bdea
5550,138.75,1.733,35.8156,False,7,mechanical_001,694e94943eba5ec86f88e0f45b9a3be0ea739723f70d5cd41dfd57894d84bdea
5551,138.775,1.7333,35.8196,False,7,mechanical_001,694e94943eba5ec86f88e0f45b9a3be0ea739723f70d5cd41dfd57894d84bdea
5552,138.8,1.7336,35.846,False,7,mechanical_001,694e94943eba5ec86f88e0f45b9a3be0ea739723f70d5cd41dfd57894d84bdea
5553,138.825,1.7339,35.8844,False,7,mechanical_001,694e94943eba5ec86f88e0f45b9a3be0ea739723f70d5cd41dfd57894d84bdea
5554,138.85,1.7342,35.9301,False,7,mechanical_001,694e94943eba5ec86f88e0f45b9a3be0ea739723f70d5cd41dfd57894d84bdea
5555,138.875,1.7346,35.9768,False,7,mechanical_001,694e94943eba5ec86f88e0f45b9a3be0ea739723f70d5cd41dfd57894d84bdea
5556,138.9,1.7349,36.0196,False,7,mechanical_001,694e94943eba5ec86f88e0f45b9a3be0ea739723f70d5cd41dfd57894d84bdea
5557,138.925,1.7352,36.0648,False,7,mechanical_001,694e94943eba5ec86f88e0f45b9a3be0ea739723f70d5cd41dfd57894d84bdea
5558,138.95,1.7355,36.1104,False,7,mechanical_001,694e94943eba5ec86f88e0f45b9a3be0ea739723f70d5cd41dfd57894d84bdea
5559,138.975,1.7358,36.1477,False,7,mechanical_001,694e94943eba5ec86f88e0f45b9a3be0ea739723f70d5cd41dfd57894d84bdea
5560,139.0,1.7362,36.188,False,7,mechanical_001,694e94943eba5ec86f88e0f45b9a3be0ea739723f70d5cd41dfd57894d84bdea
5561,139.025,1.7365,36.2295,False,7,mechanical_001,694e94943eba5ec86f88e0f45b9a3be0ea739723f70d5cd41dfd57894d84bdea
5562,139.05,1.7368,36.2746,False,7,mechanical_001,694e94943eba5ec86f88e0f45b9a3be0ea739723f70d5cd41dfd57894d84bdea
5563,139.075,1.7371,36.3223,False,7,mechanical_001,694e94943eba5ec86f88e0f45b9a3be0ea739723f70d5cd41dfd57894d84bdea
5564,139.1,1.7374,36.3668,False,7,mechanical_001,694e94943eba5ec86f88e0f45b9a3be0ea739723f70d5cd41dfd57894d84bdea
5565,139.125,1.7378,36.4196,False,7,mechanical_001,694e94943eba5ec86f88e0f45b9a3be0ea739723f70d5cd41dfd57894d84bdea
5566,139.15,1.7381,36.4738,False,7,mechanical_001,694e94943eba5ec86f88e0f45b9a3be0ea739723f70d5cd41dfd57894d84bdea
5567,139.175,1.7384,36.5285,False,7,mechanical_001,694e94943eba5ec86f88e0f45b9a3be0ea739723f70d5cd41dfd57894d84bdea
5568,139.2,1.7387,36.5917,False,7,mechanical_001,694e94943eba5ec86f88e0f45b9a3be0ea739723f70d5cd41dfd57894d84bdea
5569,139.225,1.7391,36.6537,False,7,mechanical_001,694e94943eba5ec86f88e0f45b9a3be0ea739723f70d5cd41dfd57894d84bdea
5570,139.25,1.7394,36.7146,False,7,mechanical_001,694e94943eba5ec86f88e0f45b9a3be0ea739723f70d5cd41dfd57894d84bdea
5571,139.275,1.7398,36.778,False,7,mechanical_001,694e94943eba5ec86f88e0f45b9a3be0ea739723f70d5cd41dfd57894d84bdea
5572,139.3,1.7401,36.8361,False,7,mechanical_001,694e94943eba5ec86f88e0f45b9a3be0ea739723f70d5cd41dfd57894d84bdea
5573,139.325,1.7404,36.8836,False,7,mechanical_001,694e94943eba5ec86f88e0f45b9a3be0ea739723f70d5cd41dfd57894d84bdea
5574,139.35,1.7407,36.9119,False,7,mechanical_001,694e94943eba5ec86f88e0f45b9a3be0ea739723f70d5cd41dfd57894d84bdea
5575,139.375,1.7411,36.9281,False,7,mechanical_001,694e94943eba5ec86f88e0f45b9a3be0ea739723f70d5cd41dfd57894d84bdea
5576,139.4,1.7414,36.9387,False,7,mechanical_001,694e94943eba5ec86f88e0f45b9a3be0ea739723f70d5cd41dfd57894d84bdea
5577,139.425,1.7417,36.9425,False,7,mechanical_001,694e94943eba5ec86f88e0f45b9a3be0ea739723f70d5cd41dfd57894d84bdea
5578,139.45,1.742,36.9479,False,7,mechanical_001,694e94943eba5ec86f88e0f45b9a3be0ea739723f70d5cd41dfd57894d84bdea
5579,139.475,1.7423,36.9573,False,7,mechanical_001,694e94943eba5ec86f88e0f45b9a3be0ea739723f70d5cd41dfd57894d84bdea
5580,139.5,1.7426,36.9656,False,7,mechanical_001,694e94943eba5ec86f88e0f45b9a3be0ea739723f70d5cd41dfd57894d84bdea
5581,139.525,1.7429,36.9845,False,7,mechanical_001,694e94943eba5ec86f88e0f45b9a3be0ea739723f70d5cd41dfd57894d84bdea
5582,139.55,1.7432,37.0094,False,7,mechanical_001,694e94943eba5ec86f88e0f45b9a3be0ea739723f70d5cd41dfd57894d84bdea
5583,139.575,1.7436,37.0355,False,7,mechanical_001,694e94943eba5ec86f88e0f45b9a3be0ea739723f70d5cd41dfd57894d84bdea
5584,139.6,1.7439,37.064,False,7,mechanical_001,694e94943eba5ec86f88e0f45b9a3be0ea739723f70d5cd41dfd57894d84bdea
5585,139.625,1.7442,37.1037,False,7,mechanical_001,694e94943eba5ec86f88e0f45b9a3be0ea739723f70d5cd41dfd57894d84bdea
5586,139.65,1.7445,37.155,False,7,mechanical_001,694e94943eba5ec86f88e0f45b9a3be0ea739723f70d5cd41dfd57894d84bdea
5587,139.675,1.7449,37.2062,False,7,mechanical_001,694e94943eba5ec86f88e0f45b9a3be0ea739723f70d5cd41dfd57894d84bdea
5588,139.7,1.7452,37.2636,False,7,mechanical_001,694e94943eba5ec86f88e0f45b9a3be0ea739723f70d5cd41dfd57894d84bdea
5589,139.725,1.7455,37.3258,False,7,mechanical_001,694e94943eba5ec86f88e0f45b9a3be0ea739723f70d5cd41dfd57894d84bdea
5590,139.75,1.7458,37.3729,False,7,mechanical_001,694e94943eba5ec86f88e0f45b9a3be0ea739723f70d5cd41dfd57894d84bdea
5591,139.775,1.7462,37.4217,False,7,mechanical_001,694e94943eba5ec86f88e0f45b9a3be0ea739723f70d5cd41dfd57894d84bdea
5592,139.8,1.7465,37.4705,False,7,mechanical_001,694e94943eba5ec86f88e0f45b9a3be0ea739723f70d5cd41dfd57894d84bdea
5593,139.825,1.7468,37.5142,False,7,mechanical_001,694e94943eba5ec86f88e0f45b9a3be0ea739723f70d5cd41dfd57894d84bdea
5594,139.85,1.7472,37.5542,False,7,mechanical_001,694e94943eba5ec86f88e0f45b9a3be0ea739723f70d5cd41dfd57894d84bdea
5595,139.875,1.7475,37.5851,False,7,mechanical_001,694e94943eba5ec86f88e0f45b9a3be0ea739723f70d5cd41dfd57894d84bdea
5596,139.9,1.7478,37.6083,False,7,mechanical_001,694e94943eba5ec86f88e0f45b9a3be0ea739723f70d5cd41dfd57894d84bdea
5597,139.925,1.7481,37.6349,False,7,mechanical_001,694e94943eba5ec86f88e0f45b9a3be0ea739723f70d5cd41dfd57894d84bdea
5598,139.95,1.7484,37.6635,False,7,mechanical_001,694e94943eba5ec86f88e0f45b9a3be0ea739723f70d5cd41dfd57894d84bdea
5599,139.975,1.7488,37.6826,False,7,mechanical_001,694e94943eba5ec86f88e0f45b9a3be0ea739723f70d5cd41dfd57894d84bdea
5600,140.0,1.7491,37.6804,False,7,mechanical_001,694e94943eba5ec86f88e0f45b9a3be0ea739723f70d5cd41dfd57894d84bdea
5601,140.025,1.7494,37.6671,False,7,mechanical_001,694e94943eba5ec86f88e0f45b9a3be0ea739723f70d5cd41dfd57894d84bdea
5602,140.05,1.7497,37.6596,False,7,mechanical_001,694e94943eba5ec86f88e0f45b9a3be0ea739723f70d5cd41dfd57894d84bdea
5603,140.075,1.75,37.6441,False,7,mechanical_001,694e94943eba5ec86f88e0f45b9a3be0ea739723f70d5cd41dfd57894d84bdea
5604,140.1,1.7502,37.6235,False,7,mechanical_001,694e94943eba5ec86f88e0f45b9a3be0ea739723f70d5cd41dfd57894d84bdea
5605,140.125,1.7505,37.6,False,7,mechanical_001,694e94943eba5ec86f88e0f45b9a3be0ea739723f70d5cd41dfd57894d84bdea
5606,140.15,1.7508,37.5773,False,7,mechanical_001,694e94943eba5ec86f88e0f45b9a3be0ea739723f70d5cd41dfd57894d84bdea
5607,140.175,1.7511,37.569,False,7,mechanical_001,694e94943eba5ec86f88e0f45b9a3be0ea739723f70d5cd41dfd57894d84bdea
5608,140.2,1.7514,37.5989,False,7,mechanical_001,694e94943eba5ec86f88e0f45b9a3be0ea739723f70d5cd41dfd57894d84bdea
5609,140.225,1.7517,37.6635,False,7,mechanical_001,694e94943eba5ec86f88e0f45b9a3be0ea739723f70d5cd41dfd57894d84bdea
5610,140.25,1.7521,37.751,False,7,mechanical_001,694e94943eba5ec86f88e0f45b9a3be0ea739723f70d5cd41dfd57894d84bdea
5611,140.275,1.7524,37.8483,False,7,mechanical_001,694e94943eba5ec86f88e0f45b9a3be0ea739723f70d5cd41dfd57894d84bdea
5612,140.3,1.7527,37.9488,False,7,mechanical_001,694e94943eba5ec86f88e0f45b9a3be0ea739723f70d5cd41dfd57894d84bdea
5613,140.325,1.7531,38.033,False,7,mechanical_001,694e94943eba5ec86f88e0f45b9a3be0ea739723f70d5cd41dfd57894d84bdea
5614,140.35,1.7534,38.0973,False,7,mechanical_001,694e94943eba5ec86f88e0f45b9a3be0ea739723f70d5cd41dfd57894d84bdea
5615,140.375,1.7537,38.1341,False,7,mechanical_001,694e94943eba5ec86f88e0f45b9a3be0ea739723f70d5cd41dfd57894d84bdea
5616,140.4,1.754,38.1561,False,7,mechanical_001,694e94943eba5ec86f88e0f45b9a3be0ea739723f70d5cd41dfd57894d84bdea
5617,140.425,1.7543,38.1574,False,7,mechanical_001,694e94943eba5ec86f88e0f45b9a3be0ea739723f70d5cd41dfd57894d84bdea
5618,140.45,1.7546,38.1425,False,7,mechanical_001,694e94943eba5ec86f88e0f45b9a3be0ea739723f70d5cd41dfd57894d84bdea
5619,140.475,1.7549,38.1294,False,7,mechanical_001,694e94943eba5ec86f88e0f45b9a3be0ea739723f70d5cd41dfd57894d84bdea
5620,140.5,1.7552,38.1115,False,7,mechanical_001,694e94943eba5ec86f88e0f45b9a3be0ea739723f70d5cd41dfd57894d84bdea
5621,140.525,1.7555,38.1085,False,7,mechanical_001,694e94943eba5ec86f88e0f45b9a3be0ea739723f70d5cd41dfd57894d84bdea
5622,140.55,1.7558,38.1199,False,7,mechanical_001,694e94943eba5ec86f88e0f45b9a3be0ea739723f70d5cd41dfd57894d84bdea
5623,140.575,1.7561,38.1444,False,7,mechanical_001,694e94943eba5ec86f88e0f45b9a3be0ea739723f70d5cd41dfd57894d84bdea
5624,140.6,1.7564,38.1718,False,7,mechanical_001,694e94943eba5ec86f88e0f45b9a3be0ea739723f70d5cd41dfd57894d84bdea
5625,140.625,1.7567,38.2041,False,7,mechanical_001,694e94943eba5ec86f88e0f45b9a3be0ea739723f70d5cd41dfd57894d84bdea
5626,140.65,1.757,38.2471,False,7,mechanical_001,694e94943eba5ec86f88e0f45b9a3be0ea739723f70d5cd41dfd57894d84bdea
5627,140.675,1.7574,38.2962,False,7,mechanical_001,694e94943eba5ec86f88e0f45b9a3be0ea739723f70d5cd41dfd57894d84bdea
5628,140.7,1.7577,38.3411,False,7,mechanical_001,694e94943eba5ec86f88e0f45b9a3be0ea739723f70d5cd41dfd57894d84bdea
5629,140.725,1.758,38.3841,False,7,mechanical_001,694e94943eba5ec86f88e0f45b9a3be0ea739723f70d5cd41dfd57894d84bdea
5630,140.75,1.7583,38.4226,False,7,mechanical_001,694e94943eba5ec86f88e0f45b9a3be0ea739723f70d5cd41dfd57894d84bdea
5631,140.775,1.7586,38.4554,False,7,mechanical_001,694e94943eba5ec86f88e0f45b9a3be0ea739723f70d5cd41dfd57894d84bdea
5632,140.8,1.7589,38.4859,False,7,mechanical_001,694e94943eba5ec86f88e0f45b9a3be0ea739723f70d5cd41dfd57894d84bdea
5633,140.825,1.7592,38.5123,False,7,mechanical_001,694e94943eba5ec86f88e0f45b9a3be0ea739723f70d5cd41dfd57894d84bdea
5634,140.85,1.7595,38.5365,False,7,mechanical_001,694e94943eba5ec86f88e0f45b9a3be0ea739723f70d5cd41dfd57894d84bdea
5635,140.875,1.7598,38.5511,False,7,mechanical_001,694e94943eba5ec86f88e0f45b9a3be0ea739723f70d5cd41dfd57894d84bdea
5636,140.9,1.7601,38.5613,False,7,mechanical_001,694e94943eba5ec86f88e0f45b9a3be0ea739723f70d5cd41dfd57894d84bdea
5637,140.925,1.7604,38.5748,False,7,mechanical_001,694e94943eba5ec86f88e0f45b9a3be0ea739723f70d5cd41dfd57894d84bdea
5638,140.95,1.7607,38.5942,False,7,mechanical_001,694e94943eba5ec86f88e0f45b9a3be0ea739723f70d5cd41dfd57894d84bdea
5639,140.975,1.761,38.6153,False,7,mechanical_001,694e94943eba5ec86f88e0f45b9a3be0ea739723f70d5cd41dfd57894d84bdea
5640,141.0,1.7613,38.6334,False,7,mechanical_001,694e94943eba5ec86f88e0f45b9a3be0ea739723f70d5cd41dfd57894d84bdea
5641,141.025,1.7617,38.6621,False,7,mechanical_001,694e94943eba5ec86f88e0f45b9a3be0ea739723f70d5cd41dfd57894d84bdea
5642,141.05,1.762,38.6994,False,7,mechanical_001,694e94943eba5ec86f88e0f45b9a3be0ea739723f70d5cd41dfd57894d84bdea
5643,141.075,1.7623,38.7427,False,7,mechanical_001,694e94943eba5ec86f88e0f45b9a3be0ea739723f70d5cd41dfd57894d84bdea
5644,141.1,1.7626,38.7992,False,7,mechanical_001,694e94943eba5ec86f88e0f45b9a3be0ea739723f70d5cd41dfd57894d84bdea
5645,141.125,1.7629,38.8702,False,7,mechanical_001,694e94943eba5ec86f88e0f45b9a3be0ea739723f70d5cd41dfd57894d84bdea
5646,141.15,1.7632,38.9323,False,7,mechanical_001,694e94943eba5ec86f88e0f45b9a3be0ea739723f70d5cd41dfd57894d84bdea
5647,141.175,1.7635,38.9749,False,7,mechanical_001,694e94943eba5ec86f88e0f45b9a3be0ea739723f70d5cd41dfd57894d84bdea
5648,141.2,1.7638,39.0014,False,7,mechanical_001,694e94943eba5ec86f88e0f45b9a3be0ea739723f70d5cd41dfd57894d84bdea
5649,141.225,1.7642,39.0239,False,7,mechanical_001,694e94943eba5ec86f88e0f45b9a3be0ea739723f70d5cd41dfd57894d84bdea
5650,141.25,1.7645,39.0513,False,7,mechanical_001,694e94943eba5ec86f88e0f45b9a3be0ea739723f70d5cd41dfd57894d84bdea
5651,141.275,1.7648,39.0827,False,7,mechanical_001,694e94943eba5ec86f88e0f45b9a3be0ea739723f70d5cd41dfd57894d84bdea
5652,141.3,1.7651,39.1224,False,7,mechanical_001,694e94943eba5ec86f88e0f45b9a3be0ea739723f70d5cd41dfd57894d84bdea
5653,141.325,1.7654,39.1631,False,7,mechanical_001,694e94943eba5ec86f88e0f45b9a3be0ea739723f70d5cd41dfd57894d84bdea
5654,141.35,1.7657,39.2042,False,7,mechanical_001,694e94943eba5ec86f88e0f45b9a3be0ea739723f70d5cd41dfd57894d84bdea
5655,141.375,1.766,39.2474,False,7,mechanical_001,694e94943eba5ec86f88e0f45b9a3be0ea739723f70d5cd41dfd57894d84bdea
5656,141.4,1.7663,39.2899,False,7,mechanical_001,694e94943eba5ec86f88e0f45b9a3be0ea739723f70d5cd41dfd57894d84bdea
5657,141.425,1.7666,39.3179,False,7,mechanical_001,694e94943eba5ec86f88e0f45b9a3be0ea739723f70d5cd41dfd57894d84bdea
5658,141.45,1.7669,39.346,False,7,mechanical_001,694e94943eba5ec86f88e0f45b9a3be0ea739723f70d5cd41dfd57894d84bdea
5659,141.475,1.7673,39.396,False,7,mechanical_001,694e94943eba5ec86f88e0f45b9a3be0ea739723f70d5cd41dfd57894d84bdea
5660,141.5,1.7676,39.4413,False,7,mechanical_001,694e94943eba5ec86f88e0f45b9a3be0ea739723f70d5cd41dfd57894d84bdea
5661,141.525,1.7679,39.474,False,7,mechanical_001,694e94943eba5ec86f88e0f45b9a3be0ea739723f70d5cd41dfd57894d84bdea
5662,141.55,1.7682,39.4958,False,7,mechanical_001,694e94943eba5ec86f88e0f45b9a3be0ea739723f70d5cd41dfd57894d84bdea
5663,141.575,1.7685,39.5238,False,7,mechanical_001,694e94943eba5ec86f88e0f45b9a3be0ea739723f70d5cd41dfd57894d84bdea
5664,141.6,1.7688,39.563,False,7,mechanical_001,694e94943eba5ec86f88e0f45b9a3be0ea739723f70d5cd41dfd57894d84bdea
5665,141.625,1.7691,39.608,False,7,mechanical_001,694e94943eba5ec86f88e0f45b9a3be0ea739723f70d5cd41dfd57894d84bdea
5666,141.65,1.7694,39.6618,False,7,mechanical_001,694e94943eba5ec86f88e0f45b9a3be0ea739723f70d5cd41dfd57894d84bdea
5667,141.675,1.7697,39.7192,False,7,mechanical_001,694e94943eba5ec86f88e0f45b9a3be0ea739723f70d5cd41dfd57894d84bdea
5668,141.7,1.7701,39.7717,False,7,mechanical_001,694e94943eba5ec86f88e0f45b9a3be0ea739723f70d5cd41dfd57894d84bdea
5669,141.725,1.7704,39.8356,False,7,mechanical_001,694e94943eba5ec86f88e0f45b9a3be0ea739723f70d5cd41dfd57894d84bdea
5670,141.75,1.7707,39.9082,False,7,mechanical_001,694e94943eba5ec86f88e0f45b9a3be0ea739723f70d5cd41dfd57894d84bdea
5671,141.775,1.771,39.9563,False,7,mechanical_001,694e94943eba5ec86f88e0f45b9a3be0ea739723f70d5cd41dfd57894d84bdea
5672,141.8,1.7713,39.9754,False,7,mechanical_001,694e94943eba5ec86f88e0f45b9a3be0ea739723f70d5cd41dfd57894d84bdea
5673,141.825,1.7716,39.9921,False,7,mechanical_001,694e94943eba5ec86f88e0f45b9a3be0ea739723f70d5cd41dfd57894d84bdea
5674,141.85,1.7719,40.0185,False,7,mechanical_001,694e94943eba5ec86f88e0f45b9a3be0ea739723f70d5cd41dfd57894d84bdea
5675,141.875,1.7722,40.0494,False,7,mechanical_001,694e94943eba5ec86f88e0f45b9a3be0ea739723f70d5cd41dfd57894d84bdea
5676,141.9,1.7726,40.0918,False,7,mechanical_001,694e94943eba5ec86f88e0f45b9a3be0ea739723f70d5cd41dfd57894d84bdea
5677,141.925,1.7729,40.1486,False,7,mechanical_001,694e94943eba5ec86f88e0f45b9a3be0ea739723f70d5cd41dfd57894d84bdea
5678,141.95,1.7732,40.2096,False,7,mechanical_001,694e94943eba5ec86f88e0f45b9a3be0ea739723f70d5cd41dfd57894d84bdea
5679,141.975,1.7735,40.2672,False,7,mechanical_001,694e94943eba5ec86f88e0f45b9a3be0ea739723f70d5cd41dfd57894d84bdea
5680,142.0,1.7738,40.3169,False,7,mechanical_001,694e94943eba5ec86f88e0f45b9a3be0ea739723f70d5cd41dfd57894d84bdea
5681,142.025,1.7741,40.3565,False,7,mechanical_001,694e94943eba5ec86f88e0f45b9a3be0ea739723f70d5cd41dfd57894d84bdea
5682,142.05,1.7745,40.3883,False,7,mechanical_001,694e94943eba5ec86f88e0f45b9a3be0ea739723f70d5cd41dfd57894d84bdea
5683,142.075,1.7748,40.4065,False,7,mechanical_001,694e94943eba5ec86f88e0f45b9a3be0ea739723f70d5cd41dfd57894d84bdea
5684,142.1,1.7751,40.415,False,7,mechanical_001,694e94943eba5ec86f88e0f45b9a3be0ea739723f70d5cd41dfd57894d84bdea
5685,142.125,1.7754,40.4286,False,7,mechanical_001,694e94943eba5ec86f88e0f45b9a3be0ea739723f70d5cd41dfd57894d84bdea
5686,142.15,1.7757,40.4538,False,7,mechanical_001,694e94943eba5ec86f88e0f45b9a3be0ea739723f70d5cd41dfd57894d84bdea
5687,142.175,1.776,40.4971,False,7,mechanical_001,694e94943eba5ec86f88e0f45b9a3be0ea739723f70d5cd41dfd57894d84bdea
5688,142.2,1.7763,40.5499,False,7,mechanical_001,694e94943eba5ec86f88e0f45b9a3be0ea739723f70d5cd41dfd57894d84bdea
5689,142.225,1.7766,40.6061,False,7,mechanical_001,694e94943eba5ec86f88e0f45b9a3be0ea739723f70d5cd41dfd57894d84bdea
5690,142.25,1.7769,40.6557,False,7,mechanical_001,694e94943eba5ec86f88e0f45b9a3be0ea739723f70d5cd41dfd57894d84bdea
5691,142.275,1.7773,40.6949,False,7,mechanical_001,694e94943eba5ec86f88e0f45b9a3be0ea739723f70d5cd41dfd57894d84bdea
5692,142.3,1.7776,40.7238,False,7,mechanical_001,694e94943eba5ec86f88e0f45b9a3be0ea739723f70d5cd41dfd57894d84bdea
5693,142.325,1.7779,40.7541,False,7,mechanical_001,694e94943eba5ec86f88e0f45b9a3be0ea739723f70d5cd41dfd57894d84bdea
5694,142.35,1.7782,40.7789,False,7,mechanical_001,694e94943eba5ec86f88e0f45b9a3be0ea739723f70d5cd41dfd57894d84bdea
5695,142.375,1.7785,40.8029,False,7,mechanical_001,694e94943eba5ec86f88e0f45b9a3be0ea739723f70d5cd41dfd57894d84bdea
5696,142.4,1.7788,40.8441,False,7,mechanical_001,694e94943eba5ec86f88e0f45b9a3be0ea739723f70d5cd41dfd57894d84bdea
5697,142.425,1.7791,40.8912,False,7,mechanical_001,694e94943eba5ec86f88e0f45b9a3be0ea739723f70d5cd41dfd57894d84bdea
5698,142.45,1.7794,40.9428,False,7,mechanical_001,694e94943eba5ec86f88e0f45b9a3be0ea739723f70d5cd41dfd57894d84bdea
5699,142.475,1.7798,40.9972,False,7,mechanical_001,694e94943eba5ec86f88e0f45b9a3be0ea739723f70d5cd41dfd57894d84bdea
5700,142.5,1.7801,41.0559,False,7,mechanical_001,694e94943eba5ec86f88e0f45b9a3be0ea739723f70d5cd41dfd57894d84bdea
5701,142.525,1.7804,41.1096,False,7,mechanical_001,694e94943eba5ec86f88e0f45b9a3be0ea739723f70d5cd41dfd57894d84bdea
5702,142.55,1.7807,41.1557,False,7,mechanical_001,694e94943eba5ec86f88e0f45b9a3be0ea739723f70d5cd41dfd57894d84bdea
5703,142.575,1.781,41.1878,False,7,mechanical_001,694e94943eba5ec86f88e0f45b9a3be0ea739723f70d5cd41dfd57894d84bdea
5704,142.6,1.7813,41.2119,False,7,mechanical_001,694e94943eba5ec86f88e0f45b9a3be0ea739723f70d5cd41dfd57894d84bdea
5705,142.625,1.7816,41.2415,False,7,mechanical_001,694e94943eba5ec86f88e0f45b9a3be0ea739723f70d5cd41dfd57894d84bdea
5706,142.65,1.782,41.2731,False,7,mechanical_001,694e94943eba5ec86f88e0f45b9a3be0ea739723f70d5cd41dfd57894d84bdea
5707,142.675,1.7823,41.3156,False,7,mechanical_001,694e94943eba5ec86f88e0f45b9a3be0ea739723f70d5cd41dfd57894d84bdea
5708,142.7,1.7826,41.3675,False,7,mechanical_001,694e94943eba5ec86f88e0f45b9a3be0ea739723f70d5cd41dfd57894d84bdea
5709,142.725,1.7829,41.4151,False,7,mechanical_001,694e94943eba5ec86f88e0f45b9a3be0ea739723f70d5cd41dfd57894d84bdea
5710,142.75,1.7832,41.4618,False,7,mechanical_001,694e94943eba5ec86f88e0f45b9a3be0ea739723f70d5cd41dfd57894d84bdea
5711,142.775,1.7835,41.5142,False,7,mechanical_001,694e94943eba5ec86f88e0f45b9a3be0ea739723f70d5cd41dfd57894d84bdea
5712,142.8,1.7839,41.5678,False,7,mechanical_001,694e94943eba5ec86f88e0f45b9a3be0ea739723f70d5cd41dfd57894d84bdea
5713,142.825,1.7842,41.617,False,7,mechanical_001,694e94943eba5ec86f88e0f45b9a3be0ea739723f70d5cd41dfd57894d84bdea
5714,142.85,1.7845,41.6694,False,7,mechanical_001,694e94943eba5ec86f88e0f45b9a3be0ea739723f70d5cd41dfd57894d84bdea
5715,142.875,1.7848,41.7175,False,7,mechanical_001,694e94943eba5ec86f88e0f45b9a3be0ea739723f70d5cd41dfd57894d84bdea
5716,142.9,1.7851,41.77,False,7,mechanical_001,694e94943eba5ec86f88e0f45b9a3be0ea739723f70d5cd41dfd57894d84bdea
5717,142.925,1.7854,41.822,False,7,mechanical_001,694e94943eba5ec86f88e0f45b9a3be0ea739723f70d5cd41dfd57894d84bdea
5718,142.95,1.7858,41.8798,False,7,mechanical_001,694e94943eba5ec86f88e0f45b9a3be0ea739723f70d5cd41dfd57894d84bdea
5719,142.975,1.7861,41.9425,False,7,mechanical_001,694e94943eba5ec86f88e0f45b9a3be0ea739723f70d5cd41dfd57894d84bdea
5720,143.0,1.7864,42.0009,False,7,mechanical_001,694e94943eba5ec86f88e0f45b9a3be0ea739723f70d5cd41dfd57894d84bdea
5721,143.025,1.7867,42.0564,False,7,mechanical_001,694e94943eba5ec86f88e0f45b9a3be0ea739723f70d5cd41dfd57894d84bdea
5722,143.05,1.787,42.0983,False,7,mechanical_001,694e94943eba5ec86f88e0f45b9a3be0ea739723f70d5cd41dfd57894d84bdea
5723,143.075,1.7874,42.1354,False,7,mechanical_001,694e94943eba5ec86f88e0f45b9a3be0ea739723f70d5cd41dfd57894d84bdea
5724,143.1,1.7877,42.1626,False,7,mechanical_001,694e94943eba5ec86f88e0f45b9a3be0ea739723f70d5cd41dfd57894d84bdea
5725,143.125,1.788,42.1895,False,7,mechanical_001,694e94943eba5ec86f88e0f45b9a3be0ea739723f70d5cd41dfd57894d84bdea
5726,143.15,1.7883,42.2145,False,7,mechanical_001,694e94943eba5ec86f88e0f45b9a3be0ea739723f70d5cd41dfd57894d84bdea
5727,143.175,1.7886,42.2448,False,7,mechanical_001,694e94943eba5ec86f88e0f45b9a3be0ea739723f70d5cd41dfd57894d84bdea
5728,143.2,1.7889,42.2821,False,7,mechanical_001,694e94943eba5ec86f88e0f45b9a3be0ea739723f70d5cd41dfd57894d84bdea
5729,143.225,1.7892,42.3206,False,7,mechanical_001,694e94943eba5ec86f88e0f45b9a3be0ea739723f70d5cd41dfd57894d84bdea
5730,143.25,1.7895,42.3611,False,7,mechanical_001,694e94943eba5ec86f88e0f45b9a3be0ea739723f70d5cd41dfd57894d84bdea
5731,143.275,1.7898,42.4103,False,7,mechanical_001,694e94943eba5ec86f88e0f45b9a3be0ea739723f70d5cd41dfd57894d84bdea
5732,143.3,1.7901,42.472,False,7,mechanical_001,694e94943eba5ec86f88e0f45b9a3be0ea739723f70d5cd41dfd57894d84bdea
5733,143.325,1.7905,42.5507,False,7,mechanical_001,694e94943eba5ec86f88e0f45b9a3be0ea739723f70d5cd41dfd57894d84bdea
5734,143.35,1.7908,42.6279,False,7,mechanical_001,694e94943eba5ec86f88e0f45b9a3be0ea739723f70d5cd41dfd57894d84bdea
5735,143.375,1.7911,42.7175,False,7,mechanical_001,694e94943eba5ec86f88e0f45b9a3be0ea739723f70d5cd41dfd57894d84bdea
5736,143.4,1.7915,42.815,False,7,mechanical_001,694e94943eba5ec86f88e0f45b9a3be0ea739723f70d5cd41dfd57894d84bdea
5737,143.425,1.7918,42.9029,False,7,mechanical_001,694e94943eba5ec86f88e0f45b9a3be0ea739723f70d5cd41dfd57894d84bdea
5738,143.45,1.7921,42.9779,False,7,mechanical_001,694e94943eba5ec86f88e0f45b9a3be0ea739723f70d5cd41dfd57894d84bdea
5739,143.475,1.7924,43.0436,False,7,mechanical_001,694e94943eba5ec86f88e0f45b9a3be0ea739723f70d5cd41dfd57894d84bdea
5740,143.5,1.7927,43.0947,False,7,mechanical_001,694e94943eba5ec86f88e0f45b9a3be0ea739723f70d5cd41dfd57894d84bdea
5741,143.525,1.7931,43.1368,False,7,mechanical_001,694e94943eba5ec86f88e0f45b9a3be0ea739723f70d5cd41dfd57894d84bdea
5742,143.55,1.7934,43.1659,False,7,mechanical_001,694e94943eba5ec86f88e0f45b9a3be0ea739723f70d5cd41dfd57894d84bdea
5743,143.575,1.7937,43.1898,False,7,mechanical_001,694e94943eba5ec86f88e0f45b9a3be0ea739723f70d5cd41dfd57894d84bdea
5744,143.6,1.794,43.2064,False,7,mechanical_001,694e94943eba5ec86f88e0f45b9a3be0ea739723f70d5cd41dfd57894d84bdea
5745,143.625,1.7943,43.2201,False,7,mechanical_001,694e94943eba5ec86f88e0f45b9a3be0ea739723f70d5cd41dfd57894d84bdea
5746,143.65,1.7946,43.2334,False,7,mechanical_001,694e94943eba5ec86f88e0f45b9a3be0ea739723f70d5cd41dfd57894d84bdea
5747,143.675,1.7949,43.2642,False,7,mechanical_001,694e94943eba5ec86f88e0f45b9a3be0ea739723f70d5cd41dfd57894d84bdea
5748,143.7,1.7952,43.3094,False,7,mechanical_001,694e94943eba5ec86f88e0f45b9a3be0ea739723f70d5cd41dfd57894d84bdea
5749,143.725,1.7955,43.3573,False,7,mechanical_001,694e94943eba5ec86f88e0f45b9a3be0ea739723f70d5cd41dfd57894d84bdea
5750,143.75,1.7958,43.4016,False,7,mechanical_001,694e94943eba5ec86f88e0f45b9a3be0ea739723f70d5cd41dfd57894d84bdea
5751,143.775,1.7961,43.447,False,7,mechanical_001,694e94943eba5ec86f88e0f45b9a3be0ea739723f70d5cd41dfd57894d84bdea
5752,143.8,1.7964,43.4984,False,7,mechanical_001,694e94943eba5ec86f88e0f45b9a3be0ea739723f70d5cd41dfd57894d84bdea
5753,143.825,1.7967,43.5612,False,7,mechanical_001,694e94943eba5ec86f88e0f45b9a3be0ea739723f70d5cd41dfd57894d84bdea
5754,143.85,1.7971,43.6353,False,7,mechanical_001,694e94943eba5ec86f88e0f45b9a3be0ea739723f70d5cd41dfd57894d84bdea
5755,143.875,1.7974,43.7174,False,7,mechanical_001,694e94943eba5ec86f88e0f45b9a3be0ea739723f70d5cd41dfd57894d84bdea
5756,143.9,1.7977,43.7942,False,7,mechanical_001,694e94943eba5ec86f88e0f45b9a3be0ea739723f70d5cd41dfd57894d84bdea
5757,143.925,1.798,43.8541,False,7,mechanical_001,694e94943eba5ec86f88e0f45b9a3be0ea739723f70d5cd41dfd57894d84bdea
5758,143.95,1.7983,43.9061,False,7,mechanical_001,694e94943eba5ec86f88e0f45b9a3be0ea739723f70d5cd41dfd57894d84bdea
5759,143.975,1.7987,43.9553,False,7,mechanical_001,694e94943eba5ec86f88e0f45b9a3be0ea739723f70d5cd41dfd57894d84bdea
5760,144.0,1.799,44.0019,False,7,mechanical_001,694e94943eba5ec86f88e0f45b9a3be0ea739723f70d5cd41dfd57894d84bdea
5761,144.025,1.7993,44.04,False,7,mechanical_001,694e94943eba5ec86f88e0f45b9a3be0ea739723f70d5cd41dfd57894d84bdea
5762,144.05,1.7996,44.0619,False,7,mechanical_001,694e94943eba5ec86f88e0f45b9a3be0ea739723f70d5cd41dfd57894d84bdea
5763,144.075,1.7999,44.0847,False,7,mechanical_001,694e94943eba5ec86f88e0f45b9a3be0ea739723f70d5cd41dfd57894d84bdea
5764,144.1,1.8002,44.1084,False,7,mechanical_001,694e94943eba5ec86f88e0f45b9a3be0ea739723f70d5cd41dfd57894d84bdea
5765,144.125,1.8005,44.1339,False,7,mechanical_001,694e94943eba5ec86f88e0f45b9a3be0ea739723f70d5cd41dfd57894d84bdea
5766,144.15,1.8008,44.1487,False,7,mechanical_001,694e94943eba5ec86f88e0f45b9a3be0ea739723f70d5cd41dfd57894d84bdea
5767,144.175,1.8011,44.1538,False,7,mechanical_001,694e94943eba5ec86f88e0f45b9a3be0ea739723f70d5cd41dfd57894d84bdea
5768,144.2,1.8014,44.1547,False,7,mechanical_001,694e94943eba5ec86f88e0f45b9a3be0ea739723f70d5cd41dfd57894d84bdea
5769,144.225,1.8017,44.1686,False,7,mechanical_001,694e94943eba5ec86f88e0f45b9a3be0ea739723f70d5cd41dfd57894d84bdea
5770,144.25,1.802,44.1913,False,7,mechanical_001,694e94943eba5ec86f88e0f45b9a3be0ea739723f70d5cd41dfd57894d84bdea
5771,144.275,1.8023,44.2439,False,7,mechanical_001,694e94943eba5ec86f88e0f45b9a3be0ea739723f70d5cd41dfd57894d84bdea
5772,144.3,1.8026,44.3096,False,7,mechanical_001,694e94943eba5ec86f88e0f45b9a3be0ea739723f70d5cd41dfd57894d84bdea
5773,144.325,1.8029,44.3808,False,7,mechanical_001,694e94943eba5ec86f88e0f45b9a3be0ea739723f70d5cd41dfd57894d84bdea
5774,144.35,1.8033,44.4531,False,7,mechanical_001,694e94943eba5ec86f88e0f45b9a3be0ea739723f70d5cd41dfd57894d84bdea
5775,144.375,1.8036,44.5403,False,7,mechanical_001,694e94943eba5ec86f88e0f45b9a3be0ea739723f70d5cd41dfd57894d84bdea
5776,144.4,1.8039,44.6248,False,7,mechanical_001,694e94943eba5ec86f88e0f45b9a3be0ea739723f70d5cd41dfd57894d84bdea
5777,144.425,1.8042,44.6971,False,7,mechanical_001,694e94943eba5ec86f88e0f45b9a3be0ea739723f70d5cd41dfd57894d84bdea
5778,144.45,1.8046,44.7676,False,7,mechanical_001,694e94943eba5ec86f88e0f45b9a3be0ea739723f70d5cd41dfd57894d84bdea
5779,144.475,1.8049,44.8237,False,7,mechanical_001,694e94943eba5ec86f88e0f45b9a3be0ea739723f70d5cd41dfd57894d84bdea
5780,144.5,1.8052,44.8731,False,7,mechanical_001,694e94943eba5ec86f88e0f45b9a3be0ea739723f70d5cd41dfd57894d84bdea
5781,144.525,1.8055,44.9159,False,7,mechanical_001,694e94943eba5ec86f88e0f45b9a3be0ea739723f70d5cd41dfd57894d84bdea
5782,144.55,1.8058,44.9365,False,7,mechanical_001,694e94943eba5ec86f88e0f45b9a3be0ea739723f70d5cd41dfd57894d84bdea
5783,144.575,1.8061,44.9451,False,7,mechanical_001,694e94943eba5ec86f88e0f45b9a3be0ea739723f70d5cd41dfd57894d84bdea
5784,144.6,1.8064,44.9403,False,7,mechanical_001,694e94943eba5ec86f88e0f45b9a3be0ea739723f70d5cd41dfd57894d84bdea
5785,144.625,1.8067,44.9498,False,7,mechanical_001,694e94943eba5ec86f88e0f45b9a3be0ea739723f70d5cd41dfd57894d84bdea
5786,144.65,1.807,44.9669,False,7,mechanical_001,694e94943eba5ec86f88e0f45b9a3be0ea739723f70d5cd41dfd57894d84bdea
5787,144.675,1.8073,44.9888,False,7,mechanical_001,694e94943eba5ec86f88e0f45b9a3be0ea739723f70d5cd41dfd57894d84bdea
5788,144.7,1.8076,45.0198,False,7,mechanical_001,694e94943eba5ec86f88e0f45b9a3be0ea739723f70d5cd41dfd57894d84bdea
5789,144.725,1.8079,45.0708,False,7,mechanical_001,694e94943eba5ec86f88e0f45b9a3be0ea739723f70d5cd41dfd57894d84bdea
5790,144.75,1.8083,45.1355,False,7,mechanical_001,694e94943eba5ec86f88e0f45b9a3be0ea739723f70d5cd41dfd57894d84bdea
5791,144.775,1.8086,45.2046,False,7,mechanical_001,694e94943eba5ec86f88e0f45b9a3be0ea739723f70d5cd41dfd57894d84bdea
5792,144.8,1.8089,45.277,False,7,mechanical_001,694e94943eba5ec86f88e0f45b9a3be0ea739723f70d5cd41dfd57894d84bdea
5793,144.825,1.8092,45.3436,False,7,mechanical_001,694e94943eba5ec86f88e0f45b9a3be0ea739723f70d5cd41dfd57894d84bdea
5794,144.85,1.8095,45.4006,False,7,mechanical_001,694e94943eba5ec86f88e0f45b9a3be0ea739723f70d5cd41dfd57894d84bdea
5795,144.875,1.8098,45.4454,False,7,mechanical_001,694e94943eba5ec86f88e0f45b9a3be0ea739723f70d5cd41dfd57894d84bdea
5796,144.9,1.8101,45.47,False,7,mechanical_001,694e94943eba5ec86f88e0f45b9a3be0ea739723f70d5cd41dfd57894d84bdea
5797,144.925,1.8104,45.4921,False,7,mechanical_001,694e94943eba5ec86f88e0f45b9a3be0ea739723f70d5cd41dfd57894d84bdea
5798,144.95,1.8107,45.5131,False,7,mechanical_001,694e94943eba5ec86f88e0f45b9a3be0ea739723f70d5cd41dfd57894d84bdea
5799,144.975,1.811,45.5332,False,7,mechanical_001,694e94943eba5ec86f88e0f45b9a3be0ea739723f70d5cd41dfd57894d84bdea
5800,145.0,1.8113,45.5578,False,7,mechanical_001,694e94943eba5ec86f88e0f45b9a3be0ea739723f70d5cd41dfd57894d84bdea
5801,145.025,1.8117,45.5817,False,7,mechanical_001,694e94943eba5ec86f88e0f45b9a3be0ea739723f70d5cd41dfd57894d84bdea
5802,145.05,1.812,45.6204,False,7,mechanical_001,694e94943eba5ec86f88e0f45b9a3be0ea739723f70d5cd41dfd57894d84bdea
5803,145.075,1.8123,45.6692,False,7,mechanical_001,694e94943eba5ec86f88e0f45b9a3be0ea739723f70d5cd41dfd57894d84bdea
5804,145.1,1.8126,45.7268,False,7,mechanical_001,694e94943eba5ec86f88e0f45b9a3be0ea739723f70d5cd41dfd57894d84bdea
5805,145.125,1.8129,45.7974,False,7,mechanical_001,694e94943eba5ec86f88e0f45b9a3be0ea739723f70d5cd41dfd57894d84bdea
5806,145.15,1.8132,45.872,False,7,mechanical_001,694e94943eba5ec86f88e0f45b9a3be0ea739723f70d5cd41dfd57894d84bdea
5807,145.175,1.8135,45.9438,False,7,mechanical_001,694e94943eba5ec86f88e0f45b9a3be0ea739723f70d5cd41dfd57894d84bdea
5808,145.2,1.8138,46.0209,False,7,mechanical_001,694e94943eba5ec86f88e0f45b9a3be0ea739723f70d5cd41dfd57894d84bdea
5809,145.225,1.8142,46.102,False,7,mechanical_001,694e94943eba5ec86f88e0f45b9a3be0ea739723f70d5cd41dfd57894d84bdea
5810,145.25,1.8145,46.185,False,7,mechanical_001,694e94943eba5ec86f88e0f45b9a3be0ea739723f70d5cd41dfd57894d84bdea
5811,145.275,1.8148,46.2626,False,7,mechanical_001,694e94943eba5ec86f88e0f45b9a3be0ea739723f70d5cd41dfd57894d84bdea
5812,145.3,1.8151,46.3324,False,7,mechanical_001,694e94943eba5ec86f88e0f45b9a3be0ea739723f70d5cd41dfd57894d84bdea
5813,145.325,1.8154,46.4024,False,7,mechanical_001,694e94943eba5ec86f88e0f45b9a3be0ea739723f70d5cd41dfd57894d84bdea
5814,145.35,1.8157,46.4779,False,7,mechanical_001,694e94943eba5ec86f88e0f45b9a3be0ea739723f70d5cd41dfd57894d84bdea
5815,145.375,1.8161,46.5372,False,7,mechanical_001,694e94943eba5ec86f88e0f45b9a3be0ea739723f70d5cd41dfd57894d84bdea
5816,145.4,1.8164,46.5911,False,7,mechanical_001,694e94943eba5ec86f88e0f45b9a3be0ea739723f70d5cd41dfd57894d84bdea
5817,145.425,1.8167,46.6564,False,7,mechanical_001,694e94943eba5ec86f88e0f45b9a3be0ea739723f70d5cd41dfd57894d84bdea
5818,145.45,1.817,46.7321,False,7,mechanical_001,694e94943eba5ec86f88e0f45b9a3be0ea739723f70d5cd41dfd57894d84bdea
5819,145.475,1.8173,46.8031,False,7,mechanical_001,694e94943eba5ec86f88e0f45b9a3be0ea739723f70d5cd41dfd57894d84bdea
5820,145.5,1.8176,46.873,False,7,mechanical_001,694e94943eba5ec86f88e0f45b9a3be0ea739723f70d5cd41dfd57894d84bdea
5821,145.525,1.818,46.9354,False,7,mechanical_001,694e94943eba5ec86f88e0f45b9a3be0ea739723f70d5cd41dfd57894d84bdea
5822,145.55,1.8183,46.9892,False,7,mechanical_001,694e94943eba5ec86f88e0f45b9a3be0ea739723f70d5cd41dfd57894d84bdea
5823,145.575,1.8186,47.0364,False,7,mechanical_001,694e94943eba5ec86f88e0f45b9a3be0ea739723f70d5cd41dfd57894d84bdea
5824,145.6,1.8189,47.0752,False,7,mechanical_001,694e94943eba5ec86f88e0f45b9a3be0ea739723f70d5cd41dfd57894d84bdea
5825,145.625,1.8192,47.1026,False,7,mechanical_001,694e94943eba5ec86f88e0f45b9a3be0ea739723f70d5cd41dfd57894d84bdea
5826,145.65,1.8195,47.1227,False,7,mechanical_001,694e94943eba5ec86f88e0f45b9a3be0ea739723f70d5cd41dfd57894d84bdea
5827,145.675,1.8198,47.1514,False,7,mechanical_001,694e94943eba5ec86f88e0f45b9a3be0ea739723f70d5cd41dfd57894d84bdea
5828,145.7,1.8201,47.1909,False,7,mechanical_001,694e94943eba5ec86f88e0f45b9a3be0ea739723f70d5cd41dfd57894d84bdea
5829,145.725,1.8204,47.247,False,7,mechanical_001,694e94943eba5ec86f88e0f45b9a3be0ea739723f70d5cd41dfd57894d84bdea
5830,145.75,1.8207,47.3158,False,7,mechanical_001,694e94943eba5ec86f88e0f45b9a3be0ea739723f70d5cd41dfd57894d84bdea
5831,145.775,1.821,47.3889,False,7,mechanical_001,694e94943eba5ec86f88e0f45b9a3be0ea739723f70d5cd41dfd57894d84bdea
5832,145.8,1.8214,47.4524,False,7,mechanical_001,694e94943eba5ec86f88e0f45b9a3be0ea739723f70d5cd41dfd57894d84bdea
5833,145.825,1.8217,47.522,False,7,mechanical_001,694e94943eba5ec86f88e0f45b9a3be0ea739723f70d5cd41dfd57894d84bdea
5834,145.85,1.822,47.5877,False,7,mechanical_001,694e94943eba5ec86f88e0f45b9a3be0ea739723f70d5cd41dfd57894d84bdea
5835,145.875,1.8223,47.6532,False,7,mechanical_001,694e94943eba5ec86f88e0f45b9a3be0ea739723f70d5cd41dfd57894d84bdea
5836,145.9,1.8226,47.7026,False,7,mechanical_001,694e94943eba5ec86f88e0f45b9a3be0ea739723f70d5cd41dfd57894d84bdea
5837,145.925,1.8229,47.7414,False,7,mechanical_001,694e94943eba5ec86f88e0f45b9a3be0ea739723f70d5cd41dfd57894d84bdea
5838,145.95,1.8232,47.7723,False,7,mechanical_001,694e94943eba5ec86f88e0f45b9a3be0ea739723f70d5cd41dfd57894d84bdea
5839,145.975,1.8235,47.7904,False,7,mechanical_001,694e94943eba5ec86f88e0f45b9a3be0ea739723f70d5cd41dfd57894d84bdea
5840,146.0,1.8238,47.8113,False,7,mechanical_001,694e94943eba5ec86f88e0f45b9a3be0ea739723f70d5cd41dfd57894d84bdea
5841,146.025,1.8241,47.846,False,7,mechanical_001,694e94943eba5ec86f88e0f45b9a3be0ea739723f70d5cd41dfd57894d84bdea
5842,146.05,1.8244,47.8889,False,7,mechanical_001,694e94943eba5ec86f88e0f45b9a3be0ea739723f70d5cd41dfd57894d84bdea
5843,146.075,1.8247,47.9352,False,7,mechanical_001,694e94943eba5ec86f88e0f45b9a3be0ea739723f70d5cd41dfd57894d84bdea
5844,146.1,1.825,47.9778,False,7,mechanical_001,694e94943eba5ec86f88e0f45b9a3be0ea739723f70d5cd41dfd57894d84bdea
5845,146.125,1.8254,48.0249,False,7,mechanical_001,694e94943eba5ec86f88e0f45b9a3be0ea739723f70d5cd41dfd57894d84bdea
5846,146.15,1.8257,48.0771,False,7,mechanical_001,694e94943eba5ec86f88e0f45b9a3be0ea739723f70d5cd41dfd57894d84bdea
5847,146.175,1.826,48.133,False,7,mechanical_001,694e94943eba5ec86f88e0f45b9a3be0ea739723f70d5cd41dfd57894d84bdea
5848,146.2,1.8263,48.1916,False,7,mechanical_001,694e94943eba5ec86f88e0f45b9a3be0ea739723f70d5cd41dfd57894d84bdea
5849,146.225,1.8266,48.2409,False,7,mechanical_001,694e94943eba5ec86f88e0f45b9a3be0ea739723f70d5cd41dfd57894d84bdea
5850,146.25,1.8269,48.289,False,7,mechanical_001,694e94943eba5ec86f88e0f45b9a3be0ea739723f70d5cd41dfd57894d84bdea
5851,146.275,1.8272,48.3424,False,7,mechanical_001,694e94943eba5ec86f88e0f45b9a3be0ea739723f70d5cd41dfd57894d84bdea
5852,146.3,1.8275,48.3988,False,7,mechanical_001,694e94943eba5ec86f88e0f45b9a3be0ea739723f70d5cd41dfd57894d84bdea
5853,146.325,1.8278,48.4479,False,7,mechanical_001,694e94943eba5ec86f88e0f45b9a3be0ea739723f70d5cd41dfd57894d84bdea
5854,146.35,1.8282,48.4992,False,7,mechanical_001,694e94943eba5ec86f88e0f45b9a3be0ea739723f70d5cd41dfd57894d84bdea
5855,146.375,1.8285,48.5475,False,7,mechanical_001,694e94943eba5ec86f88e0f45b9a3be0ea739723f70d5cd41dfd57894d84bdea
5856,146.4,1.8288,48.5978,False,7,mechanical_001,694e94943eba5ec86f88e0f45b9a3be0ea739723f70d5cd41dfd57894d84bdea
5857,146.425,1.8291,48.6572,False,7,mechanical_001,694e94943eba5ec86f88e0f45b9a3be0ea739723f70d5cd41dfd57894d84bdea
5858,146.45,1.8294,48.7168,False,7,mechanical_001,694e94943eba5ec86f88e0f45b9a3be0ea739723f70d5cd41dfd57894d84bdea
5859,146.475,1.8297,48.7831,False,7,mechanical_001,694e94943eba5ec86f88e0f45b9a3be0ea739723f70d5cd41dfd57894d84bdea
5860,146.5,1.83,48.8655,False,7,mechanical_001,694e94943eba5ec86f88e0f45b9a3be0ea739723f70d5cd41dfd57894d84bdea
5861,146.525,1.8304,48.95,False,7,mechanical_001,694e94943eba5ec86f88e0f45b9a3be0ea739723f70d5cd41dfd57894d84bdea
5862,146.55,1.8307,49.0156,False,7,mechanical_001,694e94943eba5ec86f88e0f45b9a3be0ea739723f70d5cd41dfd57894d84bdea
5863,146.575,1.831,49.0708,False,7,mechanical_001,694e94943eba5ec86f88e0f45b9a3be0ea739723f70d5cd41dfd57894d84bdea
5864,146.6,1.8313,49.121,False,7,mechanical_001,694e94943eba5ec86f88e0f45b9a3be0ea739723f70d5cd41dfd57894d84bdea
5865,146.625,1.8316,49.1628,False,7,mechanical_001,694e94943eba5ec86f88e0f45b9a3be0ea739723f70d5cd41dfd57894d84bdea
5866,146.65,1.8319,49.1988,False,7,mechanical_001,694e94943eba5ec86f88e0f45b9a3be0ea739723f70d5cd41dfd57894d84bdea
5867,146.675,1.8322,49.2352,False,7,mechanical_001,694e94943eba5ec86f88e0f45b9a3be0ea739723f70d5cd41dfd57894d84bdea
5868,146.7,1.8325,49.2738,False,7,mechanical_001,694e94943eba5ec86f88e0f45b9a3be0ea739723f70d5cd41dfd57894d84bdea
5869,146.725,1.8328,49.3071,False,7,mechanical_001,694e94943eba5ec86f88e0f45b9a3be0ea739723f70d5cd41dfd57894d84bdea
5870,146.75,1.8331,49.3513,False,7,mechanical_001,694e94943eba5ec86f88e0f45b9a3be0ea739723f70d5cd41dfd57894d84bdea
5871,146.775,1.8334,49.3956,False,7,mechanical_001,694e94943eba5ec86f88e0f45b9a3be0ea739723f70d5cd41dfd57894d84bdea
5872,146.8,1.8337,49.4293,False,7,mechanical_001,694e94943eba5ec86f88e0f45b9a3be0ea739723f70d5cd41dfd57894d84bdea
5873,146.825,1.834,49.4585,False,7,mechanical_001,694e94943eba5ec86f88e0f45b9a3be0ea739723f70d5cd41dfd57894d84bdea
5874,146.85,1.8343,49.4882,False,7,mechanical_001,694e94943eba5ec86f88e0f45b9a3be0ea739723f70d5cd41dfd57894d84bdea
5875,146.875,1.8346,49.522,False,7,mechanical_001,694e94943eba5ec86f88e0f45b9a3be0ea739723f70d5cd41dfd57894d84bdea
5876,146.9,1.8349,49.5494,False,7,mechanical_001,694e94943eba5ec86f88e0f45b9a3be0ea739723f70d5cd41dfd57894d84bdea
5877,146.925,1.8352,49.5723,False,7,mechanical_001,694e94943eba5ec86f88e0f45b9a3be0ea739723f70d5cd41dfd57894d84bdea
5878,146.95,1.8355,49.6029,False,7,mechanical_001,694e94943eba5ec86f88e0f45b9a3be0ea739723f70d5cd41dfd57894d84bdea
5879,146.975,1.8358,49.6175,False,7,mechanical_001,694e94943eba5ec86f88e0f45b9a3be0ea739723f70d5cd41dfd57894d84bdea
5880,147.0,1.8361,49.6361,False,7,mechanical_001,694e94943eba5ec86f88e0f45b9a3be0ea739723f70d5cd41dfd57894d84bdea
5881,147.025,1.8364,49.683,False,7,mechanical_001,694e94943eba5ec86f88e0f45b9a3be0ea739723f70d5cd41dfd57894d84bdea
5882,147.05,1.8367,49.7586,False,7,mechanical_001,694e94943eba5ec86f88e0f45b9a3be0ea739723f70d5cd41dfd57894d84bdea
5883,147.075,1.8371,49.8522,False,7,mechanical_001,694e94943eba5ec86f88e0f45b9a3be0ea739723f70d5cd41dfd57894d84bdea
5884,147.1,1.8374,49.9472,False,7,mechanical_001,694e94943eba5ec86f88e0f45b9a3be0ea739723f70d5cd41dfd57894d84bdea
5885,147.125,1.8377,50.0254,False,7,mechanical_001,694e94943eba5ec86f88e0f45b9a3be0ea739723f70d5cd41dfd57894d84bdea
5886,147.15,1.838,50.0805,False,7,mechanical_001,694e94943eba5ec86f88e0f45b9a3be0ea739723f70d5cd41dfd57894d84bdea
5887,147.175,1.8383,50.1182,False,7,mechanical_001,694e94943eba5ec86f88e0f45b9a3be0ea739723f70d5cd41dfd57894d84bdea
5888,147.2,1.8386,50.1666,False,7,mechanical_001,694e94943eba5ec86f88e0f45b9a3be0ea739723f70d5cd41dfd57894d84bdea
5889,147.225,1.8389,50.2298,False,7,mechanical_001,694e94943eba5ec86f88e0f45b9a3be0ea739723f70d5cd41dfd57894d84bdea
5890,147.25,1.8392,50.2955,False,7,mechanical_001,694e94943eba5ec86f88e0f45b9a3be0ea739723f70d5cd41dfd57894d84bdea
5891,147.275,1.8396,50.3606,False,7,mechanical_001,694e94943eba5ec86f88e0f45b9a3be0ea739723f70d5cd41dfd57894d84bdea
5892,147.3,1.8399,50.4198,False,7,mechanical_001,694e94943eba5ec86f88e0f45b9a3be0ea739723f70d5cd41dfd57894d84bdea
5893,147.325,1.8402,50.4828,False,7,mechanical_001,694e94943eba5ec86f88e0f45b9a3be0ea739723f70d5cd41dfd57894d84bdea
5894,147.35,1.8405,50.5483,False,7,mechanical_001,694e94943eba5ec86f88e0f45b9a3be0ea739723f70d5cd41dfd57894d84bdea
5895,147.375,1.8408,50.6144,False,7,mechanical_001,694e94943eba5ec86f88e0f45b9a3be0ea739723f70d5cd41dfd57894d84bdea
5896,147.4,1.8411,50.6744,False,7,mechanical_001,694e94943eba5ec86f88e0f45b9a3be0ea739723f70d5cd41dfd57894d84bdea
5897,147.425,1.8414,50.7347,False,7,mechanical_001,694e94943eba5ec86f88e0f45b9a3be0ea739723f70d5cd41dfd57894d84bdea
5898,147.45,1.8417,50.7897,False,7,mechanical_001,694e94943eba5ec86f88e0f45b9a3be0ea739723f70d5cd41dfd57894d84bdea
5899,147.475,1.8421,50.8326,False,7,mechanical_001,694e94943eba5ec86f88e0f45b9a3be0ea739723f70d5cd41dfd57894d84bdea
5900,147.5,1.8424,50.8725,False,7,mechanical_001,694e94943eba5ec86f88e0f45b9a3be0ea739723f70d5cd41dfd57894d84bdea
5901,147.525,1.8427,50.9343,False,7,mechanical_001,694e94943eba5ec86f88e0f45b9a3be0ea739723f70d5cd41dfd57894d84bdea
5902,147.55,1.843,50.9995,False,7,mechanical_001,694e94943eba5ec86f88e0f45b9a3be0ea739723f70d5cd41dfd57894d84bdea
5903,147.575,1.8433,51.0596,False,7,mechanical_001,694e94943eba5ec86f88e0f45b9a3be0ea739723f70d5cd41dfd57894d84bdea
5904,147.6,1.8436,51.1167,False,7,mechanical_001,694e94943eba5ec86f88e0f45b9a3be0ea739723f70d5cd41dfd57894d84bdea
5905,147.625,1.844,51.1816,False,7,mechanical_001,694e94943eba5ec86f88e0f45b9a3be0ea739723f70d5cd41dfd57894d84bdea
5906,147.65,1.8443,51.247,False,7,mechanical_001,694e94943eba5ec86f88e0f45b9a3be0ea739723f70d5cd41dfd57894d84bdea
5907,147.675,1.8446,51.2989,False,7,mechanical_001,694e94943eba5ec86f88e0f45b9a3be0ea739723f70d5cd41dfd57894d84bdea
5908,147.7,1.8449,51.3352,False,7,mechanical_001,694e94943eba5ec86f88e0f45b9a3be0ea739723f70d5cd41dfd57894d84bdea
5909,147.725,1.8452,51.3724,False,7,mechanical_001,694e94943eba5ec86f88e0f45b9a3be0ea739723f70d5cd41dfd57894d84bdea
5910,147.75,1.8455,51.4181,False,7,mechanical_001,694e94943eba5ec86f88e0f45b9a3be0ea739723f70d5cd41dfd57894d84bdea
5911,147.775,1.8459,51.4841,False,7,mechanical_001,694e94943eba5ec86f88e0f45b9a3be0ea739723f70d5cd41dfd57894d84bdea
5912,147.8,1.8462,51.5524,False,7,mechanical_001,694e94943eba5ec86f88e0f45b9a3be0ea739723f70d5cd41dfd57894d84bdea
5913,147.825,1.8465,51.6378,False,7,mechanical_001,694e94943eba5ec86f88e0f45b9a3be0ea739723f70d5cd41dfd57894d84bdea
5914,147.85,1.8469,51.7139,False,7,mechanical_001,694e94943eba5ec86f88e0f45b9a3be0ea739723f70d5cd41dfd57894d84bdea
5915,147.875,1.8472,51.7808,False,7,mechanical_001,694e94943eba5ec86f88e0f45b9a3be0ea739723f70d5cd41dfd57894d84bdea
5916,147.9,1.8475,51.8551,False,7,mechanical_001,694e94943eba5ec86f88e0f45b9a3be0ea739723f70d5cd41dfd57894d84bdea
5917,147.925,1.8478,51.9399,False,7,mechanical_001,694e94943eba5ec86f88e0f45b9a3be0ea739723f70d5cd41dfd57894d84bdea
5918,147.95,1.8482,52.0223,False,7,mechanical_001,694e94943eba5ec86f88e0f45b9a3be0ea739723f70d5cd41dfd57894d84bdea
5919,147.975,1.8485,52.0867,False,7,mechanical_001,694e94943eba5ec86f88e0f45b9a3be0ea739723f70d5cd41dfd57894d84bdea
5920,148.0,1.8488,52.1249,False,7,mechanical_001,694e94943eba5ec86f88e0f45b9a3be0ea739723f70d5cd41dfd57894d84bdea
5921,148.025,1.8491,52.1388,False,7,mechanical_001,694e94943eba5ec86f88e0f45b9a3be0ea739723f70d5cd41dfd57894d84bdea
5922,148.05,1.8494,52.1475,False,7,mechanical_001,694e94943eba5ec86f88e0f45b9a3be0ea739723f70d5cd41dfd57894d84bdea
5923,148.075,1.8498,52.1546,False,7,mechanical_001,694e94943eba5ec86f88e0f45b9a3be0ea739723f70d5cd41dfd57894d84bdea
5924,148.1,1.8501,52.1554,False,7,mechanical_001,694e94943eba5ec86f88e0f45b9a3be0ea739723f70d5cd41dfd57894d84bdea
5925,148.125,1.8504,52.1575,False,7,mechanical_001,694e94943eba5ec86f88e0f45b9a3be0ea739723f70d5cd41dfd57894d84bdea
5926,148.15,1.8507,52.1675,False,7,mechanical_001,694e94943eba5ec86f88e0f45b9a3be0ea739723f70d5cd41dfd57894d84bdea
5927,148.175,1.851,52.1951,False,7,mechanical_001,694e94943eba5ec86f88e0f45b9a3be0ea739723f70d5cd41dfd57894d84bdea
5928,148.2,1.8513,52.2248,False,7,mechanical_001,694e94943eba5ec86f88e0f45b9a3be0ea739723f70d5cd41dfd57894d84bdea
5929,148.225,1.8516,52.2546,False,7,mechanical_001,694e94943eba5ec86f88e0f45b9a3be0ea739723f70d5cd41dfd57894d84bdea
5930,148.25,1.8519,52.2949,False,7,mechanical_001,694e94943eba5ec86f88e0f45b9a3be0ea739723f70d5cd41dfd57894d84bdea
5931,148.275,1.8522,52.3583,False,7,mechanical_001,694e94943eba5ec86f88e0f45b9a3be0ea739723f70d5cd41dfd57894d84bdea
5932,148.3,1.8526,52.4252,False,7,mechanical_001,694e94943eba5ec86f88e0f45b9a3be0ea739723f70d5cd41dfd57894d84bdea
5933,148.325,1.8529,52.4965,False,7,mechanical_001,694e94943eba5ec86f88e0f45b9a3be0ea739723f70d5cd41dfd57894d84bdea
5934,148.35,1.8532,52.5523,False,7,mechanical_001,694e94943eba5ec86f88e0f45b9a3be0ea739723f70d5cd41dfd57894d84bdea
5935,148.375,1.8535,52.5715,False,7,mechanical_001,694e94943eba5ec86f88e0f45b9a3be0ea739723f70d5cd41dfd57894d84bdea
5936,148.4,1.8538,52.5714,False,7,mechanical_001,694e94943eba5ec86f88e0f45b9a3be0ea739723f70d5cd41dfd57894d84bdea
5937,148.425,1.8541,52.5638,False,7,mechanical_001,694e94943eba5ec86f88e0f45b9a3be0ea739723f70d5cd41dfd57894d84bdea
5938,148.45,1.8544,52.5595,False,7,mechanical_001,694e94943eba5ec86f88e0f45b9a3be0ea739723f70d5cd41dfd57894d84bdea
5939,148.475,1.8547,52.5713,False,7,mechanical_001,694e94943eba5ec86f88e0f45b9a3be0ea739723f70d5cd41dfd57894d84bdea
5940,148.5,1.855,52.5935,False,7,mechanical_001,694e94943eba5ec86f88e0f45b9a3be0ea739723f70d5cd41dfd57894d84bdea
5941,148.525,1.8553,52.6113,False,7,mechanical_001,694e94943eba5ec86f88e0f45b9a3be0ea739723f70d5cd41dfd57894d84bdea
5942,148.55,1.8556,52.626,False,7,mechanical_001,694e94943eba5ec86f88e0f45b9a3be0ea739723f70d5cd41dfd57894d84bdea
5943,148.575,1.8559,52.6398,False,7,mechanical_001,694e94943eba5ec86f88e0f45b9a3be0ea739723f70d5cd41dfd57894d84bdea
5944,148.6,1.8562,52.6476,False,7,mechanical_001,694e94943eba5ec86f88e0f45b9a3be0ea739723f70d5cd41dfd57894d84bdea
5945,148.625,1.8565,52.6593,False,7,mechanical_001,694e94943eba5ec86f88e0f45b9a3be0ea739723f70d5cd41dfd57894d84bdea
5946,148.65,1.8568,52.6687,False,7,mechanical_001,694e94943eba5ec86f88e0f45b9a3be0ea739723f70d5cd41dfd57894d84bdea
5947,148.675,1.8571,52.6671,False,7,mechanical_001,694e94943eba5ec86f88e0f45b9a3be0ea739723f70d5cd41dfd57894d84bdea
5948,148.7,1.8574,52.6531,False,7,mechanical_001,694e94943eba5ec86f88e0f45b9a3be0ea739723f70d5cd41dfd57894d84bdea
5949,148.725,1.8577,52.6557,False,7,mechanical_001,694e94943eba5ec86f88e0f45b9a3be0ea739723f70d5cd41dfd57894d84bdea
5950,148.75,1.858,52.6837,False,7,mechanical_001,694e94943eba5ec86f88e0f45b9a3be0ea739723f70d5cd41dfd57894d84bdea
5951,148.775,1.8583,52.7244,False,7,mechanical_001,694e94943eba5ec86f88e0f45b9a3be0ea739723f70d5cd41dfd57894d84bdea
5952,148.8,1.8586,52.7732,False,7,mechanical_001,694e94943eba5ec86f88e0f45b9a3be0ea739723f70d5cd41dfd57894d84bdea
5953,148.825,1.8589,52.8327,False,7,mechanical_001,694e94943eba5ec86f88e0f45b9a3be0ea739723f70d5cd41dfd57894d84bdea
5954,148.85,1.8592,52.892,False,7,mechanical_001,694e94943eba5ec86f88e0f45b9a3be0ea739723f70d5cd41dfd57894d84bdea
5955,148.875,1.8595,52.9549,False,7,mechanical_001,694e94943eba5ec86f88e0f45b9a3be0ea739723f70d5cd41dfd57894d84bdea
5956,148.9,1.8598,53.0158,False,7,mechanical_001,694e94943eba5ec86f88e0f45b9a3be0ea739723f70d5cd41dfd57894d84bdea
5957,148.925,1.8601,53.079,False,7,mechanical_001,694e94943eba5ec86f88e0f45b9a3be0ea739723f70d5cd41dfd57894d84bdea
5958,148.95,1.8605,53.1372,False,7,mechanical_001,694e94943eba5ec86f88e0f45b9a3be0ea739723f70d5cd41dfd57894d84bdea
5959,148.975,1.8608,53.1892,False,7,mechanical_001,694e94943eba5ec86f88e0f45b9a3be0ea739723f70d5cd41dfd57894d84bdea
5960,149.0,1.8611,53.2314,False,7,mechanical_001,694e94943eba5ec86f88e0f45b9a3be0ea739723f70d5cd41dfd57894d84bdea
5961,149.025,1.8614,53.267,False,7,mechanical_001,694e94943eba5ec86f88e0f45b9a3be0ea739723f70d5cd41dfd57894d84bdea
5962,149.05,1.8617,53.3046,False,7,mechanical_001,694e94943eba5ec86f88e0f45b9a3be0ea739723f70d5cd41dfd57894d84bdea
5963,149.075,1.862,53.338,False,7,mechanical_001,694e94943eba5ec86f88e0f45b9a3be0ea739723f70d5cd41dfd57894d84bdea
5964,149.1,1.8623,53.359,False,7,mechanical_001,694e94943eba5ec86f88e0f45b9a3be0ea739723f70d5cd41dfd57894d84bdea
5965,149.125,1.8626,53.376,False,7,mechanical_001,694e94943eba5ec86f88e0f45b9a3be0ea739723f70d5cd41dfd57894d84bdea
5966,149.15,1.8629,53.4042,False,7,mechanical_001,694e94943eba5ec86f88e0f45b9a3be0ea739723f70d5cd41dfd57894d84bdea
5967,149.175,1.8632,53.4389,False,7,mechanical_001,694e94943eba5ec86f88e0f45b9a3be0ea739723f70d5cd41dfd57894d84bdea
5968,149.2,1.8635,53.4744,False,7,mechanical_001,694e94943eba5ec86f88e0f45b9a3be0ea739723f70d5cd41dfd57894d84bdea
5969,149.225,1.8638,53.5214,False,7,mechanical_001,694e94943eba5ec86f88e0f45b9a3be0ea739723f70d5cd41dfd57894d84bdea
5970,149.25,1.8641,53.5894,False,7,mechanical_001,694e94943eba5ec86f88e0f45b9a3be0ea739723f70d5cd41dfd57894d84bdea
5971,149.275,1.8644,53.6703,False,7,mechanical_001,694e94943eba5ec86f88e0f45b9a3be0ea739723f70d5cd41dfd57894d84bdea
5972,149.3,1.8647,53.739,False,7,mechanical_001,694e94943eba5ec86f88e0f45b9a3be0ea739723f70d5cd41dfd57894d84bdea
5973,149.325,1.8651,53.8017,False,7,mechanical_001,694e94943eba5ec86f88e0f45b9a3be0ea739723f70d5cd41dfd57894d84bdea
5974,149.35,1.8654,53.8589,False,7,mechanical_001,694e94943eba5ec86f88e0f45b9a3be0ea739723f70d5cd41dfd57894d84bdea
5975,149.375,1.8657,53.8957,False,7,mechanical_001,694e94943eba5ec86f88e0f45b9a3be0ea739723f70d5cd41dfd57894d84bdea
5976,149.4,1.866,53.9089,False,7,mechanical_001,694e94943eba5ec86f88e0f45b9a3be0ea739723f70d5cd41dfd57894d84bdea
5977,149.425,1.8663,53.9112,False,7,mechanical_001,694e94943eba5ec86f88e0f45b9a3be0ea739723f70d5cd41dfd57894d84bdea
5978,149.45,1.8666,53.9419,False,7,mechanical_001,694e94943eba5ec86f88e0f45b9a3be0ea739723f70d5cd41dfd57894d84bdea
5979,149.475,1.8669,53.9884,False,7,mechanical_001,694e94943eba5ec86f88e0f45b9a3be0ea739723f70d5cd41dfd57894d84bdea
5980,149.5,1.8672,54.0536,False,7,mechanical_001,694e94943eba5ec86f88e0f45b9a3be0ea739723f70d5cd41dfd57894d84bdea
5981,149.525,1.8675,54.1221,False,7,mechanical_001,694e94943eba5ec86f88e0f45b9a3be0ea739723f70d5cd41dfd57894d84bdea
5982,149.55,1.8678,54.1964,False,7,mechanical_001,694e94943eba5ec86f88e0f45b9a3be0ea739723f70d5cd41dfd57894d84bdea
5983,149.575,1.8681,54.28,False,7,mechanical_001,694e94943eba5ec86f88e0f45b9a3be0ea739723f70d5cd41dfd57894d84bdea
5984,149.6,1.8684,54.3677,False,7,mechanical_001,694e94943eba5ec86f88e0f45b9a3be0ea739723f70d5cd41dfd57894d84bdea
5985,149.625,1.8688,54.4419,False,7,mechanical_001,694e94943eba5ec86f88e0f45b9a3be0ea739723f70d5cd41dfd57894d84bdea
5986,149.65,1.8691,54.5021,False,7,mechanical_001,694e94943eba5ec86f88e0f45b9a3be0ea739723f70d5cd41dfd57894d84bdea
5987,149.675,1.8694,54.545,False,7,mechanical_001,694e94943eba5ec86f88e0f45b9a3be0ea739723f70d5cd41dfd57894d84bdea
5988,149.7,1.8697,54.5934,False,7,mechanical_001,694e94943eba5ec86f88e0f45b9a3be0ea739723f70d5cd41dfd57894d84bdea
5989,149.725,1.87,54.6499,False,7,mechanical_001,694e94943eba5ec86f88e0f45b9a3be0ea739723f70d5cd41dfd57894d84bdea
5990,149.75,1.8703,54.7049,False,7,mechanical_001,694e94943eba5ec86f88e0f45b9a3be0ea739723f70d5cd41dfd57894d84bdea
5991,149.775,1.8706,54.7669,False,7,mechanical_001,694e94943eba5ec86f88e0f45b9a3be0ea739723f70d5cd41dfd57894d84bdea
5992,149.8,1.8709,54.8219,False,7,mechanical_001,694e94943eba5ec86f88e0f45b9a3be0ea739723f70d5cd41dfd57894d84bdea
5993,149.825,1.8712,54.8665,False,7,mechanical_001,694e94943eba5ec86f88e0f45b9a3be0ea739723f70d5cd41dfd57894d84bdea
5994,149.85,1.8716,54.9183,False,7,mechanical_001,694e94943eba5ec86f88e0f45b9a3be0ea739723f70d5cd41dfd57894d84bdea
5995,149.875,1.8719,54.9811,False,7,mechanical_001,694e94943eba5ec86f88e0f45b9a3be0ea739723f70d5cd41dfd57894d84bdea
5996,149.9,1.8722,55.0496,False,7,mechanical_001,694e94943eba5ec86f88e0f45b9a3be0ea739723f70d5cd41dfd57894d84bdea
5997,149.925,1.8725,55.106,False,7,mechanical_001,694e94943eba5ec86f88e0f45b9a3be0ea739723f70d5cd41dfd57894d84bdea
5998,149.95,1.8728,55.1479,False,7,mechanical_001,694e94943eba5ec86f88e0f45b9a3be0ea739723f70d5cd41dfd57894d84bdea
5999,149.975,1.8731,55.194,False,7,mechanical_001,694e94943eba5ec86f88e0f45b9a3be0ea739723f70d5cd41dfd57894d84bdea
6000,150.0,1.8734,55.2581,False,7,mechanical_001,694e94943eba5ec86f88e0f45b9a3be0ea739723f70d5cd41dfd57894d84bdea
6001,150.025,1.8738,55.3108,False,7,mechanical_001,694e94943eba5ec86f88e0f45b9a3be0ea739723f70d5cd41dfd57894d84bdea
6002,150.05,1.8741,55.3546,False,7,mechanical_001,694e94943eba5ec86f88e0f45b9a3be0ea739723f70d5cd41dfd57894d84bdea
6003,150.075,1.8744,55.409,False,7,mechanical_001,694e94943eba5ec86f88e0f45b9a3be0ea739723f70d5cd41dfd57894d84bdea
6004,150.1,1.8747,55.4568,False,7,mechanical_001,694e94943eba5ec86f88e0f45b9a3be0ea739723f70d5cd41dfd57894d84bdea
6005,150.125,1.875,55.4828,False,7,mechanical_001,694e94943eba5ec86f88e0f45b9a3be0ea739723f70d5cd41dfd57894d84bdea
6006,150.15,1.8753,55.4982,False,7,mechanical_001,694e94943eba5ec86f88e0f45b9a3be0ea739723f70d5cd41dfd57894d84bdea
6007,150.175,1.8756,55.5244,False,7,mechanical_001,694e94943eba5ec86f88e0f45b9a3be0ea739723f70d5cd41dfd57894d84bdea
6008,150.2,1.8759,55.5424,False,7,mechanical_001,694e94943eba5ec86f88e0f45b9a3be0ea739723f70d5cd41dfd57894d84bdea
6009,150.225,1.8762,55.5883,False,7,mechanical_001,694e94943eba5ec86f88e0f45b9a3be0ea739723f70d5cd41dfd57894d84bdea
6010,150.25,1.8765,55.6401,False,7,mechanical_001,694e94943eba5ec86f88e0f45b9a3be0ea739723f70d5cd41dfd57894d84bdea
6011,150.275,1.8769,55.6862,False,7,mechanical_001,694e94943eba5ec86f88e0f45b9a3be0ea739723f70d5cd41dfd57894d84bdea
6012,150.3,1.8772,55.7502,False,7,mechanical_001,694e94943eba5ec86f88e0f45b9a3be0ea739723f70d5cd41dfd57894d84bdea
6013,150.325,1.8775,55.8219,False,7,mechanical_001,694e94943eba5ec86f88e0f45b9a3be0ea739723f70d5cd41dfd57894d84bdea
6014,150.35,1.8778,55.8903,False,7,mechanical_001,694e94943eba5ec86f88e0f45b9a3be0ea739723f70d5cd41dfd57894d84bdea
6015,150.375,1.8781,55.948,False,7,mechanical_001,694e94943eba5ec86f88e0f45b9a3be0ea739723f70d5cd41dfd57894d84bdea
6016,150.4,1.8784,55.9982,False,7,mechanical_001,694e94943eba5ec86f88e0f45b9a3be0ea739723f70d5cd41dfd57894d84bdea
6017,150.425,1.8788,56.0547,False,7,mechanical_001,694e94943eba5ec86f88e0f45b9a3be0ea739723f70d5cd41dfd57894d84bdea
6018,150.45,1.8791,56.1171,False,7,mechanical_001,694e94943eba5ec86f88e0f45b9a3be0ea739723f70d5cd41dfd57894d84bdea
6019,150.475,1.8794,56.1851,False,7,mechanical_001,694e94943eba5ec86f88e0f45b9a3be0ea739723f70d5cd41dfd57894d84bdea
6020,150.5,1.8797,56.2551,False,7,mechanical_001,694e94943eba5ec86f88e0f45b9a3be0ea739723f70d5cd41dfd57894d84bdea
6021,150.525,1.8801,56.3218,False,7,mechanical_001,694e94943eba5ec86f88e0f45b9a3be0ea739723f70d5cd41dfd57894d84bdea
6022,150.55,1.8804,56.3844,False,7,mechanical_001,694e94943eba5ec86f88e0f45b9a3be0ea739723f70d5cd41dfd57894d84bdea
6023,150.575,1.8807,56.4371,False,7,mechanical_001,694e94943eba5ec86f88e0f45b9a3be0ea739723f70d5cd41dfd57894d84bdea
6024,150.6,1.881,56.4742,False,7,mechanical_001,694e94943eba5ec86f88e0f45b9a3be0ea739723f70d5cd41dfd57894d84bdea
6025,150.625,1.8813,56.5132,False,7,mechanical_001,694e94943eba5ec86f88e0f45b9a3be0ea739723f70d5cd41dfd57894d84bdea
6026,150.65,1.8817,56.5522,False,7,mechanical_001,694e94943eba5ec86f88e0f45b9a3be0ea739723f70d5cd41dfd57894d84bdea
6027,150.675,1.882,56.5937,False,7,mechanical_001,694e94943eba5ec86f88e0f45b9a3be0ea739723f70d5cd41dfd57894d84bdea
6028,150.7,1.8823,56.6389,False,7,mechanical_001,694e94943eba5ec86f88e0f45b9a3be0ea739723f70d5cd41dfd57894d84bdea
6029,150.725,1.8826,56.6868,False,7,mechanical_001,694e94943eba5ec86f88e0f45b9a3be0ea739723f70d5cd41dfd57894d84bdea
6030,150.75,1.8829,56.7185,False,7,mechanical_001,694e94943eba5ec86f88e0f45b9a3be0ea739723f70d5cd41dfd57894d84bdea
6031,150.775,1.8833,56.7506,False,7,mechanical_001,694e94943eba5ec86f88e0f45b9a3be0ea739723f70d5cd41dfd57894d84bdea
6032,150.8,1.8836,56.791,False,7,mechanical_001,694e94943eba5ec86f88e0f45b9a3be0ea739723f70d5cd41dfd57894d84bdea
6033,150.825,1.8839,56.8179,False,7,mechanical_001,694e94943eba5ec86f88e0f45b9a3be0ea739723f70d5cd41dfd57894d84bdea
6034,150.85,1.8842,56.8357,False,7,mechanical_001,694e94943eba5ec86f88e0f45b9a3be0ea739723f70d5cd41dfd57894d84bdea
6035,150.875,1.8845,56.8605,False,7,mechanical_001,694e94943eba5ec86f88e0f45b9a3be0ea739723f70d5cd41dfd57894d84bdea
6036,150.9,1.8848,56.8908,False,7,mechanical_001,694e94943eba5ec86f88e0f45b9a3be0ea739723f70d5cd41dfd57894d84bdea
6037,150.925,1.8852,56.9261,False,7,mechanical_001,694e94943eba5ec86f88e0f45b9a3be0ea739723f70d5cd41dfd57894d84bdea
6038,150.95,1.8855,56.9646,False,7,mechanical_001,694e94943eba5ec86f88e0f45b9a3be0ea739723f70d5cd41dfd57894d84bdea
6039,150.975,1.8858,56.9996,False,7,mechanical_001,694e94943eba5ec86f88e0f45b9a3be0ea739723f70d5cd41dfd57894d84bdea
6040,151.0,1.8861,57.032,False,7,mechanical_001,694e94943eba5ec86f88e0f45b9a3be0ea739723f70d5cd41dfd57894d84bdea
6041,151.025,1.8864,57.0688,False,7,mechanical_001,694e94943eba5ec86f88e0f45b9a3be0ea739723f70d5cd41dfd57894d84bdea
6042,151.05,1.8867,57.1031,False,7,mechanical_001,694e94943eba5ec86f88e0f45b9a3be0ea739723f70d5cd41dfd57894d84bdea
6043,151.075,1.8871,57.1401,False,7,mechanical_001,694e94943eba5ec86f88e0f45b9a3be0ea739723f70d5cd41dfd57894d84bdea
6044,151.1,1.8874,57.1742,False,7,mechanical_001,694e94943eba5ec86f88e0f45b9a3be0ea739723f70d5cd41dfd57894d84bdea
6045,151.125,1.8877,57.196,False,7,mechanical_001,694e94943eba5ec86f88e0f45b9a3be0ea739723f70d5cd41dfd57894d84bdea
6046,151.15,1.888,57.2123,False,7,mechanical_001,694e94943eba5ec86f88e0f45b9a3be0ea739723f70d5cd41dfd57894d84bdea
6047,151.175,1.8883,57.2297,False,7,mechanical_001,694e94943eba5ec86f88e0f45b9a3be0ea739723f70d5cd41dfd57894d84bdea
6048,151.2,1.8886,57.2579,False,7,mechanical_001,694e94943eba5ec86f88e0f45b9a3be0ea739723f70d5cd41dfd57894d84bdea
6049,151.225,1.8889,57.2955,False,7,mechanical_001,694e94943eba5ec86f88e0f45b9a3be0ea739723f70d5cd41dfd57894d84bdea
6050,151.25,1.8892,57.3408,False,7,mechanical_001,694e94943eba5ec86f88e0f45b9a3be0ea739723f70d5cd41dfd57894d84bdea
6051,151.275,1.8896,57.3912,False,7,mechanical_001,694e94943eba5ec86f88e0f45b9a3be0ea739723f70d5cd41dfd57894d84bdea
6052,151.3,1.8899,57.4485,False,7,mechanical_001,694e94943eba5ec86f88e0f45b9a3be0ea739723f70d5cd41dfd57894d84bdea
6053,151.325,1.8902,57.4931,False,7,mechanical_001,694e94943eba5ec86f88e0f45b9a3be0ea739723f70d5cd41dfd57894d84bdea
6054,151.35,1.8905,57.5374,False,7,mechanical_001,694e94943eba5ec86f88e0f45b9a3be0ea739723f70d5cd41dfd57894d84bdea
6055,151.375,1.8908,57.5859,False,7,mechanical_001,694e94943eba5ec86f88e0f45b9a3be0ea739723f70d5cd41dfd57894d84bdea
6056,151.4,1.8912,57.6246,False,7,mechanical_001,694e94943eba5ec86f88e0f45b9a3be0ea739723f70d5cd41dfd57894d84bdea
6057,151.425,1.8915,57.6486,False,7,mechanical_001,694e94943eba5ec86f88e0f45b9a3be0ea739723f70d5cd41dfd57894d84bdea
6058,151.45,1.8918,57.6771,False,7,mechanical_001,694e94943eba5ec86f88e0f45b9a3be0ea739723f70d5cd41dfd57894d84bdea
6059,151.475,1.8921,57.6987,False,7,mechanical_001,694e94943eba5ec86f88e0f45b9a3be0ea739723f70d5cd41dfd57894d84bdea
6060,151.5,1.8924,57.7191,False,7,mechanical_001,694e94943eba5ec86f88e0f45b9a3be0ea739723f70d5cd41dfd57894d84bdea
6061,151.525,1.8927,57.7399,False,7,mechanical_001,694e94943eba5ec86f88e0f45b9a3be0ea739723f70d5cd41dfd57894d84bdea
6062,151.55,1.893,57.7673,False,7,mechanical_001,694e94943eba5ec86f88e0f45b9a3be0ea739723f70d5cd41dfd57894d84bdea
6063,151.575,1.8933,57.8108,False,7,mechanical_001,694e94943eba5ec86f88e0f45b9a3be0ea739723f70d5cd41dfd57894d84bdea
6064,151.6,1.8936,57.8636,False,7,mechanical_001,694e94943eba5ec86f88e0f45b9a3be0ea739723f70d5cd41dfd57894d84bdea
6065,151.625,1.8939,57.9116,False,7,mechanical_001,694e94943eba5ec86f88e0f45b9a3be0ea739723f70d5cd41dfd57894d84bdea
6066,151.65,1.8942,57.955,False,7,mechanical_001,694e94943eba5ec86f88e0f45b9a3be0ea739723f70d5cd41dfd57894d84bdea
6067,151.675,1.8945,57.997,False,7,mechanical_001,694e94943eba5ec86f88e0f45b9a3be0ea739723f70d5cd41dfd57894d84bdea
6068,151.7,1.8949,58.0426,False,7,mechanical_001,694e94943eba5ec86f88e0f45b9a3be0ea739723f70d5cd41dfd57894d84bdea
6069,151.725,1.8952,58.0982,False,7,mechanical_001,694e94943eba5ec86f88e0f45b9a3be0ea739723f70d5cd41dfd57894d84bdea
6070,151.75,1.8955,58.1504,False,7,mechanical_001,694e94943eba5ec86f88e0f45b9a3be0ea739723f70d5cd41dfd57894d84bdea
6071,151.775,1.8958,58.1954,False,7,mechanical_001,694e94943eba5ec86f88e0f45b9a3be0ea739723f70d5cd41dfd57894d84bdea
6072,151.8,1.8961,58.242,False,7,mechanical_001,694e94943eba5ec86f88e0f45b9a3be0ea739723f70d5cd41dfd57894d84bdea
6073,151.825,1.8964,58.2943,False,7,mechanical_001,694e94943eba5ec86f88e0f45b9a3be0ea739723f70d5cd41dfd57894d84bdea
6074,151.85,1.8967,58.3357,False,7,mechanical_001,694e94943eba5ec86f88e0f45b9a3be0ea739723f70d5cd41dfd57894d84bdea
6075,151.875,1.897,58.3801,False,7,mechanical_001,694e94943eba5ec86f88e0f45b9a3be0ea739723f70d5cd41dfd57894d84bdea
6076,151.9,1.8973,58.4448,False,7,mechanical_001,694e94943eba5ec86f88e0f45b9a3be0ea739723f70d5cd41dfd57894d84bdea
6077,151.925,1.8977,58.5318,False,7,mechanical_001,694e94943eba5ec86f88e0f45b9a3be0ea739723f70d5cd41dfd57894d84bdea
6078,151.95,1.898,58.6149,False,7,mechanical_001,694e94943eba5ec86f88e0f45b9a3be0ea739723f70d5cd41dfd57894d84bdea
6079,151.975,1.8983,58.6805,False,7,mechanical_001,694e94943eba5ec86f88e0f45b9a3be0ea739723f70d5cd41dfd57894d84bdea
6080,152.0,1.8986,58.7191,False,7,mechanical_001,694e94943eba5ec86f88e0f45b9a3be0ea739723f70d5cd41dfd57894d84bdea
6081,152.025,1.8989,58.7613,False,7,mechanical_001,694e94943eba5ec86f88e0f45b9a3be0ea739723f70d5cd41dfd57894d84bdea
6082,152.05,1.8992,58.8157,False,7,mechanical_001,694e94943eba5ec86f88e0f45b9a3be0ea739723f70d5cd41dfd57894d84bdea
6083,152.075,1.8996,58.8776,False,7,mechanical_001,694e94943eba5ec86f88e0f45b9a3be0ea739723f70d5cd41dfd57894d84bdea
6084,152.1,1.8999,58.9359,False,7,mechanical_001,694e94943eba5ec86f88e0f45b9a3be0ea739723f70d5cd41dfd57894d84bdea
6085,152.125,1.9002,58.9772,False,7,mechanical_001,694e94943eba5ec86f88e0f45b9a3be0ea739723f70d5cd41dfd57894d84bdea
6086,152.15,1.9005,59.0103,False,7,mechanical_001,694e94943eba5ec86f88e0f45b9a3be0ea739723f70d5cd41dfd57894d84bdea
6087,152.175,1.9008,59.0483,False,7,mechanical_001,694e94943eba5ec86f88e0f45b9a3be0ea739723f70d5cd41dfd57894d84bdea
6088,152.2,1.9011,59.0835,False,7,mechanical_001,694e94943eba5ec86f88e0f45b9a3be0ea739723f70d5cd41dfd57894d84bdea
6089,152.225,1.9014,59.1268,False,7,mechanical_001,694e94943eba5ec86f88e0f45b9a3be0ea739723f70d5cd41dfd57894d84bdea
6090,152.25,1.9017,59.1751,False,7,mechanical_001,694e94943eba5ec86f88e0f45b9a3be0ea739723f70d5cd41dfd57894d84bdea
6091,152.275,1.9021,59.2326,False,7,mechanical_001,694e94943eba5ec86f88e0f45b9a3be0ea739723f70d5cd41dfd57894d84bdea
6092,152.3,1.9024,59.2859,False,7,mechanical_001,694e94943eba5ec86f88e0f45b9a3be0ea739723f70d5cd41dfd57894d84bdea
6093,152.325,1.9027,59.3377,False,7,mechanical_001,694e94943eba5ec86f88e0f45b9a3be0ea739723f70d5cd41dfd57894d84bdea
6094,152.35,1.903,59.3879,False,7,mechanical_001,694e94943eba5ec86f88e0f45b9a3be0ea739723f70d5cd41dfd57894d84bdea
6095,152.375,1.9033,59.4251,False,7,mechanical_001,694e94943eba5ec86f88e0f45b9a3be0ea739723f70d5cd41dfd57894d84bdea
6096,152.4,1.9036,59.4562,False,7,mechanical_001,694e94943eba5ec86f88e0f45b9a3be0ea739723f70d5cd41dfd57894d84bdea
6097,152.425,1.9039,59.4975,False,7,mechanical_001,694e94943eba5ec86f88e0f45b9a3be0ea739723f70d5cd41dfd57894d84bdea
6098,152.45,1.9042,59.5246,False,7,mechanical_001,694e94943eba5ec86f88e0f45b9a3be0ea739723f70d5cd41dfd57894d84bdea
6099,152.475,1.9045,59.5381,False,7,mechanical_001,694e94943eba5ec86f88e0f45b9a3be0ea739723f70d5cd41dfd57894d84bdea
6100,152.5,1.9048,59.5522,False,7,mechanical_001,694e94943eba5ec86f88e0f45b9a3be0ea739723f70d5cd41dfd57894d84bdea
6101,152.525,1.9051,59.5847,False,7,mechanical_001,694e94943eba5ec86f88e0f45b9a3be0ea739723f70d5cd41dfd57894d84bdea
6102,152.55,1.9054,59.6335,False,7,mechanical_001,694e94943eba5ec86f88e0f45b9a3be0ea739723f70d5cd41dfd57894d84bdea
6103,152.575,1.9057,59.694,False,7,mechanical_001,694e94943eba5ec86f88e0f45b9a3be0ea739723f70d5cd41dfd57894d84bdea
6104,152.6,1.9061,59.7623,False,7,mechanical_001,694e94943eba5ec86f88e0f45b9a3be0ea739723f70d5cd41dfd57894d84bdea
6105,152.625,1.9064,59.8286,False,7,mechanical_001,694e94943eba5ec86f88e0f45b9a3be0ea739723f70d5cd41dfd57894d84bdea
6106,152.65,1.9067,59.8899,False,7,mechanical_001,694e94943eba5ec86f88e0f45b9a3be0ea739723f70d5cd41dfd57894d84bdea
6107,152.675,1.907,59.9557,False,7,mechanical_001,694e94943eba5ec86f88e0f45b9a3be0ea739723f70d5cd41dfd57894d84bdea
6108,152.7,1.9073,60.0325,False,7,mechanical_001,694e94943eba5ec86f88e0f45b9a3be0ea739723f70d5cd41dfd57894d84bdea
6109,152.725,1.9077,60.1216,False,7,mechanical_001,694e94943eba5ec86f88e0f45b9a3be0ea739723f70d5cd41dfd57894d84bdea
6110,152.75,1.908,60.2007,False,7,mechanical_001,694e94943eba5ec86f88e0f45b9a3be0ea739723f70d5cd41dfd57894d84bdea
6111,152.775,1.9083,60.2694,False,7,mechanical_001,694e94943eba5ec86f88e0f45b9a3be0ea739723f70d5cd41dfd57894d84bdea
6112,152.8,1.9086,60.3216,False,7,mechanical_001,694e94943eba5ec86f88e0f45b9a3be0ea739723f70d5cd41dfd57894d84bdea
6113,152.825,1.9089,60.3746,False,7,mechanical_001,694e94943eba5ec86f88e0f45b9a3be0ea739723f70d5cd41dfd57894d84bdea
6114,152.85,1.9093,60.4264,False,7,mechanical_001,694e94943eba5ec86f88e0f45b9a3be0ea739723f70d5cd41dfd57894d84bdea
6115,152.875,1.9096,60.4691,False,7,mechanical_001,694e94943eba5ec86f88e0f45b9a3be0ea739723f70d5cd41dfd57894d84bdea
6116,152.9,1.9099,60.5087,False,7,mechanical_001,694e94943eba5ec86f88e0f45b9a3be0ea739723f70d5cd41dfd57894d84bdea
6117,152.925,1.9102,60.565,False,7,mechanical_001,694e94943eba5ec86f88e0f45b9a3be0ea739723f70d5cd41dfd57894d84bdea
6118,152.95,1.9105,60.6258,False,7,mechanical_001,694e94943eba5ec86f88e0f45b9a3be0ea739723f70d5cd41dfd57894d84bdea
6119,152.975,1.9108,60.6916,False,7,mechanical_001,694e94943eba5ec86f88e0f45b9a3be0ea739723f70d5cd41dfd57894d84bdea
6120,153.0,1.9111,60.7552,False,7,mechanical_001,694e94943eba5ec86f88e0f45b9a3be0ea739723f70d5cd41dfd57894d84bdea
6121,153.025,1.9115,60.8208,False,7,mechanical_001,694e94943eba5ec86f88e0f45b9a3be0ea739723f70d5cd41dfd57894d84bdea
6122,153.05,1.9118,60.8822,False,7,mechanical_001,694e94943eba5ec86f88e0f45b9a3be0ea739723f70d5cd41dfd57894d84bdea
6123,153.075,1.9121,60.9405,False,7,mechanical_001,694e94943eba5ec86f88e0f45b9a3be0ea739723f70d5cd41dfd57894d84bdea
6124,153.1,1.9124,60.9909,False,7,mechanical_001,694e94943eba5ec86f88e0f45b9a3be0ea739723f70d5cd41dfd57894d84bdea
6125,153.125,1.9127,61.0389,False,7,mechanical_001,694e94943eba5ec86f88e0f45b9a3be0ea739723f70d5cd41dfd57894d84bdea
6126,153.15,1.913,61.0913,False,7,mechanical_001,694e94943eba5ec86f88e0f45b9a3be0ea739723f70d5cd41dfd57894d84bdea
6127,153.175,1.9134,61.1433,False,7,mechanical_001,694e94943eba5ec86f88e0f45b9a3be0ea739723f70d5cd41dfd57894d84bdea
6128,153.2,1.9137,61.1879,False,7,mechanical_001,694e94943eba5ec86f88e0f45b9a3be0ea739723f70d5cd41dfd57894d84bdea
6129,153.225,1.914,61.2346,False,7,mechanical_001,694e94943eba5ec86f88e0f45b9a3be0ea739723f70d5cd41dfd57894d84bdea
6130,153.25,1.9143,61.2779,False,7,mechanical_001,694e94943eba5ec86f88e0f45b9a3be0ea739723f70d5cd41dfd57894d84bdea
6131,153.275,1.9146,61.3341,False,7,mechanical_001,694e94943eba5ec86f88e0f45b9a3be0ea739723f70d5cd41dfd57894d84bdea
6132,153.3,1.9149,61.398,False,7,mechanical_001,694e94943eba5ec86f88e0f45b9a3be0ea739723f70d5cd41dfd57894d84bdea
6133,153.325,1.9153,61.4696,False,7,mechanical_001,694e94943eba5ec86f88e0f45b9a3be0ea739723f70d5cd41dfd57894d84bdea
6134,153.35,1.9156,61.5481,False,7,mechanical_001,694e94943eba5ec86f88e0f45b9a3be0ea739723f70d5cd41dfd57894d84bdea
6135,153.375,1.9159,61.6247,False,7,mechanical_001,694e94943eba5ec86f88e0f45b9a3be0ea739723f70d5cd41dfd57894d84bdea
6136,153.4,1.9162,61.704,False,7,mechanical_001,694e94943eba5ec86f88e0f45b9a3be0ea739723f70d5cd41dfd57894d84bdea
6137,153.425,1.9166,61.7789,False,7,mechanical_001,694e94943eba5ec86f88e0f45b9a3be0ea739723f70d5cd41dfd57894d84bdea
6138,153.45,1.9169,61.8569,False,7,mechanical_001,694e94943eba5ec86f88e0f45b9a3be0ea739723f70d5cd41dfd57894d84bdea
6139,153.475,1.9172,61.9231,False,7,mechanical_001,694e94943eba5ec86f88e0f45b9a3be0ea739723f70d5cd41dfd57894d84bdea
6140,153.5,1.9176,61.9706,False,7,mechanical_001,694e94943eba5ec86f88e0f45b9a3be0ea739723f70d5cd41dfd57894d84bdea
6141,153.525,1.9179,62.0199,False,7,mechanical_001,694e94943eba5ec86f88e0f45b9a3be0ea739723f70d5cd41dfd57894d84bdea
6142,153.55,1.9182,62.0574,False,7,mechanical_001,694e94943eba5ec86f88e0f45b9a3be0ea739723f70d5cd41dfd57894d84bdea
6143,153.575,1.9185,62.0743,False,7,mechanical_001,694e94943eba5ec86f88e0f45b9a3be0ea739723f70d5cd41dfd57894d84bdea
6144,153.6,1.9188,62.0852,False,7,mechanical_001,694e94943eba5ec86f88e0f45b9a3be0ea739723f70d5cd41dfd57894d84bdea
6145,153.625,1.9191,62.1144,False,7,mechanical_001,694e94943eba5ec86f88e0f45b9a3be0ea739723f70d5cd41dfd57894d84bdea
6146,153.65,1.9194,62.1482,False,7,mechanical_001,694e94943eba5ec86f88e0f45b9a3be0ea739723f70d5cd41dfd57894d84bdea
6147,153.675,1.9197,62.1682,False,7,mechanical_001,694e94943eba5ec86f88e0f45b9a3be0ea739723f70d5cd41dfd57894d84bdea
6148,153.7,1.92,62.1904,False,7,mechanical_001,694e94943eba5ec86f88e0f45b9a3be0ea739723f70d5cd41dfd57894d84bdea
6149,153.725,1.9203,62.202,False,7,mechanical_001,694e94943eba5ec86f88e0f45b9a3be0ea739723f70d5cd41dfd57894d84bdea
6150,153.75,1.9206,62.2242,False,7,mechanical_001,694e94943eba5ec86f88e0f45b9a3be0ea739723f70d5cd41dfd57894d84bdea
6151,153.775,1.921,62.2466,False,7,mechanical_001,694e94943eba5ec86f88e0f45b9a3be0ea739723f70d5cd41dfd57894d84bdea
6152,153.8,1.9213,62.2704,False,7,mechanical_001,694e94943eba5ec86f88e0f45b9a3be0ea739723f70d5cd41dfd57894d84bdea
6153,153.825,1.9216,62.2947,False,7,mechanical_001,694e94943eba5ec86f88e0f45b9a3be0ea739723f70d5cd41dfd57894d84bdea
6154,153.85,1.9219,62.3309,False,7,mechanical_001,694e94943eba5ec86f88e0f45b9a3be0ea739723f70d5cd41dfd57894d84bdea
6155,153.875,1.9222,62.388,False,7,mechanical_001,694e94943eba5ec86f88e0f45b9a3be0ea739723f70d5cd41dfd57894d84bdea
6156,153.9,1.9225,62.4381,False,7,mechanical_001,694e94943eba5ec86f88e0f45b9a3be0ea739723f70d5cd41dfd57894d84bdea
6157,153.925,1.9228,62.4837,False,7,mechanical_001,694e94943eba5ec86f88e0f45b9a3be0ea739723f70d5cd41dfd57894d84bdea
6158,153.95,1.9231,62.5285,False,7,mechanical_001,694e94943eba5ec86f88e0f45b9a3be0ea739723f70d5cd41dfd57894d84bdea
6159,153.975,1.9234,62.572,False,7,mechanical_001,694e94943eba5ec86f88e0f45b9a3be0ea739723f70d5cd41dfd57894d84bdea
6160,154.0,1.9238,62.604,False,7,mechanical_001,694e94943eba5ec86f88e0f45b9a3be0ea739723f70d5cd41dfd57894d84bdea
6161,154.025,1.9241,62.6289,False,7,mechanical_001,694e94943eba5ec86f88e0f45b9a3be0ea739723f70d5cd41dfd57894d84bdea
6162,154.05,1.9244,62.6544,False,7,mechanical_001,694e94943eba5ec86f88e0f45b9a3be0ea739723f70d5cd41dfd57894d84bdea
6163,154.075,1.9247,62.6707,False,7,mechanical_001,694e94943eba5ec86f88e0f45b9a3be0ea739723f70d5cd41dfd57894d84bdea
6164,154.1,1.925,62.6763,False,7,mechanical_001,694e94943eba5ec86f88e0f45b9a3be0ea739723f70d5cd41dfd57894d84bdea
6165,154.125,1.9253,62.6672,False,7,mechanical_001,694e94943eba5ec86f88e0f45b9a3be0ea739723f70d5cd41dfd57894d84bdea
6166,154.15,1.9256,62.6471,False,7,mechanical_001,694e94943eba5ec86f88e0f45b9a3be0ea739723f70d5cd41dfd57894d84bdea
6167,154.175,1.9258,62.6418,False,7,mechanical_001,694e94943eba5ec86f88e0f45b9a3be0ea739723f70d5cd41dfd57894d84bdea
6168,154.2,1.9261,62.6396,False,7,mechanical_001,694e94943eba5ec86f88e0f45b9a3be0ea739723f70d5cd41dfd57894d84bdea
6169,154.225,1.9264,62.6443,False,7,mechanical_001,694e94943eba5ec86f88e0f45b9a3be0ea739723f70d5cd41dfd57894d84bdea
6170,154.25,1.9267,62.6711,False,7,mechanical_001,694e94943eba5ec86f88e0f45b9a3be0ea739723f70d5cd41dfd57894d84bdea
6171,154.275,1.927,62.7213,False,7,mechanical_001,694e94943eba5ec86f88e0f45b9a3be0ea739723f70d5cd41dfd57894d84bdea
6172,154.3,1.9274,62.7872,False,7,mechanical_001,694e94943eba5ec86f88e0f45b9a3be0ea739723f70d5cd41dfd57894d84bdea
6173,154.325,1.9277,62.8572,False,7,mechanical_001,694e94943eba5ec86f88e0f45b9a3be0ea739723f70d5cd41dfd57894d84bdea
6174,154.35,1.928,62.9346,False,7,mechanical_001,694e94943eba5ec86f88e0f45b9a3be0ea739723f70d5cd41dfd57894d84bdea
6175,154.375,1.9283,62.9975,False,7,mechanical_001,694e94943eba5ec86f88e0f45b9a3be0ea739723f70d5cd41dfd57894d84bdea
6176,154.4,1.9286,63.0412,False,7,mechanical_001,694e94943eba5ec86f88e0f45b9a3be0ea739723f70d5cd41dfd57894d84bdea
6177,154.425,1.9289,63.0785,False,7,mechanical_001,694e94943eba5ec86f88e0f45b9a3be0ea739723f70d5cd41dfd57894d84bdea
6178,154.45,1.9292,63.127,False,7,mechanical_001,694e94943eba5ec86f88e0f45b9a3be0ea739723f70d5cd41dfd57894d84bdea
6179,154.475,1.9296,63.1789,False,7,mechanical_001,694e94943eba5ec86f88e0f45b9a3be0ea739723f70d5cd41dfd57894d84bdea
6180,154.5,1.9299,63.235,False,7,mechanical_001,694e94943eba5ec86f88e0f45b9a3be0ea739723f70d5cd41dfd57894d84bdea
6181,154.525,1.9302,63.2818,False,7,mechanical_001,694e94943eba5ec86f88e0f45b9a3be0ea739723f70d5cd41dfd57894d84bdea
6182,154.55,1.9305,63.328,False,7,mechanical_001,694e94943eba5ec86f88e0f45b9a3be0ea739723f70d5cd41dfd57894d84bdea
6183,154.575,1.9308,63.3809,False,7,mechanical_001,694e94943eba5ec86f88e0f45b9a3be0ea739723f70d5cd41dfd57894d84bdea
6184,154.6,1.9311,63.4381,False,7,mechanical_001,694e94943eba5ec86f88e0f45b9a3be0ea739723f70d5cd41dfd57894d84bdea
6185,154.625,1.9314,63.4944,False,7,mechanical_001,694e94943eba5ec86f88e0f45b9a3be0ea739723f70d5cd41dfd57894d84bdea
6186,154.65,1.9317,63.5471,False,7,mechanical_001,694e94943eba5ec86f88e0f45b9a3be0ea739723f70d5cd41dfd57894d84bdea
6187,154.675,1.932,63.5997,False,7,mechanical_001,694e94943eba5ec86f88e0f45b9a3be0ea739723f70d5cd41dfd57894d84bdea
6188,154.7,1.9324,63.6554,False,7,mechanical_001,694e94943eba5ec86f88e0f45b9a3be0ea739723f70d5cd41dfd57894d84bdea
6189,154.725,1.9327,63.7229,False,7,mechanical_001,694e94943eba5ec86f88e0f45b9a3be0ea739723f70d5cd41dfd57894d84bdea
6190,154.75,1.933,63.7892,False,7,mechanical_001,694e94943eba5ec86f88e0f45b9a3be0ea739723f70d5cd41dfd57894d84bdea
6191,154.775,1.9333,63.8577,False,7,mechanical_001,694e94943eba5ec86f88e0f45b9a3be0ea739723f70d5cd41dfd57894d84bdea
6192,154.8,1.9336,63.9404,False,7,mechanical_001,694e94943eba5ec86f88e0f45b9a3be0ea739723f70d5cd41dfd57894d84bdea
6193,154.825,1.9339,63.9864,False,7,mechanical_001,694e94943eba5ec86f88e0f45b9a3be0ea739723f70d5cd41dfd57894d84bdea
6194,154.85,1.9342,64.0337,False,7,mechanical_001,694e94943eba5ec86f88e0f45b9a3be0ea739723f70d5cd41dfd57894d84bdea
6195,154.875,1.9346,64.1437,False,7,mechanical_001,694e94943eba5ec86f88e0f45b9a3be0ea739723f70d5cd41dfd57894d84bdea
6196,154.9,1.9349,64.2558,False,7,mechanical_001,694e94943eba5ec86f88e0f45b9a3be0ea739723f70d5cd41dfd57894d84bdea
6197,154.925,1.9352,64.332,False,7,mechanical_001,694e94943eba5ec86f88e0f45b9a3be0ea739723f70d5cd41dfd57894d84bdea
6198,154.95,1.9355,64.3778,False,7,mechanical_001,694e94943eba5ec86f88e0f45b9a3be0ea739723f70d5cd41dfd57894d84bdea
6199,154.975,1.9358,64.4086,False,7,mechanical_001,694e94943eba5ec86f88e0f45b9a3be0ea739723f70d5cd41dfd57894d84bdea
6200,155.0,1.9361,64.4334,False,7,mechanical_001,694e94943eba5ec86f88e0f45b9a3be0ea739723f70d5cd41dfd57894d84bdea
6201,155.025,1.9364,64.4831,False,7,mechanical_001,694e94943eba5ec86f88e0f45b9a3be0ea739723f70d5cd41dfd57894d84bdea
6202,155.05,1.9367,64.5564,False,7,mechanical_001,694e94943eba5ec86f88e0f45b9a3be0ea739723f70d5cd41dfd57894d84bdea
6203,155.075,1.937,64.656,False,7,mechanical_001,694e94943eba5ec86f88e0f45b9a3be0ea739723f70d5cd41dfd57894d84bdea
6204,155.1,1.9374,64.7704,False,7,mechanical_001,694e94943eba5ec86f88e0f45b9a3be0ea739723f70d5cd41dfd57894d84bdea
6205,155.125,1.9377,64.8634,False,7,mechanical_001,694e94943eba5ec86f88e0f45b9a3be0ea739723f70d5cd41dfd57894d84bdea
6206,155.15,1.938,64.9315,False,7,mechanical_001,694e94943eba5ec86f88e0f45b9a3be0ea739723f70d5cd41dfd57894d84bdea
6207,155.175,1.9383,64.988,False,7,mechanical_001,694e94943eba5ec86f88e0f45b9a3be0ea739723f70d5cd41dfd57894d84bdea
6208,155.2,1.9386,65.0445,False,7,mechanical_001,694e94943eba5ec86f88e0f45b9a3be0ea739723f70d5cd41dfd57894d84bdea
6209,155.225,1.9389,65.1131,False,7,mechanical_001,694e94943eba5ec86f88e0f45b9a3be0ea739723f70d5cd41dfd57894d84bdea
6210,155.25,1.9393,65.1826,False,7,mechanical_001,694e94943eba5ec86f88e0f45b9a3be0ea739723f70d5cd41dfd57894d84bdea
6211,155.275,1.9396,65.2478,False,7,mechanical_001,694e94943eba5ec86f88e0f45b9a3be0ea739723f70d5cd41dfd57894d84bdea
6212,155.3,1.9399,65.325,False,7,mechanical_001,694e94943eba5ec86f88e0f45b9a3be0ea739723f70d5cd41dfd57894d84bdea
6213,155.325,1.9402,65.4011,False,7,mechanical_001,694e94943eba5ec86f88e0f45b9a3be0ea739723f70d5cd41dfd57894d84bdea
6214,155.35,1.9405,65.494,False,7,mechanical_001,694e94943eba5ec86f88e0f45b9a3be0ea739723f70d5cd41dfd57894d84bdea
6215,155.375,1.9409,65.6099,False,7,mechanical_001,694e94943eba5ec86f88e0f45b9a3be0ea739723f70d5cd41dfd57894d84bdea
6216,155.4,1.9412,65.7245,False,7,mechanical_001,694e94943eba5ec86f88e0f45b9a3be0ea739723f70d5cd41dfd57894d84bdea
6217,155.425,1.9415,65.8425,False,7,mechanical_001,694e94943eba5ec86f88e0f45b9a3be0ea739723f70d5cd41dfd57894d84bdea
6218,155.45,1.9419,65.9799,False,7,mechanical_001,694e94943eba5ec86f88e0f45b9a3be0ea739723f70d5cd41dfd57894d84bdea
6219,155.475,1.9422,66.1287,False,7,mechanical_001,694e94943eba5ec86f88e0f45b9a3be0ea739723f70d5cd41dfd57894d84bdea
6220,155.5,1.9425,66.2472,False,7,mechanical_001,694e94943eba5ec86f88e0f45b9a3be0ea739723f70d5cd41dfd57894d84bdea
6221,155.525,1.9429,66.3498,False,7,mechanical_001,694e94943eba5ec86f88e0f45b9a3be0ea739723f70d5cd41dfd57894d84bdea
6222,155.55,1.9432,66.457,False,7,mechanical_001,694e94943eba5ec86f88e0f45b9a3be0ea739723f70d5cd41dfd57894d84bdea
6223,155.575,1.9435,66.5557,False,7,mechanical_001,694e94943eba5ec86f88e0f45b9a3be0ea739723f70d5cd41dfd57894d84bdea
6224,155.6,1.9439,66.6354,False,7,mechanical_001,694e94943eba5ec86f88e0f45b9a3be0ea739723f70d5cd41dfd57894d84bdea
6225,155.625,1.9442,66.7012,False,7,mechanical_001,694e94943eba5ec86f88e0f45b9a3be0ea739723f70d5cd41dfd57894d84bdea
6226,155.65,1.9445,66.7459,False,7,mechanical_001,694e94943eba5ec86f88e0f45b9a3be0ea739723f70d5cd41dfd57894d84bdea
6227,155.675,1.9448,66.7876,False,7,mechanical_001,694e94943eba5ec86f88e0f45b9a3be0ea739723f70d5cd41dfd57894d84bdea
6228,155.7,1.9451,66.8352,False,7,mechanical_001,694e94943eba5ec86f88e0f45b9a3be0ea739723f70d5cd41dfd57894d84bdea
6229,155.725,1.9454,66.8866,False,7,mechanical_001,694e94943eba5ec86f88e0f45b9a3be0ea739723f70d5cd41dfd57894d84bdea
6230,155.75,1.9457,66.9462,False,7,mechanical_001,694e94943eba5ec86f88e0f45b9a3be0ea739723f70d5cd41dfd57894d84bdea
6231,155.775,1.9461,67.0218,False,7,mechanical_001,694e94943eba5ec86f88e0f45b9a3be0ea739723f70d5cd41dfd57894d84bdea
6232,155.8,1.9464,67.1245,False,7,mechanical_001,694e94943eba5ec86f88e0f45b9a3be0ea739723f70d5cd41dfd57894d84bdea
6233,155.825,1.9467,67.2216,False,7,mechanical_001,694e94943eba5ec86f88e0f45b9a3be0ea739723f70d5cd41dfd57894d84bdea
6234,155.85,1.9471,67.313,False,7,mechanical_001,694e94943eba5ec86f88e0f45b9a3be0ea739723f70d5cd41dfd57894d84bdea
6235,155.875,1.9474,67.4109,False,7,mechanical_001,694e94943eba5ec86f88e0f45b9a3be0ea739723f70d5cd41dfd57894d84bdea
6236,155.9,1.9477,67.5049,False,7,mechanical_001,694e94943eba5ec86f88e0f45b9a3be0ea739723f70d5cd41dfd57894d84bdea
6237,155.925,1.948,67.6028,False,7,mechanical_001,694e94943eba5ec86f88e0f45b9a3be0ea739723f70d5cd41dfd57894d84bdea
6238,155.95,1.9484,67.6947,False,7,mechanical_001,694e94943eba5ec86f88e0f45b9a3be0ea739723f70d5cd41dfd57894d84bdea
6239,155.975,1.9487,67.7669,False,7,mechanical_001,694e94943eba5ec86f88e0f45b9a3be0ea739723f70d5cd41dfd57894d84bdea
6240,156.0,1.949,67.8247,False,7,mechanical_001,694e94943eba5ec86f88e0f45b9a3be0ea739723f70d5cd41dfd57894d84bdea
6241,156.025,1.9493,67.8729,False,7,mechanical_001,694e94943eba5ec86f88e0f45b9a3be0ea739723f70d5cd41dfd57894d84bdea
6242,156.05,1.9496,67.8904,False,7,mechanical_001,694e94943eba5ec86f88e0f45b9a3be0ea739723f70d5cd41dfd57894d84bdea
6243,156.075,1.9499,67.9021,False,7,mechanical_001,694e94943eba5ec86f88e0f45b9a3be0ea739723f70d5cd41dfd57894d84bdea
6244,156.1,1.9502,67.9392,False,7,mechanical_001,694e94943eba5ec86f88e0f45b9a3be0ea739723f70d5cd41dfd57894d84bdea
6245,156.125,1.9505,67.9811,False,7,mechanical_001,694e94943eba5ec86f88e0f45b9a3be0ea739723f70d5cd41dfd57894d84bdea
6246,156.15,1.9509,68.0247,False,7,mechanical_001,694e94943eba5ec86f88e0f45b9a3be0ea739723f70d5cd41dfd57894d84bdea
6247,156.175,1.9512,68.0636,False,7,mechanical_001,694e94943eba5ec86f88e0f45b9a3be0ea739723f70d5cd41dfd57894d84bdea
6248,156.2,1.9515,68.0938,False,7,mechanical_001,694e94943eba5ec86f88e0f45b9a3be0ea739723f70d5cd41dfd57894d84bdea
6249,156.225,1.9518,68.115,False,7,mechanical_001,694e94943eba5ec86f88e0f45b9a3be0ea739723f70d5cd41dfd57894d84bdea
6250,156.25,1.9521,68.1306,False,7,mechanical_001,694e94943eba5ec86f88e0f45b9a3be0ea739723f70d5cd41dfd57894d84bdea
6251,156.275,1.9524,68.1614,False,7,mechanical_001,694e94943eba5ec86f88e0f45b9a3be0ea739723f70d5cd41dfd57894d84bdea
6252,156.3,1.9527,68.2032,False,7,mechanical_001,694e94943eba5ec86f88e0f45b9a3be0ea739723f70d5cd41dfd57894d84bdea
6253,156.325,1.953,68.2566,False,7,mechanical_001,694e94943eba5ec86f88e0f45b9a3be0ea739723f70d5cd41dfd57894d84bdea
6254,156.35,1.9533,68.3264,False,7,mechanical_001,694e94943eba5ec86f88e0f45b9a3be0ea739723f70d5cd41dfd57894d84bdea
6255,156.375,1.9536,68.4029,False,7,mechanical_001,694e94943eba5ec86f88e0f45b9a3be0ea739723f70d5cd41dfd57894d84bdea
6256,156.4,1.9539,68.4871,False,7,mechanical_001,694e94943eba5ec86f88e0f45b9a3be0ea739723f70d5cd41dfd57894d84bdea
6257,156.425,1.9542,68.57,False,7,mechanical_001,694e94943eba5ec86f88e0f45b9a3be0ea739723f70d5cd41dfd57894d84bdea
6258,156.45,1.9546,68.6595,False,7,mechanical_001,694e94943eba5ec86f88e0f45b9a3be0ea739723f70d5cd41dfd57894d84bdea
6259,156.475,1.9549,68.7551,False,7,mechanical_001,694e94943eba5ec86f88e0f45b9a3be0ea739723f70d5cd41dfd57894d84bdea
6260,156.5,1.9552,68.8549,False,7,mechanical_001,694e94943eba5ec86f88e0f45b9a3be0ea739723f70d5cd41dfd57894d84bdea
6261,156.525,1.9555,68.9473,False,7,mechanical_001,694e94943eba5ec86f88e0f45b9a3be0ea739723f70d5cd41dfd57894d84bdea
6262,156.55,1.9558,69.0276,False,7,mechanical_001,694e94943eba5ec86f88e0f45b9a3be0ea739723f70d5cd41dfd57894d84bdea
6263,156.575,1.9561,69.0881,False,7,mechanical_001,694e94943eba5ec86f88e0f45b9a3be0ea739723f70d5cd41dfd57894d84bdea
6264,156.6,1.9565,69.1447,False,7,mechanical_001,694e94943eba5ec86f88e0f45b9a3be0ea739723f70d5cd41dfd57894d84bdea
6265,156.625,1.9568,69.1966,False,7,mechanical_001,694e94943eba5ec86f88e0f45b9a3be0ea739723f70d5cd41dfd57894d84bdea
6266,156.65,1.9571,69.2506,False,7,mechanical_001,694e94943eba5ec86f88e0f45b9a3be0ea739723f70d5cd41dfd57894d84bdea
6267,156.675,1.9574,69.3052,False,7,mechanical_001,694e94943eba5ec86f88e0f45b9a3be0ea739723f70d5cd41dfd57894d84bdea
6268,156.7,1.9577,69.3508,False,7,mechanical_001,694e94943eba5ec86f88e0f45b9a3be0ea739723f70d5cd41dfd57894d84bdea
6269,156.725,1.958,69.3965,False,7,mechanical_001,694e94943eba5ec86f88e0f45b9a3be0ea739723f70d5cd41dfd57894d84bdea
6270,156.75,1.9583,69.4578,False,7,mechanical_001,694e94943eba5ec86f88e0f45b9a3be0ea739723f70d5cd41dfd57894d84bdea
6271,156.775,1.9586,69.5323,False,7,mechanical_001,694e94943eba5ec86f88e0f45b9a3be0ea739723f70d5cd41dfd57894d84bdea
6272,156.8,1.9589,69.6029,False,7,mechanical_001,694e94943eba5ec86f88e0f45b9a3be0ea739723f70d5cd41dfd57894d84bdea
6273,156.825,1.9592,69.6851,False,7,mechanical_001,694e94943eba5ec86f88e0f45b9a3be0ea739723f70d5cd41dfd57894d84bdea
6274,156.85,1.9595,69.7763,False,7,mechanical_001,694e94943eba5ec86f88e0f45b9a3be0ea739723f70d5cd41dfd57894d84bdea
6275,156.875,1.9599,69.8769,False,7,mechanical_001,694e94943eba5ec86f88e0f45b9a3be0ea739723f70d5cd41dfd57894d84bdea
6276,156.9,1.9602,69.9827,False,7,mechanical_001,694e94943eba5ec86f88e0f45b9a3be0ea739723f70d5cd41dfd57894d84bdea
6277,156.925,1.9605,70.0719,False,7,mechanical_001,694e94943eba5ec86f88e0f45b9a3be0ea739723f70d5cd41dfd57894d84bdea
6278,156.95,1.9608,70.1284,False,7,mechanical_001,694e94943eba5ec86f88e0f45b9a3be0ea739723f70d5cd41dfd57894d84bdea
6279,156.975,1.9611,70.1669,False,7,mechanical_001,694e94943eba5ec86f88e0f45b9a3be0ea739723f70d5cd41dfd57894d84bdea
6280,157.0,1.9614,70.2055,False,7,mechanical_001,694e94943eba5ec86f88e0f45b9a3be0ea739723f70d5cd41dfd57894d84bdea
6281,157.025,1.9617,70.2364,False,7,mechanical_001,694e94943eba5ec86f88e0f45b9a3be0ea739723f70d5cd41dfd57894d84bdea
6282,157.05,1.962,70.2711,False,7,mechanical_001,694e94943eba5ec86f88e0f45b9a3be0ea739723f70d5cd41dfd57894d84bdea
6283,157.075,1.9623,70.3084,False,7,mechanical_001,694e94943eba5ec86f88e0f45b9a3be0ea739723f70d5cd41dfd57894d84bdea
6284,157.1,1.9626,70.3472,False,7,mechanical_001,694e94943eba5ec86f88e0f45b9a3be0ea739723f70d5cd41dfd57894d84bdea
6285,157.125,1.9629,70.4011,False,7,mechanical_001,694e94943eba5ec86f88e0f45b9a3be0ea739723f70d5cd41dfd57894d84bdea
6286,157.15,1.9632,70.476,False,7,mechanical_001,694e94943eba5ec86f88e0f45b9a3be0ea739723f70d5cd41dfd57894d84bdea
6287,157.175,1.9635,70.5535,False,7,mechanical_001,694e94943eba5ec86f88e0f45b9a3be0ea739723f70d5cd41dfd57894d84bdea
6288,157.2,1.9638,70.6312,False,7,mechanical_001,694e94943eba5ec86f88e0f45b9a3be0ea739723f70d5cd41dfd57894d84bdea
6289,157.225,1.9641,70.7201,False,7,mechanical_001,694e94943eba5ec86f88e0f45b9a3be0ea739723f70d5cd41dfd57894d84bdea
6290,157.25,1.9645,70.8224,False,7,mechanical_001,694e94943eba5ec86f88e0f45b9a3be0ea739723f70d5cd41dfd57894d84bdea
6291,157.275,1.9648,70.9093,False,7,mechanical_001,694e94943eba5ec86f88e0f45b9a3be0ea739723f70d5cd41dfd57894d84bdea
6292,157.3,1.9651,70.977,False,7,mechanical_001,694e94943eba5ec86f88e0f45b9a3be0ea739723f70d5cd41dfd57894d84bdea
6293,157.325,1.9654,71.0327,False,7,mechanical_001,694e94943eba5ec86f88e0f45b9a3be0ea739723f70d5cd41dfd57894d84bdea
6294,157.35,1.9657,71.1009,False,7,mechanical_001,694e94943eba5ec86f88e0f45b9a3be0ea739723f70d5cd41dfd57894d84bdea
6295,157.375,1.966,71.1848,False,7,mechanical_001,694e94943eba5ec86f88e0f45b9a3be0ea739723f70d5cd41dfd57894d84bdea
6296,157.4,1.9663,71.2646,False,7,mechanical_001,694e94943eba5ec86f88e0f45b9a3be0ea739723f70d5cd41dfd57894d84bdea
6297,157.425,1.9666,71.3428,False,7,mechanical_001,694e94943eba5ec86f88e0f45b9a3be0ea739723f70d5cd41dfd57894d84bdea
6298,157.45,1.9669,71.4188,False,7,mechanical_001,694e94943eba5ec86f88e0f45b9a3be0ea739723f70d5cd41dfd57894d84bdea
6299,157.475,1.9673,71.4746,False,7,mechanical_001,694e94943eba5ec86f88e0f45b9a3be0ea739723f70d5cd41dfd57894d84bdea
6300,157.5,1.9676,71.514,False,7,mechanical_001,694e94943eba5ec86f88e0f45b9a3be0ea739723f70d5cd41dfd57894d84bdea
6301,157.525,1.9679,71.5609,False,7,mechanical_001,694e94943eba5ec86f88e0f45b9a3be0ea739723f70d5cd41dfd57894d84bdea
6302,157.55,1.9682,71.6059,False,7,mechanical_001,694e94943eba5ec86f88e0f45b9a3be0ea739723f70d5cd41dfd57894d84bdea
6303,157.575,1.9685,71.6613,False,7,mechanical_001,694e94943eba5ec86f88e0f45b9a3be0ea739723f70d5cd41dfd57894d84bdea
6304,157.6,1.9688,71.7207,False,7,mechanical_001,694e94943eba5ec86f88e0f45b9a3be0ea739723f70d5cd41dfd57894d84bdea
6305,157.625,1.9691,71.7763,False,7,mechanical_001,694e94943eba5ec86f88e0f45b9a3be0ea739723f70d5cd41dfd57894d84bdea
6306,157.65,1.9694,71.8218,False,7,mechanical_001,694e94943eba5ec86f88e0f45b9a3be0ea739723f70d5cd41dfd57894d84bdea
6307,157.675,1.9697,71.8659,False,7,mechanical_001,694e94943eba5ec86f88e0f45b9a3be0ea739723f70d5cd41dfd57894d84bdea
6308,157.7,1.97,71.917,False,7,mechanical_001,694e94943eba5ec86f88e0f45b9a3be0ea739723f70d5cd41dfd57894d84bdea
6309,157.725,1.9703,71.9714,False,7,mechanical_001,694e94943eba5ec86f88e0f45b9a3be0ea739723f70d5cd41dfd57894d84bdea
6310,157.75,1.9706,72.0237,False,7,mechanical_001,694e94943eba5ec86f88e0f45b9a3be0ea739723f70d5cd41dfd57894d84bdea
6311,157.775,1.971,72.0704,False,7,mechanical_001,694e94943eba5ec86f88e0f45b9a3be0ea739723f70d5cd41dfd57894d84bdea
6312,157.8,1.9713,72.1125,False,7,mechanical_001,694e94943eba5ec86f88e0f45b9a3be0ea739723f70d5cd41dfd57894d84bdea
6313,157.825,1.9716,72.1419,False,7,mechanical_001,694e94943eba5ec86f88e0f45b9a3be0ea739723f70d5cd41dfd57894d84bdea
6314,157.85,1.9719,72.1691,False,7,mechanical_001,694e94943eba5ec86f88e0f45b9a3be0ea739723f70d5cd41dfd57894d84bdea
6315,157.875,1.9722,72.193,False,7,mechanical_001,694e94943eba5ec86f88e0f45b9a3be0ea739723f70d5cd41dfd57894d84bdea
6316,157.9,1.9725,72.2158,False,7,mechanical_001,694e94943eba5ec86f88e0f45b9a3be0ea739723f70d5cd41dfd57894d84bdea
6317,157.925,1.9728,72.2486,False,7,mechanical_001,694e94943eba5ec86f88e0f45b9a3be0ea739723f70d5cd41dfd57894d84bdea
6318,157.95,1.9731,72.292,False,7,mechanical_001,694e94943eba5ec86f88e0f45b9a3be0ea739723f70d5cd41dfd57894d84bdea
6319,157.975,1.9734,72.336,False,7,mechanical_001,694e94943eba5ec86f88e0f45b9a3be0ea739723f70d5cd41dfd57894d84bdea
6320,158.0,1.9737,72.3709,False,7,mechanical_001,694e94943eba5ec86f88e0f45b9a3be0ea739723f70d5cd41dfd57894d84bdea
6321,158.025,1.974,72.4134,False,7,mechanical_001,694e94943eba5ec86f88e0f45b9a3be0ea739723f70d5cd41dfd57894d84bdea
6322,158.05,1.9743,72.4735,False,7,mechanical_001,694e94943eba5ec86f88e0f45b9a3be0ea739723f70d5cd41dfd57894d84bdea
6323,158.075,1.9746,72.5452,False,7,mechanical_001,694e94943eba5ec86f88e0f45b9a3be0ea739723f70d5cd41dfd57894d84bdea
6324,158.1,1.9749,72.619,False,7,mechanical_001,694e94943eba5ec86f88e0f45b9a3be0ea739723f70d5cd41dfd57894d84bdea
6325,158.125,1.9752,72.6993,False,7,mechanical_001,694e94943eba5ec86f88e0f45b9a3be0ea739723f70d5cd41dfd57894d84bdea
6326,158.15,1.9755,72.7943,False,7,mechanical_001,694e94943eba5ec86f88e0f45b9a3be0ea739723f70d5cd41dfd57894d84bdea
6327,158.175,1.9758,72.8901,False,7,mechanical_001,694e94943eba5ec86f88e0f45b9a3be0ea739723f70d5cd41dfd57894d84bdea
6328,158.2,1.9761,72.9805,False,7,mechanical_001,694e94943eba5ec86f88e0f45b9a3be0ea739723f70d5cd41dfd57894d84bdea
6329,158.225,1.9765,73.0693,False,7,mechanical_001,694e94943eba5ec86f88e0f45b9a3be0ea739723f70d5cd41dfd57894d84bdea
6330,158.25,1.9768,73.1362,False,7,mechanical_001,694e94943eba5ec86f88e0f45b9a3be0ea739723f70d5cd41dfd57894d84bdea
6331,158.275,1.9771,73.2027,False,7,mechanical_001,694e94943eba5ec86f88e0f45b9a3be0ea739723f70d5cd41dfd57894d84bdea
6332,158.3,1.9774,73.2852,False,7,mechanical_001,694e94943eba5ec86f88e0f45b9a3be0ea739723f70d5cd41dfd57894d84bdea
6333,158.325,1.9777,73.3563,False,7,mechanical_001,694e94943eba5ec86f88e0f45b9a3be0ea739723f70d5cd41dfd57894d84bdea
6334,158.35,1.978,73.4315,False,7,mechanical_001,694e94943eba5ec86f88e0f45b9a3be0ea739723f70d5cd41dfd57894d84bdea
6335,158.375,1.9783,73.5214,False,7,mechanical_001,694e94943eba5ec86f88e0f45b9a3be0ea739723f70d5cd41dfd57894d84bdea
6336,158.4,1.9786,73.6126,False,7,mechanical_001,694e94943eba5ec86f88e0f45b9a3be0ea739723f70d5cd41dfd57894d84bdea
6337,158.425,1.9789,73.7018,False,7,mechanical_001,694e94943eba5ec86f88e0f45b9a3be0ea739723f70d5cd41dfd57894d84bdea
6338,158.45,1.9792,73.7802,False,7,mechanical_001,694e94943eba5ec86f88e0f45b9a3be0ea739723f70d5cd41dfd57894d84bdea
6339,158.475,1.9796,73.868,False,7,mechanical_001,694e94943eba5ec86f88e0f45b9a3be0ea739723f70d5cd41dfd57894d84bdea
6340,158.5,1.9799,73.9821,False,7,mechanical_001,694e94943eba5ec86f88e0f45b9a3be0ea739723f70d5cd41dfd57894d84bdea
6341,158.525,1.9802,74.0949,False,7,mechanical_001,694e94943eba5ec86f88e0f45b9a3be0ea739723f70d5cd41dfd57894d84bdea
6342,158.55,1.9805,74.2152,False,7,mechanical_001,694e94943eba5ec86f88e0f45b9a3be0ea739723f70d5cd41dfd57894d84bdea
6343,158.575,1.9809,74.3287,False,7,mechanical_001,694e94943eba5ec86f88e0f45b9a3be0ea739723f70d5cd41dfd57894d84bdea
6344,158.6,1.9812,74.4326,False,7,mechanical_001,694e94943eba5ec86f88e0f45b9a3be0ea739723f70d5cd41dfd57894d84bdea
6345,158.625,1.9815,74.5303,False,7,mechanical_001,694e94943eba5ec86f88e0f45b9a3be0ea739723f70d5cd41dfd57894d84bdea
6346,158.65,1.9818,74.6366,False,7,mechanical_001,694e94943eba5ec86f88e0f45b9a3be0ea739723f70d5cd41dfd57894d84bdea
6347,158.675,1.9821,74.7528,False,7,mechanical_001,694e94943eba5ec86f88e0f45b9a3be0ea739723f70d5cd41dfd57894d84bdea
6348,158.7,1.9825,74.87,False,7,mechanical_001,694e94943eba5ec86f88e0f45b9a3be0ea739723f70d5cd41dfd57894d84bdea
6349,158.725,1.9828,74.995,False,7,mechanical_001,694e94943eba5ec86f88e0f45b9a3be0ea739723f70d5cd41dfd57894d84bdea
6350,158.75,1.9831,75.1143,False,7,mechanical_001,694e94943eba5ec86f88e0f45b9a3be0ea739723f70d5cd41dfd57894d84bdea
6351,158.775,1.9834,75.242,False,7,mechanical_001,694e94943eba5ec86f88e0f45b9a3be0ea739723f70d5cd41dfd57894d84bdea
6352,158.8,1.9838,75.3745,False,7,mechanical_001,694e94943eba5ec86f88e0f45b9a3be0ea739723f70d5cd41dfd57894d84bdea
6353,158.825,1.9841,75.5046,False,7,mechanical_001,694e94943eba5ec86f88e0f45b9a3be0ea739723f70d5cd41dfd57894d84bdea
6354,158.85,1.9844,75.6369,False,7,mechanical_001,694e94943eba5ec86f88e0f45b9a3be0ea739723f70d5cd41dfd57894d84bdea
6355,158.875,1.9848,75.7497,False,7,mechanical_001,694e94943eba5ec86f88e0f45b9a3be0ea739723f70d5cd41dfd57894d84bdea
6356,158.9,1.9851,75.8325,False,7,mechanical_001,694e94943eba5ec86f88e0f45b9a3be0ea739723f70d5cd41dfd57894d84bdea
6357,158.925,1.9854,75.8838,False,7,mechanical_001,694e94943eba5ec86f88e0f45b9a3be0ea739723f70d5cd41dfd57894d84bdea
6358,158.95,1.9857,75.926,False,7,mechanical_001,694e94943eba5ec86f88e0f45b9a3be0ea739723f70d5cd41dfd57894d84bdea
6359,158.975,1.986,75.9741,False,7,mechanical_001,694e94943eba5ec86f88e0f45b9a3be0ea739723f70d5cd41dfd57894d84bdea
6360,159.0,1.9863,76.0261,False,7,mechanical_001,694e94943eba5ec86f88e0f45b9a3be0ea739723f70d5cd41dfd57894d84bdea
6361,159.025,1.9866,76.0907,False,7,mechanical_001,694e94943eba5ec86f88e0f45b9a3be0ea739723f70d5cd41dfd57894d84bdea
6362,159.05,1.987,76.1777,False,7,mechanical_001,694e94943eba5ec86f88e0f45b9a3be0ea739723f70d5cd41dfd57894d84bdea
6363,159.075,1.9873,76.2713,False,7,mechanical_001,694e94943eba5ec86f88e0f45b9a3be0ea739723f70d5cd41dfd57894d84bdea
6364,159.1,1.9876,76.3655,False,7,mechanical_001,694e94943eba5ec86f88e0f45b9a3be0ea739723f70d5cd41dfd57894d84bdea
6365,159.125,1.9879,76.4599,False,7,mechanical_001,694e94943eba5ec86f88e0f45b9a3be0ea739723f70d5cd41dfd57894d84bdea
6366,159.15,1.9882,76.5554,False,7,mechanical_001,694e94943eba5ec86f88e0f45b9a3be0ea739723f70d5cd41dfd57894d84bdea
6367,159.175,1.9886,76.6415,False,7,mechanical_001,694e94943eba5ec86f88e0f45b9a3be0ea739723f70d5cd41dfd57894d84bdea
6368,159.2,1.9889,76.6959,False,7,mechanical_001,694e94943eba5ec86f88e0f45b9a3be0ea739723f70d5cd41dfd57894d84bdea
6369,159.225,1.9892,76.7454,False,7,mechanical_001,694e94943eba5ec86f88e0f45b9a3be0ea739723f70d5cd41dfd57894d84bdea
6370,159.25,1.9895,76.797,False,7,mechanical_001,694e94943eba5ec86f88e0f45b9a3be0ea739723f70d5cd41dfd57894d84bdea
6371,159.275,1.9898,76.8375,False,7,mechanical_001,694e94943eba5ec86f88e0f45b9a3be0ea739723f70d5cd41dfd57894d84bdea
6372,159.3,1.9901,76.8738,False,7,mechanical_001,694e94943eba5ec86f88e0f45b9a3be0ea739723f70d5cd41dfd57894d84bdea
6373,159.325,1.9904,76.924,False,7,mechanical_001,694e94943eba5ec86f88e0f45b9a3be0ea739723f70d5cd41dfd57894d84bdea
6374,159.35,1.9907,76.9798,False,7,mechanical_001,694e94943eba5ec86f88e0f45b9a3be0ea739723f70d5cd41dfd57894d84bdea
6375,159.375,1.991,77.042,False,7,mechanical_001,694e94943eba5ec86f88e0f45b9a3be0ea739723f70d5cd41dfd57894d84bdea
6376,159.4,1.9913,77.1079,False,7,mechanical_001,694e94943eba5ec86f88e0f45b9a3be0ea739723f70d5cd41dfd57894d84bdea
6377,159.425,1.9916,77.1794,False,7,mechanical_001,694e94943eba5ec86f88e0f45b9a3be0ea739723f70d5cd41dfd57894d84bdea
6378,159.45,1.9919,77.2415,False,7,mechanical_001,694e94943eba5ec86f88e0f45b9a3be0ea739723f70d5cd41dfd57894d84bdea
6379,159.475,1.9922,77.3063,False,7,mechanical_001,694e94943eba5ec86f88e0f45b9a3be0ea739723f70d5cd41dfd57894d84bdea
6380,159.5,1.9925,77.3735,False,7,mechanical_001,694e94943eba5ec86f88e0f45b9a3be0ea739723f70d5cd41dfd57894d84bdea
6381,159.525,1.9929,77.4471,False,7,mechanical_001,694e94943eba5ec86f88e0f45b9a3be0ea739723f70d5cd41dfd57894d84bdea
6382,159.55,1.9932,77.5168,False,7,mechanical_001,694e94943eba5ec86f88e0f45b9a3be0ea739723f70d5cd41dfd57894d84bdea
6383,159.575,1.9935,77.5784,False,7,mechanical_001,694e94943eba5ec86f88e0f45b9a3be0ea739723f70d5cd41dfd57894d84bdea
6384,159.6,1.9938,77.6368,False,7,mechanical_001,694e94943eba5ec86f88e0f45b9a3be0ea739723f70d5cd41dfd57894d84bdea
6385,159.625,1.9941,77.6874,False,7,mechanical_001,694e94943eba5ec86f88e0f45b9a3be0ea739723f70d5cd41dfd57894d84bdea
6386,159.65,1.9944,77.7272,False,7,mechanical_001,694e94943eba5ec86f88e0f45b9a3be0ea739723f70d5cd41dfd57894d84bdea
6387,159.675,1.9947,77.7651,False,7,mechanical_001,694e94943eba5ec86f88e0f45b9a3be0ea739723f70d5cd41dfd57894d84bdea
6388,159.7,1.995,77.7959,False,7,mechanical_001,694e94943eba5ec86f88e0f45b9a3be0ea739723f70d5cd41dfd57894d84bdea
6389,159.725,1.9953,77.8256,False,7,mechanical_001,694e94943eba5ec86f88e0f45b9a3be0ea739723f70d5cd41dfd57894d84bdea
6390,159.75,1.9956,77.8537,False,7,mechanical_001,694e94943eba5ec86f88e0f45b9a3be0ea739723f70d5cd41dfd57894d84bdea
6391,159.775,1.9959,77.8783,False,7,mechanical_001,694e94943eba5ec86f88e0f45b9a3be0ea739723f70d5cd41dfd57894d84bdea
6392,159.8,1.9962,77.8939,False,7,mechanical_001,694e94943eba5ec86f88e0f45b9a3be0ea739723f70d5cd41dfd57894d84bdea
6393,159.825,1.9965,77.9075,False,7,mechanical_001,694e94943eba5ec86f88e0f45b9a3be0ea739723f70d5cd41dfd57894d84bdea
6394,159.85,1.9968,77.9203,False,7,mechanical_001,694e94943eba5ec86f88e0f45b9a3be0ea739723f70d5cd41dfd57894d84bdea
6395,159.875,1.997,77.9376,False,7,mechanical_001,694e94943eba5ec86f88e0f45b9a3be0ea739723f70d5cd41dfd57894d84bdea
6396,159.9,1.9973,77.9682,False,7,mechanical_001,694e94943eba5ec86f88e0f45b9a3be0ea739723f70d5cd41dfd57894d84bdea
6397,159.925,1.9976,78.0063,False,7,mechanical_001,694e94943eba5ec86f88e0f45b9a3be0ea739723f70d5cd41dfd57894d84bdea
6398,159.95,1.9979,78.052,False,7,mechanical_001,694e94943eba5ec86f88e0f45b9a3be0ea739723f70d5cd41dfd57894d84bdea
6399,159.975,1.9982,78.1069,False,7,mechanical_001,694e94943eba5ec86f88e0f45b9a3be0ea739723f70d5cd41dfd57894d84bdea
6400,160.0,1.9985,78.1679,False,7,mechanical_001,694e94943eba5ec86f88e0f45b9a3be0ea739723f70d5cd41dfd57894d84bdea
6401,160.025,1.9988,78.2316,False,7,mechanical_001,694e94943eba5ec86f88e0f45b9a3be0ea739723f70d5cd41dfd57894d84bdea
6402,160.05,1.9991,78.3031,False,7,mechanical_001,694e94943eba5ec86f88e0f45b9a3be0ea739723f70d5cd41dfd57894d84bdea
6403,160.075,1.9995,78.378,False,7,mechanical_001,694e94943eba5ec86f88e0f45b9a3be0ea739723f70d5cd41dfd57894d84bdea
6404,160.1,1.9998,78.4557,False,7,mechanical_001,694e94943eba5ec86f88e0f45b9a3be0ea739723f70d5cd41dfd57894d84bdea
6405,160.125,2.0001,78.5432,False,7,mechanical_001,694e94943eba5ec86f88e0f45b9a3be0ea739723f70d5cd41dfd57894d84bdea
6406,160.15,2.0004,78.6287,False,7,mechanical_001,694e94943eba5ec86f88e0f45b9a3be0ea739723f70d5cd41dfd57894d84bdea
6407,160.175,2.0007,78.7031,False,7,mechanical_001,694e94943eba5ec86f88e0f45b9a3be0ea739723f70d5cd41dfd57894d84bdea
6408,160.2,2.001,78.7803,False,7,mechanical_001,694e94943eba5ec86f88e0f45b9a3be0ea739723f70d5cd41dfd57894d84bdea
6409,160.225,2.0013,78.8624,False,7,mechanical_001,694e94943eba5ec86f88e0f45b9a3be0ea739723f70d5cd41dfd57894d84bdea
6410,160.25,2.0016,78.9608,False,7,mechanical_001,694e94943eba5ec86f88e0f45b9a3be0ea739723f70d5cd41dfd57894d84bdea
6411,160.275,2.002,79.0669,False,7,mechanical_001,694e94943eba5ec86f88e0f45b9a3be0ea739723f70d5cd41dfd57894d84bdea
6412,160.3,2.0023,79.1664,False,7,mechanical_001,694e94943eba5ec86f88e0f45b9a3be0ea739723f70d5cd41dfd57894d84bdea
6413,160.325,2.0026,79.2553,False,7,mechanical_001,694e94943eba5ec86f88e0f45b9a3be0ea739723f70d5cd41dfd57894d84bdea
6414,160.35,2.0029,79.3209,False,7,mechanical_001,694e94943eba5ec86f88e0f45b9a3be0ea739723f70d5cd41dfd57894d84bdea
6415,160.375,2.0032,79.3903,False,7,mechanical_001,694e94943eba5ec86f88e0f45b9a3be0ea739723f70d5cd41dfd57894d84bdea
6416,160.4,2.0035,79.4666,False,7,mechanical_001,694e94943eba5ec86f88e0f45b9a3be0ea739723f70d5cd41dfd57894d84bdea
6417,160.425,2.0038,79.5477,False,7,mechanical_001,694e94943eba5ec86f88e0f45b9a3be0ea739723f70d5cd41dfd57894d84bdea
6418,160.45,2.0042,79.6394,False,7,mechanical_001,694e94943eba5ec86f88e0f45b9a3be0ea739723f70d5cd41dfd57894d84bdea
6419,160.475,2.0045,79.729,False,7,mechanical_001,694e94943eba5ec86f88e0f45b9a3be0ea739723f70d5cd41dfd57894d84bdea
6420,160.5,2.0048,79.7947,False,7,mechanical_001,694e94943eba5ec86f88e0f45b9a3be0ea739723f70d5cd41dfd57894d84bdea
6421,160.525,2.0051,79.8632,False,7,mechanical_001,694e94943eba5ec86f88e0f45b9a3be0ea739723f70d5cd41dfd57894d84bdea
6422,160.55,2.0054,79.9474,False,7,mechanical_001,694e94943eba5ec86f88e0f45b9a3be0ea739723f70d5cd41dfd57894d84bdea
6423,160.575,2.0057,80.0509,False,7,mechanical_001,694e94943eba5ec86f88e0f45b9a3be0ea739723f70d5cd41dfd57894d84bdea
6424,160.6,2.0061,80.1383,False,7,mechanical_001,694e94943eba5ec86f88e0f45b9a3be0ea739723f70d5cd41dfd57894d84bdea
6425,160.625,2.0064,80.2185,False,7,mechanical_001,694e94943eba5ec86f88e0f45b9a3be0ea739723f70d5cd41dfd57894d84bdea
6426,160.65,2.0067,80.2881,False,7,mechanical_001,694e94943eba5ec86f88e0f45b9a3be0ea739723f70d5cd41dfd57894d84bdea
6427,160.675,2.007,80.3606,False,7,mechanical_001,694e94943eba5ec86f88e0f45b9a3be0ea739723f70d5cd41dfd57894d84bdea
6428,160.7,2.0073,80.4565,False,7,mechanical_001,694e94943eba5ec86f88e0f45b9a3be0ea739723f70d5cd41dfd57894d84bdea
6429,160.725,2.0077,80.5674,False,7,mechanical_001,694e94943eba5ec86f88e0f45b9a3be0ea739723f70d5cd41dfd57894d84bdea
6430,160.75,2.008,80.6815,False,7,mechanical_001,694e94943eba5ec86f88e0f45b9a3be0ea739723f70d5cd41dfd57894d84bdea
6431,160.775,2.0083,80.7767,False,7,mechanical_001,694e94943eba5ec86f88e0f45b9a3be0ea739723f70d5cd41dfd57894d84bdea
6432,160.8,2.0086,80.8372,False,7,mechanical_001,694e94943eba5ec86f88e0f45b9a3be0ea739723f70d5cd41dfd57894d84bdea
6433,160.825,2.0089,80.8745,False,7,mechanical_001,694e94943eba5ec86f88e0f45b9a3be0ea739723f70d5cd41dfd57894d84bdea
6434,160.85,2.0093,80.9139,False,7,mechanical_001,694e94943eba5ec86f88e0f45b9a3be0ea739723f70d5cd41dfd57894d84bdea
6435,160.875,2.0096,80.9607,False,7,mechanical_001,694e94943eba5ec86f88e0f45b9a3be0ea739723f70d5cd41dfd57894d84bdea
6436,160.9,2.0099,81.0257,False,7,mechanical_001,694e94943eba5ec86f88e0f45b9a3be0ea739723f70d5cd41dfd57894d84bdea
6437,160.925,2.0102,81.116,False,7,mechanical_001,694e94943eba5ec86f88e0f45b9a3be0ea739723f70d5cd41dfd57894d84bdea
6438,160.95,2.0105,81.2072,False,7,mechanical_001,694e94943eba5ec86f88e0f45b9a3be0ea739723f70d5cd41dfd57894d84bdea
6439,160.975,2.0108,81.2962,False,7,mechanical_001,694e94943eba5ec86f88e0f45b9a3be0ea739723f70d5cd41dfd57894d84bdea
6440,161.0,2.0112,81.3756,False,7,mechanical_001,694e94943eba5ec86f88e0f45b9a3be0ea739723f70d5cd41dfd57894d84bdea
6441,161.025,2.0115,81.4732,False,7,mechanical_001,694e94943eba5ec86f88e0f45b9a3be0ea739723f70d5cd41dfd57894d84bdea
6442,161.05,2.0118,81.5806,False,7,mechanical_001,694e94943eba5ec86f88e0f45b9a3be0ea739723f70d5cd41dfd57894d84bdea
6443,161.075,2.0121,81.6871,False,7,mechanical_001,694e94943eba5ec86f88e0f45b9a3be0ea739723f70d5cd41dfd57894d84bdea
6444,161.1,2.0125,81.7935,False,7,mechanical_001,694e94943eba5ec86f88e0f45b9a3be0ea739723f70d5cd41dfd57894d84bdea
6445,161.125,2.0128,81.9085,False,7,mechanical_001,694e94943eba5ec86f88e0f45b9a3be0ea739723f70d5cd41dfd57894d84bdea
6446,161.15,2.0131,82.0405,False,7,mechanical_001,694e94943eba5ec86f88e0f45b9a3be0ea739723f70d5cd41dfd57894d84bdea
6447,161.175,2.0135,82.1749,False,7,mechanical_001,694e94943eba5ec86f88e0f45b9a3be0ea739723f70d5cd41dfd57894d84bdea
6448,161.2,2.0138,82.3021,False,7,mechanical_001,694e94943eba5ec86f88e0f45b9a3be0ea739723f70d5cd41dfd57894d84bdea
6449,161.225,2.0142,82.414,False,7,mechanical_001,694e94943eba5ec86f88e0f45b9a3be0ea739723f70d5cd41dfd57894d84bdea
6450,161.25,2.0145,82.5108,False,7,mechanical_001,694e94943eba5ec86f88e0f45b9a3be0ea739723f70d5cd41dfd57894d84bdea
6451,161.275,2.0148,82.5878,False,7,mechanical_001,694e94943eba5ec86f88e0f45b9a3be0ea739723f70d5cd41dfd57894d84bdea
6452,161.3,2.0151,82.6409,False,7,mechanical_001,694e94943eba5ec86f88e0f45b9a3be0ea739723f70d5cd41dfd57894d84bdea
6453,161.325,2.0154,82.6904,False,7,mechanical_001,694e94943eba5ec86f88e0f45b9a3be0ea739723f70d5cd41dfd57894d84bdea
6454,161.35,2.0157,82.7394,False,7,mechanical_001,694e94943eba5ec86f88e0f45b9a3be0ea739723f70d5cd41dfd57894d84bdea
6455,161.375,2.016,82.7647,False,7,mechanical_001,694e94943eba5ec86f88e0f45b9a3be0ea739723f70d5cd41dfd57894d84bdea
6456,161.4,2.0163,82.7656,False,7,mechanical_001,694e94943eba5ec86f88e0f45b9a3be0ea739723f70d5cd41dfd57894d84bdea
6457,161.425,2.0166,82.7744,False,7,mechanical_001,694e94943eba5ec86f88e0f45b9a3be0ea739723f70d5cd41dfd57894d84bdea
6458,161.45,2.0169,82.809,False,7,mechanical_001,694e94943eba5ec86f88e0f45b9a3be0ea739723f70d5cd41dfd57894d84bdea
6459,161.475,2.0173,82.8518,False,7,mechanical_001,694e94943eba5ec86f88e0f45b9a3be0ea739723f70d5cd41dfd57894d84bdea
6460,161.5,2.0176,82.89,False,7,mechanical_001,694e94943eba5ec86f88e0f45b9a3be0ea739723f70d5cd41dfd57894d84bdea
6461,161.525,2.0179,82.9394,False,7,mechanical_001,694e94943eba5ec86f88e0f45b9a3be0ea739723f70d5cd41dfd57894d84bdea
6462,161.55,2.0182,83.0131,False,7,mechanical_001,694e94943eba5ec86f88e0f45b9a3be0ea739723f70d5cd41dfd57894d84bdea
6463,161.575,2.0185,83.0979,False,7,mechanical_001,694e94943eba5ec86f88e0f45b9a3be0ea739723f70d5cd41dfd57894d84bdea
6464,161.6,2.0188,83.1793,False,7,mechanical_001,694e94943eba5ec86f88e0f45b9a3be0ea739723f70d5cd41dfd57894d84bdea
6465,161.625,2.0191,83.2521,False,7,mechanical_001,694e94943eba5ec86f88e0f45b9a3be0ea739723f70d5cd41dfd57894d84bdea
6466,161.65,2.0194,83.323,False,7,mechanical_001,694e94943eba5ec86f88e0f45b9a3be0ea739723f70d5cd41dfd57894d84bdea
6467,161.675,2.0197,83.4085,False,7,mechanical_001,694e94943eba5ec86f88e0f45b9a3be0ea739723f70d5cd41dfd57894d84bdea
6468,161.7,2.02,83.5016,False,7,mechanical_001,694e94943eba5ec86f88e0f45b9a3be0ea739723f70d5cd41dfd57894d84bdea
6469,161.725,2.0204,83.5913,False,7,mechanical_001,694e94943eba5ec86f88e0f45b9a3be0ea739723f70d5cd41dfd57894d84bdea
6470,161.75,2.0207,83.668,False,7,mechanical_001,694e94943eba5ec86f88e0f45b9a3be0ea739723f70d5cd41dfd57894d84bdea
6471,161.775,2.021,83.735,False,7,mechanical_001,694e94943eba5ec86f88e0f45b9a3be0ea739723f70d5cd41dfd57894d84bdea
6472,161.8,2.0213,83.8104,False,7,mechanical_001,694e94943eba5ec86f88e0f45b9a3be0ea739723f70d5cd41dfd57894d84bdea
6473,161.825,2.0216,83.8879,False,7,mechanical_001,694e94943eba5ec86f88e0f45b9a3be0ea739723f70d5cd41dfd57894d84bdea
6474,161.85,2.0219,83.9651,False,7,mechanical_001,694e94943eba5ec86f88e0f45b9a3be0ea739723f70d5cd41dfd57894d84bdea
6475,161.875,2.0222,84.0513,False,7,mechanical_001,694e94943eba5ec86f88e0f45b9a3be0ea739723f70d5cd41dfd57894d84bdea
6476,161.9,2.0225,84.1376,False,7,mechanical_001,694e94943eba5ec86f88e0f45b9a3be0ea739723f70d5cd41dfd57894d84bdea
6477,161.925,2.0228,84.2194,False,7,mechanical_001,694e94943eba5ec86f88e0f45b9a3be0ea739723f70d5cd41dfd57894d84bdea
6478,161.95,2.0231,84.3035,False,7,mechanical_001,694e94943eba5ec86f88e0f45b9a3be0ea739723f70d5cd41dfd57894d84bdea
6479,161.975,2.0234,84.3901,False,7,mechanical_001,694e94943eba5ec86f88e0f45b9a3be0ea739723f70d5cd41dfd57894d84bdea
6480,162.0,2.0238,84.4643,False,7,mechanical_001,694e94943eba5ec86f88e0f45b9a3be0ea739723f70d5cd41dfd57894d84bdea
6481,162.025,2.0241,84.5339,False,7,mechanical_001,694e94943eba5ec86f88e0f45b9a3be0ea739723f70d5cd41dfd57894d84bdea
6482,162.05,2.0244,84.5891,False,7,mechanical_001,694e94943eba5ec86f88e0f45b9a3be0ea739723f70d5cd41dfd57894d84bdea
6483,162.075,2.0247,84.6478,False,7,mechanical_001,694e94943eba5ec86f88e0f45b9a3be0ea739723f70d5cd41dfd57894d84bdea
6484,162.1,2.025,84.7222,False,7,mechanical_001,694e94943eba5ec86f88e0f45b9a3be0ea739723f70d5cd41dfd57894d84bdea
6485,162.125,2.0253,84.8049,False,7,mechanical_001,694e94943eba5ec86f88e0f45b9a3be0ea739723f70d5cd41dfd57894d84bdea
6486,162.15,2.0256,84.871,False,7,mechanical_001,694e94943eba5ec86f88e0f45b9a3be0ea739723f70d5cd41dfd57894d84bdea
6487,162.175,2.0259,84.9245,False,7,mechanical_001,694e94943eba5ec86f88e0f45b9a3be0ea739723f70d5cd41dfd57894d84bdea
6488,162.2,2.0262,84.9759,False,7,mechanical_001,694e94943eba5ec86f88e0f45b9a3be0ea739723f70d5cd41dfd57894d84bdea
6489,162.225,2.0265,85.0291,False,7,mechanical_001,694e94943eba5ec86f88e0f45b9a3be0ea739723f70d5cd41dfd57894d84bdea
6490,162.25,2.0268,85.0906,False,7,mechanical_001,694e94943eba5ec86f88e0f45b9a3be0ea739723f70d5cd41dfd57894d84bdea
6491,162.275,2.0271,85.1391,False,7,mechanical_001,694e94943eba5ec86f88e0f45b9a3be0ea739723f70d5cd41dfd57894d84bdea
6492,162.3,2.0274,85.1939,False,7,mechanical_001,694e94943eba5ec86f88e0f45b9a3be0ea739723f70d5cd41dfd57894d84bdea
6493,162.325,2.0277,85.2883,False,7,mechanical_001,694e94943eba5ec86f88e0f45b9a3be0ea739723f70d5cd41dfd57894d84bdea
6494,162.35,2.028,85.4085,False,7,mechanical_001,694e94943eba5ec86f88e0f45b9a3be0ea739723f70d5cd41dfd57894d84bdea
6495,162.375,2.0283,85.5233,False,7,mechanical_001,694e94943eba5ec86f88e0f45b9a3be0ea739723f70d5cd41dfd57894d84bdea
6496,162.4,2.0286,85.6301,False,7,mechanical_001,694e94943eba5ec86f88e0f45b9a3be0ea739723f70d5cd41dfd57894d84bdea
6497,162.425,2.029,85.7221,False,7,mechanical_001,694e94943eba5ec86f88e0f45b9a3be0ea739723f70d5cd41dfd57894d84bdea
6498,162.45,2.0293,85.8019,False,7,mechanical_001,694e94943eba5ec86f88e0f45b9a3be0ea739723f70d5cd41dfd57894d84bdea
6499,162.475,2.0296,85.8805,False,7,mechanical_001,694e94943eba5ec86f88e0f45b9a3be0ea739723f70d5cd41dfd57894d84bdea
6500,162.5,2.0299,85.9507,False,7,mechanical_001,694e94943eba5ec86f88e0f45b9a3be0ea739723f70d5cd41dfd57894d84bdea
6501,162.525,2.0302,86.0139,False,7,mechanical_001,694e94943eba5ec86f88e0f45b9a3be0ea739723f70d5cd41dfd57894d84bdea
6502,162.55,2.0305,86.0839,False,7,mechanical_001,694e94943eba5ec86f88e0f45b9a3be0ea739723f70d5cd41dfd57894d84bdea
6503,162.575,2.0308,86.1634,False,7,mechanical_001,694e94943eba5ec86f88e0f45b9a3be0ea739723f70d5cd41dfd57894d84bdea
6504,162.6,2.0311,86.2489,False,7,mechanical_001,694e94943eba5ec86f88e0f45b9a3be0ea739723f70d5cd41dfd57894d84bdea
6505,162.625,2.0314,86.3244,False,7,mechanical_001,694e94943eba5ec86f88e0f45b9a3be0ea739723f70d5cd41dfd57894d84bdea
6506,162.65,2.0317,86.4,False,7,mechanical_001,694e94943eba5ec86f88e0f45b9a3be0ea739723f70d5cd41dfd57894d84bdea
6507,162.675,2.032,86.4909,False,7,mechanical_001,694e94943eba5ec86f88e0f45b9a3be0ea739723f70d5cd41dfd57894d84bdea
6508,162.7,2.0324,86.6083,False,7,mechanical_001,694e94943eba5ec86f88e0f45b9a3be0ea739723f70d5cd41dfd57894d84bdea
6509,162.725,2.0327,86.7369,False,7,mechanical_001,694e94943eba5ec86f88e0f45b9a3be0ea739723f70d5cd41dfd57894d84bdea
6510,162.75,2.033,86.8339,False,7,mechanical_001,694e94943eba5ec86f88e0f45b9a3be0ea739723f70d5cd41dfd57894d84bdea
6511,162.775,2.0333,86.8922,False,7,mechanical_001,694e94943eba5ec86f88e0f45b9a3be0ea739723f70d5cd41dfd57894d84bdea
6512,162.8,2.0336,86.9476,False,7,mechanical_001,694e94943eba5ec86f88e0f45b9a3be0ea739723f70d5cd41dfd57894d84bdea
6513,162.825,2.0339,87.0176,False,7,mechanical_001,694e94943eba5ec86f88e0f45b9a3be0ea739723f70d5cd41dfd57894d84bdea
6514,162.85,2.0342,87.0954,False,7,mechanical_001,694e94943eba5ec86f88e0f45b9a3be0ea739723f70d5cd41dfd57894d84bdea
6515,162.875,2.0345,87.1884,False,7,mechanical_001,694e94943eba5ec86f88e0f45b9a3be0ea739723f70d5cd41dfd57894d84bdea
6516,162.9,2.0349,87.3319,False,7,mechanical_001,694e94943eba5ec86f88e0f45b9a3be0ea739723f70d5cd41dfd57894d84bdea
6517,162.925,2.0352,87.4392,False,7,mechanical_001,694e94943eba5ec86f88e0f45b9a3be0ea739723f70d5cd41dfd57894d84bdea
6518,162.95,2.0355,87.482,False,7,mechanical_001,694e94943eba5ec86f88e0f45b9a3be0ea739723f70d5cd41dfd57894d84bdea
6519,162.975,2.0358,87.5031,False,7,mechanical_001,694e94943eba5ec86f88e0f45b9a3be0ea739723f70d5cd41dfd57894d84bdea
6520,163.0,2.0361,87.5535,False,7,mechanical_001,694e94943eba5ec86f88e0f45b9a3be0ea739723f70d5cd41dfd57894d84bdea
6521,163.025,2.0364,87.6475,False,7,mechanical_001,694e94943eba5ec86f88e0f45b9a3be0ea739723f70d5cd41dfd57894d84bdea
6522,163.05,2.0367,87.7532,False,7,mechanical_001,694e94943eba5ec86f88e0f45b9a3be0ea739723f70d5cd41dfd57894d84bdea
6523,163.075,2.037,87.8549,False,7,mechanical_001,694e94943eba5ec86f88e0f45b9a3be0ea739723f70d5cd41dfd57894d84bdea
6524,163.1,2.0374,87.9553,False,7,mechanical_001,694e94943eba5ec86f88e0f45b9a3be0ea739723f70d5cd41dfd57894d84bdea
6525,163.125,2.0377,88.079,False,7,mechanical_001,694e94943eba5ec86f88e0f45b9a3be0ea739723f70d5cd41dfd57894d84bdea
6526,163.15,2.038,88.2033,False,7,mechanical_001,694e94943eba5ec86f88e0f45b9a3be0ea739723f70d5cd41dfd57894d84bdea
6527,163.175,2.0383,88.2997,False,7,mechanical_001,694e94943eba5ec86f88e0f45b9a3be0ea739723f70d5cd41dfd57894d84bdea
6528,163.2,2.0386,88.3675,False,7,mechanical_001,694e94943eba5ec86f88e0f45b9a3be0ea739723f70d5cd41dfd57894d84bdea
6529,163.225,2.0389,88.4321,False,7,mechanical_001,694e94943eba5ec86f88e0f45b9a3be0ea739723f70d5cd41dfd57894d84bdea
6530,163.25,2.0393,88.4868,False,7,mechanical_001,694e94943eba5ec86f88e0f45b9a3be0ea739723f70d5cd41dfd57894d84bdea
6531,163.275,2.0396,88.5524,False,7,mechanical_001,694e94943eba5ec86f88e0f45b9a3be0ea739723f70d5cd41dfd57894d84bdea
6532,163.3,2.0399,88.6386,False,7,mechanical_001,694e94943eba5ec86f88e0f45b9a3be0ea739723f70d5cd41dfd57894d84bdea
6533,163.325,2.0402,88.7241,False,7,mechanical_001,694e94943eba5ec86f88e0f45b9a3be0ea739723f70d5cd41dfd57894d84bdea
6534,163.35,2.0405,88.8327,False,7,mechanical_001,694e94943eba5ec86f88e0f45b9a3be0ea739723f70d5cd41dfd57894d84bdea
6535,163.375,2.0408,88.9314,False,7,mechanical_001,694e94943eba5ec86f88e0f45b9a3be0ea739723f70d5cd41dfd57894d84bdea
6536,163.4,2.0411,89.0068,False,7,mechanical_001,694e94943eba5ec86f88e0f45b9a3be0ea739723f70d5cd41dfd57894d84bdea
6537,163.425,2.0414,89.0794,False,7,mechanical_001,694e94943eba5ec86f88e0f45b9a3be0ea739723f70d5cd41dfd57894d84bdea
6538,163.45,2.0418,89.1531,False,7,mechanical_001,694e94943eba5ec86f88e0f45b9a3be0ea739723f70d5cd41dfd57894d84bdea
6539,163.475,2.0421,89.2271,False,7,mechanical_001,694e94943eba5ec86f88e0f45b9a3be0ea739723f70d5cd41dfd57894d84bdea
6540,163.5,2.0424,89.3044,False,7,mechanical_001,694e94943eba5ec86f88e0f45b9a3be0ea739723f70d5cd41dfd57894d84bdea
6541,163.525,2.0427,89.3725,False,7,mechanical_001,694e94943eba5ec86f88e0f45b9a3be0ea739723f70d5cd41dfd57894d84bdea
6542,163.55,2.043,89.4478,False,7,mechanical_001,694e94943eba5ec86f88e0f45b9a3be0ea739723f70d5cd41dfd57894d84bdea
6543,163.575,2.0433,89.5319,False,7,mechanical_001,694e94943eba5ec86f88e0f45b9a3be0ea739723f70d5cd41dfd57894d84bdea
6544,163.6,2.0436,89.6171,False,7,mechanical_001,694e94943eba5ec86f88e0f45b9a3be0ea739723f70d5cd41dfd57894d84bdea
6545,163.625,2.0439,89.702,False,7,mechanical_001,694e94943eba5ec86f88e0f45b9a3be0ea739723f70d5cd41dfd57894d84bdea
6546,163.65,2.0443,89.798,False,7,mechanical_001,694e94943eba5ec86f88e0f45b9a3be0ea739723f70d5cd41dfd57894d84bdea
6547,163.675,2.0446,89.9142,False,7,mechanical_001,694e94943eba5ec86f88e0f45b9a3be0ea739723f70d5cd41dfd57894d84bdea
6548,163.7,2.0449,90.0342,False,7,mechanical_001,694e94943eba5ec86f88e0f45b9a3be0ea739723f70d5cd41dfd57894d84bdea
6549,163.725,2.0452,90.1417,False,7,mechanical_001,694e94943eba5ec86f88e0f45b9a3be0ea739723f70d5cd41dfd57894d84bdea
6550,163.75,2.0455,90.2367,False,7,mechanical_001,694e94943eba5ec86f88e0f45b9a3be0ea739723f70d5cd41dfd57894d84bdea
6551,163.775,2.0459,90.3232,False,7,mechanical_001,694e94943eba5ec86f88e0f45b9a3be0ea739723f70d5cd41dfd57894d84bdea
6552,163.8,2.0462,90.4205,False,7,mechanical_001,694e94943eba5ec86f88e0f45b9a3be0ea739723f70d5cd41dfd57894d84bdea
6553,163.825,2.0465,90.5357,False,7,mechanical_001,694e94943eba5ec86f88e0f45b9a3be0ea739723f70d5cd41dfd57894d84bdea
6554,163.85,2.0468,90.6475,False,7,mechanical_001,694e94943eba5ec86f88e0f45b9a3be0ea739723f70d5cd41dfd57894d84bdea
6555,163.875,2.0472,90.7496,False,7,mechanical_001,694e94943eba5ec86f88e0f45b9a3be0ea739723f70d5cd41dfd57894d84bdea
6556,163.9,2.0475,90.8394,False,7,mechanical_001,694e94943eba5ec86f88e0f45b9a3be0ea739723f70d5cd41dfd57894d84bdea
6557,163.925,2.0478,90.9251,False,7,mechanical_001,694e94943eba5ec86f88e0f45b9a3be0ea739723f70d5cd41dfd57894d84bdea
6558,163.95,2.0481,91.0043,False,7,mechanical_001,694e94943eba5ec86f88e0f45b9a3be0ea739723f70d5cd41dfd57894d84bdea
6559,163.975,2.0484,91.0972,False,7,mechanical_001,694e94943eba5ec86f88e0f45b9a3be0ea739723f70d5cd41dfd57894d84bdea
6560,164.0,2.0488,91.1937,False,7,mechanical_001,694e94943eba5ec86f88e0f45b9a3be0ea739723f70d5cd41dfd57894d84bdea
6561,164.025,2.0491,91.2871,False,7,mechanical_001,694e94943eba5ec86f88e0f45b9a3be0ea739723f70d5cd41dfd57894d84bdea
6562,164.05,2.0494,91.3777,False,7,mechanical_001,694e94943eba5ec86f88e0f45b9a3be0ea739723f70d5cd41dfd57894d84bdea
6563,164.075,2.0497,91.474,False,7,mechanical_001,694e94943eba5ec86f88e0f45b9a3be0ea739723f70d5cd41dfd57894d84bdea
6564,164.1,2.0501,91.5674,False,7,mechanical_001,694e94943eba5ec86f88e0f45b9a3be0ea739723f70d5cd41dfd57894d84bdea
6565,164.125,2.0504,91.6324,False,7,mechanical_001,694e94943eba5ec86f88e0f45b9a3be0ea739723f70d5cd41dfd57894d84bdea
6566,164.15,2.0507,91.6804,False,7,mechanical_001,694e94943eba5ec86f88e0f45b9a3be0ea739723f70d5cd41dfd57894d84bdea
6567,164.175,2.051,91.7246,False,7,mechanical_001,694e94943eba5ec86f88e0f45b9a3be0ea739723f70d5cd41dfd57894d84bdea
6568,164.2,2.0513,91.7762,False,7,mechanical_001,694e94943eba5ec86f88e0f45b9a3be0ea739723f70d5cd41dfd57894d84bdea
6569,164.225,2.0516,91.8255,False,7,mechanical_001,694e94943eba5ec86f88e0f45b9a3be0ea739723f70d5cd41dfd57894d84bdea
6570,164.25,2.0519,91.8867,False,7,mechanical_001,694e94943eba5ec86f88e0f45b9a3be0ea739723f70d5cd41dfd57894d84bdea
6571,164.275,2.0523,91.9562,False,7,mechanical_001,694e94943eba5ec86f88e0f45b9a3be0ea739723f70d5cd41dfd57894d84bdea
6572,164.3,2.0526,92.0284,False,7,mechanical_001,694e94943eba5ec86f88e0f45b9a3be0ea739723f70d5cd41dfd57894d84bdea
6573,164.325,2.0529,92.0975,False,7,mechanical_001,694e94943eba5ec86f88e0f45b9a3be0ea739723f70d5cd41dfd57894d84bdea
6574,164.35,2.0532,92.1642,False,7,mechanical_001,694e94943eba5ec86f88e0f45b9a3be0ea739723f70d5cd41dfd57894d84bdea
6575,164.375,2.0535,92.2308,False,7,mechanical_001,694e94943eba5ec86f88e0f45b9a3be0ea739723f70d5cd41dfd57894d84bdea
6576,164.4,2.0538,92.3028,False,7,mechanical_001,694e94943eba5ec86f88e0f45b9a3be0ea739723f70d5cd41dfd57894d84bdea
6577,164.425,2.0541,92.3826,False,7,mechanical_001,694e94943eba5ec86f88e0f45b9a3be0ea739723f70d5cd41dfd57894d84bdea
6578,164.45,2.0545,92.4644,False,7,mechanical_001,694e94943eba5ec86f88e0f45b9a3be0ea739723f70d5cd41dfd57894d84bdea
6579,164.475,2.0548,92.5429,False,7,mechanical_001,694e94943eba5ec86f88e0f45b9a3be0ea739723f70d5cd41dfd57894d84bdea
6580,164.5,2.0551,92.6251,False,7,mechanical_001,694e94943eba5ec86f88e0f45b9a3be0ea739723f70d5cd41dfd57894d84bdea
6581,164.525,2.0554,92.698,False,7,mechanical_001,694e94943eba5ec86f88e0f45b9a3be0ea739723f70d5cd41dfd57894d84bdea
6582,164.55,2.0557,92.7553,False,7,mechanical_001,694e94943eba5ec86f88e0f45b9a3be0ea739723f70d5cd41dfd57894d84bdea
6583,164.575,2.056,92.8035,False,7,mechanical_001,694e94943eba5ec86f88e0f45b9a3be0ea739723f70d5cd41dfd57894d84bdea
6584,164.6,2.0563,92.8517,False,7,mechanical_001,694e94943eba5ec86f88e0f45b9a3be0ea739723f70d5cd41dfd57894d84bdea
6585,164.625,2.0566,92.8961,False,7,mechanical_001,694e94943eba5ec86f88e0f45b9a3be0ea739723f70d5cd41dfd57894d84bdea
6586,164.65,2.057,92.9416,False,7,mechanical_001,694e94943eba5ec86f88e0f45b9a3be0ea739723f70d5cd41dfd57894d84bdea
6587,164.675,2.0573,92.9943,False,7,mechanical_001,694e94943eba5ec86f88e0f45b9a3be0ea739723f70d5cd41dfd57894d84bdea
6588,164.7,2.0576,93.0609,False,7,mechanical_001,694e94943eba5ec86f88e0f45b9a3be0ea739723f70d5cd41dfd57894d84bdea
6589,164.725,2.0579,93.1414,False,7,mechanical_001,694e94943eba5ec86f88e0f45b9a3be0ea739723f70d5cd41dfd57894d84bdea
6590,164.75,2.0582,93.2234,False,7,mechanical_001,694e94943eba5ec86f88e0f45b9a3be0ea739723f70d5cd41dfd57894d84bdea
6591,164.775,2.0585,93.2931,False,7,mechanical_001,694e94943eba5ec86f88e0f45b9a3be0ea739723f70d5cd41dfd57894d84bdea
6592,164.8,2.0588,93.3589,False,7,mechanical_001,694e94943eba5ec86f88e0f45b9a3be0ea739723f70d5cd41dfd57894d84bdea
6593,164.825,2.0591,93.4292,False,7,mechanical_001,694e94943eba5ec86f88e0f45b9a3be0ea739723f70d5cd41dfd57894d84bdea
6594,164.85,2.0594,93.5034,False,7,mechanical_001,694e94943eba5ec86f88e0f45b9a3be0ea739723f70d5cd41dfd57894d84bdea
6595,164.875,2.0597,93.5712,False,7,mechanical_001,694e94943eba5ec86f88e0f45b9a3be0ea739723f70d5cd41dfd57894d84bdea
6596,164.9,2.06,93.6385,False,7,mechanical_001,694e94943eba5ec86f88e0f45b9a3be0ea739723f70d5cd41dfd57894d84bdea
6597,164.925,2.0604,93.7006,False,7,mechanical_001,694e94943eba5ec86f88e0f45b9a3be0ea739723f70d5cd41dfd57894d84bdea
6598,164.95,2.0607,93.774,False,7,mechanical_001,694e94943eba5ec86f88e0f45b9a3be0ea739723f70d5cd41dfd57894d84bdea
6599,164.975,2.061,93.8468,False,7,mechanical_001,694e94943eba5ec86f88e0f45b9a3be0ea739723f70d5cd41dfd57894d84bdea
6600,165.0,2.0613,93.9197,False,7,mechanical_001,694e94943eba5ec86f88e0f45b9a3be0ea739723f70d5cd41dfd57894d84bdea
6601,165.025,2.0616,93.996,False,7,mechanical_001,694e94943eba5ec86f88e0f45b9a3be0ea739723f70d5cd41dfd57894d84bdea
6602,165.05,2.0619,94.0699,False,7,mechanical_001,694e94943eba5ec86f88e0f45b9a3be0ea739723f70d5cd41dfd57894d84bdea
6603,165.075,2.0622,94.1348,False,7,mechanical_001,694e94943eba5ec86f88e0f45b9a3be0ea739723f70d5cd41dfd57894d84bdea
6604,165.1,2.0625,94.1969,False,7,mechanical_001,694e94943eba5ec86f88e0f45b9a3be0ea739723f70d5cd41dfd57894d84bdea
6605,165.125,2.0628,94.2459,False,7,mechanical_001,694e94943eba5ec86f88e0f45b9a3be0ea739723f70d5cd41dfd57894d84bdea
6606,165.15,2.0631,94.2952,False,7,mechanical_001,694e94943eba5ec86f88e0f45b9a3be0ea739723f70d5cd41dfd57894d84bdea
6607,165.175,2.0634,94.3363,False,7,mechanical_001,694e94943eba5ec86f88e0f45b9a3be0ea739723f70d5cd41dfd57894d84bdea
6608,165.2,2.0636,94.3705,False,7,mechanical_001,694e94943eba5ec86f88e0f45b9a3be0ea739723f70d5cd41dfd57894d84bdea
6609,165.225,2.0639,94.4003,False,7,mechanical_001,694e94943eba5ec86f88e0f45b9a3be0ea739723f70d5cd41dfd57894d84bdea
6610,165.25,2.0642,94.4392,False,7,mechanical_001,694e94943eba5ec86f88e0f45b9a3be0ea739723f70d5cd41dfd57894d84bdea
6611,165.275,2.0645,94.5003,False,7,mechanical_001,694e94943eba5ec86f88e0f45b9a3be0ea739723f70d5cd41dfd57894d84bdea
6612,165.3,2.0648,94.5885,False,7,mechanical_001,694e94943eba5ec86f88e0f45b9a3be0ea739723f70d5cd41dfd57894d84bdea
6613,165.325,2.0651,94.7031,False,7,mechanical_001,694e94943eba5ec86f88e0f45b9a3be0ea739723f70d5cd41dfd57894d84bdea
6614,165.35,2.0654,94.8233,False,7,mechanical_001,694e94943eba5ec86f88e0f45b9a3be0ea739723f70d5cd41dfd57894d84bdea
6615,165.375,2.0658,94.9473,False,7,mechanical_001,694e94943eba5ec86f88e0f45b9a3be0ea739723f70d5cd41dfd57894d84bdea
6616,165.4,2.0661,95.0805,False,7,mechanical_001,694e94943eba5ec86f88e0f45b9a3be0ea739723f70d5cd41dfd57894d84bdea
6617,165.425,2.0664,95.2258,False,7,mechanical_001,694e94943eba5ec86f88e0f45b9a3be0ea739723f70d5cd41dfd57894d84bdea
6618,165.45,2.0667,95.3762,False,7,mechanical_001,694e94943eba5ec86f88e0f45b9a3be0ea739723f70d5cd41dfd57894d84bdea
6619,165.475,2.067,95.5144,False,7,mechanical_001,694e94943eba5ec86f88e0f45b9a3be0ea739723f70d5cd41dfd57894d84bdea
6620,165.5,2.0674,95.6491,False,7,mechanical_001,694e94943eba5ec86f88e0f45b9a3be0ea739723f70d5cd41dfd57894d84bdea
6621,165.525,2.0677,95.7701,False,7,mechanical_001,694e94943eba5ec86f88e0f45b9a3be0ea739723f70d5cd41dfd57894d84bdea
6622,165.55,2.068,95.8726,False,7,mechanical_001,694e94943eba5ec86f88e0f45b9a3be0ea739723f70d5cd41dfd57894d84bdea
6623,165.575,2.0683,95.9639,False,7,mechanical_001,694e94943eba5ec86f88e0f45b9a3be0ea739723f70d5cd41dfd57894d84bdea
6624,165.6,2.0686,96.0464,False,7,mechanical_001,694e94943eba5ec86f88e0f45b9a3be0ea739723f70d5cd41dfd57894d84bdea
6625,165.625,2.0689,96.1165,False,7,mechanical_001,694e94943eba5ec86f88e0f45b9a3be0ea739723f70d5cd41dfd57894d84bdea
6626,165.65,2.0692,96.1745,False,7,mechanical_001,694e94943eba5ec86f88e0f45b9a3be0ea739723f70d5cd41dfd57894d84bdea
6627,165.675,2.0695,96.2259,False,7,mechanical_001,694e94943eba5ec86f88e0f45b9a3be0ea739723f70d5cd41dfd57894d84bdea
6628,165.7,2.0698,96.2859,False,7,mechanical_001,694e94943eba5ec86f88e0f45b9a3be0ea739723f70d5cd41dfd57894d84bdea
6629,165.725,2.0701,96.3539,False,7,mechanical_001,694e94943eba5ec86f88e0f45b9a3be0ea739723f70d5cd41dfd57894d84bdea
6630,165.75,2.0704,96.4304,False,7,mechanical_001,694e94943eba5ec86f88e0f45b9a3be0ea739723f70d5cd41dfd57894d84bdea
6631,165.775,2.0707,96.508,False,7,mechanical_001,694e94943eba5ec86f88e0f45b9a3be0ea739723f70d5cd41dfd57894d84bdea
6632,165.8,2.071,96.5957,False,7,mechanical_001,694e94943eba5ec86f88e0f45b9a3be0ea739723f70d5cd41dfd57894d84bdea
6633,165.825,2.0713,96.6942,False,7,mechanical_001,694e94943eba5ec86f88e0f45b9a3be0ea739723f70d5cd41dfd57894d84bdea
6634,165.85,2.0716,96.7835,False,7,mechanical_001,694e94943eba5ec86f88e0f45b9a3be0ea739723f70d5cd41dfd57894d84bdea
6635,165.875,2.0719,96.883,False,7,mechanical_001,694e94943eba5ec86f88e0f45b9a3be0ea739723f70d5cd41dfd57894d84bdea
6636,165.9,2.0723,96.9902,False,7,mechanical_001,694e94943eba5ec86f88e0f45b9a3be0ea739723f70d5cd41dfd57894d84bdea
6637,165.925,2.0726,97.1108,False,7,mechanical_001,694e94943eba5ec86f88e0f45b9a3be0ea739723f70d5cd41dfd57894d84bdea
6638,165.95,2.0729,97.2435,False,7,mechanical_001,694e94943eba5ec86f88e0f45b9a3be0ea739723f70d5cd41dfd57894d84bdea
6639,165.975,2.0732,97.3794,False,7,mechanical_001,694e94943eba5ec86f88e0f45b9a3be0ea739723f70d5cd41dfd57894d84bdea
6640,166.0,2.0736,97.493,False,7,mechanical_001,694e94943eba5ec86f88e0f45b9a3be0ea739723f70d5cd41dfd57894d84bdea
6641,166.025,2.0739,97.5869,False,7,mechanical_001,694e94943eba5ec86f88e0f45b9a3be0ea739723f70d5cd41dfd57894d84bdea
6642,166.05,2.0742,97.6714,False,7,mechanical_001,694e94943eba5ec86f88e0f45b9a3be0ea739723f70d5cd41dfd57894d84bdea
6643,166.075,2.0745,97.7676,False,7,mechanical_001,694e94943eba5ec86f88e0f45b9a3be0ea739723f70d5cd41dfd57894d84bdea
6644,166.1,2.0748,97.8348,False,7,mechanical_001,694e94943eba5ec86f88e0f45b9a3be0ea739723f70d5cd41dfd57894d84bdea
6645,166.125,2.0751,97.8971,False,7,mechanical_001,694e94943eba5ec86f88e0f45b9a3be0ea739723f70d5cd41dfd57894d84bdea
6646,166.15,2.0754,97.9534,False,7,mechanical_001,694e94943eba5ec86f88e0f45b9a3be0ea739723f70d5cd41dfd57894d84bdea
6647,166.175,2.0757,98.0233,False,7,mechanical_001,694e94943eba5ec86f88e0f45b9a3be0ea739723f70d5cd41dfd57894d84bdea
6648,166.2,2.076,98.1033,False,7,mechanical_001,694e94943eba5ec86f88e0f45b9a3be0ea739723f70d5cd41dfd57894d84bdea
6649,166.225,2.0763,98.197,False,7,mechanical_001,694e94943eba5ec86f88e0f45b9a3be0ea739723f70d5cd41dfd57894d84bdea
6650,166.25,2.0767,98.3178,False,7,mechanical_001,694e94943eba5ec86f88e0f45b9a3be0ea739723f70d5cd41dfd57894d84bdea
6651,166.275,2.077,98.4421,False,7,mechanical_001,694e94943eba5ec86f88e0f45b9a3be0ea739723f70d5cd41dfd57894d84bdea
6652,166.3,2.0773,98.5552,False,7,mechanical_001,694e94943eba5ec86f88e0f45b9a3be0ea739723f70d5cd41dfd57894d84bdea
6653,166.325,2.0776,98.6672,False,7,mechanical_001,694e94943eba5ec86f88e0f45b9a3be0ea739723f70d5cd41dfd57894d84bdea
6654,166.35,2.0779,98.7708,False,7,mechanical_001,694e94943eba5ec86f88e0f45b9a3be0ea739723f70d5cd41dfd57894d84bdea
6655,166.375,2.0783,98.8669,False,7,mechanical_001,694e94943eba5ec86f88e0f45b9a3be0ea739723f70d5cd41dfd57894d84bdea
6656,166.4,2.0786,98.9518,False,7,mechanical_001,694e94943eba5ec86f88e0f45b9a3be0ea739723f70d5cd41dfd57894d84bdea
6657,166.425,2.0789,99.0357,False,7,mechanical_001,694e94943eba5ec86f88e0f45b9a3be0ea739723f70d5cd41dfd57894d84bdea
6658,166.45,2.0792,99.1246,False,7,mechanical_001,694e94943eba5ec86f88e0f45b9a3be0ea739723f70d5cd41dfd57894d84bdea
6659,166.475,2.0795,99.2123,False,7,mechanical_001,694e94943eba5ec86f88e0f45b9a3be0ea739723f70d5cd41dfd57894d84bdea
6660,166.5,2.0798,99.2896,False,7,mechanical_001,694e94943eba5ec86f88e0f45b9a3be0ea739723f70d5cd41dfd57894d84bdea
6661,166.525,2.0802,99.3616,False,7,mechanical_001,694e94943eba5ec86f88e0f45b9a3be0ea739723f70d5cd41dfd57894d84bdea
6662,166.55,2.0805,99.4281,False,7,mechanical_001,694e94943eba5ec86f88e0f45b9a3be0ea739723f70d5cd41dfd57894d84bdea
6663,166.575,2.0808,99.4965,False,7,mechanical_001,694e94943eba5ec86f88e0f45b9a3be0ea739723f70d5cd41dfd57894d84bdea
6664,166.6,2.0811,99.5708,False,7,mechanical_001,694e94943eba5ec86f88e0f45b9a3be0ea739723f70d5cd41dfd57894d84bdea
6665,166.625,2.0814,99.6531,False,7,mechanical_001,694e94943eba5ec86f88e0f45b9a3be0ea739723f70d5cd41dfd57894d84bdea
6666,166.65,2.0817,99.7359,False,7,mechanical_001,694e94943eba5ec86f88e0f45b9a3be0ea739723f70d5cd41dfd57894d84bdea
6667,166.675,2.082,99.8251,False,7,mechanical_001,694e94943eba5ec86f88e0f45b9a3be0ea739723f70d5cd41dfd57894d84bdea
6668,166.7,2.0824,99.9225,False,7,mechanical_001,694e94943eba5ec86f88e0f45b9a3be0ea739723f70d5cd41dfd57894d84bdea
6669,166.725,2.0827,100.0255,False,7,mechanical_001,694e94943eba5ec86f88e0f45b9a3be0ea739723f70d5cd41dfd57894d84bdea
6670,166.75,2.083,100.1425,False,7,mechanical_001,694e94943eba5ec86f88e0f45b9a3be0ea739723f70d5cd41dfd57894d84bdea
6671,166.775,2.0833,100.2664,False,7,mechanical_001,694e94943eba5ec86f88e0f45b9a3be0ea739723f70d5cd41dfd57894d84bdea
6672,166.8,2.0837,100.387,False,7,mechanical_001,694e94943eba5ec86f88e0f45b9a3be0ea739723f70d5cd41dfd57894d84bdea
6673,166.825,2.084,100.4872,False,7,mechanical_001,694e94943eba5ec86f88e0f45b9a3be0ea739723f70d5cd41dfd57894d84bdea
6674,166.85,2.0843,100.5675,False,7,mechanical_001,694e94943eba5ec86f88e0f45b9a3be0ea739723f70d5cd41dfd57894d84bdea
6675,166.875,2.0846,100.6423,False,7,mechanical_001,694e94943eba5ec86f88e0f45b9a3be0ea739723f70d5cd41dfd57894d84bdea
6676,166.9,2.0849,100.6931,False,7,mechanical_001,694e94943eba5ec86f88e0f45b9a3be0ea739723f70d5cd41dfd57894d84bdea
6677,166.925,2.0852,100.7427,False,7,mechanical_001,694e94943eba5ec86f88e0f45b9a3be0ea739723f70d5cd41dfd57894d84bdea
6678,166.95,2.0855,100.812,False,7,mechanical_001,694e94943eba5ec86f88e0f45b9a3be0ea739723f70d5cd41dfd57894d84bdea
6679,166.975,2.0858,100.885,False,7,mechanical_001,694e94943eba5ec86f88e0f45b9a3be0ea739723f70d5cd41dfd57894d84bdea
6680,167.0,2.0862,100.9502,False,7,mechanical_001,694e94943eba5ec86f88e0f45b9a3be0ea739723f70d5cd41dfd57894d84bdea
6681,167.025,2.0865,101.026,False,7,mechanical_001,694e94943eba5ec86f88e0f45b9a3be0ea739723f70d5cd41dfd57894d84bdea
6682,167.05,2.0868,101.115,False,7,mechanical_001,694e94943eba5ec86f88e0f45b9a3be0ea739723f70d5cd41dfd57894d84bdea
6683,167.075,2.0871,101.2097,False,7,mechanical_001,694e94943eba5ec86f88e0f45b9a3be0ea739723f70d5cd41dfd57894d84bdea
6684,167.1,2.0874,101.293,False,7,mechanical_001,694e94943eba5ec86f88e0f45b9a3be0ea739723f70d5cd41dfd57894d84bdea
6685,167.125,2.0877,101.3752,False,7,mechanical_001,694e94943eba5ec86f88e0f45b9a3be0ea739723f70d5cd41dfd57894d84bdea
6686,167.15,2.0881,101.4577,False,7,mechanical_001,694e94943eba5ec86f88e0f45b9a3be0ea739723f70d5cd41dfd57894d84bdea
6687,167.175,2.0884,101.5412,False,7,mechanical_001,694e94943eba5ec86f88e0f45b9a3be0ea739723f70d5cd41dfd57894d84bdea
6688,167.2,2.0887,101.632,False,7,mechanical_001,694e94943eba5ec86f88e0f45b9a3be0ea739723f70d5cd41dfd57894d84bdea
6689,167.225,2.089,101.7146,False,7,mechanical_001,694e94943eba5ec86f88e0f45b9a3be0ea739723f70d5cd41dfd57894d84bdea
6690,167.25,2.0893,101.781,False,7,mechanical_001,694e94943eba5ec86f88e0f45b9a3be0ea739723f70d5cd41dfd57894d84bdea
6691,167.275,2.0896,101.8521,False,7,mechanical_001,694e94943eba5ec86f88e0f45b9a3be0ea739723f70d5cd41dfd57894d84bdea
6692,167.3,2.09,101.9301,False,7,mechanical_001,694e94943eba5ec86f88e0f45b9a3be0ea739723f70d5cd41dfd57894d84bdea
6693,167.325,2.0903,102.0106,False,7,mechanical_001,694e94943eba5ec86f88e0f45b9a3be0ea739723f70d5cd41dfd57894d84bdea
6694,167.35,2.0906,102.1036,False,7,mechanical_001,694e94943eba5ec86f88e0f45b9a3be0ea739723f70d5cd41dfd57894d84bdea
6695,167.375,2.0909,102.218,False,7,mechanical_001,694e94943eba5ec86f88e0f45b9a3be0ea739723f70d5cd41dfd57894d84bdea
6696,167.4,2.0913,102.3334,False,7,mechanical_001,694e94943eba5ec86f88e0f45b9a3be0ea739723f70d5cd41dfd57894d84bdea
6697,167.425,2.0916,102.4444,False,7,mechanical_001,694e94943eba5ec86f88e0f45b9a3be0ea739723f70d5cd41dfd57894d84bdea
6698,167.45,2.0919,102.5652,False,7,mechanical_001,694e94943eba5ec86f88e0f45b9a3be0ea739723f70d5cd41dfd57894d84bdea
6699,167.475,2.0923,102.6828,False,7,mechanical_001,694e94943eba5ec86f88e0f45b9a3be0ea739723f70d5cd41dfd57894d84bdea
6700,167.5,2.0926,102.7928,False,7,mechanical_001,694e94943eba5ec86f88e0f45b9a3be0ea739723f70d5cd41dfd57894d84bdea
6701,167.525,2.0929,102.8893,False,7,mechanical_001,694e94943eba5ec86f88e0f45b9a3be0ea739723f70d5cd41dfd57894d84bdea
6702,167.55,2.0932,102.9615,False,7,mechanical_001,694e94943eba5ec86f88e0f45b9a3be0ea739723f70d5cd41dfd57894d84bdea
6703,167.575,2.0935,103.0077,False,7,mechanical_001,694e94943eba5ec86f88e0f45b9a3be0ea739723f70d5cd41dfd57894d84bdea
6704,167.6,2.0938,103.0479,False,7,mechanical_001,694e94943eba5ec86f88e0f45b9a3be0ea739723f70d5cd41dfd57894d84bdea
6705,167.625,2.0941,103.0894,False,7,mechanical_001,694e94943eba5ec86f88e0f45b9a3be0ea739723f70d5cd41dfd57894d84bdea
6706,167.65,2.0944,103.136,False,7,mechanical_001,694e94943eba5ec86f88e0f45b9a3be0ea739723f70d5cd41dfd57894d84bdea
6707,167.675,2.0947,103.1873,False,7,mechanical_001,694e94943eba5ec86f88e0f45b9a3be0ea739723f70d5cd41dfd57894d84bdea
6708,167.7,2.0951,103.2482,False,7,mechanical_001,694e94943eba5ec86f88e0f45b9a3be0ea739723f70d5cd41dfd57894d84bdea
6709,167.725,2.0954,103.3259,False,7,mechanical_001,694e94943eba5ec86f88e0f45b9a3be0ea739723f70d5cd41dfd57894d84bdea
6710,167.75,2.0957,103.4091,False,7,mechanical_001,694e94943eba5ec86f88e0f45b9a3be0ea739723f70d5cd41dfd57894d84bdea
6711,167.775,2.096,103.5128,False,7,mechanical_001,694e94943eba5ec86f88e0f45b9a3be0ea739723f70d5cd41dfd57894d84bdea
6712,167.8,2.0963,103.628,False,7,mechanical_001,694e94943eba5ec86f88e0f45b9a3be0ea739723f70d5cd41dfd57894d84bdea
6713,167.825,2.0966,103.7318,False,7,mechanical_001,694e94943eba5ec86f88e0f45b9a3be0ea739723f70d5cd41dfd57894d84bdea
6714,167.85,2.097,103.8189,False,7,mechanical_001,694e94943eba5ec86f88e0f45b9a3be0ea739723f70d5cd41dfd57894d84bdea
6715,167.875,2.0973,103.8845,False,7,mechanical_001,694e94943eba5ec86f88e0f45b9a3be0ea739723f70d5cd41dfd57894d84bdea
6716,167.9,2.0976,103.9286,False,7,mechanical_001,694e94943eba5ec86f88e0f45b9a3be0ea739723f70d5cd41dfd57894d84bdea
6717,167.925,2.0979,103.9763,False,7,mechanical_001,694e94943eba5ec86f88e0f45b9a3be0ea739723f70d5cd41dfd57894d84bdea
6718,167.95,2.0982,104.0452,False,7,mechanical_001,694e94943eba5ec86f88e0f45b9a3be0ea739723f70d5cd41dfd57894d84bdea
6719,167.975,2.0985,104.1278,False,7,mechanical_001,694e94943eba5ec86f88e0f45b9a3be0ea739723f70d5cd41dfd57894d84bdea
6720,168.0,2.0988,104.208,False,7,mechanical_001,694e94943eba5ec86f88e0f45b9a3be0ea739723f70d5cd41dfd57894d84bdea
6721,168.025,2.0991,104.2834,False,7,mechanical_001,694e94943eba5ec86f88e0f45b9a3be0ea739723f70d5cd41dfd57894d84bdea
6722,168.05,2.0994,104.3405,False,7,mechanical_001,694e94943eba5ec86f88e0f45b9a3be0ea739723f70d5cd41dfd57894d84bdea
6723,168.075,2.0997,104.384,False,7,mechanical_001,694e94943eba5ec86f88e0f45b9a3be0ea739723f70d5cd41dfd57894d84bdea
6724,168.1,2.1,104.4168,False,7,mechanical_001,694e94943eba5ec86f88e0f45b9a3be0ea739723f70d5cd41dfd57894d84bdea
6725,168.125,2.1003,104.4434,False,7,mechanical_001,694e94943eba5ec86f88e0f45b9a3be0ea739723f70d5cd41dfd57894d84bdea
6726,168.15,2.1006,104.4581,False,7,mechanical_001,694e94943eba5ec86f88e0f45b9a3be0ea739723f70d5cd41dfd57894d84bdea
6727,168.175,2.1008,104.4678,False,7,mechanical_001,694e94943eba5ec86f88e0f45b9a3be0ea739723f70d5cd41dfd57894d84bdea
6728,168.2,2.1011,104.4893,False,7,mechanical_001,694e94943eba5ec86f88e0f45b9a3be0ea739723f70d5cd41dfd57894d84bdea
6729,168.225,2.1014,104.5163,False,7,mechanical_001,694e94943eba5ec86f88e0f45b9a3be0ea739723f70d5cd41dfd57894d84bdea
6730,168.25,2.1017,104.5425,False,7,mechanical_001,694e94943eba5ec86f88e0f45b9a3be0ea739723f70d5cd41dfd57894d84bdea
6731,168.275,2.102,104.615,False,7,mechanical_001,694e94943eba5ec86f88e0f45b9a3be0ea739723f70d5cd41dfd57894d84bdea
6732,168.3,2.1023,104.7948,False,7,mechanical_001,694e94943eba5ec86f88e0f45b9a3be0ea739723f70d5cd41dfd57894d84bdea
6733,168.325,2.1026,105.0216,False,7,mechanical_001,694e94943eba5ec86f88e0f45b9a3be0ea739723f70d5cd41dfd57894d84bdea
6734,168.35,2.103,105.2202,False,7,mechanical_001,694e94943eba5ec86f88e0f45b9a3be0ea739723f70d5cd41dfd57894d84bdea
6735,168.375,2.1033,105.4055,False,7,mechanical_001,694e94943eba5ec86f88e0f45b9a3be0ea739723f70d5cd41dfd57894d84bdea
6736,168.4,2.1036,105.5499,False,7,mechanical_001,694e94943eba5ec86f88e0f45b9a3be0ea739723f70d5cd41dfd57894d84bdea
6737,168.425,2.104,105.694,False,7,mechanical_001,694e94943eba5ec86f88e0f45b9a3be0ea739723f70d5cd41dfd57894d84bdea
6738,168.45,2.1043,105.7911,False,7,mechanical_001,694e94943eba5ec86f88e0f45b9a3be0ea739723f70d5cd41dfd57894d84bdea
6739,168.475,2.1046,105.8925,False,7,mechanical_001,694e94943eba5ec86f88e0f45b9a3be0ea739723f70d5cd41dfd57894d84bdea
6740,168.5,2.1049,106.0072,False,7,mechanical_001,694e94943eba5ec86f88e0f45b9a3be0ea739723f70d5cd41dfd57894d84bdea
6741,168.525,2.1052,106.1352,False,7,mechanical_001,694e94943eba5ec86f88e0f45b9a3be0ea739723f70d5cd41dfd57894d84bdea
6742,168.55,2.1055,106.2354,False,7,mechanical_001,694e94943eba5ec86f88e0f45b9a3be0ea739723f70d5cd41dfd57894d84bdea
6743,168.575,2.1058,106.3716,False,7,mechanical_001,694e94943eba5ec86f88e0f45b9a3be0ea739723f70d5cd41dfd57894d84bdea
6744,168.6,2.1061,106.5146,False,7,mechanical_001,694e94943eba5ec86f88e0f45b9a3be0ea739723f70d5cd41dfd57894d84bdea
6745,168.625,2.1065,106.6056,False,7,mechanical_001,694e94943eba5ec86f88e0f45b9a3be0ea739723f70d5cd41dfd57894d84bdea
6746,168.65,2.1068,106.6877,False,7,mechanical_001,694e94943eba5ec86f88e0f45b9a3be0ea739723f70d5cd41dfd57894d84bdea
6747,168.675,2.1071,106.7567,False,7,mechanical_001,694e94943eba5ec86f88e0f45b9a3be0ea739723f70d5cd41dfd57894d84bdea
6748,168.7,2.1074,106.8343,False,7,mechanical_001,694e94943eba5ec86f88e0f45b9a3be0ea739723f70d5cd41dfd57894d84bdea
6749,168.725,2.1077,106.9236,False,7,mechanical_001,694e94943eba5ec86f88e0f45b9a3be0ea739723f70d5cd41dfd57894d84bdea
6750,168.75,2.108,107.0391,False,7,mechanical_001,694e94943eba5ec86f88e0f45b9a3be0ea739723f70d5cd41dfd57894d84bdea
6751,168.775,2.1083,107.1439,False,7,mechanical_001,694e94943eba5ec86f88e0f45b9a3be0ea739723f70d5cd41dfd57894d84bdea
6752,168.8,2.1086,107.2337,False,7,mechanical_001,694e94943eba5ec86f88e0f45b9a3be0ea739723f70d5cd41dfd57894d84bdea
6753,168.825,2.1089,107.361,False,7,mechanical_001,694e94943eba5ec86f88e0f45b9a3be0ea739723f70d5cd41dfd57894d84bdea
6754,168.85,2.1092,107.4989,False,7,mechanical_001,694e94943eba5ec86f88e0f45b9a3be0ea739723f70d5cd41dfd57894d84bdea
6755,168.875,2.1096,107.6228,False,7,mechanical_001,694e94943eba5ec86f88e0f45b9a3be0ea739723f70d5cd41dfd57894d84bdea
6756,168.9,2.1099,107.7595,False,7,mechanical_001,694e94943eba5ec86f88e0f45b9a3be0ea739723f70d5cd41dfd57894d84bdea
6757,168.925,2.1102,107.8963,False,7,mechanical_001,694e94943eba5ec86f88e0f45b9a3be0ea739723f70d5cd41dfd57894d84bdea
6758,168.95,2.1105,108.0152,False,7,mechanical_001,694e94943eba5ec86f88e0f45b9a3be0ea739723f70d5cd41dfd57894d84bdea
6759,168.975,2.1108,108.1431,False,7,mechanical_001,694e94943eba5ec86f88e0f45b9a3be0ea739723f70d5cd41dfd57894d84bdea
6760,169.0,2.1111,108.2618,False,7,mechanical_001,694e94943eba5ec86f88e0f45b9a3be0ea739723f70d5cd41dfd57894d84bdea
6761,169.025,2.1114,108.3748,False,7,mechanical_001,694e94943eba5ec86f88e0f45b9a3be0ea739723f70d5cd41dfd57894d84bdea
6762,169.05,2.1118,108.474,False,7,mechanical_001,694e94943eba5ec86f88e0f45b9a3be0ea739723f70d5cd41dfd57894d84bdea
6763,169.075,2.1121,108.5723,False,7,mechanical_001,694e94943eba5ec86f88e0f45b9a3be0ea739723f70d5cd41dfd57894d84bdea
6764,169.1,2.1124,108.6731,False,7,mechanical_001,694e94943eba5ec86f88e0f45b9a3be0ea739723f70d5cd41dfd57894d84bdea
6765,169.125,2.1127,108.7817,False,7,mechanical_001,694e94943eba5ec86f88e0f45b9a3be0ea739723f70d5cd41dfd57894d84bdea
6766,169.15,2.113,108.8999,False,7,mechanical_001,694e94943eba5ec86f88e0f45b9a3be0ea739723f70d5cd41dfd57894d84bdea
6767,169.175,2.1133,109.0214,False,7,mechanical_001,694e94943eba5ec86f88e0f45b9a3be0ea739723f70d5cd41dfd57894d84bdea
6768,169.2,2.1136,109.1388,False,7,mechanical_001,694e94943eba5ec86f88e0f45b9a3be0ea739723f70d5cd41dfd57894d84bdea
6769,169.225,2.1139,109.2653,False,7,mechanical_001,694e94943eba5ec86f88e0f45b9a3be0ea739723f70d5cd41dfd57894d84bdea
6770,169.25,2.1143,109.391,False,7,mechanical_001,694e94943eba5ec86f88e0f45b9a3be0ea739723f70d5cd41dfd57894d84bdea
6771,169.275,2.1146,109.5013,False,7,mechanical_001,694e94943eba5ec86f88e0f45b9a3be0ea739723f70d5cd41dfd57894d84bdea
6772,169.3,2.1149,109.5996,False,7,mechanical_001,694e94943eba5ec86f88e0f45b9a3be0ea739723f70d5cd41dfd57894d84bdea
6773,169.325,2.1152,109.698,False,7,mechanical_001,694e94943eba5ec86f88e0f45b9a3be0ea739723f70d5cd41dfd57894d84bdea
6774,169.35,2.1155,109.8049,False,7,mechanical_001,694e94943eba5ec86f88e0f45b9a3be0ea739723f70d5cd41dfd57894d84bdea
6775,169.375,2.1158,109.9303,False,7,mechanical_001,694e94943eba5ec86f88e0f45b9a3be0ea739723f70d5cd41dfd57894d84bdea
6776,169.4,2.1161,110.0593,False,7,mechanical_001,694e94943eba5ec86f88e0f45b9a3be0ea739723f70d5cd41dfd57894d84bdea
6777,169.425,2.1165,110.1882,False,7,mechanical_001,694e94943eba5ec86f88e0f45b9a3be0ea739723f70d5cd41dfd57894d84bdea
6778,169.45,2.1168,110.3261,False,7,mechanical_001,694e94943eba5ec86f88e0f45b9a3be0ea739723f70d5cd41dfd57894d84bdea
6779,169.475,2.1171,110.4714,False,7,mechanical_001,694e94943eba5ec86f88e0f45b9a3be0ea739723f70d5cd41dfd57894d84bdea
6780,169.5,2.1174,110.6182,False,7,mechanical_001,694e94943eba5ec86f88e0f45b9a3be0ea739723f70d5cd41dfd57894d84bdea
6781,169.525,2.1178,110.7634,False,7,mechanical_001,694e94943eba5ec86f88e0f45b9a3be0ea739723f70d5cd41dfd57894d84bdea
6782,169.55,2.1181,110.9112,False,7,mechanical_001,694e94943eba5ec86f88e0f45b9a3be0ea739723f70d5cd41dfd57894d84bdea
6783,169.575,2.1184,111.0816,False,7,mechanical_001,694e94943eba5ec86f88e0f45b9a3be0ea739723f70d5cd41dfd57894d84bdea
6784,169.6,2.1188,111.267,False,7,mechanical_001,694e94943eba5ec86f88e0f45b9a3be0ea739723f70d5cd41dfd57894d84bdea
6785,169.625,2.1191,111.4555,False,7,mechanical_001,694e94943eba5ec86f88e0f45b9a3be0ea739723f70d5cd41dfd57894d84bdea
6786,169.65,2.1194,111.6528,False,7,mechanical_001,694e94943eba5ec86f88e0f45b9a3be0ea739723f70d5cd41dfd57894d84bdea
6787,169.675,2.1198,111.8587,False,7,mechanical_001,694e94943eba5ec86f88e0f45b9a3be0ea739723f70d5cd41dfd57894d84bdea
6788,169.7,2.1201,112.0354,False,7,mechanical_001,694e94943eba5ec86f88e0f45b9a3be0ea739723f70d5cd41dfd57894d84bdea
6789,169.725,2.1204,112.1572,False,7,mechanical_001,694e94943eba5ec86f88e0f45b9a3be0ea739723f70d5cd41dfd57894d84bdea
6790,169.75,2.1208,112.2622,False,7,mechanical_001,694e94943eba5ec86f88e0f45b9a3be0ea739723f70d5cd41dfd57894d84bdea
6791,169.775,2.1211,112.3573,False,7,mechanical_001,694e94943eba5ec86f88e0f45b9a3be0ea739723f70d5cd41dfd57894d84bdea
6792,169.8,2.1214,112.449,False,7,mechanical_001,694e94943eba5ec86f88e0f45b9a3be0ea739723f70d5cd41dfd57894d84bdea
6793,169.825,2.1217,112.5262,False,7,mechanical_001,694e94943eba5ec86f88e0f45b9a3be0ea739723f70d5cd41dfd57894d84bdea
6794,169.85,2.122,112.6092,False,7,mechanical_001,694e94943eba5ec86f88e0f45b9a3be0ea739723f70d5cd41dfd57894d84bdea
6795,169.875,2.1223,112.6991,False,7,mechanical_001,694e94943eba5ec86f88e0f45b9a3be0ea739723f70d5cd41dfd57894d84bdea
6796,169.9,2.1226,112.8029,False,7,mechanical_001,694e94943eba5ec86f88e0f45b9a3be0ea739723f70d5cd41dfd57894d84bdea
6797,169.925,2.1229,112.9312,False,7,mechanical_001,694e94943eba5ec86f88e0f45b9a3be0ea739723f70d5cd41dfd57894d84bdea
6798,169.95,2.1233,113.0765,False,7,mechanical_001,694e94943eba5ec86f88e0f45b9a3be0ea739723f70d5cd41dfd57894d84bdea
6799,169.975,2.1236,113.2376,False,7,mechanical_001,694e94943eba5ec86f88e0f45b9a3be0ea739723f70d5cd41dfd57894d84bdea
6800,170.0,2.1239,113.4103,False,7,mechanical_001,694e94943eba5ec86f88e0f45b9a3be0ea739723f70d5cd41dfd57894d84bdea
6801,170.025,2.1242,113.582,False,7,mechanical_001,694e94943eba5ec86f88e0f45b9a3be0ea739723f70d5cd41dfd57894d84bdea
6802,170.05,2.1246,113.7609,False,7,mechanical_001,694e94943eba5ec86f88e0f45b9a3be0ea739723f70d5cd41dfd57894d84bdea
6803,170.075,2.1249,113.94,False,7,mechanical_001,694e94943eba5ec86f88e0f45b9a3be0ea739723f70d5cd41dfd57894d84bdea
6804,170.1,2.1252,114.0925,False,7,mechanical_001,694e94943eba5ec86f88e0f45b9a3be0ea739723f70d5cd41dfd57894d84bdea
6805,170.125,2.1256,114.2167,False,7,mechanical_001,694e94943eba5ec86f88e0f45b9a3be0ea739723f70d5cd41dfd57894d84bdea
6806,170.15,2.1259,114.3199,False,7,mechanical_001,694e94943eba5ec86f88e0f45b9a3be0ea739723f70d5cd41dfd57894d84bdea
6807,170.175,2.1262,114.4023,False,7,mechanical_001,694e94943eba5ec86f88e0f45b9a3be0ea739723f70d5cd41dfd57894d84bdea
6808,170.2,2.1265,114.4702,False,7,mechanical_001,694e94943eba5ec86f88e0f45b9a3be0ea739723f70d5cd41dfd57894d84bdea
6809,170.225,2.1268,114.5089,False,7,mechanical_001,694e94943eba5ec86f88e0f45b9a3be0ea739723f70d5cd41dfd57894d84bdea
6810,170.25,2.1271,114.5425,False,7,mechanical_001,694e94943eba5ec86f88e0f45b9a3be0ea739723f70d5cd41dfd57894d84bdea
6811,170.275,2.1274,114.59,False,7,mechanical_001,694e94943eba5ec86f88e0f45b9a3be0ea739723f70d5cd41dfd57894d84bdea
6812,170.3,2.1277,114.6489,False,7,mechanical_001,694e94943eba5ec86f88e0f45b9a3be0ea739723f70d5cd41dfd57894d84bdea
6813,170.325,2.128,114.7225,False,7,mechanical_001,694e94943eba5ec86f88e0f45b9a3be0ea739723f70d5cd41dfd57894d84bdea
6814,170.35,2.1283,114.818,False,7,mechanical_001,694e94943eba5ec86f88e0f45b9a3be0ea739723f70d5cd41dfd57894d84bdea
6815,170.375,2.1286,114.9319,False,7,mechanical_001,694e94943eba5ec86f88e0f45b9a3be0ea739723f70d5cd41dfd57894d84bdea
6816,170.4,2.1289,115.0491,False,7,mechanical_001,694e94943eba5ec86f88e0f45b9a3be0ea739723f70d5cd41dfd57894d84bdea
6817,170.425,2.1292,115.1804,False,7,mechanical_001,694e94943eba5ec86f88e0f45b9a3be0ea739723f70d5cd41dfd57894d84bdea
6818,170.45,2.1295,115.2948,False,7,mechanical_001,694e94943eba5ec86f88e0f45b9a3be0ea739723f70d5cd41dfd57894d84bdea
6819,170.475,2.1299,115.4118,False,7,mechanical_001,694e94943eba5ec86f88e0f45b9a3be0ea739723f70d5cd41dfd57894d84bdea
6820,170.5,2.1302,115.5277,False,7,mechanical_001,694e94943eba5ec86f88e0f45b9a3be0ea739723f70d5cd41dfd57894d84bdea
6821,170.525,2.1305,115.6333,False,7,mechanical_001,694e94943eba5ec86f88e0f45b9a3be0ea739723f70d5cd41dfd57894d84bdea
6822,170.55,2.1308,115.741,False,7,mechanical_001,694e94943eba5ec86f88e0f45b9a3be0ea739723f70d5cd41dfd57894d84bdea
6823,170.575,2.1311,115.8513,False,7,mechanical_001,694e94943eba5ec86f88e0f45b9a3be0ea739723f70d5cd41dfd57894d84bdea
6824,170.6,2.1314,115.9565,False,7,mechanical_001,694e94943eba5ec86f88e0f45b9a3be0ea739723f70d5cd41dfd57894d84bdea
6825,170.625,2.1317,116.0527,False,7,mechanical_001,694e94943eba5ec86f88e0f45b9a3be0ea739723f70d5cd41dfd57894d84bdea
6826,170.65,2.132,116.1637,False,7,mechanical_001,694e94943eba5ec86f88e0f45b9a3be0ea739723f70d5cd41dfd57894d84bdea
6827,170.675,2.1324,116.2779,False,7,mechanical_001,694e94943eba5ec86f88e0f45b9a3be0ea739723f70d5cd41dfd57894d84bdea
6828,170.7,2.1327,116.4124,False,7,mechanical_001,694e94943eba5ec86f88e0f45b9a3be0ea739723f70d5cd41dfd57894d84bdea
6829,170.725,2.133,116.5572,False,7,mechanical_001,694e94943eba5ec86f88e0f45b9a3be0ea739723f70d5cd41dfd57894d84bdea
6830,170.75,2.1333,116.6947,False,7,mechanical_001,694e94943eba5ec86f88e0f45b9a3be0ea739723f70d5cd41dfd57894d84bdea
6831,170.775,2.1337,116.8047,False,7,mechanical_001,694e94943eba5ec86f88e0f45b9a3be0ea739723f70d5cd41dfd57894d84bdea
6832,170.8,2.134,116.8926,False,7,mechanical_001,694e94943eba5ec86f88e0f45b9a3be0ea739723f70d5cd41dfd57894d84bdea
6833,170.825,2.1343,116.9566,False,7,mechanical_001,694e94943eba5ec86f88e0f45b9a3be0ea739723f70d5cd41dfd57894d84bdea
6834,170.85,2.1346,116.9992,False,7,mechanical_001,694e94943eba5ec86f88e0f45b9a3be0ea739723f70d5cd41dfd57894d84bdea
6835,170.875,2.1348,117.0272,False,7,mechanical_001,694e94943eba5ec86f88e0f45b9a3be0ea739723f70d5cd41dfd57894d84bdea
6836,170.9,2.1351,117.0587,False,7,mechanical_001,694e94943eba5ec86f88e0f45b9a3be0ea739723f70d5cd41dfd57894d84bdea
6837,170.925,2.1354,117.098,False,7,mechanical_001,694e94943eba5ec86f88e0f45b9a3be0ea739723f70d5cd41dfd57894d84bdea
6838,170.95,2.1357,117.1472,False,7,mechanical_001,694e94943eba5ec86f88e0f45b9a3be0ea739723f70d5cd41dfd57894d84bdea
6839,170.975,2.136,117.2238,False,7,mechanical_001,694e94943eba5ec86f88e0f45b9a3be0ea739723f70d5cd41dfd57894d84bdea
6840,171.0,2.1363,117.3261,False,7,mechanical_001,694e94943eba5ec86f88e0f45b9a3be0ea739723f70d5cd41dfd57894d84bdea
6841,171.025,2.1366,117.429,False,7,mechanical_001,694e94943eba5ec86f88e0f45b9a3be0ea739723f70d5cd41dfd57894d84bdea
6842,171.05,2.1369,117.5443,False,7,mechanical_001,694e94943eba5ec86f88e0f45b9a3be0ea739723f70d5cd41dfd57894d84bdea
6843,171.075,2.1373,117.678,False,7,mechanical_001,694e94943eba5ec86f88e0f45b9a3be0ea739723f70d5cd41dfd57894d84bdea
6844,171.1,2.1376,117.8389,False,7,mechanical_001,694e94943eba5ec86f88e0f45b9a3be0ea739723f70d5cd41dfd57894d84bdea
6845,171.125,2.1379,118.0388,False,7,mechanical_001,694e94943eba5ec86f88e0f45b9a3be0ea739723f70d5cd41dfd57894d84bdea
6846,171.15,2.1383,118.233,False,7,mechanical_001,694e94943eba5ec86f88e0f45b9a3be0ea739723f70d5cd41dfd57894d84bdea
6847,171.175,2.1386,118.3929,False,7,mechanical_001,694e94943eba5ec86f88e0f45b9a3be0ea739723f70d5cd41dfd57894d84bdea
6848,171.2,2.1389,118.5251,False,7,mechanical_001,694e94943eba5ec86f88e0f45b9a3be0ea739723f70d5cd41dfd57894d84bdea
6849,171.225,2.1392,118.661,False,7,mechanical_001,694e94943eba5ec86f88e0f45b9a3be0ea739723f70d5cd41dfd57894d84bdea
6850,171.25,2.1395,118.7794,False,7,mechanical_001,694e94943eba5ec86f88e0f45b9a3be0ea739723f70d5cd41dfd57894d84bdea
6851,171.275,2.1398,118.8678,False,7,mechanical_001,694e94943eba5ec86f88e0f45b9a3be0ea739723f70d5cd41dfd57894d84bdea
6852,171.3,2.1401,118.9472,False,7,mechanical_001,694e94943eba5ec86f88e0f45b9a3be0ea739723f70d5cd41dfd57894d84bdea
6853,171.325,2.1404,119.0111,False,7,mechanical_001,694e94943eba5ec86f88e0f45b9a3be0ea739723f70d5cd41dfd57894d84bdea
6854,171.35,2.1407,119.0563,False,7,mechanical_001,694e94943eba5ec86f88e0f45b9a3be0ea739723f70d5cd41dfd57894d84bdea
6855,171.375,2.141,119.1041,False,7,mechanical_001,694e94943eba5ec86f88e0f45b9a3be0ea739723f70d5cd41dfd57894d84bdea
6856,171.4,2.1413,119.1667,False,7,mechanical_001,694e94943eba5ec86f88e0f45b9a3be0ea739723f70d5cd41dfd57894d84bdea
6857,171.425,2.1416,119.2374,False,7,mechanical_001,694e94943eba5ec86f88e0f45b9a3be0ea739723f70d5cd41dfd57894d84bdea
6858,171.45,2.1419,119.3273,False,7,mechanical_001,694e94943eba5ec86f88e0f45b9a3be0ea739723f70d5cd41dfd57894d84bdea
6859,171.475,2.1422,119.4157,False,7,mechanical_001,694e94943eba5ec86f88e0f45b9a3be0ea739723f70d5cd41dfd57894d84bdea
6860,171.5,2.1425,119.5115,False,7,mechanical_001,694e94943eba5ec86f88e0f45b9a3be0ea739723f70d5cd41dfd57894d84bdea
6861,171.525,2.1429,119.6314,False,7,mechanical_001,694e94943eba5ec86f88e0f45b9a3be0ea739723f70d5cd41dfd57894d84bdea
6862,171.55,2.1432,119.7667,False,7,mechanical_001,694e94943eba5ec86f88e0f45b9a3be0ea739723f70d5cd41dfd57894d84bdea
6863,171.575,2.1435,119.8935,False,7,mechanical_001,694e94943eba5ec86f88e0f45b9a3be0ea739723f70d5cd41dfd57894d84bdea
6864,171.6,2.1438,120.0196,False,7,mechanical_001,694e94943eba5ec86f88e0f45b9a3be0ea739723f70d5cd41dfd57894d84bdea
6865,171.625,2.1441,120.1364,False,7,mechanical_001,694e94943eba5ec86f88e0f45b9a3be0ea739723f70d5cd41dfd57894d84bdea
6866,171.65,2.1444,120.2555,False,7,mechanical_001,694e94943eba5ec86f88e0f45b9a3be0ea739723f70d5cd41dfd57894d84bdea
6867,171.675,2.1447,120.3594,False,7,mechanical_001,694e94943eba5ec86f88e0f45b9a3be0ea739723f70d5cd41dfd57894d84bdea
6868,171.7,2.145,120.442,False,7,mechanical_001,694e94943eba5ec86f88e0f45b9a3be0ea739723f70d5cd41dfd57894d84bdea
6869,171.725,2.1453,120.5146,False,7,mechanical_001,694e94943eba5ec86f88e0f45b9a3be0ea739723f70d5cd41dfd57894d84bdea
6870,171.75,2.1456,120.5804,False,7,mechanical_001,694e94943eba5ec86f88e0f45b9a3be0ea739723f70d5cd41dfd57894d84bdea
6871,171.775,2.1459,120.6311,False,7,mechanical_001,694e94943eba5ec86f88e0f45b9a3be0ea739723f70d5cd41dfd57894d84bdea
6872,171.8,2.1462,120.6844,False,7,mechanical_001,694e94943eba5ec86f88e0f45b9a3be0ea739723f70d5cd41dfd57894d84bdea
6873,171.825,2.1465,120.7377,False,7,mechanical_001,694e94943eba5ec86f88e0f45b9a3be0ea739723f70d5cd41dfd57894d84bdea
6874,171.85,2.1468,120.7921,False,7,mechanical_001,694e94943eba5ec86f88e0f45b9a3be0ea739723f70d5cd41dfd57894d84bdea
6875,171.875,2.1471,120.8619,False,7,mechanical_001,694e94943eba5ec86f88e0f45b9a3be0ea739723f70d5cd41dfd57894d84bdea
6876,171.9,2.1474,120.9624,False,7,mechanical_001,694e94943eba5ec86f88e0f45b9a3be0ea739723f70d5cd41dfd57894d84bdea
6877,171.925,2.1477,121.1001,False,7,mechanical_001,694e94943eba5ec86f88e0f45b9a3be0ea739723f70d5cd41dfd57894d84bdea
6878,171.95,2.148,121.2527,False,7,mechanical_001,694e94943eba5ec86f88e0f45b9a3be0ea739723f70d5cd41dfd57894d84bdea
6879,171.975,2.1483,121.4126,False,7,mechanical_001,694e94943eba5ec86f88e0f45b9a3be0ea739723f70d5cd41dfd57894d84bdea
6880,172.0,2.1486,121.5847,False,7,mechanical_001,694e94943eba5ec86f88e0f45b9a3be0ea739723f70d5cd41dfd57894d84bdea
6881,172.025,2.1489,121.7494,False,7,mechanical_001,694e94943eba5ec86f88e0f45b9a3be0ea739723f70d5cd41dfd57894d84bdea
6882,172.05,2.1493,121.8962,False,7,mechanical_001,694e94943eba5ec86f88e0f45b9a3be0ea739723f70d5cd41dfd57894d84bdea
6883,172.075,2.1496,122.0452,False,7,mechanical_001,694e94943eba5ec86f88e0f45b9a3be0ea739723f70d5cd41dfd57894d84bdea
6884,172.1,2.1499,122.1927,False,7,mechanical_001,694e94943eba5ec86f88e0f45b9a3be0ea739723f70d5cd41dfd57894d84bdea
6885,172.125,2.1502,122.3323,False,7,mechanical_001,694e94943eba5ec86f88e0f45b9a3be0ea739723f70d5cd41dfd57894d84bdea
6886,172.15,2.1505,122.4848,False,7,mechanical_001,694e94943eba5ec86f88e0f45b9a3be0ea739723f70d5cd41dfd57894d84bdea
6887,172.175,2.1508,122.6267,False,7,mechanical_001,694e94943eba5ec86f88e0f45b9a3be0ea739723f70d5cd41dfd57894d84bdea
6888,172.2,2.1511,122.7583,False,7,mechanical_001,694e94943eba5ec86f88e0f45b9a3be0ea739723f70d5cd41dfd57894d84bdea
6889,172.225,2.1515,122.891,False,7,mechanical_001,694e94943eba5ec86f88e0f45b9a3be0ea739723f70d5cd41dfd57894d84bdea
6890,172.25,2.1518,123.0301,False,7,mechanical_001,694e94943eba5ec86f88e0f45b9a3be0ea739723f70d5cd41dfd57894d84bdea
6891,172.275,2.1521,123.1693,False,7,mechanical_001,694e94943eba5ec86f88e0f45b9a3be0ea739723f70d5cd41dfd57894d84bdea
6892,172.3,2.1524,123.2958,False,7,mechanical_001,694e94943eba5ec86f88e0f45b9a3be0ea739723f70d5cd41dfd57894d84bdea
6893,172.325,2.1527,123.4269,False,7,mechanical_001,694e94943eba5ec86f88e0f45b9a3be0ea739723f70d5cd41dfd57894d84bdea
6894,172.35,2.153,123.5579,False,7,mechanical_001,694e94943eba5ec86f88e0f45b9a3be0ea739723f70d5cd41dfd57894d84bdea
6895,172.375,2.1533,123.6961,False,7,mechanical_001,694e94943eba5ec86f88e0f45b9a3be0ea739723f70d5cd41dfd57894d84bdea
6896,172.4,2.1537,123.8271,False,7,mechanical_001,694e94943eba5ec86f88e0f45b9a3be0ea739723f70d5cd41dfd57894d84bdea
6897,172.425,2.154,123.9535,False,7,mechanical_001,694e94943eba5ec86f88e0f45b9a3be0ea739723f70d5cd41dfd57894d84bdea
6898,172.45,2.1543,124.0711,False,7,mechanical_001,694e94943eba5ec86f88e0f45b9a3be0ea739723f70d5cd41dfd57894d84bdea
6899,172.475,2.1546,124.1858,False,7,mechanical_001,694e94943eba5ec86f88e0f45b9a3be0ea739723f70d5cd41dfd57894d84bdea
6900,172.5,2.1549,124.3133,False,7,mechanical_001,694e94943eba5ec86f88e0f45b9a3be0ea739723f70d5cd41dfd57894d84bdea
6901,172.525,2.1552,124.4492,False,7,mechanical_001,694e94943eba5ec86f88e0f45b9a3be0ea739723f70d5cd41dfd57894d84bdea
6902,172.55,2.1555,124.5944,False,7,mechanical_001,694e94943eba5ec86f88e0f45b9a3be0ea739723f70d5cd41dfd57894d84bdea
6903,172.575,2.1559,124.72,False,7,mechanical_001,694e94943eba5ec86f88e0f45b9a3be0ea739723f70d5cd41dfd57894d84bdea
6904,172.6,2.1562,124.8288,False,7,mechanical_001,694e94943eba5ec86f88e0f45b9a3be0ea739723f70d5cd41dfd57894d84bdea
6905,172.625,2.1565,124.9544,False,7,mechanical_001,694e94943eba5ec86f88e0f45b9a3be0ea739723f70d5cd41dfd57894d84bdea
6906,172.65,2.1568,125.0882,False,7,mechanical_001,694e94943eba5ec86f88e0f45b9a3be0ea739723f70d5cd41dfd57894d84bdea
6907,172.675,2.1571,125.2113,False,7,mechanical_001,694e94943eba5ec86f88e0f45b9a3be0ea739723f70d5cd41dfd57894d84bdea
6908,172.7,2.1574,125.3289,False,7,mechanical_001,694e94943eba5ec86f88e0f45b9a3be0ea739723f70d5cd41dfd57894d84bdea
6909,172.725,2.1577,125.4518,False,7,mechanical_001,694e94943eba5ec86f88e0f45b9a3be0ea739723f70d5cd41dfd57894d84bdea
6910,172.75,2.1581,125.5812,False,7,mechanical_001,694e94943eba5ec86f88e0f45b9a3be0ea739723f70d5cd41dfd57894d84bdea
6911,172.775,2.1584,125.7165,False,7,mechanical_001,694e94943eba5ec86f88e0f45b9a3be0ea739723f70d5cd41dfd57894d84bdea
6912,172.8,2.1587,125.8662,False,7,mechanical_001,694e94943eba5ec86f88e0f45b9a3be0ea739723f70d5cd41dfd57894d84bdea
6913,172.825,2.159,126.0047,False,7,mechanical_001,694e94943eba5ec86f88e0f45b9a3be0ea739723f70d5cd41dfd57894d84bdea
6914,172.85,2.1593,126.1435,False,7,mechanical_001,694e94943eba5ec86f88e0f45b9a3be0ea739723f70d5cd41dfd57894d84bdea
6915,172.875,2.1597,126.2786,False,7,mechanical_001,694e94943eba5ec86f88e0f45b9a3be0ea739723f70d5cd41dfd57894d84bdea
6916,172.9,2.16,126.4113,False,7,mechanical_001,694e94943eba5ec86f88e0f45b9a3be0ea739723f70d5cd41dfd57894d84bdea
6917,172.925,2.1603,126.559,False,7,mechanical_001,694e94943eba5ec86f88e0f45b9a3be0ea739723f70d5cd41dfd57894d84bdea
6918,172.95,2.1606,126.6996,False,7,mechanical_001,694e94943eba5ec86f88e0f45b9a3be0ea739723f70d5cd41dfd57894d84bdea
6919,172.975,2.1609,126.818,False,7,mechanical_001,694e94943eba5ec86f88e0f45b9a3be0ea739723f70d5cd41dfd57894d84bdea
6920,173.0,2.1612,126.9243,False,7,mechanical_001,694e94943eba5ec86f88e0f45b9a3be0ea739723f70d5cd41dfd57894d84bdea
6921,173.025,2.1616,127.0345,False,7,mechanical_001,694e94943eba5ec86f88e0f45b9a3be0ea739723f70d5cd41dfd57894d84bdea
6922,173.05,2.1619,127.1317,False,7,mechanical_001,694e94943eba5ec86f88e0f45b9a3be0ea739723f70d5cd41dfd57894d84bdea
6923,173.075,2.1622,127.2218,False,7,mechanical_001,694e94943eba5ec86f88e0f45b9a3be0ea739723f70d5cd41dfd57894d84bdea
6924,173.1,2.1625,127.2923,False,7,mechanical_001,694e94943eba5ec86f88e0f45b9a3be0ea739723f70d5cd41dfd57894d84bdea
6925,173.125,2.1628,127.3309,False,7,mechanical_001,694e94943eba5ec86f88e0f45b9a3be0ea739723f70d5cd41dfd57894d84bdea
6926,173.15,2.1631,127.3598,False,7,mechanical_001,694e94943eba5ec86f88e0f45b9a3be0ea739723f70d5cd41dfd57894d84bdea
6927,173.175,2.1633,127.3851,False,7,mechanical_001,694e94943eba5ec86f88e0f45b9a3be0ea739723f70d5cd41dfd57894d84bdea
6928,173.2,2.1636,127.4039,False,7,mechanical_001,694e94943eba5ec86f88e0f45b9a3be0ea739723f70d5cd41dfd57894d84bdea
6929,173.225,2.1639,127.4399,False,7,mechanical_001,694e94943eba5ec86f88e0f45b9a3be0ea739723f70d5cd41dfd57894d84bdea
6930,173.25,2.1642,127.4957,False,7,mechanical_001,694e94943eba5ec86f88e0f45b9a3be0ea739723f70d5cd41dfd57894d84bdea
6931,173.275,2.1645,127.5842,False,7,mechanical_001,694e94943eba5ec86f88e0f45b9a3be0ea739723f70d5cd41dfd57894d84bdea
6932,173.3,2.1648,127.6981,False,7,mechanical_001,694e94943eba5ec86f88e0f45b9a3be0ea739723f70d5cd41dfd57894d84bdea
6933,173.325,2.1651,127.8175,False,7,mechanical_001,694e94943eba5ec86f88e0f45b9a3be0ea739723f70d5cd41dfd57894d84bdea
6934,173.35,2.1654,127.9582,False,7,mechanical_001,694e94943eba5ec86f88e0f45b9a3be0ea739723f70d5cd41dfd57894d84bdea
6935,173.375,2.1658,128.107,False,7,mechanical_001,694e94943eba5ec86f88e0f45b9a3be0ea739723f70d5cd41dfd57894d84bdea
6936,173.4,2.1661,128.2624,False,7,mechanical_001,694e94943eba5ec86f88e0f45b9a3be0ea739723f70d5cd41dfd57894d84bdea
6937,173.425,2.1664,128.4228,False,7,mechanical_001,694e94943eba5ec86f88e0f45b9a3be0ea739723f70d5cd41dfd57894d84bdea
6938,173.45,2.1667,128.5753,False,7,mechanical_001,694e94943eba5ec86f88e0f45b9a3be0ea739723f70d5cd41dfd57894d84bdea
6939,173.475,2.1671,128.7096,False,7,mechanical_001,694e94943eba5ec86f88e0f45b9a3be0ea739723f70d5cd41dfd57894d84bdea
6940,173.5,2.1674,128.8325,False,7,mechanical_001,694e94943eba5ec86f88e0f45b9a3be0ea739723f70d5cd41dfd57894d84bdea
6941,173.525,2.1677,128.933,False,7,mechanical_001,694e94943eba5ec86f88e0f45b9a3be0ea739723f70d5cd41dfd57894d84bdea
6942,173.55,2.168,129.0235,False,7,mechanical_001,694e94943eba5ec86f88e0f45b9a3be0ea739723f70d5cd41dfd57894d84bdea
6943,173.575,2.1683,129.1131,False,7,mechanical_001,694e94943eba5ec86f88e0f45b9a3be0ea739723f70d5cd41dfd57894d84bdea
6944,173.6,2.1686,129.2148,False,7,mechanical_001,694e94943eba5ec86f88e0f45b9a3be0ea739723f70d5cd41dfd57894d84bdea
6945,173.625,2.1689,129.3174,False,7,mechanical_001,694e94943eba5ec86f88e0f45b9a3be0ea739723f70d5cd41dfd57894d84bdea
6946,173.65,2.1692,129.427,False,7,mechanical_001,694e94943eba5ec86f88e0f45b9a3be0ea739723f70d5cd41dfd57894d84bdea
6947,173.675,2.1696,129.543,False,7,mechanical_001,694e94943eba5ec86f88e0f45b9a3be0ea739723f70d5cd41dfd57894d84bdea
6948,173.7,2.1699,129.6646,False,7,mechanical_001,694e94943eba5ec86f88e0f45b9a3be0ea739723f70d5cd41dfd57894d84bdea
6949,173.725,2.1702,129.7734,False,7,mechanical_001,694e94943eba5ec86f88e0f45b9a3be0ea739723f70d5cd41dfd57894d84bdea
6950,173.75,2.1705,129.8536,False,7,mechanical_001,694e94943eba5ec86f88e0f45b9a3be0ea739723f70d5cd41dfd57894d84bdea
6951,173.775,2.1708,129.9299,False,7,mechanical_001,694e94943eba5ec86f88e0f45b9a3be0ea739723f70d5cd41dfd57894d84bdea
6952,173.8,2.1711,130.0142,False,7,mechanical_001,694e94943eba5ec86f88e0f45b9a3be0ea739723f70d5cd41dfd57894d84bdea
6953,173.825,2.1714,130.1288,False,7,mechanical_001,694e94943eba5ec86f88e0f45b9a3be0ea739723f70d5cd41dfd57894d84bdea
6954,173.85,2.1717,130.2825,False,7,mechanical_001,694e94943eba5ec86f88e0f45b9a3be0ea739723f70d5cd41dfd57894d84bdea
6955,173.875,2.1721,130.4211,False,7,mechanical_001,694e94943eba5ec86f88e0f45b9a3be0ea739723f70d5cd41dfd57894d84bdea
6956,173.9,2.1724,130.5166,False,7,mechanical_001,694e94943eba5ec86f88e0f45b9a3be0ea739723f70d5cd41dfd57894d84bdea
6957,173.925,2.1727,130.6033,False,7,mechanical_001,694e94943eba5ec86f88e0f45b9a3be0ea739723f70d5cd41dfd57894d84bdea
6958,173.95,2.173,130.6852,False,7,mechanical_001,694e94943eba5ec86f88e0f45b9a3be0ea739723f70d5cd41dfd57894d84bdea
6959,173.975,2.1733,130.7631,False,7,mechanical_001,694e94943eba5ec86f88e0f45b9a3be0ea739723f70d5cd41dfd57894d84bdea
6960,174.0,2.1736,130.8517,False,7,mechanical_001,694e94943eba5ec86f88e0f45b9a3be0ea739723f70d5cd41dfd57894d84bdea
6961,174.025,2.1739,130.9611,False,7,mechanical_001,694e94943eba5ec86f88e0f45b9a3be0ea739723f70d5cd41dfd57894d84bdea
6962,174.05,2.1742,131.0783,False,7,mechanical_001,694e94943eba5ec86f88e0f45b9a3be0ea739723f70d5cd41dfd57894d84bdea
6963,174.075,2.1746,131.2121,False,7,mechanical_001,694e94943eba5ec86f88e0f45b9a3be0ea739723f70d5cd41dfd57894d84bdea
6964,174.1,2.1749,131.3426,False,7,mechanical_001,694e94943eba5ec86f88e0f45b9a3be0ea739723f70d5cd41dfd57894d84bdea
6965,174.125,2.1752,131.4729,False,7,mechanical_001,694e94943eba5ec86f88e0f45b9a3be0ea739723f70d5cd41dfd57894d84bdea
6966,174.15,2.1755,131.5848,False,7,mechanical_001,694e94943eba5ec86f88e0f45b9a3be0ea739723f70d5cd41dfd57894d84bdea
6967,174.175,2.1758,131.6633,False,7,mechanical_001,694e94943eba5ec86f88e0f45b9a3be0ea739723f70d5cd41dfd57894d84bdea
6968,174.2,2.1761,131.7276,False,7,mechanical_001,694e94943eba5ec86f88e0f45b9a3be0ea739723f70d5cd41dfd57894d84bdea
6969,174.225,2.1764,131.7805,False,7,mechanical_001,694e94943eba5ec86f88e0f45b9a3be0ea739723f70d5cd41dfd57894d84bdea
6970,174.25,2.1767,131.8355,False,7,mechanical_001,694e94943eba5ec86f88e0f45b9a3be0ea739723f70d5cd41dfd57894d84bdea
6971,174.275,2.177,131.8896,False,7,mechanical_001,694e94943eba5ec86f88e0f45b9a3be0ea739723f70d5cd41dfd57894d84bdea
6972,174.3,2.1773,131.959,False,7,mechanical_001,694e94943eba5ec86f88e0f45b9a3be0ea739723f70d5cd41dfd57894d84bdea
6973,174.325,2.1777,132.0373,False,7,mechanical_001,694e94943eba5ec86f88e0f45b9a3be0ea739723f70d5cd41dfd57894d84bdea
6974,174.35,2.178,132.1202,False,7,mechanical_001,694e94943eba5ec86f88e0f45b9a3be0ea739723f70d5cd41dfd57894d84bdea
6975,174.375,2.1783,132.203,False,7,mechanical_001,694e94943eba5ec86f88e0f45b9a3be0ea739723f70d5cd41dfd57894d84bdea
6976,174.4,2.1786,132.2982,False,7,mechanical_001,694e94943eba5ec86f88e0f45b9a3be0ea739723f70d5cd41dfd57894d84bdea
6977,174.425,2.1789,132.3895,False,7,mechanical_001,694e94943eba5ec86f88e0f45b9a3be0ea739723f70d5cd41dfd57894d84bdea
6978,174.45,2.1792,132.4991,False,7,mechanical_001,694e94943eba5ec86f88e0f45b9a3be0ea739723f70d5cd41dfd57894d84bdea
6979,174.475,2.1795,132.5984,False,7,mechanical_001,694e94943eba5ec86f88e0f45b9a3be0ea739723f70d5cd41dfd57894d84bdea
6980,174.5,2.1798,132.6832,False,7,mechanical_001,694e94943eba5ec86f88e0f45b9a3be0ea739723f70d5cd41dfd57894d84bdea
6981,174.525,2.1802,132.7601,False,7,mechanical_001,694e94943eba5ec86f88e0f45b9a3be0ea739723f70d5cd41dfd57894d84bdea
6982,174.55,2.1805,132.8495,False,7,mechanical_001,694e94943eba5ec86f88e0f45b9a3be0ea739723f70d5cd41dfd57894d84bdea
6983,174.575,2.1808,132.9536,False,7,mechanical_001,694e94943eba5ec86f88e0f45b9a3be0ea739723f70d5cd41dfd57894d84bdea
6984,174.6,2.1811,133.079,False,7,mechanical_001,694e94943eba5ec86f88e0f45b9a3be0ea739723f70d5cd41dfd57894d84bdea
6985,174.625,2.1814,133.2038,False,7,mechanical_001,694e94943eba5ec86f88e0f45b9a3be0ea739723f70d5cd41dfd57894d84bdea
6986,174.65,2.1817,133.302,False,7,mechanical_001,694e94943eba5ec86f88e0f45b9a3be0ea739723f70d5cd41dfd57894d84bdea
6987,174.675,2.1821,133.3874,False,7,mechanical_001,694e94943eba5ec86f88e0f45b9a3be0ea739723f70d5cd41dfd57894d84bdea
6988,174.7,2.1824,133.4707,False,7,mechanical_001,694e94943eba5ec86f88e0f45b9a3be0ea739723f70d5cd41dfd57894d84bdea
6989,174.725,2.1827,133.5644,False,7,mechanical_001,694e94943eba5ec86f88e0f45b9a3be0ea739723f70d5cd41dfd57894d84bdea
6990,174.75,2.183,133.6614,False,7,mechanical_001,694e94943eba5ec86f88e0f45b9a3be0ea739723f70d5cd41dfd57894d84bdea
6991,174.775,2.1833,133.7678,False,7,mechanical_001,694e94943eba5ec86f88e0f45b9a3be0ea739723f70d5cd41dfd57894d84bdea
6992,174.8,2.1836,133.8958,False,7,mechanical_001,694e94943eba5ec86f88e0f45b9a3be0ea739723f70d5cd41dfd57894d84bdea
6993,174.825,2.1839,134.0315,False,7,mechanical_001,694e94943eba5ec86f88e0f45b9a3be0ea739723f70d5cd41dfd57894d84bdea
6994,174.85,2.1842,134.1703,False,7,mechanical_001,694e94943eba5ec86f88e0f45b9a3be0ea739723f70d5cd41dfd57894d84bdea
6995,174.875,2.1846,134.3061,False,7,mechanical_001,694e94943eba5ec86f88e0f45b9a3be0ea739723f70d5cd41dfd57894d84bdea
6996,174.9,2.1849,134.4343,False,7,mechanical_001,694e94943eba5ec86f88e0f45b9a3be0ea739723f70d5cd41dfd57894d84bdea
6997,174.925,2.1852,134.5588,False,7,mechanical_001,694e94943eba5ec86f88e0f45b9a3be0ea739723f70d5cd41dfd57894d84bdea
6998,174.95,2.1855,134.6886,False,7,mechanical_001,694e94943eba5ec86f88e0f45b9a3be0ea739723f70d5cd41dfd57894d84bdea
6999,174.975,2.1858,134.8169,False,7,mechanical_001,694e94943eba5ec86f88e0f45b9a3be0ea739723f70d5cd41dfd57894d84bdea
7000,175.0,2.1861,134.9352,False,7,mechanical_001,694e94943eba5ec86f88e0f45b9a3be0ea739723f70d5cd41dfd57894d84bdea
7001,175.025,2.1864,135.0489,False,7,mechanical_001,694e94943eba5ec86f88e0f45b9a3be0ea739723f70d5cd41dfd57894d84bdea
7002,175.05,2.1868,135.1664,False,7,mechanical_001,694e94943eba5ec86f88e0f45b9a3be0ea739723f70d5cd41dfd57894d84bdea
7003,175.075,2.1871,135.2806,False,7,mechanical_001,694e94943eba5ec86f88e0f45b9a3be0ea739723f70d5cd41dfd57894d84bdea
7004,175.1,2.1874,135.3782,False,7,mechanical_001,694e94943eba5ec86f88e0f45b9a3be0ea739723f70d5cd41dfd57894d84bdea
7005,175.125,2.1877,135.4794,False,7,mechanical_001,694e94943eba5ec86f88e0f45b9a3be0ea739723f70d5cd41dfd57894d84bdea
7006,175.15,2.188,135.5885,False,7,mechanical_001,694e94943eba5ec86f88e0f45b9a3be0ea739723f70d5cd41dfd57894d84bdea
7007,175.175,2.1883,135.7056,False,7,mechanical_001,694e94943eba5ec86f88e0f45b9a3be0ea739723f70d5cd41dfd57894d84bdea
7008,175.2,2.1886,135.822,False,7,mechanical_001,694e94943eba5ec86f88e0f45b9a3be0ea739723f70d5cd41dfd57894d84bdea
7009,175.225,2.1889,135.943,False,7,mechanical_001,694e94943eba5ec86f88e0f45b9a3be0ea739723f70d5cd41dfd57894d84bdea
7010,175.25,2.1893,136.0705,False,7,mechanical_001,694e94943eba5ec86f88e0f45b9a3be0ea739723f70d5cd41dfd57894d84bdea
7011,175.275,2.1896,136.1871,False,7,mechanical_001,694e94943eba5ec86f88e0f45b9a3be0ea739723f70d5cd41dfd57894d84bdea
7012,175.3,2.1899,136.3016,False,7,mechanical_001,694e94943eba5ec86f88e0f45b9a3be0ea739723f70d5cd41dfd57894d84bdea
7013,175.325,2.1902,136.4269,False,7,mechanical_001,694e94943eba5ec86f88e0f45b9a3be0ea739723f70d5cd41dfd57894d84bdea
7014,175.35,2.1905,136.5541,False,7,mechanical_001,694e94943eba5ec86f88e0f45b9a3be0ea739723f70d5cd41dfd57894d84bdea
7015,175.375,2.1908,136.6858,False,7,mechanical_001,694e94943eba5ec86f88e0f45b9a3be0ea739723f70d5cd41dfd57894d84bdea
7016,175.4,2.1911,136.8069,False,7,mechanical_001,694e94943eba5ec86f88e0f45b9a3be0ea739723f70d5cd41dfd57894d84bdea
7017,175.425,2.1915,136.8997,False,7,mechanical_001,694e94943eba5ec86f88e0f45b9a3be0ea739723f70d5cd41dfd57894d84bdea
7018,175.45,2.1918,136.9807,False,7,mechanical_001,694e94943eba5ec86f88e0f45b9a3be0ea739723f70d5cd41dfd57894d84bdea
7019,175.475,2.1921,137.0554,False,7,mechanical_001,694e94943eba5ec86f88e0f45b9a3be0ea739723f70d5cd41dfd57894d84bdea
7020,175.5,2.1924,137.1353,False,7,mechanical_001,694e94943eba5ec86f88e0f45b9a3be0ea739723f70d5cd41dfd57894d84bdea
7021,175.525,2.1927,137.2302,False,7,mechanical_001,694e94943eba5ec86f88e0f45b9a3be0ea739723f70d5cd41dfd57894d84bdea
7022,175.55,2.193,137.3467,False,7,mechanical_001,694e94943eba5ec86f88e0f45b9a3be0ea739723f70d5cd41dfd57894d84bdea
7023,175.575,2.1933,137.4684,False,7,mechanical_001,694e94943eba5ec86f88e0f45b9a3be0ea739723f70d5cd41dfd57894d84bdea
7024,175.6,2.1936,137.5795,False,7,mechanical_001,694e94943eba5ec86f88e0f45b9a3be0ea739723f70d5cd41dfd57894d84bdea
7025,175.625,2.1939,137.6908,False,7,mechanical_001,694e94943eba5ec86f88e0f45b9a3be0ea739723f70d5cd41dfd57894d84bdea
7026,175.65,2.1943,137.7937,False,7,mechanical_001,694e94943eba5ec86f88e0f45b9a3be0ea739723f70d5cd41dfd57894d84bdea
7027,175.675,2.1946,137.9245,False,7,mechanical_001,694e94943eba5ec86f88e0f45b9a3be0ea739723f70d5cd41dfd57894d84bdea
7028,175.7,2.1949,138.0589,False,7,mechanical_001,694e94943eba5ec86f88e0f45b9a3be0ea739723f70d5cd41dfd57894d84bdea
7029,175.725,2.1952,138.1857,False,7,mechanical_001,694e94943eba5ec86f88e0f45b9a3be0ea739723f70d5cd41dfd57894d84bdea
7030,175.75,2.1955,138.2968,False,7,mechanical_001,694e94943eba5ec86f88e0f45b9a3be0ea739723f70d5cd41dfd57894d84bdea
7031,175.775,2.1959,138.4025,False,7,mechanical_001,694e94943eba5ec86f88e0f45b9a3be0ea739723f70d5cd41dfd57894d84bdea
7032,175.776,2.1959,138.4068,False,7,mechanical_001,694e94943eba5ec86f88e0f45b9a3be0ea739723f70d5cd41dfd57894d84bdea
