formulation_id,reference_sd_pp,latent_viability,qlognehvi,acquisition_rank
v2_84d824dd25de,25.0,62.38005485710234,1.0574845233913583,1
v2_cb3eb9afaefa,25.0,61.56006947505584,1.0473415131578125,2
v2_f23276b26ebf,25.0,62.02125366754952,1.0424780965812035,3
v2_826d1f85fd01,25.0,62.05723347011292,1.0343447321686305,4
v2_bff5f7668042,25.0,61.26038707149126,1.0238454631034886,5
v2_7991025b6846,25.0,60.13165461036864,0.9440543049144647,6
v2_f6bf6714dbb8,25.0,60.787304061816116,0.9083733013381066,7
v2_1f937b43f037,25.0,61.1833349514013,0.9078846447167788,8
v2_c904f41e44b3,25.0,59.83906298817456,0.9021039367202439,9
v2_6d7821323078,25.0,59.051317984015895,0.8652649880569454,10
v2_766cf5f0825b,25.0,60.74721224595671,0.8478990224263248,11
v2_256448206fed,25.0,57.58551942644104,0.8471905721848483,12
v2_ce87d8e33888,25.0,56.48315694018863,0.8353721984730473,13
v2_53955e56f7aa,25.0,58.69177676389164,0.8178187147204303,14
v2_f32581484740,25.0,57.563524133665034,0.8140946063781813,15
v2_913c247b5639,25.0,56.44981817884858,0.7895524606395536,16
v2_9577fb20cc57,25.0,57.55106291168477,0.7689323413459457,17
v2_e842162791a1,25.0,58.22360102871852,0.7680864425486327,18
v2_91d82407ae6f,25.0,56.146660781707105,0.7555612202686559,19
v2_40bab9e60a30,25.0,59.04683140935996,0.74456946760957,20
v2_718a877bcc14,25.0,59.16099213230787,0.7321216141961804,21
v2_193fa731c9a6,25.0,59.19224330544891,0.7215885235928559,22
v2_a6ed229b9cb8,25.0,55.61316184273487,0.7024905934553578,23
v2_eb3763b3d676,25.0,56.485752083057754,0.6840969948090967,24
v2_558824b15456,25.0,54.41771452495342,0.682600095527321,25
v2_633dbca37b8e,25.0,56.19321048901039,0.6685766738347008,26
v2_1be8ab27fb62,25.0,55.477741879682014,0.6562523432596432,27
v2_c7bfbc7adb17,25.0,56.05601023375727,0.6417725482847603,28
v2_6c8ed4cd0ece,25.0,56.44889736501986,0.6371462989445051,29
v2_693674772b30,25.0,53.31647919040461,0.6104351977956055,30
v2_8b3132925c6b,25.0,51.44403580512828,0.6012989233331734,31
v2_bbc23d20b841,25.0,55.32601511441995,0.597815641063888,32
v2_00bd740b8066,25.0,53.43346491756438,0.5931947736189009,33
v2_bad356ef7520,25.0,53.94045288942299,0.5679660891793423,34
v2_8508eb41e932,25.0,52.478351320555674,0.5616575483180037,35
v2_ad8d19466690,25.0,56.59870962225753,0.559911900054952,36
v2_f79766ae2c7f,25.0,53.863708936835856,0.5585374575585433,37
v2_0fc6295c1438,25.0,55.02407221646877,0.5575924624653208,38
v2_469f1c73e92f,25.0,54.67986959948685,0.5550552744419361,39
v2_854918147d33,25.0,54.62980945057119,0.554343703803589,40
v2_28f611472d07,25.0,52.04858369052252,0.5541277412753525,41
v2_8f0fe1f339b6,25.0,53.71710305981607,0.5481727423282328,42
v2_5648ef87eaa4,25.0,51.94401247043949,0.5404997503997517,43
v2_0fdef56ce70f,25.0,50.05605000981937,0.5385397297395391,44
v2_35be5a08a2a2,25.0,54.967889483275165,0.5358569973166398,45
v2_430954f4a026,25.0,53.42578130374534,0.5315300244168721,46
v2_6fb575705164,25.0,52.65061666190237,0.525782892309528,47
v2_3d2205278caf,25.0,55.78686199686411,0.49386538091831156,48
v2_201ff78fc334,25.0,51.921781019411,0.4936740916704121,49
v2_47ea56938bae,25.0,51.55843300938437,0.48952995300910107,50
v2_a5913b65270c,25.0,53.65569144864176,0.4464905781454478,51
v2_72d267afd83b,25.0,48.2773717609542,0.44068990626490745,52
v2_473f1755c4e0,25.0,50.31221778098133,0.4384131746911537,53
v2_c923ef11b96d,25.0,51.24604190801029,0.43840830962513255,54
v2_b40073163d62,25.0,49.2870586276175,0.4359341703083386,55
v2_a3a7a8e4afb9,25.0,53.671043044969956,0.431224473911306,56
v2_51f1d561f167,25.0,48.911514098296934,0.42330599555602877,57
v2_5493a9c953a3,25.0,51.21737980396406,0.42276945817065137,58
v2_a24035a9adb8,25.0,49.284182666051436,0.40840744539708584,59
v2_a4d1f81a374d,25.0,51.119713243841325,0.40815264336590307,60
v2_9d974f024f10,25.0,49.11883419478015,0.4019283176517563,61
v2_226a1e171f1f,25.0,49.42470656973647,0.39467729234749793,62
v2_db26bf795d75,25.0,47.30605963551673,0.39268226791385263,63
v2_31e46a0cd993,25.0,52.74126052105535,0.38580581754222454,64
v2_d9ea1b62ddc0,25.0,49.886357911128044,0.3858045747688612,65
v2_9893eb3c829e,25.0,52.26765656353061,0.38473401653005546,66
v2_02274749d7f2,25.0,53.08407198982072,0.38467653838885507,67
v2_f7f255a25761,25.0,55.73812948330675,0.3826815463363227,68
v2_332ca22e1f9a,25.0,51.20725963939934,0.3825103935182437,69
v2_211b90a45d96,25.0,49.158787098219236,0.38126332098672044,70
v2_827dcea3effb,25.0,52.3702036489015,0.369165131269491,71
v2_38add7b1de91,25.0,48.17670947561639,0.36826587369133623,72
v2_e1e8df5b8a03,25.0,47.863146720203886,0.35022008748630373,73
v2_f6e31d77d1e1,25.0,51.346820077965305,0.3441974261743086,74
v2_f3116a498fa5,25.0,50.176820816380314,0.33130536039310154,75
v2_7233f2cd9c23,25.0,47.11157509961095,0.33053648046687645,76
v2_ebce91f92ac2,25.0,50.05989808633039,0.32144893994137913,77
v2_6a232656d810,25.0,48.72438860236001,0.3184997806430845,78
v2_b5498922de9e,25.0,48.113578821276775,0.317768166026986,79
v2_9e0e23c715b8,25.0,46.850120703089374,0.307247948110688,80
v2_9fe8e636c6b8,25.0,47.63934616056383,0.3068695401706387,81
v2_3b6a2ff1582e,25.0,51.40908256240231,0.29874344608113734,82
v2_e12062bdbe84,25.0,49.2526485649173,0.297738305361845,83
v2_1a9b9eb54346,25.0,45.913084403192975,0.2960520594132481,84
v2_2fd1de7b11c7,25.0,46.37090927794334,0.2932190180882488,85
v2_f5da212e71f5,25.0,45.300464569603875,0.29287551523281774,86
v2_00be6efa5363,25.0,50.459360866704465,0.2895856349404422,87
v2_0ef513ef560e,25.0,46.35193078168494,0.28557645807376364,88
v2_e28ac91474c1,25.0,44.64409801295845,0.2854198839821329,89
v2_b1eff54c5ff6,25.0,50.21741183119852,0.2703999300138449,90
v2_2734cfde8466,25.0,44.5736302173334,0.2666551176331584,91
v2_3241f260e9cf,25.0,49.13736687459554,0.265312012759769,92
v2_67a656787424,25.0,45.662366023316665,0.263110274954097,93
v2_37978312af2d,25.0,46.64565522650156,0.2601347959022915,94
v2_f034fc1ed752,25.0,44.950324948347884,0.2593134726598594,95
v2_11adf04df539,25.0,44.619382246186,0.25615309869472735,96
v2_38ab76bbb6ff,25.0,50.3366708905427,0.2537578140761694,97
v2_98cfea1bf2dc,25.0,47.86270521635396,0.2535529998966899,98
v2_11b239d6b65c,25.0,49.00165583636702,0.2526032763188031,99
v2_9cb0f2a9a742,25.0,44.06607658448004,0.24828277150095968,100
v2_7a623004ef6a,25.0,48.11025739233943,0.24596210973283572,101
v2_203fedd5a391,25.0,50.416841159387985,0.23977063197343096,102
v2_2779b4b457fd,25.0,47.96185786380347,0.2251833737348674,103
v2_86aafd3ccfd0,25.0,46.25235970674382,0.22139305846259116,104
v2_82d62be7e37e,25.0,50.824701393035824,0.21565717587836186,105
v2_3a05de97eccb,25.0,45.84121080764281,0.21238626168768615,106
v2_6c3b976e6828,25.0,44.9683630836312,0.20946211641238133,107
v2_cc3d7e74c8f2,25.0,45.96195534942616,0.20749524040543132,108
v2_161cd37b4850,25.0,47.53214269643637,0.2054221781772254,109
v2_c577772b62ae,25.0,49.56595932440597,0.19806920149512397,110
v2_535d5e8379a0,25.0,45.760908246790535,0.19640652405456205,111
v2_74f8e2b3d38a,25.0,44.354859587640945,0.19126460667308365,112
v2_cd06a382e2f7,25.0,43.397661032226225,0.18887890986907951,113
v2_a202e2efcbc7,25.0,49.474131345966846,0.18783686364567753,114
v2_2d7ce828eeb9,25.0,46.58343394265908,0.18746791588962441,115
v2_964d5d575e14,25.0,49.62624729701804,0.17221359919771118,116
v2_c244e4205009,25.0,48.58925163221214,0.1705887872490619,117
v2_1b85dc266e14,25.0,46.01995965203004,0.16703571251561922,118
v2_6f8e6c297fdc,25.0,45.22222514765153,0.1618333460171053,119
v2_531e892ba7c0,25.0,43.964478132523695,0.15879796845576255,120
v2_9fd9fa456151,25.0,43.4702525286427,0.1578878759035236,121
v2_481078b95c2b,25.0,45.231030851768175,0.15520804220803797,122
v2_99c9297a7838,25.0,43.46875604057726,0.14671462994625895,123
v2_a5a1a5de7773,25.0,49.006263065623386,0.14623675254815005,124
v2_bcaea70bbd4c,25.0,42.223569995023595,0.14471000677156365,125
v2_9017fee8d9c9,25.0,44.11723246146626,0.14301416820837787,126
v2_e16863f89bd3,25.0,47.684864291283404,0.137834754759095,127
v2_1199e7a4b414,25.0,44.34096948037891,0.13682935358971893,128
v2_1e9c01d99400,25.0,45.869379844428686,0.13341394918326444,129
v2_52279b4ae8f7,25.0,43.054888884580734,0.13017090459865077,130
v2_f6d588dbcf98,25.0,43.67886357637309,0.13012873578883788,131
v2_2d00a47422c1,25.0,45.048750550005366,0.12790509738560107,132
v2_dff47b0e16d0,25.0,43.04435736184283,0.1269624634933697,133
v2_1a0b1b5d923f,25.0,45.11300245328293,0.1267210291927947,134
v2_88ccd4e5ca43,25.0,45.488026843696616,0.12635496446682293,135
v2_bb19ffea3754,25.0,45.81040354041299,0.12359607347937018,136
v2_6b218baa63c0,25.0,41.96379699376951,0.12309020829612205,137
v2_c925a8a3a79b,25.0,44.345805455526246,0.12301615909525854,138
v2_2c39cb13fd8e,25.0,43.556769550413435,0.122364050649578,139
v2_484b8be9ed66,25.0,44.52866892155236,0.12058066297863679,140
v2_47af19349f7c,25.0,44.79061827516689,0.12005963676317055,141
v2_c15b8bb3f4dd,25.0,45.91841462584316,0.1185617797682097,142
v2_cc3a2136fa55,25.0,47.02193312260635,0.11054492811555239,143
v2_066a3ebba695,25.0,42.0433113932435,0.10923755660969459,144
v2_7470d36bee2e,25.0,43.86896795433643,0.10735592902452407,145
v2_34d3e034db5d,25.0,44.964268003043486,0.10165526522476487,146
v2_c860fcaebf05,25.0,44.26703824455715,0.10109069821952854,147
v2_2573ba5c4e9d,25.0,43.05357483147191,0.1004354612724816,148
v2_a083e2fa63e4,25.0,42.89482251319695,0.09686995375374341,149
v2_70b40d9a3c00,25.0,43.34581523109452,0.09510494083508991,150
v2_0c62a6715fd5,25.0,44.44481215519501,0.09243898680059015,151
v2_6d9b78ac0da3,25.0,47.67496844305174,0.09115649087599653,152
v2_2a1449d8d298,25.0,41.95122474444341,0.08977633606349489,153
v2_6757ad70d37f,25.0,46.80935419537402,0.08905898882382424,154
v2_b7cbe7e21a06,25.0,44.095269089671845,0.08198062162335518,155
v2_a690a9b23dcd,25.0,43.6470106531385,0.0812143880543692,156
v2_907efeabe246,25.0,43.90830504015974,0.0798354575353839,157
v2_289c8147b1bd,25.0,46.05997089631856,0.07983024134504824,158
v2_da0e19a55deb,25.0,44.84899967017455,0.07808884907494829,159
v2_4fed31c8844c,25.0,43.179656095868225,0.07779825153527664,160
v2_381ce5bbfd28,25.0,42.71602896579051,0.07223779725662194,161
v2_d83c82208bb8,25.0,44.698204448134625,0.07159793569423112,162
v2_fd1f74be3534,25.0,42.767873862371246,0.06861284749739216,163
v2_c11cd53998d0,25.0,46.36020403425209,0.0646232186660205,164
v2_8117ed61ce9c,25.0,42.84323067208941,0.06314587903002611,165
v2_4782393f816b,25.0,42.84144783627231,0.06041054634646592,166
v2_c9ac054f7b41,25.0,45.64610510536349,0.05785893457078917,167
v2_475389ebd4ae,25.0,42.35508539308295,0.056987656849579515,168
v2_f09a0fc411ad,25.0,43.09487817481051,0.054023097446116886,169
v2_6ff673800d60,25.0,40.91884124347424,0.05334528324085053,170
v2_6f234a0e6b66,25.0,41.98044727538094,0.050794918846103876,171
v2_529b154f3d02,25.0,43.06715175344063,0.050414210743440435,172
v2_98a89d8ebe83,25.0,42.30841587918856,0.04956309757301103,173
v2_f1837ee3e6b4,25.0,48.46618654658746,0.04935278358733619,174
v2_da2b27e04aaf,25.0,42.42910120381086,0.048546964468165754,175
v2_c0cb252824aa,25.0,41.39241155706462,0.043375778231468765,176
v2_f614145bf36f,25.0,42.90151340774932,0.043117957861637635,177
v2_337f3c8778bf,25.0,42.44292609789308,0.04097417302980766,178
v2_f38401b02e45,25.0,43.79500516965967,0.038533224096775065,179
v2_0394bd8cce72,25.0,42.5566867170708,0.03604897071079538,180
v2_e4da4d669b41,25.0,41.40897114262829,0.03509196146267879,181
v2_99b25d833e51,25.0,42.13295301427641,0.027428642560942684,182
v2_17310a937bcc,25.0,42.37121133657132,0.02553453136799888,183
v2_28d5f6a09b75,25.0,41.89350420313178,0.02364066483858185,184
v2_b59c5e2ccf5d,25.0,40.94317886013986,0.02237364786328655,185
v2_83919261ece6,25.0,41.352239096060714,0.021656678578223953,186
v2_df57d5065961,25.0,40.5876459052718,0.02101511148186841,187
v2_ec4678d743b5,25.0,46.62253969608533,0.020396523468812155,188
v2_e0c62e26e92e,25.0,41.31111900194192,0.012507001135156237,189
v2_50ca9d7632c4,25.0,41.771826466128296,0.011917593628458789,190
v2_6a9894961065,25.0,40.983307143883685,0.009178608304336144,191
v2_3d76ae4faac3,25.0,39.57168473213585,0.00905379851558763,192
v2_3a52494d892c,25.0,41.488568929595814,0.008560172763335316,193
v2_9bd19b1b3be3,25.0,40.185901927859035,0.0060637377728465225,194
v2_6c9a5fcb59bd,25.0,42.396426750771596,0.004728656554833677,195
v2_b2028a3799af,25.0,40.435706681934064,0.004500370392620745,196
v2_af97018481d3,25.0,43.513899514752964,0.004403472622549032,197
v2_af45311fbde2,25.0,40.389729582108764,0.001518577150879885,198
v2_7208944fa22a,25.0,43.794798157551014,-0.0051420991596398125,199
v2_3f84d7bd9a53,25.0,40.4908089487435,-0.005749605045333617,200
v2_4a2995a047ff,25.0,40.51180283174142,-0.0058068332719338756,201
v2_9e54efaaa0fb,25.0,43.94634337619057,-0.007657712340201073,202
v2_059b7847983b,25.0,41.479031438232326,-0.009078480250156673,203
v2_a80c03edb401,25.0,43.3189370159671,-0.010887065629519022,204
v2_b9cca3a64a10,25.0,41.59260232740121,-0.012066251187894395,205
v2_ddf6627521a9,25.0,40.37202747812524,-0.012303884258591857,206
v2_e64cb56feb20,25.0,40.606248936557336,-0.013223838094383211,207
v2_42ed16516321,25.0,39.54475852767949,-0.01631594474743192,208
v2_0624d2201e34,25.0,39.83510880240102,-0.023242997776447005,209
v2_cfe0440fde49,25.0,40.26255409087433,-0.02396631965872409,210
v2_827f967ab73c,25.0,40.08721945585662,-0.029047513074895726,211
v2_80e28de4daf5,25.0,40.043553944177695,-0.030523679678752025,212
v2_18f8093d0cc8,25.0,40.23728372348593,-0.033018049332398824,213
v2_fcd2bffcfeba,25.0,38.755020006182384,-0.034355666384239925,214
v2_842dbc08ecaa,25.0,39.753755520718286,-0.03491725428607939,215
v2_2014f819677a,25.0,39.86981488068485,-0.035062030926590104,216
v2_f31f0f865526,25.0,45.849797386033096,-0.03729153124454232,217
v2_73477e52264e,25.0,41.55194330285413,-0.03778442281383487,218
v2_6a19ec6224e8,25.0,46.263622358238294,-0.037969774503069154,219
v2_b633f62e73d2,25.0,40.3430797316443,-0.0396019317183649,220
v2_ff8015ff7fef,25.0,45.51942360195366,-0.04095312540064011,221
v2_9498278918bd,25.0,45.881511563867704,-0.042754696465086006,222
v2_ae1378190af5,25.0,38.81331405206902,-0.0484268318335106,223
v2_92ca57236c79,25.0,43.69925158104074,-0.05233658254537854,224
v2_600331f44145,25.0,39.1609635568223,-0.054907970259091776,225
v2_4a3d1c44b963,25.0,46.44855125848162,-0.05716364099866933,226
v2_333d416b2c86,25.0,39.40291007477997,-0.06055736342671025,227
v2_9a211b82e189,25.0,38.97900576092982,-0.061964204370475784,228
v2_e843af8700d5,25.0,38.68094341365348,-0.06430612716569062,229
v2_0562e4b3318f,25.0,38.723663992813066,-0.06597085437960803,230
v2_47c222a0ca62,25.0,42.51742632314676,-0.07106761108939086,231
v2_e5fe65be0ffe,25.0,39.20856581478406,-0.07318170154698667,232
v2_695b7f5c1338,25.0,39.61740646825535,-0.07453976130194473,233
v2_3fdce9a6e07a,25.0,38.60421620729572,-0.07647790314879455,234
v2_6faf6905ab75,25.0,38.87143608715923,-0.0775955100547332,235
v2_4bb6177b4a6a,25.0,38.97181042716732,-0.0782767604392447,236
v2_fd0c0a863930,25.0,40.80281446320903,-0.07926160498279966,237
v2_b29cb4786f7f,25.0,38.28638992280104,-0.08312917592926805,238
v2_ee3dea2ae46a,25.0,38.51042367984213,-0.0836662685020384,239
v2_d2f30812d3b4,25.0,47.71984599493715,-0.08458978655523364,240
v2_c0e7f9942424,25.0,38.84884066071265,-0.08546946092687424,241
v2_7eb6a6ffe658,25.0,38.46832323715368,-0.08640623187908236,242
v2_a81321ad7101,25.0,37.883932539894545,-0.08883625127202954,243
v2_da21e69d3906,25.0,41.752353500183226,-0.09069665632354607,244
v2_7e6dcff96ac8,25.0,37.89756410917507,-0.09178986020568214,245
v2_b4b512ad1d4f,25.0,38.6909370810098,-0.09457317856511605,246
v2_a431721b27f2,25.0,38.16070915783515,-0.09488781237267752,247
v2_9559629e1dba,25.0,37.76755145159116,-0.09528653240500606,248
v2_60d63a92e3a3,25.0,38.60364555862845,-0.09700409071071547,249
v2_451a05e421b3,25.0,37.60897776320448,-0.09821934735648963,250
v2_c08f78018f12,25.0,43.98458718076661,-0.09921330188246191,251
v2_343c60a33e78,25.0,41.252011201117384,-0.1026398345547257,252
v2_5833b7799932,25.0,38.10825721915263,-0.10403419760733446,253
v2_91de9519bb50,25.0,38.0239200350303,-0.11404601767608114,254
v2_6650d24826f5,25.0,37.32107449569425,-0.11701194431836637,255
v2_0a37333ed42c,25.0,37.52027906683753,-0.11949471338733275,256
v2_88288eae8f28,25.0,37.7114788684863,-0.12025575182636405,257
v2_68989842f450,25.0,37.83381201275327,-0.12232704356786694,258
v2_6e10dc1b121f,25.0,37.77922469976419,-0.12496055288003571,259
v2_6334e57d4aac,25.0,37.05234229085448,-0.12627743870607233,260
v2_7c132d113eb2,25.0,37.18556641103443,-0.1263492037216256,261
v2_0d0469d57c90,25.0,37.38788370733596,-0.1271310746221923,262
v2_fb8673138d97,25.0,37.601153255551026,-0.12750205115482327,263
v2_4dc73c088f80,25.0,40.275775967325046,-0.12958061418771027,264
v2_971e40206f5d,25.0,53.6184325034236,-0.12987976378397104,265
v2_c1c93182ea44,25.0,47.001830133918475,-0.13278230711939187,266
v2_9d622f4dc9b1,25.0,37.403895362283706,-0.13658088768721743,267
v2_a673fd6fac7c,25.0,37.007068281022406,-0.1375444853664165,268
v2_fc8f35d7a5da,25.0,38.03479932962809,-0.13794722928005942,269
v2_0f49151d1825,25.0,37.28854899871983,-0.1398117771862628,270
v2_ddab09d8c039,25.0,42.00994805957554,-0.14396759530605951,271
v2_55c62dbd59f0,25.0,42.78567740694155,-0.14706524372435936,272
v2_9cadb9846f11,25.0,38.44958865855902,-0.14939402997905038,273
v2_e0eff3af6c5b,25.0,37.11415015500616,-0.14982852331881258,274
v2_4d2bb7985668,25.0,36.67980464894666,-0.15188068749442962,275
v2_5483707d9d83,25.0,40.86914957231729,-0.15383497490760245,276
v2_8168991704bf,25.0,36.917893378950694,-0.15486401331375355,277
v2_1a32f2850c4f,25.0,36.76265614109443,-0.1550798335340513,278
v2_907f85629b62,25.0,36.87876629157281,-0.15569676086414663,279
v2_a0daf0f1e369,25.0,36.86799429408438,-0.16028224397791568,280
v2_e3da53543437,25.0,36.59705692480676,-0.16246001487222816,281
v2_19ab4e6a9ec8,25.0,36.83556030418407,-0.16258134292356186,282
v2_677930d2df28,25.0,36.817899535837284,-0.16495373705690763,283
v2_7e84d7f6666f,25.0,36.43890154933333,-0.16579425251533042,284
v2_6c320a622c72,25.0,36.52031827516981,-0.169609352114092,285
v2_9eb09cb3cf97,25.0,36.414515868989824,-0.16984058141675895,286
v2_dfc7f8accc23,25.0,37.433813281944595,-0.17486958046021073,287
v2_925d743a95cd,25.0,42.86744783714682,-0.1750382536555355,288
v2_aa0fab2a9005,25.0,36.19218911546385,-0.17531048948639594,289
v2_a8f4c18cc743,25.0,38.480219050924944,-0.17645101976840305,290
v2_25324839a281,25.0,37.8638980065228,-0.17682955080248686,291
v2_b9907b76a6a5,25.0,36.53746388660999,-0.17729452707754056,292
v2_3cd4fb1213a5,25.0,37.96372155810585,-0.17890578998301176,293
v2_456c9d6ffaab,25.0,36.1833338590542,-0.17991379629792004,294
v2_6dec78f3ac7d,25.0,36.52511125664704,-0.18055307443605884,295
v2_c645bd6bef85,25.0,36.29315590862109,-0.180707410472162,296
v2_a54c4f53fb9a,25.0,47.372455203136,-0.18117252031434017,297
v2_cd3585034d22,25.0,37.04090609344092,-0.18586890809519385,298
v2_f302bc7fd667,25.0,49.67912767571791,-0.1870784649243067,299
v2_aa9e535c1375,25.0,43.29458746241443,-0.1872430444267641,300
v2_582860b9f46f,25.0,36.00528832238808,-0.18814720554953013,301
v2_6ee0401c41f4,25.0,36.18029649271643,-0.1884658498706866,302
v2_57238f47d0c2,25.0,36.23049105062194,-0.18999650099562704,303
v2_af1ea6654a32,25.0,36.510993919391495,-0.19187649574353127,304
v2_60b33c397532,25.0,36.24240017469237,-0.19316126892105423,305
v2_e579aab40553,25.0,35.98325758429461,-0.19411528540365985,306
v2_94957ee43a51,25.0,42.68217036999179,-0.19515430918109633,307
v2_d796948ff1e9,25.0,36.15436412094523,-0.19688364550304716,308
v2_d53fc6f3a8a9,25.0,35.78061922918537,-0.1976681049195257,309
v2_b1f10aae432a,25.0,35.86115009474302,-0.20066909926914533,310
v2_f355f1a4a0f5,25.0,40.74487122323639,-0.20272018700466354,311
v2_17e505e4dbad,25.0,39.73508906652132,-0.20303207934027512,312
v2_2b2f49faaab7,25.0,35.75980497809609,-0.20417216398595617,313
v2_b0d5de1a4422,25.0,35.6588340387348,-0.20569196465958584,314
v2_ce4fa340b8f8,25.0,35.88936804473094,-0.20636109368179145,315
v2_217dfa4ed7bf,25.0,36.97597778267022,-0.20825828092888798,316
v2_60d596b987ed,25.0,41.95167118533535,-0.20858854819753692,317
v2_1c845eea93ad,25.0,35.603565409277415,-0.21007804431489774,318
v2_3a9a24566ad8,25.0,43.843835867094434,-0.21304826396020093,319
v2_f53a024083e1,25.0,36.333087553146036,-0.21344550814829777,320
v2_fa7c5a544f83,25.0,36.398142034900204,-0.21556300142376905,321
v2_2aa213873c31,25.0,35.549442692819994,-0.21598660996282515,322
v2_4be01f47791a,25.0,45.71905705332932,-0.2160856679105594,323
v2_6fe544dba220,25.0,44.012446039487635,-0.2170131120139427,324
v2_a3003ae2332b,25.0,35.524439446330895,-0.21893048383275993,325
v2_cc9f0f30c55b,25.0,40.05900598166509,-0.2190598334332483,326
v2_fa5fcee4e205,25.0,38.09998952166672,-0.22051826850338596,327
v2_58792a425709,25.0,37.70560896123629,-0.2231736054406639,328
v2_3b8c064ad992,25.0,54.69301360915526,-0.22631369710003924,329
v2_bbaf8260d2a7,25.0,35.80161510530373,-0.22632145622794742,330
v2_af84d5b32b9d,25.0,36.137199806026665,-0.22636014307973973,331
v2_03a8d6d0e095,25.0,37.46164473637935,-0.22735903912338173,332
v2_5f8a91715834,25.0,35.3630607564632,-0.22936187295665178,333
v2_4131a2de7fb1,25.0,35.907620517591624,-0.23120714299727663,334
v2_8d8f0025a64f,25.0,35.25914654600998,-0.2325624478596433,335
v2_df90d57e78f6,25.0,35.34849522888011,-0.23515106854655077,336
v2_63bf4929ef1a,25.0,35.370530261612714,-0.23638135429202034,337
v2_0bd94cc8a7ca,25.0,34.953245900089,-0.24510444275829268,338
v2_58a108e93dd0,25.0,35.004236661144915,-0.24515965906578963,339
v2_b2b12f797562,25.0,39.726874909994194,-0.24540408070024178,340
v2_c30ddb21e7dd,25.0,34.90974255855724,-0.24707053736250195,341
v2_418fd03b0476,25.0,34.82972176185354,-0.24912437393548004,342
v2_4e4571e3348d,25.0,52.50575605663113,-0.24967621005217833,343
v2_a243116bfc3d,25.0,34.9026256536982,-0.25051947375612116,344
v2_f8057d5a3fb8,25.0,34.86744234772481,-0.25513531715155313,345
v2_0f0587b9c78e,25.0,35.07999189610253,-0.2572236238535863,346
v2_0df0a4111041,25.0,34.89121402297774,-0.2582820307279601,347
v2_75b069521377,25.0,38.685481145891366,-0.2585457142404799,348
v2_df1740a6efed,25.0,34.68531814024841,-0.2624651101782094,349
v2_28c2bd4bdee1,25.0,35.090449786109325,-0.26251859634209307,350
v2_e51e01895705,25.0,34.727309555169256,-0.26302178290962086,351
v2_a249b5f773dd,25.0,36.24524143604625,-0.2637216054172127,352
v2_e9c61bf27dbb,25.0,38.152054318985016,-0.263729342526104,353
v2_327e22814d38,25.0,35.12164142847752,-0.2641755862595794,354
v2_6483f07e2243,25.0,39.89802570691952,-0.26507392800354346,355
v2_101d4808040d,25.0,34.52552542142986,-0.2663074485188135,356
v2_6e94779024fd,25.0,44.971476799196225,-0.26825981347039995,357
v2_f22f9b19755c,25.0,34.50600129521204,-0.26884043233793253,358
v2_a06de341e854,25.0,34.60069550622731,-0.2695439630632359,359
v2_1f7b17b07124,25.0,34.43400997460961,-0.27301863734307386,360
v2_e384aff48f9a,25.0,34.37496951006616,-0.2776156401955392,361
v2_5cb90bb0e39b,25.0,34.77544906801583,-0.27805996417773304,362
v2_e050237f27eb,25.0,47.55845610292745,-0.28083110485228957,363
v2_6bf8ac820c84,25.0,35.196469526633315,-0.28113056472150255,364
v2_ba04d736582e,25.0,47.31932133410857,-0.28159242784474614,365
v2_8cbced210662,25.0,34.48780328997636,-0.2822950151682857,366
v2_704abeaa0758,25.0,42.71597619386745,-0.2828421890209851,367
v2_f54062d9efaa,25.0,34.826839307736414,-0.2830663242519469,368
v2_509e0c61beb4,25.0,34.410809416558465,-0.2859172707875164,369
v2_feae32c1b420,25.0,35.602960858523524,-0.28635083653955284,370
v2_b2247eb217f3,25.0,34.67415537568052,-0.28644118228473214,371
v2_842154fdfe21,25.0,36.28902589860898,-0.2923857416854734,372
v2_e44eb4dab0fc,25.0,34.16929980784657,-0.29246899635122503,373
v2_cf120731cd2d,25.0,34.11689297048044,-0.2927499157875122,374
v2_fa803b7e477f,25.0,32.44466180463002,-0.29289691262810447,375
v2_327f3dd579eb,25.0,34.64259654604834,-0.29325905156540966,376
v2_3a805d3bb5a7,25.0,34.07197191405629,-0.29342375703008283,377
v2_460410de1f7e,25.0,35.075827158504666,-0.29364976098422524,378
v2_8c16a16cc908,25.0,50.65363305011049,-0.29519007370270867,379
v2_7abd164b4cb2,25.0,34.33186257848284,-0.29675254411636676,380
v2_2a1ff752ead3,25.0,33.96591756722143,-0.29827622256770603,381
v2_7400882b3476,25.0,53.523749823404536,-0.29961765888847314,382
v2_3f3751e3cc3f,25.0,39.93554532254292,-0.3020451396377304,383
v2_fef9aca8c8bc,25.0,34.107984049231305,-0.3027908738392595,384
v2_9988ac7c0032,25.0,33.852241518797236,-0.3033701070693464,385
v2_e0725ee92813,25.0,33.932600559049924,-0.3035766940867566,386
v2_45d62e762250,25.0,33.97035096606794,-0.30440053305357395,387
v2_5b387cc1bd96,25.0,34.99594015528514,-0.3058203100085253,388
v2_f5845ac92b6c,25.0,34.03499611631282,-0.3060960517316351,389
v2_4adf29ba3120,25.0,45.993467411926375,-0.306173411334119,390
v2_55c5bca90e3d,25.0,33.89196239121308,-0.3067151909995358,391
v2_c097c45d7644,25.0,33.7708819796748,-0.30712144908040173,392
v2_64b02cad0fb3,25.0,33.84653888808517,-0.30782905719655584,393
v2_3af15082a2bf,25.0,34.099251183965066,-0.3090480313833881,394
v2_a5995fdaf1a9,25.0,33.794666277274764,-0.30941248122516907,395
v2_03a9981c49b2,25.0,45.30419532102027,-0.3104048875612424,396
v2_6b1ea8b44ba8,25.0,35.351885479094776,-0.3139400246994688,397
v2_c1333a136b91,25.0,33.64453269222626,-0.31555243643234654,398
v2_a22a203b0ab9,25.0,34.146724347054615,-0.31577174132885144,399
v2_06a0176c0655,25.0,33.69139147042172,-0.3175299769439244,400
v2_aa5ab9892fe4,25.0,40.24991427529532,-0.3187467374889028,401
v2_646a87c4b847,25.0,32.35233714187863,-0.3188180826379492,402
v2_1df6d0fc57b2,25.0,33.71117115174876,-0.31921548022136026,403
v2_27a3db592de5,25.0,33.55963304042356,-0.32269796841481213,404
v2_76283a8c21b5,25.0,33.91083025004882,-0.32390287792709493,405
v2_dcbfd356e7ee,25.0,34.75030290276481,-0.3263569552091168,406
v2_89e6492e479f,25.0,33.986952270439346,-0.32669305254748426,407
v2_d2d707abfb6e,25.0,34.57371951921205,-0.32751864007458664,408
v2_72cb76ad8d7f,25.0,33.4627533062696,-0.32789433710606897,409
v2_3a0bfaadd393,25.0,34.000259887954996,-0.3279558951573378,410
v2_4bce24d994ca,25.0,34.32947480949548,-0.3279693447900973,411
v2_328c0b7e79e9,25.0,33.403925449176874,-0.3281739470087359,412
v2_1375f002ce05,25.0,33.42690766970162,-0.32821991552919627,413
v2_fc577ec088f4,25.0,33.44207826473631,-0.3285828640584425,414
v2_f1edfe942d8a,25.0,33.37675918131795,-0.3295720294980953,415
v2_ef0e6b36d41f,25.0,33.39571846158789,-0.3297421057922785,416
v2_589b2d5eaf4e,25.0,34.401581602913076,-0.3317020722221775,417
v2_11799501cf0c,25.0,33.28817621138575,-0.3344370600352793,418
v2_053898cfa53f,25.0,35.26973202993355,-0.3348522123877675,419
v2_4d3c047833dd,25.0,33.39769891633759,-0.3354051372030069,420
v2_bb8f840a2646,25.0,33.332375942492625,-0.3358632784325861,421
v2_408c957c8dd7,25.0,33.306316241288684,-0.3361211945459903,422
v2_511efafe2e78,25.0,33.342429245225034,-0.3362809129915192,423
v2_185877cb128e,25.0,34.99176048405853,-0.3366971782618089,424
v2_5a2051fa1963,25.0,33.259062527523994,-0.33838213167510833,425
v2_f4ff0bf5812d,25.0,35.98678592365517,-0.34094603539511414,426
v2_272bca4da67a,25.0,33.32639966117418,-0.34157590463276843,427
v2_ea3d7c9f4c5d,25.0,34.34963667336588,-0.34297227484610904,428
v2_c31a181df483,25.0,33.14387222350949,-0.3466590569345529,429
v2_3f7aec1a6148,25.0,33.75149213339458,-0.34864033699910113,430
v2_fc1b9e55395d,25.0,34.767089335322574,-0.3496024195296634,431
v2_e1502e8bbb87,25.0,33.080968902940924,-0.34990847983446294,432
v2_6fb2b2799b94,25.0,33.11726235579941,-0.3503060062560275,433
v2_776773df89e5,25.0,33.04064902583966,-0.35053111869912446,434
v2_1a0bba15f724,25.0,33.017366218842064,-0.35150057081867114,435
v2_5982d0a6db2d,25.0,33.12380361549908,-0.3516840389137501,436
v2_d34db24fccf9,25.0,32.98468424190151,-0.3523123778353483,437
v2_b2f94609602c,25.0,33.80762912053292,-0.352779013033099,438
v2_bab50aba4d56,25.0,33.029312909435674,-0.3529032724279295,439
v2_30d3a4bb63e0,25.0,33.021139122058955,-0.35344436225114695,440
v2_8dcd045f52a2,25.0,32.9839832591793,-0.3550334611231891,441
v2_8455a276124d,25.0,42.82968746183062,-0.35525695567470184,442
v2_d677c528ec73,25.0,32.95010176346262,-0.35530360264224203,443
v2_86ea879d7a16,25.0,32.95574969196528,-0.35559428435158225,444
v2_cfe496e3b518,25.0,33.04785446423335,-0.35575616373338903,445
v2_53d394fe5598,25.0,32.938500496152116,-0.35625909645704645,446
v2_b3e448776339,25.0,33.358663242614284,-0.35706523123425526,447
v2_34e432368fc2,25.0,35.81157733483012,-0.35778288290709526,448
v2_276df74ff9f9,25.0,32.94802662744388,-0.35814323467509634,449
v2_d3c916c22a1b,25.0,32.29241422549804,-0.35859081913258706,450
v2_50c124c6283a,25.0,33.086659754403186,-0.35868281755840226,451
v2_3b461dca58f8,25.0,38.39111843458727,-0.36121364850536875,452
v2_add7095c7967,25.0,32.88133155373001,-0.3613101177356475,453
v2_790c81dfd3a6,25.0,32.856949615901925,-0.36132994715929456,454
v2_2b250727ed4b,25.0,33.01198472391121,-0.3614750835340814,455
v2_11a92fa4b527,25.0,32.82653140118296,-0.36240611968383707,456
v2_ee568549bb3e,25.0,32.80952830236823,-0.36432648882956364,457
v2_f2906a7d0557,25.0,32.8696677357634,-0.3643999681366372,458
v2_46e5df9d9cc4,25.0,32.854192810667804,-0.3649676645398836,459
v2_e9424543e12a,25.0,32.864672024705776,-0.3655254983094087,460
v2_7267ecb3791a,25.0,32.93336403867528,-0.365646630487686,461
v2_3449baa0985c,25.0,32.76471627557344,-0.3663504165300111,462
v2_f5bbfad7b42a,25.0,32.76374384619322,-0.36644243000523335,463
v2_15151956d049,25.0,32.937020129206005,-0.36685926509090727,464
v2_bdf5ecbe4ce9,25.0,32.76808096527395,-0.3672292253834195,465
v2_94b321eab37a,25.0,32.73653799932307,-0.3673482257064622,466
v2_d6d963a7da27,25.0,32.73418035505983,-0.36771021323651265,467
v2_2a0da949925a,25.0,44.23420059690021,-0.36924571164819486,468
v2_79ca638d3a5a,25.0,33.170707386896,-0.3696746830335842,469
v2_4642c0e6aee4,25.0,35.31727360059007,-0.37008181125282213,470
v2_0e988230dec9,25.0,32.89217607107716,-0.37024099827468326,471
v2_1db83ce07c66,25.0,32.657835395591995,-0.37194554868354857,472
v2_1b3788200cce,25.0,38.85209320836755,-0.3728239414633734,473
v2_d4c11264bb67,25.0,39.19509694967641,-0.37306384190539443,474
v2_fc0f604b6305,25.0,32.76556511342408,-0.3736636427291504,475
v2_12bd77def88c,25.0,32.65508357950719,-0.37398279910323495,476
v2_f8a7b8bc6842,25.0,32.634299349600454,-0.37444889328196407,477
v2_98e511eca96b,25.0,32.69512552211383,-0.37447044337931334,478
v2_0eccf53b9636,25.0,38.12194635468056,-0.37462789771407934,479
v2_8c34f90dfd00,25.0,32.7502459414452,-0.37490412910085613,480
v2_daf836d61844,25.0,32.682426962637976,-0.37518715392388113,481
v2_b785a13801f3,25.0,32.57864929401755,-0.3755288419598575,482
v2_bb9086199795,25.0,32.61789137043667,-0.3761781767037755,483
v2_30165da6b265,25.0,35.88169225630128,-0.3762125760895332,484
v2_a36e4bdb6fa4,25.0,32.63624424940046,-0.37639962698678264,485
v2_56ec45f1459f,25.0,32.61408659600295,-0.3764714732033072,486
v2_47a30def4cf5,25.0,32.5873562438382,-0.3764928061394368,487
v2_a5cb932ea8b1,25.0,32.837174488613755,-0.37771279277726766,488
v2_c3720babea72,25.0,46.31045257866544,-0.37779510447157616,489
v2_89dc2c5a99c8,25.0,33.63376136784156,-0.3788287222924396,490
v2_6bc9b8c86b99,25.0,32.53500331441442,-0.3799499239862856,491
v2_51402f736f13,25.0,32.51992177325963,-0.3800297822819463,492
v2_3cb1c3f5ccfc,25.0,32.702890003207536,-0.3807060408824716,493
v2_bb6b08e6ea0f,25.0,32.70258010944724,-0.38104611399811184,494
v2_ef2925819b4d,25.0,32.877033617587514,-0.3816525560947266,495
v2_5b61d4d3eff1,25.0,32.55784787110037,-0.3817376995767239,496
v2_42496b3f14bd,25.0,32.50752133476678,-0.38192963120131473,497
v2_0f82d11b4f04,25.0,32.50416216807782,-0.38274976617286693,498
v2_e214bf1bf12d,25.0,32.61483957295858,-0.3827505811179277,499
v2_fffeca2cfd38,25.0,32.5611071144871,-0.38288546519356803,500
v2_72cac07abe7d,25.0,32.46792242880903,-0.3830217679174259,501
v2_80df6418ae12,25.0,32.508429021425556,-0.38313348400997604,502
v2_0ab983a0baac,25.0,32.45976359333034,-0.38344483666722606,503
v2_932787dd6b09,25.0,32.515509232567794,-0.38399044534631344,504
v2_2c3247ef3569,25.0,32.45965608796378,-0.3840935818328495,505
v2_d94ba6fccd6d,25.0,33.22661251854211,-0.3847423749580132,506
v2_2ac1548676d7,25.0,32.77870824226506,-0.38494560789664867,507
v2_d2469c44b351,25.0,32.445697099044345,-0.38495132865455695,508
v2_bf3a99c1076c,25.0,32.43911545829075,-0.38501304366421163,509
v2_53db18d39412,25.0,32.44479759704486,-0.3853203055217058,510
v2_f45e889b4001,25.0,36.55634418438985,-0.3855097906029661,511
v2_48409044cc42,25.0,32.43768181833557,-0.38558713744866235,512
v2_0df262aa8b5e,25.0,32.48235843792623,-0.38602102919625203,513
v2_f1b5ca3b5ed3,25.0,32.422792856125604,-0.38603761383185997,514
v2_bffb4ca385d8,25.0,32.449477634678885,-0.3862768760472459,515
v2_eea7431d9b1f,25.0,32.409053756574465,-0.38630424458846857,516
v2_b80195d636fb,25.0,32.412189316352226,-0.3864152735862545,517
v2_74b707e86c3a,25.0,32.47340708013187,-0.38648793899928435,518
v2_dfc463d44674,25.0,32.485394378913554,-0.38668065893152015,519
v2_369d362fc413,25.0,32.412857749377714,-0.38669865317930086,520
v2_a5044110f57c,25.0,32.41653855979149,-0.3867195301220603,521
v2_d67ba61089fc,25.0,32.24632945939213,-0.3868501567187641,522
v2_64f7ea606960,25.0,32.45637530628105,-0.38735639939161715,523
v2_e7081350f820,25.0,32.39081905984719,-0.38768196524765663,524
v2_29d900b0e143,25.0,32.38411818338869,-0.3878594249186156,525
v2_9be4c6fad3e6,25.0,32.380617940774066,-0.3880391648379371,526
v2_c6b0e249236b,25.0,33.71024197521592,-0.3882337074243063,527
v2_16fdf6c7e629,25.0,32.39510646454875,-0.3883464373529977,528
v2_305cbdde58df,25.0,32.48875263851632,-0.3885359286505219,529
v2_4e6416610157,25.0,32.371950499115265,-0.38855837542817984,530
v2_88d837e52cf8,25.0,32.42517258865936,-0.38858477452105156,531
v2_33a25cb54448,25.0,32.36440838153599,-0.38906229884858323,532
v2_d0d7fa84349a,25.0,36.54584219679716,-0.3891446287973732,533
v2_06982e5b5e3d,25.0,32.43950783028641,-0.3891649486213522,534
v2_65a8e75c99a1,25.0,32.36297782851198,-0.38922289609101046,535
v2_793d60d409d7,25.0,32.36023166075334,-0.38950151789100484,536
v2_5ab59007acf8,25.0,49.2361882710359,-0.3895533433075373,537
v2_617a50e8ab16,25.0,32.364531851600944,-0.38959529583543073,538
v2_670fd35b87e9,25.0,32.36075493762816,-0.38968684145394494,539
v2_55655aab582f,25.0,37.26692192312948,-0.39071434969163743,540
v2_297b94b8da3c,25.0,33.10135087258389,-0.390752350980093,541
v2_ac8b3549fc28,25.0,32.247815126050405,-0.39086097706122214,542
v2_6a455b89deec,25.0,32.3356277354585,-0.39099342411305216,543
v2_76c2fa721e15,25.0,32.37744431825857,-0.39116075388977567,544
v2_52f064444943,25.0,32.560882276064106,-0.3914416709636006,545
v2_6b1792ebfbe3,25.0,32.32522443254729,-0.39144843792253337,546
v2_0ce73c6b6aa2,25.0,32.49653037538202,-0.39158806307962113,547
v2_1f2a1b31722c,25.0,32.32757912245405,-0.3917077088661465,548
v2_1f8d6150fd22,25.0,32.34799113229901,-0.3917928825695496,549
v2_ffbce41b169e,25.0,32.48329110319279,-0.3919008571494693,550
v2_d532628ebb58,25.0,32.30931056260239,-0.3919230533444251,551
v2_b49f7fc68b5a,25.0,32.31264573120879,-0.3921076558847565,552
v2_006255cd4d17,25.0,32.3112082408646,-0.39229850918829445,553
v2_421182944077,25.0,32.24781512605041,-0.3923747899268495,554
v2_827af743c3f7,25.0,32.4685620789931,-0.39250773661666205,555
v2_f149e31eee8a,25.0,32.30633829744887,-0.39260685515555327,556
v2_c3fde1e391c1,25.0,32.306790325133996,-0.39260985244078395,557
v2_9f163359f356,25.0,32.31728137805659,-0.3927980997779512,558
v2_5b1f6e5c6ee3,25.0,32.2993712651928,-0.39303558300661656,559
v2_b60636e0e659,25.0,32.30369945901445,-0.3930618316281347,560
v2_cc86e981f501,25.0,32.29726592354937,-0.39317417191393744,561
v2_a928e07832b0,25.0,32.30422961301309,-0.39318698216997294,562
v2_207af0272c55,25.0,32.45901458463278,-0.3932430232168711,563
v2_6673356ba737,25.0,32.48363108734666,-0.3932635889263869,564
v2_88ea53c0d24d,25.0,32.28927995568213,-0.3933973410845004,565
v2_1d8ae71e9511,25.0,32.24780997799166,-0.39348607236923705,566
v2_eb3a6aee95f4,25.0,32.289662334474066,-0.3936521065706602,567
v2_56266b6d1e9e,25.0,32.33682349921296,-0.3936566460490907,568
v2_eb84c4a34ac4,25.0,32.29256688699838,-0.3936685601037251,569
v2_3d099050aa1d,25.0,32.28730114259864,-0.3938264429165095,570
v2_d21c09cb4062,25.0,32.493030902538756,-0.39384486075787795,571
v2_21d2e7144281,25.0,32.288737291986386,-0.3942142936417552,572
v2_515a864ae8b1,25.0,32.280442984995936,-0.3942323827655061,573
v2_9e11f74bdacb,25.0,32.27797905619129,-0.3944176622985269,574
v2_f4985d4fcbcd,25.0,32.3462044017009,-0.3945037813075869,575
v2_9170d87243aa,25.0,32.29622209233815,-0.3946658555664717,576
v2_ee3d982985a2,25.0,32.29915963528223,-0.39467669528402194,577
v2_445bd9aeb2e3,25.0,32.272284030587684,-0.39471470662722297,578
v2_766205a6d95b,25.0,32.27171013157812,-0.39475370699858914,579
v2_b539826b43eb,25.0,38.41972169008401,-0.39480782973609596,580
v2_ac87310fe657,25.0,32.31222139380041,-0.39495854210562076,581
v2_b0b56c4bb5f8,25.0,32.285250022531564,-0.39496000785941465,582
v2_4bc00b035e1e,25.0,46.66416580277719,-0.3949785440632896,583
v2_676b4ee4554b,25.0,32.24781512605041,-0.39502786601551865,584
v2_9c8c9d876a08,25.0,32.26698743133252,-0.39505073628800513,585
v2_ef8fc041c4f7,25.0,32.26609883761849,-0.39510408918834194,586
v2_766087ca8ea4,25.0,32.30965988091746,-0.39520709541219556,587
v2_9e47b5f45fd2,25.0,32.26362800018621,-0.3952338862195157,588
v2_907f0ec53d89,25.0,32.26395619993393,-0.39526500515755547,589
v2_549b46a9edb9,25.0,32.28178855575226,-0.3953369174422692,590
v2_80ac9c16fd08,25.0,32.510579486865815,-0.39548226802095865,591
v2_65bc5f52e1ce,25.0,32.25868876780274,-0.39556131108745074,592
v2_970767b8815d,25.0,32.25755358529682,-0.39563197254769555,593
v2_81ea825f9628,25.0,32.256430101156134,-0.3957072085916744,594
v2_f8f96c5d3c1c,25.0,32.2560557099017,-0.3957356053695591,595
v2_c2786762dfed,25.0,32.25542628836016,-0.3957769059514131,596
v2_d2f72e46315e,25.0,32.25479941824208,-0.3958081068807946,597
v2_91adfcf66e18,25.0,32.252784918209095,-0.395835803630356,598
v2_ca4c69edbc5e,25.0,32.24781512605041,-0.3958397872168291,599
v2_143d5a10ef57,25.0,32.253298909374465,-0.3958875519362035,600
v2_c9044cec0c9c,25.0,32.25300066087007,-0.39591377519997994,601
v2_11ea4762eafa,25.0,32.252788262876464,-0.39592600750227724,602
v2_e67eea121ba7,25.0,32.31112305910343,-0.39592813011189065,603
v2_928eb6f36189,25.0,32.2519260370957,-0.3959793878587794,604
v2_c7df84b1a689,25.0,32.251882903614586,-0.39598511334414166,605
v2_f2769b10fa5e,25.0,32.25055252933373,-0.3959906377561424,606
v2_07a02e88f8de,25.0,32.24781512604992,-0.3960235686502198,607
v2_56a2bed2064d,25.0,32.25120617923562,-0.3960247437234683,608
v2_88270735f995,25.0,32.24781512605041,-0.3960259361392433,609
v2_3461ad48789c,25.0,32.25060754149509,-0.3960327632481073,610
v2_02c1ba56e7ce,25.0,32.250804598920624,-0.3960491093693941,611
v2_76373df9ccc1,25.0,32.25058911958981,-0.39606295405822767,612
v2_b77c406e683c,25.0,32.25059206551526,-0.39606400627142335,613
v2_e97debc202bb,25.0,32.34418412312828,-0.3960930884286098,614
v2_a46d0d7cdbd1,25.0,32.24781512605041,-0.3960983712254995,615
v2_91a860298ad2,25.0,32.24987671013343,-0.3961081036187837,616
v2_31f68ae00a81,25.0,32.24966378908348,-0.3961198932876622,617
v2_11bcec4d1ce9,25.0,32.24914157677652,-0.3961524424359526,618
v2_3077754568db,25.0,32.248547637534976,-0.39618962094597077,619
v2_43989cb827d1,25.0,32.24840141230902,-0.3961980607473299,620
v2_bb59dd2a157e,25.0,32.248282641016466,-0.39620537758625485,621
v2_26d107654cd5,25.0,32.248235401384655,-0.39620844610121075,622
v2_415981fdcc6b,25.0,32.24781512605041,-0.39622007847646046,623
v2_7df5dcfc7ce1,25.0,32.24799176095855,-0.39622357621898185,624
v2_e774daaf879d,25.0,32.24781512605041,-0.3962237508012789,625
v2_c29ba8d1eb43,25.0,32.24781512605032,-0.39622477540303436,626
v2_6255a828f865,25.0,32.24781512605041,-0.3962259645482904,627
v2_844e90000464,25.0,32.24781512605041,-0.39622899366453,628
v2_75ef74ddca45,25.0,32.24781512605041,-0.3962312636405665,629
v2_dbd98eba7e8e,25.0,32.24781512605041,-0.3962314967349352,630
v2_0a4c70962f35,25.0,32.24784887878872,-0.39623231444438023,631
v2_4cd44c61efd9,25.0,32.247834771868234,-0.39623318417200704,632
v2_404bf85845ba,25.0,32.24783255796859,-0.3962333202801096,633
v2_bf335a8207cf,25.0,32.24783163820631,-0.39623337785456325,634
v2_f0877d079fcc,25.0,32.2478289870265,-0.3962335448531489,635
v2_d7c3b79c5eb7,25.0,32.24782679271201,-0.3962336744939172,636
v2_c24a0756b045,25.0,32.24782472673568,-0.3962338042514304,637
v2_2c7ee6953e5c,25.0,32.24781512605041,-0.3962339963810244,638
v2_58c84434146e,25.0,32.24782063610616,-0.39623405842706383,639
v2_e79f58acbe31,25.0,32.24782025564387,-0.3962340795076784,640
v2_3c03b46eec19,25.0,32.24781512605041,-0.39623410581977314,641
v2_3a631affa16a,25.0,32.247819205181145,-0.39623414414435043,642
v2_997cd6506199,25.0,32.247816872373214,-0.39623428852908216,643
v2_fbf6d1976e48,25.0,32.2478165404171,-0.3962343086754876,644
v2_2cdd775d4870,25.0,32.24781608861664,-0.3962343364522294,645
v2_441d20e5b614,25.0,32.24781603256247,-0.39623433990926227,646
v2_b9780061d657,25.0,32.24781512605041,-0.39623434911923194,647
v2_f11f74374815,25.0,32.247815581710775,-0.39623436771381915,648
v2_00c783083787,25.0,32.24781512603053,-0.39623436814832314,649
v2_7ed067f1db3a,25.0,32.24781556449886,-0.3962343687375318,650
v2_e612d8070754,25.0,32.24781512605041,-0.3962343774253654,651
v2_fba7dd5bea7e,25.0,32.247815423293815,-0.39623437748466017,652
v2_ffdbd3251f1a,25.0,32.24781530085397,-0.39623438504555164,653
v2_a5fe401483ac,25.0,32.247815300033515,-0.39623438510165787,654
v2_f41037096bce,25.0,32.24781512605041,-0.39623438614373097,655
v2_586cef43f5b6,25.0,32.247815206580434,-0.3962343908074626,656
v2_92ec00b6f39a,25.0,32.24781512605041,-0.3962343932507624,657
v2_75c068286b03,25.0,32.24781516397715,-0.39623439342987155,658
v2_558026661475,25.0,32.24781514617289,-0.3962343945265543,659
v2_f09c9c24eaf2,25.0,32.24781513190393,-0.3962343954043286,660
v2_356d29cd5976,25.0,32.24781512995362,-0.3962343955244867,661
v2_9359a4e9692e,25.0,32.24781512605041,-0.39623439558001383,662
v2_3c43b82b58ed,25.0,32.24781512828804,-0.39623439562696294,663
v2_f8b4cdd63b9f,25.0,32.247815128126824,-0.3962343956369212,664
v2_a7de78124e3f,25.0,32.24781512794753,-0.39623439564827834,665
v2_b53d6a1f6675,25.0,32.24781512784095,-0.3962343956538339,666
v2_244ae228b18b,25.0,32.24781512701584,-0.39623439570522745,667
v2_be3e2bdb4789,25.0,32.24781512698946,-0.39623439570687236,668
v2_b024464b5322,25.0,32.24781512676004,-0.3962343957209731,669
v2_e689b6ef646d,25.0,32.24781512675262,-0.3962343957215779,670
v2_8fd1577ec122,25.0,32.24781512673413,-0.39623439572255403,671
v2_21bdebfa75e5,25.0,32.247815126732846,-0.39623439572264285,672
v2_56e3b3dd4ec4,25.0,32.247815126671924,-0.39623439572639363,673
v2_77ecc60e1005,25.0,32.24781512649497,-0.39623439573739727,674
v2_6d6c01c299d6,25.0,32.24781512641137,-0.3962343957424226,675
v2_d01c09b331b3,25.0,32.24781512630717,-0.3962343957488299,676
v2_a808fbebe339,25.0,32.247815126237136,-0.3962343957531349,677
v2_ca8fb5f955fb,25.0,32.24781512622617,-0.39623439575380637,678
v2_cc843b65e057,25.0,32.24781512622327,-0.39623439575399466,679
v2_55bbb8132154,25.0,32.247815126162806,-0.3962343957577028,680
v2_1678575eabf7,25.0,32.24781512616135,-0.3962343957578014,681
v2_0f0f454d021d,25.0,32.247815126153434,-0.39623439575824104,682
v2_71b216b518df,25.0,32.247815126146826,-0.3962343957586887,683
v2_6da9ec42c8b8,25.0,32.24781512612617,-0.396234395759957,684
v2_45e1fbdaa5c2,25.0,32.247815126108804,-0.39623439576103703,685
v2_912dd08dc636,25.0,32.24781512610024,-0.39623439576155217,686
v2_7a4baae53753,25.0,32.247815126099994,-0.39623439576157615,687
v2_e9c9fa704b28,25.0,32.24781512607727,-0.3962343957629644,688
v2_560f207ba3d2,25.0,32.24781512607359,-0.39623439576319,689
v2_7961390795a0,25.0,32.24781512607285,-0.3962343957632406,690
v2_473d7f5150b9,25.0,32.247815126068225,-0.39623439576352126,691
v2_c10e128bf7d7,25.0,32.24781512606755,-0.39623439576356656,692
v2_f58d90d629ef,25.0,32.24781512606604,-0.3962343957636554,693
v2_d412c077dafb,25.0,32.24781512606405,-0.39623439576377795,694
v2_1a124d19ddd7,25.0,32.24781512606223,-0.39623439576389163,695
v2_6e7c72c72427,25.0,32.247815126060964,-0.396234395763968,696
v2_36d84ab02afc,25.0,32.24781512606031,-0.396234395764008,697
v2_26e4dca23780,25.0,32.24781512605721,-0.39623439576419806,698
v2_9cbc2bc7fac9,25.0,32.24781512605692,-0.3962343957642176,699
v2_88fd23c0928c,25.0,32.24781512605529,-0.3962343957643162,700
v2_530cdf95f4fc,25.0,32.24781512605501,-0.39623439576433306,701
v2_d7205181a013,25.0,32.24781512605498,-0.3962343957643357,702
v2_6bfe936e39ad,25.0,32.2478151260548,-0.3962343957643464,703
v2_56dc7d4fe28f,25.0,32.24781512605464,-0.39623439576435704,704
v2_6c0a6fc5e158,25.0,32.24781512605354,-0.39623439576442454,705
v2_11cd732532aa,25.0,32.247815126053105,-0.3962343957644512,706
v2_dbd6c8c9da2e,25.0,32.247815126052835,-0.3962343957644672,707
v2_f4becc8ae6fe,25.0,32.24781512605205,-0.39623439576451513,708
v2_ed29f5feb466,25.0,32.247815126052025,-0.3962343957645178,709
v2_9525b79f6620,25.0,32.24781512605174,-0.3962343957645347,710
v2_a75109a57c6d,25.0,32.24781512605127,-0.396234395764564,711
v2_cf11b117420f,25.0,32.247815126051236,-0.39623439576456576,712
v2_e4c8cba42606,25.0,32.24781512605117,-0.3962343957645702,713
v2_131f1d3687b0,25.0,32.24781512605114,-0.396234395764572,714
v2_7da1d2beaec9,25.0,32.24781512605114,-0.396234395764572,715
v2_a7f4f1948bab,25.0,32.24781512605099,-0.39623439576458086,716
v2_8a4fce97c16f,25.0,32.247815126050966,-0.39623439576458264,717
v2_a7415af8b13f,25.0,32.247815126050924,-0.3962343957645853,718
v2_0f3132270679,25.0,32.247815126050796,-0.3962343957645933,719
v2_1ac5198fc97d,25.0,32.24781512605074,-0.39623439576459685,720
v2_e96a0f462ccf,25.0,32.24781512605073,-0.39623439576459685,721
v2_3c2cad0aefc4,25.0,32.24781512605065,-0.3962343957646022,722
v2_962fcea377df,25.0,32.24781512605065,-0.3962343957646022,723
v2_8c546df2c2db,25.0,32.247815126050575,-0.3962343957646066,724
v2_fdc599800bdc,25.0,32.24781512605057,-0.3962343957646066,725
v2_6c7a29714080,25.0,32.24781512605054,-0.3962343957646084,726
v2_af5a856ff462,25.0,32.24781512605054,-0.3962343957646084,727
v2_5640b22b71e3,25.0,32.24781512605049,-0.39623439576461106,728
v2_c0bc1dfec759,25.0,32.2478151260505,-0.39623439576461106,729
v2_bbb4e33979b3,25.0,32.24781512605047,-0.39623439576461283,730
v2_c294ba6b778c,25.0,32.24781512605046,-0.39623439576461283,731
v2_d156c88ad110,25.0,32.24781512605047,-0.39623439576461283,732
v2_d8ebad0bdbf3,25.0,32.24781512605046,-0.39623439576461283,733
v2_56d4b4ce7d23,25.0,32.24781512605045,-0.3962343957646137,734
v2_b444e4a4dd6c,25.0,32.24781512605044,-0.3962343957646146,735
v2_c170a437b0fb,25.0,32.24781512605044,-0.3962343957646146,736
v2_efe9927d5d18,25.0,32.24781512605043,-0.3962343957646146,737
v2_f229ed8c7c1f,25.0,32.24781512605043,-0.3962343957646146,738
v2_24dc2c5f8ba0,25.0,32.247815126050426,-0.3962343957646155,739
v2_baebc28d39f7,25.0,32.247815126050426,-0.3962343957646155,740
v2_015719ad0498,25.0,32.24781512605041,-0.3962343957646164,741
v2_01a0336855ff,25.0,32.24781512605041,-0.3962343957646164,742
v2_01d4046ea2ac,25.0,32.247815126050405,-0.3962343957646164,743
v2_047784b7b37c,25.0,32.24781512605042,-0.3962343957646164,744
v2_0996cd47ae43,25.0,32.24781512605041,-0.3962343957646164,745
v2_0aeb9d68cdc9,25.0,32.24781512605041,-0.3962343957646164,746
v2_0cbd066be0a2,25.0,32.24781512605041,-0.3962343957646164,747
v2_1151c1aa6250,25.0,32.24781512605041,-0.3962343957646164,748
v2_14b5688bda10,25.0,32.24781512605041,-0.3962343957646164,749
v2_175158b4b5ae,25.0,32.24781512605041,-0.3962343957646164,750
v2_1a525429db16,25.0,32.24781512605041,-0.3962343957646164,751
v2_1aac13ccade3,25.0,32.24781512605041,-0.3962343957646164,752
v2_1cbf1f79a7b5,25.0,32.24781512605041,-0.3962343957646164,753
v2_20d4dc27e4e6,25.0,32.24781512605041,-0.3962343957646164,754
v2_20fbec6b2e06,25.0,32.24781512605041,-0.3962343957646164,755
v2_21d8acb896b0,25.0,32.24781512605041,-0.3962343957646164,756
v2_2370c53b81ad,25.0,32.24781512605041,-0.3962343957646164,757
v2_2812a828b3fe,25.0,32.24781512605041,-0.3962343957646164,758
v2_2839acf31ce7,25.0,32.24781512605041,-0.3962343957646164,759
v2_29b4cc72f3d2,25.0,32.24781512605041,-0.3962343957646164,760
v2_29d05ea5007d,25.0,32.24781512605041,-0.3962343957646164,761
v2_2df5101ecfdf,25.0,32.24781512605041,-0.3962343957646164,762
v2_306c3daabff3,25.0,32.24781512605041,-0.3962343957646164,763
v2_37782516af49,25.0,32.24781512605042,-0.3962343957646164,764
v2_38a876374e40,25.0,32.24781512605041,-0.3962343957646164,765
v2_3909ae4630cf,25.0,32.24781512605041,-0.3962343957646164,766
v2_3963131e1808,25.0,32.24781512605041,-0.3962343957646164,767
v2_39df65dd5bae,25.0,32.24781512605041,-0.3962343957646164,768
v2_3e966d27b248,25.0,32.24781512605042,-0.3962343957646164,769
v2_3fb9f4b5007b,25.0,32.24781512605042,-0.3962343957646164,770
v2_410b2aeb9f4f,25.0,32.24781512605041,-0.3962343957646164,771
v2_4283ee4bfc90,25.0,32.24781512605041,-0.3962343957646164,772
v2_47435fba2419,25.0,32.24781512605041,-0.3962343957646164,773
v2_4a0c4508d69f,25.0,32.24781512605041,-0.3962343957646164,774
v2_4cfe06dda614,25.0,32.24781512605042,-0.3962343957646164,775
v2_516e5094fe2f,25.0,32.24781512605041,-0.3962343957646164,776
v2_657072df4cf3,25.0,32.24781512605041,-0.3962343957646164,777
v2_669c90aa23ab,25.0,32.24781512605041,-0.3962343957646164,778
v2_6920efc5d58e,25.0,32.24781512605041,-0.3962343957646164,779
v2_6978bd563be6,25.0,32.24781512605041,-0.3962343957646164,780
v2_6d03a9e659f6,25.0,32.24781512605041,-0.3962343957646164,781
v2_6d582d446fc9,25.0,32.24781512605041,-0.3962343957646164,782
v2_798719725bf9,25.0,32.24781512605041,-0.3962343957646164,783
v2_828f5d4497dd,25.0,32.24781512605041,-0.3962343957646164,784
v2_85aa6fa9a508,25.0,32.24781512605042,-0.3962343957646164,785
v2_85bec27aade1,25.0,32.24781512605041,-0.3962343957646164,786
v2_8a02e345967e,25.0,32.24781512605041,-0.3962343957646164,787
v2_8a9be37f2c28,25.0,32.24781512605041,-0.3962343957646164,788
v2_8b74321a2aed,25.0,32.24781512605041,-0.3962343957646164,789
v2_927c9b80de7e,25.0,32.24781512605041,-0.3962343957646164,790
v2_97afd8a9d564,25.0,32.24781512605041,-0.3962343957646164,791
v2_97e2ba341e04,25.0,32.24781512605041,-0.3962343957646164,792
v2_9b43a7c70f76,25.0,32.24781512605041,-0.3962343957646164,793
v2_9b75e9344e78,25.0,32.24781512605041,-0.3962343957646164,794
v2_a0d59ad015c1,25.0,32.24781512605041,-0.3962343957646164,795
v2_a3a9047a7ed5,25.0,32.24781512605042,-0.3962343957646164,796
v2_a6e33588e03b,25.0,32.24781512605041,-0.3962343957646164,797
v2_a83af936217d,25.0,32.24781512605041,-0.3962343957646164,798
v2_a9584888b913,25.0,32.24781512605041,-0.3962343957646164,799
v2_aa4895a1f3d2,25.0,32.24781512605041,-0.3962343957646164,800
v2_aa7e05cc7347,25.0,32.24781512605042,-0.3962343957646164,801
v2_b12d3706ea4e,25.0,32.24781512605041,-0.3962343957646164,802
v2_b2a81674353f,25.0,32.24781512605041,-0.3962343957646164,803
v2_b4c23914eab7,25.0,32.24781512605041,-0.3962343957646164,804
v2_b4d160dfbfc8,25.0,32.24781512605041,-0.3962343957646164,805
v2_b68a9a8f9542,25.0,32.24781512605041,-0.3962343957646164,806
v2_b6a303e39749,25.0,32.24781512605041,-0.3962343957646164,807
v2_ba593f2b4e07,25.0,32.24781512605041,-0.3962343957646164,808
v2_c017094cfd9a,25.0,32.24781512605041,-0.3962343957646164,809
v2_c0e5bcc90578,25.0,32.24781512605041,-0.3962343957646164,810
v2_c461fb994718,25.0,32.24781512605041,-0.3962343957646164,811
v2_c72ec9cbed08,25.0,32.24781512605041,-0.3962343957646164,812
v2_c93caf6019bf,25.0,32.24781512605041,-0.3962343957646164,813
v2_ca205e634d46,25.0,32.24781512605041,-0.3962343957646164,814
v2_cbe0f3166720,25.0,32.24781512605041,-0.3962343957646164,815
v2_cd3b6187d1e4,25.0,32.24781512605041,-0.3962343957646164,816
v2_d46824fc5109,25.0,32.24781512605041,-0.3962343957646164,817
v2_d4b1ea7cfc42,25.0,32.24781512605041,-0.3962343957646164,818
v2_d595e2b586d5,25.0,32.24781512605041,-0.3962343957646164,819
v2_d9efd984adf8,25.0,32.24781512605041,-0.3962343957646164,820
v2_da089a21fb6b,25.0,32.24781512605041,-0.3962343957646164,821
v2_dabf4d76c418,25.0,32.24781512605041,-0.3962343957646164,822
v2_e0d60d0a8fe1,25.0,32.24781512605041,-0.3962343957646164,823
v2_e46faf328a6b,25.0,32.24781512605041,-0.3962343957646164,824
v2_e5a46a7bb855,25.0,32.24781512605041,-0.3962343957646164,825
v2_fb8dd5c19270,25.0,32.24781512605042,-0.3962343957646164,826
v2_fc7821c32c6c,25.0,32.24781512605042,-0.3962343957646164,827
v2_fcd97c74ca48,25.0,32.24781512605041,-0.3962343957646164,828
v2_93504034d7a3,25.0,32.24781512605039,-0.39623439581312336,829
v2_6ec2f6b0af6d,25.0,32.24781512605041,-0.3962344455725173,830
v2_4568731a111f,25.0,32.24781512605041,-0.39623447393141475,831
v2_84c3ac3081c5,25.0,32.24781512605041,-0.39623453778643736,832
v2_4dcf60c033d6,25.0,32.24781512605041,-0.396234717120552,833
v2_ca89ab2c26bb,25.0,32.24781512605041,-0.39623481905516567,834
v2_c435a5b742fa,25.0,32.24781512605041,-0.39623486594124646,835
v2_0df37ac57a8f,25.0,32.24781512605041,-0.3962357649135422,836
v2_c0723d0ca8be,25.0,32.24781512605041,-0.3962365426163723,837
v2_2f7ba3e9d356,25.0,32.24781512605041,-0.39623848601104594,838
v2_209995f62e1d,25.0,32.24781512605041,-0.3962442962183568,839
v2_0ca37e8c428c,25.0,32.24781512605041,-0.3962493905702571,840
v2_3dbde4f93828,25.0,32.24781512605041,-0.3962517898450111,841
v2_b9c410299d6a,25.0,32.24781512605041,-0.396309303333763,842
v2_cb3dbdb184b7,25.0,32.24527060894961,-0.3963646298381125,843
v2_6e3983f8c2f9,25.0,32.24781512605041,-0.39636925726281014,844
v2_9eb6808cc36f,25.0,32.24500384707818,-0.3963744496737114,845
v2_018dae8095dc,25.0,32.42674542656499,-0.3963765915556188,846
v2_3f496635a5a0,25.0,32.28601347906858,-0.3963870559551639,847
v2_81c59a014797,25.0,32.24781512605041,-0.3963974563844852,848
v2_cee883f73b0b,25.0,32.24478313462675,-0.396397552926655,849
v2_514e3e419007,25.0,32.56509853434483,-0.3964136424911926,850
v2_c00387741f12,25.0,32.24781512605041,-0.3964447979947421,851
v2_2120cc074f10,25.0,32.243813990291734,-0.39645178275873416,852
v2_e56957b0cc8d,25.0,32.24781512605041,-0.3965192761300598,853
v2_ecce4785464f,25.0,32.24238730572713,-0.3965367230826429,854
v2_676e1fd7c399,25.0,32.24781512605041,-0.39653829326572687,855
v2_cbded5a0a1d7,25.0,32.2422474158544,-0.3965514920811257,856
v2_499cbdcdf6ff,25.0,32.25189019695333,-0.39655223331306555,857
v2_5e98fc9829f9,25.0,32.24195146931204,-0.39657328791224433,858
v2_72725c04e8ac,25.0,32.24781512605041,-0.3965837883524088,859
v2_c0fd09a374f0,25.0,32.24781512605041,-0.3965952052878423,860
v2_d48109e03d89,25.0,32.241365013870464,-0.39659538200733646,861
v2_b1de0f20eda8,25.0,32.24781512605041,-0.39660516344587826,862
v2_9a75a0179241,25.0,32.2408539260455,-0.3966180496183229,863
v2_29b16e11257f,25.0,32.25778799279998,-0.39664703981124294,864
v2_2fca82639d0a,25.0,32.25403986106353,-0.3966633764082106,865
v2_18dd259bca2c,25.0,32.24781512605041,-0.39666391353420405,866
v2_af280cb6fd9f,25.0,32.24781512605041,-0.39667872266247794,867
v2_fb4232374156,25.0,32.243285047504564,-0.39672417670414717,868
v2_f17ddd6350c3,25.0,32.24781512605041,-0.39673930960388404,869
v2_7b0aa52e8da5,25.0,32.24781512605041,-0.39674538796329895,870
v2_b080141461c0,25.0,32.23850227686288,-0.39677068773603796,871
v2_351ff6d0b5cc,25.0,32.29155395868933,-0.39682339133797573,872
v2_26b95611b518,25.0,32.308086824161016,-0.3968752681817582,873
v2_8e26609d29ce,25.0,32.24781512605041,-0.3968925539491934,874
v2_c8a9cfc23efd,25.0,45.60856137788174,-0.39690352192957423,875
v2_862b8ff5b67b,25.0,32.24781512605041,-0.3969215192429969,876
v2_f25db4006a19,25.0,32.44572274674576,-0.39693107409239037,877
v2_1ef35ad0634e,25.0,32.27304726284516,-0.39693746845729727,878
v2_9e2e307fa62d,25.0,32.28270721744949,-0.39699674602657975,879
v2_6e49f68e7fc7,25.0,32.23365794604701,-0.39702422412507143,880
v2_eb4a47037070,25.0,32.24781512605041,-0.3970818802385354,881
v2_4c2417485a24,25.0,32.24781512605041,-0.39711663374435524,882
v2_83f24173a01f,25.0,32.231533740241204,-0.3971177438758602,883
v2_5e700f5e0aa3,25.0,32.23213027557853,-0.3971404915955059,884
v2_0d296055448c,25.0,32.23058403980962,-0.39723972670398755,885
v2_77500dfcb0c0,25.0,32.24781512605041,-0.39724675563690237,886
v2_87dee87f5710,25.0,32.25009016726741,-0.3973154790764255,887
v2_6ea39e77ae7f,25.0,32.22612057069119,-0.39732787317235196,888
v2_490993f97418,25.0,32.2113272974323,-0.39735012591025587,889
v2_db3a5e9ffe8b,25.0,32.228017643012926,-0.3973667279333464,890
v2_8a2f2e631344,25.0,32.23002188688841,-0.39737633661406147,891
v2_c4ed00157e4c,25.0,32.228026247166476,-0.3974018960895096,892
v2_ab1a6f829dee,25.0,32.23437604115664,-0.39742497997185566,893
v2_df53f2ea22ff,25.0,32.24781512605041,-0.39745641038992385,894
v2_1c1f75b4b917,25.0,32.24781512605041,-0.39745884119205055,895
v2_a7809a44f508,25.0,32.24781512605041,-0.3975334233668244,896
v2_d0e09332c75b,25.0,32.3551216168357,-0.39754590574647874,897
v2_02903d2f9742,25.0,32.24781512605041,-0.39755890756780854,898
v2_3f55d465b337,25.0,32.24781512605041,-0.39756745522983206,899
v2_1fe81e90ae37,25.0,32.25910834017661,-0.39756753703448755,900
v2_8f53a198cee1,25.0,32.24781512605041,-0.3975952538002048,901
v2_544b99b77928,25.0,32.23080548689612,-0.3977078159078147,902
v2_b21df9bd465a,25.0,32.22946985340864,-0.3977412368159863,903
v2_c389f9c0add2,25.0,32.22024647782308,-0.39780644458614844,904
v2_9922348ea0d8,25.0,32.216703454747375,-0.3978514763744494,905
v2_4dec1aed6279,25.0,32.25299468697496,-0.3978968141249464,906
v2_a4eb06db0910,25.0,32.21748484477144,-0.39794090897910284,907
v2_cd47228d5150,25.0,32.24781512605041,-0.3979550308234385,908
v2_d2aa4e6c8cbf,25.0,32.24781512605041,-0.39798271882241654,909
v2_f40290144ebc,25.0,32.216901772603805,-0.3980238771684421,910
v2_23795f97045b,25.0,37.69056797289231,-0.3980848237836261,911
v2_6814f4874b46,25.0,32.28621606479125,-0.3981110105282504,912
v2_da3add288750,25.0,32.24781512605041,-0.3981703690424663,913
v2_3fe3c9154d63,25.0,32.24781512605041,-0.3981744375727585,914
v2_e303c6b40993,25.0,32.214561682621586,-0.3981763766031019,915
v2_866009014ed7,25.0,32.24781512605041,-0.3982383364764033,916
v2_fc74e8797d44,25.0,32.21098376404485,-0.39825643012990053,917
v2_0970943d9b74,25.0,32.21284620182937,-0.39826694808612917,918
v2_24f13235e92a,25.0,32.24781512605041,-0.39833682790217306,919
v2_b34eb8d424cf,25.0,32.24781512605041,-0.39834742940342327,920
v2_32ba406318cf,25.0,32.25791233466289,-0.3983537047420018,921
v2_9ee8f76e1d66,25.0,32.24002272833041,-0.398354209644026,922
v2_f2b0b0e20926,25.0,32.24435713088711,-0.3983926775948703,923
v2_83378469c6a5,25.0,32.23818215143655,-0.3984481666227966,924
v2_ee04cba7a21e,25.0,32.23405767988657,-0.3984539450824274,925
v2_d36d68b9e874,25.0,32.24781512605041,-0.39861433685297154,926
v2_9bcd07b2b5e5,25.0,32.205453673491625,-0.3986346948984325,927
v2_e767ee0b0067,25.0,32.20605929111148,-0.3986516996703475,928
v2_15fd0e0196fa,25.0,32.24781512605041,-0.398654320043879,929
v2_68ccbc504a6c,25.0,32.20055970377173,-0.3987154990968298,930
v2_0d341e4dd4e7,25.0,32.21074983698965,-0.3987409613070403,931
v2_32feacfc46b6,25.0,32.24781512605041,-0.3988009483933972,932
v2_0665d918f732,25.0,32.24781512605041,-0.3990597823665185,933
v2_bc2fa9c467d4,25.0,32.24781512605041,-0.3990744264429811,934
v2_aea07d7bb413,25.0,32.24781512605041,-0.399112319526453,935
v2_8a36256ad64b,25.0,32.20129664804577,-0.3993192061561093,936
v2_fb5100996635,25.0,32.24781512605041,-0.39933574882126344,937
v2_a685a2c412b0,25.0,32.24781512605041,-0.39945067155405667,938
v2_d2595a82c1a2,25.0,32.24781512605041,-0.3994761660603645,939
v2_b43dbfca655b,25.0,32.20138483894479,-0.39955745844492263,940
v2_4392fadaf993,25.0,32.189638609097905,-0.39956464585362195,941
v2_9765b16be98c,25.0,32.32220060204715,-0.39956571191440027,942
v2_50bb3c00d156,25.0,32.24781512605041,-0.3995863754089646,943
v2_3065b6d21b09,25.0,32.24781512605041,-0.39961785986563125,944
v2_e7c5b515ff65,25.0,32.24781512605041,-0.3996379248548365,945
v2_b926c947edbe,25.0,32.19822983049958,-0.3996777270827181,946
v2_8fb7464fe2af,25.0,32.24781512605041,-0.39975251525595734,947
v2_47fd0b1342d4,25.0,32.24781512605041,-0.39982228995215596,948
v2_2c99022c1b71,25.0,32.24781512605041,-0.39984417524750526,949
v2_0783274945b0,25.0,32.24781512605041,-0.39991316583274905,950
v2_f30c225d1903,25.0,32.24781512605041,-0.39991390973271645,951
v2_210ef5b8da6d,25.0,32.23240031655603,-0.3999399750963386,952
v2_e3035c1f64ab,25.0,32.24781512605041,-0.39998568540477564,953
v2_777f2710692e,25.0,32.24781512605041,-0.40004201988747745,954
v2_c8902443bc3d,25.0,32.37121004302108,-0.40004843029846526,955
v2_8c8f9c2a6fc4,25.0,32.17960217906617,-0.40006214823361574,956
v2_f1abca209fb3,25.0,32.21074217727105,-0.40009609380912803,957
v2_d959069bcc2c,25.0,32.24781512605041,-0.4001017175343131,958
v2_3bc9b1c07516,25.0,32.24781512605041,-0.40011633163346705,959
v2_071697725748,25.0,32.24781512605041,-0.40017289349839835,960
v2_969505dc047c,25.0,32.3372632298935,-0.4001800509257869,961
v2_a224a87ee46c,25.0,32.238198760476116,-0.40018585207198676,962
v2_fe2a00493586,25.0,32.247459834259296,-0.40021497148110274,963
v2_d4ac8c72f921,25.0,32.21621699813455,-0.4002259162995463,964
v2_b4f105a4e1bf,25.0,32.24781512605041,-0.4002289918816029,965
v2_7fde15eadf7c,25.0,32.24781512605041,-0.40025063809710826,966
v2_7f2b927abdd4,25.0,32.24781512605041,-0.4002715587488117,967
v2_9d8869afede0,25.0,32.24781512605041,-0.4003130865070901,968
v2_4905ab6050fe,25.0,32.24781512605041,-0.4003759696851459,969
v2_cccc88ff5b9c,25.0,32.25537275236161,-0.4003925167944953,970
v2_c8ee51a36521,25.0,32.18373066324364,-0.40041239239750936,971
v2_6d6cc60cbda3,25.0,32.24781512605041,-0.4004321365793171,972
v2_efaee665b78e,25.0,32.36118047831031,-0.40045344093455615,973
v2_b4db588aad60,25.0,32.24781512605041,-0.40045592304857447,974
v2_05f823aa4ecc,25.0,32.238117756327725,-0.40048183419515926,975
v2_46efc641f721,25.0,32.25115934175451,-0.4005484832033055,976
v2_7effb1063e5a,25.0,32.17227232704875,-0.4005533527905971,977
v2_0a499a1c2923,25.0,32.17178718127208,-0.40057608348208706,978
v2_c7849b3b3273,25.0,32.1762532896552,-0.4006930242899154,979
v2_2591405e887d,25.0,32.24781512605041,-0.4007000585487557,980
v2_a04494c69cfc,25.0,32.24781512605041,-0.40070678017057215,981
v2_f9c8812a5048,25.0,32.24781512605041,-0.4007208376585103,982
v2_470dbc1aab69,25.0,32.32079948505128,-0.400733862875712,983
v2_0e09755b189f,25.0,32.17067513022659,-0.4007460211670919,984
v2_7769814c0fd2,25.0,32.24781512605041,-0.4007614842000109,985
v2_5bbbbf768c30,25.0,32.256553262403216,-0.4007873672388955,986
v2_b0450bc836ee,25.0,32.24781512605041,-0.4008447736737546,987
v2_5a53c01d0124,25.0,32.24781512605041,-0.4008714453677076,988
v2_92a088e21927,25.0,32.24781512605041,-0.4009065953377968,989
v2_8ec5dcafdf89,25.0,32.24781512605041,-0.4009114660672788,990
v2_e76ecb0ede1a,25.0,32.16673250305295,-0.4009237677801103,991
v2_6cd18e82e30d,25.0,32.24781512605041,-0.400968033634725,992
v2_7846bcb34063,25.0,32.82015008746855,-0.40096907220604816,993
v2_921462659ef3,25.0,32.54601686732336,-0.401013098967578,994
v2_1ae089b369f9,25.0,32.24781512605041,-0.4011589965585083,995
v2_3bedfd09ffec,25.0,32.34020191407217,-0.40136782647466074,996
v2_fb0d6042a329,25.0,32.24781512605041,-0.40136902485752124,997
v2_200bb2dce5ea,25.0,32.16307042791768,-0.4013919777413637,998
v2_546a2abd5155,25.0,32.2703503642232,-0.4014017236225831,999
v2_4cb48e64ada7,25.0,32.24781512605041,-0.4014085294426142,1000
v2_d5dbf547641b,25.0,32.23655709899917,-0.4014507833142744,1001
v2_95dfac5e7343,25.0,32.204900947962074,-0.401506549297034,1002
v2_c60736878416,25.0,32.24781512605041,-0.40153739417681944,1003
v2_d8fa13fabf2a,25.0,32.15320416894726,-0.4015553414494324,1004
v2_9511df7c7978,25.0,32.238715291330756,-0.40158329827762707,1005
v2_b44ec9a0ac02,25.0,32.53993461864587,-0.4015846694434364,1006
v2_01f43c58e28f,25.0,32.15285943664691,-0.40160910874516986,1007
v2_8de49cc6823d,25.0,32.24781512605041,-0.4016161464651322,1008
v2_f5fc5fafbe39,25.0,32.14825601565176,-0.4016547281794658,1009
v2_62004986bb1d,25.0,32.15017406748765,-0.4017024287719,1010
v2_8e127e6a227b,25.0,32.21632650122283,-0.4017136594583244,1011
v2_05a9a837a168,25.0,32.24781512605041,-0.40175146814951024,1012
v2_74514de69af9,25.0,32.27214711532955,-0.40180905551535684,1013
v2_1231fb90d294,25.0,32.14405994296823,-0.40185716567860386,1014
v2_bdc35b4779e3,25.0,32.15078921926915,-0.40191997202809304,1015
v2_9f7fd21f3d69,25.0,32.24781512605041,-0.40201830865931587,1016
v2_aee77c0b47b2,25.0,32.24781512605041,-0.4022848516104629,1017
v2_a697b4577295,25.0,32.141309993420364,-0.402291796896864,1018
v2_88399660b8a0,25.0,32.24781512605041,-0.4023483661993117,1019
v2_3d78bdaa7c95,25.0,32.14040271541482,-0.40237803571690467,1020
v2_f69b91641fcf,25.0,32.25903551448904,-0.4024280215620095,1021
v2_2da5d137669f,25.0,32.24781512605041,-0.40246239831848385,1022
v2_5fbce2c6f77f,25.0,32.19733201885371,-0.402505204559378,1023
v2_0f5bf577be18,25.0,32.08742881051484,-0.40250782568994303,1024
v2_883540204d1e,25.0,32.24781512605041,-0.402578131168398,1025
v2_8e9aba6e8199,25.0,32.24781512605041,-0.4026625729668023,1026
v2_5ab14203882a,25.0,32.24781512605041,-0.40266409112495083,1027
v2_9a72b13b0676,25.0,32.24781512605041,-0.40270934436397265,1028
v2_173fc34815de,25.0,32.24781512605041,-0.40273385147399576,1029
v2_bb3bd1663a51,25.0,32.24781512605041,-0.40274286418496974,1030
v2_414c0bdbdb5b,25.0,32.154536361568,-0.40287403325869775,1031
v2_75cb81688f6e,25.0,32.20822635475912,-0.4028829182013274,1032
v2_0fe88d74a587,25.0,32.24781512605041,-0.402953700662124,1033
v2_e879bcb832b0,25.0,32.24781512605041,-0.40303307187009096,1034
v2_2d88b5807d69,25.0,32.24781512605041,-0.4030496407678523,1035
v2_8a2076711227,25.0,32.234842504014324,-0.4031829062209882,1036
v2_b9237704aadf,25.0,32.175756449946554,-0.4032121318969377,1037
v2_59d008ac66e6,25.0,32.12427341483896,-0.40321561439577014,1038
v2_5822baf66c6a,25.0,32.24781512605041,-0.40333090126032634,1039
v2_bd9699867e67,25.0,32.24781512605041,-0.4033692825892947,1040
v2_7b3a5dcdcaca,25.0,32.24781512605041,-0.4034058288088218,1041
v2_dcd897354206,25.0,32.24781512605041,-0.4034065138487124,1042
v2_3013ce04d4b5,25.0,32.36343915419679,-0.4034077519153003,1043
v2_55e65ae0b761,25.0,32.24781512605041,-0.40341292695398234,1044
v2_66be5576e0e8,25.0,32.14065078198457,-0.40347229930901474,1045
v2_c5edcce2733f,25.0,31.799070188108356,-0.4034782823126468,1046
v2_cef3bd1731a7,25.0,32.23875214206587,-0.4035107311489039,1047
v2_c5fb6ecad672,25.0,32.128000153558794,-0.4035725465447806,1048
v2_09bc45210b37,25.0,32.24781512605041,-0.40365332530669384,1049
v2_f2ade676fe77,25.0,32.24781512605041,-0.403785925458628,1050
v2_744f554af2bb,25.0,32.23193696589616,-0.40385139090237665,1051
v2_f3d20228fdd1,25.0,32.24781512605041,-0.40386688546850724,1052
v2_f0f8f2988768,25.0,32.11367971916724,-0.4039237916404881,1053
v2_a826356cf29b,25.0,32.24781512605041,-0.4039660084284611,1054
v2_0bc508b58801,25.0,32.34653425769496,-0.40407932385209744,1055
v2_45b270977e24,25.0,32.24541942695631,-0.4041964466496708,1056
v2_a0770c1407c8,25.0,32.09671058074476,-0.40460201484474556,1057
v2_32213d9ae01f,25.0,32.33858640857153,-0.4046345220223655,1058
v2_f1f2797ac97d,25.0,32.2478054025086,-0.4046385550999849,1059
v2_a2b8d9c741c1,25.0,32.103298618779334,-0.40471613876359847,1060
v2_73cc246caec2,25.0,32.09165895028372,-0.4047296282475257,1061
v2_24c9846a8748,25.0,32.24781512605041,-0.40476735283059906,1062
v2_f991ab49f83a,25.0,32.24781512605041,-0.40481175895086974,1063
v2_5cfa8e5dcf79,25.0,32.24781512605041,-0.40490058814415963,1064
v2_f9bf7296877a,25.0,32.147270451519745,-0.4049145630557618,1065
v2_056d75ac1d51,25.0,32.15860087157971,-0.404952569366837,1066
v2_03c3250079fe,25.0,32.24781512605041,-0.4049791167827239,1067
v2_f150068286b8,25.0,32.24781512605041,-0.40502844404477756,1068
v2_c56e2057e630,25.0,32.190754301940615,-0.4051270137307297,1069
v2_300fe75b4a63,25.0,32.26444091758293,-0.4051489623176314,1070
v2_edc3ae823b0c,25.0,32.19891389562783,-0.4052876094547804,1071
v2_ca4b9c5391a1,25.0,32.24781512605041,-0.40529637094751525,1072
v2_f5e50cd25bc0,25.0,32.17200788289172,-0.4053087053560649,1073
v2_03697c936037,25.0,31.721744598207827,-0.4053728244775696,1074
v2_ea853b54e6ff,25.0,32.304698537268926,-0.40541819744404073,1075
v2_c0a015e9e473,25.0,32.22297388079277,-0.4054506774757387,1076
v2_2e13731f915f,25.0,32.236577229680286,-0.40565558246985933,1077
v2_d9c90fa98d97,25.0,32.24781512605041,-0.4057257989279437,1078
v2_484bec25363a,25.0,32.318674346589354,-0.4057415755432574,1079
v2_00e684a64c13,25.0,32.29833957366485,-0.40590107529327835,1080
v2_4f6ce686420c,25.0,32.24781512605041,-0.4059345895147839,1081
v2_22f2f1a264d6,25.0,32.09902704278893,-0.40601165397809247,1082
v2_a8bcc868698b,25.0,32.24781512605041,-0.40605525713249957,1083
v2_5032a00ff756,25.0,32.24781512605041,-0.40620662209594105,1084
v2_3a721cc0ca95,25.0,32.229119674028,-0.40622039407303934,1085
v2_0909dd4aa11a,25.0,32.14279137715067,-0.4062344907049651,1086
v2_88c6bc7dcd20,25.0,32.070535942717775,-0.4062780840061757,1087
v2_ba580db8b783,25.0,32.16069109643253,-0.4063820606144324,1088
v2_f985578c8f8b,25.0,32.08900652721091,-0.4064683422506219,1089
v2_2414271dbcb5,25.0,32.24781512605041,-0.40651900223488546,1090
v2_eeaae177caa6,25.0,32.207855622649575,-0.4065951496867841,1091
v2_e6c71bf5f17c,25.0,32.19189391541573,-0.40684604688447745,1092
v2_61ac84247df8,25.0,32.20889873651823,-0.4068735687966383,1093
v2_66326431a78a,25.0,32.27626767733669,-0.40688496571851385,1094
v2_524e7ebb2361,25.0,32.14666100718201,-0.40695595565433695,1095
v2_99505f4e080c,25.0,42.75070191183824,-0.40700757955312383,1096
v2_6d1f61a10f8d,25.0,32.08358346997146,-0.4071404654374007,1097
v2_30f85b9707c4,25.0,32.210668928780095,-0.407445094440102,1098
v2_28e16219610b,25.0,32.04862322796182,-0.4074878066109209,1099
v2_541bcc735a73,25.0,32.188478464835086,-0.40752533663848745,1100
v2_5a825a4dbca3,25.0,32.13534533916897,-0.4077178294616317,1101
v2_e8a0b8172987,25.0,32.04360393055433,-0.4077385970168734,1102
v2_334813213423,25.0,32.22954530260499,-0.4078309031722398,1103
v2_1f6db6749192,25.0,32.24781512605041,-0.40831431363313087,1104
v2_eb84929acaac,25.0,32.01839837352301,-0.40844662960020006,1105
v2_c1f67131a430,25.0,32.246149731530274,-0.4084472527492444,1106
v2_e7a887461e6b,25.0,32.249044763215124,-0.4085091417684401,1107
v2_21eaf077efa2,25.0,32.2478151260504,-0.4086599472634731,1108
v2_4cd1aa25bfb1,25.0,32.40092520574057,-0.40883657347291713,1109
v2_ccc4cac59dad,25.0,32.066584123762674,-0.4089564134449173,1110
v2_5e6b121e21f6,25.0,32.120100156628844,-0.4091647085279311,1111
v2_639301e2c2a7,25.0,32.19750501159799,-0.4091911556909791,1112
v2_19593744a354,25.0,32.24781512605041,-0.4095179215391731,1113
v2_2c00ca272cd0,25.0,32.13394679900639,-0.409657725514152,1114
v2_b0d1fb23e9bf,25.0,32.09552551291646,-0.41003651189224577,1115
v2_0fd753c16ef3,25.0,32.20635006389605,-0.4102156255513334,1116
v2_0d8ef45f8957,25.0,32.24781512605041,-0.41023250456848626,1117
v2_8aad5e6a6649,25.0,32.40255606581037,-0.41059725178670803,1118
v2_10f4b3617610,25.0,32.191906005092946,-0.41086813244777076,1119
v2_a301e3eba615,25.0,32.25034453927187,-0.4109738308232638,1120
v2_66dacb04113e,25.0,32.24781512605041,-0.41100571400932395,1121
v2_4a71e7170d64,25.0,32.07371386568884,-0.4111497475772161,1122
v2_968bd9bfd46d,25.0,32.24781512605041,-0.41122616845862314,1123
v2_f38d2232f476,25.0,32.1390241608335,-0.41131469590283753,1124
v2_fb6ccc6e5a75,25.0,32.13179073605339,-0.41132076330759393,1125
v2_f9342106f44f,25.0,32.18092712110977,-0.41152832925501315,1126
v2_37827f7e5547,25.0,32.24781512605041,-0.4115751357995414,1127
v2_3aef40b4c623,25.0,32.20159592423734,-0.4116457841911698,1128
v2_a74cdce80773,25.0,32.183264364961936,-0.4116499601839321,1129
v2_f0718aea5340,25.0,32.24781512605041,-0.4117250004494002,1130
v2_79cfd61eda0c,25.0,33.17457498739267,-0.41175378459185996,1131
v2_0b2c2f9c13b2,25.0,32.24781512605041,-0.41178274532435033,1132
v2_eb6d1fa56cd5,25.0,32.19433613958112,-0.41203306730768485,1133
v2_ab4d9688a0d2,25.0,31.966486250582385,-0.41211505316628294,1134
v2_56a6a121ee27,25.0,32.24781512605041,-0.41218989502206593,1135
v2_de729c7a0d13,25.0,32.2059749683649,-0.4122146291043185,1136
v2_10aa2d839cce,25.0,32.35070632211066,-0.4122653192865924,1137
v2_325e4727f937,25.0,31.9578926540933,-0.4126021500721011,1138
v2_a46dd1531656,25.0,32.247151158275315,-0.41266045028145193,1139
v2_5de3ba2b59d9,25.0,31.966333625532922,-0.41273009087787393,1140
v2_bca6fd58bfb1,25.0,31.981416102817807,-0.41285251753537455,1141
v2_3259b3c55e92,25.0,32.05651464997617,-0.41286907589269006,1142
v2_041c158ac1e2,25.0,32.24781512605041,-0.41294628440904013,1143
v2_4ce09c47220f,25.0,32.23651703263357,-0.4130745287246613,1144
v2_35165a37f739,25.0,31.992982250009316,-0.41320911955344997,1145
v2_15acf18b4dae,25.0,31.963350350203882,-0.4132797473580485,1146
v2_467f2161b6c0,25.0,32.24781512605041,-0.4134463662182499,1147
v2_d241aa5810ac,25.0,32.24781512604854,-0.4136835919547499,1148
v2_20ab42a9932e,25.0,32.07220256406709,-0.41394614573055843,1149
v2_c3773036cd2f,25.0,32.46625115190656,-0.414242732049237,1150
v2_d5b6ae7bbf32,25.0,31.922061086053464,-0.41472730543796654,1151
v2_7c475cff1a63,25.0,41.01904773853507,-0.41491500632793166,1152
v2_d1607e3f1e10,25.0,32.06347287276462,-0.41528906120134845,1153
v2_f0b66809d999,25.0,32.02111111254341,-0.4155723323477316,1154
v2_12727d7df96b,25.0,32.24781512605041,-0.41579669543417364,1155
v2_c4d5fe492880,25.0,32.00439164635094,-0.41602164404314657,1156
v2_cc30c2f15a2f,25.0,32.00670555577979,-0.41617447289327103,1157
v2_53375856c94c,25.0,32.11392020512507,-0.41637396230309065,1158
v2_0704c4fd5366,25.0,48.09988205292905,-0.41690802732547105,1159
v2_dd66bf6f2e20,25.0,32.24781512605041,-0.4170522865163866,1160
v2_d23bab14e16f,25.0,32.24781512605041,-0.4170746664253784,1161
v2_772847c12fdc,25.0,31.890615073363577,-0.41723795849320666,1162
v2_af058017fef5,25.0,31.90794899945575,-0.41754853657269386,1163
v2_6a0176077df6,25.0,31.869607680417527,-0.417699098664559,1164
v2_dc273b0bbb9b,25.0,32.786937541814154,-0.4177039125673154,1165
v2_2ddf819a2085,25.0,32.666602692198644,-0.41778316166310514,1166
v2_05cdbf1cdcd9,25.0,31.87392939428238,-0.4178427491900223,1167
v2_7ddec81c714a,25.0,31.889022190853098,-0.41795826169670836,1168
v2_aaca0cff071f,25.0,32.120180222453534,-0.4183053405360262,1169
v2_9aabaed08d81,25.0,31.97413833783847,-0.41835874527999106,1170
v2_216d7ca9a77b,25.0,32.09409273485346,-0.41851195321963974,1171
v2_f5c5d89550f2,25.0,45.48303345925639,-0.41859190730211804,1172
v2_e2225c1a6b20,25.0,32.24781512605041,-0.41868548564155805,1173
v2_be33225bad51,25.0,32.21968448573134,-0.4187422724291556,1174
v2_9ef18531867e,25.0,32.24781512605041,-0.4189557240680495,1175
v2_b8b66d77c4be,25.0,31.861013804249595,-0.4190612372108129,1176
v2_3776049ba8ff,25.0,32.58269269179099,-0.41936139917405413,1177
v2_7674e53f162f,25.0,31.91338035656204,-0.41993155915770153,1178
v2_befb319b0900,25.0,32.195021261692624,-0.4199773675765952,1179
v2_ca820ddcba1b,25.0,32.00699330343817,-0.4202647969277429,1180
v2_a249438df99b,25.0,32.24781512605041,-0.42066492529258337,1181
v2_a1ddbf4de17f,25.0,32.24781512605041,-0.4210598677446695,1182
v2_2682384a3a5b,25.0,32.419158924078154,-0.4213011789528949,1183
v2_8179994ca69d,25.0,32.241825629564154,-0.4213457676873862,1184
v2_8f3407706800,25.0,32.24781512605041,-0.421370759884347,1185
v2_391507d1eb50,25.0,32.24781512573101,-0.42149184258863404,1186
v2_91b73d838b7c,25.0,31.958649641275652,-0.42154683584242836,1187
v2_1a19d1ac11a3,25.0,32.24781512605041,-0.42157603220885154,1188
v2_5651d3140764,25.0,32.24781512605041,-0.4215787269721192,1189
v2_6405e2dd51b7,25.0,32.30108668203902,-0.42214918375737565,1190
v2_40abfe0895fb,25.0,32.16734881926416,-0.42235108805925137,1191
v2_35a090f21cde,25.0,32.05825404738755,-0.42258545823394567,1192
v2_a55f25fe3d0f,25.0,31.907083341437705,-0.4228947177860176,1193
v2_ee7c925322da,25.0,31.580501599941048,-0.4230965103460287,1194
v2_951b664f48f3,25.0,32.24781512605041,-0.42354903074747074,1195
v2_3eff80efa81a,25.0,32.24781512605041,-0.42364331741241923,1196
v2_8e29c56bfa47,25.0,32.24781512605041,-0.42374947435595356,1197
v2_0699a6129925,25.0,32.02611631193599,-0.42384871215929554,1198
v2_40aa57c0cd31,25.0,32.94300695664157,-0.4240809399266814,1199
v2_8a628f8a0875,25.0,32.233965776639174,-0.42409268518945886,1200
v2_9b7c72e8485f,25.0,32.24781512605041,-0.424124006410346,1201
v2_ec138d8298ad,25.0,31.995331617112964,-0.42415553789569227,1202
v2_df7292cc8cf9,25.0,32.229100786473445,-0.4246353358138908,1203
v2_e18dc7e449d8,25.0,31.91921831577531,-0.424698433811594,1204
v2_307aac964a30,25.0,31.920670273567723,-0.4247815781595685,1205
v2_a33200d2f336,25.0,32.24781512605041,-0.42500874281052514,1206
v2_3a7d8bdfcb65,25.0,32.255535283994035,-0.4250098629977499,1207
v2_c7e30f83a2e2,25.0,31.934238149644703,-0.4251633471590113,1208
v2_5481383de2ea,25.0,32.23873323754877,-0.4255336302190953,1209
v2_3e483a0868c4,25.0,32.17610874752318,-0.42559833991817264,1210
v2_4ec1b20c9ffe,25.0,32.007175588425234,-0.42564040998084796,1211
v2_1d667ce85e42,25.0,32.228547859562696,-0.4258267891808609,1212
v2_1db94719b01f,25.0,32.24781512605041,-0.4259063594585033,1213
v2_d99143be7336,25.0,31.78652832263961,-0.4263877388109991,1214
v2_9359993779d3,25.0,31.925083562485078,-0.4264154575800694,1215
v2_06fe22e63ad1,25.0,32.13143837218119,-0.4266566737608324,1216
v2_c083b8d3c91a,25.0,31.75659666569392,-0.42674572208913375,1217
v2_ce3deb8633fd,25.0,32.24781512605041,-0.4271228378732266,1218
v2_6dba2aa139d3,25.0,31.710930753589224,-0.42721979798256715,1219
v2_316488508fb1,25.0,31.93597995158016,-0.427481848581559,1220
v2_e671ba4c3fcb,25.0,31.7757339932861,-0.42752743253480396,1221
v2_dd16ecbec82a,25.0,32.24781512605041,-0.42767603275187316,1222
v2_6ce36b4846bf,25.0,31.903127682798612,-0.4279582454282407,1223
v2_3c08094a15b5,25.0,32.24781511483713,-0.42821161764142346,1224
v2_0a5090bf4d15,25.0,32.09271642162958,-0.4282209773503647,1225
v2_f90726f25354,25.0,32.24781512605041,-0.4282584050605891,1226
v2_23963ab417f0,25.0,32.24781512604985,-0.4289137608329101,1227
v2_899f23ebb3f8,25.0,43.11337538933862,-0.42899119566669786,1228
v2_79622a782192,25.0,31.808252361425918,-0.42914034017111025,1229
v2_20d23b965786,25.0,32.24781512605041,-0.42916723947128776,1230
v2_b0a614242573,25.0,32.275392113546474,-0.4291973376053422,1231
v2_681ceb209bf4,25.0,34.13573027293777,-0.4294071630677525,1232
v2_2c94cf4f6ff3,25.0,32.049341575433736,-0.42942394276376117,1233
v2_cf1412c2fd47,25.0,31.708273316346222,-0.4295486422764112,1234
v2_f797a49088f3,25.0,32.24709230461662,-0.43012066583286934,1235
v2_ecec41f6a432,25.0,32.154778794278,-0.43040044609869366,1236
v2_4623c9cb48d5,25.0,32.247815126018274,-0.4308017257885348,1237
v2_5d8bb754b1b6,25.0,32.231293675240636,-0.4309193543188403,1238
v2_57d4590a6d29,25.0,32.25774813464967,-0.43112269040828277,1239
v2_ccf28c9b96da,25.0,32.243423856428514,-0.4311343727929158,1240
v2_69c8058e6906,25.0,32.24781512605041,-0.43154178245570574,1241
v2_327fef59a58f,25.0,32.247815092911885,-0.43194630308468707,1242
v2_5041b9b26634,25.0,31.97644040999949,-0.4319617901872581,1243
v2_8ae42fd33286,25.0,32.041927689718484,-0.4329933893060094,1244
v2_2b2abfe983f8,25.0,32.24781512384036,-0.4330650073487696,1245
v2_d2bd17fd1400,25.0,32.24781512603626,-0.43385332454622194,1246
v2_20c4abf0f5c1,25.0,31.80171366165237,-0.4340216659303957,1247
v2_81d6495fb2e1,25.0,31.689079580876484,-0.4340565517352841,1248
v2_10d17aded16f,25.0,31.999647000277246,-0.43449061955716406,1249
v2_f8630e2a70c3,25.0,44.46723201601095,-0.4352227550493186,1250
v2_377045432fd2,25.0,32.47061882348374,-0.43561206075673997,1251
v2_c067e1722a1d,25.0,31.94973132528072,-0.4357845348868912,1252
v2_6b238893ed53,25.0,32.247815111132525,-0.4359107295875564,1253
v2_30b04e353b74,25.0,31.949566599624855,-0.4368468906177858,1254
v2_e971a556ee6e,25.0,31.516924109927267,-0.4372314469664751,1255
v2_0ea25c357ca7,25.0,32.28133500107622,-0.43738545395504946,1256
v2_559a2e5873f6,25.0,32.258372056256576,-0.4377347899060462,1257
v2_c8c8485dfb79,25.0,32.247385507211256,-0.4379512890426325,1258
v2_b849b007684d,25.0,31.628263292359797,-0.4380237793043822,1259
v2_be691916c6ac,25.0,32.24781512605041,-0.4384560041845864,1260
v2_0010e3d00574,25.0,31.562753379434213,-0.43845857008390343,1261
v2_d6e4fd230aa9,25.0,32.24781512605041,-0.4385224914689072,1262
v2_1c200199f92a,25.0,32.25670803528219,-0.4399234085471697,1263
v2_3cc384047dd3,25.0,31.765768017735212,-0.44069905502696205,1264
v2_f6606a3bd918,25.0,32.27135856043876,-0.4408134353334878,1265
v2_af2c8ea17f2d,25.0,31.517485008356537,-0.4414281865355303,1266
v2_b4daec7f4c72,25.0,31.817467565504256,-0.4418564670048175,1267
v2_d5a960f90145,25.0,31.48938680011103,-0.44207581289791786,1268
v2_cdcfb2d949ac,25.0,31.749441521458206,-0.4422702338810591,1269
v2_9cdb0aebd98f,25.0,31.946556181557586,-0.44252052878635517,1270
v2_30df567873a8,25.0,32.24691110172557,-0.4425346293007699,1271
v2_f68d92a64c03,25.0,32.24781512605041,-0.4433336882294201,1272
v2_f07fb58fe427,25.0,32.24781512605041,-0.4436741031702667,1273
v2_d69b45185c83,25.0,31.832742595198678,-0.44435324824615385,1274
v2_76ecd6f93bc5,25.0,31.53730114666701,-0.44485040200933046,1275
v2_dc3bc5a4d7d4,25.0,32.2478151260503,-0.4449019155149232,1276
v2_a27d9d560959,25.0,32.060048522944875,-0.44500243750378576,1277
v2_e6736f73af39,25.0,32.24781512605041,-0.4450457139638333,1278
v2_41815701a59a,25.0,32.24781512605041,-0.4452955815478088,1279
v2_663da91e43de,25.0,31.804146128429792,-0.4456239414227623,1280
v2_26a8d18a1923,25.0,32.24781512601749,-0.44587944136817015,1281
v2_2e8c9c409042,25.0,32.24781512605041,-0.44592924652739985,1282
v2_a84b95bbb109,25.0,32.24781512605041,-0.4460854635106619,1283
v2_fea4bf724de0,25.0,31.704280544990883,-0.44684148408355107,1284
v2_19ba276710e8,25.0,33.0155221489231,-0.44732680117789947,1285
v2_f9f6d15abbab,25.0,32.42567976478599,-0.4475529071661004,1286
v2_c65072ac6359,25.0,33.05812151425151,-0.44783447204126325,1287
v2_9162e4ac5507,25.0,32.62613162008605,-0.44849889214852556,1288
v2_76027c010a5e,25.0,32.24781512605041,-0.4484999503668323,1289
v2_c29f063616d6,25.0,32.24781508683255,-0.4486491478260701,1290
v2_46bdd1fd6750,25.0,32.23347274865508,-0.44880888593035007,1291
v2_ab61736b7b7e,25.0,39.54328679866722,-0.44891798849910725,1292
v2_b68cd3327846,25.0,33.10242320880336,-0.44922864996342593,1293
v2_b7ce61709f92,25.0,32.02600784949598,-0.44941566849103687,1294
v2_73a9022f8f6e,25.0,31.677835265927023,-0.4498431815116719,1295
v2_676251a9e78f,25.0,32.247815126026985,-0.450050358538471,1296
v2_3fef9acb1d4e,25.0,31.44913719435683,-0.450162218386323,1297
v2_c0c81c38b6a9,25.0,31.508130053132106,-0.45051876150470527,1298
v2_05cd4c66e75f,25.0,31.892456349307828,-0.4507002264872124,1299
v2_52cf645f7d1e,25.0,32.24781512605041,-0.45089004512216846,1300
v2_87b7ede38c14,25.0,36.05540102028988,-0.45185337367044287,1301
v2_06826e442439,25.0,32.24781512605041,-0.4525633718877806,1302
v2_fd6824aeccbb,25.0,31.502126234465504,-0.452688782279151,1303
v2_c513810cae3c,25.0,33.03696950053798,-0.4533160783919197,1304
v2_300bb23dbafd,25.0,32.47863732828116,-0.4534260725569501,1305
v2_f59dbd9b96c2,25.0,31.71147462795256,-0.4534985383305301,1306
v2_828f26a8dfb6,25.0,32.36839793144666,-0.453532263778035,1307
v2_8105f89b1e91,25.0,31.390194730623072,-0.4535700579644608,1308
v2_e91f5a6c9e68,25.0,32.660066874951006,-0.45361544682327715,1309
v2_eacc54d43a25,25.0,32.240740939003544,-0.453699216331068,1310
v2_93e66ceff5e2,25.0,31.6565519555514,-0.4537501674966551,1311
v2_c3726174e45d,25.0,31.580711534164266,-0.4539529183774045,1312
v2_e4e74e8e0d1e,25.0,31.48666683949772,-0.45395298656152416,1313
v2_d8e0243376ca,25.0,32.371142980026264,-0.4542095282206029,1314
v2_eef3aa4b6110,25.0,31.713638066376763,-0.45453383748004317,1315
v2_8a6407ee9b27,25.0,31.79248958163879,-0.4551343592325017,1316
v2_151e6dffb039,25.0,32.247815126050334,-0.455882319309894,1317
v2_b0c2d0cb52b5,25.0,32.247815126050206,-0.45661672482543914,1318
v2_2e3a3ec582a8,25.0,31.188362517768116,-0.45673608109193964,1319
v2_cfbc28decfcd,25.0,32.24781497900333,-0.4567821262887435,1320
v2_5ecd96a623fb,25.0,32.247815125995984,-0.45797302166831333,1321
v2_9ba7154536d5,25.0,31.599806235938964,-0.45812671241936265,1322
v2_7de40a0c2ffc,25.0,31.399799340476832,-0.4586225766748093,1323
v2_0044ee082fb7,25.0,48.65335985456288,-0.4586430062089617,1324
v2_524e90edea55,25.0,32.24781512604657,-0.459421256693731,1325
v2_b5582b6f79e2,25.0,32.98150160469702,-0.45947628994237366,1326
v2_1d3cc2989167,25.0,31.342027599463798,-0.4597782221383895,1327
v2_8c01e4da4830,25.0,32.25449440747626,-0.4605756892935009,1328
v2_60f02bc8a042,25.0,31.347451905714983,-0.46073101069104094,1329
v2_014cd18420a7,25.0,35.35122692118167,-0.4611387715980477,1330
v2_83290e1e0d37,25.0,32.16502350177739,-0.46132989684077774,1331
v2_63010dfdd468,25.0,31.547877329649097,-0.46188735112993395,1332
v2_a93600c38ced,25.0,32.17934797616727,-0.461945590378086,1333
v2_c53dc124f668,25.0,31.420288426508986,-0.4629439257860417,1334
v2_9e4c26ef0e31,25.0,31.05693442269863,-0.46411895690514005,1335
v2_1ec61f53f9d8,25.0,32.217922725903364,-0.4641423879991917,1336
v2_e8776a16eb40,25.0,31.37358885764533,-0.46437851618207926,1337
v2_b75b80e63c12,25.0,41.48781107729913,-0.4645940717682633,1338
v2_26f26193a74b,25.0,33.4358205503558,-0.46493042471981205,1339
v2_2715592fe788,25.0,32.21758406676187,-0.4652268811394302,1340
v2_6f5f1fbebc6a,25.0,32.4893004438274,-0.4653110472393154,1341
v2_0a6f7f5d92e5,25.0,35.298058923464616,-0.46574920719875745,1342
v2_04c5dfb4cc34,25.0,31.4053876815366,-0.46591371279579175,1343
v2_840c18113bfc,25.0,32.24781512542978,-0.4660746042194228,1344
v2_8c2fe904e779,25.0,32.2355074593105,-0.4662619715397831,1345
v2_6dec6a45a449,25.0,31.43780000907632,-0.46691137726957255,1346
v2_4c30894ffddd,25.0,32.02767759171254,-0.46691285036407937,1347
v2_7999b1b91c5d,25.0,32.24745507415586,-0.46696529561788314,1348
v2_269cac6d66dc,25.0,31.31826296889274,-0.4674223945543696,1349
v2_7fcd2d8d167d,25.0,32.247815120772536,-0.4677559753113636,1350
v2_f4bd9ded6b24,25.0,32.14856220234207,-0.4681535643789445,1351
v2_fe8b15c7924d,25.0,31.378014364012227,-0.46818738154284834,1352
v2_363356d2d10d,25.0,31.347474906286052,-0.4686923631467659,1353
v2_7048bc3b7175,25.0,32.24781511264871,-0.46873880104532173,1354
v2_931d4a47dded,25.0,31.37866892475581,-0.4690854560364448,1355
v2_07bc625038a2,25.0,32.80027273447882,-0.47022431344254567,1356
v2_f00a12be21f6,25.0,31.854462137150346,-0.47053810747086633,1357
v2_d8ec567f83fc,25.0,32.43515626157788,-0.47218095329897825,1358
v2_0af190e5f162,25.0,32.06568410391604,-0.472722442780527,1359
v2_e155eff851f9,25.0,32.247814470584395,-0.4734138795262295,1360
v2_969ede545844,25.0,31.468477496166177,-0.4737012380240122,1361
v2_4709efc62405,25.0,31.974450811279002,-0.4738297338799917,1362
v2_2f1cf3a381f9,25.0,31.25529406174381,-0.474074428253072,1363
v2_ab1cfe9386dd,25.0,32.24735845288338,-0.4742529651940677,1364
v2_db224d1c725d,25.0,32.24781260821943,-0.47443909967688214,1365
v2_740b7f313b75,25.0,32.24779601076761,-0.4747673829108665,1366
v2_8025ce0a8df5,25.0,32.09525905686894,-0.47505006301009,1367
v2_051987386ba0,25.0,32.99213047746781,-0.4761808886878569,1368
v2_86cffefab863,25.0,31.17468043239513,-0.47623450253962396,1369
v2_7b0d89186c7e,25.0,32.2478068475582,-0.4764050771918944,1370
v2_48ba50e00ef0,25.0,32.281610740070334,-0.47642262000272595,1371
v2_2c86c94a47ad,25.0,32.24781482930092,-0.47689206471618295,1372
v2_71a654084d43,25.0,32.17993965890082,-0.47741810200187995,1373
v2_9da779bb692b,25.0,43.971280191546,-0.47758222289597274,1374
v2_11a0dca398a9,25.0,31.72180883235332,-0.4777761434976453,1375
v2_dfeb122cfd09,25.0,31.034660863717242,-0.47791221143561735,1376
v2_8f1e4e529c1b,25.0,31.365537017955862,-0.4782761833835858,1377
v2_956a63271852,25.0,30.855057969434306,-0.4798095423990949,1378
v2_5b378eb41457,25.0,32.24767078835794,-0.47993974990969335,1379
v2_7135001047ce,25.0,32.24752725956373,-0.48098695905619593,1380
v2_b04ff8b1afe2,25.0,32.48353334992007,-0.48124047577920326,1381
v2_0718bc821523,25.0,32.26450984176751,-0.48166234467713753,1382
v2_772035cee8dc,25.0,31.0017744639996,-0.48173085571017626,1383
v2_ad3c9749782e,25.0,32.95848423311422,-0.4825054743455732,1384
v2_245c08a2bc36,25.0,31.65945602229656,-0.4826027990712003,1385
v2_5a8499fd30cb,25.0,31.561704553371012,-0.48406393545957815,1386
v2_0d529d2ed378,25.0,32.46833037098403,-0.4841778839505162,1387
v2_4320f9584e18,25.0,30.809381134877455,-0.48418569750653795,1388
v2_0d79e16de587,25.0,32.00893526344795,-0.4847686532726625,1389
v2_3ccb95622ab5,25.0,31.52534506526789,-0.4849166209490674,1390
v2_748977542dc8,25.0,32.24114752109902,-0.48557295213532115,1391
v2_7afbb72c707a,25.0,32.24781512605041,-0.48616893497550695,1392
v2_afe64613dec6,25.0,31.243548950258145,-0.48761308670896675,1393
v2_57b68e8c7992,25.0,32.55448657245309,-0.4884757771164834,1394
v2_396121b02393,25.0,31.23827704842657,-0.4886592855306331,1395
v2_a90767fddd35,25.0,31.18344065524772,-0.4895473230614371,1396
v2_014d7fc9dd77,25.0,49.2291493600637,-0.4902128471355409,1397
v2_f45997328421,25.0,32.09451728547686,-0.4907176564843363,1398
v2_1e43fcd052ab,25.0,32.21987447360228,-0.4918852856345728,1399
v2_b5b7cb44157c,25.0,32.243294606996976,-0.49191741349555507,1400
v2_335d69f6097d,25.0,32.24173322624795,-0.49193205042305355,1401
v2_2b5b9c797083,25.0,32.141508299050585,-0.4921911293566916,1402
v2_dc629d79f25f,25.0,32.357713166647905,-0.4925298684994832,1403
v2_e1c7e1b7d4ba,25.0,32.24173752727623,-0.49302168133483004,1404
v2_87968bc24d4b,25.0,32.27001685510215,-0.49308590203054425,1405
v2_28abc0254795,25.0,32.11142438664927,-0.49323573158196243,1406
v2_b651aaabf92b,25.0,30.956264207349708,-0.4938078475125316,1407
v2_b6708c2da23d,25.0,31.774108914143884,-0.494100960178371,1408
v2_88d307cb5400,25.0,31.01455553307094,-0.49433945718219796,1409
v2_e16473a47a0c,25.0,31.238129719726995,-0.49514785504046177,1410
v2_6967be12c00d,25.0,32.16698446175882,-0.4958020033219528,1411
v2_f845affc6af4,25.0,32.23532883164418,-0.4961353402264086,1412
v2_f83d03483e5e,25.0,30.713802048522137,-0.4973203758210163,1413
v2_deac960f14aa,25.0,31.089631677559947,-0.4987428347625755,1414
v2_218f4b688b03,25.0,30.95342397807847,-0.4987618868678849,1415
v2_ef34240eedc6,25.0,31.806568845645938,-0.49879642555007564,1416
v2_ff70f6278920,25.0,30.947053224268444,-0.4989827008170469,1417
v2_8cc49828b00d,25.0,31.476527607349375,-0.499880599357553,1418
v2_ffbea511fe06,25.0,33.917107982561305,-0.5007678319962192,1419
v2_6a4667faec0d,25.0,42.35580598613876,-0.5009096002198259,1420
v2_648b2560a986,25.0,30.86820996723065,-0.5009582313248018,1421
v2_cb3a686f0f53,25.0,32.213390690903275,-0.5015983891351548,1422
v2_29fef6c2388b,25.0,32.140525980242906,-0.5022357484856723,1423
v2_96989c95d832,25.0,30.653820874378162,-0.5029036262139934,1424
v2_2b0d99446deb,25.0,31.498750825745212,-0.5032563812831583,1425
v2_e37446864585,25.0,32.5199782358123,-0.5036633054395612,1426
v2_2ffa0fe1a3f8,25.0,33.97659607409738,-0.5038461796328635,1427
v2_fbac29579caa,25.0,32.644595891235554,-0.504008799166443,1428
v2_106f13b58ffa,25.0,32.06453495365773,-0.5042679313671483,1429
v2_3bfe9a5f5eb7,25.0,32.05212538970789,-0.5050426927689147,1430
v2_1cc9f71060e8,25.0,32.49630828740664,-0.5050494998216299,1431
v2_dee16618b5f7,25.0,31.722704729916885,-0.5052130376273123,1432
v2_b284a880753b,25.0,30.71630205867043,-0.5054221294478021,1433
v2_8a6be73c54f6,25.0,30.939910737274104,-0.5054254939057987,1434
v2_ad17fff3908a,25.0,32.83835489681091,-0.5078178377131657,1435
v2_75302c819c12,25.0,32.89760672978623,-0.5080652685084015,1436
v2_f2a43fe70fd8,25.0,47.26857354253825,-0.5080874030166642,1437
v2_cbd2a46d9115,25.0,35.649560401394965,-0.5097215523331284,1438
v2_b78d60edaad0,25.0,31.99233701046176,-0.5097661946753682,1439
v2_d96838874132,25.0,30.52213995798362,-0.510165039027517,1440
v2_e7b0bf687b6e,25.0,31.31844421050944,-0.510285726553402,1441
v2_b33353bc1c9a,25.0,30.983677403787876,-0.5103595179658029,1442
v2_d6fc93745ed9,25.0,47.44564857560844,-0.5103738974574243,1443
v2_7e28ea5e33b3,25.0,31.657381208696656,-0.5111821663947351,1444
v2_f229f96a777f,25.0,30.525812825959058,-0.511665860357466,1445
v2_052669af2a8a,25.0,31.873152384354817,-0.5117571090785544,1446
v2_ea8382c927b7,25.0,34.55293465547357,-0.5121779599943972,1447
v2_aad9e43ff816,25.0,35.01253911601029,-0.5128506818877483,1448
v2_6d2d7130a002,25.0,31.71643092645536,-0.5136876160885526,1449
v2_f87f77ae3ae0,25.0,32.55890173708543,-0.516403521799381,1450
v2_c7496e7670c4,25.0,32.24781512605041,-0.5166165781342533,1451
v2_a2b95381c487,25.0,32.24781511725012,-0.5168674547926164,1452
v2_dea41dd3d2e5,25.0,32.459438390977105,-0.516945900392094,1453
v2_98299d941ca6,25.0,30.809143907065884,-0.5178697687002769,1454
v2_bff3ab4efcde,25.0,31.899320122410945,-0.5184756889978059,1455
v2_531d50b31df3,25.0,30.636484223722793,-0.5186538832057588,1456
v2_837b376b11b3,25.0,29.93225462291305,-0.5188203287211737,1457
v2_7ace32ef4e83,25.0,31.465040049852952,-0.5192826704079012,1458
v2_042457fd0866,25.0,31.586388396848026,-0.5209756450636602,1459
v2_2c32184ff358,25.0,31.523962414743398,-0.521160099648383,1460
v2_37df6dba5051,25.0,32.89890034136208,-0.5211709991458724,1461
v2_dbe51c29db53,25.0,30.74049640701371,-0.5211710151102009,1462
v2_b650733984b4,25.0,50.112485635315764,-0.5220372495141508,1463
v2_60f71eed7107,25.0,31.611993334256187,-0.5226487223366085,1464
v2_f63f0ef15d32,25.0,30.65348744365883,-0.5231006711547792,1465
v2_360e9f9111e5,25.0,31.694712702601826,-0.5241035518511543,1466
v2_958d53d08ec4,25.0,31.743771581498443,-0.5254520303742005,1467
v2_e60ad9219526,25.0,30.39450151679726,-0.5256561160439324,1468
v2_d032a246394e,25.0,31.22838271832847,-0.5264063305236206,1469
v2_fa361ffe9432,25.0,30.431230566871992,-0.5275405253642935,1470
v2_3b4df3f08027,25.0,30.718903477779048,-0.5279371048651171,1471
v2_d2b82594e297,25.0,30.795419413168148,-0.5284213064857077,1472
v2_a84a8aa32017,25.0,30.74817395902049,-0.5312376781379635,1473
v2_c7995ea543fc,25.0,31.253009217696032,-0.5319706835136984,1474
v2_78de645510c5,25.0,31.586003095005573,-0.5336870420835487,1475
v2_b673d9cd4de3,25.0,30.37340998224574,-0.5337619384357017,1476
v2_8ae1c0deb444,25.0,35.42974158339955,-0.5349405882471485,1477
v2_9aed6bbf0c59,25.0,30.57455950804093,-0.535744636104873,1478
v2_c4a577ddc963,25.0,30.965551606038098,-0.5361901528066948,1479
v2_bcea15a5a51e,25.0,30.204229657539926,-0.5369000080250661,1480
v2_953d431cbce2,25.0,51.74765007016994,-0.5374735288553865,1481
v2_98a4d489a188,25.0,32.24781512605041,-0.5376443474192545,1482
v2_1bbe5827d67c,25.0,34.967571434203656,-0.5381235181270574,1483
v2_234c2dde389a,25.0,30.477040128337936,-0.5381569094394463,1484
v2_054b7dd71ec5,25.0,30.36421035215006,-0.5404603070688294,1485
v2_f51aabe6ef56,25.0,30.785769065838977,-0.5418473539370225,1486
v2_2693d78374d3,25.0,36.34208626969526,-0.5419400598193533,1487
v2_01c2bfc610c5,25.0,31.283158003739867,-0.5420646512833649,1488
v2_3f7477caacfa,25.0,35.06563877495464,-0.5421858501289583,1489
v2_d218a3c7546e,25.0,31.284435390603626,-0.5432816665944058,1490
v2_9a47757fac76,25.0,31.473403702849694,-0.5436108421903576,1491
v2_60fe1e81a4f9,25.0,43.844536232740495,-0.543834288052401,1492
v2_0f2d33a132db,25.0,31.474025685714828,-0.5440384258010962,1493
v2_abfdf62582a2,25.0,31.207226038742906,-0.5447693296483349,1494
v2_052d305d21fc,25.0,29.948590484411902,-0.5478638465033487,1495
v2_a5a7b7e4e3bf,25.0,31.181703678909564,-0.5480786000207702,1496
v2_399f9bc8464e,25.0,30.55722661932625,-0.5484678147378546,1497
v2_587138a4acc9,25.0,32.55314842650852,-0.549044624036017,1498
v2_33da4470c766,25.0,30.029259412751557,-0.5492098643295069,1499
v2_8ae6f8e86dde,25.0,32.62619792058668,-0.5495450110957769,1500
v2_de31341eb316,25.0,32.537099541519794,-0.5496720444737937,1501
v2_bd47635837fb,25.0,29.662579230236407,-0.5506207828365115,1502
v2_324151947a0d,25.0,29.362302715705063,-0.5509146756315833,1503
v2_6ea981c27f30,25.0,32.0082510567033,-0.5512620056232933,1504
v2_34dc3f4819bc,25.0,50.30136869010151,-0.5522504121060958,1505
v2_dd2208e0fd37,25.0,31.249641258326445,-0.5526072270990499,1506
v2_f2caf1a35eb1,25.0,43.437356669053855,-0.5535520474729294,1507
v2_570000c563fa,25.0,31.014438977683344,-0.553694913152647,1508
v2_cec46a5f35aa,25.0,31.98539051281969,-0.5548476964165339,1509
v2_903b935cd410,25.0,31.272387187246935,-0.5548915981124054,1510
v2_e98c8b2af097,25.0,30.293985192392405,-0.5552418094954881,1511
v2_93c3ee991807,25.0,31.2456854458751,-0.5552573956177165,1512
v2_e70fc198c986,25.0,31.145836487274636,-0.5565318069362934,1513
v2_3bfd23617124,25.0,30.99519195313152,-0.5566573273309414,1514
v2_6b4b54231c20,25.0,31.171795983308005,-0.5579744385084489,1515
v2_f9e4c0a6cbd4,25.0,30.099642018651192,-0.5589218024554059,1516
v2_5faed72f638d,25.0,30.41732242151428,-0.5596903302158021,1517
v2_d951c7bf2fba,25.0,31.843083121453656,-0.5597045391371607,1518
v2_674759f8ebbf,25.0,32.568936091332915,-0.56034864050193,1519
v2_7b065193e491,25.0,30.542234210477226,-0.5606634135057638,1520
v2_8652c25244bd,25.0,37.141336707056375,-0.5608956598654169,1521
v2_2f3c37d65f31,25.0,30.423777455470688,-0.5622301730632531,1522
v2_cfc8a6e3117d,25.0,31.04398061422208,-0.562254755769084,1523
v2_dce3c22bbf8f,25.0,30.68370171366267,-0.5624158366278049,1524
v2_8829739a49be,25.0,29.9724828095719,-0.5624425283033228,1525
v2_bcafcb6eb99f,25.0,35.67174193522041,-0.5624536385430998,1526
v2_d8f7c550a04f,25.0,30.097034112418175,-0.5628654217616722,1527
v2_c5c25dffdeb8,25.0,30.52554814533719,-0.5631024924524413,1528
v2_ffb5495c0e0f,25.0,31.997068575714234,-0.5648854583698668,1529
v2_a75b273bcef7,25.0,29.683548370558587,-0.5650624266833768,1530
v2_dc3936a88d06,25.0,31.18217756354294,-0.565634582345159,1531
v2_fb34d7e85d9b,25.0,31.49437343660771,-0.5656803422347227,1532
v2_1bcab034ae5d,25.0,29.577629368533167,-0.565730067871832,1533
v2_8df3ff387097,25.0,31.24640538410807,-0.567084223102186,1534
v2_4f488fe8a329,25.0,30.073504377806948,-0.5671304545746523,1535
v2_1c180a733601,25.0,30.103333188734926,-0.5673630393886802,1536
v2_eb44b92f13a1,25.0,30.088663400711575,-0.5694348146127153,1537
v2_94c962d25729,25.0,30.585077500526246,-0.5695700438744611,1538
v2_130b614e8761,25.0,31.024588000998545,-0.5698105036005003,1539
v2_ddf5b4a51814,25.0,30.115977299676018,-0.5711082059928279,1540
v2_5f566568294b,25.0,32.07530546308548,-0.5718204412924921,1541
v2_13831b9c3092,25.0,33.14719510157918,-0.5723756819583325,1542
v2_621f9714e479,25.0,33.02165565994713,-0.5725679755624826,1543
v2_45e81f8dbfb9,25.0,31.447465397277597,-0.5733405074797071,1544
v2_ab559ac76d50,25.0,30.180895991646782,-0.5733423029286593,1545
v2_07b4e88a3c4f,25.0,30.751705866146157,-0.5741298714207081,1546
v2_6b8661f16f16,25.0,31.039365622114296,-0.5743987384870914,1547
v2_819bcdaf4c72,25.0,31.87895524251757,-0.5752333715654423,1548
v2_92f3a346a387,25.0,31.579331071877554,-0.5755766132691482,1549
v2_f2a317df4bc7,25.0,29.636927591953146,-0.5770489744232306,1550
v2_0db87eb31371,25.0,35.13818998088007,-0.5790880002627681,1551
v2_26d796050686,25.0,30.298202097052332,-0.5791610842501571,1552
v2_eb11d6d04451,25.0,30.916914280385388,-0.5807743861065742,1553
v2_51c75c399f77,25.0,30.81172357228105,-0.581871553952368,1554
v2_9527f10ef7c1,25.0,29.868740252753522,-0.5830251961218931,1555
v2_003179510d6c,25.0,30.66614885566997,-0.5833808357344781,1556
v2_d7226a353343,25.0,29.60573074721345,-0.5849553127884741,1557
v2_aed091e89d3d,25.0,32.16825567961955,-0.5854403983053409,1558
v2_0112b4aafe7e,25.0,33.28328087025209,-0.5870284232102732,1559
v2_687e0c8e2b7d,25.0,30.219783087044718,-0.5892367498131668,1560
v2_a0b1f2baa798,25.0,32.23969024223945,-0.5894708504550161,1561
v2_a18f366d6fa9,25.0,30.325481261895327,-0.5895634173442978,1562
v2_058b12cca9a9,25.0,28.825271923911018,-0.5912003784066142,1563
v2_3ac10cc2067e,25.0,34.76600396239842,-0.5923160409214061,1564
v2_611293e1bf6b,25.0,29.94968059379137,-0.5947382524067635,1565
v2_95add3bc8134,25.0,32.47364364471377,-0.5956953779283145,1566
v2_3b1a9ac0e7cd,25.0,29.23552627289972,-0.5965292475411852,1567
v2_176d01a01c64,25.0,32.550689680225304,-0.5984296846927917,1568
v2_f0608171138e,25.0,45.57277571768876,-0.6008097028791903,1569
v2_255194ec59ea,25.0,29.483242183318833,-0.6025449622512289,1570
v2_6517d9445131,25.0,30.60698370117155,-0.6028886008219256,1571
v2_623e738d97f3,25.0,32.604089434518734,-0.6029479562494275,1572
v2_4c2922c3a409,25.0,30.57851586559992,-0.6029594563295415,1573
v2_4cebbbce01ba,25.0,29.097369127858524,-0.6030045397949513,1574
v2_7add013eb0bc,25.0,29.57430777920606,-0.6030419842499919,1575
v2_adb2a000a5e9,25.0,35.65348802340304,-0.605296115959141,1576
v2_e9c34f498306,25.0,32.15665213536073,-0.6057489475890954,1577
v2_013a0e61b646,25.0,33.97290997581172,-0.6059179593836568,1578
v2_ddde80d6b4a9,25.0,30.121291100663278,-0.6060719716461147,1579
v2_a5e5855ad4ee,25.0,30.426458074652064,-0.6069699863374982,1580
v2_24199bbf7e63,25.0,31.91942390426019,-0.607611472429288,1581
v2_b4f893feebef,25.0,29.595182646754076,-0.6077475059873505,1582
v2_7f6ed0dfda58,25.0,30.551775009503,-0.607907438878093,1583
v2_d6bbea62f6a8,25.0,29.831784483468372,-0.6079222695348694,1584
v2_f33a1c48d66d,25.0,29.33122520137867,-0.6084169843948901,1585
v2_70a2c766055f,25.0,29.146448786548802,-0.608629682778429,1586
v2_814da5dabb76,25.0,32.299956588548966,-0.6096404120359029,1587
v2_4a5d70d10959,25.0,30.498951419428572,-0.6100444634754618,1588
v2_6f5273bc5d7b,25.0,32.551546333593706,-0.6102720178321883,1589
v2_0de311daadd9,25.0,30.107539428423085,-0.610539780198402,1590
v2_19a62b992db6,25.0,30.293952835732938,-0.6109849361204711,1591
v2_b56fc3617af8,25.0,29.999494071736635,-0.6111160361718193,1592
v2_76937b248d6f,25.0,31.22140109361711,-0.6127145334410722,1593
v2_49734b2f0bf2,25.0,45.275088712261194,-0.6137216743450127,1594
v2_d25965b4d1ed,25.0,29.842331252857072,-0.6141611663611535,1595
v2_f92e7efc7a5d,25.0,29.545804694976173,-0.6155237203132851,1596
v2_557f92cd02f3,25.0,30.75217192071025,-0.6162161200623748,1597
v2_e7e005f70ed0,25.0,30.48108646330373,-0.6164007922564156,1598
v2_06abf932cd3e,25.0,29.479368385464074,-0.6175453364466996,1599
v2_8c555548b4fe,25.0,33.45095614856812,-0.6181284792717339,1600
v2_3500723f4e08,25.0,30.271934497311754,-0.6182441175251032,1601
v2_f09d6a0ac9f6,25.0,30.003819855241836,-0.6182850820507211,1602
v2_f8e89b53ab31,25.0,29.50299039313691,-0.6187458824832577,1603
v2_bf3d62e2a66b,25.0,32.30216250902377,-0.6189422582492146,1604
v2_be628b0bc91d,25.0,29.664041717696975,-0.6191904715702359,1605
v2_2ec94ae40ae7,25.0,32.491711171869404,-0.6200762798288437,1606
v2_27737777d183,25.0,44.277854674219924,-0.6208487885208251,1607
v2_6df7b1bd2e25,25.0,30.23280398500351,-0.6216141349018356,1608
v2_c39f08c77321,25.0,29.311102012492544,-0.6216221037808598,1609
v2_9116125524ce,25.0,29.613302832952584,-0.6245603741560997,1610
v2_c9cf57913d6e,25.0,29.070164856580007,-0.6261794689733744,1611
v2_ef9a106fbc43,25.0,29.783483547544883,-0.6263214009909088,1612
v2_b5c1ef255109,25.0,30.616734112681613,-0.6265858724551707,1613
v2_b4cdd30230de,25.0,31.879765649568576,-0.6271640827366198,1614
v2_d1d0fb9cfde9,25.0,30.130698516581397,-0.6275673219625331,1615
v2_e11f77f26170,25.0,28.568794990737363,-0.6278172358494434,1616
v2_76317fb8b27d,25.0,29.958982385114062,-0.6299806163363888,1617
v2_cce86339bc79,25.0,38.542255648948554,-0.6309725930433725,1618
v2_3d4e602b8ade,25.0,30.678484675659252,-0.6314852198864482,1619
v2_ac17ef1604dc,25.0,28.486375366320658,-0.6329667067907634,1620
v2_6f702485fdc5,25.0,30.102916720237317,-0.6333926653532425,1621
v2_cbcc08e8eda1,25.0,29.202833411782716,-0.6334125483953681,1622
v2_dccb112c9181,25.0,30.52361249630687,-0.6336217030678482,1623
v2_a558d7f94cb6,25.0,29.69389765022842,-0.6359650732840185,1624
v2_47f4045871a6,25.0,35.205951360257906,-0.6360289643995118,1625
v2_15c1cabe94ee,25.0,29.782620468098322,-0.6377552967208713,1626
v2_4728a7fdde4d,25.0,30.81072275217192,-0.6410534177444331,1627
v2_105e68c6a22b,25.0,29.056933378202437,-0.641650086942211,1628
v2_b700dfad80ec,25.0,29.423053236816273,-0.6419248525425276,1629
v2_87dd3727134e,25.0,29.892420204825186,-0.6425575648518489,1630
v2_aed7bc4aab4d,25.0,29.822130959665312,-0.6438296749501147,1631
v2_7c92a8f97e60,25.0,31.82219447640568,-0.6466827989167561,1632
v2_8cb5436048c1,25.0,28.634882807099935,-0.6490733505082096,1633
v2_f97376bd8496,25.0,29.475415132893012,-0.6501278693668517,1634
v2_ae1ba330910a,25.0,30.862125459974457,-0.6501757671441988,1635
v2_a8b62273f0bd,25.0,34.71547145093865,-0.6524303975230845,1636
v2_1fd0984d66d2,25.0,31.19782049176065,-0.6525064403927532,1637
v2_3810895a151d,25.0,32.01511081213432,-0.6568143396906594,1638
v2_8eee6a3cec7e,25.0,32.017052422217326,-0.6568540724355367,1639
v2_31b70ba89879,25.0,28.831962960261183,-0.6571274423475151,1640
v2_25e724406def,25.0,31.42148534581239,-0.6578897328377771,1641
v2_b7715957a89f,25.0,31.848057269462995,-0.658307878034841,1642
v2_06554ad752af,25.0,28.97565013279831,-0.6585438123780554,1643
v2_9cf76a5fa2ac,25.0,29.349595303383243,-0.6592631905927249,1644
v2_de0abecdcb09,25.0,30.975645420580033,-0.6597830609628046,1645
v2_e34191317876,25.0,30.246343613987722,-0.6601608682758462,1646
v2_50cf6299c1e7,25.0,29.69694600054224,-0.660608463537339,1647
v2_902f1c39e4f2,25.0,28.85503178062624,-0.6606759447666466,1648
v2_e570b6226c0f,25.0,28.19790708698206,-0.6607006771497579,1649
v2_8ab50b72c311,25.0,29.45884363465665,-0.6617322466172988,1650
v2_22ba43128219,25.0,29.54365169118741,-0.6622277489066262,1651
v2_9d7b7899368e,25.0,31.31076375949617,-0.662529456683866,1652
v2_4e125731991b,25.0,29.855050198689476,-0.6678734191953959,1653
v2_ac2667dbfd66,25.0,28.056182804125466,-0.6692829890939036,1654
v2_6ea90424a092,25.0,31.29160353078029,-0.6697157638123628,1655
v2_82aae4d87fad,25.0,32.95489910683024,-0.6699086519605553,1656
v2_cdea8097a709,25.0,29.647143828791904,-0.6702600074804321,1657
v2_3091f0e841fb,25.0,32.24773523140119,-0.6703835303798842,1658
v2_cd6dfe4d7846,25.0,32.55617653524731,-0.6738349025768642,1659
v2_c4414efb0a85,25.0,30.011667132204412,-0.6771908319668567,1660
v2_2ee04ebee9a6,25.0,28.544319079465108,-0.6779387701640394,1661
v2_bd8c4e2ecdd2,25.0,31.789090521620526,-0.6779867935765411,1662
v2_01fe74c38376,25.0,29.350825317672967,-0.6781726011977156,1663
v2_4b5f0f999c95,25.0,30.159253916260134,-0.6820483801764397,1664
v2_8250b82b5780,25.0,27.676087754356217,-0.6820618921001858,1665
v2_bc41c57d5a70,25.0,30.719895236020786,-0.6836053057101941,1666
v2_bd0a02f26302,25.0,29.21268260191964,-0.6853036680581779,1667
v2_ac6d80d91783,25.0,30.864477558699697,-0.685472104862237,1668
v2_87e4605e82d4,25.0,30.68425649492019,-0.6875257350317918,1669
v2_19c2fbfbd247,25.0,28.44598890645904,-0.6876929515027657,1670
v2_971ad674a441,25.0,29.240433042717306,-0.6883583243199283,1671
v2_0a3bce5e5599,25.0,53.923773955822696,-0.6894049513064955,1672
v2_9568095b1a58,25.0,30.10633911908348,-0.690088978088859,1673
v2_5adf1fdf97cd,25.0,31.547856151423446,-0.6907351782282145,1674
v2_0bee977d70f9,25.0,31.203415271770112,-0.6912023813556027,1675
v2_3a19414aeec9,25.0,36.15087461668368,-0.6941976317293665,1676
v2_06b91735447a,25.0,30.969242355709877,-0.6943713206199602,1677
v2_649af934ddc8,25.0,53.25428499845165,-0.6945329250577741,1678
v2_894a7b3a3939,25.0,27.483232247801958,-0.6949461471783414,1679
v2_fcd24b9df7e1,25.0,28.756433383072494,-0.6967062110247983,1680
v2_66a0e2c3ece7,25.0,31.753887650779212,-0.6968373830079662,1681
v2_ba6ad657b87e,25.0,27.178693532313787,-0.6980299023578329,1682
v2_2d648a05f4cd,25.0,27.570755905422992,-0.7013362231022304,1683
v2_3a3005fea889,25.0,27.39362819546445,-0.7022292289713228,1684
v2_eba6bf1dfb2a,25.0,31.810469449195562,-0.7048170172983061,1685
v2_89ef933fa3c3,25.0,28.527730197721183,-0.7048568051896416,1686
v2_29beaf174bca,25.0,32.09475260078421,-0.7060772709732994,1687
v2_7a477aa43154,25.0,30.036349121919255,-0.708368011902075,1688
v2_8d1eb6c07d58,25.0,27.04145071084224,-0.7089049735511788,1689
v2_1a9a5f60b300,25.0,28.94777345763734,-0.7103475256984515,1690
v2_c8bfa738af68,25.0,30.936674205384787,-0.7109409675811182,1691
v2_7b575899e018,25.0,32.08077545093313,-0.7109818126871135,1692
v2_84db05c67628,25.0,33.241618203836104,-0.7127228651525153,1693
v2_df248f99604e,25.0,27.311382951606888,-0.7159420344277292,1694
v2_1517b3f94ec9,25.0,28.12013718168247,-0.7167015723363184,1695
v2_9c839489a002,25.0,28.892347732620294,-0.7182988606218341,1696
v2_be6d92363eff,25.0,44.55453336813894,-0.7212256598158904,1697
v2_2201b6c0f3c1,25.0,31.95166300894298,-0.7224099706052884,1698
v2_8d00391ab082,25.0,36.03550202389518,-0.7224865252093551,1699
v2_bc7855904c08,25.0,28.771247498487103,-0.7229465621863325,1700
v2_30b1a784cebe,25.0,28.99765466282918,-0.7241773608653714,1701
v2_7783533758ea,25.0,29.301206614477415,-0.7245031856503674,1702
v2_775f149c7d14,25.0,28.915486468016073,-0.7261978788008614,1703
v2_5b1e7ff97055,25.0,28.269033269514793,-0.7268625790854015,1704
v2_68d685d40d19,25.0,26.910542027119565,-0.7273968656813379,1705
v2_4f2a1f4b0362,25.0,34.090304166673015,-0.7282681882582374,1706
v2_fcdc0876588a,25.0,27.859866273055772,-0.7294794105036884,1707
v2_fee39417ed37,25.0,35.66525457410323,-0.7326438987805153,1708
v2_841b7821f91d,25.0,34.33347193216333,-0.735396336209738,1709
v2_dc7c2fcfab69,25.0,26.550128617225194,-0.7356902927581945,1710
v2_6759e477f3b4,25.0,28.04766524191777,-0.7376391833613871,1711
v2_18b890491f02,25.0,28.052331984455343,-0.738876962896053,1712
v2_41593aba46dd,25.0,26.882398746874475,-0.7395608644766964,1713
v2_3479ee5a56d4,25.0,27.512251531064475,-0.7400647257303481,1714
v2_abc9595704fc,25.0,31.694340957239255,-0.7424895663041227,1715
v2_92478157ae98,25.0,29.88128421368186,-0.7426927681931303,1716
v2_3aef84639f3f,25.0,28.27580697586501,-0.7449881325978396,1717
v2_248c61064c73,25.0,34.6946996759107,-0.7453608692097733,1718
v2_3b0fc380a8f4,25.0,31.736471014687506,-0.7459776030023129,1719
v2_d6e4943640c9,25.0,26.925072466637275,-0.7471044783251335,1720
v2_f230214056cc,25.0,27.932447786379512,-0.7486129864832671,1721
v2_2ce4c835deb2,25.0,31.36573191763079,-0.7490312099821814,1722
v2_2210153e3ac9,25.0,28.024959653957804,-0.7494650068962931,1723
v2_e95c30566e33,25.0,27.389712911230173,-0.7502673410751166,1724
v2_d280cd445d64,25.0,29.819316653578475,-0.7531734475708189,1725
v2_41f5fb753ba8,25.0,29.76458107057446,-0.754797001554337,1726
v2_ab482a66f77b,25.0,30.975445835273106,-0.7563493682695102,1727
v2_1ec443a67da1,25.0,27.49699475382669,-0.756491534023918,1728
v2_5184aeb73e5c,25.0,32.247815118502594,-0.7578568969035961,1729
v2_82e397eaa7a4,25.0,28.02879451236896,-0.7581934811433886,1730
v2_7600f0d76e3c,25.0,30.71454664075265,-0.7606877041469966,1731
v2_9fb9b076749d,25.0,44.288558265761374,-0.7613422688493534,1732
v2_50ebc88f32c6,25.0,29.75838421869146,-0.7648061738713601,1733
v2_08fc82df7b73,25.0,29.24342121418765,-0.7654051489460532,1734
v2_134641efa9c8,25.0,26.26478723814096,-0.765705176815934,1735
v2_0c95d002d5b8,25.0,28.003821275514532,-0.7668183321301116,1736
v2_8cdcde7b5ddb,25.0,26.76002471457419,-0.7670965789432627,1737
v2_a2ccda22789c,25.0,27.954072259590625,-0.7673260319422983,1738
v2_b8d832211ce4,25.0,28.0414330059528,-0.7692229596921747,1739
v2_c5760f48a71c,25.0,34.64523106337429,-0.7696018702262011,1740
v2_5e422757557b,25.0,32.383285621214426,-0.7740482996147309,1741
v2_a3a894917e9b,25.0,32.537491680425454,-0.7746327692753683,1742
v2_e5ebf0da9e3f,25.0,31.637700699137348,-0.7748330179026635,1743
v2_db3d32164668,25.0,32.24781512598937,-0.7756674819900375,1744
v2_2d18dfc0b884,25.0,28.678284059281985,-0.7767170481266339,1745
v2_ad881531094c,25.0,27.822661136683514,-0.7772437908432188,1746
v2_d2dfb35783f8,25.0,25.967626537825296,-0.7779431800557504,1747
v2_226aa0058755,25.0,37.09247584645203,-0.7785855195899414,1748
v2_2c63ab26af9b,25.0,27.63475634050679,-0.7842262907392925,1749
v2_a62e1678b8a3,25.0,27.884243607983542,-0.78492228925513,1750
v2_f40bd9669a4e,25.0,26.791408390557375,-0.7911687553853133,1751
v2_5986c62df464,25.0,29.664774853920722,-0.7918787857618943,1752
v2_84ec423d8a5b,25.0,25.795695600980483,-0.7939741906936328,1753
v2_825322dad1fd,25.0,27.316829642550566,-0.795330884040804,1754
v2_53504171b1a9,25.0,26.88334380358187,-0.7959992179931588,1755
v2_f2e6e0cfaba7,25.0,26.90557034418918,-0.7998128004281355,1756
v2_4fdab283944a,25.0,27.158716433287147,-0.8017696716872003,1757
v2_597111bab4fd,25.0,49.06961734417247,-0.80474492484593,1758
v2_7e326a9102e3,25.0,27.8224244102226,-0.8067416378778782,1759
v2_e433cb1f8f9c,25.0,26.76560260766447,-0.810003088836436,1760
v2_2bed02a7de3d,25.0,26.764974863238812,-0.8137888729929381,1761
v2_03645f0d4c9a,25.0,29.17801179815533,-0.8158654602206417,1762
v2_b5b22a9a11be,25.0,27.376670959396506,-0.8160070762071356,1763
v2_1b9cc90bace5,25.0,26.819605302373276,-0.8170154805545584,1764
v2_e26429dd33e3,25.0,31.204675066691358,-0.8170533298622846,1765
v2_1f28b53049e5,25.0,29.5422866605448,-0.8180199800417052,1766
v2_5c67a5686ff8,25.0,27.03785889760907,-0.8186667084221275,1767
v2_3c69e4293199,25.0,26.644408051857674,-0.8222183023476353,1768
v2_3090608dba5e,25.0,28.390002893390335,-0.8225517901684922,1769
v2_dea3f1cb4f6b,25.0,27.44926837063575,-0.8226399282787158,1770
v2_bb28b1416efc,25.0,27.544588288952944,-0.8232234888897674,1771
v2_6111b2c43e61,25.0,33.35368151930591,-0.8248666917783352,1772
v2_607b2b7e1e48,25.0,33.30592923700381,-0.8276971230278498,1773
v2_71ca04e26c1c,25.0,32.24781492412532,-0.8314377463802707,1774
v2_1285ff2be032,25.0,26.015228460438536,-0.8325979248949915,1775
v2_629be6180c7c,25.0,32.52981037432316,-0.8334569578129356,1776
v2_6caf7492b588,25.0,30.676588721403164,-0.8345820318706174,1777
v2_fbaa124d6fe8,25.0,25.702327373289467,-0.8376763862785186,1778
v2_5cadbc745753,25.0,25.826821154319717,-0.8380663374333928,1779
v2_68e31e197289,25.0,33.14147052794736,-0.8413322120655939,1780
v2_71677f99d286,25.0,26.84363887169834,-0.8426584400957955,1781
v2_188423efa06d,25.0,53.86980358773141,-0.8427194714705726,1782
v2_20484c0dcf53,25.0,26.94221385944581,-0.8439043336453409,1783
v2_8f273183d477,25.0,27.107610928205197,-0.8448858797400227,1784
v2_a680ce10e15a,25.0,34.139918187452736,-0.8451945165987889,1785
v2_cc3d655a13d1,25.0,26.594980780401496,-0.8492151777383024,1786
v2_d5fe84bafd4e,25.0,31.285032786649293,-0.8548845143929862,1787
v2_d10e0f781d3b,25.0,26.77695343876629,-0.8549280139535487,1788
v2_328052effdf1,25.0,29.835131610473884,-0.8554849411141889,1789
v2_ff426f334c7a,25.0,34.14328491814304,-0.8566105245332638,1790
v2_aa726951e21b,25.0,28.265512024754248,-0.8571107095503603,1791
v2_1a530d7a4d7f,25.0,26.853440789291323,-0.8584968951677716,1792
v2_dced4bfaf949,25.0,26.72563010204692,-0.8592914722865004,1793
v2_58df575c0e29,25.0,25.02570163090788,-0.8606510173638298,1794
v2_f0427fb6ef34,25.0,28.43830246031473,-0.8611618765290192,1795
v2_5bb1b6b67e78,25.0,31.978050874374336,-0.8620500472909489,1796
v2_aab76c48569b,25.0,31.10614622349371,-0.8662074303045033,1797
v2_a2f94f9bc2da,25.0,26.447823801593742,-0.8681311255300832,1798
v2_cfd339979b97,25.0,26.779718608917424,-0.8700317533298998,1799
v2_da07522f4c6d,25.0,32.69734786860511,-0.8712775454341299,1800
v2_afaf3c693b20,25.0,32.247814862210056,-0.871983626602439,1801
v2_13ce4e1531da,25.0,46.469197548216684,-0.8727027900886339,1802
v2_3fc056c4ee7c,25.0,30.839388705419317,-0.8728866569627631,1803
v2_f0d75eda005f,25.0,26.657797772162233,-0.8749429945838845,1804
v2_524cf4032415,25.0,24.46809742212578,-0.8816590528413331,1805
v2_2112f2919866,25.0,24.256749442246623,-0.8818568444545645,1806
v2_813820149306,25.0,26.52754087585621,-0.8824744529376876,1807
v2_58173d5e3622,25.0,28.226934134007948,-0.8829663212639831,1808
v2_e2626e4936c5,25.0,53.75588672196801,-0.8831115228579076,1809
v2_5b3fa1b1c54f,25.0,26.272691870409876,-0.8868163829102977,1810
v2_6cb7794efe4d,25.0,27.712895439903363,-0.8878499424449564,1811
v2_513cf69c13c7,25.0,26.378198863789,-0.8885697965430288,1812
v2_75636434dbb0,25.0,32.24781461250756,-0.8903341540036482,1813
v2_b33344bc324c,25.0,27.48144666038389,-0.8920462883425961,1814
v2_6919401ef41d,25.0,25.710761003171243,-0.8920945738175337,1815
v2_253bd1dadbe4,25.0,27.981483506246967,-0.895582420759574,1816
v2_6b40f11c14d0,25.0,48.31697600665913,-0.8987326603670702,1817
v2_267d0bd63562,25.0,26.826287553773223,-0.8998549785998513,1818
v2_4eb2cbc635fa,25.0,28.767116426403575,-0.9016382507024234,1819
v2_65f30c6962aa,25.0,53.55077672069186,-0.9033061088196961,1820
v2_6a7eadd17c8f,25.0,27.81620871385427,-0.9042385487272915,1821
v2_ede3468d0897,25.0,25.621959203483563,-0.9046018974613954,1822
v2_abd96e3efd15,25.0,26.15829148263319,-0.9074102037990457,1823
v2_376e71827f51,25.0,26.04254692094608,-0.9112262644201214,1824
v2_852fadead4a6,25.0,23.85635597309042,-0.9117111878300248,1825
v2_faee76115454,25.0,26.041065167511814,-0.9132021849010101,1826
v2_06804ef76003,25.0,23.886120627506934,-0.914830680134207,1827
v2_18efa2b25749,25.0,26.576386541068956,-0.9150965493290277,1828
v2_5d5772cf95ae,25.0,26.316120808966655,-0.9171734499528483,1829
v2_6cc94dea919a,25.0,25.2907560394122,-0.9180324262713908,1830
v2_8c6690b222c9,25.0,26.29312655335001,-0.9225255282660032,1831
v2_64dc37e402d8,25.0,28.845560135751764,-0.9249658713392677,1832
v2_f8c4155a7467,25.0,25.8943040650051,-0.9261637309179473,1833
v2_648613ecdb2e,25.0,32.24781297725281,-0.9276773645064029,1834
v2_0310fab872d6,25.0,25.10888853990979,-0.9304285249414885,1835
v2_aee6c8d71084,25.0,46.24837221320293,-0.9311674415094933,1836
v2_5b8d971d1297,25.0,24.48236855309377,-0.9340512017337499,1837
v2_17f928ece089,25.0,27.730704772959083,-0.9349243450209856,1838
v2_5ef5111d1d23,25.0,25.817502168721674,-0.9361582964024295,1839
v2_5fef9c81a429,25.0,26.32476373272658,-0.939662363996081,1840
v2_45f9477747c5,25.0,52.541000604747666,-0.9403921005620495,1841
v2_7b1df41bba89,25.0,24.584426754532863,-0.9437397152437548,1842
v2_4dbe275c7774,25.0,25.333220123605926,-0.9437639954231947,1843
v2_92a90322dc64,25.0,23.538136223041278,-0.9472387186481388,1844
v2_0fee841faab6,25.0,24.305136409265053,-0.9492051330583355,1845
v2_f68874b18aa3,25.0,32.24776389914844,-0.949380627676661,1846
v2_68707fa2b1e6,25.0,52.78797248181195,-0.9506447335421413,1847
v2_9fd591a31959,25.0,33.16463488692789,-0.9528778834295082,1848
v2_dc04ca3bdaf9,25.0,34.3791936492805,-0.9554904859904081,1849
v2_523818006a1e,25.0,26.666737532693677,-0.9566288762261177,1850
v2_3bd06a1e5244,25.0,24.502259538766545,-0.9567323629882143,1851
v2_f4d499ee4a46,25.0,27.316193978673045,-0.9571213305900921,1852
v2_950de32600ff,25.0,24.939250700397753,-0.958386348404864,1853
v2_e50370c293a6,25.0,25.687383250605762,-0.9594524175266592,1854
v2_d48f76e7f555,25.0,32.247781500795845,-0.9626721616729932,1855
v2_6cecaa80a565,25.0,51.27137744698598,-0.9662871568395461,1856
v2_906e42bf941b,25.0,25.528507453561765,-0.9716975751649661,1857
v2_4941e567d9e1,25.0,24.6960696230171,-0.9725316816385474,1858
v2_b777adf868e2,25.0,25.225324421763123,-0.973181969928163,1859
v2_0fe0d9ed75fa,25.0,34.12062805916212,-0.9743623519439728,1860
v2_5ce2f4c8324c,25.0,27.66630428831585,-0.9793103172790039,1861
v2_fc5fd541ef46,25.0,25.060544002232316,-0.9803872571915146,1862
v2_1f3546873e9b,25.0,54.011164958830186,-0.9858061795064934,1863
v2_45a12225cb6e,25.0,24.818041649762726,-0.9871145502447236,1864
v2_782d99d9777c,25.0,24.889197629252667,-0.9898444800517132,1865
v2_6c22274b4f27,25.0,28.703024677163533,-1.0005324901796193,1866
v2_26305a18e930,25.0,29.884253681553584,-1.0037292362871342,1867
v2_a792ba78790f,25.0,22.608022174522713,-1.005118393767951,1868
v2_265c656e4845,25.0,25.199869445813228,-1.006638507412955,1869
v2_f8dbbb9f2ae8,25.0,46.4404506366472,-1.0118121719715898,1870
v2_77733d8173a6,25.0,44.62013976414054,-1.0133143658095003,1871
v2_3b6d93c8d7ea,25.0,26.050605229805743,-1.0149887275053566,1872
v2_bb8ea1a3daac,25.0,47.38906074136244,-1.0158759647253337,1873
v2_2cf613959236,25.0,26.368714608954072,-1.0208811741648356,1874
v2_e10b15fa1bb8,25.0,24.208265892861256,-1.021160598285133,1875
v2_d65ee39b3ad3,25.0,48.65062073644606,-1.0230032535818276,1876
v2_d9cd87fe8bcd,25.0,24.534331316759985,-1.0302267486050027,1877
v2_049b49e246da,25.0,24.804803236635227,-1.0325304087275242,1878
v2_da077beb8bf4,25.0,24.947569111619767,-1.0352954720473773,1879
v2_7b3b388a832b,25.0,24.559033413303005,-1.0374585613410385,1880
v2_448f251015ee,25.0,23.97487615416388,-1.042789736487372,1881
v2_db65e87eefa1,25.0,25.3712809002722,-1.0532423507730133,1882
v2_a1172ca9a277,25.0,23.420323114682695,-1.0534987476750066,1883
v2_734c9186a427,25.0,24.98688121074221,-1.0546815286750313,1884
v2_df56fb1525d8,25.0,28.778740350107725,-1.0547830894953725,1885
v2_984f934de71a,25.0,23.642710757309164,-1.0559743244823476,1886
v2_ceaea22568cd,25.0,24.266082888564114,-1.056710570355853,1887
v2_4f6fc7d807d9,25.0,24.67488488923738,-1.060633089643635,1888
v2_e09be060b7b9,25.0,25.21641164394277,-1.0695318059409247,1889
v2_d478569a52b3,25.0,21.814910316591032,-1.0707335171266017,1890
v2_f577dc347a22,25.0,24.76660075776946,-1.0711063001338812,1891
v2_c434dbaaba4e,25.0,23.647117433707045,-1.0720562354857819,1892
v2_f86af5218a68,25.0,23.947268811337132,-1.0737749349831835,1893
v2_ea9c109402df,25.0,27.628029365848754,-1.0762611975316774,1894
v2_abf250943583,25.0,24.9971075849904,-1.077174235021964,1895
v2_943855b238a6,25.0,25.14739919040798,-1.0791920234914567,1896
v2_137e3c1ec723,25.0,24.72441311709625,-1.0816051980799068,1897
v2_9f93aa79f655,25.0,24.637480594160785,-1.0840147668296085,1898
v2_affd1f1bcf77,25.0,24.01656661380757,-1.0845556273487236,1899
v2_317364d538da,25.0,23.675762611114173,-1.0866086906559649,1900
v2_4229c2b53702,25.0,22.923087602180782,-1.0969002914857007,1901
v2_1dfdbf776e44,25.0,24.847939721514273,-1.1015435498620252,1902
v2_95321418d94c,25.0,23.331728651335638,-1.106829874635956,1903
v2_64443401cb2e,25.0,23.155502538203802,-1.118135559733699,1904
v2_0198b57f986f,25.0,47.1838480259718,-1.1226268597282458,1905
v2_fa090a8b1a15,25.0,22.939569673898532,-1.1297284300669888,1906
v2_0b6a8b1353ec,25.0,24.005114404872078,-1.1301411626051312,1907
v2_5a44c2e7a906,25.0,45.24737411665964,-1.1328118927271618,1908
v2_4bc59d45ffdb,25.0,23.003849040406887,-1.14026389845254,1909
v2_4e520bf72eba,25.0,24.21364639770791,-1.163168979508002,1910
v2_cc3bae50d83a,25.0,26.166034190954438,-1.1654954353031313,1911
v2_77a008243c65,25.0,21.690876234036025,-1.1659545403164113,1912
v2_c79e0869175d,25.0,22.17077685132548,-1.1671183695905416,1913
v2_6f5aa8a84381,25.0,23.397966565012638,-1.1837149151944169,1914
v2_a97a81fe6946,25.0,23.189963726449335,-1.1842097681326242,1915
v2_235a158692c4,25.0,23.509783232334193,-1.189181264235824,1916
v2_fc76bdf00421,25.0,24.402837355738363,-1.1966050838443905,1917
v2_10a18989c90c,25.0,22.002587265338082,-1.199267756978398,1918
v2_e06cb2d776be,25.0,23.894999711363,-1.2008884068618042,1919
v2_341ea2908494,25.0,22.953531014274756,-1.201060469416908,1920
v2_4ca9186cc806,25.0,23.229015157547874,-1.2023186838085618,1921
v2_8f103acffa04,25.0,48.35095193144148,-1.2029555690487421,1922
v2_b4e4a5c0aae2,25.0,22.636646635170155,-1.2030292817280746,1923
v2_ff805a665e6f,25.0,37.12705924544322,-1.2039042527483628,1924
v2_fd6ff08877fa,25.0,22.307988428704977,-1.2067746301239017,1925
v2_ddd7d0770bed,25.0,22.22589603540683,-1.2095596852088195,1926
v2_9c2f33dbfbc8,25.0,22.88545677774409,-1.2098930147699636,1927
v2_d1501ac6ff3d,25.0,23.041190248482554,-1.2254950810363443,1928
v2_4cdd537fc78f,25.0,22.971734927655753,-1.2274964306240514,1929
v2_d967e5a258d6,25.0,21.476148439884295,-1.2290085846565244,1930
v2_4d442cdf4538,25.0,22.446155955784526,-1.237924207277616,1931
v2_bd86805346ef,25.0,21.596780279793826,-1.2418529685689288,1932
v2_a7f3ee2dd4d6,25.0,33.504765137519094,-1.2476806837862076,1933
v2_abd6b56c494d,25.0,22.658518722401844,-1.2569801216966097,1934
v2_a0399aab5c39,25.0,21.82756877858843,-1.2625953048540781,1935
v2_3fcf56669bc8,25.0,21.256689139787532,-1.2643367444889635,1936
v2_487d19746305,25.0,21.718859370427687,-1.2644380763221363,1937
v2_480a0951bd58,25.0,24.616821645730862,-1.2695819825150227,1938
v2_cec9e0b5ae38,25.0,22.47357964421123,-1.2703023609184578,1939
v2_8b6966ea5951,25.0,20.91671321702021,-1.2714213018684748,1940
v2_405dcb36977e,25.0,22.19951063596623,-1.271670963999135,1941
v2_df6b492be340,25.0,22.412338503600857,-1.2797845380848294,1942
v2_258676ce3c97,25.0,22.71801164102026,-1.2803089986966274,1943
v2_d4f667972755,25.0,22.78237302858845,-1.2819925842580213,1944
v2_2c3746e53a13,25.0,22.725892033383126,-1.2852219169203174,1945
v2_dcd49a4aeef2,25.0,21.141216669955107,-1.2931109368994456,1946
v2_4a3fe938b0f5,25.0,21.516885847627474,-1.2942439916210589,1947
v2_b09fcdac9ec7,25.0,53.63081646191657,-1.303732665295156,1948
v2_d30b23ce0651,25.0,21.135648944929994,-1.304848064347154,1949
v2_525255669da7,25.0,22.26111768651191,-1.3088511252126453,1950
v2_11127c79fba3,25.0,21.80725697206988,-1.3097471467821906,1951
v2_d725723c7867,25.0,20.745143103875403,-1.3119627327492984,1952
v2_332d74dce0b0,25.0,46.99154755777737,-1.317870106836259,1953
v2_5596bbe52f00,25.0,22.260764881460144,-1.3184761694238127,1954
v2_b6444e72ad74,25.0,24.13558331162971,-1.3205708386757609,1955
v2_97530ddc425c,25.0,21.95857502583898,-1.331921064362894,1956
v2_3b2ab3cf7208,25.0,37.63951357056513,-1.345981880193222,1957
v2_5fbd6113bfa5,25.0,19.697372166073265,-1.3465289630746735,1958
v2_63aad4917f80,25.0,19.272232481201254,-1.3508490723734567,1959
v2_65670cb344c8,25.0,22.470974435596652,-1.3521284760767243,1960
v2_2ae9224d02d8,25.0,18.852307586176835,-1.3585171191349787,1961
v2_75d76ec57210,25.0,21.896699447023217,-1.3623463161654255,1962
v2_a58aab0c0c33,25.0,19.655371343791863,-1.3644961324919525,1963
v2_dac8819bd8d0,25.0,21.56004708881583,-1.3727742007470294,1964
v2_777b061d2838,25.0,19.88605611250017,-1.3774417237987255,1965
v2_b75383a46e98,25.0,21.41018277871242,-1.3797037869169415,1966
v2_e3903b85f420,25.0,21.621277888726937,-1.3800768763066884,1967
v2_c6847b3422ec,25.0,20.73270039040137,-1.3844735179787202,1968
v2_2a930b349eb4,25.0,21.96675481554633,-1.3851984419564785,1969
v2_ba3df6715459,25.0,21.614324714642734,-1.3877480033428178,1970
v2_4d31b290d55c,25.0,21.54880602607198,-1.3893197662414671,1971
v2_371e3330ab7e,25.0,21.012882574322973,-1.4017784619418547,1972
v2_417e686e8e64,25.0,20.281937254787238,-1.4019929354810357,1973
v2_1685a6d9f6f1,25.0,21.122610007536018,-1.4114757753747122,1974
v2_5d3fcf1e1e7e,25.0,19.06273193257747,-1.437646666333384,1975
v2_91305f8ff7e9,25.0,37.29960046717428,-1.4483697409513052,1976
v2_34c7563e3fa0,25.0,20.414593112422367,-1.4544754650085752,1977
v2_70ef3fe186c7,25.0,18.970277917504713,-1.465293621724494,1978
v2_a5ffed6ac0f5,25.0,18.759929289081118,-1.486447842466391,1979
v2_e06540dbc18b,25.0,19.259036364428866,-1.5420203208135161,1980
v2_3820fc14e168,25.0,19.16363631888685,-1.5462605878070268,1981
v2_3022417fdc0e,25.0,19.083007656961655,-1.5604928011374568,1982
v2_8be7ac8dc0af,25.0,47.698447943832804,-1.5714908178808535,1983
v2_81bc5a6de114,25.0,17.60219374326037,-1.5963301480305825,1984
v2_ee7ca325e713,25.0,44.61288657136576,-1.6371761552470288,1985
v2_12774038a821,25.0,17.40093711475498,-1.6384341110014948,1986
v2_2ec2d0e0c6a4,25.0,33.75980084158455,-1.65038692916767,1987
v2_9c28b8da84c4,25.0,47.022096803717005,-1.6569798858601308,1988
v2_81fcec51afa4,25.0,17.49204686212536,-1.7104427292294084,1989
v2_1981fcc61111,25.0,16.624928549127134,-1.7212919261800854,1990
v2_413409a92977,25.0,50.01180766017851,-1.7253407866223363,1991
v2_3502001d5c93,25.0,23.555117081593416,-1.7443514323713383,1992
v2_f43721da9849,25.0,16.218213879609838,-1.7620727176313427,1993
v2_5e7eda2a4de4,25.0,15.676230878799625,-1.7644979783315398,1994
v2_c7d461031f2f,25.0,15.736785292864507,-1.7759892801307862,1995
v2_9e108d801cb2,25.0,49.11780991730143,-1.821850044184397,1996
v2_15da1a9e4e69,25.0,16.634594056022667,-1.8246995726641595,1997
v2_8d49b4ad8816,25.0,22.92058514128952,-1.9182236762140965,1998
v2_0bc792be5a34,25.0,16.404603612632393,-1.9454654950076478,1999
v2_6159d8a2e06d,25.0,23.266711354064526,-1.9675711672290257,2000
v2_d4617a96face,25.0,34.164797989220496,-2.158257228931645,2001
v2_b3d7be6552e4,25.0,34.27301415447545,-2.4925293725081037,2002
v2_533d727fbbe2,25.0,22.07423079862746,-2.564326539134517,2003
v2_8644505beb82,25.0,21.082771612772696,-2.667401949103131,2004
v2_84d824dd25de,50.0,62.49481205754293,1.0545762271194539,1
v2_cb3eb9afaefa,50.0,61.66479777511946,1.0440978844712339,2
v2_f23276b26ebf,50.0,62.11974588479711,1.0385144748695705,3
v2_826d1f85fd01,50.0,62.175047212340914,1.0316259368902179,4
v2_bff5f7668042,50.0,61.378697181168874,1.0213557168342096,5
v2_7991025b6846,50.0,60.25895979597744,0.9423061417884231,6
v2_f6bf6714dbb8,50.0,60.89203437270015,0.9046945188617155,7
v2_1f937b43f037,50.0,61.26206763762865,0.9022215773243527,8
v2_c904f41e44b3,50.0,59.926462691094954,0.8975428002103767,9
v2_6d7821323078,50.0,59.16156175173785,0.862319754741856,10
v2_256448206fed,50.0,57.68706765602088,0.8442785058299078,11
v2_766cf5f0825b,50.0,60.856069232382744,0.8439637502551687,12
v2_ce87d8e33888,50.0,56.58354277671393,0.8331847482374446,13
v2_53955e56f7aa,50.0,58.80438583266506,0.814713888737626,14
v2_f32581484740,50.0,57.57863839179399,0.8055360759256223,15
v2_913c247b5639,50.0,56.47325035094354,0.7827777410522154,16
v2_9577fb20cc57,50.0,57.66522604329248,0.766388568202168,17
v2_e842162791a1,50.0,58.32361053171351,0.7642332061040316,18
v2_91d82407ae6f,50.0,56.15845703861008,0.7478795140651409,19
v2_40bab9e60a30,50.0,59.167429713741825,0.741490709853899,20
v2_718a877bcc14,50.0,59.22862295376862,0.72543929945508,21
v2_193fa731c9a6,50.0,59.266050502100526,0.7151157111422366,22
v2_a6ed229b9cb8,50.0,55.6149417794292,0.6937597395638306,23
v2_eb3763b3d676,50.0,56.62899169523372,0.6840807209193462,24
v2_558824b15456,50.0,54.53174170733965,0.6809615391282513,25
v2_633dbca37b8e,50.0,56.30655710066766,0.6665356938884548,26
v2_1be8ab27fb62,50.0,55.60428884378857,0.6548496426250558,27
v2_c7bfbc7adb17,50.0,56.15981347484534,0.6389180088851392,28
v2_6c8ed4cd0ece,50.0,56.55646209100839,0.6343778885170437,29
v2_693674772b30,50.0,53.399432682009945,0.6069632298970342,30
v2_8b3132925c6b,50.0,51.524501843455816,0.597816447529607,31
v2_bbc23d20b841,50.0,55.4089003382887,0.5936295989737514,32
v2_00bd740b8066,50.0,53.537051479610064,0.5907330059944398,33
v2_bad356ef7520,50.0,54.00661757481748,0.5630882212633272,34
v2_8508eb41e932,50.0,52.580226626466015,0.5591910715495887,35
v2_ad8d19466690,50.0,56.707457812554026,0.5569385302725687,36
v2_f79766ae2c7f,50.0,53.967261674234635,0.5562772945924648,37
v2_0fc6295c1438,50.0,55.12530597784459,0.5548490059283342,38
v2_469f1c73e92f,50.0,54.78737684226394,0.5527244759038146,39
v2_854918147d33,50.0,54.73452139109679,0.5516771037594763,40
v2_28f611472d07,50.0,52.131246316620874,0.550419270449864,41
v2_8f0fe1f339b6,50.0,53.815278583352,0.5454479722391641,42
v2_5648ef87eaa4,50.0,52.02463055957796,0.5365624055991223,43
v2_0fdef56ce70f,50.0,50.11335566245698,0.5334672955045567,44
v2_35be5a08a2a2,50.0,55.069629774946165,0.532695673153829,45
v2_430954f4a026,50.0,53.55931906202007,0.5310682189653138,46
v2_6fb575705164,50.0,52.74091075880787,0.5226256492090773,47
v2_3d2205278caf,50.0,55.919873755154384,0.4927112360064472,48
v2_201ff78fc334,50.0,52.007324766121926,0.4900852928421786,49
v2_47ea56938bae,50.0,51.627850252325715,0.4849509536733789,50
v2_a5913b65270c,50.0,53.757448265768986,0.4436465495266626,51
v2_c923ef11b96d,50.0,51.34735424973717,0.4357574333293517,52
v2_473f1755c4e0,50.0,50.39443676415212,0.4347798490605692,53
v2_72d267afd83b,50.0,48.29789098671061,0.43315241796878823,54
v2_b40073163d62,50.0,49.33962627709128,0.4303474212053535,55
v2_a3a7a8e4afb9,50.0,53.77253817102665,0.4283353913969945,56
v2_5493a9c953a3,50.0,51.36759101385139,0.4226718470991946,57
v2_51f1d561f167,50.0,48.98115191907536,0.41875293536627733,58
v2_a24035a9adb8,50.0,49.396749514724064,0.40614580692669655,59
v2_a4d1f81a374d,50.0,51.211014309730146,0.40461494276242327,60
v2_9d974f024f10,50.0,49.20053897384388,0.39858463825440005,61
v2_226a1e171f1f,50.0,49.51680600219404,0.39121124762588977,62
v2_9893eb3c829e,50.0,52.423292624846376,0.38578578219728055,63
v2_db26bf795d75,50.0,47.32293530894917,0.3851322016651437,64
v2_31e46a0cd993,50.0,52.8346709139812,0.3825648802537591,65
v2_d9ea1b62ddc0,50.0,49.963280163169955,0.38200268979140883,66
v2_02274749d7f2,50.0,53.18836011566896,0.3818125029634887,67
v2_332ca22e1f9a,50.0,51.29614179305406,0.3789833518171948,68
v2_211b90a45d96,50.0,49.257829186574654,0.378559795424672,69
v2_f7f255a25761,50.0,55.796550292429224,0.375225024059076,70
v2_827dcea3effb,50.0,52.479896773112905,0.36643573399425744,71
v2_38add7b1de91,50.0,48.25229763013739,0.3641226276061049,72
v2_e1e8df5b8a03,50.0,47.94024674497635,0.34671166791107755,73
v2_f6e31d77d1e1,50.0,51.44777251961716,0.3413695472842875,74
v2_f3116a498fa5,50.0,50.26671812729393,0.32750458574044305,75
v2_7233f2cd9c23,50.0,47.15528092738505,0.3252238018898357,76
v2_ebce91f92ac2,50.0,50.1443572384992,0.31809564158010595,77
v2_6a232656d810,50.0,48.81029836589191,0.31551169136184765,78
v2_b5498922de9e,50.0,48.190086147746726,0.31452603447149574,79
v2_9e0e23c715b8,50.0,46.96628975923032,0.30545393121263675,80
v2_9fe8e636c6b8,50.0,47.690437811853585,0.3017447055512177,81
v2_e12062bdbe84,50.0,49.37728584293819,0.2971871967953321,82
v2_1a9b9eb54346,50.0,45.974115282348244,0.2920378647207249,83
v2_3b6a2ff1582e,50.0,51.45338343164119,0.2916033907896667,84
v2_2fd1de7b11c7,50.0,46.464458327765705,0.29078722264366963,85
v2_00be6efa5363,50.0,50.55549777680274,0.28647218680170905,86
v2_f5da212e71f5,50.0,45.30794826311487,0.28490402568028994,87
v2_0ef513ef560e,50.0,46.423676007808275,0.28213813885402583,88
v2_e28ac91474c1,50.0,44.69162209316492,0.27995641939875515,89
v2_b1eff54c5ff6,50.0,50.28899451959997,0.26582699764730755,90
v2_3241f260e9cf,50.0,49.28630299934634,0.26504333441053074,91
v2_2734cfde8466,50.0,44.613760825057426,0.26064216411768104,92
v2_67a656787424,50.0,45.754763370280294,0.2604082930161651,93
v2_f034fc1ed752,50.0,45.00274651522296,0.25465619572472686,94
v2_37978312af2d,50.0,46.67925010687617,0.25432262608847545,95
v2_11adf04df539,50.0,44.66931729436326,0.2506866756478354,96
v2_38ab76bbb6ff,50.0,50.429928994814354,0.2500022088798328,97
v2_11b239d6b65c,50.0,49.084036170798825,0.24962374932276798,98
v2_98cfea1bf2dc,50.0,47.90289073402323,0.24798924417894685,99
v2_9cb0f2a9a742,50.0,44.110544449117526,0.24253242439748401,100
v2_7a623004ef6a,50.0,48.17318224408082,0.24118914983403172,101
v2_203fedd5a391,50.0,50.496211566199044,0.23609079839835712,102
v2_2779b4b457fd,50.0,48.04933866723306,0.22261914075960476,103
v2_86aafd3ccfd0,50.0,46.32650034354761,0.21798057327595632,104
v2_82d62be7e37e,50.0,50.9865423999921,0.2176488166192847,105
v2_3a05de97eccb,50.0,45.89454775765366,0.20742147743959816,106
v2_6c3b976e6828,50.0,45.00652665226314,0.20438327567410752,107
v2_cc3d7e74c8f2,50.0,46.00791975134167,0.20273636948397744,108
v2_161cd37b4850,50.0,47.5904592026872,0.19983086145703233,109
v2_c577772b62ae,50.0,49.640356819687284,0.19399511147004578,110
v2_535d5e8379a0,50.0,45.804621148905056,0.1915684184525679,111
v2_a202e2efcbc7,50.0,49.62971032962986,0.1897773591912184,112
v2_74f8e2b3d38a,50.0,44.39939323689141,0.18657695615818337,113
v2_2d7ce828eeb9,50.0,46.6591465941292,0.1849152631682669,114
v2_cd06a382e2f7,50.0,43.39882937683652,0.18188877508361667,115
v2_c244e4205009,50.0,48.75864383923191,0.1711759630584444,116
v2_964d5d575e14,50.0,49.69979315668505,0.16852688227122403,117
v2_1b85dc266e14,50.0,46.08434855895949,0.16356013172770556,118
v2_6f8e6c297fdc,50.0,45.27472134488637,0.15760266786445865,119
v2_531e892ba7c0,50.0,44.02208086056298,0.15501320113424466,120
v2_9fd9fa456151,50.0,43.52706270754257,0.15389033329214197,121
v2_481078b95c2b,50.0,45.29964323807486,0.15191800729533433,122
v2_99c9297a7838,50.0,43.54768653704813,0.14438881033287654,123
v2_a5a1a5de7773,50.0,49.045571668618,0.14071563165751488,124
v2_bcaea70bbd4c,50.0,42.26370205538281,0.14006692435331036,125
v2_9017fee8d9c9,50.0,44.181290205881,0.13983997599587727,126
v2_e16863f89bd3,50.0,47.87100908199819,0.13976245677431454,127
v2_1199e7a4b414,50.0,44.37313714643156,0.1315831606196074,128
v2_1e9c01d99400,50.0,45.93559431732314,0.13011356207544367,129
v2_52279b4ae8f7,50.0,43.103108475654246,0.1263847963984519,130
v2_f6d588dbcf98,50.0,43.72568667055805,0.1261326773382505,131
v2_2d00a47422c1,50.0,45.11839198744087,0.12487788646173748,132
v2_1a0b1b5d923f,50.0,45.17442774259575,0.12325461672373983,133
v2_dff47b0e16d0,50.0,43.09476393269911,0.12321599088260005,134
v2_88ccd4e5ca43,50.0,45.54277832208358,0.12218212114998828,135
v2_bb19ffea3754,50.0,45.8827672592395,0.12057739603430573,136
v2_c925a8a3a79b,50.0,44.41031504740144,0.11974926153083221,137
v2_2c39cb13fd8e,50.0,43.616921187151235,0.11904919935448888,138
v2_6b218baa63c0,50.0,41.99432709541121,0.11807209254408857,139
v2_484b8be9ed66,50.0,44.59625093102714,0.11742639398548249,140
v2_47af19349f7c,50.0,44.858240416317564,0.11687044913218614,141
v2_c15b8bb3f4dd,50.0,45.998836160193804,0.1163758662643426,142
v2_cc3a2136fa55,50.0,47.16757058629825,0.11237394664173816,143
v2_066a3ebba695,50.0,42.08789217605528,0.10508132300156614,144
v2_7470d36bee2e,50.0,43.9253251138537,0.10369042333239342,145
v2_c860fcaebf05,50.0,44.33274297016275,0.09792651508073913,146
v2_34d3e034db5d,50.0,45.02722197276917,0.09649482590160208,147
v2_2573ba5c4e9d,50.0,43.089058067600064,0.09574857725525376,148
v2_a083e2fa63e4,50.0,42.9512400185755,0.09342100806678832,149
v2_70b40d9a3c00,50.0,43.37442944029858,0.09000798249036013,150
v2_0c62a6715fd5,50.0,44.5079437070913,0.0890237297660148,151
v2_2a1449d8d298,50.0,42.02456537925773,0.08705609875419729,152
v2_6d9b78ac0da3,50.0,47.672154570376634,0.08324485791789993,153
v2_6757ad70d37f,50.0,46.86516662687016,0.08291279193744305,154
v2_a690a9b23dcd,50.0,43.79788699942438,0.08224867955331927,155
v2_b7cbe7e21a06,50.0,44.167424807524256,0.0792559574859899,156
v2_907efeabe246,50.0,43.95207101771592,0.07532694684992425,157
v2_da0e19a55deb,50.0,44.90204673521157,0.07471494870712814,158
v2_4fed31c8844c,50.0,43.24027991774652,0.07436454259462533,159
v2_289c8147b1bd,50.0,46.11059311337391,0.07345662425529564,160
v2_381ce5bbfd28,50.0,42.744361949058586,0.0669634432511872,161
v2_d83c82208bb8,50.0,44.75664554751701,0.06596511883490574,162
v2_fd1f74be3534,50.0,42.81729496503314,0.06457411400508573,163
v2_c11cd53998d0,50.0,46.4250830493244,0.06211216629358951,164
v2_8117ed61ce9c,50.0,42.91285577613688,0.060500874817502215,165
v2_c9ac054f7b41,50.0,45.7196109581469,0.05598982121198404,166
v2_4782393f816b,50.0,42.88773492485514,0.05562737368230142,167
v2_475389ebd4ae,50.0,42.41484911810031,0.053908618492920723,168
v2_f09a0fc411ad,50.0,43.16033755938407,0.051366499376785946,169
v2_6ff673800d60,50.0,40.960122675775196,0.04882465811870862,170
v2_6f234a0e6b66,50.0,42.037318508619414,0.04703748746045111,171
v2_529b154f3d02,50.0,43.124332629591144,0.04703101725476433,172
v2_da2b27e04aaf,50.0,42.494495365668016,0.045518336761168676,173
v2_98a89d8ebe83,50.0,42.356870739256365,0.045320557415027274,174
v2_f1837ee3e6b4,50.0,48.496948052248996,0.04371061321144065,175
v2_f614145bf36f,50.0,42.95105006065066,0.03961388502080343,176
v2_c0cb252824aa,50.0,41.43240088227619,0.03871473413808513,177
v2_337f3c8778bf,50.0,42.50031831880143,0.03721192314759314,178
v2_f38401b02e45,50.0,43.80767705283371,0.03297491357754456,179
v2_0394bd8cce72,50.0,42.57745322154067,0.030972313206505397,180
v2_e4da4d669b41,50.0,41.43399040627929,0.02975332542679876,181
v2_99b25d833e51,50.0,42.16525018644184,0.022966409647870556,182
v2_17310a937bcc,50.0,42.42014571383136,0.02197806450412365,183
v2_83919261ece6,50.0,41.43397635803435,0.020063573517894007,184
v2_28d5f6a09b75,50.0,41.94361743392878,0.02003941827623823,185
v2_b59c5e2ccf5d,50.0,40.9965981709775,0.01920180667706628,186
v2_df57d5065961,50.0,40.590391604932236,0.014966961574972792,187
v2_ec4678d743b5,50.0,46.644488232632185,0.012914860109913384,188
v2_e0c62e26e92e,50.0,41.404089674719984,0.011576152029520337,189
v2_50ca9d7632c4,50.0,41.80945575409326,0.0067828885622089885,190
v2_6a9894961065,50.0,41.037966658943255,0.006036747661517516,191
v2_3d76ae4faac3,50.0,39.60191585881775,0.004861260281448843,192
v2_3a52494d892c,50.0,41.506054799176894,0.0032521721766967104,193
v2_6c9a5fcb59bd,50.0,42.44938114787709,0.0008526381767834934,194
v2_b2028a3799af,50.0,40.478705678023715,0.0008036814281426885,195
v2_af97018481d3,50.0,43.58845873320618,0.0006532435256660918,196
v2_9bd19b1b3be3,50.0,40.19308720505485,0.00018397559788763118,197
v2_af45311fbde2,50.0,40.438620612834725,-0.0018727703895624614,198
v2_7208944fa22a,50.0,43.85925815627528,-0.006989800550840641,199
v2_3f84d7bd9a53,50.0,40.52703410928919,-0.009914687079929152,200
v2_4a2995a047ff,50.0,40.54990129802343,-0.01042286467150877,201
v2_9e54efaaa0fb,50.0,44.031871294490685,-0.01057379320659102,202
v2_b9cca3a64a10,50.0,41.68271034059342,-0.013297951139213282,203
v2_059b7847983b,50.0,41.509570818072774,-0.014857963987521039,204
v2_a80c03edb401,50.0,43.37890966548643,-0.015292668267902876,205
v2_ddf6627521a9,50.0,40.42121507034437,-0.015587554095754186,206
v2_e64cb56feb20,50.0,40.64856862264985,-0.017083980715503877,207
v2_42ed16516321,50.0,39.553099177562814,-0.021836307588634973,208
v2_0624d2201e34,50.0,39.87639259452695,-0.027278370995451162,209
v2_cfe0440fde49,50.0,40.30642062646122,-0.02778182755513825,210
v2_827f967ab73c,50.0,40.12912211672376,-0.03302466573207763,211
v2_f31f0f865526,50.0,46.009922680578704,-0.033238773325801496,212
v2_80e28de4daf5,50.0,40.099211655399344,-0.033745132723462135,213
v2_ff8015ff7fef,50.0,45.73952804476157,-0.036669469965753265,214
v2_18f8093d0cc8,50.0,40.25270441059168,-0.03830854023445429,215
v2_fcd2bffcfeba,50.0,38.783991647799304,-0.03853650267938047,216
v2_6a19ec6224e8,50.0,46.3567435482381,-0.03871271574006396,217
v2_2014f819677a,50.0,39.9135640288138,-0.038887259873370716,218
v2_842dbc08ecaa,50.0,39.8057762215828,-0.03912176151094027,219
v2_73477e52264e,50.0,41.61052865894596,-0.04218045507243673,220
v2_b633f62e73d2,50.0,40.39030555206463,-0.04331684582663886,221
v2_9498278918bd,50.0,45.962696199845304,-0.04386582844888398,222
v2_ae1378190af5,50.0,38.82238085885507,-0.054056976376466004,223
v2_92ca57236c79,50.0,43.753112649657325,-0.05481029921176894,224
v2_4a3d1c44b963,50.0,46.57897359673243,-0.05893387513645276,225
v2_600331f44145,50.0,39.19586584402908,-0.05907423293291547,226
v2_333d416b2c86,50.0,39.438998203940066,-0.06472696122119981,227
v2_9a211b82e189,50.0,39.02898079276993,-0.06498356029674479,228
v2_e843af8700d5,50.0,38.70846982564669,-0.06895254461350842,229
v2_0562e4b3318f,50.0,38.745579729266524,-0.07067330013823891,230
v2_47c222a0ca62,50.0,42.60049777370082,-0.07242839043566196,231
v2_e5fe65be0ffe,50.0,39.246292188454866,-0.07678811354024173,232
v2_695b7f5c1338,50.0,39.62726394499069,-0.0797293864000359,233
v2_3fdce9a6e07a,50.0,38.647380399443605,-0.07999921839658075,234
v2_6faf6905ab75,50.0,38.911791767138844,-0.08132744723641405,235
v2_fd0c0a863930,50.0,40.85111385613278,-0.08204298296913759,236
v2_4bb6177b4a6a,50.0,38.987027412947235,-0.08323288053489275,237
v2_d2f30812d3b4,50.0,47.867435764349004,-0.08540442237555279,238
v2_b29cb4786f7f,50.0,38.317396362656595,-0.08721313781963236,239
v2_ee3dea2ae46a,50.0,38.54345136805312,-0.08751238685391627,240
v2_c0e7f9942424,50.0,38.88332150498778,-0.08973655021282223,241
v2_7eb6a6ffe658,50.0,38.49848636861304,-0.0907377944307548,242
v2_da21e69d3906,50.0,41.839934581151375,-0.09168257536158908,243
v2_a81321ad7101,50.0,37.91063741716373,-0.09340309147824044,244
v2_7e6dcff96ac8,50.0,37.90701953203072,-0.09735873139545248,245
v2_a431721b27f2,50.0,38.20320676897825,-0.09844454593623464,246
v2_b4b512ad1d4f,50.0,38.713964788152154,-0.09966677779423794,247
v2_9559629e1dba,50.0,37.78057923218286,-0.10067367909113134,248
v2_60d63a92e3a3,50.0,38.6391330049064,-0.10071529554472036,249
v2_451a05e421b3,50.0,37.62190579217739,-0.10358044083929574,250
v2_c08f78018f12,50.0,43.9900251329385,-0.10449094671742376,251
v2_343c60a33e78,50.0,41.30619719340557,-0.10505341003588065,252
v2_5833b7799932,50.0,38.15627016495651,-0.10718518853473835,253
v2_91de9519bb50,50.0,38.06509134316948,-0.11800437777850004,254
v2_6650d24826f5,50.0,37.383592179653306,-0.11978053964816926,255
v2_88288eae8f28,50.0,37.756805876155084,-0.12355391135569516,256
v2_0a37333ed42c,50.0,37.54203411672717,-0.12414124654498604,257
v2_68989842f450,50.0,37.865188318112196,-0.12638244789917596,258
v2_6e10dc1b121f,50.0,37.832384749200436,-0.12780502801766858,259
v2_6334e57d4aac,50.0,37.07372783862809,-0.13102514420764155,260
v2_fb8673138d97,50.0,37.63733015194843,-0.1313081183483069,261
v2_0d0469d57c90,50.0,37.41198846139352,-0.1317074542348644,262
v2_7c132d113eb2,50.0,37.19490096434432,-0.13179443865780005,263
v2_4dc73c088f80,50.0,40.32114599623087,-0.13229949167241006,264
v2_971e40206f5d,50.0,53.744148000077615,-0.1334923315373988,265
v2_c1c93182ea44,50.0,47.110221987069444,-0.13642190230632778,266
v2_9d622f4dc9b1,50.0,37.43238124259506,-0.1405177087987992,267
v2_a673fd6fac7c,50.0,37.01515121181229,-0.14311931863279082,268
v2_fc8f35d7a5da,50.0,38.05483169019075,-0.14326260083160136,269
v2_0f49151d1825,50.0,37.33216775139557,-0.14327411558959913,270
v2_ddab09d8c039,50.0,42.022175364281296,-0.14884537997401015,271
v2_9cadb9846f11,50.0,38.55279720698101,-0.1491438374295555,272
v2_55c62dbd59f0,50.0,42.86842228139862,-0.15125543674327702,273
v2_e0eff3af6c5b,50.0,37.13290904692974,-0.15481137514885202,274
v2_5483707d9d83,50.0,40.92129816288082,-0.15611216545501794,275
v2_4d2bb7985668,50.0,36.69693240416271,-0.15702838723212764,276
v2_8168991704bf,50.0,36.95759460179386,-0.15861986928422045,277
v2_907f85629b62,50.0,36.90424337505388,-0.1597905782776623,278
v2_1a32f2850c4f,50.0,36.76851464060274,-0.16087414726412952,279
v2_a0daf0f1e369,50.0,36.894786954222084,-0.16426352404775368,280
v2_e3da53543437,50.0,36.624494221097265,-0.16704071992813763,281
v2_19ab4e6a9ec8,50.0,36.84775476764207,-0.16750502410394397,282
v2_dfc7f8accc23,50.0,37.61812710382091,-0.16930301012035276,283
v2_677930d2df28,50.0,36.83689865537738,-0.17007132441445005,284
v2_7e84d7f6666f,50.0,36.45045824378494,-0.1713279634748046,285
v2_9eb09cb3cf97,50.0,36.441805058528296,-0.1744490342211531,286
v2_6c320a622c72,50.0,36.5158932411741,-0.17553574473894518,287
v2_925d743a95cd,50.0,42.96609544643721,-0.17648695837437334,288
v2_a54c4f53fb9a,50.0,47.52440239472101,-0.18028697715401787,289
v2_aa0fab2a9005,50.0,36.1996246147345,-0.1811113076290196,290
v2_b9907b76a6a5,50.0,36.56242898598325,-0.18132894472651984,291
v2_a8f4c18cc743,50.0,38.50164084641553,-0.18165012781421108,292
v2_f302bc7fd667,50.0,49.915906747138386,-0.18168843813162372,293
v2_25324839a281,50.0,37.88376442682127,-0.1819519329876922,294
v2_3cd4fb1213a5,50.0,38.00029070751358,-0.1822613958103707,295
v2_c645bd6bef85,50.0,36.32509354295132,-0.18445786693871735,296
v2_6dec78f3ac7d,50.0,36.54697550095682,-0.18475139333811263,297
v2_aa9e535c1375,50.0,43.401638800726346,-0.18530282455071845,298
v2_456c9d6ffaab,50.0,36.194027790404306,-0.18540200753385605,299
v2_cd3585034d22,50.0,37.07117249022098,-0.18959745167906306,300
v2_f355f1a4a0f5,50.0,41.06053647199806,-0.1898971209463074,301
v2_582860b9f46f,50.0,36.02539476373441,-0.1926175198194784,302
v2_6ee0401c41f4,50.0,36.19563275489463,-0.19303064238702827,303
v2_57238f47d0c2,50.0,36.24195688309214,-0.1952643936991807,304
v2_af1ea6654a32,50.0,36.536973536630576,-0.19581762322551466,305
v2_60b33c397532,50.0,36.265949531242946,-0.19727296299292707,306
v2_94957ee43a51,50.0,42.742934456389676,-0.19743066544472665,307
v2_e579aab40553,50.0,36.01088470799792,-0.19797567026617724,308
v2_d796948ff1e9,50.0,36.17987555120358,-0.20087413591247927,309
v2_d53fc6f3a8a9,50.0,35.79758669500022,-0.20238290365050293,310
v2_60d596b987ed,50.0,42.19337422782725,-0.2031348773793722,311
v2_b1f10aae432a,50.0,35.88017801726401,-0.20508712128643491,312
v2_2b2f49faaab7,50.0,35.77982120141498,-0.20858599467092187,313
v2_17e505e4dbad,50.0,39.760973391468625,-0.20888804114224513,314
v2_ce4fa340b8f8,50.0,35.924279827350624,-0.2099337297506585,315
v2_b0d5de1a4422,50.0,35.664461307729596,-0.21096952922974044,316
v2_fa5fcee4e205,50.0,38.32341163480627,-0.21270294020164204,317
v2_217dfa4ed7bf,50.0,36.992880225010545,-0.21354398574990174,318
v2_1c845eea93ad,50.0,35.62938061169617,-0.21416972411885382,319
v2_f53a024083e1,50.0,36.397742519668995,-0.2152000715416298,320
v2_3a9a24566ad8,50.0,43.95588361883283,-0.21579168866527,321
v2_fa7c5a544f83,50.0,36.42507019706234,-0.21954553923161413,322
v2_2aa213873c31,50.0,35.57511019402871,-0.22014352212453758,323
v2_6fe544dba220,50.0,44.08409668568066,-0.22242109096320206,324
v2_4be01f47791a,50.0,45.792381668207966,-0.22345842152831974,325
v2_a3003ae2332b,50.0,35.54064581652822,-0.22362297256613672,326
v2_bbaf8260d2a7,50.0,35.92828741342649,-0.22422272952316735,327
v2_cc9f0f30c55b,50.0,40.08017135605868,-0.22475410402040552,328
v2_58792a425709,50.0,37.76585313094266,-0.22524335186667077,329
v2_3b8c064ad992,50.0,54.82181521892192,-0.23119281226432165,330
v2_af84d5b32b9d,50.0,36.15218950493708,-0.2313569628767782,331
v2_03a8d6d0e095,50.0,37.48177721705372,-0.23250505860325266,332
v2_5f8a91715834,50.0,35.38373485261809,-0.23360308311930655,333
v2_4131a2de7fb1,50.0,35.92065266818837,-0.23614211558366716,334
v2_8d8f0025a64f,50.0,35.27522478991636,-0.23732225934039253,335
v2_df90d57e78f6,50.0,35.36719550407459,-0.23974172482794032,336
v2_63bf4929ef1a,50.0,35.39920742503863,-0.24044023904846945,337
v2_58a108e93dd0,50.0,35.02955012268075,-0.24919566311454933,338
v2_0bd94cc8a7ca,50.0,34.96056431872587,-0.2501717681097704,339
v2_b2b12f797562,50.0,39.746875549112325,-0.2509393878696118,340
v2_4e4571e3348d,50.0,52.65381353643323,-0.2515693397098291,341
v2_c30ddb21e7dd,50.0,34.92164775157843,-0.25186869914476073,342
v2_418fd03b0476,50.0,34.84267764685748,-0.25388915426987424,343
v2_a243116bfc3d,50.0,34.92739188976978,-0.25460768759959773,344
v2_f8057d5a3fb8,50.0,34.8767382520523,-0.2601301239338074,345
v2_0f0587b9c78e,50.0,35.092351397622636,-0.2620319590618223,346
v2_0df0a4111041,50.0,34.90058037055425,-0.2632661338511584,347
v2_75b069521377,50.0,38.707783096822055,-0.26399243835383235,348
v2_e9c61bf27dbb,50.0,38.22984960123293,-0.26463885607085746,349
v2_a249b5f773dd,50.0,36.30558320856054,-0.26587002293108686,350
v2_6483f07e2243,50.0,39.97230755683408,-0.26651254297882065,351
v2_e51e01895705,50.0,34.75034770992974,-0.2672600142262809,352
v2_df1740a6efed,50.0,34.6978631732582,-0.2672899510164788,353
v2_28c2bd4bdee1,50.0,35.10083316631521,-0.2675642682695214,354
v2_327e22814d38,50.0,35.13302961678082,-0.26904918216309515,355
v2_6e94779024fd,50.0,45.08138705362058,-0.2711208857206149,356
v2_101d4808040d,50.0,34.533140140812186,-0.27147248278298264,357
v2_f22f9b19755c,50.0,34.516482692726,-0.27382676555824137,358
v2_a06de341e854,50.0,34.61054673118661,-0.2745825023415325,359
v2_e050237f27eb,50.0,47.78113439561278,-0.2772740875921489,360
v2_1f7b17b07124,50.0,34.45259269205538,-0.2775767725817735,361
v2_5cb90bb0e39b,50.0,34.87080916537462,-0.27802053267688454,362
v2_e384aff48f9a,50.0,34.38453162449217,-0.28271979217892884,363
v2_f54062d9efaa,50.0,34.87979513245467,-0.2855963777560886,364
v2_6bf8ac820c84,50.0,35.20927311174118,-0.2860079133390929,365
v2_feae32c1b420,50.0,35.69274813569305,-0.2865630100516148,366
v2_8cbced210662,50.0,34.50969272383108,-0.28668258484500786,367
v2_704abeaa0758,50.0,42.78533750372783,-0.28698688151659457,368
v2_ba04d736582e,50.0,47.40714000908217,-0.2872288693401668,369
v2_509e0c61beb4,50.0,34.461094216173706,-0.28856257538363916,370
v2_b2247eb217f3,50.0,34.692636886199494,-0.29100089848864297,371
v2_460410de1f7e,50.0,35.14956235335189,-0.29484830587389776,372
v2_e44eb4dab0fc,50.0,34.20190660887763,-0.2962704773134366,373
v2_fa803b7e477f,50.0,32.46558079111757,-0.2967393464704271,374
v2_cf120731cd2d,50.0,34.14319097484132,-0.29693240250471575,375
v2_8c16a16cc908,50.0,50.79891153676006,-0.2973912075506959,376
v2_842154fdfe21,50.0,36.289703557633146,-0.29780243294811903,377
v2_327f3dd579eb,50.0,34.65148136549216,-0.2983994961091163,378
v2_3a805d3bb5a7,50.0,34.0800517006914,-0.2987009641432463,379
v2_03a9981c49b2,50.0,45.58066946397566,-0.299236374129884,380
v2_4adf29ba3120,50.0,46.17678485556088,-0.3004840179924102,381
v2_7abd164b4cb2,50.0,34.34036132752664,-0.3019757166244732,382
v2_2a1ff752ead3,50.0,33.982958903228045,-0.30303931693047215,383
v2_7400882b3476,50.0,53.63477438746878,-0.30541525634750233,384
v2_fef9aca8c8bc,50.0,34.153139324578234,-0.3058695966582352,385
v2_5b387cc1bd96,50.0,35.075209993938245,-0.3066567318521818,386
v2_3f3751e3cc3f,50.0,39.952851662329,-0.3081211403398516,387
v2_9988ac7c0032,50.0,33.860840008163564,-0.3086385756496801,388
v2_e0725ee92813,50.0,33.94013741607043,-0.3089375430666239,389
v2_45d62e762250,50.0,33.98278318447686,-0.309448720474399,390
v2_f5845ac92b6c,50.0,34.050242797685094,-0.31096873671297853,391
v2_c097c45d7644,50.0,33.80292751764538,-0.31097909014291414,392
v2_55c5bca90e3d,50.0,33.899009680492895,-0.312110227796107,393
v2_3af15082a2bf,50.0,34.14163382247794,-0.3123111002234946,394
v2_64b02cad0fb3,50.0,33.852608539048965,-0.3132724043195374,395
v2_a5995fdaf1a9,50.0,33.80179279890468,-0.3147912350181441,396
v2_aa5ab9892fe4,50.0,40.32590377015285,-0.3179056622492329,397
v2_6b1ea8b44ba8,50.0,35.37550680942752,-0.3185278855075895,398
v2_c1333a136b91,50.0,33.65955408084901,-0.32048216578516264,399
v2_a22a203b0ab9,50.0,34.148860967793944,-0.3215082868975676,400
v2_06a0176c0655,50.0,33.69394595078505,-0.3232176915707594,401
v2_646a87c4b847,50.0,32.36640430311486,-0.3233361151327392,402
v2_1df6d0fc57b2,50.0,33.71514383678966,-0.32482683513942767,403
v2_76283a8c21b5,50.0,33.955553110558924,-0.3270706206708338,404
v2_27a3db592de5,50.0,33.565606445281354,-0.3282199262566108,405
v2_dcbfd356e7ee,50.0,34.78787637050449,-0.3298757140905053,406
v2_89e6492e479f,50.0,34.010883110715376,-0.33112288785047017,407
v2_4bce24d994ca,50.0,34.36014493547846,-0.3317933207029009,408
v2_3a0bfaadd393,50.0,34.02604949352874,-0.33227971429812886,409
v2_328c0b7e79e9,50.0,33.431263777997664,-0.33230210654151904,410
v2_1375f002ce05,50.0,33.43699942528076,-0.33342994593500475,411
v2_72cb76ad8d7f,50.0,33.46826464489604,-0.3334691206265701,412
v2_d2d707abfb6e,50.0,34.56759860002142,-0.3337013716117534,413
v2_f1edfe942d8a,50.0,33.401036031436135,-0.33389550880778085,414
v2_fc577ec088f4,50.0,33.443815269785645,-0.3343536245989247,415
v2_ef0e6b36d41f,50.0,33.401312970071366,-0.33519977266706835,416
v2_589b2d5eaf4e,50.0,34.409860140649705,-0.33704460649386814,417
v2_4d3c047833dd,50.0,33.4168268932896,-0.3395650046213454,418
v2_11799501cf0c,50.0,33.292142084690106,-0.34002415968767963,419
v2_053898cfa53f,50.0,35.262067575756895,-0.34102532052089973,420
v2_bb8f840a2646,50.0,33.33891607368266,-0.34128944793875693,421
v2_511efafe2e78,50.0,33.34860889190932,-0.34172785839833697,422
v2_408c957c8dd7,50.0,33.30859501556964,-0.34181344054377405,423
v2_185877cb128e,50.0,34.983853661914736,-0.3428946274614484,424
v2_5a2051fa1963,50.0,33.26730875756305,-0.3435753310936782,425
v2_ea3d7c9f4c5d,50.0,34.421339838089445,-0.3441462618830773,426
v2_272bca4da67a,50.0,33.33953820934746,-0.34661664100849876,427
v2_f4ff0bf5812d,50.0,35.97849533264055,-0.34665686508180915,428
v2_3f7aec1a6148,50.0,33.81770742294504,-0.3502010358566414,429
v2_c31a181df483,50.0,33.14723855303734,-0.35215998562397477,430
v2_776773df89e5,50.0,33.06541905471093,-0.3544278794656517,431
v2_b2f94609602c,50.0,33.871682739642665,-0.35455975238521464,432
v2_fc1b9e55395d,50.0,34.776650223896866,-0.3549150586837211,433
v2_e1502e8bbb87,50.0,33.08842381589545,-0.35491835522832904,434
v2_5982d0a6db2d,50.0,33.15767322794096,-0.3550218493520534,435
v2_6fb2b2799b94,50.0,33.12120570831552,-0.3556664583921494,436
v2_8455a276124d,50.0,42.94967277358398,-0.3556775277345112,437
v2_1a0bba15f724,50.0,33.023418539842865,-0.3564978493360229,438
v2_d34db24fccf9,50.0,33.00125790408299,-0.356712845213381,439
v2_bab50aba4d56,50.0,33.044205230469515,-0.3574335429203499,440
v2_30d3a4bb63e0,50.0,33.02272390022882,-0.35880051462777374,441
v2_b3e448776339,50.0,33.41075269837557,-0.35938103624009,442
v2_34e432368fc2,50.0,35.87018471504319,-0.35988616620662306,443
v2_3b461dca58f8,50.0,38.472967192698476,-0.36021716647376234,444
v2_8dcd045f52a2,50.0,32.98551220805292,-0.36033875037123053,445
v2_d677c528ec73,50.0,32.953237587073204,-0.3604725514952518,446
v2_86ea879d7a16,50.0,32.96057628127283,-0.36070034780306504,447
v2_cfe496e3b518,50.0,33.051705108090516,-0.36095274637399566,448
v2_2a0da949925a,50.0,44.495836660951895,-0.36121278605118246,449
v2_53d394fe5598,50.0,32.9429291397632,-0.3613523088667394,450
v2_50c124c6283a,50.0,33.10579020059755,-0.36303153441303415,451
v2_276df74ff9f9,50.0,32.952547041119985,-0.3632431484758145,452
v2_d3c916c22a1b,50.0,32.30208681976328,-0.3634812562712444,453
v2_add7095c7967,50.0,32.88520953213091,-0.36646876815585205,454
v2_790c81dfd3a6,50.0,32.85961337544696,-0.3665565613631001,455
v2_2b250727ed4b,50.0,33.014071168896514,-0.36679800311090194,456
v2_11a92fa4b527,50.0,32.83492386370044,-0.36730220691712123,457
v2_46e5df9d9cc4,50.0,32.880516937588865,-0.36878325106487164,458
v2_ee568549bb3e,50.0,32.81055997897507,-0.36967061846135163,459
v2_f2906a7d0557,50.0,32.86787641936588,-0.36990124912013655,460
v2_7267ecb3791a,50.0,32.944680384532916,-0.37038351163892447,461
v2_e9424543e12a,50.0,32.87223325789821,-0.37046113343355014,462
v2_1b3788200cce,50.0,38.930060357094824,-0.37113767266386954,463
v2_3449baa0985c,50.0,32.76888018827788,-0.371510564213704,464
v2_15151956d049,50.0,32.948367978602356,-0.3715772731004412,465
v2_f5bbfad7b42a,50.0,32.76616642080214,-0.371714851976205,466
v2_bdf5ecbe4ce9,50.0,32.7712945194598,-0.3724599777377975,467
v2_94b321eab37a,50.0,32.73897313450861,-0.3726274038142847,468
v2_d6d963a7da27,50.0,32.73515002236062,-0.37307953548312334,469
v2_0eccf53b9636,50.0,38.19882483998962,-0.37385758993181195,470
v2_4642c0e6aee4,50.0,35.338550789896345,-0.37482658953207526,471
v2_79ca638d3a5a,50.0,33.17456320107021,-0.3752393854008096,472
v2_0e988230dec9,50.0,32.89928050968947,-0.3752436914962294,473
v2_d4c11264bb67,50.0,39.25349546386994,-0.37681926696987045,474
v2_1db83ce07c66,50.0,32.65967746076588,-0.3772866195685083,475
v2_30165da6b265,50.0,35.9414128944532,-0.3781873161571738,476
v2_fc0f604b6305,50.0,32.76775159625583,-0.37896439656680236,477
v2_8c34f90dfd00,50.0,32.76509788913908,-0.37945970303038923,478
v2_12bd77def88c,50.0,32.653999639787635,-0.3795000239087649,479
v2_f8a7b8bc6842,50.0,32.63675916208867,-0.37976401908288526,480
v2_98e511eca96b,50.0,32.69687340218608,-0.3798134391839838,481
v2_b785a13801f3,50.0,32.59234353275734,-0.380169343191743,482
v2_daf836d61844,50.0,32.68907649547497,-0.3802266957603271,483
v2_bb9086199795,50.0,32.62015406019239,-0.3815114569202942,484
v2_89dc2c5a99c8,50.0,33.67631028039526,-0.3817508137776109,485
v2_47a30def4cf5,50.0,32.590269007413724,-0.38178244060549726,486
v2_a36e4bdb6fa4,50.0,32.63714329566129,-0.3818107974012408,487
v2_56ec45f1459f,50.0,32.61618351272506,-0.3818174206818581,488
v2_a5cb932ea8b1,50.0,32.84016336832175,-0.38296246731701356,489
v2_c3720babea72,50.0,46.385844287276015,-0.3832647791354402,490
v2_3cb1c3f5ccfc,50.0,32.72765397901676,-0.3846830847816447,491
v2_51402f736f13,50.0,32.52099226421051,-0.385460215413878,492
v2_6bc9b8c86b99,50.0,32.53435529988493,-0.38547714639829245,493
v2_bb6b08e6ea0f,50.0,32.71048669901602,-0.38605589558055087,494
v2_ef2925819b4d,50.0,32.885958808196165,-0.3865405632818826,495
v2_42496b3f14bd,50.0,32.51722899962398,-0.38683799535457997,496
v2_5b61d4d3eff1,50.0,32.563158768778834,-0.3869133673873515,497
v2_4bc00b035e1e,50.0,46.92345193834287,-0.3875625348208658,498
v2_e214bf1bf12d,50.0,32.617480827761185,-0.3880754432361142,499
v2_fffeca2cfd38,50.0,32.56436069935659,-0.3881866084914174,500
v2_0f82d11b4f04,50.0,32.50490274798665,-0.38821106797931204,501
v2_72cac07abe7d,50.0,32.47311475532252,-0.38821667476860355,502
v2_297b94b8da3c,50.0,33.23013277156283,-0.38834829663031645,503
v2_80df6418ae12,50.0,32.510168516219665,-0.3885341745735724,504
v2_0ab983a0baac,50.0,32.462542106410886,-0.3887900218065976,505
v2_f45e889b4001,50.0,36.54547772113334,-0.38934434020799547,506
v2_932787dd6b09,50.0,32.51602094682956,-0.3894651536003275,507
v2_2c3247ef3569,50.0,32.460798700764926,-0.3895400804196276,508
v2_c6b0e249236b,50.0,33.776692273920204,-0.3896211411709265,509
v2_55655aab582f,50.0,37.34259963959073,-0.39008089426174575,510
v2_bf3a99c1076c,50.0,32.444155509650464,-0.39022175149268,511
v2_2ac1548676d7,50.0,32.78165309951008,-0.3902250503453253,512
v2_d94ba6fccd6d,50.0,33.2318742877121,-0.3903111824122103,513
v2_53db18d39412,50.0,32.45171417905595,-0.39041768976951463,514
v2_d2469c44b351,50.0,32.4460249233114,-0.3904532378368435,515
v2_bffb4ca385d8,50.0,32.464661499509404,-0.39086646641356726,516
v2_48409044cc42,50.0,32.43921279340943,-0.3910163534243525,517
v2_0df262aa8b5e,50.0,32.48737236157823,-0.3912373970581644,518
v2_f1b5ca3b5ed3,50.0,32.42228903492389,-0.39159287413881483,519
v2_eea7431d9b1f,50.0,32.412098877140494,-0.39164613205174614,520
v2_74b707e86c3a,50.0,32.478355209497586,-0.39171065559205953,521
v2_dfc463d44674,50.0,32.49130127005817,-0.3918440757170911,522
v2_b80195d636fb,50.0,32.412858420015866,-0.39190568260868375,523
v2_369d362fc413,50.0,32.41724836231379,-0.3919598430434048,524
v2_d67ba61089fc,50.0,32.251982267624285,-0.3920611800981231,525
v2_a5044110f57c,50.0,32.41754843016353,-0.3921889383311399,526
v2_64f7ea606960,50.0,32.461096233671235,-0.3925975688859751,527
v2_d0d7fa84349a,50.0,36.5346603403998,-0.39300611950530406,528
v2_e7081350f820,50.0,32.39154090749772,-0.3931761558643707,529
v2_29d900b0e143,50.0,32.386283140216385,-0.3932637220464237,530
v2_16fdf6c7e629,50.0,32.4031970900196,-0.393385852293048,531
v2_9be4c6fad3e6,50.0,32.38346780887381,-0.3934035989624496,532
v2_305cbdde58df,50.0,32.49651807920524,-0.3935909219027325,533
v2_4e6416610157,50.0,32.37450304528062,-0.3939435325718028,534
v2_88d837e52cf8,50.0,32.426137171982624,-0.39405891528361003,535
v2_33a25cb54448,50.0,32.366701046379056,-0.3944668897685064,536
v2_65a8e75c99a1,50.0,32.364650400966745,-0.39466708510226933,537
v2_06982e5b5e3d,50.0,32.440043903256516,-0.3946683504937214,538
v2_617a50e8ab16,50.0,32.36756578831766,-0.39495617012619455,539
v2_793d60d409d7,50.0,32.36072989696761,-0.39501953545406554,540
v2_670fd35b87e9,50.0,32.36194135060272,-0.3951627697885254,541
v2_52f064444943,50.0,32.57603918471297,-0.396040852460124,542
v2_ac8b3549fc28,50.0,32.247815126050405,-0.39636337036230795,543
v2_0ce73c6b6aa2,50.0,32.50669086877962,-0.3965053495238191,544
v2_6a455b89deec,50.0,32.33536479172487,-0.3965641347075284,545
v2_76c2fa721e15,50.0,32.37893620890627,-0.3966098505557394,546
v2_6b1792ebfbe3,50.0,32.326512751286785,-0.3969274539159455,547
v2_ffbce41b169e,50.0,32.487954907251655,-0.39716785946643984,548
v2_1f2a1b31722c,50.0,32.32818594654171,-0.3972302007042776,549
v2_b49f7fc68b5a,50.0,32.319122730283176,-0.397270434393322,550
v2_23795f97045b,50.0,37.768516262624125,-0.39729635069311,551
v2_1f8d6150fd22,50.0,32.34842776088744,-0.3973191202222859,552
v2_5ab59007acf8,50.0,49.334158614045904,-0.39740298361936777,553
v2_d532628ebb58,50.0,32.31057531180829,-0.39740797814578155,554
v2_006255cd4d17,50.0,32.312574473997394,-0.3977779867753677,555
v2_421182944077,50.0,32.24781512605041,-0.3978826124885222,556
v2_827af743c3f7,50.0,32.470175164106784,-0.3979431177316579,557
v2_f149e31eee8a,50.0,32.30738524021915,-0.39810752774416525,558
v2_c3fde1e391c1,50.0,32.30777284812249,-0.39811516992666895,559
v2_b539826b43eb,50.0,38.48058243043843,-0.39824501490609165,560
v2_9f163359f356,50.0,32.317996545457426,-0.39831840909653593,561
v2_6673356ba737,50.0,32.489282881659655,-0.3984731968173927,562
v2_a928e07832b0,50.0,32.308155296699056,-0.3985104322272326,563
v2_207af0272c55,50.0,32.463351826380375,-0.39853718351987677,564
v2_5b1f6e5c6ee3,50.0,32.300345915665005,-0.39854327367508535,565
v2_b60636e0e659,50.0,32.30403432743912,-0.3986091539978558,566
v2_cc86e981f501,50.0,32.29802170640474,-0.39869597595854334,567
v2_56266b6d1e9e,50.0,32.34491759765224,-0.39872015945058426,568
v2_c8a9cfc23efd,50.0,45.73597742429281,-0.39874470095298964,569
v2_88ea53c0d24d,50.0,32.29017114381808,-0.3989129261742592,570
v2_1d8ae71e9511,50.0,32.24781021272568,-0.3989952847385201,571
v2_eb84c4a34ac4,50.0,32.29524650950287,-0.3990727468327089,572
v2_eb3a6aee95f4,50.0,32.2901945735176,-0.3991904646424267,573
v2_d21c09cb4062,50.0,32.49458396095484,-0.39928010834934646,574
v2_3d099050aa1d,50.0,32.28752774430042,-0.3993853783554089,575
v2_21d2e7144281,50.0,32.292910942874464,-0.39952713054553346,576
v2_515a864ae8b1,50.0,32.28069238846855,-0.3997830877025015,577
v2_9e11f74bdacb,50.0,32.27807504080984,-0.3999701264026898,578
v2_f4985d4fcbcd,50.0,32.34754832338554,-0.3999903542313774,579
v2_9170d87243aa,50.0,32.29631743845062,-0.40023411677573684,580
v2_ee3d982985a2,50.0,32.299255924565095,-0.4002440297667462,581
v2_445bd9aeb2e3,50.0,32.27272113996841,-0.4002448980023994,582
v2_80ac9c16fd08,50.0,32.52312845377427,-0.40026507804348466,583
v2_766205a6d95b,50.0,32.2720520690636,-0.4002878968032908,584
v2_ac87310fe657,50.0,32.312341659923014,-0.4005227444200896,585
v2_b0b56c4bb5f8,50.0,32.28539066978362,-0.4005242459890983,586
v2_676b4ee4554b,50.0,32.24781512605041,-0.4005411401235479,587
v2_9c8c9d876a08,50.0,32.26720862367025,-0.400584105752114,588
v2_ef8fc041c4f7,50.0,32.26630249728233,-0.4006370693431922,589
v2_766087ca8ea4,50.0,32.31080100078678,-0.4007086546556762,590
v2_9e47b5f45fd2,50.0,32.26402597756939,-0.40075688213116845,591
v2_907f0ec53d89,50.0,32.2639931978606,-0.40080113080716906,592
v2_549b46a9edb9,50.0,32.28220585948924,-0.4008874783420362,593
v2_65bc5f52e1ce,50.0,32.25881604844416,-0.4010873041051415,594
v2_970767b8815d,50.0,32.25765901885092,-0.40115740657474763,595
v2_514e3e419007,50.0,32.577908759009766,-0.4011943203055903,596
v2_81ea825f9628,50.0,32.25643908749589,-0.401235853381011,597
v2_91adfcf66e18,50.0,32.25532504471214,-0.40125997371762967,598
v2_f8f96c5d3c1c,50.0,32.25609947491688,-0.4012614304617861,599
v2_c2786762dfed,50.0,32.255443064056635,-0.4013026953790302,600
v2_d2f72e46315e,50.0,32.254779070547855,-0.40133584824408697,601
v2_ca4c69edbc5e,50.0,32.24781512605041,-0.4013551954972314,602
v2_f2769b10fa5e,50.0,32.25395882880725,-0.40136175515338746,603
v2_143d5a10ef57,50.0,32.25336910657603,-0.4014096260461031,604
v2_c9044cec0c9c,50.0,32.25305111448717,-0.401435304536478,605
v2_11ea4762eafa,50.0,32.252855040801435,-0.40144639338030697,606
v2_e67eea121ba7,50.0,32.311591633295365,-0.40147272392724354,607
v2_928eb6f36189,50.0,32.25198302863152,-0.401499000664681,608
v2_c7df84b1a689,50.0,32.25192863469697,-0.40150519588026246,609
v2_07a02e88f8de,50.0,32.24781512604994,-0.4015394602018203,610
v2_88270735f995,50.0,32.24781512605041,-0.40154183404613875,611
v2_56a2bed2064d,50.0,32.251238220844975,-0.4015445650372138,612
v2_3461ad48789c,50.0,32.250802427608555,-0.4015467736227931,613
v2_e97debc202bb,50.0,32.34619299700287,-0.4015483019113715,614
v2_02c1ba56e7ce,50.0,32.25084248796622,-0.40156804019358816,615
v2_76373df9ccc1,50.0,32.250614006165904,-0.40158222938458543,616
v2_b77c406e683c,50.0,32.25060866018371,-0.4015836658860952,617
v2_a46d0d7cdbd1,50.0,32.24781512605041,-0.4016144598848497,618
v2_91a860298ad2,50.0,32.24987554179738,-0.401627647800745,619
v2_31f68ae00a81,50.0,32.2496854157965,-0.40163796928069573,620
v2_11bcec4d1ce9,50.0,32.24915284964444,-0.4016702746738767,621
v2_3077754568db,50.0,32.248545303571085,-0.40170726614173713,622
v2_43989cb827d1,50.0,32.24840881493128,-0.40171499736240346,623
v2_bb59dd2a157e,50.0,32.248289529483905,-0.40172216602038,624
v2_26d107654cd5,50.0,32.248238667613705,-0.4017253478420777,625
v2_018dae8095dc,50.0,32.43016928730765,-0.4017287506262841,626
v2_415981fdcc6b,50.0,32.24781512605041,-0.4017364878672405,627
v2_e774daaf879d,50.0,32.24781512605041,-0.4017401698777787,628
v2_7df5dcfc7ce1,50.0,32.24799155959551,-0.4017402940802395,629
v2_c29ba8d1eb43,50.0,32.24781512605033,-0.4017411971756566,630
v2_6255a828f865,50.0,32.24781512605041,-0.4017423894567127,631
v2_844e90000464,50.0,32.24781512605041,-0.40174542656001755,632
v2_75ef74ddca45,50.0,32.24781512605041,-0.40174770254686987,633
v2_dbd98eba7e8e,50.0,32.24781512605041,-0.40174793623054494,634
v2_0a4c70962f35,50.0,32.247849097300545,-0.40174880033372684,635
v2_4cd44c61efd9,50.0,32.24783490341536,-0.4017496536462195,636
v2_404bf85845ba,50.0,32.247832683776224,-0.40174978677519224,637
v2_bf335a8207cf,50.0,32.24783174051614,-0.4017498441865177,638
v2_f0877d079fcc,50.0,32.24782901411945,-0.40175001106801744,639
v2_d7c3b79c5eb7,50.0,32.24782690845791,-0.40175013299110063,640
v2_c24a0756b045,50.0,32.24782478021399,-0.4017502628556864,641
v2_2c7ee6953e5c,50.0,32.24781512605041,-0.4017504424709921,642
v2_58c84434146e,50.0,32.24782062660497,-0.40175051417544694,643
v2_e79f58acbe31,50.0,32.247820288901934,-0.4017505325346109,644
v2_3c03b46eec19,50.0,32.24781512605041,-0.4017505521943461,645
v2_3a631affa16a,50.0,32.24781923437907,-0.40175059582589245,646
v2_997cd6506199,50.0,32.247816875520485,-0.4017507380863483,647
v2_fbf6d1976e48,50.0,32.24781654751473,-0.401750757543633,648
v2_2cdd775d4870,50.0,32.24781609434341,-0.4017507847225774,649
v2_441d20e5b614,50.0,32.247816037902744,-0.4017507881164244,650
v2_b9780061d657,50.0,32.24781512605041,-0.40175079613541786,651
v2_00c783083787,50.0,32.24781512603144,-0.40175081521462275,652
v2_f11f74374815,50.0,32.24781558391383,-0.40175081541431545,653
v2_7ed067f1db3a,50.0,32.24781556735701,-0.40175081637931154,654
v2_e612d8070754,50.0,32.24781512605041,-0.40175082451619204,655
v2_fba7dd5bea7e,50.0,32.247815424919445,-0.4017508249799713,656
v2_ffdbd3251f1a,50.0,32.24781530089455,-0.4017508324406682,657
v2_a5fe401483ac,50.0,32.24781529996111,-0.4017508325012553,658
v2_f41037096bce,50.0,32.24781512605041,-0.4017508332575588,659
v2_586cef43f5b6,50.0,32.247815206973826,-0.40175083804566825,660
v2_92ec00b6f39a,50.0,32.24781512605041,-0.4017508403833334,661
v2_75c068286b03,50.0,32.247815164166674,-0.4017508406154864,662
v2_558026661475,50.0,32.247815146260706,-0.4017508416910287,663
v2_f09c9c24eaf2,50.0,32.24781513193286,-0.4017508425507099,664
v2_356d29cd5976,50.0,32.247815129970625,-0.4017508426685925,665
v2_9359a4e9692e,50.0,32.24781512605041,-0.4017508427187284,666
v2_3c43b82b58ed,50.0,32.247815128297695,-0.40175084276898065,667
v2_f8b4cdd63b9f,50.0,32.247815128134974,-0.4017508427787764,668
v2_a7de78124e3f,50.0,32.24781512794831,-0.401750842790241,669
v2_b53d6a1f6675,50.0,32.247815127867014,-0.4017508427943852,670
v2_244ae228b18b,50.0,32.24781512702001,-0.4017508428456438,671
v2_be3e2bdb4789,50.0,32.24781512699307,-0.40175084284727713,672
v2_b024464b5322,50.0,32.24781512676292,-0.4017508428610759,673
v2_e689b6ef646d,50.0,32.247815126752464,-0.40175084286182283,674
v2_8fd1577ec122,50.0,32.24781512673717,-0.40175084286261065,675
v2_21bdebfa75e5,50.0,32.247815126735674,-0.40175084286270835,676
v2_56e3b3dd4ec4,50.0,32.24781512667442,-0.4017508428663872,677
v2_77ecc60e1005,50.0,32.2478151264943,-0.4017508428772878,678
v2_6d6c01c299d6,50.0,32.24781512641272,-0.4017508428820884,679
v2_d01c09b331b3,50.0,32.24781512630813,-0.4017508428883616,680
v2_a808fbebe339,50.0,32.24781512623785,-0.401750842892576,681
v2_ca8fb5f955fb,50.0,32.24781512622691,-0.4017508428932297,682
v2_cc843b65e057,50.0,32.24781512622381,-0.40175084289342333,683
v2_55bbb8132154,50.0,32.247815126163296,-0.4017508428970453,684
v2_1678575eabf7,50.0,32.24781512616183,-0.40175084289714214,685
v2_0f0f454d021d,50.0,32.24781512615537,-0.4017508428974983,686
v2_71b216b518df,50.0,32.24781512614719,-0.40175084289801344,687
v2_6da9ec42c8b8,50.0,32.24781512612649,-0.40175084289925334,688
v2_45e1fbdaa5c2,50.0,32.24781512610885,-0.4017508429003218,689
v2_912dd08dc636,50.0,32.247815126100456,-0.40175084290081564,690
v2_7a4baae53753,50.0,32.24781512610006,-0.4017508429008467,691
v2_e9c9fa704b28,50.0,32.24781512607738,-0.4017508429022003,692
v2_560f207ba3d2,50.0,32.247815126073704,-0.4017508429024197,693
v2_7961390795a0,50.0,32.24781512607287,-0.40175084290247387,694
v2_473d7f5150b9,50.0,32.24781512606829,-0.40175084290274565,695
v2_c10e128bf7d7,50.0,32.24781512606755,-0.4017508429027927,696
v2_f58d90d629ef,50.0,32.24781512606611,-0.4017508429028762,697
v2_d412c077dafb,50.0,32.247815126064104,-0.401750842902997,698
v2_1a124d19ddd7,50.0,32.247815126062235,-0.4017508429031098,699
v2_6e7c72c72427,50.0,32.247815126061,-0.40175084290318264,700
v2_36d84ab02afc,50.0,32.247815126060345,-0.4017508429032217,701
v2_26e4dca23780,50.0,32.24781512605723,-0.40175084290340823,702
v2_9cbc2bc7fac9,50.0,32.24781512605692,-0.4017508429034278,703
v2_88fd23c0928c,50.0,32.247815126055315,-0.4017508429035237,704
v2_530cdf95f4fc,50.0,32.24781512605505,-0.4017508429035388,705
v2_d7205181a013,50.0,32.247815126054995,-0.40175084290354235,706
v2_6bfe936e39ad,50.0,32.247815126054824,-0.401750842903553,707
v2_56dc7d4fe28f,50.0,32.24781512605464,-0.40175084290356455,708
v2_6c0a6fc5e158,50.0,32.24781512605354,-0.4017508429036303,709
v2_11cd732532aa,50.0,32.24781512605311,-0.40175084290365515,710
v2_dbd6c8c9da2e,50.0,32.24781512605287,-0.40175084290366936,711
v2_f4becc8ae6fe,50.0,32.24781512605206,-0.4017508429037191,712
v2_ed29f5feb466,50.0,32.247815126052025,-0.4017508429037209,713
v2_9525b79f6620,50.0,32.24781512605174,-0.40175084290373775,714
v2_a75109a57c6d,50.0,32.24781512605127,-0.40175084290376617,715
v2_cf11b117420f,50.0,32.247815126051236,-0.40175084290376795,716
v2_e4c8cba42606,50.0,32.24781512605118,-0.4017508429037715,717
v2_131f1d3687b0,50.0,32.24781512605114,-0.40175084290377416,718
v2_7da1d2beaec9,50.0,32.247815126051144,-0.40175084290377416,719
v2_a7f4f1948bab,50.0,32.247815126050995,-0.40175084290378216,720
v2_8a4fce97c16f,50.0,32.247815126050966,-0.40175084290378393,721
v2_a7415af8b13f,50.0,32.247815126050924,-0.4017508429037866,722
v2_0f3132270679,50.0,32.247815126050796,-0.4017508429037937,723
v2_1ac5198fc97d,50.0,32.24781512605074,-0.40175084290379814,724
v2_e96a0f462ccf,50.0,32.24781512605073,-0.40175084290379814,725
v2_3c2cad0aefc4,50.0,32.247815126050654,-0.4017508429038026,726
v2_962fcea377df,50.0,32.24781512605065,-0.4017508429038035,727
v2_8c546df2c2db,50.0,32.247815126050575,-0.4017508429038079,728
v2_fdc599800bdc,50.0,32.24781512605057,-0.4017508429038079,729
v2_6c7a29714080,50.0,32.24781512605054,-0.4017508429038097,730
v2_af5a856ff462,50.0,32.24781512605054,-0.4017508429038097,731
v2_5640b22b71e3,50.0,32.24781512605049,-0.40175084290381236,732
v2_c0bc1dfec759,50.0,32.2478151260505,-0.40175084290381236,733
v2_bbb4e33979b3,50.0,32.24781512605047,-0.40175084290381413,734
v2_c294ba6b778c,50.0,32.24781512605046,-0.40175084290381413,735
v2_d156c88ad110,50.0,32.24781512605047,-0.40175084290381413,736
v2_d8ebad0bdbf3,50.0,32.24781512605046,-0.40175084290381413,737
v2_56d4b4ce7d23,50.0,32.24781512605045,-0.401750842903815,738
v2_b444e4a4dd6c,50.0,32.24781512605044,-0.4017508429038159,739
v2_c170a437b0fb,50.0,32.24781512605044,-0.4017508429038159,740
v2_efe9927d5d18,50.0,32.24781512605043,-0.4017508429038159,741
v2_f229ed8c7c1f,50.0,32.24781512605043,-0.4017508429038159,742
v2_015719ad0498,50.0,32.24781512605041,-0.4017508429038168,743
v2_01a0336855ff,50.0,32.24781512605041,-0.4017508429038168,744
v2_047784b7b37c,50.0,32.24781512605042,-0.4017508429038168,745
v2_0996cd47ae43,50.0,32.24781512605041,-0.4017508429038168,746
v2_0aeb9d68cdc9,50.0,32.24781512605041,-0.4017508429038168,747
v2_0cbd066be0a2,50.0,32.24781512605041,-0.4017508429038168,748
v2_1151c1aa6250,50.0,32.24781512605041,-0.4017508429038168,749
v2_14b5688bda10,50.0,32.24781512605041,-0.4017508429038168,750
v2_175158b4b5ae,50.0,32.24781512605041,-0.4017508429038168,751
v2_1a525429db16,50.0,32.24781512605041,-0.4017508429038168,752
v2_1aac13ccade3,50.0,32.24781512605041,-0.4017508429038168,753
v2_1cbf1f79a7b5,50.0,32.24781512605041,-0.4017508429038168,754
v2_20d4dc27e4e6,50.0,32.24781512605041,-0.4017508429038168,755
v2_20fbec6b2e06,50.0,32.24781512605041,-0.4017508429038168,756
v2_21d8acb896b0,50.0,32.24781512605041,-0.4017508429038168,757
v2_2370c53b81ad,50.0,32.24781512605041,-0.4017508429038168,758
v2_24dc2c5f8ba0,50.0,32.247815126050426,-0.4017508429038168,759
v2_2812a828b3fe,50.0,32.24781512605041,-0.4017508429038168,760
v2_2839acf31ce7,50.0,32.24781512605041,-0.4017508429038168,761
v2_29b4cc72f3d2,50.0,32.24781512605041,-0.4017508429038168,762
v2_29d05ea5007d,50.0,32.24781512605041,-0.4017508429038168,763
v2_2df5101ecfdf,50.0,32.24781512605041,-0.4017508429038168,764
v2_306c3daabff3,50.0,32.24781512605041,-0.4017508429038168,765
v2_37782516af49,50.0,32.24781512605042,-0.4017508429038168,766
v2_38a876374e40,50.0,32.24781512605041,-0.4017508429038168,767
v2_3909ae4630cf,50.0,32.24781512605041,-0.4017508429038168,768
v2_3963131e1808,50.0,32.24781512605041,-0.4017508429038168,769
v2_39df65dd5bae,50.0,32.24781512605041,-0.4017508429038168,770
v2_3e966d27b248,50.0,32.24781512605042,-0.4017508429038168,771
v2_3fb9f4b5007b,50.0,32.24781512605042,-0.4017508429038168,772
v2_410b2aeb9f4f,50.0,32.24781512605041,-0.4017508429038168,773
v2_4283ee4bfc90,50.0,32.24781512605041,-0.4017508429038168,774
v2_47435fba2419,50.0,32.24781512605041,-0.4017508429038168,775
v2_4a0c4508d69f,50.0,32.24781512605041,-0.4017508429038168,776
v2_4cfe06dda614,50.0,32.24781512605042,-0.4017508429038168,777
v2_516e5094fe2f,50.0,32.24781512605041,-0.4017508429038168,778
v2_657072df4cf3,50.0,32.24781512605041,-0.4017508429038168,779
v2_669c90aa23ab,50.0,32.24781512605041,-0.4017508429038168,780
v2_6920efc5d58e,50.0,32.24781512605041,-0.4017508429038168,781
v2_6978bd563be6,50.0,32.24781512605041,-0.4017508429038168,782
v2_6d03a9e659f6,50.0,32.24781512605041,-0.4017508429038168,783
v2_6d582d446fc9,50.0,32.24781512605041,-0.4017508429038168,784
v2_798719725bf9,50.0,32.24781512605041,-0.4017508429038168,785
v2_828f5d4497dd,50.0,32.24781512605041,-0.4017508429038168,786
v2_85aa6fa9a508,50.0,32.24781512605042,-0.4017508429038168,787
v2_85bec27aade1,50.0,32.24781512605041,-0.4017508429038168,788
v2_8a02e345967e,50.0,32.24781512605041,-0.4017508429038168,789
v2_8a9be37f2c28,50.0,32.24781512605041,-0.4017508429038168,790
v2_8b74321a2aed,50.0,32.24781512605041,-0.4017508429038168,791
v2_927c9b80de7e,50.0,32.24781512605041,-0.4017508429038168,792
v2_97afd8a9d564,50.0,32.24781512605041,-0.4017508429038168,793
v2_97e2ba341e04,50.0,32.24781512605041,-0.4017508429038168,794
v2_9b43a7c70f76,50.0,32.24781512605041,-0.4017508429038168,795
v2_9b75e9344e78,50.0,32.24781512605041,-0.4017508429038168,796
v2_a0d59ad015c1,50.0,32.24781512605041,-0.4017508429038168,797
v2_a3a9047a7ed5,50.0,32.24781512605042,-0.4017508429038168,798
v2_a6e33588e03b,50.0,32.24781512605041,-0.4017508429038168,799
v2_a83af936217d,50.0,32.24781512605041,-0.4017508429038168,800
v2_a9584888b913,50.0,32.24781512605041,-0.4017508429038168,801
v2_aa4895a1f3d2,50.0,32.24781512605041,-0.4017508429038168,802
v2_aa7e05cc7347,50.0,32.24781512605042,-0.4017508429038168,803
v2_b12d3706ea4e,50.0,32.24781512605041,-0.4017508429038168,804
v2_b2a81674353f,50.0,32.24781512605041,-0.4017508429038168,805
v2_b4c23914eab7,50.0,32.24781512605041,-0.4017508429038168,806
v2_b4d160dfbfc8,50.0,32.24781512605041,-0.4017508429038168,807
v2_b68a9a8f9542,50.0,32.24781512605041,-0.4017508429038168,808
v2_b6a303e39749,50.0,32.24781512605041,-0.4017508429038168,809
v2_ba593f2b4e07,50.0,32.24781512605041,-0.4017508429038168,810
v2_baebc28d39f7,50.0,32.247815126050426,-0.4017508429038168,811
v2_c017094cfd9a,50.0,32.24781512605041,-0.4017508429038168,812
v2_c0e5bcc90578,50.0,32.24781512605041,-0.4017508429038168,813
v2_c461fb994718,50.0,32.24781512605041,-0.4017508429038168,814
v2_c72ec9cbed08,50.0,32.24781512605041,-0.4017508429038168,815
v2_c93caf6019bf,50.0,32.24781512605041,-0.4017508429038168,816
v2_ca205e634d46,50.0,32.24781512605041,-0.4017508429038168,817
v2_cbe0f3166720,50.0,32.24781512605041,-0.4017508429038168,818
v2_cd3b6187d1e4,50.0,32.24781512605041,-0.4017508429038168,819
v2_d46824fc5109,50.0,32.24781512605041,-0.4017508429038168,820
v2_d4b1ea7cfc42,50.0,32.24781512605041,-0.4017508429038168,821
v2_d595e2b586d5,50.0,32.24781512605041,-0.4017508429038168,822
v2_d9efd984adf8,50.0,32.24781512605041,-0.4017508429038168,823
v2_da089a21fb6b,50.0,32.24781512605041,-0.4017508429038168,824
v2_dabf4d76c418,50.0,32.24781512605041,-0.4017508429038168,825
v2_e0d60d0a8fe1,50.0,32.24781512605041,-0.4017508429038168,826
v2_e46faf328a6b,50.0,32.24781512605041,-0.4017508429038168,827
v2_e5a46a7bb855,50.0,32.24781512605041,-0.4017508429038168,828
v2_fb8dd5c19270,50.0,32.24781512605042,-0.4017508429038168,829
v2_fc7821c32c6c,50.0,32.24781512605042,-0.4017508429038168,830
v2_fcd97c74ca48,50.0,32.24781512605041,-0.4017508429038168,831
v2_01d4046ea2ac,50.0,32.247815126050405,-0.4017508429038186,832
v2_93504034d7a3,50.0,32.24781512605039,-0.40175084295243124,833
v2_6ec2f6b0af6d,50.0,32.24781512605041,-0.4017508928728484,834
v2_4568731a111f,50.0,32.24781512605041,-0.4017509213226216,835
v2_84c3ac3081c5,50.0,32.24781512605041,-0.40175098538240217,836
v2_4dcf60c033d6,50.0,32.24781512605041,-0.40175116528714216,837
v2_ca89ab2c26bb,50.0,32.24781512605041,-0.4017512672938768,838
v2_c435a5b742fa,50.0,32.24781512605041,-0.4017513145492684,839
v2_0df37ac57a8f,50.0,32.24781512605041,-0.40175221666399086,840
v2_c0723d0ca8be,50.0,32.24781512605041,-0.4017529964285611,841
v2_2f7ba3e9d356,50.0,32.24781512605041,-0.401754947190728,842
v2_209995f62e1d,50.0,32.24781512605041,-0.4017607845377169,843
v2_0ca37e8c428c,50.0,32.24781512605041,-0.40176588470049435,844
v2_3dbde4f93828,50.0,32.24781512605041,-0.4017683063577966,845
v2_b9c410299d6a,50.0,32.24781512605041,-0.4018259047043804,846
v2_cb3dbdb184b7,50.0,32.24540180220667,-0.40187430562349213,847
v2_9eb6808cc36f,50.0,32.24510066704745,-0.40188396025844053,848
v2_6e3983f8c2f9,50.0,32.24781512605041,-0.40188618753697014,849
v2_cee883f73b0b,50.0,32.244842528529,-0.4019090891280035,850
v2_81c59a014797,50.0,32.24781512605041,-0.40191449203421126,851
v2_3f496635a5a0,50.0,32.286133238638165,-0.4019567519635423,852
v2_c00387741f12,50.0,32.24781512605041,-0.4019622465072965,853
v2_2120cc074f10,50.0,32.24386508899122,-0.4019630725780967,854
v2_ecce4785464f,50.0,32.242634819244465,-0.40203549657834614,855
v2_e56957b0cc8d,50.0,32.24781512605041,-0.40203666063714394,856
v2_499cbdcdf6ff,50.0,32.25242297537442,-0.40204312968449063,857
v2_676e1fd7c399,50.0,32.24781512605041,-0.4020558122530371,858
v2_cbded5a0a1d7,50.0,32.24228299714146,-0.4020606613659936,859
v2_5e98fc9829f9,50.0,32.241988757604275,-0.4020818061767697,860
v2_f25db4006a19,50.0,32.45234195369956,-0.40209496685360424,861
v2_72725c04e8ac,50.0,32.24781512605041,-0.40210129915670745,862
v2_d48109e03d89,50.0,32.241450304428206,-0.4021033146281594,863
v2_c0fd09a374f0,50.0,32.24781512605041,-0.40211275068331975,864
v2_b1de0f20eda8,50.0,32.24781512605041,-0.40212276202606656,865
v2_9a75a0179241,50.0,32.24096686450684,-0.40212486468226327,866
v2_29b16e11257f,50.0,32.258833411105606,-0.4021270770524108,867
v2_2fca82639d0a,50.0,32.25484957973089,-0.40214604914241914,868
v2_18dd259bca2c,50.0,32.24781512605041,-0.4021822837737066,869
v2_af280cb6fd9f,50.0,32.24781512605041,-0.40219471542924623,870
v2_d0e09332c75b,50.0,32.3697103893798,-0.40223095119402075,871
v2_fb4232374156,50.0,32.24338769334958,-0.4022334186577483,872
v2_f17ddd6350c3,50.0,32.24781512605041,-0.40225663471367756,873
v2_7b0aa52e8da5,50.0,32.24781512605041,-0.40226403452923254,874
v2_b080141461c0,50.0,32.23857864919818,-0.40227398451462726,875
v2_351ff6d0b5cc,50.0,32.293436565735746,-0.40228854211190335,876
v2_26b95611b518,50.0,32.30895460574384,-0.402393737780649,877
v2_8e26609d29ce,50.0,32.24781512605041,-0.40240940555214966,878
v2_862b8ff5b67b,50.0,32.24781512605041,-0.4024394734003778,879
v2_1ef35ad0634e,50.0,32.27354566826253,-0.40246115449623154,880
v2_6e49f68e7fc7,50.0,32.233804371571296,-0.4025213120122393,881
v2_490993f97418,50.0,32.217633197678786,-0.4025475633373512,882
v2_9e2e307fa62d,50.0,32.28322078911873,-0.4025479507054248,883
v2_eb4a47037070,50.0,32.24781512605041,-0.4026016191083137,884
v2_83f24173a01f,50.0,32.23179451878015,-0.4026111014982545,885
v2_4c2417485a24,50.0,32.24781512605041,-0.4026364247635712,886
v2_5e700f5e0aa3,50.0,32.23216245509791,-0.40263850264633927,887
v2_0d296055448c,50.0,32.23060072561701,-0.4027357748977751,888
v2_77500dfcb0c0,50.0,32.24781512605041,-0.4027675010349592,889
v2_6ea39e77ae7f,50.0,32.22684316197084,-0.4028145351368577,890
v2_87dee87f5710,50.0,32.25014643957308,-0.40283588807551407,891
v2_db3a5e9ffe8b,50.0,32.228231413996006,-0.40285356560006935,892
v2_8a2f2e631344,50.0,32.230534540885884,-0.4028624358837556,893
v2_c4ed00157e4c,50.0,32.22819488457549,-0.40288631469141745,894
v2_ab1a6f829dee,50.0,32.23498887600585,-0.4028982125041827,895
v2_df53f2ea22ff,50.0,32.24781512605041,-0.4029756507205686,896
v2_1c1f75b4b917,50.0,32.24781512605041,-0.40297901915868994,897
v2_a7809a44f508,50.0,32.24781512605041,-0.4030550723078372,898
v2_544b99b77928,50.0,32.23365786205728,-0.40307256251179435,899
v2_02903d2f9742,50.0,32.24781512605041,-0.40308122404522795,900
v2_3f55d465b337,50.0,32.24781512605041,-0.40308752772145784,901
v2_1fe81e90ae37,50.0,32.25945479107886,-0.40309016620404226,902
v2_8f53a198cee1,50.0,32.24781512605041,-0.4031169748279124,903
v2_b21df9bd465a,50.0,32.23159645979147,-0.4031364529325723,904
v2_c389f9c0add2,50.0,32.22048438811632,-0.4032832614734403,905
v2_9922348ea0d8,50.0,32.217688535248186,-0.4033238439735696,906
v2_a4eb06db0910,50.0,32.217947039727356,-0.40340758853128467,907
v2_4dec1aed6279,50.0,32.25300706976517,-0.4034250692113126,908
v2_cd47228d5150,50.0,32.24781512605041,-0.4034767133055892,909
v2_f40290144ebc,50.0,32.21701597577331,-0.4035010055453343,910
v2_d2aa4e6c8cbf,50.0,32.24781512605041,-0.403505442215101,911
v2_6814f4874b46,50.0,32.28765343522277,-0.40361376873005295,912
v2_e303c6b40993,50.0,32.21459554059916,-0.4036532863187494,913
v2_da3add288750,50.0,32.24781512605041,-0.4036937850516411,914
v2_3fe3c9154d63,50.0,32.24781512605041,-0.40369826399933295,915
v2_fc74e8797d44,50.0,32.21156981147748,-0.4037114080906248,916
v2_0970943d9b74,50.0,32.21292016379851,-0.40374075325177916,917
v2_866009014ed7,50.0,32.24781512605041,-0.4037634387824758,918
v2_24f13235e92a,50.0,32.24781512605041,-0.40386039767355,919
v2_9ee8f76e1d66,50.0,32.240615427637955,-0.4038619055605679,920
v2_b34eb8d424cf,50.0,32.24781512605041,-0.40387026026053174,921
v2_32ba406318cf,50.0,32.258409136399536,-0.40387080058063773,922
v2_f2b0b0e20926,50.0,32.24491312168807,-0.4039091414621092,923
v2_ee04cba7a21e,50.0,32.234902680012596,-0.4039144291672958,924
v2_83378469c6a5,50.0,32.23822087711659,-0.4039551177905967,925
v2_68ccbc504a6c,50.0,32.20396724869649,-0.40402796643872474,926
v2_9bcd07b2b5e5,50.0,32.20627503048074,-0.40406232696993616,927
v2_e767ee0b0067,50.0,32.206215816099004,-0.4041148100382044,928
v2_d36d68b9e874,50.0,32.24781512605041,-0.40413881109300664,929
v2_15fd0e0196fa,50.0,32.24781512605041,-0.4041790338586013,930
v2_0d341e4dd4e7,50.0,32.21131391198812,-0.4042072729859356,931
v2_32feacfc46b6,50.0,32.24781512605041,-0.4043249213286009,932
v2_b44ec9a0ac02,50.0,32.571170504031045,-0.4044777722699253,933
v2_0665d918f732,50.0,32.24781512605041,-0.4045898901799214,934
v2_bc2fa9c467d4,50.0,32.24781512605041,-0.4045957454961693,935
v2_aea07d7bb413,50.0,32.24781512605041,-0.40463925156856906,936
v2_8a36256ad64b,50.0,32.20281443357857,-0.4047342044672062,937
v2_fb5100996635,50.0,32.24781512605041,-0.40486815580157387,938
v2_b43dbfca655b,50.0,32.20463060749038,-0.40491030844244325,939
v2_a685a2c412b0,50.0,32.24781512605041,-0.4049784069028508,940
v2_4392fadaf993,50.0,32.19005246665141,-0.40500042359985944,941
v2_d2595a82c1a2,50.0,32.24781512605041,-0.4050076720083551,942
v2_9765b16be98c,50.0,32.3238648825201,-0.4050631478189137,943
v2_50bb3c00d156,50.0,32.24781512605041,-0.40511510826439245,944
v2_b926c947edbe,50.0,32.199188883928464,-0.4051270111747094,945
v2_3065b6d21b09,50.0,32.24781512605041,-0.405150867586479,946
v2_e7c5b515ff65,50.0,32.24781512605041,-0.4051702301054938,947
v2_210ef5b8da6d,50.0,32.2362980330656,-0.4052472942909988,948
v2_8fb7464fe2af,50.0,32.24781512605041,-0.4052785467911981,949
v2_47fd0b1342d4,50.0,32.24781512605041,-0.40535234404848186,950
v2_2c99022c1b71,50.0,32.24781512605041,-0.40537316204665697,951
v2_969505dc047c,50.0,32.342806829419374,-0.4054290416494828,952
v2_c8902443bc3d,50.0,32.37456057424304,-0.40543622942120283,953
v2_f30c225d1903,50.0,32.24781512605041,-0.40544286626527093,954
v2_0783274945b0,50.0,32.24781512605041,-0.4054477373243994,955
v2_8c8f9c2a6fc4,50.0,32.18024065342475,-0.4054840999256317,956
v2_e3035c1f64ab,50.0,32.24781512605041,-0.40552035286884536,957
v2_f1abca209fb3,50.0,32.211174515002945,-0.405570813819069,958
v2_777f2710692e,50.0,32.24781512605041,-0.4055727715199451,959
v2_d4ac8c72f921,50.0,32.21797975498089,-0.40562264673757475,960
v2_d959069bcc2c,50.0,32.24781512605041,-0.40562983440303224,961
v2_3bc9b1c07516,50.0,32.24781512605041,-0.40564559194772354,962
v2_fe2a00493586,50.0,32.250177208231,-0.405648311775062,963
v2_a224a87ee46c,50.0,32.23835513329108,-0.40570007117250295,964
v2_071697725748,50.0,32.24781512605041,-0.4057065575434322,965
v2_efaee665b78e,50.0,32.3663520447947,-0.4057167820991525,966
v2_b4f105a4e1bf,50.0,32.24781512605041,-0.4057645094721076,967
v2_7fde15eadf7c,50.0,32.24781512605041,-0.4057808637692393,968
v2_7f2b927abdd4,50.0,32.24781512605041,-0.40580404454493824,969
v2_9d8869afede0,50.0,32.24781512605041,-0.4058437364454308,970
v2_c8ee51a36521,50.0,32.18425576659104,-0.40584875933377074,971
v2_4905ab6050fe,50.0,32.24781512605041,-0.4059068861571893,972
v2_cccc88ff5b9c,50.0,32.25540045634864,-0.40593133170112594,973
v2_7effb1063e5a,50.0,32.17289901947279,-0.4059644567274834,974
v2_6d6cc60cbda3,50.0,32.24781512605041,-0.4059693064843355,975
v2_b4db588aad60,50.0,32.24781512605041,-0.40598660045430535,976
v2_0a499a1c2923,50.0,32.17240654292325,-0.4059877804095491,977
v2_05f823aa4ecc,50.0,32.238233517614006,-0.40599791523416506,978
v2_46efc641f721,50.0,32.251286345284946,-0.4060799751501749,979
v2_c7849b3b3273,50.0,32.177885469859596,-0.4060844386283238,980
v2_3bedfd09ffec,50.0,32.35339995684904,-0.4060888723771088,981
v2_470dbc1aab69,50.0,32.3239415439894,-0.4061295886980467,982
v2_0e09755b189f,50.0,32.17096679724846,-0.40617929466028535,983
v2_2591405e887d,50.0,32.24781512605041,-0.40623126372392715,984
v2_a04494c69cfc,50.0,32.24781512605041,-0.4062386181409563,985
v2_e76ecb0ede1a,50.0,32.17065126109578,-0.4062412505660564,986
v2_f9c8812a5048,50.0,32.24781512605041,-0.40624388148107293,987
v2_7846bcb34063,50.0,32.823493200232015,-0.4062602822272927,988
v2_7769814c0fd2,50.0,32.24781512605041,-0.4062964617153346,989
v2_5bbbbf768c30,50.0,32.25698973248179,-0.4063093997745417,990
v2_b0450bc836ee,50.0,32.24781512605041,-0.4063822852464982,991
v2_5a53c01d0124,50.0,32.24781512605041,-0.4064040836479057,992
v2_8ec5dcafdf89,50.0,32.24781512605041,-0.4064335146237079,993
v2_921462659ef3,50.0,32.54774739491355,-0.4064433747458187,994
v2_92a088e21927,50.0,32.24781512605041,-0.40644484836145,995
v2_6cd18e82e30d,50.0,32.24781512605041,-0.40649107964213016,996
v2_1ae089b369f9,50.0,32.24781512605041,-0.40670033082016754,997
v2_200bb2dce5ea,50.0,32.16406367089278,-0.4067830324943147,998
v2_546a2abd5155,50.0,32.271916812748906,-0.406853007556383,999
v2_fb0d6042a329,50.0,32.24781512605041,-0.40690899880793996,1000
v2_4cb48e64ada7,50.0,32.24781512605041,-0.40694636462930145,1001
v2_d8fa13fabf2a,50.0,32.15422409489279,-0.40694770193689145,1002
v2_d5dbf547641b,50.0,32.23692930354893,-0.40695219845909314,1003
v2_95dfac5e7343,50.0,32.20510426392227,-0.4069804009850504,1004
v2_01f43c58e28f,50.0,32.15402237287438,-0.40699336320170065,1005
v2_f5fc5fafbe39,50.0,32.14972128727273,-0.4070216483574729,1006
v2_62004986bb1d,50.0,32.151658595930016,-0.40706877184753676,1007
v2_c60736878416,50.0,32.24781512605041,-0.4070763986282957,1008
v2_9511df7c7978,50.0,32.239027961498245,-0.4070874196801473,1009
v2_8de49cc6823d,50.0,32.24781512605041,-0.4071488355188766,1010
v2_8e127e6a227b,50.0,32.216909915641835,-0.40718303966112135,1011
v2_1231fb90d294,50.0,32.145715401396735,-0.40721211707261595,1012
v2_bdc35b4779e3,50.0,32.152767631201925,-0.40725700293555445,1013
v2_74514de69af9,50.0,32.27374533024973,-0.4072723438973824,1014
v2_05a9a837a168,50.0,32.24781512605041,-0.40729100991790634,1015
v2_9f7fd21f3d69,50.0,32.24781512605041,-0.40755411041063283,1016
v2_a697b4577295,50.0,32.142206812792715,-0.4076956348891665,1017
v2_3d78bdaa7c95,50.0,32.1413745319831,-0.40777832034293304,1018
v2_aee77c0b47b2,50.0,32.24781512605041,-0.40778659801624606,1019
v2_5fbce2c6f77f,50.0,32.20172596341222,-0.4078241458545451,1020
v2_0f5bf577be18,50.0,32.08974878723978,-0.40783718619629017,1021
v2_88399660b8a0,50.0,32.24781512605041,-0.407892119514611,1022
v2_f69b91641fcf,50.0,32.259480948363866,-0.40795738188283526,1023
v2_2da5d137669f,50.0,32.24781512605041,-0.4079914860349856,1024
v2_414c0bdbdb5b,50.0,32.158988694688816,-0.40811164164648606,1025
v2_883540204d1e,50.0,32.24781512605041,-0.4081153904467536,1026
v2_8e9aba6e8199,50.0,32.24781512605041,-0.40818924538887025,1027
v2_5ab14203882a,50.0,32.24781512605041,-0.40821127787217026,1028
v2_9a72b13b0676,50.0,32.24781512605041,-0.4082496027183158,1029
v2_173fc34815de,50.0,32.24781512605041,-0.4082768025817902,1030
v2_bb3bd1663a51,50.0,32.24781512605041,-0.4082801330940855,1031
v2_75cb81688f6e,50.0,32.20886087499421,-0.4083404091592948,1032
v2_0fe88d74a587,50.0,32.24781512605041,-0.4084907248155174,1033
v2_c5edcce2733f,50.0,31.805815484873893,-0.4085270550030726,1034
v2_e879bcb832b0,50.0,32.24781512605041,-0.4085783909338794,1035
v2_2d88b5807d69,50.0,32.24781512605041,-0.40859064108126475,1036
v2_59d008ac66e6,50.0,32.12547251857192,-0.4086058658605891,1037
v2_66be5576e0e8,50.0,32.14565394024396,-0.40863826093315936,1038
v2_b9237704aadf,50.0,32.17606164361801,-0.40866584108212844,1039
v2_8a2076711227,50.0,32.235253043784034,-0.4086813366045412,1040
v2_5822baf66c6a,50.0,32.24781512605041,-0.408879086952707,1041
v2_bd9699867e67,50.0,32.24781512605041,-0.408911840188078,1042
v2_dcd897354206,50.0,32.24781512605041,-0.40893382901027486,1043
v2_7b3a5dcdcaca,50.0,32.24781512605041,-0.40893465992665323,1044
v2_55e65ae0b761,50.0,32.24781512605041,-0.40894418613858186,1045
v2_3013ce04d4b5,50.0,32.36377452358178,-0.4089674536671266,1046
v2_c5fb6ecad672,50.0,32.1280980931821,-0.40902770121336474,1047
v2_cef3bd1731a7,50.0,32.23880428965259,-0.4090340302765689,1048
v2_09bc45210b37,50.0,32.24781512605041,-0.4091971636541336,1049
v2_f2ade676fe77,50.0,32.24781512605041,-0.4093268323166246,1050
v2_f0f8f2988768,50.0,32.11438926275166,-0.40934647201721486,1051
v2_744f554af2bb,50.0,32.23202911078225,-0.4093587691665146,1052
v2_f3d20228fdd1,50.0,32.24781512605041,-0.4093992038120309,1053
v2_a826356cf29b,50.0,32.24781512605041,-0.40951545766920194,1054
v2_0bc508b58801,50.0,32.34796804377669,-0.40957293503310677,1055
v2_45b270977e24,50.0,32.245529622822396,-0.4097319096079568,1056
v2_73cc246caec2,50.0,32.09788235356045,-0.40987299409411726,1057
v2_a0770c1407c8,50.0,32.09871686243234,-0.4099512869383739,1058
v2_a2b8d9c741c1,50.0,32.10636109034617,-0.41000181578589334,1059
v2_056d75ac1d51,50.0,32.16282669065495,-0.4101506808862325,1060
v2_32213d9ae01f,50.0,32.33948272118073,-0.4101705553125905,1061
v2_f1f2797ac97d,50.0,32.247805845869195,-0.4101968722798288,1062
v2_03697c936037,50.0,31.7304195930777,-0.4102268796002466,1063
v2_f9bf7296877a,50.0,32.14890122041586,-0.410280181236657,1064
v2_24c9846a8748,50.0,32.24781512605041,-0.4102995075406346,1065
v2_f991ab49f83a,50.0,32.24781512605041,-0.4103558830287275,1066
v2_5cfa8e5dcf79,50.0,32.24781512605041,-0.4104532911642558,1067
v2_03c3250079fe,50.0,32.24781512605041,-0.41050729386185036,1068
v2_ea853b54e6ff,50.0,32.312896013312894,-0.41051355289320934,1069
v2_c56e2057e630,50.0,32.19145137120049,-0.4105606641381536,1070
v2_f150068286b8,50.0,32.24781512605041,-0.4105790634587132,1071
v2_300fe75b4a63,50.0,32.26669055391218,-0.4106211494519023,1072
v2_f5e50cd25bc0,50.0,32.173295246011,-0.4106980288379454,1073
v2_edc3ae823b0c,50.0,32.19948355644989,-0.41074891141185343,1074
v2_ca4b9c5391a1,50.0,32.24781512605041,-0.41084143788754,1075
v2_c0a015e9e473,50.0,32.22329826841015,-0.4109559185069651,1076
v2_484bec25363a,50.0,32.32423056174752,-0.4110144675124241,1077
v2_2e13731f915f,50.0,32.23689000923163,-0.4111633876031373,1078
v2_22f2f1a264d6,50.0,32.10299078307432,-0.4112431971694601,1079
v2_d9c90fa98d97,50.0,32.24781512605041,-0.41126105887285647,1080
v2_00e684a64c13,50.0,32.30216010492816,-0.4112795731394199,1081
v2_0909dd4aa11a,50.0,32.147760734176416,-0.41144169818549603,1082
v2_3a721cc0ca95,50.0,32.235117240752274,-0.41147004692777056,1083
v2_4f6ce686420c,50.0,32.24781512605041,-0.41147082487489417,1084
v2_a8bcc868698b,50.0,32.24781512605041,-0.41160142650136855,1085
v2_88c6bc7dcd20,50.0,32.072333251546816,-0.4116480788535144,1086
v2_5032a00ff756,50.0,32.24781512605041,-0.41173824703887885,1087
v2_f985578c8f8b,50.0,32.09244764772905,-0.4117384600591123,1088
v2_99505f4e080c,50.0,42.822427148688085,-0.41180840417488174,1089
v2_ba580db8b783,50.0,32.16106923793685,-0.41182749374031946,1090
v2_e6c71bf5f17c,50.0,32.199481614568725,-0.4119959945646894,1091
v2_61ac84247df8,50.0,32.21432688414899,-0.41200250120644544,1092
v2_2414271dbcb5,50.0,32.24781512605041,-0.41206786272269014,1093
v2_eeaae177caa6,50.0,32.209473962443944,-0.41208592845992165,1094
v2_6d1f61a10f8d,50.0,32.08875992487329,-0.4123112816882033,1095
v2_66326431a78a,50.0,32.278803301721624,-0.41235746036109155,1096
v2_524e7ebb2361,50.0,32.14786380329728,-0.4123609752489319,1097
v2_541bcc735a73,50.0,32.19483195729475,-0.412619742311799,1098
v2_28e16219610b,50.0,32.05060649197729,-0.4128526061897402,1099
v2_30f85b9707c4,50.0,32.21098200435499,-0.41293974467474115,1100
v2_e8a0b8172987,50.0,32.04568699601397,-0.41309851826478017,1101
v2_5a825a4dbca3,50.0,32.136673949655446,-0.4131094000265598,1102
v2_334813213423,50.0,32.229622994904055,-0.4133719533895146,1103
v2_4cd1aa25bfb1,50.0,32.4125291149633,-0.41365091288627465,1104
v2_eb84929acaac,50.0,32.02177397012882,-0.4137351699450962,1105
v2_1f6db6749192,50.0,32.24781512605041,-0.41386949695371644,1106
v2_c1f67131a430,50.0,32.24622566828266,-0.4139979765109727,1107
v2_e7a887461e6b,50.0,32.24948384209859,-0.4140390465589201,1108
v2_21eaf077efa2,50.0,32.247815126050405,-0.41422678939920754,1109
v2_5e6b121e21f6,50.0,32.12593627664717,-0.41429788938838374,1110
v2_ccc4cac59dad,50.0,32.06895732194543,-0.4142986784038527,1111
v2_639301e2c2a7,50.0,32.19774243150197,-0.4146866944596308,1112
v2_19593744a354,50.0,32.24781512605041,-0.4150839186634414,1113
v2_2c00ca272cd0,50.0,32.13470904754083,-0.4150981262621656,1114
v2_0fd753c16ef3,50.0,32.212198915320265,-0.4153248895963424,1115
v2_b0d1fb23e9bf,50.0,32.09726572402634,-0.41541901407949045,1116
v2_7c475cff1a63,50.0,41.1330923093588,-0.41543542618159535,1117
v2_0d8ef45f8957,50.0,32.24781512605041,-0.4157755472310898,1118
v2_8aad5e6a6649,50.0,32.407601216778254,-0.4159431043640778,1119
v2_4a71e7170d64,50.0,32.08163290779948,-0.416142879955129,1120
v2_a301e3eba615,50.0,32.254996723602495,-0.4163181815611985,1121
v2_10f4b3617610,50.0,32.19285143058053,-0.41632588666036785,1122
v2_66dacb04113e,50.0,32.24781512605041,-0.4165557204510728,1123
v2_c3773036cd2f,50.0,32.51835950590121,-0.41656921781402634,1124
v2_0704c4fd5366,50.0,48.2650793843768,-0.41672577468772776,1125
v2_fb6ccc6e5a75,50.0,32.13291204873416,-0.41675765201705595,1126
v2_968bd9bfd46d,50.0,32.24781512605041,-0.4167882195287156,1127
v2_f38d2232f476,50.0,32.1393034432423,-0.41680493810025077,1128
v2_f9342106f44f,50.0,32.18568681593493,-0.41683677159816757,1129
v2_10aa2d839cce,50.0,32.36646706758952,-0.4168567251899491,1130
v2_a74cdce80773,50.0,32.18852409890169,-0.41686006069468196,1131
v2_37827f7e5547,50.0,32.24781512605041,-0.41713867916393355,1132
v2_3aef40b4c623,50.0,32.201787804733776,-0.417158387713644,1133
v2_f0718aea5340,50.0,32.24781512605041,-0.4172917501167044,1134
v2_0b2c2f9c13b2,50.0,32.24781512605041,-0.4173465182543419,1135
v2_79cfd61eda0c,50.0,33.17940521330473,-0.41739417576065474,1136
v2_ab4d9688a0d2,50.0,31.97005986072092,-0.4174074624801465,1137
v2_eb6d1fa56cd5,50.0,32.1953717118759,-0.4175137436047054,1138
v2_de729c7a0d13,50.0,32.206156201499674,-0.4177313844336732,1139
v2_56a6a121ee27,50.0,32.24781512605041,-0.41775645458396315,1140
v2_325e4727f937,50.0,31.961048102792674,-0.41792242538188784,1141
v2_bca6fd58bfb1,50.0,31.987090853111788,-0.41801417970068666,1142
v2_5de3ba2b59d9,50.0,31.969903992801232,-0.4180263483165527,1143
v2_a46dd1531656,50.0,32.2471814358924,-0.41815078710265574,1144
v2_3259b3c55e92,50.0,32.058862715989974,-0.418228879598729,1145
v2_35165a37f739,50.0,31.99840858294026,-0.4183886792827618,1146
v2_041c158ac1e2,50.0,32.24781512605041,-0.4185142709884593,1147
v2_4ce09c47220f,50.0,32.237217055214096,-0.4185924191567132,1148
v2_15acf18b4dae,50.0,31.965292703905117,-0.41867809930023103,1149
v2_467f2161b6c0,50.0,32.24781512605041,-0.41901530062534853,1150
v2_d241aa5810ac,50.0,32.24781512604863,-0.41923397826321196,1151
v2_20ab42a9932e,50.0,32.07457758790714,-0.41931077667814787,1152
v2_d5b6ae7bbf32,50.0,31.925314339217806,-0.4200521004816249,1153
v2_f5c5d89550f2,50.0,45.59049931069019,-0.4201994291170186,1154
v2_f0b66809d999,50.0,32.03169031836334,-0.4204273324810268,1155
v2_c4d5fe492880,50.0,32.01956068124281,-0.4204953335343342,1156
v2_d1607e3f1e10,50.0,32.063920684847325,-0.42078895641084646,1157
v2_cc30c2f15a2f,50.0,32.01761545127387,-0.4210093074989576,1158
v2_53375856c94c,50.0,32.12117713713906,-0.4212828272354452,1159
v2_12727d7df96b,50.0,32.24781512605041,-0.4213640578142659,1160
v2_772847c12fdc,50.0,31.895003748230703,-0.42251022300156915,1161
v2_dd66bf6f2e20,50.0,32.24781512605041,-0.42263248563450695,1162
v2_d23bab14e16f,50.0,32.24781512605041,-0.4226672922929895,1163
v2_9aabaed08d81,50.0,31.992065957648155,-0.42268113499525395,1164
v2_af058017fef5,50.0,31.9143619408773,-0.42268725697223886,1165
v2_2ddf819a2085,50.0,32.67464043194371,-0.42294394475622354,1166
v2_6a0176077df6,50.0,31.87373520852847,-0.4229862677623748,1167
v2_dc273b0bbb9b,50.0,32.79171424287204,-0.42302678658659154,1168
v2_7ddec81c714a,50.0,31.893601616077426,-0.4232221111080463,1169
v2_05cdbf1cdcd9,50.0,31.875971545356563,-0.42325637437832064,1170
v2_216d7ca9a77b,50.0,32.104876617421596,-0.42341290379902397,1171
v2_aaca0cff071f,50.0,32.12624964358971,-0.42352115731713624,1172
v2_3776049ba8ff,50.0,32.60341159910263,-0.42372353493064097,1173
v2_be33225bad51,50.0,32.21982514867868,-0.42426807792471166,1174
v2_e2225c1a6b20,50.0,32.24781512605041,-0.42427082191450705,1175
v2_b8b66d77c4be,50.0,31.865427318943183,-0.42434189982080905,1176
v2_9ef18531867e,50.0,32.24781512605041,-0.4244254301199595,1177
v2_ca820ddcba1b,50.0,32.01667514599925,-0.4252180521855786,1178
v2_8179994ca69d,50.0,32.268141068913785,-0.4253717776683308,1179
v2_7674e53f162f,50.0,31.914522886827072,-0.42540999820333436,1180
v2_befb319b0900,50.0,32.198038055332056,-0.42542530407761436,1181
v2_a249438df99b,50.0,32.24781512605041,-0.4262565173799562,1182
v2_91b73d838b7c,50.0,31.96805313319805,-0.42646997983701684,1183
v2_2682384a3a5b,50.0,32.425742483373604,-0.4265736805299465,1184
v2_a1ddbf4de17f,50.0,32.24781512605041,-0.4266527118957901,1185
v2_ee7c925322da,50.0,31.607170435415643,-0.4269200729580369,1186
v2_8f3407706800,50.0,32.24781512605041,-0.4269688821280564,1187
v2_391507d1eb50,50.0,32.24781512574557,-0.4270962588297875,1188
v2_1a19d1ac11a3,50.0,32.24781512605041,-0.42716206650884825,1189
v2_5651d3140764,50.0,32.24781512605041,-0.42717390028300706,1190
v2_a55f25fe3d0f,50.0,31.92180181566517,-0.4275141755890681,1191
v2_6405e2dd51b7,50.0,32.301676922484106,-0.42774773295616697,1192
v2_40abfe0895fb,50.0,32.168405704135004,-0.42781715616717797,1193
v2_35a090f21cde,50.0,32.0622760008374,-0.4278367122026472,1194
v2_df7292cc8cf9,50.0,32.256442858484924,-0.42856815052096486,1195
v2_951b664f48f3,50.0,32.24781512605041,-0.429149992457571,1196
v2_3eff80efa81a,50.0,32.24781512605041,-0.4292443837093147,1197
v2_0699a6129925,50.0,32.027906157745505,-0.42930114419414434,1198
v2_8e29c56bfa47,50.0,32.24781512605041,-0.4293508796981813,1199
v2_40aa57c0cd31,50.0,32.94769301134049,-0.42935254219885177,1200
v2_e18dc7e449d8,50.0,31.931190927424694,-0.4293874611397195,1201
v2_307aac964a30,50.0,31.93129885746112,-0.42956253300599556,1202
v2_ec138d8298ad,50.0,31.99658193906814,-0.4296469481149119,1203
v2_8a628f8a0875,50.0,32.2342853043969,-0.4296493823070495,1204
v2_9b7c72e8485f,50.0,32.24781512605041,-0.42973050682949765,1205
v2_c7e30f83a2e2,50.0,31.94623966967687,-0.42999348314596286,1206
v2_3a7d8bdfcb65,50.0,32.2604220231379,-0.4304144240421195,1207
v2_a33200d2f336,50.0,32.24781512605041,-0.4306141771782439,1208
v2_f8630e2a70c3,50.0,44.71143855720728,-0.4306578167841524,1209
v2_6dba2aa139d3,50.0,31.743865305264645,-0.4306664319582092,1210
v2_3e483a0868c4,50.0,32.17817642539147,-0.4310569485948079,1211
v2_899f23ebb3f8,50.0,43.21463456240602,-0.43106566718832173,1212
v2_5481383de2ea,50.0,32.23914734177577,-0.4311110109899223,1213
v2_4ec1b20c9ffe,50.0,32.008723351420414,-0.4311155768810515,1214
v2_1d667ce85e42,50.0,32.23519358163031,-0.4311249162498756,1215
v2_d99143be7336,50.0,31.79636408492249,-0.43121890499891347,1216
v2_c083b8d3c91a,50.0,31.77086091160402,-0.43131917257187435,1217
v2_1db94719b01f,50.0,32.24781512605041,-0.43151467380999087,1218
v2_9359993779d3,50.0,31.931270483586808,-0.43160229849359144,1219
v2_06fe22e63ad1,50.0,32.13451492960619,-0.43199308275275694,1220
v2_e671ba4c3fcb,50.0,31.78392546943657,-0.43245933803841385,1221
v2_316488508fb1,50.0,31.942547371945675,-0.43265176916569814,1222
v2_ce3deb8633fd,50.0,32.24781512605041,-0.4327350659796725,1223
v2_6ce36b4846bf,50.0,31.913085055312695,-0.4328330101305733,1224
v2_dd16ecbec82a,50.0,32.24781512605041,-0.43329004471907506,1225
v2_0a5090bf4d15,50.0,32.098352869420275,-0.4334620834194505,1226
v2_681ceb209bf4,50.0,34.170312800237454,-0.43346367693942955,1227
v2_3c08094a15b5,50.0,32.24781511534842,-0.433836207330919,1228
v2_f90726f25354,50.0,32.24781512605041,-0.43387429772872377,1229
v2_2c94cf4f6ff3,50.0,32.059679276502195,-0.4343594796422714,1230
v2_79622a782192,50.0,31.80958927297949,-0.43446927390002354,1231
v2_23963ab417f0,50.0,32.24781512604987,-0.4345328272344897,1232
v2_cf1412c2fd47,50.0,31.71536662960269,-0.43455339980012475,1233
v2_20d23b965786,50.0,32.24781512605041,-0.43478739644557596,1234
v2_b0a614242573,50.0,32.275579711484994,-0.4348270627170381,1235
v2_ecec41f6a432,50.0,32.16300356004723,-0.43556983251128845,1236
v2_f797a49088f3,50.0,32.24712526283112,-0.4356936276797958,1237
v2_4623c9cb48d5,50.0,32.24781512601974,-0.4364317916916578,1238
v2_5d8bb754b1b6,50.0,32.23144044998779,-0.4364989760854776,1239
v2_57d4590a6d29,50.0,32.25834202726097,-0.4367128375292948,1240
v2_ccf28c9b96da,50.0,32.243624094313205,-0.4367209257811808,1241
v2_69c8058e6906,50.0,32.24781512605041,-0.43716984238363654,1242
v2_5041b9b26634,50.0,31.980952836723603,-0.4372729712371344,1243
v2_ab61736b7b7e,50.0,39.81997094147725,-0.4374731857501821,1244
v2_327fef59a58f,50.0,32.24781509442289,-0.4375813963756858,1245
v2_87b7ede38c14,50.0,36.37332069254321,-0.4377863555901236,1246
v2_8ae42fd33286,50.0,32.046532624649515,-0.4382812332920851,1247
v2_2b2abfe983f8,50.0,32.24781512394113,-0.4387037027268903,1248
v2_20c4abf0f5c1,50.0,31.809867728650637,-0.43897629042452646,1249
v2_81d6495fb2e1,50.0,31.6929734172862,-0.4392908550839092,1250
v2_377045432fd2,50.0,32.497496433852724,-0.43946076130453005,1251
v2_d2bd17fd1400,50.0,32.247815126036905,-0.43949337641068364,1252
v2_10d17aded16f,50.0,32.004769584165714,-0.4397739810669057,1253
v2_c067e1722a1d,50.0,31.961537062123654,-0.4405114586063634,1254
v2_6b238893ed53,50.0,32.24781511181273,-0.44155751736763715,1255
v2_30b04e353b74,50.0,31.95530299926197,-0.4420596890446591,1256
v2_e971a556ee6e,50.0,31.52650192028253,-0.4421355281167534,1257
v2_559a2e5873f6,50.0,32.27142365780543,-0.4426262079274794,1258
v2_b849b007684d,50.0,31.637232143584452,-0.4429476033803583,1259
v2_0ea25c357ca7,50.0,32.282246158084924,-0.44301186251341296,1260
v2_0010e3d00574,50.0,31.568526868936615,-0.4435899500994953,1261
v2_c8c8485dfb79,50.0,32.247405096365924,-0.4436053153805313,1262
v2_be691916c6ac,50.0,32.24781512605041,-0.44410528517107917,1263
v2_d6e4fd230aa9,50.0,32.24781512605041,-0.4441747436768706,1264
v2_d5a960f90145,50.0,31.54301695766581,-0.4442740684753703,1265
v2_19ba276710e8,50.0,33.138636459646435,-0.4452465487306583,1266
v2_1c200199f92a,50.0,32.25707930947891,-0.44555246579860786,1267
v2_3cc384047dd3,50.0,31.7753467014178,-0.4455995829261985,1268
v2_af2c8ea17f2d,50.0,31.52873054869444,-0.4462250194550359,1269
v2_f6606a3bd918,50.0,32.271638123831536,-0.44646963668121575,1270
v2_cdcfb2d949ac,50.0,31.75921840075337,-0.4471702350227167,1271
v2_b4daec7f4c72,50.0,31.821927496308728,-0.44718849138136196,1272
v2_9cdb0aebd98f,50.0,31.95623692949941,-0.4474760632217132,1273
v2_014cd18420a7,50.0,35.65496018665626,-0.44759082439671616,1274
v2_30df567873a8,50.0,32.246956260643,-0.4481541241096174,1275
v2_d69b45185c83,50.0,31.8473248924673,-0.44898393107185264,1276
v2_f68d92a64c03,50.0,32.24781512605041,-0.44899935857438056,1277
v2_f07fb58fe427,50.0,32.24781512605041,-0.449340800911588,1278
v2_76ecd6f93bc5,50.0,31.54964268093115,-0.4495954320320701,1279
v2_a27d9d560959,50.0,32.06400144048291,-0.4503704478892878,1280
v2_dc3bc5a4d7d4,50.0,32.2478151260503,-0.45057544249750325,1281
v2_663da91e43de,50.0,31.811865029374253,-0.45059675717665826,1282
v2_e6736f73af39,50.0,32.24781512605041,-0.4507183148081424,1283
v2_41815701a59a,50.0,32.24781512605041,-0.4511071173489336,1284
v2_26a8d18a1923,50.0,32.24781512601899,-0.4515571381974288,1285
v2_2e8c9c409042,50.0,32.24781512605041,-0.4516035403734211,1286
v2_a84b95bbb109,50.0,32.24781512605041,-0.45176028508520005,1287
v2_f9f6d15abbab,50.0,32.445037786916046,-0.45191423690512433,1288
v2_fea4bf724de0,50.0,31.709738016811475,-0.45199691087849914,1289
v2_0a6f7f5d92e5,50.0,35.60390585898,-0.45202265689662724,1290
v2_9162e4ac5507,50.0,32.65231509055945,-0.45239427669254617,1291
v2_73a9022f8f6e,50.0,31.715874665734827,-0.453036177840791,1292
v2_b75b80e63c12,50.0,41.7642151336316,-0.4532961350050497,1293
v2_b7ce61709f92,50.0,32.052420068542396,-0.4533225186809675,1294
v2_c65072ac6359,50.0,33.06310374920245,-0.45338387187601015,1295
v2_b68cd3327846,50.0,33.124611436416515,-0.4535236479732072,1296
v2_76027c010a5e,50.0,32.24781512605041,-0.45418295373794226,1297
v2_c29f063616d6,50.0,32.247815088620754,-0.45433334466934827,1298
v2_46bdd1fd6750,50.0,32.233531912861565,-0.45445218042984425,1299
v2_05cd4c66e75f,50.0,31.916163057037068,-0.45480467949607384,1300
v2_c0c81c38b6a9,50.0,31.520299518763437,-0.455309195553105,1301
v2_3fef9acb1d4e,50.0,31.45401507379681,-0.45542205539470615,1302
v2_676251a9e78f,50.0,32.24781512602805,-0.4557313478465934,1303
v2_f59dbd9b96c2,50.0,31.75805390936996,-0.45617697577124705,1304
v2_52cf645f7d1e,50.0,32.24781512605041,-0.456581194189023,1305
v2_fd6824aeccbb,50.0,31.52658385443007,-0.4567344545987648,1306
v2_828f26a8dfb6,50.0,32.38921657762479,-0.45774192994163787,1307
v2_06826e442439,50.0,32.24781512605041,-0.45830525960172164,1308
v2_c3726174e45d,50.0,31.598890782925128,-0.4583840124197982,1309
v2_8105f89b1e91,50.0,31.400728011442556,-0.45848674635239384,1310
v2_d8e0243376ca,50.0,32.390275582417736,-0.4585393375859992,1311
v2_93e66ceff5e2,50.0,31.662906175900403,-0.45885865891147404,1312
v2_c513810cae3c,50.0,33.04149733246039,-0.45888574480199296,1313
v2_300bb23dbafd,50.0,32.48090496059702,-0.4590021997626863,1314
v2_e4e74e8e0d1e,50.0,31.491148362222017,-0.45924836962734883,1315
v2_e91f5a6c9e68,50.0,32.66366387053153,-0.4592590728106085,1316
v2_eacc54d43a25,50.0,32.24116069219737,-0.45935457004704805,1317
v2_eef3aa4b6110,50.0,31.72460971919754,-0.45939202210738994,1318
v2_8a6407ee9b27,50.0,31.79698833426413,-0.4603525413760341,1319
v2_151e6dffb039,50.0,32.24781512605034,-0.4615906311481517,1320
v2_0044ee082fb7,50.0,48.78234024923223,-0.46161789685928856,1321
v2_2e3a3ec582a8,50.0,31.199049408046225,-0.4616310859870234,1322
v2_b0c2d0cb52b5,50.0,32.24781512605021,-0.4623276740242517,1323
v2_cfbc28decfcd,50.0,32.24781498570818,-0.46249669906644275,1324
v2_9ba7154536d5,50.0,31.61232213076227,-0.4628947828438683,1325
v2_5ecd96a623fb,50.0,32.247815125998464,-0.46369005770646776,1326
v2_7de40a0c2ffc,50.0,31.403362955182402,-0.46400507078682995,1327
v2_1d3cc2989167,50.0,31.355717757611814,-0.4644965211292833,1328
v2_b5582b6f79e2,50.0,32.987945620866704,-0.4647795630482161,1329
v2_524e90edea55,50.0,32.24781512604674,-0.465141855862357,1330
v2_a93600c38ced,50.0,32.20180717617771,-0.4660314764618745,1331
v2_60f02bc8a042,50.0,31.35097825567336,-0.4661158420127345,1332
v2_8c01e4da4830,50.0,32.25635481362258,-0.46620934876980513,1333
v2_63010dfdd468,50.0,31.5610892532514,-0.4666232320530108,1334
v2_83290e1e0d37,50.0,32.16537549248084,-0.46695065001756486,1335
v2_c53dc124f668,50.0,31.434891000923542,-0.46764356370463034,1336
v2_9e4c26ef0e31,50.0,31.066828488219087,-0.4690329900661707,1337
v2_6f5f1fbebc6a,50.0,32.516143984267615,-0.4692406725733287,1338
v2_e8776a16eb40,50.0,31.38567923116608,-0.46924103631888237,1339
v2_1ec61f53f9d8,50.0,32.21888115667075,-0.46980569729122035,1340
v2_04c5dfb4cc34,50.0,31.41867130194813,-0.47070572860284265,1341
v2_2715592fe788,50.0,32.218330797840004,-0.4708830071207748,1342
v2_26f26193a74b,50.0,33.443316526969035,-0.470946902446971,1343
v2_6dec6a45a449,50.0,31.44992328314152,-0.4717288648897373,1344
v2_840c18113bfc,50.0,32.24781512545808,-0.47181847555027634,1345
v2_8c2fe904e779,50.0,32.23576795025922,-0.4719692204992887,1346
v2_4c30894ffddd,50.0,32.03222624654175,-0.4723186281679501,1347
v2_363356d2d10d,50.0,31.373942391117154,-0.47262997936413687,1348
v2_269cac6d66dc,50.0,31.32276186302329,-0.47266999348575034,1349
v2_7999b1b91c5d,50.0,32.24747148123796,-0.47271101415644434,1350
v2_fe8b15c7924d,50.0,31.39307966876135,-0.4728137937318504,1351
v2_f4bd9ded6b24,50.0,32.15675948415732,-0.47339858141782987,1352
v2_7fcd2d8d167d,50.0,32.24781512101319,-0.4735057109528613,1353
v2_931d4a47dded,50.0,31.39422560788853,-0.4737273596552045,1354
v2_7048bc3b7175,50.0,32.247815113259776,-0.4744919750852148,1355
v2_07bc625038a2,50.0,32.806951399257386,-0.4755714981317949,1356
v2_d8ec567f83fc,50.0,32.46049782697947,-0.4761871516679932,1357
v2_f00a12be21f6,50.0,31.85268866792703,-0.47622530358848536,1358
v2_0af190e5f162,50.0,32.091713412546014,-0.4767508633389257,1359
v2_969ede545844,50.0,31.491324904575833,-0.47787043647910643,1360
v2_2f1cf3a381f9,50.0,31.28068755639363,-0.478077766960074,1361
v2_9da779bb692b,50.0,44.089532645731325,-0.47869209190166817,1362
v2_4709efc62405,50.0,31.980373403568667,-0.47918021155378554,1363
v2_e155eff851f9,50.0,32.247814500471414,-0.4791835127860571,1364
v2_ab1cfe9386dd,50.0,32.24737927563094,-0.48002397364093863,1365
v2_86cffefab863,50.0,31.200567066011523,-0.4802084885411917,1366
v2_db224d1c725d,50.0,32.24781272302344,-0.4802123595822936,1367
v2_8025ce0a8df5,50.0,32.10292048143106,-0.48028412377078045,1368
v2_051987386ba0,50.0,32.99376331369877,-0.48045320748445963,1369
v2_740b7f313b75,50.0,32.24779688235968,-0.48054174983295095,1370
v2_11a0dca398a9,50.0,31.75301706281323,-0.48137981075477576,1371
v2_71a654084d43,50.0,32.19851813999262,-0.4819886857870799,1372
v2_7b0d89186c7e,50.0,32.24780722502804,-0.4821853072143929,1373
v2_48ba50e00ef0,50.0,32.28194649346232,-0.48223151636018,1374
v2_2c86c94a47ad,50.0,32.247814842831694,-0.48267536818237566,1375
v2_8f1e4e529c1b,50.0,31.378146171718182,-0.48311934433139747,1376
v2_dfeb122cfd09,50.0,31.03843856774382,-0.4831956148653891,1377
v2_245c08a2bc36,50.0,31.734303338378055,-0.4831981944581205,1378
v2_956a63271852,50.0,30.86333934528514,-0.4846926603137156,1379
v2_b04ff8b1afe2,50.0,32.509175470964415,-0.485271102941895,1380
v2_5b378eb41457,50.0,32.24767736966749,-0.4857321470033815,1381
v2_772035cee8dc,50.0,31.013310715640838,-0.4864993922324796,1382
v2_7135001047ce,50.0,32.24754038529848,-0.48678261659035904,1383
v2_5a8499fd30cb,50.0,31.598913897352816,-0.48722484712256975,1384
v2_0718bc821523,50.0,32.2649905264075,-0.48746310213005284,1385
v2_ad3c9749782e,50.0,32.96630579305885,-0.48782753267896695,1386
v2_0d529d2ed378,50.0,32.49407939979405,-0.4882200134671528,1387
v2_4320f9584e18,50.0,30.82499971923787,-0.488710285942501,1388
v2_0d79e16de587,50.0,32.02434764792334,-0.4895498785884822,1389
v2_3ccb95622ab5,50.0,31.53854177720997,-0.48976744731881716,1390
v2_748977542dc8,50.0,32.2414515413477,-0.4913624103684624,1391
v2_014d7fc9dd77,50.0,49.39813459083044,-0.49196433568152376,1392
v2_7afbb72c707a,50.0,32.24781512605041,-0.49203619928403786,1393
v2_396121b02393,50.0,31.26781004445509,-0.49222358553410483,1394
v2_afe64613dec6,50.0,31.259838813482176,-0.4922253174267137,1395
v2_57b68e8c7992,50.0,32.58341883826413,-0.49232446934736984,1396
v2_28abc0254795,50.0,32.201692259861446,-0.49301043324353255,1397
v2_a90767fddd35,50.0,31.196017782991568,-0.4944359397745517,1398
v2_f45997328421,50.0,32.10556480183487,-0.4949398745768008,1399
v2_1e43fcd052ab,50.0,32.22114021382499,-0.49761754526364843,1400
v2_2b5b9c797083,50.0,32.146355529830664,-0.49765088987993256,1401
v2_b5b7cb44157c,50.0,32.24350120955192,-0.4977377716156006,1402
v2_335d69f6097d,50.0,32.24201159804954,-0.49774691686374606,1403
v2_dc629d79f25f,50.0,32.35981059184961,-0.4982918126926732,1404
v2_88d307cb5400,50.0,31.04194834440723,-0.4983426440836425,1405
v2_e1c7e1b7d4ba,50.0,32.24201554845797,-0.4988404727470259,1406
v2_87968bc24d4b,50.0,32.27160293211733,-0.49889028132819746,1407
v2_b651aaabf92b,50.0,30.962088091973417,-0.49893031705786584,1408
v2_ef34240eedc6,50.0,31.889393882859842,-0.49908573690342095,1409
v2_b6708c2da23d,50.0,31.780686158109905,-0.4993852233690861,1410
v2_e16473a47a0c,50.0,31.260262806432287,-0.4994283526110994,1411
v2_ffbea511fe06,50.0,34.01096167249273,-0.5004459301143358,1412
v2_6967be12c00d,50.0,32.17066791336179,-0.5013421154726485,1413
v2_2ffa0fe1a3f8,50.0,34.105993261638616,-0.5015514741721621,1414
v2_f845affc6af4,50.0,32.23559646293227,-0.5019585508637965,1415
v2_f83d03483e5e,50.0,30.72294445643779,-0.5022401807086752,1416
v2_218f4b688b03,50.0,30.98735943461276,-0.5022795821950998,1417
v2_deac960f14aa,50.0,31.105955315409748,-0.5032984497422524,1418
v2_ff70f6278920,50.0,30.95668620566574,-0.5039209103250855,1419
v2_2b0d99446deb,50.0,31.57186179095555,-0.504174279180865,1420
v2_cbd2a46d9115,50.0,35.796581159011126,-0.5045837007417378,1421
v2_8cc49828b00d,50.0,31.491646880703748,-0.5046323234048424,1422
v2_648b2560a986,50.0,30.87684450063691,-0.5058514111375141,1423
v2_f2a43fe70fd8,50.0,47.4641940388379,-0.5065166910124619,1424
v2_e37446864585,50.0,32.551374137432425,-0.5072461190187676,1425
v2_fbac29579caa,50.0,32.67718374378443,-0.5073157236298629,1426
v2_cb3a686f0f53,50.0,32.21353137545544,-0.5074370559075199,1427
v2_96989c95d832,50.0,30.66480269998096,-0.5077569206969637,1428
v2_ad17fff3908a,50.0,32.93097246060455,-0.5078061414276647,1429
v2_29fef6c2388b,50.0,32.143180642125046,-0.5078616610777695,1430
v2_6a4667faec0d,50.0,42.40547741112998,-0.508383689573404,1431
v2_1cc9f71060e8,50.0,32.52633469702715,-0.5086853631576096,1432
v2_106f13b58ffa,50.0,32.06726165450495,-0.5099041927534005,1433
v2_8a6be73c54f6,50.0,30.955490616168298,-0.5100054452892122,1434
v2_b284a880753b,50.0,30.729106835234866,-0.5101152375950662,1435
v2_dee16618b5f7,50.0,31.730353147336647,-0.5104226043241864,1436
v2_3bfe9a5f5eb7,50.0,32.053290339989466,-0.5107814662042545,1437
v2_aad9e43ff816,50.0,35.12022921853978,-0.5123467385450784,1438
v2_d6fc93745ed9,50.0,47.54874522090093,-0.5127431256206592,1439
v2_75302c819c12,50.0,32.9072826397036,-0.5133900590215257,1440
v2_052669af2a8a,50.0,31.90013472681631,-0.5138353005403902,1441
v2_d96838874132,50.0,30.540093348004554,-0.5145755444805253,1442
v2_e7b0bf687b6e,50.0,31.340329204782485,-0.5146276010559028,1443
v2_b33353bc1c9a,50.0,31.00361222298497,-0.5147490615175778,1444
v2_b78d60edaad0,50.0,31.9935543628145,-0.5155614212715989,1445
v2_7e28ea5e33b3,50.0,31.6762356674007,-0.5157247886513412,1446
v2_f229f96a777f,50.0,30.53758175831461,-0.5165108694769174,1447
v2_ea8382c927b7,50.0,34.583862124547835,-0.5169611804611067,1448
v2_6d2d7130a002,50.0,31.749825782764663,-0.5173139061826895,1449
v2_f87f77ae3ae0,50.0,32.59069444915184,-0.5196277671779663,1450
v2_dbe51c29db53,50.0,30.84017602766361,-0.5202625845970346,1451
v2_dea41dd3d2e5,50.0,32.48781743410311,-0.5206936431752682,1452
v2_98299d941ca6,50.0,30.84080544631392,-0.5215076938048426,1453
v2_37df6dba5051,50.0,32.9784253708436,-0.5220443869137936,1454
v2_837b376b11b3,50.0,29.95854633239748,-0.5223414618855813,1455
v2_531d50b31df3,50.0,30.663058627634726,-0.5225482839984448,1456
v2_c7496e7670c4,50.0,32.24781512605041,-0.5226342155475345,1457
v2_a2b95381c487,50.0,32.247815117651385,-0.5227971088639807,1458
v2_b650733984b4,50.0,50.27355136781473,-0.5231962058256885,1459
v2_bff3ab4efcde,50.0,31.902114138442947,-0.5240958909291935,1460
v2_7ace32ef4e83,50.0,31.47561546013835,-0.5243862224351066,1461
v2_2c32184ff358,50.0,31.536302544580423,-0.5261516119434404,1462
v2_f63f0ef15d32,50.0,30.688694587312092,-0.526459601088006,1463
v2_042457fd0866,50.0,31.58909404050292,-0.5265636198124968,1464
v2_e60ad9219526,50.0,30.449174601658036,-0.5273577142357437,1465
v2_d032a246394e,50.0,31.272334974562927,-0.5275511925526635,1466
v2_60f71eed7107,50.0,31.62544317118634,-0.5275584759993928,1467
v2_360e9f9111e5,50.0,31.728352697252454,-0.5277526346871024,1468
v2_958d53d08ec4,50.0,31.752776526882126,-0.5306337013485622,1469
v2_3b4df3f08027,50.0,30.75604134237147,-0.5307075360861964,1470
v2_1bbe5827d67c,50.0,35.14177048746747,-0.5316018172316621,1471
v2_d2b82594e297,50.0,30.822438809749823,-0.532346876697102,1472
v2_fa361ffe9432,50.0,30.4423321585256,-0.5324870761115434,1473
v2_a84a8aa32017,50.0,30.814957315003205,-0.5325218626643808,1474
v2_c4a577ddc963,50.0,31.069035661943794,-0.5349737146772897,1475
v2_c7995ea543fc,50.0,31.25758371757227,-0.5375196431630203,1476
v2_78de645510c5,50.0,31.61148698938289,-0.537876056821645,1477
v2_b673d9cd4de3,50.0,30.386800534630403,-0.5385372697080566,1478
v2_234c2dde389a,50.0,30.5530837260296,-0.5389203032581387,1479
v2_3f7477caacfa,50.0,35.16555243320805,-0.54008209608077,1480
v2_9aed6bbf0c59,50.0,30.59366755180018,-0.5401618561957493,1481
v2_2693d78374d3,50.0,36.46479818770958,-0.5403489112923099,1482
v2_bcea15a5a51e,50.0,30.23106952489713,-0.5404153710567785,1483
v2_8ae1c0deb444,50.0,35.448810060272166,-0.5405953748587358,1484
v2_98a4d489a188,50.0,32.24781512605041,-0.543736866448775,1485
v2_054b7dd71ec5,50.0,30.382314611100067,-0.5449567562239919,1486
v2_9a47757fac76,50.0,31.53021016903629,-0.5458377234383054,1487
v2_0f2d33a132db,50.0,31.53165712085712,-0.5462128784266653,1488
v2_01c2bfc610c5,50.0,31.29902601931024,-0.5469210074714743,1489
v2_f51aabe6ef56,50.0,30.793176147177906,-0.5469941000665495,1490
v2_d218a3c7546e,50.0,31.299883441500313,-0.5481736299550235,1491
v2_60fe1e81a4f9,50.0,43.89702016277254,-0.5486768980812053,1492
v2_abfdf62582a2,50.0,31.226726708132574,-0.5493980364867275,1493
v2_953d431cbce2,50.0,51.81145846736439,-0.5502315806930431,1494
v2_bd47635837fb,50.0,29.73769123012044,-0.5506863290964903,1495
v2_587138a4acc9,50.0,32.5888353147814,-0.551361692335524,1496
v2_8ae6f8e86dde,50.0,32.662434010565775,-0.5516023731427389,1497
v2_de31341eb316,50.0,32.5711500682781,-0.5519522499061038,1498
v2_052d305d21fc,50.0,29.96287464815373,-0.5520224736938166,1499
v2_324151947a0d,50.0,29.396828306705157,-0.5525857941281096,1500
v2_399f9bc8464e,50.0,30.57921385724238,-0.5527521033727805,1501
v2_a5a7b7e4e3bf,50.0,31.20050834494538,-0.5527639534792899,1502
v2_33da4470c766,50.0,30.043470362720413,-0.5532312545594911,1503
v2_6ea981c27f30,50.0,32.042660546441454,-0.5534091860409811,1504
v2_8652c25244bd,50.0,37.290788368267904,-0.5556680956788584,1505
v2_f2caf1a35eb1,50.0,43.526544078336244,-0.5559189939577083,1506
v2_e98c8b2af097,50.0,30.33850766890604,-0.5563999978403738,1507
v2_570000c563fa,50.0,31.035246901974087,-0.5582434253325257,1508
v2_dd2208e0fd37,50.0,31.253869668581398,-0.5582507797383256,1509
v2_93c3ee991807,50.0,31.27711536954255,-0.5586100180790767,1510
v2_cec46a5f35aa,50.0,32.01547249638239,-0.5587784102937672,1511
v2_34dc3f4819bc,50.0,50.42161987254674,-0.5596584565861589,1512
v2_903b935cd410,50.0,31.289037034162916,-0.559722125979536,1513
v2_bcafcb6eb99f,50.0,35.77980765788058,-0.5598447710401739,1514
v2_e70fc198c986,50.0,31.17326001805586,-0.5605168939207816,1515
v2_f9e4c0a6cbd4,50.0,30.132356820876986,-0.5608276737718842,1516
v2_7b065193e491,50.0,30.595331066265388,-0.5612688179042413,1517
v2_d951c7bf2fba,50.0,31.876566063635497,-0.561373543798326,1518
v2_3bfd23617124,50.0,31.001201309912148,-0.5620466172502283,1519
v2_5faed72f638d,50.0,30.443364456717383,-0.5620895140742048,1520
v2_c5c25dffdeb8,50.0,30.601506540093066,-0.5623142528753728,1521
v2_674759f8ebbf,50.0,32.60405354128533,-0.5624995139490041,1522
v2_6b4b54231c20,50.0,31.192347294499235,-0.5625693131167102,1523
v2_d8f7c550a04f,50.0,30.12609825609464,-0.5648867647139193,1524
v2_dce3c22bbf8f,50.0,30.73343587924014,-0.564937587430383,1525
v2_8829739a49be,50.0,29.98064112093409,-0.5658915245098779,1526
v2_2f3c37d65f31,50.0,30.426175581303507,-0.5661594431626193,1527
v2_cfc8a6e3117d,50.0,31.068514730572502,-0.5664178993963649,1528
v2_4f488fe8a329,50.0,30.13833096027995,-0.5670087221956832,1529
v2_8df3ff387097,50.0,31.327939134254514,-0.5677120264359177,1530
v2_dc3936a88d06,50.0,31.201103865237936,-0.5678956566747848,1531
v2_a75b273bcef7,50.0,29.709673646637317,-0.5684421326749813,1532
v2_fb34d7e85d9b,50.0,31.526514149901708,-0.569372841892787,1533
v2_1bcab034ae5d,50.0,29.581739638969413,-0.5698111795829117,1534
v2_1c180a733601,50.0,30.140517625364648,-0.5702786956275654,1535
v2_ffb5495c0e0f,50.0,32.000890327414595,-0.57074704212038,1536
v2_94c962d25729,50.0,30.633381738458013,-0.5722308906991644,1537
v2_ab559ac76d50,50.0,30.281508676784913,-0.5722418667686249,1538
v2_eb44b92f13a1,50.0,30.125369153867645,-0.5723646126149005,1539
v2_130b614e8761,50.0,31.04069175937882,-0.5746961825951393,1540
v2_6b8661f16f16,50.0,31.12305524511359,-0.5749578646099547,1541
v2_13831b9c3092,50.0,33.15975604616406,-0.5750124272208952,1542
v2_819bcdaf4c72,50.0,31.93797870823729,-0.5754477119742978,1543
v2_ddf5b4a51814,50.0,30.131805132058375,-0.5755512262771569,1544
v2_45e81f8dbfb9,50.0,31.479626557091354,-0.5765377806425773,1545
v2_621f9714e479,50.0,33.04226038267904,-0.5774981994678798,1546
v2_5f566568294b,50.0,32.076142240625295,-0.5779202874005929,1547
v2_07b4e88a3c4f,50.0,30.74204750117638,-0.5782765691092315,1548
v2_0db87eb31371,50.0,35.25095795282574,-0.5784607558278507,1549
v2_f2a317df4bc7,50.0,29.66847153623183,-0.5789149425689288,1550
v2_26d796050686,50.0,30.326004031625683,-0.5813233610931308,1551
v2_92f3a346a387,50.0,31.57634501268462,-0.5815112656392412,1552
v2_eb11d6d04451,50.0,30.927943157684794,-0.586031063209794,1553
v2_d7226a353343,50.0,29.638203046719237,-0.5868958154691901,1554
v2_9527f10ef7c1,50.0,29.889396246800825,-0.5870556270308329,1555
v2_51c75c399f77,50.0,30.81893289226896,-0.5871839852587799,1556
v2_003179510d6c,50.0,30.691650633942643,-0.5875184812285967,1557
v2_687e0c8e2b7d,50.0,30.32344305985035,-0.5879507784726021,1558
v2_aed091e89d3d,50.0,32.192651572388364,-0.5901439684744654,1559
v2_0112b4aafe7e,50.0,33.278430434125,-0.5907288325359685,1560
v2_058b12cca9a9,50.0,28.86031394608014,-0.5930330438850806,1561
v2_3ac10cc2067e,50.0,34.85066516064609,-0.5936274136058763,1562
v2_a18f366d6fa9,50.0,30.338244580779147,-0.594605062413545,1563
v2_a0b1f2baa798,50.0,32.24509040980006,-0.595469467669342,1564
v2_611293e1bf6b,50.0,29.986709617112336,-0.5977660629454755,1565
v2_3b1a9ac0e7cd,50.0,29.250551128083647,-0.5995863079904149,1566
v2_176d01a01c64,50.0,32.589928900782006,-0.5997581233100133,1567
v2_7add013eb0bc,50.0,29.682548789011253,-0.6003759484558104,1568
v2_95add3bc8134,50.0,32.49172712904788,-0.6009248490266152,1569
v2_2ec94ae40ae7,50.0,32.85204767505589,-0.6019939898307864,1570
v2_f0608171138e,50.0,45.656234733175836,-0.6047724376996149,1571
v2_255194ec59ea,50.0,29.508568784572834,-0.6054074564958123,1572
v2_6517d9445131,50.0,30.640881357809047,-0.606073431166192,1573
v2_4cebbbce01ba,50.0,29.103384247235685,-0.6066423144303315,1574
v2_4c2922c3a409,50.0,30.56864380255586,-0.6069990342141223,1575
v2_623e738d97f3,50.0,32.61391524003083,-0.6087035400431775,1576
v2_013a0e61b646,50.0,33.96131187393412,-0.6087980740927774,1577
v2_4a5d70d10959,50.0,30.602000490146878,-0.6091013104351584,1578
v2_adb2a000a5e9,50.0,35.70351520702035,-0.6093115326651573,1579
v2_ddde80d6b4a9,50.0,30.12252464895224,-0.6095414426653685,1580
v2_b4f893feebef,50.0,29.64081716562726,-0.6099634903775657,1581
v2_f33a1c48d66d,50.0,29.370406095936715,-0.6100941348850863,1582
v2_70a2c766055f,50.0,29.175647697775403,-0.6108336288836211,1583
v2_814da5dabb76,50.0,32.3390953412912,-0.6109905121149017,1584
v2_6f5273bc5d7b,50.0,32.591212765297755,-0.6115037521777298,1585
v2_d6bbea62f6a8,50.0,29.857630817815398,-0.6117006593662548,1586
v2_e9c34f498306,50.0,32.16113346273311,-0.6118353597986301,1587
v2_7f6ed0dfda58,50.0,30.540897970791438,-0.6119553922626357,1588
v2_a5e5855ad4ee,50.0,30.436825707618624,-0.61221295700817,1589
v2_b56fc3617af8,50.0,30.040184202695514,-0.6124431902863874,1590
v2_0de311daadd9,50.0,30.118887615545056,-0.6136152672416229,1591
v2_24199bbf7e63,50.0,31.922688208227303,-0.6139441207085774,1592
v2_76937b248d6f,50.0,31.258873204207678,-0.6143948937985675,1593
v2_06abf932cd3e,50.0,29.59276934034212,-0.6144864192131578,1594
v2_19a62b992db6,50.0,30.30733145906125,-0.6160613226780187,1595
v2_f92e7efc7a5d,50.0,29.573489008136658,-0.6176461786574032,1596
v2_49734b2f0bf2,50.0,45.337273990780226,-0.6179611545505201,1597
v2_d25965b4d1ed,50.0,29.859700033855038,-0.6184535314191066,1598
v2_557f92cd02f3,50.0,30.780388818592343,-0.6198115979661534,1599
v2_e7e005f70ed0,50.0,30.470386985477962,-0.6204472539020909,1600
v2_8c555548b4fe,50.0,33.444688704363394,-0.6207409339880714,1601
v2_be628b0bc91d,50.0,29.700331282286683,-0.6207996445933004,1602
v2_f8e89b53ab31,50.0,29.53437154288871,-0.6212858930888832,1603
v2_f09d6a0ac9f6,50.0,29.99620639718826,-0.6221945979643957,1604
v2_27737777d183,50.0,44.36983689535431,-0.623275355719044,1605
v2_3500723f4e08,50.0,30.285362135733113,-0.6233529623055496,1606
v2_c39f08c77321,50.0,29.328540420083232,-0.6248586598621646,1607
v2_bf3d62e2a66b,50.0,32.30361821381002,-0.6253846507635386,1608
v2_6df7b1bd2e25,50.0,30.263336700133763,-0.6254077905492261,1609
v2_c9cf57913d6e,50.0,29.13782378626878,-0.6257287500841668,1610
v2_9116125524ce,50.0,29.660155236754555,-0.6260120406053451,1611
v2_cbcc08e8eda1,50.0,29.33906373117583,-0.628994520687189,1612
v2_b5c1ef255109,50.0,30.65579589969355,-0.6292845925284025,1613
v2_ef9a106fbc43,50.0,29.786792203990093,-0.6296824547399362,1614
v2_76317fb8b27d,50.0,30.013096109420054,-0.630735355912508,1615
v2_e11f77f26170,50.0,28.57502774455206,-0.6313236084182012,1616
v2_d1d0fb9cfde9,50.0,30.145870145692676,-0.6322924616467693,1617
v2_dccb112c9181,50.0,30.62274727395001,-0.6330791105977029,1618
v2_b4cdd30230de,50.0,31.882611952771786,-0.6336386836976002,1619
v2_3d4e602b8ade,50.0,30.71837368126267,-0.6338472516163094,1620
v2_ac17ef1604dc,50.0,28.528341329595122,-0.6346366021184036,1621
v2_a558d7f94cb6,50.0,29.758455190542648,-0.6359132129674556,1622
v2_cce86339bc79,50.0,38.596244361979316,-0.6363749514814234,1623
v2_6f702485fdc5,50.0,30.1370716760551,-0.6366401955658167,1624
v2_1fd0984d66d2,50.0,31.46017394024153,-0.6402247929174969,1625
v2_47f4045871a6,50.0,35.252749465194654,-0.6404122065429458,1626
v2_15c1cabe94ee,50.0,29.800814536261363,-0.6404345978375039,1627
v2_4728a7fdde4d,50.0,30.879807223373792,-0.6410903037305067,1628
v2_87dd3727134e,50.0,29.971033448693767,-0.6430851410321967,1629
v2_105e68c6a22b,50.0,29.094258429327812,-0.6435084872284929,1630
v2_25e724406def,50.0,31.70070438154397,-0.6444212899393476,1631
v2_b700dfad80ec,50.0,29.442870427780097,-0.6446352418601444,1632
v2_aed7bc4aab4d,50.0,29.82999254167361,-0.6468992314825224,1633
v2_a8b62273f0bd,50.0,34.88814832629665,-0.6469528365304962,1634
v2_8cb5436048c1,50.0,28.719546280333383,-0.6482667353272058,1635
v2_ae1ba330910a,50.0,30.91266982834521,-0.6511212228103895,1636
v2_f97376bd8496,50.0,29.51355255791934,-0.6517194910204367,1637
v2_7c92a8f97e60,50.0,31.835043318644765,-0.6522517998604274,1638
v2_cd6dfe4d7846,50.0,32.899233428949074,-0.6566797303817085,1639
v2_6ea90424a092,50.0,31.544986285927905,-0.657466884058957,1640
v2_8eee6a3cec7e,50.0,32.08721904793302,-0.6583404380393096,1641
v2_06554ad752af,50.0,29.034463431672936,-0.6590200583379895,1642
v2_de0abecdcb09,50.0,31.076418530529992,-0.6592962847850208,1643
v2_9cf76a5fa2ac,50.0,29.409328268732157,-0.6596474164483359,1644
v2_31b70ba89879,50.0,28.842720757186513,-0.6601468315699357,1645
v2_3810895a151d,50.0,32.05304745045113,-0.6608873791233689,1646
v2_e34191317876,50.0,30.288524400710536,-0.6614869272279273,1647
v2_e570b6226c0f,50.0,28.220215739104024,-0.6632367006412014,1648
v2_22ba43128219,50.0,29.599171422835795,-0.6632628930172206,1649
v2_50cf6299c1e7,50.0,29.733622188600833,-0.6634318448612744,1650
v2_902f1c39e4f2,50.0,28.865256421087203,-0.6637630797681942,1651
v2_b7715957a89f,50.0,31.859274702138762,-0.6640496137932992,1652
v2_82aae4d87fad,50.0,33.13287054537755,-0.6642856834894086,1653
v2_8ab50b72c311,50.0,29.470089300192523,-0.6657190949017124,1654
v2_bd8c4e2ecdd2,50.0,32.036056311979046,-0.6662618405213205,1655
v2_9d7b7899368e,50.0,31.305699999977506,-0.66672605262126,1656
v2_4e125731991b,50.0,29.88746393480896,-0.6703889190679346,1657
v2_cdea8097a709,50.0,29.695939093495976,-0.67128599697309,1658
v2_ac2667dbfd66,50.0,28.078536092179696,-0.6718403147196632,1659
v2_3091f0e841fb,50.0,32.247738874326465,-0.677118260394364,1660
v2_c4414efb0a85,50.0,30.05297400292856,-0.6786011889805463,1661
v2_2ee04ebee9a6,50.0,28.597734537232995,-0.6788548461034836,1662
v2_01fe74c38376,50.0,29.370969042130678,-0.6817473041663709,1663
v2_8250b82b5780,50.0,27.684932606734307,-0.6853372296882254,1664
v2_29beaf174bca,50.0,32.47578050791123,-0.6856141869789365,1665
v2_ac6d80d91783,50.0,30.921325058630483,-0.6862718339543212,1666
v2_4b5f0f999c95,50.0,30.14609006430578,-0.6865204698813523,1667
v2_19c2fbfbd247,50.0,28.505599402576706,-0.6883129744568874,1668
v2_bd0a02f26302,50.0,29.23452365530541,-0.6884200668494875,1669
v2_bc41c57d5a70,50.0,30.728378469559374,-0.6892851058149523,1670
v2_971ad674a441,50.0,29.28333718840051,-0.6897914682219151,1671
v2_87e4605e82d4,50.0,30.735696612295545,-0.6898297316647959,1672
v2_5adf1fdf97cd,50.0,31.627779091738276,-0.6912240244832368,1673
v2_9568095b1a58,50.0,30.149141017376095,-0.6915771521221421,1674
v2_7b575899e018,50.0,32.44670940586959,-0.692163797283265,1675
v2_fcd24b9df7e1,50.0,28.8899045217854,-0.6930792363558522,1676
v2_06b91735447a,50.0,31.065690622629308,-0.6943243046441685,1677
v2_649af934ddc8,50.0,53.46136418553145,-0.6948577823781799,1678
v2_66a0e2c3ece7,50.0,31.83564211896136,-0.6950707608623539,1679
v2_0bee977d70f9,50.0,31.19780402377788,-0.6952429685035879,1680
v2_0a3bce5e5599,50.0,54.058133985962854,-0.6977792487026466,1681
v2_894a7b3a3939,50.0,27.50140634097646,-0.6977884336143312,1682
v2_3a19414aeec9,50.0,36.20704727121071,-0.6978180578498856,1683
v2_ba6ad657b87e,50.0,27.229633570725383,-0.6991177192242359,1684
v2_3a3005fea889,50.0,27.458844527541398,-0.7026313077618465,1685
v2_2d648a05f4cd,50.0,27.589199909282886,-0.7041733897999496,1686
v2_89ef933fa3c3,50.0,28.57153899918989,-0.7066364108070244,1687
v2_2201b6c0f3c1,50.0,32.23773247200327,-0.7077221097063857,1688
v2_1a9a5f60b300,50.0,29.057829252596783,-0.7079633177487485,1689
v2_c8bfa738af68,50.0,31.00192692246559,-0.7110521375548791,1690
v2_eba6bf1dfb2a,50.0,31.813943086955433,-0.7117493478435524,1691
v2_8d1eb6c07d58,50.0,27.04949170764762,-0.7123200428260796,1692
v2_7a477aa43154,50.0,30.022638150104466,-0.7128273568883783,1693
v2_84db05c67628,50.0,33.33370359535413,-0.713295187299333,1694
v2_df248f99604e,50.0,27.337953276191953,-0.718400758105517,1695
v2_1517b3f94ec9,50.0,28.154887994855205,-0.7186804122990322,1696
v2_9c839489a002,50.0,28.943894769562615,-0.7194647964810148,1697
v2_8d00391ab082,50.0,36.11160572224951,-0.7236342320299949,1698
v2_775f149c7d14,50.0,29.027362087287294,-0.7236859260188746,1699
v2_be6d92363eff,50.0,44.6663107186945,-0.7237961870599472,1700
v2_30b1a784cebe,50.0,29.043737218710326,-0.7254393833354591,1701
v2_bc7855904c08,50.0,28.782676084081423,-0.7260928748848743,1702
v2_5b1e7ff97055,50.0,28.31303805014131,-0.7285266987245622,1703
v2_7783533758ea,50.0,29.288172204860224,-0.7289492145641683,1704
v2_4f2a1f4b0362,50.0,34.12660180462909,-0.7305113167349209,1705
v2_68d685d40d19,50.0,26.92233991973962,-0.7306618210346931,1706
v2_6759e477f3b4,50.0,28.222974405262228,-0.7312578310035027,1707
v2_fcdc0876588a,50.0,27.897170016380258,-0.7314142557593861,1708
v2_3479ee5a56d4,50.0,27.639244416414932,-0.7371027568460873,1709
v2_fee39417ed37,50.0,35.71479858338901,-0.7374705152327641,1710
v2_dc7c2fcfab69,50.0,26.558830805490665,-0.7391595746098867,1711
v2_abc9595704fc,50.0,31.79126567771534,-0.7393822312040745,1712
v2_41593aba46dd,50.0,26.95341195166916,-0.7396778292129547,1713
v2_18b890491f02,50.0,28.100046942282813,-0.7400568469658166,1714
v2_841b7821f91d,50.0,34.37522135460153,-0.7405085670862865,1715
v2_3b0fc380a8f4,50.0,31.826257010936505,-0.743269600626026,1716
v2_2210153e3ac9,50.0,28.193459242993953,-0.7435001240275616,1717
v2_92478157ae98,50.0,29.936413270903074,-0.7435059494546925,1718
v2_248c61064c73,50.0,34.74756031784699,-0.7460507061879058,1719
v2_3aef84639f3f,50.0,28.33208384673059,-0.7461264907454952,1720
v2_f230214056cc,50.0,27.99539006385428,-0.7488533235642327,1721
v2_d6e4943640c9,50.0,26.95711783966458,-0.7493454769765764,1722
v2_2ce4c835deb2,50.0,31.39925440409254,-0.751135804222197,1723
v2_e95c30566e33,50.0,27.44718034126597,-0.7511748534810598,1724
v2_ab482a66f77b,50.0,31.106952582610873,-0.7523657928940102,1725
v2_d280cd445d64,50.0,29.874139759035636,-0.7538786117751464,1726
v2_41f5fb753ba8,50.0,29.803004756537973,-0.7565994402499987,1727
v2_1ec443a67da1,50.0,27.563451668929044,-0.7569419997203761,1728
v2_82e397eaa7a4,50.0,28.05182439731807,-0.7609636590024538,1729
v2_0c95d002d5b8,50.0,28.165112881734863,-0.761309219967421,1730
v2_7600f0d76e3c,50.0,30.768849068906952,-0.7614218111933466,1731
v2_9fb9b076749d,50.0,44.3828212655534,-0.7636217176861297,1732
v2_5184aeb73e5c,50.0,32.24781511884675,-0.765293516137735,1733
v2_50ebc88f32c6,50.0,29.81378404039948,-0.7656531526418417,1734
v2_08fc82df7b73,50.0,29.275876659843558,-0.7674678414153906,1735
v2_a2ccda22789c,50.0,28.00749273211176,-0.7686282521782726,1736
v2_e5ebf0da9e3f,50.0,31.802871137347612,-0.7688709740557016,1737
v2_134641efa9c8,50.0,26.274936449092166,-0.7692001810752549,1738
v2_8cdcde7b5ddb,50.0,26.792642587004416,-0.769329252802839,1739
v2_5e422757557b,50.0,32.478998984699516,-0.7709132312136475,1740
v2_b8d832211ce4,50.0,28.070740558459107,-0.7717125188505252,1741
v2_2d18dfc0b884,50.0,28.744948983736137,-0.776655231687978,1742
v2_c5760f48a71c,50.0,34.661198505445,-0.7770641808590133,1743
v2_226aa0058755,50.0,37.17760084413762,-0.7773228949838638,1744
v2_d2dfb35783f8,50.0,26.034098854530452,-0.7781008363456721,1745
v2_ad881531094c,50.0,27.880852592502528,-0.7782055652547086,1746
v2_a3a894917e9b,50.0,32.545696714433845,-0.7823190752598563,1747
v2_db3d32164668,50.0,32.24781512599215,-0.7831803781804831,1748
v2_2c63ab26af9b,50.0,27.696699156733022,-0.7849907744140863,1749
v2_a62e1678b8a3,50.0,27.941698338647306,-0.7859609496905104,1750
v2_f40bd9669a4e,50.0,26.900827621237173,-0.7890542635606552,1751
v2_84ec423d8a5b,50.0,25.869453197909394,-0.7937096475850041,1752
v2_5986c62df464,50.0,29.647857972670476,-0.794939528597836,1753
v2_825322dad1fd,50.0,27.350221545064265,-0.7976544550270104,1754
v2_53504171b1a9,50.0,26.92008976508635,-0.7981289635561462,1755
v2_f2e6e0cfaba7,50.0,26.94932301893405,-0.8014176873199181,1756
v2_4fdab283944a,50.0,27.179149226244256,-0.8048132803776156,1757
v2_597111bab4fd,50.0,49.26536634197585,-0.8062893838663978,1758
v2_7e326a9102e3,50.0,27.844174474720845,-0.8094579436299609,1759
v2_e433cb1f8f9c,50.0,26.804032213752972,-0.811889378361788,1760
v2_e26429dd33e3,50.0,31.276259361793095,-0.8141218583591847,1761
v2_bb28b1416efc,50.0,27.74749109930586,-0.8147759196281479,1762
v2_b5b22a9a11be,50.0,27.47051305813818,-0.8150584326845758,1763
v2_2bed02a7de3d,50.0,26.81316111575473,-0.815189844836886,1764
v2_1b9cc90bace5,50.0,26.90687808118267,-0.8163044654738512,1765
v2_03645f0d4c9a,50.0,29.23929119141654,-0.8164568268443366,1766
v2_1f28b53049e5,50.0,29.603959614491515,-0.8182527447064869,1767
v2_5c67a5686ff8,50.0,27.08128045771747,-0.8202222380435957,1768
v2_3090608dba5e,50.0,28.444594699680454,-0.8233091451673396,1769
v2_3c69e4293199,50.0,26.688330072935194,-0.8238513966003564,1770
v2_6111b2c43e61,50.0,33.4247799961274,-0.8245771895681475,1771
v2_dea3f1cb4f6b,50.0,27.486898106476755,-0.824826183735321,1772
v2_607b2b7e1e48,50.0,33.36252108711971,-0.8306433628064385,1773
v2_1285ff2be032,50.0,26.082788410343277,-0.8328070761917781,1774
v2_6caf7492b588,50.0,30.722147937698704,-0.8345462631670566,1775
v2_71ca04e26c1c,50.0,32.24781493333242,-0.8392835197085668,1776
v2_fbaa124d6fe8,50.0,25.737157692726814,-0.8397603092936352,1777
v2_5cadbc745753,50.0,25.867341319017896,-0.8398202751868107,1778
v2_68e31e197289,50.0,33.21221785337599,-0.8413118809597213,1779
v2_629be6180c7c,50.0,32.540233408798336,-0.8414982330160585,1780
v2_a680ce10e15a,50.0,34.21476865734481,-0.843849546311012,1781
v2_20484c0dcf53,50.0,27.012205482324738,-0.8442066481500827,1782
v2_8f273183d477,50.0,27.166386245472367,-0.8445953697036179,1783
v2_71677f99d286,50.0,26.885751690062882,-0.8446344573360163,1784
v2_328052effdf1,50.0,29.982365940390157,-0.8500474717101385,1785
v2_cc3d655a13d1,50.0,26.644413720175216,-0.8506533293344622,1786
v2_ff426f334c7a,50.0,34.21481884888431,-0.8540402512956318,1787
v2_188423efa06d,50.0,53.951719077638685,-0.8547173154861349,1788
v2_d10e0f781d3b,50.0,26.84339321170428,-0.8554494134869199,1789
v2_aa726951e21b,50.0,28.321795469217804,-0.8567632383172246,1790
v2_d5fe84bafd4e,50.0,31.316675334672436,-0.8571014702042166,1791
v2_f0427fb6ef34,50.0,28.510998033780645,-0.8591806474900947,1792
v2_1a530d7a4d7f,50.0,26.909078570493595,-0.8595485019085904,1793
v2_dced4bfaf949,50.0,26.79084013415808,-0.8595543115871433,1794
v2_58df575c0e29,50.0,25.09308586042102,-0.860768311976166,1795
v2_5bb1b6b67e78,50.0,32.04142058440781,-0.8625060367983446,1796
v2_aab76c48569b,50.0,31.159215894866506,-0.8644904108382416,1797
v2_f0d75eda005f,50.0,26.869011947487515,-0.8660529223078823,1798
v2_a2f94f9bc2da,50.0,26.49703262699341,-0.8694145858301896,1799
v2_da07522f4c6d,50.0,32.75514464201263,-0.8703219878258466,1800
v2_13ce4e1531da,50.0,46.65272119699692,-0.8708874146602303,1801
v2_cfd339979b97,50.0,26.82929391450694,-0.8715405579371289,1802
v2_3fc056c4ee7c,50.0,30.89657070211415,-0.8718630597453236,1803
v2_afaf3c693b20,50.0,32.247814874240284,-0.880244577036323,1804
v2_6cb7794efe4d,50.0,27.85827388707211,-0.8820333835513807,1805
v2_813820149306,50.0,26.600144029641093,-0.882666919252721,1806
v2_524cf4032415,50.0,24.482278306201987,-0.8851237901446707,1807
v2_2112f2919866,50.0,24.26941987139163,-0.8854048122393889,1808
v2_58173d5e3622,50.0,28.25568028988184,-0.8865352426639705,1809
v2_5b3fa1b1c54f,50.0,26.322355931100013,-0.8880798147665194,1810
v2_513cf69c13c7,50.0,26.426736809389507,-0.8899076236722543,1811
v2_e2626e4936c5,50.0,53.84273857022312,-0.8922681336267724,1812
v2_253bd1dadbe4,50.0,28.09726297400852,-0.8926994588302151,1813
v2_6919401ef41d,50.0,25.76505118293431,-0.8932102414457033,1814
v2_b33344bc324c,50.0,27.497446184970716,-0.8951513738955601,1815
v2_75636434dbb0,50.0,32.247814635923376,-0.8986574652071537,1816
v2_6b40f11c14d0,50.0,48.47715074507532,-0.9001124451369602,1817
v2_6a7eadd17c8f,50.0,27.879106601816563,-0.9026670580039369,1818
v2_267d0bd63562,50.0,26.839815136347433,-0.9033507137765948,1819
v2_4eb2cbc635fa,50.0,28.746564327003213,-0.9036412513401597,1820
v2_ede3468d0897,50.0,25.681287655837664,-0.9055752421462939,1821
v2_abd96e3efd15,50.0,26.241388601574947,-0.9069982893699211,1822
v2_376e71827f51,50.0,26.11966422088713,-0.9111237617161314,1823
v2_faee76115454,50.0,26.119402319051506,-0.9130315302025753,1824
v2_8c6690b222c9,50.0,26.48241809308287,-0.9151322850242849,1825
v2_852fadead4a6,50.0,23.869461986662323,-0.9153053836136262,1826
v2_65f30c6962aa,50.0,53.64823315304348,-0.9153679830543888,1827
v2_18efa2b25749,50.0,26.627862512216957,-0.9162624528389771,1828
v2_06804ef76003,50.0,23.899726484587134,-0.9184075479595859,1829
v2_5d5772cf95ae,50.0,26.360390428829007,-0.919063607419524,1830
v2_6cc94dea919a,50.0,25.336186119304326,-0.9198332209696112,1831
v2_64dc37e402d8,50.0,28.972137239302096,-0.9205734976591167,1832
v2_f8c4155a7467,50.0,25.979571131107598,-0.925590042761308,1833
v2_aee6c8d71084,50.0,46.380206792332714,-0.9316186984740673,1834
v2_0310fab872d6,50.0,25.15062228804961,-0.9324701067546011,1835
v2_5fef9c81a429,50.0,26.45526243364594,-0.9355374780068306,1836
v2_5ef5111d1d23,50.0,25.897583955627702,-0.935891750102968,1837
v2_5b8d971d1297,50.0,24.519787149543454,-0.9362111069822059,1838
v2_648613ecdb2e,50.0,32.2478130752307,-0.9363534123030122,1839
v2_17f928ece089,50.0,27.721800471919828,-0.9376211518150641,1840
v2_4dbe275c7774,50.0,25.406513706299567,-0.943914903381692,1841
v2_7b1df41bba89,50.0,24.627917990337437,-0.9455151866119373,1842
v2_68707fa2b1e6,50.0,53.051289439952,-0.9456085107967658,1843
v2_92a90322dc64,50.0,23.59190865635245,-0.9477689231977804,1844
v2_0fee841faab6,50.0,24.389421751123344,-0.9478946806457218,1845
v2_f4d499ee4a46,50.0,27.449203317819194,-0.95184795977561,1846
v2_45f9477747c5,50.0,52.67157986233153,-0.9522278888383457,1847
v2_e50370c293a6,50.0,25.79901959196778,-0.9565580744439259,1848
v2_950de32600ff,50.0,25.013216103668185,-0.9567603699868141,1849
v2_523818006a1e,50.0,26.69405649684996,-0.9576405179516461,1850
v2_3bd06a1e5244,50.0,24.548639416400242,-0.9579390700509793,1851
v2_f68874b18aa3,50.0,32.2477662349218,-0.9581547531729169,1852
v2_9fd591a31959,50.0,33.208694639781825,-0.9584759496370978,1853
v2_dc04ca3bdaf9,50.0,34.401082788770864,-0.9636741205889745,1854
v2_6cecaa80a565,50.0,51.47254337698836,-0.9674802060818628,1855
v2_906e42bf941b,50.0,25.613635312825537,-0.9710451734006922,1856
v2_d48f76e7f555,50.0,32.24778303399383,-0.9716626569370499,1857
v2_4941e567d9e1,50.0,24.738234988557327,-0.97257498810366,1858
v2_b777adf868e2,50.0,25.307702580215626,-0.9727683207835209,1859
v2_5ce2f4c8324c,50.0,27.75188275411329,-0.9752564812850477,1860
v2_fc5fd541ef46,50.0,25.17488825162681,-0.9777487766554627,1861
v2_0fe0d9ed75fa,50.0,34.15396696433178,-0.981719015693328,1862
v2_45a12225cb6e,50.0,24.885115753415764,-0.9876559396383557,1863
v2_782d99d9777c,50.0,24.98030901000977,-0.9887041870295983,1864
v2_6c22274b4f27,50.0,28.87745113424304,-0.9932675385328738,1865
v2_1f3546873e9b,50.0,54.12191635961207,-0.9990153486876165,1866
v2_26305a18e930,50.0,29.979959428372794,-1.000396612266429,1867
v2_265c656e4845,50.0,25.255716274611434,-1.0081091791198329,1868
v2_a792ba78790f,50.0,22.623572900956717,-1.0087542787153572,1869
v2_3b6d93c8d7ea,50.0,26.20091462719264,-1.0091339914789588,1870
v2_77733d8173a6,50.0,44.807476580133894,-1.011250982130055,1871
v2_f8dbbb9f2ae8,50.0,46.59053658408426,-1.0135491566082964,1872
v2_2cf613959236,50.0,26.52940839462945,-1.0135765115213404,1873
v2_bb8ea1a3daac,50.0,47.56205177849333,-1.015322489667355,1874
v2_e10b15fa1bb8,50.0,24.267541213883465,-1.020306455811034,1875
v2_d65ee39b3ad3,50.0,48.838119420882464,-1.0222844546871537,1876
v2_d9cd87fe8bcd,50.0,24.61937980605017,-1.0295949226173606,1877
v2_049b49e246da,50.0,24.87460514131092,-1.032302776388721,1878
v2_da077beb8bf4,50.0,25.036345935613085,-1.034062428707733,1879
v2_7b3b388a832b,50.0,24.65035748211634,-1.0359933027526478,1880
v2_448f251015ee,50.0,24.053463340944024,-1.040542258678606,1881
v2_734c9186a427,50.0,25.223561128504507,-1.0434300147135263,1882
v2_db65e87eefa1,50.0,25.450060960370166,-1.0498953460042109,1883
v2_a1172ca9a277,50.0,23.516814591072848,-1.0504106362066272,1884
v2_df56fb1525d8,50.0,28.840410524787842,-1.0523954841545389,1885
v2_ceaea22568cd,50.0,24.35397246060047,-1.0553724391047896,1886
v2_984f934de71a,50.0,23.68641028458219,-1.058046707714066,1887
v2_4f6fc7d807d9,50.0,24.76580649386785,-1.05824074371212,1888
v2_abf250943583,50.0,25.28682845442592,-1.0612845990365596,1889
v2_f577dc347a22,50.0,24.951349968071234,-1.0634671509808458,1890
v2_e09be060b7b9,50.0,25.2967807064238,-1.0659867758244315,1891
v2_c434dbaaba4e,50.0,23.69804358933569,-1.0714390795259212,1892
v2_f86af5218a68,50.0,24.033628343536186,-1.072570547730427,1893
v2_d478569a52b3,50.0,21.833529429981,-1.0728640760247163,1894
v2_943855b238a6,50.0,25.235804308608817,-1.0749694899433724,1895
v2_ea9c109402df,50.0,27.66282372731333,-1.0802617042558573,1896
v2_137e3c1ec723,50.0,24.788860895885854,-1.0806519361072926,1897
v2_affd1f1bcf77,50.0,24.11508290573547,-1.0816712087395062,1898
v2_9f93aa79f655,50.0,24.701515378697273,-1.0830887112154808,1899
v2_317364d538da,50.0,23.71038485685782,-1.0874277515892175,1900
v2_1dfdbf776e44,50.0,24.938822536159222,-1.0970371987701242,1901
v2_4229c2b53702,50.0,22.977066465551395,-1.0976656034560421,1902
v2_95321418d94c,50.0,23.404622348492463,-1.1052451212098306,1903
v2_64443401cb2e,50.0,23.242912914373868,-1.115212395057903,1904
v2_0198b57f986f,50.0,47.40339834089049,-1.1198425504284906,1905
v2_0b6a8b1353ec,50.0,24.124945922479885,-1.1259324977129408,1906
v2_fa090a8b1a15,50.0,22.993289822168407,-1.12887399646136,1907
v2_5a44c2e7a906,50.0,45.39961992433545,-1.134999249911409,1908
v2_4bc59d45ffdb,50.0,23.089215180779128,-1.136217852417042,1909
v2_4e520bf72eba,50.0,24.51765782010033,-1.1455287053878118,1910
v2_cc3bae50d83a,50.0,26.335342078022983,-1.1573842289088692,1911
v2_77a008243c65,50.0,21.7346151561083,-1.165844736530314,1912
v2_c79e0869175d,50.0,22.223355443853634,-1.1660777343923865,1913
v2_a97a81fe6946,50.0,23.28661685238001,-1.1809549832556119,1914
v2_235a158692c4,50.0,23.662845275024573,-1.1825365944841622,1915
v2_6f5aa8a84381,50.0,23.445755972667058,-1.1832647317846874,1916
v2_fc76bdf00421,50.0,24.58044603434174,-1.1863912171570261,1917
v2_e06cb2d776be,50.0,24.056182807161644,-1.192462938289495,1918
v2_8f103acffa04,50.0,48.61138011695295,-1.1940463861375261,1919
v2_341ea2908494,50.0,23.062893517729666,-1.1969982460324564,1920
v2_4ca9186cc806,50.0,23.345076437965563,-1.1979280933258902,1921
v2_b4e4a5c0aae2,50.0,22.7448629791322,-1.198666682921536,1922
v2_10a18989c90c,50.0,22.046708418390907,-1.19952455723719,1923
v2_fd6ff08877fa,50.0,22.38545720816652,-1.2048676564076883,1924
v2_9c2f33dbfbc8,50.0,22.99400578998512,-1.2058701096967592,1925
v2_ddd7d0770bed,50.0,22.285820095877,-1.207096869621192,1926
v2_ff805a665e6f,50.0,37.19720414610427,-1.209261079505303,1927
v2_d1501ac6ff3d,50.0,23.149900578227648,-1.2214621477063137,1928
v2_4cdd537fc78f,50.0,23.080619545415555,-1.2233736086419644,1929
v2_d967e5a258d6,50.0,21.5364996370788,-1.2268041478717437,1930
v2_4d442cdf4538,50.0,22.557210798557524,-1.2327387588195866,1931
v2_bd86805346ef,50.0,21.643092028409193,-1.2418056636618018,1932
v2_a7f3ee2dd4d6,50.0,33.56702801066026,-1.2517340510183956,1933
v2_abd6b56c494d,50.0,22.77034348875258,-1.2518997887226675,1934
v2_a0399aab5c39,50.0,21.901934867841803,-1.2591217760526057,1935
v2_487d19746305,50.0,21.78659410561013,-1.2611869745372424,1936
v2_480a0951bd58,50.0,24.740749101064214,-1.2627199738704569,1937
v2_3fcf56669bc8,50.0,21.32526017288592,-1.2627903553038644,1938
v2_cec9e0b5ae38,50.0,22.585702239969205,-1.2650587833263485,1939
v2_8b6966ea5951,50.0,20.976904149165797,-1.2689800589846327,1940
v2_405dcb36977e,50.0,22.26583785802291,-1.27006678390805,1941
v2_258676ce3c97,50.0,22.835819683646296,-1.273261187513619,1942
v2_df6b492be340,50.0,22.527033556834034,-1.2742489842019817,1943
v2_2c3746e53a13,50.0,22.86813800680216,-1.2774355571719758,1944
v2_d4f667972755,50.0,22.861627678765068,-1.2780397047596672,1945
v2_dcd49a4aeef2,50.0,21.230498254457448,-1.2891704808479445,1946
v2_4a3fe938b0f5,50.0,21.616791841362105,-1.2895171003336525,1947
v2_d30b23ce0651,50.0,21.2194072276117,-1.3023170029120887,1948
v2_525255669da7,50.0,22.379625576578775,-1.302944639292869,1949
v2_11127c79fba3,50.0,21.92490100338094,-1.303626596729833,1950
v2_5596bbe52f00,50.0,22.39884148817817,-1.3107308157077373,1951
v2_d725723c7867,50.0,20.788628623339356,-1.3122649309071388,1952
v2_b6444e72ad74,50.0,24.281602459333968,-1.3129550480723449,1953
v2_332d74dce0b0,50.0,47.17604184732255,-1.317310346839938,1954
v2_b09fcdac9ec7,50.0,53.732914414032834,-1.319896416615295,1955
v2_97530ddc425c,50.0,22.074123836713298,-1.3260491270930261,1956
v2_65670cb344c8,50.0,22.63842289706486,-1.3413640902918855,1957
v2_5fbd6113bfa5,50.0,19.753214054552828,-1.3458058595910467,1958
v2_63aad4917f80,50.0,19.34787405197094,-1.3475486370598873,1959
v2_3b2ab3cf7208,50.0,37.7176232117891,-1.3515472841761476,1960
v2_2ae9224d02d8,50.0,18.90222266870306,-1.3565347222540436,1961
v2_75d76ec57210,50.0,21.98053695801028,-1.3585209553030912,1962
v2_a58aab0c0c33,50.0,19.71671967621662,-1.3621721129450468,1963
v2_dac8819bd8d0,50.0,21.67170172476889,-1.3665925377075858,1964
v2_e3903b85f420,50.0,21.744354617034272,-1.3727455182364592,1965
v2_777b061d2838,50.0,19.95156322003359,-1.374565865826244,1966
v2_2a930b349eb4,50.0,22.120958961123137,-1.375818866078319,1967
v2_b75383a46e98,50.0,21.487907197089413,-1.376619979415043,1968
v2_ba3df6715459,50.0,21.743169371671932,-1.3800170055460939,1969
v2_c6847b3422ec,50.0,20.81060636219592,-1.381324532257607,1970
v2_4d31b290d55c,50.0,21.672416997022815,-1.3822635792116924,1971
v2_371e3330ab7e,50.0,21.132457886469542,-1.3962100010606138,1972
v2_417e686e8e64,50.0,20.39755127583031,-1.396605519225373,1973
v2_1685a6d9f6f1,50.0,21.24050302159049,-1.4052726676927927,1974
v2_5d3fcf1e1e7e,50.0,19.14584968161662,-1.4339208835898947,1975
v2_34c7563e3fa0,50.0,20.466588954468246,-1.4535960925764506,1976
v2_91305f8ff7e9,50.0,37.373643907168294,-1.4549044913596587,1977
v2_70ef3fe186c7,50.0,19.04125979517471,-1.4614430457438168,1978
v2_a5ffed6ac0f5,50.0,18.833295958572105,-1.4823830336816135,1979
v2_e06540dbc18b,50.0,19.35390367235948,-1.536866029525001,1980
v2_3820fc14e168,50.0,19.30339185729269,-1.5388002364609665,1981
v2_3022417fdc0e,50.0,19.179257793148544,-1.555456227973651,1982
v2_8be7ac8dc0af,50.0,47.91967245836839,-1.5680150003462048,1983
v2_81bc5a6de114,50.0,17.69506331379104,-1.5915595826564308,1984
v2_ee7ca325e713,50.0,44.80996542450528,-1.633522612288484,1985
v2_12774038a821,50.0,17.46411214488483,-1.635354242801664,1986
v2_9c28b8da84c4,50.0,47.25950282500387,-1.6503551440252942,1987
v2_2ec2d0e0c6a4,50.0,33.83218973657756,-1.653981710371116,1988
v2_81fcec51afa4,50.0,17.54855314416085,-1.7081761577102363,1989
v2_413409a92977,50.0,50.27225929939432,-1.7155081062539743,1990
v2_1981fcc61111,50.0,16.72070345861104,-1.7162815062577303,1991
v2_3502001d5c93,50.0,23.6175097385054,-1.7428873014899962,1992
v2_f43721da9849,50.0,16.314379757122566,-1.7568592688180908,1993
v2_5e7eda2a4de4,50.0,15.75164320064609,-1.7603156489066958,1994
v2_c7d461031f2f,50.0,15.824425868007538,-1.7710518686830898,1995
v2_9e108d801cb2,50.0,49.41563493663272,-1.806909378077283,1996
v2_15da1a9e4e69,50.0,16.69952694340874,-1.8207721132693062,1997
v2_8d49b4ad8816,50.0,22.987829077897942,-1.9163335534440464,1998
v2_0bc792be5a34,50.0,16.468800672609227,-1.9414494979962993,1999
v2_6159d8a2e06d,50.0,23.331482696985027,-1.966033843811613,2000
v2_d4617a96face,50.0,34.25394572881949,-2.1590821688514366,2001
v2_b3d7be6552e4,50.0,34.364482894611335,-2.4939036194898003,2002
v2_533d727fbbe2,50.0,22.147265882025103,-2.5614519297934484,2003
v2_8644505beb82,50.0,21.16273739995256,-2.6626969103826195,2004
v2_84d824dd25de,100.0,62.52513667720358,1.0536513123422422,1
v2_cb3eb9afaefa,100.0,61.69227035159017,1.0430770667365055,2
v2_f23276b26ebf,100.0,62.145615983178764,1.0373445089520743,3
v2_826d1f85fd01,100.0,62.20650420097016,1.0307951982871684,4
v2_bff5f7668042,100.0,61.410060574047236,1.020550877678187,5
v2_7991025b6846,100.0,60.293040809239585,0.9417212519743066,6
v2_f6bf6714dbb8,100.0,60.92068227512691,0.9036422897098042,7
v2_1f937b43f037,100.0,61.28325194433121,0.9005955755336563,8
v2_c904f41e44b3,100.0,59.9500767487244,0.896266422880756,9
v2_6d7821323078,100.0,59.19178445522483,0.8614873628064244,10
v2_256448206fed,100.0,57.714061157845045,0.8434485975199193,11
v2_766cf5f0825b,100.0,60.88573904542877,0.8428257294174104,12
v2_ce87d8e33888,100.0,56.60999165782384,0.8324803773849139,13
v2_53955e56f7aa,100.0,58.83478605644192,0.8137790543250336,14
v2_f32581484740,100.0,57.58204878329293,0.8031355960545499,15
v2_913c247b5639,100.0,56.47901961647592,0.7808353436294206,16
v2_9577fb20cc57,100.0,57.696591890811966,0.7656903187570618,17
v2_e842162791a1,100.0,58.351379738858945,0.7631489894478625,18
v2_91d82407ae6f,100.0,56.160985262890435,0.7456925385877993,19
v2_40bab9e60a30,100.0,59.20079536231022,0.7406040024533294,20
v2_718a877bcc14,100.0,59.24719276278803,0.7235445778075427,21
v2_193fa731c9a6,100.0,59.286529043739876,0.7133103607744813,22
v2_a6ed229b9cb8,100.0,55.614687439224255,0.6912670131802932,23
v2_eb3763b3d676,100.0,56.66776564960083,0.6839885015841913,24
v2_558824b15456,100.0,54.562834488910035,0.6804551895558717,25
v2_633dbca37b8e,100.0,56.33762552439339,0.6659199974754708,26
v2_1be8ab27fb62,100.0,55.63983253298182,0.6544749543736268,27
v2_c7bfbc7adb17,100.0,56.18865270398655,0.6381101242861176,28
v2_6c8ed4cd0ece,100.0,56.58605302085326,0.6335800350894916,29
v2_693674772b30,100.0,53.42171520378146,0.6059395832067827,30
v2_8b3132925c6b,100.0,51.54579012298387,0.5967677735121724,31
v2_bbc23d20b841,100.0,55.43086150361297,0.5924060436448304,32
v2_00bd740b8066,100.0,53.56610497787126,0.5900488237359909,33
v2_bad356ef7520,100.0,54.02442195121661,0.5616902740326237,34
v2_8508eb41e932,100.0,52.60869949218694,0.558499975486435,35
v2_ad8d19466690,100.0,56.73728893639063,0.5560655352309238,36
v2_f79766ae2c7f,100.0,53.995937393403096,0.5556337940242635,37
v2_0fc6295c1438,100.0,55.15391440565557,0.5541094640850401,38
v2_469f1c73e92f,100.0,54.81778308640871,0.552122451761643,39
v2_854918147d33,100.0,54.763117730386845,0.5509077096019821,40
v2_28f611472d07,100.0,52.15398580707834,0.5493699142823756,41
v2_8f0fe1f339b6,100.0,53.84093512625554,0.5445857944014714,42
v2_5648ef87eaa4,100.0,52.04671183816581,0.5354321658229599,43
v2_0fdef56ce70f,100.0,50.128380014343556,0.5320172259129352,44
v2_35be5a08a2a2,100.0,55.09791401021623,0.5318303810183851,45
v2_430954f4a026,100.0,53.59553669762854,0.5308796635773545,46
v2_6fb575705164,100.0,52.76609838973499,0.5217567108436807,47
v2_3d2205278caf,100.0,55.956438256868076,0.49237603433180066,48
v2_201ff78fc334,100.0,52.02957710177994,0.4890164145754783,49
v2_47ea56938bae,100.0,51.64687596645153,0.48366562414365966,50
v2_a5913b65270c,100.0,53.78611529856448,0.44287720787074836,51
v2_c923ef11b96d,100.0,51.374172048558485,0.4349277000157068,52
v2_473f1755c4e0,100.0,50.41692418452248,0.43375226387482524,53
v2_72d267afd83b,100.0,48.30311314056394,0.4311004548759394,54
v2_b40073163d62,100.0,49.35367284106903,0.42877867013098925,55
v2_a3a7a8e4afb9,100.0,53.801525121854624,0.4276331742870241,56
v2_5493a9c953a3,100.0,51.40989402898381,0.422668898865874,57
v2_51f1d561f167,100.0,48.999220331759595,0.41745768802826433,58
v2_a24035a9adb8,100.0,49.428630310572174,0.40555758063208724,59
v2_a4d1f81a374d,100.0,51.23709619230401,0.4036644041525781,60
v2_9d974f024f10,100.0,49.22308071934547,0.3976302226905082,61
v2_226a1e171f1f,100.0,49.54305239256322,0.39027321298910334,62
v2_9893eb3c829e,100.0,52.46634912543167,0.38604636636059464,63
v2_db26bf795d75,100.0,47.32717253110577,0.3829794655324692,64
v2_31e46a0cd993,100.0,52.86125722169694,0.38173720376769893,65
v2_02274749d7f2,100.0,53.21728606975956,0.38102540737324464,66
v2_d9ea1b62ddc0,100.0,49.984988798959535,0.3810193904831136,67
v2_332ca22e1f9a,100.0,51.321413315987705,0.37803183780572613,68
v2_211b90a45d96,100.0,49.28597030025831,0.3778772927989271,69
v2_f7f255a25761,100.0,55.812587963917636,0.373121069874891,70
v2_827dcea3effb,100.0,52.511238141836046,0.3657261751307024,71
v2_38add7b1de91,100.0,48.273444605073294,0.3629889270625277,72
v2_e1e8df5b8a03,100.0,47.961434765697064,0.34577093177263496,73
v2_f6e31d77d1e1,100.0,51.47681408326476,0.3406458694744279,74
v2_f3116a498fa5,100.0,50.29183536691772,0.3264464321551994,75
v2_7233f2cd9c23,100.0,47.16693587389645,0.32373933554052403,76
v2_ebce91f92ac2,100.0,50.16808882080079,0.3171751003936967,77
v2_6a232656d810,100.0,48.83440037527726,0.3147401879518563,78
v2_b5498922de9e,100.0,48.21120962839078,0.31360981574812286,79
v2_9e0e23c715b8,100.0,46.99913750851709,0.30497279468063265,80
v2_9fe8e636c6b8,100.0,47.704299261862815,0.3003138072551641,81
v2_e12062bdbe84,100.0,49.41164343506703,0.29702705461958345,82
v2_1a9b9eb54346,100.0,45.99082604090309,0.2908987788950048,83
v2_2fd1de7b11c7,100.0,46.48977200871171,0.2900513690208788,84
v2_3b6a2ff1582e,100.0,51.465484546408405,0.28961054097291683,85
v2_00be6efa5363,100.0,50.58229164738506,0.2857097180917014,86
v2_f5da212e71f5,100.0,45.309620290601856,0.28263515755862745,87
v2_0ef513ef560e,100.0,46.443457127260274,0.2811580051721636,88
v2_e28ac91474c1,100.0,44.70396248765836,0.278366325340758,89
v2_3241f260e9cf,100.0,49.32828208248759,0.265002918875755,90
v2_b1eff54c5ff6,100.0,50.309336590203564,0.2646950409849458,91
v2_67a656787424,100.0,45.78094471294924,0.2597034298328369,92
v2_2734cfde8466,100.0,44.624295983835204,0.258900477385386,93
v2_f034fc1ed752,100.0,45.017024789737874,0.25332519021787103,94
v2_37978312af2d,100.0,46.68836858117113,0.2526956611727593,95
v2_11adf04df539,100.0,44.68225982123381,0.2491731402031272,96
v2_38ab76bbb6ff,100.0,50.455350037350016,0.24895079105568474,97
v2_11b239d6b65c,100.0,49.10742399442028,0.24882107361308226,98
v2_98cfea1bf2dc,100.0,47.914223311990995,0.24651829786787882,99
v2_9cb0f2a9a742,100.0,44.122178685665034,0.24104156873433968,100
v2_7a623004ef6a,100.0,48.191186593170436,0.2399054478812781,101
v2_203fedd5a391,100.0,50.519298431500644,0.23513914741436714,102
v2_2779b4b457fd,100.0,48.07487302019656,0.22197829876518593,103
v2_82d62be7e37e,100.0,51.03157052916811,0.2181882793647576,104
v2_86aafd3ccfd0,100.0,46.347407174092496,0.21704007760198163,105
v2_3a05de97eccb,100.0,45.90958100542891,0.20603877290603645,106
v2_6c3b976e6828,100.0,45.0170284365882,0.20295274752699388,107
v2_cc3d7e74c8f2,100.0,46.0209073776089,0.20143965199291092,108
v2_161cd37b4850,100.0,47.60727304531339,0.19836660699592823,109
v2_c577772b62ae,100.0,49.66088037137258,0.1929282054729038,110
v2_a202e2efcbc7,100.0,49.6727530516461,0.19030732501912517,111
v2_535d5e8379a0,100.0,45.816587576228116,0.1902382140009431,112
v2_74f8e2b3d38a,100.0,44.41163896869545,0.18525857708543292,113
v2_2d7ce828eeb9,100.0,46.680458584740556,0.18422077096203804,114
v2_cd06a382e2f7,100.0,43.39879719168897,0.17990544878111425,115
v2_c244e4205009,100.0,48.806342194469096,0.17146865753745377,116
v2_964d5d575e14,100.0,49.72147538682508,0.16759480760733858,117
v2_1b85dc266e14,100.0,46.103249344834,0.16270870599966702,118
v2_6f8e6c297fdc,100.0,45.289846828322894,0.15646836371997086,119
v2_531e892ba7c0,100.0,44.037854348786254,0.15397579460180832,120
v2_9fd9fa456151,100.0,43.54285454218695,0.1528140935554445,121
v2_481078b95c2b,100.0,45.31915711098587,0.15108041836952335,122
v2_99c9297a7838,100.0,43.57026656979458,0.14376715898828785,123
v2_e16863f89bd3,100.0,47.92304725028882,0.1403305913413515,124
v2_a5a1a5de7773,100.0,49.05635982433406,0.1392456191317235,125
v2_9017fee8d9c9,100.0,44.19948702278499,0.13902931976543176,126
v2_bcaea70bbd4c,100.0,42.27411939607691,0.13871414744303134,127
v2_1199e7a4b414,100.0,44.382280576514816,0.1301808821120476,128
v2_1e9c01d99400,100.0,45.95506025383453,0.12927350834808404,129
v2_52279b4ae8f7,100.0,43.1166716649367,0.12532232254368925,130
v2_f6d588dbcf98,100.0,43.739158394498546,0.1250409773553356,131
v2_2d00a47422c1,100.0,45.137820651466825,0.12403146665605469,132
v2_1a0b1b5d923f,100.0,45.19244862431064,0.12236989655454611,133
v2_dff47b0e16d0,100.0,43.10906495515878,0.12219392722237998,134
v2_88ccd4e5ca43,100.0,45.558822090677374,0.12110189707087482,135
v2_bb19ffea3754,100.0,45.903838727252435,0.11978713992876067,136
v2_c925a8a3a79b,100.0,44.428782954808284,0.11893607484052549,137
v2_2c39cb13fd8e,100.0,43.63401134020043,0.11817360672855237,138
v2_6b218baa63c0,100.0,42.00256551151158,0.11664504701185674,139
v2_484b8be9ed66,100.0,44.61525270710939,0.11655216221872955,140
v2_47af19349f7c,100.0,44.87733043127563,0.11599231896619155,141
v2_c15b8bb3f4dd,100.0,46.021004440007644,0.1159106625262245,142
v2_cc3a2136fa55,100.0,47.20819590822438,0.11287999354870326,143
v2_066a3ebba695,100.0,42.10027066463779,0.10390897216517647,144
v2_7470d36bee2e,100.0,43.94157593039466,0.10269276915862413,145
v2_c860fcaebf05,100.0,44.351523378994024,0.09707397392273975,146
v2_34d3e034db5d,100.0,45.04489623908544,0.09505704598833553,147
v2_2573ba5c4e9d,100.0,43.09948249687268,0.09446559182346892,148
v2_a083e2fa63e4,100.0,42.96708305378515,0.09245906771784096,149
v2_70b40d9a3c00,100.0,43.38282817322015,0.08860455710282,150
v2_0c62a6715fd5,100.0,44.52567326056569,0.0880845028329782,151
v2_2a1449d8d298,100.0,42.045555946331845,0.08632224696003021,152
v2_a690a9b23dcd,100.0,43.839791574098655,0.08252428632197795,153
v2_6757ad70d37f,100.0,46.88093004798475,0.0812588636445577,154
v2_6d9b78ac0da3,100.0,47.67149889937245,0.08105678146183504,155
v2_b7cbe7e21a06,100.0,44.1873179080524,0.07847945655492516,156
v2_907efeabe246,100.0,43.96443897952989,0.07407714920644626,157
v2_da0e19a55deb,100.0,44.917093312680095,0.07380423329659447,158
v2_4fed31c8844c,100.0,43.257661322614595,0.07342479382285294,159
v2_289c8147b1bd,100.0,46.124899863810036,0.07172861056600865,160
v2_381ce5bbfd28,100.0,42.75254955008741,0.06552597258586967,161
v2_d83c82208bb8,100.0,44.77309567798447,0.06441894700509021,162
v2_fd1f74be3534,100.0,42.83113452178479,0.06344786320055018,163
v2_c11cd53998d0,100.0,46.44462022904553,0.06153950940168773,164
v2_8117ed61ce9c,100.0,42.932065812749535,0.05974554809334531,165
v2_c9ac054f7b41,100.0,45.74069639176394,0.05551121711224116,166
v2_4782393f816b,100.0,42.900694457153946,0.05431902475572059,167
v2_475389ebd4ae,100.0,42.43140014677102,0.05311950585027514,168
v2_f09a0fc411ad,100.0,43.1783891104114,0.050715126044326375,169
v2_6ff673800d60,100.0,40.97161030163948,0.04755124616638984,170
v2_529b154f3d02,100.0,43.14050775064743,0.04621579037852275,171
v2_6f234a0e6b66,100.0,42.054104595727466,0.04603968109378709,172
v2_da2b27e04aaf,100.0,42.512530721099004,0.04476654439622507,173
v2_98a89d8ebe83,100.0,42.371092450424605,0.04416874490344824,174
v2_f1837ee3e6b4,100.0,48.505517132784306,0.042152144998039986,175
v2_f614145bf36f,100.0,42.965059719998024,0.03868538374913211,176
v2_c0cb252824aa,100.0,41.444033340652204,0.03743444319395994,177
v2_337f3c8778bf,100.0,42.51714445054827,0.03620380638667431,178
v2_f38401b02e45,100.0,43.81156630843173,0.0314452455570704,179
v2_0394bd8cce72,100.0,42.583728038583864,0.029580507784348065,180
v2_e4da4d669b41,100.0,41.44127528936981,0.02841494837132963,181
v2_99b25d833e51,100.0,42.17462985495271,0.021756572213365466,182
v2_17310a937bcc,100.0,42.43473230645912,0.021047033116611935,183
v2_83919261ece6,100.0,41.45622786693439,0.019585847523038602,184
v2_28d5f6a09b75,100.0,41.958382081641545,0.019125735273546773,185
v2_b59c5e2ccf5d,100.0,41.01131224691324,0.018303096165149135,186
v2_df57d5065961,100.0,40.590996011688205,0.013260402310177888,187
v2_e0c62e26e92e,100.0,41.42954371543584,0.01130845971893546,188
v2_ec4678d743b5,100.0,46.650932930694076,0.010966242582980179,189
v2_50ca9d7632c4,100.0,41.81997944402984,0.005340923962736888,190
v2_6a9894961065,100.0,41.05289813336099,0.005141440818634102,191
v2_3d76ae4faac3,100.0,39.60980485260207,0.0036523642004828716,192
v2_3a52494d892c,100.0,41.51133395231797,0.001787332514173734,193
v2_6c9a5fcb59bd,100.0,42.46530617508528,1.5005504329757002e-05,194
v2_b2028a3799af,100.0,40.49096989902695,-0.00021866973128048528,195
v2_af97018481d3,100.0,43.609486917868466,-0.000386173735639872,196
v2_9bd19b1b3be3,100.0,40.19493043645577,-0.0014875339006250599,197
v2_af45311fbde2,100.0,40.452210304901335,-0.002827146817932835,198
v2_7208944fa22a,100.0,43.87790371014225,-0.007446163727263588,199
v2_3f84d7bd9a53,100.0,40.53749389639455,-0.011063493973518135,200
v2_9e54efaaa0fb,100.0,44.055846599538505,-0.011382982304589007,201
v2_4a2995a047ff,100.0,40.56053381749005,-0.01159457020154786,202
v2_b9cca3a64a10,100.0,41.70712948315464,-0.013697034211769932,203
v2_059b7847983b,100.0,41.51814773509122,-0.016365273090481303,204
v2_a80c03edb401,100.0,43.395826487178205,-0.0164748657718361,205
v2_ddf6627521a9,100.0,40.434799576471846,-0.016486705769567678,206
v2_e64cb56feb20,100.0,40.66096353486222,-0.01813214726837753,207
v2_42ed16516321,100.0,39.555246942239016,-0.023396105770808084,208
v2_0624d2201e34,100.0,39.88820393394059,-0.028394370092498455,209
v2_cfe0440fde49,100.0,40.31891666022237,-0.028837228628202816,210
v2_f31f0f865526,100.0,46.05459313098771,-0.032053842288362056,211
v2_827f967ab73c,100.0,40.141394505049696,-0.034121085315750754,212
v2_80e28de4daf5,100.0,40.11473569016334,-0.03460753297079666,213
v2_ff8015ff7fef,100.0,45.800662170432076,-0.03549117636478716,214
v2_6a19ec6224e8,100.0,46.38260660240236,-0.03890954982450712,215
v2_fcd2bffcfeba,100.0,38.79162797743851,-0.03973346509410991,216
v2_18f8093d0cc8,100.0,40.2571827972704,-0.0397799288202938,217
v2_2014f819677a,100.0,39.92636980208278,-0.03985715079687413,218
v2_842dbc08ecaa,100.0,39.821130319620636,-0.04017185052401917,219
v2_73477e52264e,100.0,41.62697950070118,-0.0434104727889002,220
v2_9498278918bd,100.0,45.98530779380445,-0.044159889608901715,221
v2_b633f62e73d2,100.0,40.40378027717024,-0.044244735941605384,222
v2_92ca57236c79,100.0,43.768067776474815,-0.055493904380777614,223
v2_ae1378190af5,100.0,38.8247371494846,-0.0555691675334673,224
v2_4a3d1c44b963,100.0,46.61521235602189,-0.05943246807224689,225
v2_600331f44145,100.0,39.20605218484953,-0.06014003586020156,226
v2_333d416b2c86,100.0,39.4498041333885,-0.06577754344236908,227
v2_9a211b82e189,100.0,39.042776070456455,-0.06584074921567673,228
v2_e843af8700d5,100.0,38.71614580782779,-0.07017384667147741,229
v2_0562e4b3318f,100.0,38.75194528223268,-0.07197960380237145,230
v2_47c222a0ca62,100.0,42.62360945189994,-0.07270307019622013,231
v2_e5fe65be0ffe,100.0,39.25760808777049,-0.07772537273138891,232
v2_3fdce9a6e07a,100.0,38.6593082318365,-0.0809819776716667,233
v2_695b7f5c1338,100.0,39.63050403461245,-0.0811337140372288,234
v2_6faf6905ab75,100.0,38.92292460955162,-0.08238289197764015,235
v2_fd0c0a863930,100.0,40.86486188079846,-0.08274543235656306,236
v2_4bb6177b4a6a,100.0,38.991747505172306,-0.08455709137781398,237
v2_d2f30812d3b4,100.0,47.908598938388494,-0.08558840449498195,238
v2_b29cb4786f7f,100.0,38.32649344840357,-0.08829291061428801,239
v2_ee3dea2ae46a,100.0,38.55310293671083,-0.0885564963672838,240
v2_c0e7f9942424,100.0,38.89350793554355,-0.09084239531913951,241
v2_7eb6a6ffe658,100.0,38.50721539208433,-0.09184969285697075,242
v2_da21e69d3906,100.0,41.86430624448897,-0.09191093935265737,243
v2_a81321ad7101,100.0,37.91798868027815,-0.09460566156220818,244
v2_7e6dcff96ac8,100.0,37.90949859188028,-0.09893316356055593,245
v2_a431721b27f2,100.0,38.21494643197811,-0.09939231574015928,246
v2_b4b512ad1d4f,100.0,38.72039860418367,-0.10102307358677898,247
v2_60d63a92e3a3,100.0,38.64973147448608,-0.10171708210849673,248
v2_9559629e1dba,100.0,37.784054279204,-0.10211329379178746,249
v2_451a05e421b3,100.0,37.62535497251227,-0.10501816298729327,250
v2_343c60a33e78,100.0,41.32168616893749,-0.10569423092923191,251
v2_c08f78018f12,100.0,43.991942559636385,-0.10593203126150907,252
v2_5833b7799932,100.0,38.16927775242022,-0.10806955467643142,253
v2_91de9519bb50,100.0,38.077077120038425,-0.11908671828316297,254
v2_6650d24826f5,100.0,37.401120378383624,-0.12048395802190282,255
v2_88288eae8f28,100.0,37.76909338818969,-0.12450210210030388,256
v2_0a37333ed42c,100.0,37.54840115197864,-0.12543040294589858,257
v2_68989842f450,100.0,37.87450847737129,-0.12736641683448902,258
v2_6e10dc1b121f,100.0,37.846878250788734,-0.12862466057645872,259
v2_fb8673138d97,100.0,37.6478757801889,-0.13234136808137453,260
v2_6334e57d4aac,100.0,37.079371659925194,-0.13237960864252063,261
v2_0d0469d57c90,100.0,37.41875755417894,-0.13299201050845522,262
v2_4dc73c088f80,100.0,40.33429970798247,-0.13302105367892647,263
v2_7c132d113eb2,100.0,37.19735945417229,-0.1333343398090987,264
v2_971e40206f5d,100.0,53.7781583141582,-0.13459847087504873,265
v2_c1c93182ea44,100.0,47.140849660903314,-0.13737851612323126,266
v2_9d622f4dc9b1,100.0,37.440506996538886,-0.14156669419727752,267
v2_0f49151d1825,100.0,37.344005525865,-0.14426755815921055,268
v2_a673fd6fac7c,100.0,37.01726892255001,-0.14469536311090447,269
v2_fc8f35d7a5da,100.0,38.060435621407265,-0.14475515882422396,270
v2_9cadb9846f11,100.0,38.58106804074288,-0.1490776305736956,271
v2_ddab09d8c039,100.0,42.02607203063101,-0.14999305654678086,272
v2_55c62dbd59f0,100.0,42.891771483904414,-0.1523449819119973,273
v2_e0eff3af6c5b,100.0,37.13811824898797,-0.15621449137871135,274
v2_5483707d9d83,100.0,40.93638196456575,-0.1567094177361854,275
v2_4d2bb7985668,100.0,36.70145863477826,-0.1584913688359082,276
v2_8168991704bf,100.0,36.9683695589539,-0.1596344554982556,277
v2_907f85629b62,100.0,36.91129834993293,-0.1609249096904053,278
v2_1a32f2850c4f,100.0,36.77002803568195,-0.16251120599541302,279
v2_a0daf0f1e369,100.0,36.90239622347905,-0.16537515606074393,280
v2_dfc7f8accc23,100.0,37.66902843387458,-0.16778558593471704,281
v2_e3da53543437,100.0,36.63221039563771,-0.1683257465644301,282
v2_19ab4e6a9ec8,100.0,36.8515338148012,-0.16884529724364583,283
v2_677930d2df28,100.0,36.8422120073949,-0.1715102845309513,284
v2_7e84d7f6666f,100.0,36.45356607951375,-0.17287963856613686,285
v2_9eb09cb3cf97,100.0,36.4495940507368,-0.17573500169795597,286
v2_925d743a95cd,100.0,42.992787623777545,-0.1769231386166128,287
v2_6c320a622c72,100.0,36.51479882131763,-0.17718086229455832,288
v2_a54c4f53fb9a,100.0,47.56578657351571,-0.18009891335869455,289
v2_f302bc7fd667,100.0,49.981513181502535,-0.18023165056037183,290
v2_b9907b76a6a5,100.0,36.569905490584986,-0.18241513018225408,291
v2_aa0fab2a9005,100.0,36.201578923333834,-0.1825739293309132,292
v2_a8f4c18cc743,100.0,38.50757099089802,-0.18309365629741503,293
v2_3cd4fb1213a5,100.0,38.010849918943606,-0.1831797753857911,294
v2_25324839a281,100.0,37.88921815590375,-0.1833342933977562,295
v2_aa9e535c1375,100.0,43.43092828996273,-0.18478839819360537,296
v2_c645bd6bef85,100.0,36.33373924272301,-0.18551818114948748,297
v2_6dec78f3ac7d,100.0,36.55336125311193,-0.18590329505446768,298
v2_f355f1a4a0f5,100.0,41.14759084413698,-0.18638957681425783,299
v2_456c9d6ffaab,100.0,36.196902448860456,-0.18681358418401484,300
v2_cd3585034d22,100.0,37.08002976432665,-0.19060384225342286,301
v2_582860b9f46f,100.0,36.03091345662826,-0.19388058671569208,302
v2_6ee0401c41f4,100.0,36.20019003403688,-0.19429947074352416,303
v2_57238f47d0c2,100.0,36.245104239096236,-0.1966639534260004,304
v2_af1ea6654a32,100.0,36.544621925838854,-0.19689804462934202,305
v2_94957ee43a51,100.0,42.76020392099918,-0.19802843596763697,306
v2_60b33c397532,100.0,36.27270114772879,-0.1984194177297791,307
v2_e579aab40553,100.0,36.01886576018578,-0.199046710504871,308
v2_60d596b987ed,100.0,42.26034711337016,-0.20164740415321614,309
v2_d796948ff1e9,100.0,36.18730098423252,-0.2019792775717244,310
v2_d53fc6f3a8a9,100.0,35.802110069648606,-0.20369833098754953,311
v2_b1f10aae432a,100.0,35.88560066318575,-0.2063244514137672,312
v2_2b2f49faaab7,100.0,35.785431091666084,-0.2098273277817686,313
v2_17e505e4dbad,100.0,39.768219014329155,-0.21048930307497837,314
v2_fa5fcee4e205,100.0,38.384933412415194,-0.2105816713779438,315
v2_ce4fa340b8f8,100.0,35.933783537131276,-0.210953686298887,316
v2_b0d5de1a4422,100.0,35.66592535197464,-0.21246115576024227,317
v2_217dfa4ed7bf,100.0,36.99753479217551,-0.21503476787695952,318
v2_1c845eea93ad,100.0,35.63668635247328,-0.21531636760270256,319
v2_f53a024083e1,100.0,36.41560695477455,-0.21570636876489768,320
v2_3a9a24566ad8,100.0,43.987493494073334,-0.21653693785006656,321
v2_fa7c5a544f83,100.0,36.43288066892879,-0.22064618249753565,322
v2_2aa213873c31,100.0,35.58205812789144,-0.22132659079298644,323
v2_bbaf8260d2a7,100.0,35.96323982741433,-0.22366771931433416,324
v2_6fe544dba220,100.0,44.104376780064065,-0.2239174695450128,325
v2_a3003ae2332b,100.0,35.545345051502245,-0.2249337482686533,326
v2_4be01f47791a,100.0,45.812897369062654,-0.22547070609679043,327
v2_58792a425709,100.0,37.782725544874964,-0.22581941509990244,328
v2_cc9f0f30c55b,100.0,40.08609233300663,-0.22634961498049666,329
v2_3b8c064ad992,100.0,54.85693583247827,-0.23256163354551695,330
v2_af84d5b32b9d,100.0,36.15623422165889,-0.2327398099933351,331
v2_03a8d6d0e095,100.0,37.48724129760747,-0.23396193720901515,332
v2_5f8a91715834,100.0,35.38951726264994,-0.23479551974376722,333
v2_4131a2de7fb1,100.0,35.92421249831149,-0.23752231537663615,334
v2_8d8f0025a64f,100.0,35.27996602952083,-0.2386476018935335,335
v2_df90d57e78f6,100.0,35.37258455497128,-0.24102355991566338,336
v2_63bf4929ef1a,100.0,35.407014570505034,-0.24153513022514428,337
v2_58a108e93dd0,100.0,35.036443950488376,-0.25034431889528985,338
v2_0bd94cc8a7ca,100.0,34.96253105635849,-0.2516049409517995,339
v2_4e4571e3348d,100.0,52.69437650540215,-0.252165944623008,340
v2_b2b12f797562,100.0,39.7525088931516,-0.25248852686814605,341
v2_c30ddb21e7dd,100.0,34.92500301306341,-0.2532202500471854,342
v2_418fd03b0476,100.0,34.84615624541122,-0.2552408302170672,343
v2_a243116bfc3d,100.0,34.93414292748609,-0.25577058574306744,344
v2_f8057d5a3fb8,100.0,34.87928384224338,-0.2615415515418009,345
v2_0f0587b9c78e,100.0,35.09590586720293,-0.26338138123649824,346
v2_0df0a4111041,100.0,34.90336776449049,-0.264661810384359,347
v2_e9c61bf27dbb,100.0,38.250574579799775,-0.26494909607627637,348
v2_75b069521377,100.0,38.71402280409536,-0.2655213747322458,349
v2_a249b5f773dd,100.0,36.32255853633557,-0.2664705571837178,350
v2_6483f07e2243,100.0,39.993268618849456,-0.2668974683950358,351
v2_e51e01895705,100.0,34.756622948641564,-0.2684648681761157,352
v2_df1740a6efed,100.0,34.70154947940122,-0.2686400338219599,353
v2_28c2bd4bdee1,100.0,35.103651100252904,-0.26895454519694884,354
v2_327e22814d38,100.0,35.13609173926227,-0.2704272442336668,355
v2_6e94779024fd,100.0,45.11252828853095,-0.2718348236764623,356
v2_101d4808040d,100.0,34.535275648391725,-0.27292836324556546,357
v2_f22f9b19755c,100.0,34.519520387283244,-0.2752259843226845,358
v2_a06de341e854,100.0,34.61325575958329,-0.2760059262510941,359
v2_e050237f27eb,100.0,47.843092993700225,-0.2762802296316922,360
v2_5cb90bb0e39b,100.0,34.89705103563637,-0.27804033202701284,361
v2_1f7b17b07124,100.0,34.45764535007837,-0.2788705380481238,362
v2_e384aff48f9a,100.0,34.38707866386367,-0.28416639420683776,363
v2_f54062d9efaa,100.0,34.89450156287576,-0.28631712349415483,364
v2_feae32c1b420,100.0,35.71774452459317,-0.2866331791461265,365
v2_6bf8ac820c84,100.0,35.21270243146273,-0.2873799193030768,366
v2_8cbced210662,100.0,34.51566763255734,-0.2879285135481142,367
v2_704abeaa0758,100.0,42.804974680291515,-0.2881285311065458,368
v2_ba04d736582e,100.0,47.432107499940344,-0.2887546476354741,369
v2_509e0c61beb4,100.0,34.47508007812475,-0.289316622524578,370
v2_b2247eb217f3,100.0,34.69792484559219,-0.29227954325937766,371
v2_460410de1f7e,100.0,35.170081835848876,-0.2951947348830588,372
v2_03a9981c49b2,100.0,45.65684417470638,-0.2962026269191247,373
v2_e44eb4dab0fc,100.0,34.21093827443656,-0.29734829713131905,374
v2_fa803b7e477f,100.0,32.47153531730755,-0.29782028313559916,375
v2_8c16a16cc908,100.0,50.838819816272604,-0.2980568182408829,376
v2_cf120731cd2d,100.0,34.15045085760501,-0.29811787559995295,377
v2_4adf29ba3120,100.0,46.22720706154226,-0.29894722481071856,378
v2_842154fdfe21,100.0,36.290211378814014,-0.2993053001074406,379
v2_327f3dd579eb,100.0,34.65392198765112,-0.29985167788297495,380
v2_3a805d3bb5a7,100.0,34.0822118258519,-0.3001949193464428,381
v2_7abd164b4cb2,100.0,34.342641401931616,-0.3034542673221834,382
v2_2a1ff752ead3,100.0,33.987702471045615,-0.3043859825476991,383
v2_fef9aca8c8bc,100.0,34.16570204894416,-0.30674285414310454,384
v2_5b387cc1bd96,100.0,35.09766248104141,-0.3068792354824774,385
v2_7400882b3476,100.0,53.664810373013694,-0.3071533047533883,386
v2_3f3751e3cc3f,100.0,39.95780960114044,-0.30981522409109186,387
v2_9988ac7c0032,100.0,33.86317259355174,-0.3101274430305958,388
v2_e0725ee92813,100.0,33.94214482979369,-0.31044186787637607,389
v2_45d62e762250,100.0,33.986332454775045,-0.31086518725930556,390
v2_c097c45d7644,100.0,33.81179749310423,-0.3120740894701344,391
v2_f5845ac92b6c,100.0,34.05455907124888,-0.31233984622738387,392
v2_3af15082a2bf,100.0,34.153390995454984,-0.3132381215191691,393
v2_55c5bca90e3d,100.0,33.90094685611857,-0.3136264438746057,394
v2_64b02cad0fb3,100.0,33.854267357518566,-0.31480843971459205,395
v2_a5995fdaf1a9,100.0,33.80371013443604,-0.3163131279140856,396
v2_aa5ab9892fe4,100.0,40.347086357365264,-0.31766814632127094,397
v2_6b1ea8b44ba8,100.0,35.38208614690284,-0.3198210930993346,398
v2_c1333a136b91,100.0,33.663737909544196,-0.32187434233163525,399
v2_a22a203b0ab9,100.0,34.149609722489245,-0.3230782903876257,400
v2_646a87c4b847,100.0,32.37039606956337,-0.3245791400288054,401
v2_06a0176c0655,100.0,33.694623230741485,-0.3248244329536796,402
v2_1df6d0fc57b2,100.0,33.71632796614856,-0.3264053842451746,403
v2_76283a8c21b5,100.0,33.967996646567414,-0.3279690097652699,404
v2_27a3db592de5,100.0,33.56721402693598,-0.3297815402401545,405
v2_dcbfd356e7ee,100.0,34.79792624470619,-0.33089452406155306,406
v2_89e6492e479f,100.0,34.01727581635748,-0.33237822661330796,407
v2_4bce24d994ca,100.0,34.36887941022664,-0.33279490096713626,408
v2_328c0b7e79e9,100.0,33.43883087640525,-0.3334457008398717,409
v2_3a0bfaadd393,100.0,34.03294826403096,-0.33350503749682137,410
v2_1375f002ce05,100.0,33.439822668675106,-0.3348393947841055,411
v2_72cb76ad8d7f,100.0,33.46979706020091,-0.335043212841879,412
v2_f1edfe942d8a,100.0,33.40775164949125,-0.3350724777058476,413
v2_d2d707abfb6e,100.0,34.566138662678064,-0.3354273217366943,414
v2_fc577ec088f4,100.0,33.444263290934614,-0.3359591391070058,415
v2_ef0e6b36d41f,100.0,33.402957186340906,-0.33673266652477896,416
v2_589b2d5eaf4e,100.0,34.41213955811357,-0.3385537081331913,417
v2_4d3c047833dd,100.0,33.42220927860204,-0.3407335216104226,418
v2_11799501cf0c,100.0,33.29323296826934,-0.3415266038971039,419
v2_053898cfa53f,100.0,35.26025243500036,-0.34270550874960204,420
v2_bb8f840a2646,100.0,33.340658484352126,-0.3427337894727778,421
v2_511efafe2e78,100.0,33.35025693594822,-0.34317783590883,422
v2_408c957c8dd7,100.0,33.309203933043136,-0.3433329236481182,423
v2_ea3d7c9f4c5d,100.0,34.441798845686364,-0.344436211823397,424
v2_185877cb128e,100.0,34.98195268486441,-0.344568383015317,425
v2_5a2051fa1963,100.0,33.26963088383244,-0.34493563254821336,426
v2_272bca4da67a,100.0,33.343247055668414,-0.3479680080805796,427
v2_f4ff0bf5812d,100.0,35.97656275533078,-0.3481638081141236,428
v2_3f7aec1a6148,100.0,33.83621316280308,-0.35061516014864136,429
v2_c31a181df483,100.0,33.14815904715984,-0.35363977477920816,430
v2_b2f94609602c,100.0,33.88960492300231,-0.35501142154648946,431
v2_776773df89e5,100.0,33.07231333350919,-0.3555217262735004,432
v2_8455a276124d,100.0,42.982240129490606,-0.3558579746334374,433
v2_5982d0a6db2d,100.0,33.16715692736754,-0.3559673827164067,434
v2_e1502e8bbb87,100.0,33.09053602162928,-0.35629512102818595,435
v2_fc1b9e55395d,100.0,34.7792920002886,-0.35641572241464115,436
v2_6fb2b2799b94,100.0,33.12226864491274,-0.3571236692127808,437
v2_1a0bba15f724,100.0,33.02510762860428,-0.3579047787593064,438
v2_d34db24fccf9,100.0,33.0058502846415,-0.3579465495190961,439
v2_bab50aba4d56,100.0,33.04830635564916,-0.35869746410609693,440
v2_2a0da949925a,100.0,44.568133177920416,-0.3590286676041172,441
v2_3b461dca58f8,100.0,38.49479692897343,-0.35998501785396986,442
v2_b3e448776339,100.0,33.42533096765482,-0.36002287871983363,443
v2_30d3a4bb63e0,100.0,33.0231487608909,-0.36028194936848834,444
v2_34e432368fc2,100.0,35.88587097106008,-0.3604362162942847,445
v2_8dcd045f52a2,100.0,32.98591758527156,-0.36182717530440645,446
v2_d677c528ec73,100.0,32.954074061506354,-0.36193783071558094,447
v2_86ea879d7a16,100.0,32.96194973986595,-0.3621306854177435,448
v2_cfe496e3b518,100.0,33.05274339104531,-0.3624021773365591,449
v2_53d394fe5598,100.0,32.94418481283933,-0.36279165975136696,450
v2_50c124c6283a,100.0,33.11123806732176,-0.36422650203549356,451
v2_276df74ff9f9,100.0,32.95376044025204,-0.36468869384638225,452
v2_d3c916c22a1b,100.0,32.30482731147195,-0.36486185420045114,453
v2_add7095c7967,100.0,32.8862458079055,-0.3679299937820186,454
v2_790c81dfd3a6,100.0,32.86038360040921,-0.3680326778561538,455
v2_2b250727ed4b,100.0,33.014638504633794,-0.3682783201206199,456
v2_11a92fa4b527,100.0,32.83724184634921,-0.3686883729204933,457
v2_46e5df9d9cc4,100.0,32.88788032155859,-0.3698638996320014,458
v2_1b3788200cce,100.0,38.95227485009042,-0.37063495143025893,459
v2_ee568549bb3e,100.0,32.810833089407005,-0.37118212519174953,460
v2_f2906a7d0557,100.0,32.867446335570676,-0.3714519108199479,461
v2_7267ecb3791a,100.0,32.94771950943481,-0.3717302895807304,462
v2_e9424543e12a,100.0,32.874466390888614,-0.37184975226457784,463
v2_15151956d049,100.0,32.95159053563008,-0.37290891567649087,464
v2_3449baa0985c,100.0,32.770079909959506,-0.3729673205916786,465
v2_f5bbfad7b42a,100.0,32.76683970126281,-0.3732054787168346,466
v2_0eccf53b9636,100.0,38.21933038245125,-0.37368115131516433,467
v2_bdf5ecbe4ce9,100.0,32.7721528277852,-0.3739410174890816,468
v2_94b321eab37a,100.0,32.73965535763334,-0.37411963627733247,469
v2_d6d963a7da27,100.0,32.73540723122802,-0.37459804869567126,470
v2_4642c0e6aee4,100.0,35.34434863544786,-0.3761690373596913,471
v2_0e988230dec9,100.0,32.9012989031505,-0.37665660191691686,472
v2_79ca638d3a5a,100.0,33.175621582345144,-0.3767330325990388,473
v2_d4c11264bb67,100.0,39.269322101029445,-0.3779078600698167,474
v2_30165da6b265,100.0,35.95739092149744,-0.3786678793643006,475
v2_1db83ce07c66,100.0,32.660176992889895,-0.37879729820354857,476
v2_fc0f604b6305,100.0,32.76835891579284,-0.38046312757944367,477
v2_8c34f90dfd00,100.0,32.769246060464546,-0.3807487741695619,478
v2_12bd77def88c,100.0,32.65374236522026,-0.3810567563487641,479
v2_f8a7b8bc6842,100.0,32.637417539311926,-0.3812682583901159,480
v2_98e511eca96b,100.0,32.69735383060021,-0.381324295588259,481
v2_b785a13801f3,100.0,32.596177199465416,-0.38148179380865965,482
v2_daf836d61844,100.0,32.691044885877716,-0.3816451897801807,483
v2_89dc2c5a99c8,100.0,33.687779687734576,-0.3825966141850534,484
v2_bb9086199795,100.0,32.62076970271195,-0.38302009128114545,485
v2_47a30def4cf5,100.0,32.59112215853924,-0.3832755408661006,486
v2_56ec45f1459f,100.0,32.616746800396825,-0.38332997811182157,487
v2_a36e4bdb6fa4,100.0,32.63738485989166,-0.3833409629598874,488
v2_a5cb932ea8b1,100.0,32.84098231468461,-0.3844477305314786,489
v2_c3720babea72,100.0,46.405746711304644,-0.3848750586301968,490
v2_4bc00b035e1e,100.0,46.99521326123663,-0.38547871894140506,491
v2_3cb1c3f5ccfc,100.0,32.73450894383728,-0.3858133671752251,492
v2_51402f736f13,100.0,32.521294380152376,-0.3869950740177428,493
v2_6bc9b8c86b99,100.0,32.53420530932247,-0.38703762320270396,494
v2_bb6b08e6ea0f,100.0,32.71259787954517,-0.3874782222323132,495
v2_297b94b8da3c,100.0,33.26597755553826,-0.38769678957453113,496
v2_ef2925819b4d,100.0,32.88844091325295,-0.387924469953858,497
v2_42496b3f14bd,100.0,32.51991516600845,-0.3882278066057365,498
v2_5b61d4d3eff1,100.0,32.56462652830069,-0.38837771907157226,499
v2_e214bf1bf12d,100.0,32.618216266429776,-0.3895809920118811,500
v2_fffeca2cfd38,100.0,32.56528674961946,-0.389684326452417,501
v2_72cac07abe7d,100.0,32.47456360710212,-0.3896856494918426,502
v2_0f82d11b4f04,100.0,32.50510428134109,-0.3897551538695865,503
v2_55655aab582f,100.0,37.362823360401286,-0.3899304739373788,504
v2_c6b0e249236b,100.0,33.7948248448652,-0.3900215982841564,505
v2_80df6418ae12,100.0,32.51063559914441,-0.39006201204634205,506
v2_0ab983a0baac,100.0,32.463308458849156,-0.39030172321383017,507
v2_f45e889b4001,100.0,36.54290841748369,-0.3903888909945836,508
v2_932787dd6b09,100.0,32.51615603712422,-0.39101319139201074,509
v2_2c3247ef3569,100.0,32.46111689083629,-0.39107973936609053,510
v2_bf3a99c1076c,100.0,32.44559796998155,-0.3916925423143587,511
v2_2ac1548676d7,100.0,32.782460245939895,-0.39171873197748663,512
v2_d94ba6fccd6d,100.0,33.23329293709216,-0.3917812082704444,513
v2_53db18d39412,100.0,32.45368737404342,-0.39185676131539005,514
v2_d2469c44b351,100.0,32.446111014282764,-0.39200877738466744,515
v2_bffb4ca385d8,100.0,32.46887688206764,-0.39216679262932086,516
v2_48409044cc42,100.0,32.43964528427482,-0.39255083069237884,517
v2_0df262aa8b5e,100.0,32.48876162944373,-0.39271298610801697,518
v2_eea7431d9b1f,100.0,32.412944989591274,-0.39315665066473304,519
v2_f1b5ca3b5ed3,100.0,32.42216812153377,-0.39316196606702203,520
v2_74b707e86c3a,100.0,32.479726425930984,-0.3931880169882813,521
v2_dfc463d44674,100.0,32.49294235214472,-0.39330464279799227,522
v2_369d362fc413,100.0,32.41847549782688,-0.3934473690400866,523
v2_b80195d636fb,100.0,32.41304447414094,-0.3934577243411166,524
v2_d67ba61089fc,100.0,32.25358248984458,-0.39353334975943266,525
v2_a5044110f57c,100.0,32.41782624930588,-0.3937352831732692,526
v2_d0d7fa84349a,100.0,36.53200713415953,-0.3940579912553863,527
v2_64f7ea606960,100.0,32.46240469071173,-0.394080088915711,528
v2_e7081350f820,100.0,32.39174160647488,-0.394729283726849,529
v2_29d900b0e143,100.0,32.38688690762496,-0.3947916016218995,530
v2_16fdf6c7e629,100.0,32.40543917471167,-0.394812141115259,531
v2_9be4c6fad3e6,100.0,32.384256663166,-0.394920629689965,532
v2_305cbdde58df,100.0,32.49868462191031,-0.3950206501661846,533
v2_4e6416610157,100.0,32.375210799086055,-0.39546628499598757,534
v2_88d837e52cf8,100.0,32.426404959306744,-0.39560646489386464,535
v2_33a25cb54448,100.0,32.367335201235456,-0.3959951663097989,536
v2_65a8e75c99a1,100.0,32.36511302649393,-0.39620639498455557,537
v2_06982e5b5e3d,100.0,32.4401885285329,-0.3962243645856791,538
v2_617a50e8ab16,100.0,32.36841204707385,-0.3964718690063558,539
v2_793d60d409d7,100.0,32.36086881229044,-0.3965793482740274,540
v2_670fd35b87e9,100.0,32.36226661972837,-0.3967110995447545,541
v2_23795f97045b,100.0,37.789236026035766,-0.3971265468992966,542
v2_52f064444943,100.0,32.58032191011659,-0.39733943256885507,543
v2_ac8b3549fc28,100.0,32.247815126050405,-0.39789344241780533,544
v2_0ce73c6b6aa2,100.0,32.50953632598781,-0.3978957974316488,545
v2_6a455b89deec,100.0,32.33530135492137,-0.3981382013694157,546
v2_76c2fa721e15,100.0,32.37934769217,-0.3981505808570711,547
v2_6b1792ebfbe3,100.0,32.32687148057151,-0.3984763910344489,548
v2_ffbce41b169e,100.0,32.4892887614563,-0.39865533325147506,549
v2_b49f7fc68b5a,100.0,32.320944145427454,-0.3987296733097203,550
v2_1f2a1b31722c,100.0,32.32835551412313,-0.398791277801001,551
v2_1f8d6150fd22,100.0,32.348547447555895,-0.39888139483776897,552
v2_d532628ebb58,100.0,32.310937288086386,-0.39895799814025423,553
v2_b539826b43eb,100.0,38.497126896363525,-0.3991785238151664,554
v2_c8a9cfc23efd,100.0,45.772083762810695,-0.39920897951926726,555
v2_006255cd4d17,100.0,32.312953012505375,-0.39932717527704664,556
v2_421182944077,100.0,32.24781512605041,-0.3994142357891999,557
v2_827af743c3f7,100.0,32.470615266399655,-0.39948039670024205,558
v2_5ab59007acf8,100.0,49.36181567120055,-0.39952492920813754,559
v2_f149e31eee8a,100.0,32.30767632285252,-0.39966257990917775,560
v2_c3fde1e391c1,100.0,32.308045517707164,-0.39967154768626756,561
v2_9f163359f356,100.0,32.318192129630056,-0.39987914635548805,562
v2_6673356ba737,100.0,32.4909061927412,-0.3999437544230533,563
v2_a928e07832b0,100.0,32.30926164845258,-0.40001500888294395,564
v2_207af0272c55,100.0,32.46459374360886,-0.4000323519136142,565
v2_5b1f6e5c6ee3,100.0,32.30061652336764,-0.40009072217879904,566
v2_56266b6d1e9e,100.0,32.347248689933856,-0.4001480234129948,567
v2_b60636e0e659,100.0,32.30412653771875,-0.40016012502468357,568
v2_cc86e981f501,100.0,32.29823257445022,-0.4002410531787124,569
v2_88ea53c0d24d,100.0,32.290426340274124,-0.40045246809259005,570
v2_1d8ae71e9511,100.0,32.24781027847442,-0.40052722692844966,571
v2_eb84c4a34ac4,100.0,32.29600120626916,-0.400600241059613,572
v2_eb3a6aee95f4,100.0,32.29034362770696,-0.40072364987121833,573
v2_d21c09cb4062,100.0,32.49501151269423,-0.40081713071788716,574
v2_3d099050aa1d,100.0,32.28759114580644,-0.40091407367839604,575
v2_21d2e7144281,100.0,32.29407759511098,-0.4010292658171011,576
v2_515a864ae8b1,100.0,32.28076248530115,-0.4013097545070652,577
v2_9e11f74bdacb,100.0,32.27810142589149,-0.40149971268882023,578
v2_f4985d4fcbcd,100.0,32.34792690462698,-0.4015411656703547,579
v2_80ac9c16fd08,100.0,32.5266526153022,-0.4016170475036729,580
v2_445bd9aeb2e3,100.0,32.272842611755706,-0.401769129571103,581
v2_9170d87243aa,100.0,32.2963424954992,-0.4017745348063668,582
v2_ee3d982985a2,100.0,32.299281306803906,-0.40178925493149187,583
v2_766205a6d95b,100.0,32.272147594678756,-0.401813733539238,584
v2_b0b56c4bb5f8,100.0,32.28542931868244,-0.40205333721732206,585
v2_676b4ee4554b,100.0,32.24781512605041,-0.4020741950702664,586
v2_ac87310fe657,100.0,32.312373458125805,-0.402089023416182,587
v2_9c8c9d876a08,100.0,32.26727068398461,-0.4021124237601157,588
v2_ef8fc041c4f7,100.0,32.26635977821324,-0.4021657516085293,589
v2_766087ca8ea4,100.0,32.311121726835374,-0.4022637894626966,590
v2_9e47b5f45fd2,100.0,32.26413727659718,-0.4022825471979621,591
v2_907f0ec53d89,100.0,32.26400315563238,-0.4023329905836004,592
v2_549b46a9edb9,100.0,32.2823228216206,-0.4024121189505099,593
v2_514e3e419007,100.0,32.581464246617394,-0.4025485483704667,594
v2_65bc5f52e1ce,100.0,32.25885178738286,-0.40261800910118684,595
v2_970767b8815d,100.0,32.25768869185275,-0.4026885876833779,596
v2_81ea825f9628,100.0,32.25644232383443,-0.4027687386276462,597
v2_91adfcf66e18,100.0,32.25605351646103,-0.4027876465654616,598
v2_f8f96c5d3c1c,100.0,32.25611152318067,-0.40279387562199354,599
v2_c2786762dfed,100.0,32.2554475769942,-0.4028356561818418,600
v2_d2f72e46315e,100.0,32.25477417995543,-0.4028693799733931,601
v2_f2769b10fa5e,100.0,32.25493222425934,-0.40287905970864557,602
v2_ca4c69edbc5e,100.0,32.24781512605041,-0.4028888356661655,603
v2_143d5a10ef57,100.0,32.25338919726499,-0.4029417996285103,604
v2_c9044cec0c9c,100.0,32.253065360447636,-0.40296786144798524,605
v2_11ea4762eafa,100.0,32.25287371552557,-0.402978705658823,606
v2_928eb6f36189,100.0,32.25199895293051,-0.4030315633285504,607
v2_c7df84b1a689,100.0,32.25194138354264,-0.40303796550679927,608
v2_e67eea121ba7,100.0,32.31172095450886,-0.40304019349112696,609
v2_07a02e88f8de,100.0,32.24781512604995,-0.4030732328908293,610
v2_88270735f995,100.0,32.24781512605041,-0.40307560848005064,611
v2_3461ad48789c,100.0,32.25085746756211,-0.40307703708648024,612
v2_56a2bed2064d,100.0,32.251247275869495,-0.4030776110143224,613
v2_e97debc202bb,100.0,32.346778207672266,-0.4030891565049233,614
v2_02c1ba56e7ce,100.0,32.25085309787812,-0.4031010326811737,615
v2_76373df9ccc1,100.0,32.250621051802796,-0.40311545703818386,616
v2_b77c406e683c,100.0,32.25061334572633,-0.40311704828235495,617
v2_a46d0d7cdbd1,100.0,32.24781512605041,-0.40314828663082736,618
v2_91a860298ad2,100.0,32.2498754172633,-0.40316137706999555,619
v2_31f68ae00a81,100.0,32.24969148469142,-0.40317134714770564,620
v2_11bcec4d1ce9,100.0,32.24915604682657,-0.40320387657807455,621
v2_018dae8095dc,100.0,32.43114339498631,-0.4032409121904248,622
v2_3077754568db,100.0,32.248544736156504,-0.4032411531065536,623
v2_43989cb827d1,100.0,32.24841088741678,-0.4032487400426943,624
v2_bb59dd2a157e,100.0,32.24829145120773,-0.4032559295071545,625
v2_26d107654cd5,100.0,32.248239596956516,-0.40325917555093227,626
v2_415981fdcc6b,100.0,32.24781512605041,-0.40327040257447333,627
v2_e774daaf879d,100.0,32.24781512605041,-0.40327408724145464,628
v2_7df5dcfc7ce1,100.0,32.24799152126344,-0.4032742040227424,629
v2_c29ba8d1eb43,100.0,32.24781512605033,-0.40327511527871795,630
v2_6255a828f865,100.0,32.24781512605041,-0.40327630841980433,631
v2_844e90000464,100.0,32.24781512605041,-0.4032793477136556,632
v2_75ef74ddca45,100.0,32.24781512605041,-0.403281625349706,633
v2_dbd98eba7e8e,100.0,32.24781512605041,-0.40328185919434656,634
v2_0a4c70962f35,100.0,32.24784915994227,-0.4032827182988816,635
v2_4cd44c61efd9,100.0,32.24783494105988,-0.4032835745058776,636
v2_404bf85845ba,100.0,32.24783271965274,-0.40328370795974333,637
v2_bf335a8207cf,100.0,32.24783176990531,-0.40328376585142234,638
v2_f0877d079fcc,100.0,32.24782902276522,-0.4032839342433858,639
v2_d7c3b79c5eb7,100.0,32.24782694106761,-0.4032840549414223,640
v2_c24a0756b045,100.0,32.24782479566189,-0.40328418604037974,641
v2_2c7ee6953e5c,100.0,32.24781512605041,-0.40328436724348027,642
v2_58c84434146e,100.0,32.2478206245304,-0.40328443881690035,643
v2_e79f58acbe31,100.0,32.24782029843059,-0.40328445651624456,644
v2_3c03b46eec19,100.0,32.24781512605041,-0.40328447704478876,645
v2_3a631affa16a,100.0,32.247819242705454,-0.4032845199834503,646
v2_997cd6506199,100.0,32.24781687653823,-0.4032846629131326,647
v2_fbf6d1976e48,100.0,32.24781654957658,-0.4032846823404084,648
v2_2cdd775d4870,100.0,32.247816095990686,-0.40328470958883855,649
v2_441d20e5b614,100.0,32.24781603943962,-0.40328471299484736,650
v2_b9780061d657,100.0,32.24781512605041,-0.40328472116183267,651
v2_00c783083787,100.0,32.24781512603169,-0.40328474025478567,652
v2_f11f74374815,100.0,32.24781558455512,-0.40328474039100737,653
v2_7ed067f1db3a,100.0,32.2478155681752,-0.4032847413470826,654
v2_e612d8070754,100.0,32.24781512605041,-0.4032847495630776,655
v2_fba7dd5bea7e,100.0,32.24781542538804,-0.4032847499827943,656
v2_ffdbd3251f1a,100.0,32.24781530092167,-0.40328475748195736,657
v2_a5fe401483ac,100.0,32.24781529995744,-0.40328475754447535,658
v2_f41037096bce,100.0,32.24781512605041,-0.40328475831075306,659
v2_586cef43f5b6,100.0,32.247815207088216,-0.403284763091011,660
v2_92ec00b6f39a,100.0,32.24781512605041,-0.40328476544166847,661
v2_75c068286b03,100.0,32.24781516422169,-0.4032847656685963,662
v2_558026661475,100.0,32.24781514628642,-0.403284766747654,663
v2_f09c9c24eaf2,100.0,32.247815131941266,-0.40328476760978216,664
v2_356d29cd5976,100.0,32.2478151299756,-0.40328476772806265,665
v2_9359a4e9692e,100.0,32.24781512605041,-0.40328476777874833,666
v2_3c43b82b58ed,100.0,32.24781512830053,-0.403284767828743,667
v2_f8b4cdd63b9f,100.0,32.247815128137375,-0.40328476783858047,668
v2_a7de78124e3f,100.0,32.24781512794869,-0.4032847678501845,669
v2_b53d6a1f6675,100.0,32.24781512787421,-0.40328476785393175,670
v2_244ae228b18b,100.0,32.24781512702123,-0.40328476790562906,671
v2_be3e2bdb4789,100.0,32.24781512699413,-0.40328476790727485,672
v2_b024464b5322,100.0,32.24781512676377,-0.40328476792110823,673
v2_e689b6ef646d,100.0,32.247815126752485,-0.4032847679219058,674
v2_8fd1577ec122,100.0,32.24781512673806,-0.403284767922643,675
v2_21bdebfa75e5,100.0,32.2478151267365,-0.40328476792274603,676
v2_56e3b3dd4ec4,100.0,32.24781512667516,-0.40328476792643464,677
v2_77ecc60e1005,100.0,32.24781512649416,-0.4032847679374063,678
v2_6d6c01c299d6,100.0,32.24781512641312,-0.40328476794218293,679
v2_d01c09b331b3,100.0,32.24781512630842,-0.403284767948473,680
v2_a808fbebe339,100.0,32.247815126238066,-0.4032847679526981,681
v2_ca8fb5f955fb,100.0,32.24781512622713,-0.40328476795335266,682
v2_cc843b65e057,100.0,32.247815126223976,-0.40328476795354984,683
v2_55bbb8132154,100.0,32.247815126163445,-0.40328476795717894,684
v2_1678575eabf7,100.0,32.247815126161974,-0.40328476795727575,685
v2_0f0f454d021d,100.0,32.247815126155906,-0.4032847679576106,686
v2_71b216b518df,100.0,32.247815126147295,-0.4032847679581515,687
v2_6da9ec42c8b8,100.0,32.24781512612658,-0.40328476795939405,688
v2_45e1fbdaa5c2,100.0,32.24781512610886,-0.40328476796046875,689
v2_912dd08dc636,100.0,32.24781512610051,-0.4032847679609608,690
v2_7a4baae53753,100.0,32.24781512610008,-0.40328476796099455,691
v2_e9c9fa704b28,100.0,32.247815126077406,-0.4032847679623499,692
v2_560f207ba3d2,100.0,32.24781512607374,-0.4032847679625693,693
v2_7961390795a0,100.0,32.24781512607287,-0.40328476796262525,694
v2_473d7f5150b9,100.0,32.24781512606831,-0.40328476796289614,695
v2_c10e128bf7d7,100.0,32.24781512606756,-0.4032847679629441,696
v2_f58d90d629ef,100.0,32.24781512606613,-0.4032847679630267,697
v2_d412c077dafb,100.0,32.247815126064125,-0.4032847679631475,698
v2_1a124d19ddd7,100.0,32.247815126062235,-0.40328476796326296,699
v2_6e7c72c72427,100.0,32.247815126061006,-0.4032847679633349,700
v2_36d84ab02afc,100.0,32.24781512606036,-0.4032847679633731,701
v2_26e4dca23780,100.0,32.24781512605724,-0.4032847679635614,702
v2_9cbc2bc7fac9,100.0,32.24781512605692,-0.4032847679635809,703
v2_88fd23c0928c,100.0,32.24781512605532,-0.40328476796367596,704
v2_530cdf95f4fc,100.0,32.247815126055066,-0.40328476796369106,705
v2_d7205181a013,100.0,32.247815126055,-0.4032847679636955,706
v2_6bfe936e39ad,100.0,32.247815126054824,-0.40328476796370616,707
v2_56dc7d4fe28f,100.0,32.24781512605464,-0.4032847679637177,708
v2_6c0a6fc5e158,100.0,32.24781512605354,-0.40328476796378343,709
v2_11cd732532aa,100.0,32.24781512605312,-0.4032847679638083,710
v2_dbd6c8c9da2e,100.0,32.247815126052885,-0.4032847679638225,711
v2_f4becc8ae6fe,100.0,32.24781512605206,-0.40328476796387225,712
v2_ed29f5feb466,100.0,32.24781512605203,-0.403284767963874,713
v2_9525b79f6620,100.0,32.24781512605174,-0.4032847679638918,714
v2_a75109a57c6d,100.0,32.24781512605127,-0.4032847679639193,715
v2_cf11b117420f,100.0,32.247815126051236,-0.403284767963922,716
v2_e4c8cba42606,100.0,32.24781512605118,-0.40328476796392465,717
v2_131f1d3687b0,100.0,32.24781512605114,-0.4032847679639273,718
v2_7da1d2beaec9,100.0,32.247815126051144,-0.4032847679639273,719
v2_a7f4f1948bab,100.0,32.247815126050995,-0.4032847679639362,720
v2_8a4fce97c16f,100.0,32.247815126050966,-0.403284767963938,721
v2_a7415af8b13f,100.0,32.247815126050924,-0.40328476796393975,722
v2_0f3132270679,100.0,32.247815126050796,-0.40328476796394774,723
v2_1ac5198fc97d,100.0,32.24781512605074,-0.4032847679639513,724
v2_e96a0f462ccf,100.0,32.24781512605073,-0.4032847679639522,725
v2_3c2cad0aefc4,100.0,32.247815126050654,-0.4032847679639566,726
v2_962fcea377df,100.0,32.24781512605065,-0.4032847679639566,727
v2_8c546df2c2db,100.0,32.247815126050575,-0.40328476796396107,728
v2_fdc599800bdc,100.0,32.24781512605057,-0.40328476796396195,729
v2_6c7a29714080,100.0,32.24781512605054,-0.40328476796396284,730
v2_af5a856ff462,100.0,32.24781512605054,-0.40328476796396284,731
v2_5640b22b71e3,100.0,32.24781512605049,-0.4032847679639664,732
v2_c0bc1dfec759,100.0,32.2478151260505,-0.4032847679639664,733
v2_bbb4e33979b3,100.0,32.24781512605047,-0.4032847679639673,734
v2_d156c88ad110,100.0,32.24781512605047,-0.4032847679639673,735
v2_c294ba6b778c,100.0,32.24781512605046,-0.40328476796396817,736
v2_d8ebad0bdbf3,100.0,32.24781512605046,-0.40328476796396817,737
v2_56d4b4ce7d23,100.0,32.24781512605045,-0.40328476796396906,738
v2_b444e4a4dd6c,100.0,32.24781512605044,-0.40328476796396906,739
v2_c170a437b0fb,100.0,32.24781512605044,-0.40328476796396906,740
v2_24dc2c5f8ba0,100.0,32.247815126050426,-0.40328476796396995,741
v2_baebc28d39f7,100.0,32.247815126050426,-0.40328476796396995,742
v2_efe9927d5d18,100.0,32.24781512605043,-0.40328476796396995,743
v2_f229ed8c7c1f,100.0,32.24781512605043,-0.40328476796396995,744
v2_015719ad0498,100.0,32.24781512605041,-0.40328476796397084,745
v2_01a0336855ff,100.0,32.24781512605041,-0.40328476796397084,746
v2_047784b7b37c,100.0,32.24781512605042,-0.40328476796397084,747
v2_0996cd47ae43,100.0,32.24781512605041,-0.40328476796397084,748
v2_0aeb9d68cdc9,100.0,32.24781512605041,-0.40328476796397084,749
v2_0cbd066be0a2,100.0,32.24781512605041,-0.40328476796397084,750
v2_1151c1aa6250,100.0,32.24781512605041,-0.40328476796397084,751
v2_14b5688bda10,100.0,32.24781512605041,-0.40328476796397084,752
v2_175158b4b5ae,100.0,32.24781512605041,-0.40328476796397084,753
v2_1a525429db16,100.0,32.24781512605041,-0.40328476796397084,754
v2_1aac13ccade3,100.0,32.24781512605041,-0.40328476796397084,755
v2_1cbf1f79a7b5,100.0,32.24781512605041,-0.40328476796397084,756
v2_20d4dc27e4e6,100.0,32.24781512605041,-0.40328476796397084,757
v2_20fbec6b2e06,100.0,32.24781512605041,-0.40328476796397084,758
v2_21d8acb896b0,100.0,32.24781512605041,-0.40328476796397084,759
v2_2370c53b81ad,100.0,32.24781512605041,-0.40328476796397084,760
v2_2812a828b3fe,100.0,32.24781512605041,-0.40328476796397084,761
v2_2839acf31ce7,100.0,32.24781512605041,-0.40328476796397084,762
v2_29b4cc72f3d2,100.0,32.24781512605041,-0.40328476796397084,763
v2_29d05ea5007d,100.0,32.24781512605041,-0.40328476796397084,764
v2_2df5101ecfdf,100.0,32.24781512605041,-0.40328476796397084,765
v2_306c3daabff3,100.0,32.24781512605041,-0.40328476796397084,766
v2_37782516af49,100.0,32.24781512605042,-0.40328476796397084,767
v2_38a876374e40,100.0,32.24781512605041,-0.40328476796397084,768
v2_3909ae4630cf,100.0,32.24781512605041,-0.40328476796397084,769
v2_3963131e1808,100.0,32.24781512605041,-0.40328476796397084,770
v2_39df65dd5bae,100.0,32.24781512605041,-0.40328476796397084,771
v2_3e966d27b248,100.0,32.24781512605042,-0.40328476796397084,772
v2_3fb9f4b5007b,100.0,32.24781512605042,-0.40328476796397084,773
v2_410b2aeb9f4f,100.0,32.24781512605041,-0.40328476796397084,774
v2_4283ee4bfc90,100.0,32.24781512605041,-0.40328476796397084,775
v2_47435fba2419,100.0,32.24781512605041,-0.40328476796397084,776
v2_4a0c4508d69f,100.0,32.24781512605041,-0.40328476796397084,777
v2_4cfe06dda614,100.0,32.24781512605042,-0.40328476796397084,778
v2_516e5094fe2f,100.0,32.24781512605041,-0.40328476796397084,779
v2_657072df4cf3,100.0,32.24781512605041,-0.40328476796397084,780
v2_669c90aa23ab,100.0,32.24781512605041,-0.40328476796397084,781
v2_6920efc5d58e,100.0,32.24781512605041,-0.40328476796397084,782
v2_6978bd563be6,100.0,32.24781512605041,-0.40328476796397084,783
v2_6d03a9e659f6,100.0,32.24781512605041,-0.40328476796397084,784
v2_6d582d446fc9,100.0,32.24781512605041,-0.40328476796397084,785
v2_798719725bf9,100.0,32.24781512605041,-0.40328476796397084,786
v2_828f5d4497dd,100.0,32.24781512605041,-0.40328476796397084,787
v2_85aa6fa9a508,100.0,32.24781512605042,-0.40328476796397084,788
v2_85bec27aade1,100.0,32.24781512605041,-0.40328476796397084,789
v2_8a02e345967e,100.0,32.24781512605041,-0.40328476796397084,790
v2_8a9be37f2c28,100.0,32.24781512605041,-0.40328476796397084,791
v2_8b74321a2aed,100.0,32.24781512605041,-0.40328476796397084,792
v2_927c9b80de7e,100.0,32.24781512605041,-0.40328476796397084,793
v2_97afd8a9d564,100.0,32.24781512605041,-0.40328476796397084,794
v2_97e2ba341e04,100.0,32.24781512605041,-0.40328476796397084,795
v2_9b43a7c70f76,100.0,32.24781512605041,-0.40328476796397084,796
v2_9b75e9344e78,100.0,32.24781512605041,-0.40328476796397084,797
v2_a0d59ad015c1,100.0,32.24781512605041,-0.40328476796397084,798
v2_a3a9047a7ed5,100.0,32.24781512605042,-0.40328476796397084,799
v2_a6e33588e03b,100.0,32.24781512605041,-0.40328476796397084,800
v2_a83af936217d,100.0,32.24781512605041,-0.40328476796397084,801
v2_a9584888b913,100.0,32.24781512605041,-0.40328476796397084,802
v2_aa4895a1f3d2,100.0,32.24781512605041,-0.40328476796397084,803
v2_aa7e05cc7347,100.0,32.24781512605042,-0.40328476796397084,804
v2_b12d3706ea4e,100.0,32.24781512605041,-0.40328476796397084,805
v2_b2a81674353f,100.0,32.24781512605041,-0.40328476796397084,806
v2_b4c23914eab7,100.0,32.24781512605041,-0.40328476796397084,807
v2_b4d160dfbfc8,100.0,32.24781512605041,-0.40328476796397084,808
v2_b68a9a8f9542,100.0,32.24781512605041,-0.40328476796397084,809
v2_b6a303e39749,100.0,32.24781512605041,-0.40328476796397084,810
v2_ba593f2b4e07,100.0,32.24781512605041,-0.40328476796397084,811
v2_c017094cfd9a,100.0,32.24781512605041,-0.40328476796397084,812
v2_c0e5bcc90578,100.0,32.24781512605041,-0.40328476796397084,813
v2_c461fb994718,100.0,32.24781512605041,-0.40328476796397084,814
v2_c72ec9cbed08,100.0,32.24781512605041,-0.40328476796397084,815
v2_c93caf6019bf,100.0,32.24781512605041,-0.40328476796397084,816
v2_ca205e634d46,100.0,32.24781512605041,-0.40328476796397084,817
v2_cbe0f3166720,100.0,32.24781512605041,-0.40328476796397084,818
v2_cd3b6187d1e4,100.0,32.24781512605041,-0.40328476796397084,819
v2_d46824fc5109,100.0,32.24781512605041,-0.40328476796397084,820
v2_d4b1ea7cfc42,100.0,32.24781512605041,-0.40328476796397084,821
v2_d595e2b586d5,100.0,32.24781512605041,-0.40328476796397084,822
v2_d9efd984adf8,100.0,32.24781512605041,-0.40328476796397084,823
v2_da089a21fb6b,100.0,32.24781512605041,-0.40328476796397084,824
v2_dabf4d76c418,100.0,32.24781512605041,-0.40328476796397084,825
v2_e0d60d0a8fe1,100.0,32.24781512605041,-0.40328476796397084,826
v2_e46faf328a6b,100.0,32.24781512605041,-0.40328476796397084,827
v2_e5a46a7bb855,100.0,32.24781512605041,-0.40328476796397084,828
v2_fb8dd5c19270,100.0,32.24781512605042,-0.40328476796397084,829
v2_fc7821c32c6c,100.0,32.24781512605042,-0.40328476796397084,830
v2_fcd97c74ca48,100.0,32.24781512605041,-0.40328476796397084,831
v2_01d4046ea2ac,100.0,32.247815126050405,-0.4032847679639717,832
v2_93504034d7a3,100.0,32.24781512605039,-0.4032847680126119,833
v2_6ec2f6b0af6d,100.0,32.24781512605041,-0.40328481797748683,834
v2_4568731a111f,100.0,32.24781512605041,-0.4032848464523724,835
v2_84c3ac3081c5,100.0,32.24781512605041,-0.40328491056876814,836
v2_4dcf60c033d6,100.0,32.24781512605041,-0.40328509063135787,837
v2_ca89ab2c26bb,100.0,32.24781512605041,-0.403285192654141,838
v2_c435a5b742fa,100.0,32.24781512605041,-0.4032852400151503,839
v2_0df37ac57a8f,100.0,32.24781512605041,-0.40328614301920496,840
v2_c0723d0ca8be,100.0,32.24781512605041,-0.4032869233346599,841
v2_2f7ba3e9d356,100.0,32.24781512605041,-0.40328887626834486,842
v2_209995f62e1d,100.0,32.24781512605041,-0.403294721281644,843
v2_0ca37e8c428c,100.0,32.24781512605041,-0.40329982280676724,844
v2_3dbde4f93828,100.0,32.24781512605041,-0.4033022510519313,845
v2_b9c410299d6a,100.0,32.24781512605041,-0.4033598713062849,846
v2_cb3dbdb184b7,100.0,32.24543918413185,-0.40340614376351436,847
v2_9eb6808cc36f,100.0,32.24512804038318,-0.4034164439499559,848
v2_6e3983f8c2f9,100.0,32.24781512605041,-0.40342025042499063,849
v2_cee883f73b0b,100.0,32.24486003487677,-0.4034421771524155,850
v2_81c59a014797,100.0,32.24781512605041,-0.4034485834410857,851
v2_3f496635a5a0,100.0,32.28616556579454,-0.4034877925722844,852
v2_2120cc074f10,100.0,32.2438808363608,-0.4034963261871578,853
v2_c00387741f12,100.0,32.24781512605041,-0.40349645850883586,854
v2_f25db4006a19,100.0,32.45425341889639,-0.4035516478265455,855
v2_d0e09332c75b,100.0,32.373853159289105,-0.40355246511190224,856
v2_ecce4785464f,100.0,32.242704147535754,-0.4035657050197603,857
v2_499cbdcdf6ff,100.0,32.25257115083406,-0.4035676654887821,858
v2_e56957b0cc8d,100.0,32.24781512605041,-0.4035708499186077,859
v2_676e1fd7c399,100.0,32.24781512605041,-0.4035900426117225,860
v2_cbded5a0a1d7,100.0,32.242293934401665,-0.4035943746091073,861
v2_5e98fc9829f9,100.0,32.24199995825346,-0.4036155408318569,862
v2_72725c04e8ac,100.0,32.24781512605041,-0.4036355203898312,863
v2_d48109e03d89,100.0,32.241475603430835,-0.40363621958889606,864
v2_29b16e11257f,100.0,32.25912413821911,-0.4036429408769955,865
v2_c0fd09a374f0,100.0,32.24781512605041,-0.4036469815639947,866
v2_b1de0f20eda8,100.0,32.24781512605041,-0.40365700871375676,867
v2_9a75a0179241,100.0,32.24100026498751,-0.40365730577847625,868
v2_2fca82639d0a,100.0,32.255074788099144,-0.4036659623753076,869
v2_18dd259bca2c,100.0,32.24781512605041,-0.4037167615514434,870
v2_af280cb6fd9f,100.0,32.24781512605041,-0.4037284787122948,871
v2_fb4232374156,100.0,32.24341779543044,-0.4037661193520288,872
v2_f17ddd6350c3,100.0,32.24781512605041,-0.4037907928048483,873
v2_7b0aa52e8da5,100.0,32.24781512605041,-0.40379859134485496,874
v2_b080141461c0,100.0,32.23860126455914,-0.4038073106790536,875
v2_351ff6d0b5cc,100.0,32.29396233501986,-0.4038335735381784,876
v2_8e26609d29ce,100.0,32.24781512605041,-0.4039434139194187,877
v2_26b95611b518,100.0,32.309194975760526,-0.40395072482202465,878
v2_862b8ff5b67b,100.0,32.24781512605041,-0.4039738083918154,879
v2_1ef35ad0634e,100.0,32.273684315772144,-0.40398350377055525,880
v2_490993f97418,100.0,32.219415078737434,-0.4040161392636401,881
v2_6e49f68e7fc7,100.0,32.23384859557056,-0.40405364896586793,882
v2_9e2e307fa62d,100.0,32.28336304733327,-0.40408677195733755,883
v2_eb4a47037070,100.0,32.24781512605041,-0.4041364879777518,884
v2_83f24173a01f,100.0,32.231871467901236,-0.40414162034042445,885
v2_4c2417485a24,100.0,32.24781512605041,-0.4041713098421704,886
v2_5e700f5e0aa3,100.0,32.232174016457044,-0.40417301839993236,887
v2_0d296055448c,100.0,32.23060769301422,-0.40427072459146896,888
v2_77500dfcb0c0,100.0,32.24781512605041,-0.4043026594227719,889
v2_6ea39e77ae7f,100.0,32.227063870768575,-0.4043361756321664,890
v2_87dee87f5710,100.0,32.25016218189806,-0.4043695808221024,891
v2_db3a5e9ffe8b,100.0,32.22829398755539,-0.4043853250387226,892
v2_8a2f2e631344,100.0,32.23068844517098,-0.4043883410862952,893
v2_c4ed00157e4c,100.0,32.22824311347382,-0.40441908064269416,894
v2_ab1a6f829dee,100.0,32.23516053045472,-0.4044233164134843,895
v2_df53f2ea22ff,100.0,32.24781512605041,-0.4045103406568966,896
v2_1c1f75b4b917,100.0,32.24781512605041,-0.40451398966917207,897
v2_544b99b77928,100.0,32.234451643020456,-0.40455949954217285,898
v2_a7809a44f508,100.0,32.24781512605041,-0.40459049905997624,899
v2_02903d2f9742,100.0,32.24781512605041,-0.40461682752941197,900
v2_1fe81e90ae37,100.0,32.25955096415738,-0.40461872872203486,901
v2_3f55d465b337,100.0,32.24781512605041,-0.4046224589369709,902
v2_b21df9bd465a,100.0,32.232188586306954,-0.40463573572082634,903
v2_8f53a198cee1,100.0,32.24781512605041,-0.40465240536706837,904
v2_c389f9c0add2,100.0,32.22055494753899,-0.40481516313164967,905
v2_9922348ea0d8,100.0,32.21798650159939,-0.4048414892273664,906
v2_a4eb06db0910,100.0,32.21808068482202,-0.40493587749333404,907
v2_4dec1aed6279,100.0,32.25301044952184,-0.4049599482974715,908
v2_cd47228d5150,100.0,32.24781512605041,-0.405012102169386,909
v2_f40290144ebc,100.0,32.217051933222976,-0.4050353297082445,910
v2_d2aa4e6c8cbf,100.0,32.24781512605041,-0.4050411629264943,911
v2_6814f4874b46,100.0,32.288065560868965,-0.40516384099294367,912
v2_e303c6b40993,100.0,32.21460933965901,-0.40518917552098,913
v2_da3add288750,100.0,32.24781512605041,-0.40522968280001503,914
v2_3fe3c9154d63,100.0,32.24781512605041,-0.4052342913509017,915
v2_fc74e8797d44,100.0,32.211739507555144,-0.4052379856093422,916
v2_b44ec9a0ac02,100.0,32.58011519149929,-0.40526702464883524,917
v2_0970943d9b74,100.0,32.212945440084354,-0.40527607546902367,918
v2_866009014ed7,100.0,32.24781512605041,-0.4052998363034961,919
v2_9ee8f76e1d66,100.0,32.24078279823395,-0.4053883892744894,920
v2_24f13235e92a,100.0,32.24781512605041,-0.4053963340789535,921
v2_32ba406318cf,100.0,32.25854573201532,-0.4053977252336525,922
v2_b34eb8d424cf,100.0,32.24781512605041,-0.405405968416912,923
v2_ee04cba7a21e,100.0,32.23513894502621,-0.4054349551783174,924
v2_f2b0b0e20926,100.0,32.24506994414993,-0.4054362289191422,925
v2_83378469c6a5,100.0,32.23823232231113,-0.405490464931467,926
v2_68ccbc504a6c,100.0,32.20491914346357,-0.4055078123601481,927
v2_9bcd07b2b5e5,100.0,32.20650239327481,-0.40558616703269745,928
v2_e767ee0b0067,100.0,32.206264981863924,-0.4056492416949906,929
v2_d36d68b9e874,100.0,32.24781512605041,-0.4056749993859512,930
v2_15fd0e0196fa,100.0,32.24781512605041,-0.4057153095427415,931
v2_0d341e4dd4e7,100.0,32.21148863831076,-0.4057336347483318,932
v2_32feacfc46b6,100.0,32.24781512605041,-0.4058609497346408,933
v2_0665d918f732,100.0,32.24781512605041,-0.40612773479136877,934
v2_bc2fa9c467d4,100.0,32.24781512605041,-0.4061309733420231,935
v2_aea07d7bb413,100.0,32.24781512605041,-0.4061761459897415,936
v2_8a36256ad64b,100.0,32.20325261402877,-0.40624515082126855,937
v2_b43dbfca655b,100.0,32.20559069905991,-0.4063882724210641,938
v2_fb5100996635,100.0,32.24781512605041,-0.4064066727509905,939
v2_a685a2c412b0,100.0,32.24781512605041,-0.4065155551228452,940
v2_4392fadaf993,100.0,32.19017580610352,-0.40653166979023414,941
v2_d2595a82c1a2,100.0,32.24781512605041,-0.4065459101981741,942
v2_9765b16be98c,100.0,32.324337448897964,-0.406616890490354,943
v2_b926c947edbe,100.0,32.19947460846011,-0.4066482112725689,944
v2_50bb3c00d156,100.0,32.24781512605041,-0.4066525119330704,945
v2_3065b6d21b09,100.0,32.24781512605041,-0.40668954663645973,946
v2_e7c5b515ff65,100.0,32.24781512605041,-0.4067086978530634,947
v2_210ef5b8da6d,100.0,32.23738408675495,-0.4067156912055738,948
v2_8fb7464fe2af,100.0,32.24781512605041,-0.40681513720557216,949
v2_47fd0b1342d4,100.0,32.24781512605041,-0.4068902086172512,950
v2_2c99022c1b71,100.0,32.24781512605041,-0.4069106619907208,951
v2_969505dc047c,100.0,32.3443550549146,-0.4069132676841223,952
v2_c8902443bc3d,100.0,32.37552369127887,-0.40695800122192516,953
v2_f30c225d1903,100.0,32.24781512605041,-0.4069803478423131,954
v2_0783274945b0,100.0,32.24781512605041,-0.4069868684895548,955
v2_8c8f9c2a6fc4,100.0,32.18043133087576,-0.4070118485233474,956
v2_e3035c1f64ab,100.0,32.24781512605041,-0.4070595065803424,957
v2_f1abca209fb3,100.0,32.211303099422814,-0.4071020571515147,958
v2_777f2710692e,100.0,32.24781512605041,-0.40711083406471094,959
v2_d4ac8c72f921,100.0,32.218472606615265,-0.4071290632713618,960
v2_d959069bcc2c,100.0,32.24781512605041,-0.4071670228235842,961
v2_3bc9b1c07516,100.0,32.24781512605041,-0.40718314599209293,962
v2_fe2a00493586,100.0,32.2509386444354,-0.40718433475465865,963
v2_efaee665b78e,100.0,32.367797404919195,-0.40720502982502804,964
v2_a224a87ee46c,100.0,32.238401245138036,-0.40723576507346504,965
v2_071697725748,100.0,32.24781512605041,-0.40724540045677315,966
v2_b4f105a4e1bf,100.0,32.24781512605041,-0.4073039031123642,967
v2_7fde15eadf7c,100.0,32.24781512605041,-0.4073187127710307,968
v2_7f2b927abdd4,100.0,32.24781512605041,-0.40734262774160257,969
v2_c8ee51a36521,100.0,32.184423638295385,-0.4073778018610019,970
v2_9d8869afede0,100.0,32.24781512605041,-0.4073817137701452,971
v2_3bedfd09ffec,100.0,32.35723366495961,-0.4073962781822038,972
v2_4905ab6050fe,100.0,32.24781512605041,-0.407444941325827,973
v2_cccc88ff5b9c,100.0,32.255408253375826,-0.40746805717360157,974
v2_7effb1063e5a,100.0,32.17308376237886,-0.40749340036481385,975
v2_6d6cc60cbda3,100.0,32.24781512605041,-0.40750918211123643,976
v2_0a499a1c2923,100.0,32.172589386507106,-0.40751688174136813,977
v2_b4db588aad60,100.0,32.24781512605041,-0.4075245674245176,978
v2_05f823aa4ecc,100.0,32.23826737581603,-0.4075348560274161,979
v2_c7849b3b3273,100.0,32.178368914195424,-0.40759458029714235,980
v2_46efc641f721,100.0,32.25132121747885,-0.4076161574397039,981
v2_470dbc1aab69,100.0,32.32482019177284,-0.40765505752104225,982
v2_e76ecb0ede1a,100.0,32.171804857574294,-0.40770975161200873,983
v2_0e09755b189f,100.0,32.17105421443778,-0.40771468849319614,984
v2_7846bcb34063,100.0,32.8243982173335,-0.4077584496583757,985
v2_2591405e887d,100.0,32.24781512605041,-0.4077693700265437,986
v2_a04494c69cfc,100.0,32.24781512605041,-0.40777692652265873,987
v2_f9c8812a5048,100.0,32.24781512605041,-0.4077795270586346,988
v2_7769814c0fd2,100.0,32.24781512605041,-0.40783566355475553,989
v2_5bbbbf768c30,100.0,32.257111139923296,-0.40783880985860055,990
v2_b0450bc836ee,100.0,32.24781512605041,-0.4079222392462105,991
v2_5a53c01d0124,100.0,32.24781512605041,-0.40794267426913233,992
v2_8ec5dcafdf89,100.0,32.24781512605041,-0.40796885704654695,993
v2_921462659ef3,100.0,32.54822498766419,-0.40797916641046417,994
v2_92a088e21927,100.0,32.24781512605041,-0.4079850202684865,995
v2_6cd18e82e30d,100.0,32.24781512605041,-0.4080267161405935,996
v2_1ae089b369f9,100.0,32.24781512605041,-0.40824140935002884,997
v2_200bb2dce5ea,100.0,32.16436225828277,-0.40830570192555626,998
v2_546a2abd5155,100.0,32.272353167463294,-0.408353132914006,999
v2_fb0d6042a329,100.0,32.24781512605041,-0.40844965836245617,1000
v2_d8fa13fabf2a,100.0,32.15452323901504,-0.40847112360504223,1001
v2_d5dbf547641b,100.0,32.23703359621929,-0.408484771419797,1002
v2_4cb48e64ada7,100.0,32.24781512605041,-0.40848638354003963,1003
v2_01f43c58e28f,100.0,32.15436025208431,-0.40851457439688943,1004
v2_95dfac5e7343,100.0,32.20516922248438,-0.4085171027748489,1005
v2_f5fc5fafbe39,100.0,32.15014118605967,-0.40853812828831604,1006
v2_62004986bb1d,100.0,32.15207867616213,-0.4085853914375521,1007
v2_c60736878416,100.0,32.24781512605041,-0.40861675939786135,1008
v2_9511df7c7978,100.0,32.23911451505626,-0.40862057327613766,1009
v2_8de49cc6823d,100.0,32.24781512605041,-0.408687305471088,1010
v2_8e127e6a227b,100.0,32.21707394787771,-0.4087142192265798,1011
v2_1231fb90d294,100.0,32.14620049200125,-0.408724539431204,1012
v2_bdc35b4779e3,100.0,32.15333177598003,-0.40876503365750416,1013
v2_74514de69af9,100.0,32.27419020558738,-0.4087777962367847,1014
v2_05a9a837a168,100.0,32.24781512605041,-0.4088315191571601,1015
v2_9f7fd21f3d69,100.0,32.24781512605041,-0.40909352942249555,1016
v2_a697b4577295,100.0,32.14247046803952,-0.4092223556415657,1017
v2_5fbce2c6f77f,100.0,32.20296528548016,-0.40929030505718966,1018
v2_3d78bdaa7c95,100.0,32.14165679365192,-0.40930417680983844,1019
v2_aee77c0b47b2,100.0,32.24781512605041,-0.40931575746196724,1020
v2_0f5bf577be18,100.0,32.090393670631414,-0.4093439197229447,1021
v2_88399660b8a0,100.0,32.24781512605041,-0.40943385496901197,1022
v2_f69b91641fcf,100.0,32.25960380518753,-0.4094877946964184,1023
v2_2da5d137669f,100.0,32.24781512605041,-0.4095288393188641,1024
v2_414c0bdbdb5b,100.0,32.160296113434285,-0.40957250826021063,1025
v2_883540204d1e,100.0,32.24781512605041,-0.40965520865335936,1026
v2_8e9aba6e8199,100.0,32.24781512605041,-0.40972586735598515,1027
v2_5ab14203882a,100.0,32.24781512605041,-0.40975402015761464,1028
v2_9a72b13b0676,100.0,32.24781512605041,-0.4097900572591664,1029
v2_173fc34815de,100.0,32.24781512605041,-0.4098182749604069,1030
v2_bb3bd1663a51,100.0,32.24781512605041,-0.4098199345297351,1031
v2_75cb81688f6e,100.0,32.2090378087263,-0.40987224654553867,1032
v2_c5edcce2733f,100.0,31.807694916249915,-0.4099308294563446,1033
v2_0fe88d74a587,100.0,32.24781512605041,-0.4100304758739082,1034
v2_66be5576e0e8,100.0,32.14706961001052,-0.4100943393146137,1035
v2_e879bcb832b0,100.0,32.24781512605041,-0.41012055312022433,1036
v2_59d008ac66e6,100.0,32.12582371698774,-0.41012859782878763,1037
v2_2d88b5807d69,100.0,32.24781512605041,-0.41013151419927585,1038
v2_b9237704aadf,100.0,32.17618363213684,-0.4102005842118901,1039
v2_8a2076711227,100.0,32.23536670032635,-0.4102142151629877,1040
v2_5822baf66c6a,100.0,32.24781512605041,-0.41042209298809773,1041
v2_bd9699867e67,100.0,32.24781512605041,-0.41045287093532057,1042
v2_dcd897354206,100.0,32.24781512605041,-0.4104706019279565,1043
v2_7b3a5dcdcaca,100.0,32.24781512605041,-0.41047188543942426,1044
v2_55e65ae0b761,100.0,32.24781512605041,-0.4104821356948447,1045
v2_3013ce04d4b5,100.0,32.36386610784599,-0.41053938695267345,1046
v2_c5fb6ecad672,100.0,32.128160860151944,-0.41056759580629887,1047
v2_cef3bd1731a7,100.0,32.238819398064535,-0.4105739239314792,1048
v2_09bc45210b37,100.0,32.24781512605041,-0.4107385503045373,1049
v2_f2ade676fe77,100.0,32.24781512605041,-0.41086767292458415,1050
v2_f0f8f2988768,100.0,32.1146088824521,-0.4108780445833995,1051
v2_744f554af2bb,100.0,32.23205583237297,-0.4108969764036354,1052
v2_f3d20228fdd1,100.0,32.24781512605041,-0.4109374447521281,1053
v2_a826356cf29b,100.0,32.24781512605041,-0.41105880525116145,1054
v2_0bc508b58801,100.0,32.348365812641724,-0.4111263074289502,1055
v2_45b270977e24,100.0,32.24556048828912,-0.4112718074491317,1056
v2_73cc246caec2,100.0,32.099678584847524,-0.4113083636558903,1057
v2_a0770c1407c8,100.0,32.09929347961071,-0.4114625150433717,1058
v2_a2b8d9c741c1,100.0,32.107236808310574,-0.41149493259854175,1059
v2_03697c936037,100.0,31.732881445973327,-0.4115980675604405,1060
v2_056d75ac1d51,100.0,32.16400638267731,-0.41161814619305037,1061
v2_32213d9ae01f,100.0,32.33972872140925,-0.4117359702250267,1062
v2_f1f2797ac97d,100.0,32.24780597005402,-0.411742821519133,1063
v2_f9bf7296877a,100.0,32.149354028100426,-0.41179711299974464,1064
v2_24c9846a8748,100.0,32.24781512605041,-0.4118376505631369,1065
v2_f991ab49f83a,100.0,32.24781512605041,-0.4118976301600341,1066
v2_ea853b54e6ff,100.0,32.315244351460464,-0.41195118532742825,1067
v2_5cfa8e5dcf79,100.0,32.24781512605041,-0.41199755333405896,1068
v2_03c3250079fe,100.0,32.24781512605041,-0.41204424310187093,1069
v2_c56e2057e630,100.0,32.191643301588876,-0.41209432236818966,1070
v2_f150068286b8,100.0,32.24781512605041,-0.41212269827126224,1071
v2_300fe75b4a63,100.0,32.26732386961871,-0.4121378355313938,1072
v2_f5e50cd25bc0,100.0,32.1736548894196,-0.41222147038873214,1073
v2_edc3ae823b0c,100.0,32.19965061170088,-0.41228317053143293,1074
v2_ca4b9c5391a1,100.0,32.24781512605041,-0.4123834286966428,1075
v2_c0a015e9e473,100.0,32.22339303723586,-0.4124943296270649,1076
v2_484bec25363a,100.0,32.32583003808583,-0.4125027979420466,1077
v2_2e13731f915f,100.0,32.236976098443485,-0.4126990613708319,1078
v2_22f2f1a264d6,100.0,32.104128855350744,-0.41272050160628204,1079
v2_00e684a64c13,100.0,32.30323909170113,-0.4127996010443624,1080
v2_d9c90fa98d97,100.0,32.24781512605041,-0.41280008877628216,1081
v2_0909dd4aa11a,100.0,32.14915806820691,-0.41290373753354626,1082
v2_3a721cc0ca95,100.0,32.23680498742093,-0.41295391793462954,1083
v2_4f6ce686420c,100.0,32.24781512605041,-0.41301012226450506,1084
v2_a8bcc868698b,100.0,32.24781512605041,-0.41314367849407585,1085
v2_88c6bc7dcd20,100.0,32.07285580390093,-0.41316490305360265,1086
v2_f985578c8f8b,100.0,32.09342612447368,-0.41322738001651427,1087
v2_99505f4e080c,100.0,42.84166258243735,-0.4132303894686489,1088
v2_5032a00ff756,100.0,32.24781512605041,-0.41327615172726073,1089
v2_ba580db8b783,100.0,32.16118027687355,-0.41336639635842864,1090
v2_61ac84247df8,100.0,32.21598437652811,-0.413444212308419,1091
v2_e6c71bf5f17c,100.0,32.20170268106136,-0.41344649411423173,1092
v2_eeaae177caa6,100.0,32.20995836259413,-0.4136055842644559,1093
v2_2414271dbcb5,100.0,32.24781512605041,-0.41361092084759843,1094
v2_6d1f61a10f8d,100.0,32.09022875864053,-0.4137719046430792,1095
v2_524e7ebb2361,100.0,32.148253941531394,-0.4138833610675601,1096
v2_66326431a78a,100.0,32.279530867434204,-0.4139035966238467,1097
v2_541bcc735a73,100.0,32.196604105409875,-0.4140451943354124,1098
v2_28e16219610b,100.0,32.05118535962878,-0.41436773003677363,1099
v2_30f85b9707c4,100.0,32.21107548207628,-0.4144801389542625,1100
v2_e8a0b8172987,100.0,32.04629564523522,-0.4146121631177264,1101
v2_5a825a4dbca3,100.0,32.13710758183372,-0.41462990718501036,1102
v2_334813213423,100.0,32.229645849522434,-0.4149206567275874,1103
v2_4cd1aa25bfb1,100.0,32.41561570685133,-0.4150206106920731,1104
v2_eb84929acaac,100.0,32.02273225843005,-0.4152294191107213,1105
v2_1f6db6749192,100.0,32.24781512605041,-0.41541431701303555,1106
v2_c1f67131a430,100.0,32.24624693808419,-0.41554199010926407,1107
v2_e7a887461e6b,100.0,32.24960601459404,-0.4155748591221018,1108
v2_7c475cff1a63,100.0,41.16417140195095,-0.4156296976610889,1109
v2_5e6b121e21f6,100.0,32.12757801424116,-0.41574863816070273,1110
v2_21eaf077efa2,100.0,32.247815126050405,-0.4157750631637178,1111
v2_ccc4cac59dad,100.0,32.069703524536564,-0.4158039590825533,1112
v2_639301e2c2a7,100.0,32.19781171289819,-0.41623589248069504,1113
v2_0704c4fd5366,100.0,48.31153040470292,-0.41658368311767724,1114
v2_19593744a354,100.0,32.24781512605041,-0.41663189725824346,1115
v2_2c00ca272cd0,100.0,32.134921697773635,-0.4166359625712106,1116
v2_0fd753c16ef3,100.0,32.21382951560557,-0.41675421047549843,1117
v2_b0d1fb23e9bf,100.0,32.09774744553016,-0.41694084657596786,1118
v2_c3773036cd2f,100.0,32.532938181626854,-0.41723201149633216,1119
v2_0d8ef45f8957,100.0,32.24781512605041,-0.4173166398792034,1120
v2_8aad5e6a6649,100.0,32.4090475379294,-0.41745272170365677,1121
v2_4a71e7170d64,100.0,32.08384476033401,-0.4175549961408125,1122
v2_a301e3eba615,100.0,32.2563034268103,-0.41782900703041204,1123
v2_10f4b3617610,100.0,32.19312320195347,-0.4178606185700362,1124
v2_66dacb04113e,100.0,32.24781512605041,-0.4180988518860129,1125
v2_10aa2d839cce,100.0,32.370946954256716,-0.41813404951503585,1126
v2_fb6ccc6e5a75,100.0,32.133263621845906,-0.4182923705031447,1127
v2_f9342106f44f,100.0,32.18706509448655,-0.41830737518420147,1128
v2_a74cdce80773,100.0,32.1899496354981,-0.41832756576580366,1129
v2_968bd9bfd46d,100.0,32.24781512605041,-0.4183349313857221,1130
v2_f38d2232f476,100.0,32.13938748193655,-0.4183565350533609,1131
v2_37827f7e5547,100.0,32.24781512605041,-0.4186858356704688,1132
v2_3aef40b4c623,100.0,32.20184440207305,-0.4187107370785226,1133
v2_f0718aea5340,100.0,32.24781512605041,-0.41883917969296736,1134
v2_0b2c2f9c13b2,100.0,32.24781512605041,-0.418893713813433,1135
v2_79cfd61eda0c,100.0,33.18072508814489,-0.41889871340141926,1136
v2_ab4d9688a0d2,100.0,31.97108478770531,-0.4189021801052206,1137
v2_eb6d1fa56cd5,100.0,32.19566638219667,-0.4190517068439137,1138
v2_de729c7a0d13,100.0,32.20620943684436,-0.41928308626049926,1139
v2_56a6a121ee27,100.0,32.24781512605041,-0.4193044935501806,1140
v2_325e4727f937,100.0,31.961965500635294,-0.4194244347357321,1141
v2_bca6fd58bfb1,100.0,31.988715944244877,-0.4194713830959227,1142
v2_5de3ba2b59d9,100.0,31.970933359345526,-0.4195218535416352,1143
v2_a46dd1531656,100.0,32.24718991662047,-0.4196759897740021,1144
v2_3259b3c55e92,100.0,32.059532721275005,-0.4197432954350342,1145
v2_35165a37f739,100.0,31.999952560141523,-0.41985160409661315,1146
v2_041c158ac1e2,100.0,32.24781512605041,-0.4200626854906986,1147
v2_4ce09c47220f,100.0,32.23741255528992,-0.42012917865670474,1148
v2_15acf18b4dae,100.0,31.96586267923337,-0.4202025842283508,1149
v2_467f2161b6c0,100.0,32.24781512605041,-0.42056394629364036,1150
v2_f5c5d89550f2,100.0,45.620058685813135,-0.4205884086098566,1151
v2_d241aa5810ac,100.0,32.24781512604865,-0.42077707191124336,1152
v2_20ab42a9932e,100.0,32.07525066322275,-0.4208268214277693,1153
v2_d5b6ae7bbf32,100.0,31.926261030485676,-0.4215552912456433,1154
v2_c4d5fe492880,100.0,32.023907895090076,-0.4217545929732269,1155
v2_f0b66809d999,100.0,32.034651156117334,-0.42180035887446987,1156
v2_d1607e3f1e10,100.0,32.06408604340805,-0.42234132262832347,1157
v2_cc30c2f15a2f,100.0,32.02066558073702,-0.42237684501856254,1158
v2_53375856c94c,100.0,32.12340759305029,-0.4226597291910492,1159
v2_12727d7df96b,100.0,32.24781512605041,-0.42291210899978715,1160
v2_9aabaed08d81,100.0,31.997066313292102,-0.4238955248847027,1161
v2_772847c12fdc,100.0,31.896258051859938,-0.4239992100759684,1162
v2_af058017fef5,100.0,31.916203488133032,-0.42413746050410683,1163
v2_dd66bf6f2e20,100.0,32.24781512605041,-0.42418429677937564,1164
v2_d23bab14e16f,100.0,32.24781512605041,-0.42422154705374737,1165
v2_2ddf819a2085,100.0,32.67686846096468,-0.4244047572977996,1166
v2_6a0176077df6,100.0,31.874926790571646,-0.4244788702485556,1167
v2_dc273b0bbb9b,100.0,32.79301638352801,-0.42453360151035113,1168
v2_7ddec81c714a,100.0,31.894909639111752,-0.42470869114722287,1169
v2_216d7ca9a77b,100.0,32.10805130391515,-0.42476858121560035,1170
v2_05cdbf1cdcd9,100.0,31.87659361382296,-0.42478377155327607,1171
v2_3776049ba8ff,100.0,32.60927145598746,-0.424953893204167,1172
v2_aaca0cff071f,100.0,32.12799368437429,-0.4249722580716533,1173
v2_be33225bad51,100.0,32.219866103030675,-0.4258173664186957,1174
v2_e2225c1a6b20,100.0,32.24781512605041,-0.42582407688898183,1175
v2_b8b66d77c4be,100.0,31.866686824089303,-0.42583339075872484,1176
v2_9ef18531867e,100.0,32.24781512605041,-0.42594357584883813,1177
v2_8179994ca69d,100.0,32.275589039766636,-0.42650664917513126,1178
v2_ca820ddcba1b,100.0,32.01940214801836,-0.4266178473163489,1179
v2_befb319b0900,100.0,32.19891420894376,-0.4269322978909189,1180
v2_7674e53f162f,100.0,31.91487496432808,-0.4269567708341784,1181
v2_a249438df99b,100.0,32.24781512605041,-0.4278115307573378,1182
v2_91b73d838b7c,100.0,31.97070738642535,-0.4278373298119975,1183
v2_ee7c925322da,100.0,31.614634315891017,-0.4280035162374043,1184
v2_2682384a3a5b,100.0,32.42759778110685,-0.428063575439233,1185
v2_a1ddbf4de17f,100.0,32.24781512605041,-0.4282080772264685,1186
v2_8f3407706800,100.0,32.24781512605041,-0.4285258409502388,1187
v2_391507d1eb50,100.0,32.247815125749646,-0.4286550495951813,1188
v2_1a19d1ac11a3,100.0,32.24781512605041,-0.42871537363638,1189
v2_5651d3140764,100.0,32.24781512605041,-0.42872995681458814,1190
v2_a55f25fe3d0f,100.0,31.925910233332882,-0.4287938904663724,1191
v2_6405e2dd51b7,100.0,32.30183830060755,-0.42931393312214183,1192
v2_35a090f21cde,100.0,32.06344399638658,-0.42931886716202694,1193
v2_40abfe0895fb,100.0,32.16870119217966,-0.4293623841799725,1194
v2_f8630e2a70c3,100.0,44.77922417076205,-0.42941074140987556,1195
v2_df7292cc8cf9,100.0,32.26406359875213,-0.42968402193747846,1196
v2_e18dc7e449d8,100.0,31.934724129942435,-0.4307035470512739,1197
v2_951b664f48f3,100.0,32.24781512605041,-0.43070764790619,1198
v2_3eff80efa81a,100.0,32.24781512605041,-0.43080206041242963,1199
v2_0699a6129925,100.0,32.028462862576355,-0.43083929198846693,1200
v2_40aa57c0cd31,100.0,32.94898067110498,-0.43084620395207196,1201
v2_8e29c56bfa47,100.0,32.24781512605041,-0.43090865171691206,1202
v2_307aac964a30,100.0,31.934299206465855,-0.4309136051852649,1203
v2_ec138d8298ad,100.0,31.99699160183838,-0.4311958392265298,1204
v2_8a628f8a0875,100.0,32.23437817506588,-0.43119897182648526,1205
v2_9b7c72e8485f,100.0,32.24781512605041,-0.43128977889225606,1206
v2_c7e30f83a2e2,100.0,31.94961665393232,-0.43135860898257494,1207
v2_899f23ebb3f8,100.0,43.243322843309016,-0.43154807368503345,1208
v2_6dba2aa139d3,100.0,31.75309465078557,-0.4316432598089577,1209
v2_3a7d8bdfcb65,100.0,32.26180733652341,-0.4319413021672025,1210
v2_a33200d2f336,100.0,32.24781512605041,-0.432173081899931,1211
v2_d99143be7336,100.0,31.79914733473316,-0.4325840818959277,1212
v2_3e483a0868c4,100.0,32.17877266454166,-0.432586507048657,1213
v2_c083b8d3c91a,100.0,31.774914663635283,-0.4326099590912973,1214
v2_1d667ce85e42,100.0,32.23707191512224,-0.43262179245949106,1215
v2_4ec1b20c9ffe,100.0,32.00916831509326,-0.43266272114696047,1216
v2_5481383de2ea,100.0,32.239263331914515,-0.43266429679230267,1217
v2_9359993779d3,100.0,31.93302489219724,-0.43304654359250616,1218
v2_1db94719b01f,100.0,32.24781512605041,-0.4330743882247434,1219
v2_06fe22e63ad1,100.0,32.13538593315803,-0.43350140304359464,1220
v2_87b7ede38c14,100.0,36.46133002274531,-0.43383317150618517,1221
v2_e671ba4c3fcb,100.0,31.786261227385857,-0.43385215170309976,1222
v2_316488508fb1,100.0,31.94440820904821,-0.4341121106853105,1223
v2_6ce36b4846bf,100.0,31.915887279648267,-0.4341974178354393,1224
v2_ce3deb8633fd,100.0,32.24781512605041,-0.43429588075931225,1225
v2_ab61736b7b7e,100.0,39.896623717519894,-0.43432730873339676,1226
v2_681ceb209bf4,100.0,34.179949790526294,-0.4346122010393989,1227
v2_dd16ecbec82a,100.0,32.24781512605041,-0.4348513610482634,1228
v2_0a5090bf4d15,100.0,32.09999131604007,-0.43493342335560126,1229
v2_3c08094a15b5,100.0,32.24781511549163,-0.43540064871067674,1230
v2_f90726f25354,100.0,32.24781512605041,-0.4354361428421196,1231
v2_2c94cf4f6ff3,100.0,32.06257098946388,-0.4357554594722908,1232
v2_cf1412c2fd47,100.0,31.717439383797267,-0.43596420923714163,1233
v2_79622a782192,100.0,31.810078117836994,-0.43596987687844635,1234
v2_23963ab417f0,100.0,32.24781512604988,-0.4360956087738108,1235
v2_20d23b965786,100.0,32.24781512605041,-0.4363505010140232,1236
v2_b0a614242573,100.0,32.27563257762677,-0.43638214335477343,1237
v2_ecec41f6a432,100.0,32.16536864364255,-0.4369962220782231,1238
v2_f797a49088f3,100.0,32.24713449439074,-0.4372426750629135,1239
v2_4623c9cb48d5,100.0,32.24781512602015,-0.43799776692712467,1240
v2_5d8bb754b1b6,100.0,32.231485089108574,-0.43805758301880715,1241
v2_57d4590a6d29,100.0,32.258504309301415,-0.4382638220474382,1242
v2_ccf28c9b96da,100.0,32.24368018214761,-0.4382751416938211,1243
v2_69c8058e6906,100.0,32.24781512605041,-0.4387351353175424,1244
v2_5041b9b26634,100.0,31.982294315812034,-0.43877003536056325,1245
v2_327fef59a58f,100.0,32.247815094846125,-0.43914880783463506,1246
v2_8ae42fd33286,100.0,32.04782744790008,-0.43977592326990056,1247
v2_2b2abfe983f8,100.0,32.24781512396935,-0.4402720834406546,1248
v2_20c4abf0f5c1,100.0,31.812185739225633,-0.4403759923673407,1249
v2_377045432fd2,100.0,32.50517015271146,-0.44054220581811965,1250
v2_81d6495fb2e1,100.0,31.694060094917134,-0.440771519578119,1251
v2_d2bd17fd1400,100.0,32.24781512603708,-0.44106211804499207,1252
v2_10d17aded16f,100.0,32.006172510396745,-0.4412696506870706,1253
v2_c067e1722a1d,100.0,31.96501792961289,-0.4418389039807318,1254
v2_6b238893ed53,100.0,32.24781511200325,-0.4431281978888002,1255
v2_e971a556ee6e,100.0,31.529242626217115,-0.4435196156678103,1256
v2_30b04e353b74,100.0,31.9569306101168,-0.4435322116723279,1257
v2_014cd18420a7,100.0,35.739005920539405,-0.4438522584416065,1258
v2_559a2e5873f6,100.0,32.27515216157284,-0.44397362534424634,1259
v2_b849b007684d,100.0,31.63989067059167,-0.44433199567023607,1260
v2_0ea25c357ca7,100.0,32.28249567629349,-0.4445631946383566,1261
v2_19ba276710e8,100.0,33.17270894033355,-0.4446349960615503,1262
v2_d5a960f90145,100.0,31.557960064183053,-0.4448999820757349,1263
v2_0010e3d00574,100.0,31.570235126311072,-0.4450361651764778,1264
v2_c8c8485dfb79,100.0,32.2474105832667,-0.4451781619114126,1265
v2_be691916c6ac,100.0,32.24781512605041,-0.44567651870140246,1266
v2_d6e4fd230aa9,100.0,32.24781512605041,-0.4457468615274198,1267
v2_3cc384047dd3,100.0,31.778063305162995,-0.44698393048162277,1268
v2_1c200199f92a,100.0,32.257182677898896,-0.4471156254021347,1269
v2_af2c8ea17f2d,100.0,31.53205410486816,-0.4475643537420462,1270
v2_f6606a3bd918,100.0,32.27171642047039,-0.4480349494217979,1271
v2_0a6f7f5d92e5,100.0,35.68859267678955,-0.4482348906275364,1272
v2_cdcfb2d949ac,100.0,31.76197911650717,-0.44855533383506696,1273
v2_b4daec7f4c72,100.0,31.823157944782775,-0.4486574103551293,1274
v2_9cdb0aebd98f,100.0,31.958937174994862,-0.44887810230790315,1275
v2_30df567873a8,100.0,32.2469689156978,-0.44971638857294227,1276
v2_b75b80e63c12,100.0,41.84047489413891,-0.4501968229210549,1277
v2_d69b45185c83,100.0,31.851430158061742,-0.4502933764044368,1278
v2_f68d92a64c03,100.0,32.24781512605041,-0.45057520666526685,1279
v2_f07fb58fe427,100.0,32.24781512605041,-0.4509169321752964,1280
v2_76ecd6f93bc5,100.0,31.553187229624392,-0.450933077768104,1281
v2_a27d9d560959,100.0,32.065144582865074,-0.45188609109335864,1282
v2_663da91e43de,100.0,31.814122750027934,-0.45199808251406104,1283
v2_dc3bc5a4d7d4,100.0,32.247815126050305,-0.4521535426257479,1284
v2_e6736f73af39,100.0,32.24781512605041,-0.4522961293420442,1285
v2_41815701a59a,100.0,32.24781512605041,-0.45272597614970866,1286
v2_f9f6d15abbab,100.0,32.45076957787251,-0.4530667216566844,1287
v2_26a8d18a1923,100.0,32.24781512601941,-0.45313642645175634,1288
v2_2e8c9c409042,100.0,32.24781512605041,-0.45318180774544015,1289
v2_a84b95bbb109,100.0,32.24781512605041,-0.4533387008604164,1290
v2_fea4bf724de0,100.0,31.7113035337916,-0.45345321478269174,1291
v2_9162e4ac5507,100.0,32.65975257193622,-0.4534904882173043,1292
v2_73a9022f8f6e,100.0,31.72648496239283,-0.45394470609599313,1293
v2_b7ce61709f92,100.0,32.059710817271494,-0.45443453815888724,1294
v2_b68cd3327846,100.0,33.1308897344396,-0.45473530977527776,1295
v2_c65072ac6359,100.0,33.06449487141192,-0.4549120321010065,1296
v2_76027c010a5e,100.0,32.24781512605041,-0.4557636703252088,1297
v2_c29f063616d6,100.0,32.24781508912162,-0.4559144281503542,1298
v2_05cd4c66e75f,100.0,31.922807894559707,-0.4559554444262721,1299
v2_46bdd1fd6750,100.0,32.2335493619453,-0.4560309422043156,1300
v2_c0c81c38b6a9,100.0,31.52374765368355,-0.4566596881201539,1301
v2_3fef9acb1d4e,100.0,31.455375731509054,-0.45691067507729866,1302
v2_f59dbd9b96c2,100.0,31.7710566094206,-0.4569408924866014,1303
v2_676251a9e78f,100.0,32.24781512602835,-0.45731137604664784,1304
v2_fd6824aeccbb,100.0,31.533416666085927,-0.4578780984898856,1305
v2_52cf645f7d1e,100.0,32.24781512605041,-0.4581642014285148,1306
v2_828f26a8dfb6,100.0,32.395128007630206,-0.45892870851087686,1307
v2_c3726174e45d,100.0,31.604010289912537,-0.45963684943140937,1308
v2_d8e0243376ca,100.0,32.39573525122908,-0.4597587122789264,1309
v2_8105f89b1e91,100.0,31.40370995901701,-0.4598644236359739,1310
v2_06826e442439,100.0,32.24781512605041,-0.45989946868674636,1311
v2_93e66ceff5e2,100.0,31.664714626452508,-0.4603020975451484,1312
v2_c513810cae3c,100.0,33.042757980978045,-0.46042637371792416,1313
v2_300bb23dbafd,100.0,32.48154086636635,-0.460579542310696,1314
v2_e4e74e8e0d1e,100.0,31.492474965534917,-0.46074219911884207,1315
v2_eef3aa4b6110,100.0,31.72773392693922,-0.4607638073056126,1316
v2_e91f5a6c9e68,100.0,32.6646668070057,-0.4608554085439476,1317
v2_eacc54d43a25,100.0,32.241277427652726,-0.4609324709917937,1318
v2_8a6407ee9b27,100.0,31.798305339313302,-0.4618208734223419,1319
v2_0044ee082fb7,100.0,48.817952772164595,-0.4622990464598997,1320
v2_2e3a3ec582a8,100.0,31.20213111481974,-0.4629732383318146,1321
v2_151e6dffb039,100.0,32.24781512605034,-0.4631784646761812,1322
v2_b0c2d0cb52b5,100.0,32.24781512605021,-0.4639162532428873,1323
v2_cfbc28decfcd,100.0,32.2478149875862,-0.4640863508339583,1324
v2_9ba7154536d5,100.0,31.615765603794944,-0.4642476426665949,1325
v2_5ecd96a623fb,100.0,32.24781512599916,-0.46528037180949866,1326
v2_7de40a0c2ffc,100.0,31.404428234816407,-0.46552014916464035,1327
v2_1d3cc2989167,100.0,31.359605981679643,-0.4658193636452186,1328
v2_b5582b6f79e2,100.0,32.9897521556134,-0.4662813357533926,1329
v2_524e90edea55,100.0,32.24781512604679,-0.46673314460091664,1330
v2_a93600c38ced,100.0,32.20842901199477,-0.4671272796067072,1331
v2_60f02bc8a042,100.0,31.35202296765551,-0.4676298372534031,1332
v2_8c01e4da4830,100.0,32.25687314251975,-0.467770095235962,1333
v2_63010dfdd468,100.0,31.56474203458351,-0.46796628541080665,1334
v2_83290e1e0d37,100.0,32.16547911217995,-0.4685401310479742,1335
v2_c53dc124f668,100.0,31.43902235898379,-0.46895650820541857,1336
v2_6f5f1fbebc6a,100.0,32.52381070333058,-0.4703059427014624,1337
v2_9e4c26ef0e31,100.0,31.0697127456205,-0.47036273436496945,1338
v2_e8776a16eb40,100.0,31.389102083492727,-0.4706031744477306,1339
v2_1ec61f53f9d8,100.0,32.219151714941056,-0.4713873143713956,1340
v2_04c5dfb4cc34,100.0,31.422431715277593,-0.4720463959519714,1341
v2_2715592fe788,100.0,32.218542913564654,-0.47246351993495583,1342
v2_26f26193a74b,100.0,33.44541535927385,-0.47261500503819764,1343
v2_6dec6a45a449,100.0,31.453556962815473,-0.47306755536784095,1344
v2_840c18113bfc,100.0,32.247815125466005,-0.47341630873036156,1345
v2_8c2fe904e779,100.0,32.23584290037141,-0.4735644141896511,1346
v2_363356d2d10d,100.0,31.381393560666503,-0.473737069221027,1347
v2_4c30894ffddd,100.0,32.03347162766327,-0.47384889385368734,1348
v2_269cac6d66dc,100.0,31.324189493215993,-0.4740790104414483,1349
v2_fe8b15c7924d,100.0,31.39755518441578,-0.47410529466275175,1350
v2_7999b1b91c5d,100.0,32.247476076832,-0.47430944891971016,1351
v2_f4bd9ded6b24,100.0,32.159048066625445,-0.4748595892113032,1352
v2_931d4a47dded,100.0,31.39859924481493,-0.4750293799992802,1353
v2_7fcd2d8d167d,100.0,32.24781512108059,-0.4751051935750583,1354
v2_7048bc3b7175,100.0,32.24781511343094,-0.47609242480704683,1355
v2_07bc625038a2,100.0,32.80880786486479,-0.4770855230688804,1356
v2_d8ec567f83fc,100.0,32.467708463429,-0.47731429664828706,1357
v2_0af190e5f162,100.0,32.0991893985979,-0.47778021764029965,1358
v2_f00a12be21f6,100.0,31.85229816455402,-0.47781334053726443,1359
v2_9da779bb692b,100.0,44.12307246796992,-0.47895986128953805,1360
v2_969ede545844,100.0,31.49792040220298,-0.47904066044803173,1361
v2_2f1cf3a381f9,100.0,31.28785295010123,-0.479207797963503,1362
v2_4709efc62405,100.0,31.982003801769114,-0.4806949421668234,1363
v2_e155eff851f9,100.0,32.24781450884274,-0.4807885919064647,1364
v2_86cffefab863,100.0,31.207907887902156,-0.4813196021120909,1365
v2_051987386ba0,100.0,32.994661532049,-0.48137876027573423,1366
v2_ab1cfe9386dd,100.0,32.247385108059625,-0.48162954378317835,1367
v2_8025ce0a8df5,100.0,32.10503961283499,-0.48176589805776704,1368
v2_db224d1c725d,100.0,32.24781275517992,-0.481818459111353,1369
v2_740b7f313b75,100.0,32.247797126491655,-0.4821481644846166,1370
v2_11a0dca398a9,100.0,31.76207967858287,-0.48234336737201833,1371
v2_71a654084d43,100.0,32.20355429995388,-0.48329172170595847,1372
v2_245c08a2bc36,100.0,31.755346682518166,-0.4833671272554607,1373
v2_7b0d89186c7e,100.0,32.24780733075693,-0.48379336835167397,1374
v2_48ba50e00ef0,100.0,32.28204244736041,-0.48383717004018667,1375
v2_2c86c94a47ad,100.0,32.247814846621644,-0.4842841990988882,1376
v2_8f1e4e529c1b,100.0,31.381760705458763,-0.48444103239039826,1377
v2_dfeb122cfd09,100.0,31.03958034559475,-0.4846490287283389,1378
v2_956a63271852,100.0,30.865816491578258,-0.48606741186870206,1379
v2_b04ff8b1afe2,100.0,32.516489103697396,-0.4864037912485175,1380
v2_5b378eb41457,100.0,32.24767921308506,-0.4873436610311668,1381
v2_772035cee8dc,100.0,31.016492931699034,-0.4878353985890014,1382
v2_5a8499fd30cb,100.0,31.609490058479224,-0.4881110466562877,1383
v2_7135001047ce,100.0,32.247544061802344,-0.4883950804588819,1384
v2_0718bc821523,100.0,32.265126199656734,-0.48907350019631757,1385
v2_ad3c9749782e,100.0,32.96852540605634,-0.48933198395192967,1386
v2_0d529d2ed378,100.0,32.50143981779083,-0.4893556230129361,1387
v2_4320f9584e18,100.0,30.829499845766303,-0.4899695322842179,1388
v2_0d79e16de587,100.0,32.02864728110699,-0.4909036496075627,1389
v2_3ccb95622ab5,100.0,31.542144092442623,-0.49114606918540016,1390
v2_014d7fc9dd77,100.0,49.445403149832245,-0.49239869527643254,1391
v2_28abc0254795,100.0,32.22707120300072,-0.49286291559347717,1392
v2_748977542dc8,100.0,32.24153669708486,-0.49297468916991427,1393
v2_396121b02393,100.0,31.276348601459517,-0.49321769352240796,1394
v2_57b68e8c7992,100.0,32.591676039887,-0.4933406539736156,1395
v2_afe64613dec6,100.0,31.264594212092348,-0.49352939365997894,1396
v2_7afbb72c707a,100.0,32.24781512605041,-0.49366504419811275,1397
v2_a90767fddd35,100.0,31.199589410455282,-0.49572160962764134,1398
v2_f45997328421,100.0,32.109079830209126,-0.49610676354093997,1399
v2_ef34240eedc6,100.0,31.9127257650253,-0.499161617355913,1400
v2_2b5b9c797083,100.0,32.14771323383637,-0.49919481742882343,1401
v2_1e43fcd052ab,100.0,32.22149475978596,-0.49922027304749594,1402
v2_b5b7cb44157c,100.0,32.24355907891414,-0.4993581927507531,1403
v2_335d69f6097d,100.0,32.24208957247558,-0.499366186459298,1404
v2_88d307cb5400,100.0,31.049690763989886,-0.49937575946359214,1405
v2_dc629d79f25f,100.0,32.360392389288194,-0.4999225322108698,1406
v2_b651aaabf92b,100.0,30.96379221537901,-0.5003583556459192,1407
v2_ffbea511fe06,100.0,34.036834201401994,-0.5003639013783259,1408
v2_e1c7e1b7d4ba,100.0,32.24209342441849,-0.500460842519507,1409
v2_87968bc24d4b,100.0,32.27204334550585,-0.5004991710525362,1410
v2_e16473a47a0c,100.0,31.26657460542186,-0.5006344439321895,1411
v2_b6708c2da23d,100.0,31.782510167529022,-0.5008674861647373,1412
v2_2ffa0fe1a3f8,100.0,34.141809618429775,-0.5009440958245346,1413
v2_6967be12c00d,100.0,32.17169964827345,-0.5029087847853315,1414
v2_cbd2a46d9115,100.0,35.83674396652767,-0.5031945738969137,1415
v2_218f4b688b03,100.0,30.996914723977792,-0.5032273330562065,1416
v2_f845affc6af4,100.0,32.235672253524186,-0.5035824556614701,1417
v2_f83d03483e5e,100.0,30.725699469346015,-0.5036206980427869,1418
v2_2b0d99446deb,100.0,31.592509598525613,-0.504422900207727,1419
v2_deac960f14aa,100.0,31.110806536347177,-0.5045318501359173,1420
v2_ff70f6278920,100.0,30.95941915963495,-0.5052975321953861,1421
v2_8cc49828b00d,100.0,31.495920338742437,-0.5059720899387399,1422
v2_f2a43fe70fd8,100.0,47.51851203030308,-0.5060933446030367,1423
v2_648b2560a986,100.0,30.87953647218529,-0.507224742322216,1424
v2_ad17fff3908a,100.0,32.956598164564774,-0.507829525136331,1425
v2_fbac29579caa,100.0,32.68649176665808,-0.5081434630001525,1426
v2_e37446864585,100.0,32.56031893131099,-0.5082292431682705,1427
v2_cb3a686f0f53,100.0,32.213572894059155,-0.5090801271002219,1428
v2_96989c95d832,100.0,30.667866448824025,-0.5091317525303998,1429
v2_29fef6c2388b,100.0,32.14393088301474,-0.5094522683873244,1430
v2_1cc9f71060e8,100.0,32.53491378704476,-0.5096954288218987,1431
v2_6a4667faec0d,100.0,42.41857943965963,-0.510575152382553,1432
v2_8a6be73c54f6,100.0,30.96011870207371,-0.5112670457030664,1433
v2_b284a880753b,100.0,30.73270640202806,-0.5114434760729258,1434
v2_106f13b58ffa,100.0,32.06804224287468,-0.5114971527881664,1435
v2_dee16618b5f7,100.0,31.73247899635063,-0.5118978273517607,1436
v2_aad9e43ff816,100.0,35.150006391796566,-0.5122357312260872,1437
v2_3bfe9a5f5eb7,100.0,32.053647072875094,-0.5124025090187585,1438
v2_d6fc93745ed9,100.0,47.57726155529341,-0.5134000394086184,1439
v2_052669af2a8a,100.0,31.908133359538468,-0.5143956254489206,1440
v2_75302c819c12,100.0,32.910061349000536,-0.5148928895693823,1441
v2_e7b0bf687b6e,100.0,31.34668280991412,-0.5158109267453961,1442
v2_d96838874132,100.0,30.545318122086538,-0.5158132648790268,1443
v2_b33353bc1c9a,100.0,31.009166207856552,-0.5159544477772382,1444
v2_7e28ea5e33b3,100.0,31.68156164211728,-0.5170083440679276,1445
v2_b78d60edaad0,100.0,31.99390943141903,-0.5172002816002692,1446
v2_f229f96a777f,100.0,30.540864960664972,-0.5178835461533575,1447
v2_ea8382c927b7,100.0,34.59251233362465,-0.5183118624415588,1448
v2_6d2d7130a002,100.0,31.75912439238162,-0.5183455509179327,1449
v2_dbe51c29db53,100.0,30.868006878791178,-0.5199957841215204,1450
v2_f87f77ae3ae0,100.0,32.59978986387723,-0.5204724758418555,1451
v2_dea41dd3d2e5,100.0,32.49594005983538,-0.5217424914654636,1452
v2_37df6dba5051,100.0,33.00053301276148,-0.5223094397586543,1453
v2_98299d941ca6,100.0,30.849763726012668,-0.5225127391675475,1454
v2_837b376b11b3,100.0,29.966039002563683,-0.5233291602026178,1455
v2_b650733984b4,100.0,50.318093439106335,-0.5235203515035725,1456
v2_531d50b31df3,100.0,30.67075021340885,-0.5236377888506878,1457
v2_c7496e7670c4,100.0,32.24781512605041,-0.5243018883536603,1458
v2_a2b95381c487,100.0,32.24781511776378,-0.5244499026999909,1459
v2_bff3ab4efcde,100.0,31.90294962372787,-0.5256569053401732,1460
v2_7ace32ef4e83,100.0,31.478553996638762,-0.5258322490583778,1461
v2_f63f0ef15d32,100.0,30.698617311961335,-0.5274103648380235,1462
v2_2c32184ff358,100.0,31.53973386714051,-0.5275661267645306,1463
v2_e60ad9219526,100.0,30.4646370211869,-0.5278330757039864,1464
v2_d032a246394e,100.0,31.28504257548202,-0.5278528088420087,1465
v2_042457fd0866,100.0,31.589892431337226,-0.5281422942689122,1466
v2_360e9f9111e5,100.0,31.737719923542496,-0.5287908338119323,1467
v2_60f71eed7107,100.0,31.629267553214547,-0.528944977346451,1468
v2_1bbe5827d67c,100.0,35.19027611046169,-0.5297972966539684,1469
v2_3b4df3f08027,100.0,30.76675370929418,-0.5314726712129616,1470
v2_958d53d08ec4,100.0,31.755327131028835,-0.5320986519629107,1471
v2_a84a8aa32017,100.0,30.833758052383267,-0.5328072311512368,1472
v2_d2b82594e297,100.0,30.83001244632028,-0.5334461910377453,1473
v2_fa361ffe9432,100.0,30.445594069560606,-0.5338797031486706,1474
v2_c4a577ddc963,100.0,31.09801168935438,-0.534639641895609,1475
v2_c7995ea543fc,100.0,31.258920924833266,-0.5390281138070625,1476
v2_78de645510c5,100.0,31.618617308325526,-0.5390636332790733,1477
v2_234c2dde389a,100.0,30.574294009240408,-0.5391502461566766,1478
v2_3f7477caacfa,100.0,35.19299498036477,-0.5395190877387614,1479
v2_b673d9cd4de3,100.0,30.390675814210773,-0.539885450328673,1480
v2_2693d78374d3,100.0,36.4986232415039,-0.5399424860463702,1481
v2_bcea15a5a51e,100.0,30.238850765651097,-0.541377751042539,1482
v2_9aed6bbf0c59,100.0,30.599399009814068,-0.5413899217714429,1483
v2_8ae1c0deb444,100.0,35.454350474320165,-0.5421742701123149,1484
v2_98a4d489a188,100.0,32.24781512605041,-0.5454261809310088,1485
v2_054b7dd71ec5,100.0,30.38743196858812,-0.5462370623701895,1486
v2_9a47757fac76,100.0,31.546024210936586,-0.5464784685864013,1487
v2_0f2d33a132db,100.0,31.547698090214634,-0.5468395185820043,1488
v2_01c2bfc610c5,100.0,31.303465008552205,-0.54829203738195,1489
v2_f51aabe6ef56,100.0,30.79532485158354,-0.5484473257375235,1490
v2_d218a3c7546e,100.0,31.30420567962673,-0.5495585787490738,1491
v2_60fe1e81a4f9,100.0,43.91184192393039,-0.5499980711546764,1492
v2_bd47635837fb,100.0,29.75872619683844,-0.5505681455689873,1493
v2_abfdf62582a2,100.0,31.232200639502718,-0.5507083648031275,1494
v2_587138a4acc9,100.0,32.59905271567029,-0.5519356862491298,1495
v2_8ae6f8e86dde,100.0,32.672822370133574,-0.5521372474274777,1496
v2_de31341eb316,100.0,32.5809252485654,-0.5525550145044269,1497
v2_052d305d21fc,100.0,29.966847045612084,-0.5529677988981421,1498
v2_324151947a0d,100.0,29.406621497233065,-0.5530361525465883,1499
v2_953d431cbce2,100.0,51.82850215504125,-0.553902822334611,1500
v2_399f9bc8464e,100.0,30.58523527130528,-0.5539753644814684,1501
v2_6ea981c27f30,100.0,32.052594795106415,-0.554000598108491,1502
v2_a5a7b7e4e3bf,100.0,31.20577725208988,-0.5540986213667791,1503
v2_33da4470c766,100.0,30.04777859177222,-0.5541482461860356,1504
v2_8652c25244bd,100.0,37.332136400602195,-0.5542328767039857,1505
v2_f2caf1a35eb1,100.0,43.55179034593286,-0.5565437329803382,1506
v2_e98c8b2af097,100.0,30.351280727994517,-0.5567120047513514,1507
v2_bcafcb6eb99f,100.0,35.809461910568544,-0.5591345165689434,1508
v2_570000c563fa,100.0,31.04108416885939,-0.5594684963734284,1509
v2_93c3ee991807,100.0,31.286172410115775,-0.5594983877701063,1510
v2_dd2208e0fd37,100.0,31.255113869194773,-0.5597819677088918,1511
v2_cec46a5f35aa,100.0,32.024099371355575,-0.5597835832664391,1512
v2_903b935cd410,100.0,31.293740692261725,-0.5610852080293673,1513
v2_f9e4c0a6cbd4,100.0,30.141610885775656,-0.5613500337446427,1514
v2_7b065193e491,100.0,30.610603493733045,-0.5613995884565641,1515
v2_e70fc198c986,100.0,31.18074684885897,-0.5615508479861511,1516
v2_34dc3f4819bc,100.0,50.45495613376224,-0.561643723555707,1517
v2_d951c7bf2fba,100.0,31.88649756350756,-0.5618084094833691,1518
v2_c5c25dffdeb8,100.0,30.622964514494587,-0.5620872734302802,1519
v2_5faed72f638d,100.0,30.45082492300522,-0.5627065266256492,1520
v2_674759f8ebbf,100.0,32.61412318585723,-0.5631035354424281,1521
v2_3bfd23617124,100.0,31.0029523121113,-0.5635382943158662,1522
v2_6b4b54231c20,100.0,31.198137573284797,-0.5638921874975136,1523
v2_d8f7c550a04f,100.0,30.13461177603498,-0.5654210830344608,1524
v2_dce3c22bbf8f,100.0,30.74750589577193,-0.5656228232061045,1525
v2_8829739a49be,100.0,29.98327343843763,-0.5667913055418898,1526
v2_4f488fe8a329,100.0,30.15673000540249,-0.5669569884086876,1527
v2_2f3c37d65f31,100.0,30.42717414550875,-0.5671374206258575,1528
v2_cfc8a6e3117d,100.0,31.075235795754164,-0.567606687923015,1529
v2_8df3ff387097,100.0,31.350629153181927,-0.5678637429736781,1530
v2_dc3936a88d06,100.0,31.20693416359375,-0.5685033186737112,1531
v2_a75b273bcef7,100.0,29.71735328905713,-0.5691965885596719,1532
v2_fb34d7e85d9b,100.0,31.53541293807624,-0.5704253122608351,1533
v2_1bcab034ae5d,100.0,29.583038282556338,-0.5709463555494105,1534
v2_1c180a733601,100.0,30.151323303400336,-0.5709746258138875,1535
v2_ab559ac76d50,100.0,30.3095559351927,-0.5719485364012877,1536
v2_ffb5495c0e0f,100.0,32.00195067767668,-0.5724066172204392,1537
v2_94c962d25729,100.0,30.646976166059638,-0.5729883344339424,1538
v2_eb44b92f13a1,100.0,30.13579192826096,-0.573187184955251,1539
v2_6b8661f16f16,100.0,31.14636888794694,-0.5750645175785385,1540
v2_819bcdaf4c72,100.0,31.954450173670857,-0.5755086852618057,1541
v2_13831b9c3092,100.0,33.163741270970675,-0.5757198643295469,1542
v2_130b614e8761,100.0,31.045259753363275,-0.5760168029096651,1543
v2_ddf5b4a51814,100.0,30.136288311713653,-0.576752845893135,1544
v2_45e81f8dbfb9,100.0,31.48891869400172,-0.5774239490621538,1545
v2_0db87eb31371,100.0,35.28213500816483,-0.5783173505954506,1546
v2_621f9714e479,100.0,33.04829694744627,-0.5788769584366849,1547
v2_f2a317df4bc7,100.0,29.677573082610248,-0.579395257452445,1548
v2_07b4e88a3c4f,100.0,30.73984655652796,-0.5794136763790405,1549
v2_5f566568294b,100.0,32.07638610190514,-0.5796463398287228,1550
v2_26d796050686,100.0,30.333968498264724,-0.581880520540011,1551
v2_92f3a346a387,100.0,31.57568736465745,-0.5830669601093543,1552
v2_d7226a353343,100.0,29.647418276909356,-0.5874061596128977,1553
v2_eb11d6d04451,100.0,30.931090574008845,-0.5875169293186469,1554
v2_687e0c8e2b7d,100.0,30.352322525399824,-0.5876067988794889,1555
v2_9527f10ef7c1,100.0,29.89550569012482,-0.5881759532840674,1556
v2_51c75c399f77,100.0,30.82102636962318,-0.5886847268764459,1557
v2_003179510d6c,100.0,30.698824191035172,-0.588691481891094,1558
v2_aed091e89d3d,100.0,32.19950926394779,-0.5914749000261068,1559
v2_0112b4aafe7e,100.0,33.2777321586551,-0.5917240754075683,1560
v2_058b12cca9a9,100.0,28.870309667177395,-0.593542988412513,1561
v2_3ac10cc2067e,100.0,34.8741199207539,-0.5940187262432364,1562
v2_a18f366d6fa9,100.0,30.341882913663998,-0.5960323297069552,1563
v2_2ec94ae40ae7,100.0,32.95195430536503,-0.5969686202846134,1564
v2_a0b1f2baa798,100.0,32.24659422028598,-0.5971675148823978,1565
v2_611293e1bf6b,100.0,29.99728444659867,-0.5985620172881445,1566
v2_7add013eb0bc,100.0,29.71272327071022,-0.5996197912313628,1567
v2_176d01a01c64,100.0,32.60121943187823,-0.6001126039914402,1568
v2_3b1a9ac0e7cd,100.0,29.254909074939818,-0.6004011370871334,1569
v2_95add3bc8134,100.0,32.49676555546023,-0.60240792815374,1570
v2_f0608171138e,100.0,45.67952019914361,-0.6058512541147323,1571
v2_255194ec59ea,100.0,29.515564468776674,-0.6060816457489846,1572
v2_6517d9445131,100.0,30.65063090760917,-0.6069588636128271,1573
v2_4cebbbce01ba,100.0,29.105247745904613,-0.607597685091112,1574
v2_4c2922c3a409,100.0,30.56642993530089,-0.6081064474642481,1575
v2_4a5d70d10959,100.0,30.630728640095708,-0.6087950403239288,1576
v2_013a0e61b646,100.0,33.958759952395425,-0.609535014444039,1577
v2_623e738d97f3,100.0,32.61668215554756,-0.6103322228471724,1578
v2_b4f893feebef,100.0,29.653698011886785,-0.610348119308763,1579
v2_adb2a000a5e9,100.0,35.71728156474011,-0.6104282643823717,1580
v2_ddde80d6b4a9,100.0,30.123342272172515,-0.6104926846357204,1581
v2_f33a1c48d66d,100.0,29.381383763721832,-0.6105684499043127,1582
v2_814da5dabb76,100.0,32.350391290353784,-0.6113492397106723,1583
v2_70a2c766055f,100.0,29.18379728204272,-0.611457969754051,1584
v2_6f5273bc5d7b,100.0,32.60264250842414,-0.6118237760592997,1585
v2_d6bbea62f6a8,100.0,29.865146336235462,-0.6127556939805237,1586
v2_b56fc3617af8,100.0,30.05151245224099,-0.6128235754660727,1587
v2_7f6ed0dfda58,100.0,30.538420177326284,-0.6130585111900064,1588
v2_e9c34f498306,100.0,32.16239655753777,-0.6135520391191083,1589
v2_06abf932cd3e,100.0,29.624382585354297,-0.6136443877495585,1590
v2_a5e5855ad4ee,100.0,30.43980729901577,-0.6136933214880278,1591
v2_0de311daadd9,100.0,30.12250265937007,-0.6144298283595271,1592
v2_76937b248d6f,100.0,31.269764944373463,-0.6148126164708634,1593
v2_24199bbf7e63,100.0,31.923621997749724,-0.615735989988921,1594
v2_19a62b992db6,100.0,30.311138435223274,-0.6174549425605464,1595
v2_f92e7efc7a5d,100.0,29.581713442617588,-0.6182083341686981,1596
v2_49734b2f0bf2,100.0,45.35464912724114,-0.6191159774722772,1597
v2_d25965b4d1ed,100.0,29.864623035089565,-0.6194152244632383,1598
v2_557f92cd02f3,100.0,30.78826134949475,-0.620829499376863,1599
v2_be628b0bc91d,100.0,29.71048777939616,-0.6212549694172678,1600
v2_8c555548b4fe,100.0,33.4436408916137,-0.6214263728041276,1601
v2_e7e005f70ed0,100.0,30.467976238214224,-0.6215535783464361,1602
v2_f8e89b53ab31,100.0,29.54316622808298,-0.6220071911786773,1603
v2_f09d6a0ac9f6,100.0,29.994592564581616,-0.6232698367734475,1604
v2_27737777d183,100.0,44.39568858350436,-0.6239188678545657,1605
v2_3500723f4e08,100.0,30.289184651185042,-0.6246764981817536,1606
v2_c9cf57913d6e,100.0,29.157045033680845,-0.6255928597147333,1607
v2_c39f08c77321,100.0,29.333541953129437,-0.62566010829575,1608
v2_9116125524ce,100.0,29.673167799534916,-0.6263017905182808,1609
v2_6df7b1bd2e25,100.0,30.271972833209034,-0.6263781803598549,1610
v2_bf3d62e2a66b,100.0,32.30403554714857,-0.6272079521531868,1611
v2_cbcc08e8eda1,100.0,29.377046453527534,-0.6277750003593177,1612
v2_b5c1ef255109,100.0,30.666668632826624,-0.6298878097370597,1613
v2_ef9a106fbc43,100.0,29.788169972997263,-0.6306072585080909,1614
v2_76317fb8b27d,100.0,30.028798913547966,-0.6309194546096579,1615
v2_e11f77f26170,100.0,28.57698010307692,-0.6323024893049887,1616
v2_dccb112c9181,100.0,30.650392668176835,-0.6329510921218118,1617
v2_d1d0fb9cfde9,100.0,30.150174866294545,-0.6335514169315264,1618
v2_3d4e602b8ade,100.0,30.72945471475248,-0.6344420258994612,1619
v2_ac17ef1604dc,100.0,28.54031294048714,-0.6350709278755211,1620
v2_b4cdd30230de,100.0,31.883427040243443,-0.6354709503720057,1621
v2_a558d7f94cb6,100.0,29.776604120991607,-0.6358997607957511,1622
v2_1fd0984d66d2,100.0,31.53302275991733,-0.6368494127679698,1623
v2_6f702485fdc5,100.0,30.146688279198763,-0.6375586375984588,1624
v2_cce86339bc79,100.0,38.610863352502165,-0.6379309075212198,1625
v2_25e724406def,100.0,31.778208829194106,-0.6407155916626639,1626
v2_4728a7fdde4d,100.0,30.89856244989689,-0.6411329085690634,1627
v2_15c1cabe94ee,100.0,29.806277606220284,-0.6411407350295661,1628
v2_47f4045871a6,100.0,35.26563871749073,-0.6415218048138716,1629
v2_87dd3727134e,100.0,29.99306174926428,-0.643202753106416,1630
v2_105e68c6a22b,100.0,29.104828620416864,-0.6440258918684245,1631
v2_b700dfad80ec,100.0,29.4487923441805,-0.6453798388673642,1632
v2_a8b62273f0bd,100.0,34.935756972135174,-0.6454824139207167,1633
v2_aed7bc4aab4d,100.0,29.832631660941047,-0.6477426778839837,1634
v2_8cb5436048c1,100.0,28.743397218562016,-0.6480389355729574,1635
v2_ae1ba330910a,100.0,30.926680072971607,-0.6513820217779935,1636
v2_cd6dfe4d7846,100.0,32.994344432373786,-0.6519676563412489,1637
v2_f97376bd8496,100.0,29.5245542691598,-0.652152837981463,1638
v2_7c92a8f97e60,100.0,31.838611956377708,-0.6538319071879579,1639
v2_6ea90424a092,100.0,31.615344849079342,-0.6540972931508424,1640
v2_8eee6a3cec7e,100.0,32.10685829213152,-0.6587711136945504,1641
v2_06554ad752af,100.0,29.050994345389732,-0.6591342242466594,1642
v2_de0abecdcb09,100.0,31.104480908423273,-0.659148622894163,1643
v2_9cf76a5fa2ac,100.0,29.42604899694134,-0.6597630749925676,1644
v2_31b70ba89879,100.0,28.846209904989177,-0.6609720258006968,1645
v2_e34191317876,100.0,30.300791710776124,-0.6618352556347276,1646
v2_3810895a151d,100.0,32.06361651719834,-0.6620438713129495,1647
v2_82aae4d87fad,100.0,33.1820898193443,-0.6627604066356758,1648
v2_bd8c4e2ecdd2,100.0,32.10458006938885,-0.66303764478043,1649
v2_22ba43128219,100.0,29.61473255319236,-0.6634470559391881,1650
v2_e570b6226c0f,100.0,28.22644066618175,-0.6639542752786571,1651
v2_50cf6299c1e7,100.0,29.743986801747006,-0.664108600222689,1652
v2_902f1c39e4f2,100.0,28.868651141693782,-0.6646021325534965,1653
v2_b7715957a89f,100.0,31.86248552741535,-0.6656722292900046,1654
v2_8ab50b72c311,100.0,29.47341588700402,-0.6666342370550478,1655
v2_9d7b7899368e,100.0,31.30454057872866,-0.6678894216590221,1656
v2_4e125731991b,100.0,29.896550791776722,-0.6709964634105843,1657
v2_cdea8097a709,100.0,29.709519536717035,-0.6715814734834735,1658
v2_ac2667dbfd66,100.0,28.08493637099258,-0.6725557129779132,1659
v2_c4414efb0a85,100.0,30.065024627610192,-0.6789713872752383,1660
v2_3091f0e841fb,100.0,32.24773989470582,-0.678984994530456,1661
v2_2ee04ebee9a6,100.0,28.61302281653225,-0.6790999489820528,1662
v2_29beaf174bca,100.0,32.5814599410878,-0.68001191239434,1663
v2_01fe74c38376,100.0,29.37668926533894,-0.6825474752514973,1664
v2_8250b82b5780,100.0,27.68766769160267,-0.6862493451536205,1665
v2_ac6d80d91783,100.0,30.937066348557686,-0.6865067462991554,1666
v2_7b575899e018,100.0,32.548207185041285,-0.6868806719913856,1667
v2_4b5f0f999c95,100.0,30.14309872127185,-0.6877349105003043,1668
v2_19c2fbfbd247,100.0,28.522426467271664,-0.6884860158962844,1669
v2_bd0a02f26302,100.0,29.240710800165907,-0.6892133925308963,1670
v2_971ad674a441,100.0,29.29541279765978,-0.6901955111634566,1671
v2_87e4605e82d4,100.0,30.750127010220144,-0.6904828423096445,1672
v2_bc41c57d5a70,100.0,30.730824858655406,-0.6908893143868218,1673
v2_5adf1fdf97cd,100.0,31.650241183430083,-0.6913410377459073,1674
v2_9568095b1a58,100.0,30.16162628507413,-0.6919714006317008,1675
v2_fcd24b9df7e1,100.0,28.926928218006523,-0.6920890071434433,1676
v2_06b91735447a,100.0,31.092561113904836,-0.6943358678758988,1677
v2_66a0e2c3ece7,100.0,31.85845191168457,-0.6945674927069785,1678
v2_649af934ddc8,100.0,53.51890967057933,-0.694955817360424,1679
v2_0bee977d70f9,100.0,31.196520885586374,-0.6963545848595771,1680
v2_894a7b3a3939,100.0,27.506796683179516,-0.6985753589081156,1681
v2_3a19414aeec9,100.0,36.222499203558804,-0.6987973990725633,1682
v2_ba6ad657b87e,100.0,27.244068680284258,-0.6993878472387403,1683
v2_0a3bce5e5599,100.0,54.0956734389033,-0.6999276011694358,1684
v2_3a3005fea889,100.0,27.477108710630777,-0.7027495757358837,1685
v2_2201b6c0f3c1,100.0,32.317087341866774,-0.7036845722307232,1686
v2_2d648a05f4cd,100.0,27.59465408880409,-0.7049598056535062,1687
v2_89ef933fa3c3,100.0,28.5838009677166,-0.7071406931525752,1688
v2_1a9a5f60b300,100.0,29.088791141293754,-0.707291823352798,1689
v2_c8bfa738af68,100.0,31.01997728922588,-0.7110945055552369,1690
v2_8d1eb6c07d58,100.0,27.0520298688434,-0.7132694230348742,1691
v2_84db05c67628,100.0,33.359232329336564,-0.7134835981564764,1692
v2_eba6bf1dfb2a,100.0,31.81493754590575,-0.7137115944004897,1693
v2_7a477aa43154,100.0,30.01953870968099,-0.7140341451060239,1694
v2_df248f99604e,100.0,27.345368958023546,-0.7190966904158582,1695
v2_1517b3f94ec9,100.0,28.164459344633933,-0.7192464776318701,1696
v2_9c839489a002,100.0,28.958659883240227,-0.7197758424410887,1697
v2_775f149c7d14,100.0,29.058853366090162,-0.7229566173421542,1698
v2_8d00391ab082,100.0,36.13262228653387,-0.7239753999011089,1699
v2_be6d92363eff,100.0,44.69789612649494,-0.724305123172984,1700
v2_30b1a784cebe,100.0,29.056939799418974,-0.7257748272157247,1701
v2_bc7855904c08,100.0,28.786399731256502,-0.7269499642177335,1702
v2_5b1e7ff97055,100.0,28.3255477750157,-0.7289899863054767,1703
v2_6759e477f3b4,100.0,28.271846052345442,-0.7294936927394486,1704
v2_7783533758ea,100.0,29.285203479893017,-0.7301414846773957,1705
v2_4f2a1f4b0362,100.0,34.13711349174507,-0.7310701418282539,1706
v2_68d685d40d19,100.0,26.925955430586484,-0.7315677585093248,1707
v2_fcdc0876588a,100.0,27.908169058314478,-0.7319321006938955,1708
v2_3479ee5a56d4,100.0,27.674893409475388,-0.7362751176141193,1709
v2_abc9595704fc,100.0,31.818010460240632,-0.7385212390417211,1710
v2_fee39417ed37,100.0,35.72842747894239,-0.7388022288827427,1711
v2_41593aba46dd,100.0,26.973269379156974,-0.7397177174624447,1712
v2_dc7c2fcfab69,100.0,26.561582353541574,-0.7401223837984636,1713
v2_18b890491f02,100.0,28.113558755995083,-0.7403794662267229,1714
v2_2210153e3ac9,100.0,28.24043174454853,-0.7418512352580526,1715
v2_841b7821f91d,100.0,34.386737326603836,-0.7419566431269073,1716
v2_3b0fc380a8f4,100.0,31.851302373550965,-0.7425014070907165,1717
v2_92478157ae98,100.0,29.952199326101056,-0.7437151386629708,1718
v2_248c61064c73,100.0,34.762313914372044,-0.7462190321933271,1719
v2_3aef84639f3f,100.0,28.347838290156915,-0.7464520663091543,1720
v2_f230214056cc,100.0,28.013533734692054,-0.7488926894388923,1721
v2_d6e4943640c9,100.0,26.96626327961936,-0.7499696903938418,1722
v2_ab482a66f77b,100.0,31.143475203789365,-0.751275764936703,1723
v2_e95c30566e33,100.0,27.463554229344172,-0.7514205431981784,1724
v2_2ce4c835deb2,100.0,31.409296668862208,-0.7516635405285728,1725
v2_d280cd445d64,100.0,29.88905381124094,-0.7540955213826317,1726
v2_1ec443a67da1,100.0,27.58219043481055,-0.7570673629552322,1727
v2_41f5fb753ba8,100.0,29.813959244865117,-0.7570934036934434,1728
v2_0c95d002d5b8,100.0,28.21011674570098,-0.7597847394170918,1729
v2_7600f0d76e3c,100.0,30.784356504203647,-0.7616066916513917,1730
v2_82e397eaa7a4,100.0,28.058430482355536,-0.7617388797172779,1731
v2_9fb9b076749d,100.0,44.40940901839474,-0.7642104572162198,1732
v2_50ebc88f32c6,100.0,29.82887084286011,-0.7659119581561962,1733
v2_e5ebf0da9e3f,100.0,31.84857283318756,-0.7672442818074776,1734
v2_5184aeb73e5c,100.0,32.24781511894315,-0.7673410257750488,1735
v2_08fc82df7b73,100.0,29.285381036263882,-0.7680250738585901,1736
v2_a2ccda22789c,100.0,28.0225487751446,-0.768994888795806,1737
v2_8cdcde7b5ddb,100.0,26.8017431251045,-0.7699320806231027,1738
v2_5e422757557b,100.0,32.505339574250904,-0.7700481869795617,1739
v2_134641efa9c8,100.0,26.2781073333391,-0.7701688765421038,1740
v2_b8d832211ce4,100.0,28.07903530946397,-0.7724111915706411,1741
v2_2d18dfc0b884,100.0,28.76350807466644,-0.776646270996336,1742
v2_226aa0058755,100.0,37.201012955827586,-0.7769883538718938,1743
v2_d2dfb35783f8,100.0,26.05287183408163,-0.7781419719725493,1744
v2_ad881531094c,100.0,27.89755021467235,-0.7784598862374947,1745
v2_c5760f48a71c,100.0,34.66541868969137,-0.7791868304948357,1746
v2_a3a894917e9b,100.0,32.54797724855668,-0.7844928009200443,1747
v2_2c63ab26af9b,100.0,27.71425166581684,-0.7851998085295273,1748
v2_db3d32164668,100.0,32.24781512599293,-0.7852501986932001,1749
v2_a62e1678b8a3,100.0,27.957848590229858,-0.7862547464978382,1750
v2_f40bd9669a4e,100.0,26.9316479543914,-0.7884586256334485,1751
v2_84ec423d8a5b,100.0,25.890257223340072,-0.7936323500534019,1752
v2_5986c62df464,100.0,29.643985058119355,-0.7957407807851444,1753
v2_825322dad1fd,100.0,27.3598300536381,-0.7982984780028826,1754
v2_53504171b1a9,100.0,26.93066749743488,-0.7987165961804417,1755
v2_f2e6e0cfaba7,100.0,26.96224505867279,-0.8018362688378655,1756
v2_4fdab283944a,100.0,27.185196688718435,-0.8056544978600497,1757
v2_597111bab4fd,100.0,49.32019520049445,-0.8066197729072577,1758
v2_7e326a9102e3,100.0,27.850797990218727,-0.8101692520817316,1759
v2_e433cb1f8f9c,100.0,26.815364991505692,-0.8123923369339634,1760
v2_bb28b1416efc,100.0,27.80403827385483,-0.8124400581279021,1761
v2_e26429dd33e3,100.0,31.296841867786927,-0.8132725957658753,1762
v2_b5b22a9a11be,100.0,27.49678256659592,-0.8147982505000329,1763
v2_2bed02a7de3d,100.0,26.8272068474383,-0.8155579466860603,1764
v2_1b9cc90bace5,100.0,26.93140156576296,-0.8161072641510385,1765
v2_03645f0d4c9a,100.0,29.256345644983043,-0.8166273906332249,1766
v2_1f28b53049e5,100.0,29.620744919660254,-0.8183434561197895,1767
v2_5c67a5686ff8,100.0,27.093243060478404,-0.8206705736328228,1768
v2_3090608dba5e,100.0,28.46023659860022,-0.82349421026358,1769
v2_3c69e4293199,100.0,26.701353231136196,-0.8242735019018328,1770
v2_6111b2c43e61,100.0,33.44496639533526,-0.8244771647689486,1771
v2_dea3f1cb4f6b,100.0,27.49733238905912,-0.825448466496213,1772
v2_607b2b7e1e48,100.0,33.37823204318757,-0.8314855598906021,1773
v2_1285ff2be032,100.0,26.101979749302455,-0.8328564230832916,1774
v2_6caf7492b588,100.0,30.73505296703448,-0.834471849279729,1775
v2_5cadbc745753,100.0,25.878631405329998,-0.8403201099057815,1776
v2_fbaa124d6fe8,100.0,25.746879779917734,-0.8403515433385413,1777
v2_68e31e197289,100.0,33.232362901393074,-0.8412826063465486,1778
v2_71ca04e26c1c,100.0,32.24781493591132,-0.8414465668453053,1779
v2_a680ce10e15a,100.0,34.23592417567865,-0.8434557473283846,1780
v2_629be6180c7c,100.0,32.543132006670604,-0.8437727757302209,1781
v2_20484c0dcf53,100.0,27.03208019920923,-0.8442823332209457,1782
v2_8f273183d477,100.0,27.183031469233654,-0.8444955061671875,1783
v2_71677f99d286,100.0,26.897511451385995,-0.8451949038690314,1784
v2_328052effdf1,100.0,30.023104954927064,-0.8485611416042795,1785
v2_cc3d655a13d1,100.0,26.65881374488029,-0.8510318655891504,1786
v2_ff426f334c7a,100.0,34.23511738253423,-0.8533038439173573,1787
v2_d10e0f781d3b,100.0,26.86221362954543,-0.8555892463614896,1788
v2_aa726951e21b,100.0,28.33792321178879,-0.856635074869275,1789
v2_d5fe84bafd4e,100.0,31.326644468258973,-0.8576463820938471,1790
v2_188423efa06d,100.0,53.97392229516976,-0.858096097322429,1791
v2_f0427fb6ef34,100.0,28.531228722864185,-0.858628053186548,1792
v2_dced4bfaf949,100.0,26.809119723436382,-0.8596251101637478,1793
v2_1a530d7a4d7f,100.0,26.924782195211776,-0.8598400297353832,1794
v2_58df575c0e29,100.0,25.112231290403457,-0.8607907276659272,1795
v2_5bb1b6b67e78,100.0,32.05972807909988,-0.8625966338450977,1796
v2_f0d75eda005f,100.0,26.927932491506304,-0.8635848642912087,1797
v2_aab76c48569b,100.0,31.174236366860878,-0.8639928707239202,1798
v2_a2f94f9bc2da,100.0,26.510588993794666,-0.8697879708436842,1799
v2_da07522f4c6d,100.0,32.771886851247174,-0.870014386855928,1800
v2_13ce4e1531da,100.0,46.7045174724133,-0.87031404165772,1801
v2_3fc056c4ee7c,100.0,30.91279889396125,-0.8715485515349277,1802
v2_cfd339979b97,100.0,26.843212339050968,-0.8719636259606922,1803
v2_6cb7794efe4d,100.0,27.899124028623724,-0.880396276111457,1804
v2_afaf3c693b20,100.0,32.24781487760993,-0.8825158055035471,1805
v2_813820149306,100.0,26.62050551817905,-0.882725148924095,1806
v2_524cf4032415,100.0,24.486677785322623,-0.8860771694567573,1807
v2_2112f2919866,100.0,24.273407072194217,-0.8863809490210164,1808
v2_58173d5e3622,100.0,28.26389759005891,-0.8875300052234598,1809
v2_5b3fa1b1c54f,100.0,26.33607994118691,-0.8884450790777914,1810
v2_513cf69c13c7,100.0,26.44010869830191,-0.8902951420400917,1811
v2_253bd1dadbe4,100.0,28.129406873005603,-0.8919149757654563,1812
v2_6919401ef41d,100.0,25.780886024275667,-0.8934908732014768,1813
v2_e2626e4936c5,100.0,53.86606779573791,-0.8949897729692551,1814
v2_b33344bc324c,100.0,27.50255771913772,-0.8958690785271499,1815
v2_6b40f11c14d0,100.0,48.52234834228495,-0.9003319594914281,1816
v2_75636434dbb0,100.0,32.24781464248212,-0.9009482733569341,1817
v2_6a7eadd17c8f,100.0,27.897125455161465,-0.9021924777918375,1818
v2_4eb2cbc635fa,100.0,28.741715339151277,-0.9041481592600071,1819
v2_267d0bd63562,100.0,26.84433156770724,-0.904281450877932,1820
v2_ede3468d0897,100.0,25.698146829440837,-0.9058404363962413,1821
v2_abd96e3efd15,100.0,26.26465786365313,-0.9068891949497395,1822
v2_376e71827f51,100.0,26.141480978099906,-0.9110883003450114,1823
v2_faee76115454,100.0,26.1415362672423,-0.9129783364921891,1824
v2_8c6690b222c9,100.0,26.535174745753828,-0.9130747553926901,1825
v2_852fadead4a6,100.0,23.873595061554973,-0.9162922840760084,1826
v2_18efa2b25749,100.0,26.642723391261164,-0.9165630971922285,1827
v2_65f30c6962aa,100.0,53.67532429640545,-0.9187608830627649,1828
v2_64dc37e402d8,100.0,29.007892349300153,-0.9193283399471825,1829
v2_06804ef76003,100.0,23.903995756189623,-0.9193896934256909,1830
v2_5d5772cf95ae,100.0,26.372671433258105,-0.9196066641175853,1831
v2_6cc94dea919a,100.0,25.34931373114761,-0.9203209678160476,1832
v2_f8c4155a7467,100.0,26.003582248237368,-0.925427672765494,1833
v2_aee6c8d71084,100.0,46.41708227685897,-0.9316423517861221,1834
v2_0310fab872d6,100.0,25.16269557898383,-0.9330251272493122,1835
v2_5fef9c81a429,100.0,26.491909863847194,-0.9343826971724347,1836
v2_5ef5111d1d23,100.0,25.920041638444445,-0.9358211875193545,1837
v2_5b8d971d1297,100.0,24.530694900315922,-0.9367922848634906,1838
v2_17f928ece089,100.0,27.720171870264593,-0.9383182110200599,1839
v2_648613ecdb2e,100.0,32.2478131026742,-0.9387377417790912,1840
v2_4dbe275c7774,100.0,25.427185989858035,-0.9439549912500356,1841
v2_68707fa2b1e6,100.0,53.12426461701743,-0.9442559909325658,1842
v2_7b1df41bba89,100.0,24.64034755158755,-0.9460035391853037,1843
v2_0fee841faab6,100.0,24.413121135260052,-0.9475293489907619,1844
v2_92a90322dc64,100.0,23.60762851251839,-0.9478840469048002,1845
v2_f4d499ee4a46,100.0,27.486429924971475,-0.9503735115047318,1846
v2_45f9477747c5,100.0,52.70831209253814,-0.955485144549062,1847
v2_e50370c293a6,100.0,25.830824934919615,-0.9556892127455079,1848
v2_950de32600ff,100.0,25.034216118744823,-0.9562890895841734,1849
v2_523818006a1e,100.0,26.70228686387635,-0.9578849614440736,1850
v2_3bd06a1e5244,100.0,24.561580285717554,-0.9582853245702925,1851
v2_9fd591a31959,100.0,33.2209254370454,-0.9600686384686754,1852
v2_f68874b18aa3,100.0,32.24776688916934,-0.9605680856829517,1853
v2_dc04ca3bdaf9,100.0,34.407074523597096,-0.9659917235225626,1854
v2_6cecaa80a565,100.0,51.528927325299705,-0.9676244551290214,1855
v2_906e42bf941b,100.0,25.637396328867204,-0.9708714686388724,1856
v2_4941e567d9e1,100.0,24.750587974914364,-0.9725518676594924,1857
v2_b777adf868e2,100.0,25.330906983277096,-0.9726502699610062,1858
v2_5ce2f4c8324c,100.0,27.775714895341117,-0.9741312461901366,1859
v2_d48f76e7f555,100.0,32.24778346344089,-0.9741315047529833,1860
v2_fc5fd541ef46,100.0,25.20693211526472,-0.9769569289000182,1861
v2_0fe0d9ed75fa,100.0,34.16315176079381,-0.9838025406407529,1862
v2_45a12225cb6e,100.0,24.90429562130161,-0.9877893152932504,1863
v2_782d99d9777c,100.0,25.005899964170652,-0.9882993345816415,1864
v2_6c22274b4f27,100.0,28.925708304516533,-0.9912449514931909,1865
v2_26305a18e930,100.0,30.0063521491452,-0.9994829588137444,1866
v2_1f3546873e9b,100.0,54.15310961049922,-1.0025538670686824,1867
v2_3b6d93c8d7ea,100.0,26.24264329758061,-1.007516338986059,1868
v2_265c656e4845,100.0,25.271700162835337,-1.0085056774001782,1869
v2_a792ba78790f,100.0,22.628459477233548,-1.0097096026828818,1870
v2_77733d8173a6,100.0,44.86028117401415,-1.0105978736392833,1871
v2_2cf613959236,100.0,26.57453985514784,-1.0114825326379622,1872
v2_f8dbbb9f2ae8,100.0,46.63301866086229,-1.0139707935545959,1873
v2_bb8ea1a3daac,100.0,47.610349166514794,-1.0151510073298287,1874
v2_e10b15fa1bb8,100.0,24.284634936437293,-1.0200345518351233,1875
v2_d65ee39b3ad3,100.0,48.89084474801066,-1.0220160223251757,1876
v2_d9cd87fe8bcd,100.0,24.643274707528683,-1.0293743950532255,1877
v2_049b49e246da,100.0,24.894401452491742,-1.0322296976433547,1878
v2_da077beb8bf4,100.0,25.06117559492091,-1.0337264609880128,1879
v2_7b3b388a832b,100.0,24.676060203784818,-1.0355832740238262,1880
v2_448f251015ee,100.0,24.075747527708884,-1.039895676985131,1881
v2_734c9186a427,100.0,25.28954346171674,-1.0403124899562175,1882
v2_db65e87eefa1,100.0,25.472369910531057,-1.048941444619067,1883
v2_a1172ca9a277,100.0,23.54383919067696,-1.049544232093035,1884
v2_df56fb1525d8,100.0,28.859086594390668,-1.0516421930279165,1885
v2_ceaea22568cd,100.0,24.378707666375664,-1.0549977494004463,1886
v2_abf250943583,100.0,25.367587299163766,-1.0568988825974355,1887
v2_4f6fc7d807d9,100.0,24.791160905309123,-1.0575745582523925,1888
v2_984f934de71a,100.0,23.69912308290038,-1.058602900686604,1889
v2_f577dc347a22,100.0,25.002788008910002,-1.0613507581320878,1890
v2_e09be060b7b9,100.0,25.319540126126462,-1.0649760951386513,1891
v2_c434dbaaba4e,100.0,23.712922324876033,-1.0712210250219387,1892
v2_f86af5218a68,100.0,24.058162900512194,-1.072219094099224,1893
v2_d478569a52b3,100.0,21.839319578043412,-1.073263097486512,1894
v2_943855b238a6,100.0,25.26052643585291,-1.073735009597581,1895
v2_137e3c1ec723,100.0,24.806942875885735,-1.0803750873844544,1896
v2_affd1f1bcf77,100.0,24.142706614473372,-1.0808609642084974,1897
v2_ea9c109402df,100.0,27.67276835581698,-1.081372972864382,1898
v2_9f93aa79f655,100.0,24.71949146526959,-1.0828193755519417,1899
v2_317364d538da,100.0,23.720625916530317,-1.087603394769899,1900
v2_1dfdbf776e44,100.0,24.964255730123654,-1.095774911125723,1901
v2_4229c2b53702,100.0,22.993178991927433,-1.0978231585311953,1902
v2_95321418d94c,100.0,23.425765730982473,-1.1047560986628975,1903
v2_64443401cb2e,100.0,23.26736903007425,-1.1143918041661673,1904
v2_0198b57f986f,100.0,47.465144263739376,-1.118706503025832,1905
v2_0b6a8b1353ec,100.0,24.158336801607486,-1.1247626601760725,1906
v2_fa090a8b1a15,100.0,23.00901689467084,-1.1285845628150701,1907
v2_4bc59d45ffdb,100.0,23.113247045697925,-1.135074373347556,1908
v2_5a44c2e7a906,100.0,45.44269227727165,-1.1355620061811988,1909
v2_4e520bf72eba,100.0,24.602377044801052,-1.140666370819667,1910
v2_cc3bae50d83a,100.0,26.382188141378233,-1.155154266976333,1911
v2_c79e0869175d,100.0,22.238407656350876,-1.165677403845626,1912
v2_77a008243c65,100.0,21.74746136418134,-1.165771554902011,1913
v2_a97a81fe6946,100.0,23.313703879969264,-1.1800394410407726,1914
v2_235a158692c4,100.0,23.70541627186913,-1.1806958379462595,1915
v2_6f5aa8a84381,100.0,23.459398300309378,-1.183109927709987,1916
v2_fc76bdf00421,100.0,24.63021473866901,-1.183555763630436,1917
v2_e06cb2d776be,100.0,24.101307386051737,-1.1901028594144778,1918
v2_8f103acffa04,100.0,48.68430779294612,-1.1915661773584985,1919
v2_341ea2908494,100.0,23.093456650444153,-1.1958628156022177,1920
v2_4ca9186cc806,100.0,23.37742690544136,-1.1967061078621626,1921
v2_b4e4a5c0aae2,100.0,22.77503182085763,-1.1972867886375536,1922
v2_10a18989c90c,100.0,22.059523974959983,-1.1995650811383989,1923
v2_fd6ff08877fa,100.0,22.407706197111274,-1.2042965335787637,1924
v2_9c2f33dbfbc8,100.0,23.02437674659004,-1.2047434952687297,1925
v2_ddd7d0770bed,100.0,22.303259223913685,-1.206367542678242,1926
v2_ff805a665e6f,100.0,37.21649851812515,-1.210771674968993,1927
v2_d1501ac6ff3d,100.0,23.180194382908287,-1.220339200601483,1928
v2_4cdd537fc78f,100.0,23.110919444844033,-1.2222282063736598,1929
v2_d967e5a258d6,100.0,21.553341384343078,-1.2262037698924972,1930
v2_4d442cdf4538,100.0,22.588249921084298,-1.2312938010140586,1931
v2_bd86805346ef,100.0,21.656660679692703,-1.2417508786788751,1932
v2_abd6b56c494d,100.0,22.80155800048443,-1.250451658611433,1933
v2_a7f3ee2dd4d6,100.0,33.58431268352762,-1.252871431778812,1934
v2_a0399aab5c39,100.0,21.923427592128814,-1.2580894052594025,1935
v2_487d19746305,100.0,21.806281144958074,-1.260240571382372,1936
v2_480a0951bd58,100.0,24.774958928395527,-1.2608370839587195,1937
v2_3fcf56669bc8,100.0,21.344812786290692,-1.262329052215815,1938
v2_cec9e0b5ae38,100.0,22.616960913562174,-1.2636017354284426,1939
v2_8b6966ea5951,100.0,20.99370551698745,-1.268293074449764,1940
v2_405dcb36977e,100.0,22.284372565822572,-1.2696055661718324,1941
v2_258676ce3c97,100.0,22.869394503674908,-1.2712538300854455,1942
v2_df6b492be340,100.0,22.559001596617083,-1.2727065564240059,1943
v2_2c3746e53a13,100.0,22.90783319276596,-1.275275657599245,1944
v2_d4f667972755,100.0,22.88385105462401,-1.276928331088504,1945
v2_dcd49a4aeef2,100.0,21.25604010112131,-1.2880377356760522,1946
v2_4a3fe938b0f5,100.0,21.64518007966198,-1.2881507184480796,1947
v2_525255669da7,100.0,22.412593551353634,-1.301309886911865,1948
v2_d30b23ce0651,100.0,21.24340503647372,-1.3013325428570175,1949
v2_11127c79fba3,100.0,21.95765165962998,-1.30193140750153,1950
v2_5596bbe52f00,100.0,22.437197971032113,-1.3085930726592778,1951
v2_b6444e72ad74,100.0,24.322764016281035,-1.3108142771851234,1952
v2_d725723c7867,100.0,20.80133305397289,-1.3123124183055754,1953
v2_332d74dce0b0,100.0,47.22780258505503,-1.3171402615827343,1954
v2_97530ddc425c,100.0,22.106307666065305,-1.324377173557958,1955
v2_b09fcdac9ec7,100.0,53.76174900534119,-1.3243796461735244,1956
v2_65670cb344c8,100.0,22.68514568088303,-1.3383843695391264,1957
v2_5fbd6113bfa5,100.0,19.769592567560597,-1.3452079738012412,1958
v2_63aad4917f80,100.0,19.36995619742885,-1.3465688630227826,1959
v2_3b2ab3cf7208,100.0,37.739110677711444,-1.3531163855528492,1960
v2_2ae9224d02d8,100.0,18.917056285908373,-1.3559230083570233,1961
v2_75d76ec57210,100.0,22.00407505953589,-1.3572255355978973,1962
v2_a58aab0c0c33,100.0,19.734546423908995,-1.3614793284305104,1963
v2_dac8819bd8d0,100.0,21.70346087561026,-1.3647170709710092,1964
v2_e3903b85f420,100.0,21.778533916975263,-1.3707337224428455,1965
v2_2a930b349eb4,100.0,22.16390270666323,-1.3732244891865344,1966
v2_777b061d2838,100.0,19.97031368119326,-1.3737048329635728,1967
v2_b75383a46e98,100.0,21.509873068358182,-1.3757332280408328,1968
v2_ba3df6715459,100.0,21.77894488546425,-1.377876738117504,1969
v2_4d31b290d55c,100.0,21.706767828252254,-1.3802097395318853,1970
v2_c6847b3422ec,100.0,20.833045957459206,-1.3804066239214068,1971
v2_371e3330ab7e,100.0,21.16590040937951,-1.3946232830010312,1972
v2_417e686e8e64,100.0,20.43084971806961,-1.3950430235743703,1973
v2_1685a6d9f6f1,100.0,21.273085514375516,-1.4035588727579018,1974
v2_5d3fcf1e1e7e,100.0,19.16952657043877,-1.4328431247188904,1975
v2_34c7563e3fa0,100.0,20.48182058898467,-1.4531205101393754,1976
v2_91305f8ff7e9,100.0,37.3940184726246,-1.4567472447876897,1977
v2_70ef3fe186c7,100.0,19.061072689822687,-1.4603649224217046,1978
v2_a5ffed6ac0f5,100.0,18.8537711936483,-1.4812447821790755,1979
v2_e06540dbc18b,100.0,19.380678231704337,-1.535395339587696,1980
v2_3820fc14e168,100.0,19.34307638118346,-1.5365170780728157,1981
v2_3022417fdc0e,100.0,19.206419710138437,-1.5540189644749742,1982
v2_8be7ac8dc0af,100.0,47.981704124382105,-1.5670333774192438,1983
v2_81bc5a6de114,100.0,17.72130462408864,-1.5902015610408142,1984
v2_ee7ca325e713,100.0,44.865634950022944,-1.6324366581236274,1985
v2_12774038a821,100.0,17.482702078352,-1.6344333745282755,1986
v2_9c28b8da84c4,100.0,47.3262149104795,-1.6484906692619123,1987
v2_2ec2d0e0c6a4,100.0,33.852281004007324,-1.6548614907086172,1988
v2_81fcec51afa4,100.0,17.56522084609606,-1.7074505779671698,1989
v2_413409a92977,100.0,50.345047216981285,-1.7127327301591677,1990
v2_1981fcc61111,100.0,16.748424241198926,-1.714822867887115,1991
v2_3502001d5c93,100.0,23.63534894033284,-1.742433198948028,1992
v2_f43721da9849,100.0,16.342259311497145,-1.7553372528243183,1993
v2_5e7eda2a4de4,100.0,15.77369234229521,-1.7590740024996814,1994
v2_c7d461031f2f,100.0,15.849711038427323,-1.7696154454241007,1995
v2_9e108d801cb2,100.0,49.498724002752866,-1.8026111683442854,1996
v2_15da1a9e4e69,100.0,16.71858498105282,-1.819603783394355,1997
v2_8d49b4ad8816,100.0,23.00704882384695,-1.9157615562888202,1998
v2_0bc792be5a34,100.0,16.487670296881536,-1.940253356836613,1999
v2_6159d8a2e06d,100.0,23.349996136639177,-1.965558537440029,2000
v2_d4617a96face,100.0,34.27868477739963,-2.1592821797463335,2001
v2_b3d7be6552e4,100.0,34.38986380144093,-2.4942646920528686,2002
v2_533d727fbbe2,100.0,22.16814431629788,-2.5604850789169946,2003
v2_8644505beb82,100.0,21.185596013688148,-2.661313290226743,2004
