Time,Displacement,Force,Compressive strain (Displacement)
(s),(mm),(N),(%)
"0.0000","0.0000","0.0025","0.0000"
"0.0250","0.0000","0.0012","0.0000"
"0.0500","0.0000","-0.0003","0.0000"
"0.0750","0.0000","-0.0005","0.0000"
"0.1000","0.0001","0.0022","0.0001"
"0.1250","0.0002","0.0022","0.0002"
"0.1500","0.0002","0.0009","0.0002"
"0.1750","0.0003","0.0006","0.0003"
"0.2000","0.0004","-0.0001","0.0004"
"0.2250","0.0005","0.0003","0.0005"
"0.2500","0.0007","-0.0011","0.0007"
"0.2750","0.0009","-0.0023","0.0009"
"0.3000","0.0011","-0.0008","0.0011"
"0.3250","0.0013","0.0004","0.0013"
"0.3500","0.0017","0.0011","0.0017"
"0.3750","0.0021","0.0002","0.0021"
"0.4000","0.0025","-0.0007","0.0025"
"0.4250","0.0030","-0.0015","0.0030"
"0.4500","0.0035","-0.0002","0.0035"
"0.4750","0.0041","0.0002","0.0041"
"0.5000","0.0046","0.0003","0.0046"
"0.5250","0.0052","0.0001","0.0052"
"0.5500","0.0056","-0.0006","0.0056"
"0.5750","0.0061","-0.0002","0.0061"
"0.6000","0.0064","-0.0013","0.0064"
"0.6250","0.0068","0.0005","0.0068"
"0.6500","0.0071","-0.0002","0.0071"
"0.6750","0.0074","-0.0009","0.0074"
"0.7000","0.0077","0.0000","0.0077"
"0.7250","0.0080","-0.0008","0.0080"
"0.7500","0.0083","0.0005","0.0083"
"0.7750","0.0086","0.0023","0.0086"
"0.8000","0.0090","0.0001","0.0090"
"0.8250","0.0093","-0.0004","0.0093"
"0.8500","0.0096","-0.0004","0.0096"
"0.8750","0.0099","-0.0003","0.0099"
"0.9000","0.0102","0.0017","0.0102"
"0.9250","0.0105","0.0007","0.0105"
"0.9500","0.0108","-0.0012","0.0108"
"0.9750","0.0111","-0.0004","0.0111"
"1.0000","0.0114","0.0003","0.0114"
"1.0250","0.0118","0.0013","0.0118"
"1.0500","0.0121","-0.0001","0.0121"
"1.0750","0.0124","-0.0015","0.0124"
"1.1000","0.0127","-0.0015","0.0127"
"1.1250","0.0129","0.0005","0.0129"
"1.1500","0.0132","-0.0001","0.0132"
"1.1750","0.0135","-0.0015","0.0135"
"1.2000","0.0138","-0.0008","0.0138"
"1.2250","0.0141","0.0010","0.0141"
"1.2500","0.0144","0.0019","0.0144"
"1.2750","0.0147","0.0014","0.0147"
"1.3000","0.0150","0.0015","0.0150"
"1.3250","0.0153","0.0010","0.0153"
"1.3500","0.0157","0.0004","0.0157"
"1.3750","0.0160","0.0013","0.0160"
"1.4000","0.0163","0.0013","0.0163"
"1.4250","0.0166","0.0015","0.0166"
"1.4500","0.0169","0.0009","0.0169"
"1.4750","0.0172","0.0011","0.0172"
"1.5000","0.0175","-0.0007","0.0175"
"1.5250","0.0178","-0.0021","0.0178"
"1.5500","0.0181","0.0006","0.0181"
"1.5750","0.0185","-0.0002","0.0185"
"1.6000","0.0188","-0.0002","0.0188"
"1.6250","0.0191","0.0012","0.0191"
"1.6500","0.0194","-0.0001","0.0194"
"1.6750","0.0197","-0.0016","0.0197"
"1.7000","0.0200","-0.0001","0.0200"
"1.7250","0.0203","0.0002","0.0203"
"1.7500","0.0206","-0.0010","0.0206"
"1.7750","0.0209","0.0001","0.0209"
"1.8000","0.0212","-0.0006","0.0212"
"1.8250","0.0215","-0.0008","0.0215"
"1.8500","0.0218","-0.0001","0.0218"
"1.8750","0.0221","-0.0008","0.0221"
"1.9000","0.0224","-0.0002","0.0224"
"1.9250","0.0227","0.0004","0.0227"
"1.9500","0.0230","0.0011","0.0230"
"1.9750","0.0233","-0.0004","0.0233"
"2.0000","0.0236","0.0009","0.0236"
"2.0250","0.0240","-0.0001","0.0240"
"2.0500","0.0243","0.0008","0.0243"
"2.0750","0.0246","0.0012","0.0246"
"2.1000","0.0249","-0.0003","0.0249"
"2.1250","0.0253","0.0004","0.0253"
"2.1500","0.0256","0.0007","0.0256"
"2.1750","0.0259","0.0008","0.0259"
"2.2000","0.0262","-0.0003","0.0262"
"2.2250","0.0265","-0.0003","0.0265"
"2.2500","0.0268","0.0011","0.0268"
"2.2750","0.0272","0.0002","0.0272"
"2.3000","0.0275","-0.0014","0.0275"
"2.3250","0.0278","-0.0016","0.0278"
"2.3500","0.0281","-0.0005","0.0281"
"2.3750","0.0284","0.0007","0.0284"
"2.4000","0.0288","-0.0002","0.0288"
"2.4250","0.0291","-0.0002","0.0291"
"2.4500","0.0294","-0.0011","0.0294"
"2.4750","0.0297","0.0008","0.0297"
"2.5000","0.0300","0.0015","0.0300"
"2.5250","0.0303","0.0009","0.0303"
"2.5500","0.0306","0.0013","0.0306"
"2.5750","0.0310","0.0011","0.0310"
"2.6000","0.0313","0.0020","0.0313"
"2.6250","0.0316","-0.0001","0.0316"
"2.6500","0.0319","-0.0003","0.0319"
"2.6750","0.0322","-0.0007","0.0322"
"2.7000","0.0325","-0.0001","0.0325"
"2.7250","0.0328","0.0007","0.0328"
"2.7500","0.0331","0.0007","0.0331"
"2.7750","0.0334","0.0004","0.0334"
"2.8000","0.0337","0.0010","0.0337"
"2.8250","0.0340","-0.0016","0.0340"
"2.8500","0.0343","-0.0013","0.0343"
"2.8750","0.0346","-0.0005","0.0346"
"2.9000","0.0349","0.0001","0.0349"
"2.9250","0.0353","0.0015","0.0353"
"2.9500","0.0356","0.0017","0.0356"
"2.9750","0.0359","0.0007","0.0359"
"3.0000","0.0362","0.0005","0.0362"
"3.0250","0.0365","-0.0012","0.0365"
"3.0500","0.0369","-0.0017","0.0369"
"3.0750","0.0372","-0.0008","0.0372"
"3.1000","0.0375","-0.0002","0.0375"
"3.1250","0.0378","0.0010","0.0378"
"3.1500","0.0381","-0.0001","0.0381"
"3.1750","0.0384","0.0001","0.0384"
"3.2000","0.0388","-0.0006","0.0388"
"3.2250","0.0391","0.0001","0.0391"
"3.2500","0.0394","0.0008","0.0394"
"3.2750","0.0397","0.0005","0.0397"
"3.3000","0.0400","0.0007","0.0400"
"3.3250","0.0404","0.0012","0.0404"
"3.3500","0.0407","-0.0001","0.0407"
"3.3750","0.0410","0.0003","0.0410"
"3.4000","0.0413","-0.0002","0.0413"
"3.4250","0.0416","0.0017","0.0416"
"3.4500","0.0419","0.0022","0.0419"
"3.4750","0.0422","0.0022","0.0422"
"3.5000","0.0425","0.0003","0.0425"
"3.5250","0.0429","0.0014","0.0429"
"3.5500","0.0432","0.0020","0.0432"
"3.5750","0.0435","0.0014","0.0435"
"3.6000","0.0438","0.0016","0.0438"
"3.6250","0.0441","0.0019","0.0441"
"3.6500","0.0444","0.0014","0.0444"
"3.6750","0.0447","0.0022","0.0447"
"3.7000","0.0450","0.0027","0.0450"
"3.7250","0.0454","0.0034","0.0454"
"3.7500","0.0457","0.0034","0.0457"
"3.7750","0.0460","0.0027","0.0460"
"3.8000","0.0463","0.0032","0.0463"
"3.8250","0.0466","0.0042","0.0466"
"3.8500","0.0469","0.0058","0.0469"
"3.8750","0.0472","0.0065","0.0472"
"3.9000","0.0475","0.0077","0.0475"
"3.9250","0.0478","0.0093","0.0478"
"3.9500","0.0482","0.0103","0.0482"
"3.9750","0.0485","0.0134","0.0485"
"4.0000","0.0488","0.0168","0.0488"
"4.0250","0.0491","0.0181","0.0491"
"4.0500","0.0494","0.0205","0.0494"
"4.0750","0.0497","0.0227","0.0497"
"4.1000","0.0501","0.0247","0.0501"
"4.1250","0.0504","0.0265","0.0504"
"4.1500","0.0507","0.0290","0.0507"
"4.1750","0.0510","0.0311","0.0510"
"4.2000","0.0513","0.0329","0.0513"
"4.2250","0.0516","0.0351","0.0516"
"4.2500","0.0519","0.0373","0.0519"
"4.2750","0.0523","0.0407","0.0523"
"4.3000","0.0526","0.0419","0.0526"
"4.3250","0.0529","0.0428","0.0529"
"4.3500","0.0532","0.0428","0.0532"
"4.3750","0.0536","0.0422","0.0536"
"4.4000","0.0539","0.0441","0.0539"
"4.4250","0.0542","0.0451","0.0542"
"4.4500","0.0545","0.0459","0.0545"
"4.4750","0.0548","0.0475","0.0548"
"4.5000","0.0551","0.0484","0.0551"
"4.5250","0.0554","0.0520","0.0554"
"4.5500","0.0557","0.0514","0.0557"
"4.5750","0.0560","0.0519","0.0560"
"4.6000","0.0563","0.0521","0.0563"
"4.6250","0.0567","0.0525","0.0567"
"4.6500","0.0570","0.0538","0.0570"
"4.6750","0.0573","0.0541","0.0573"
"4.7000","0.0576","0.0551","0.0576"
"4.7250","0.0579","0.0552","0.0579"
"4.7500","0.0582","0.0536","0.0582"
"4.7750","0.0585","0.0552","0.0585"
"4.8000","0.0588","0.0543","0.0588"
"4.8250","0.0591","0.0550","0.0591"
"4.8500","0.0594","0.0557","0.0594"
"4.8750","0.0597","0.0559","0.0597"
"4.9000","0.0600","0.0558","0.0600"
"4.9250","0.0603","0.0559","0.0603"
"4.9500","0.0607","0.0563","0.0607"
"4.9750","0.0610","0.0564","0.0610"
"5.0000","0.0613","0.0554","0.0613"
"5.0250","0.0616","0.0577","0.0616"
"5.0500","0.0619","0.0569","0.0619"
"5.0750","0.0622","0.0571","0.0622"
"5.1000","0.0625","0.0573","0.0625"
"5.1250","0.0628","0.0564","0.0628"
"5.1500","0.0632","0.0548","0.0632"
"5.1750","0.0635","0.0546","0.0635"
"5.2000","0.0638","0.0534","0.0638"
"5.2250","0.0641","0.0525","0.0641"
"5.2500","0.0644","0.0521","0.0644"
"5.2750","0.0647","0.0367","0.0647"
"5.3000","0.0650","0.0274","0.0650"
"5.3250","0.0653","0.0237","0.0653"
"5.3500","0.0657","0.0236","0.0657"
"5.3750","0.0660","0.0254","0.0660"
"5.4000","0.0663","0.0246","0.0663"
"5.4250","0.0666","0.0230","0.0666"
"5.4500","0.0670","0.0217","0.0670"
"5.4750","0.0673","0.0225","0.0673"
"5.5000","0.0676","0.0224","0.0676"
"5.5250","0.0680","0.0221","0.0680"
"5.5500","0.0683","0.0208","0.0683"
"5.5750","0.0686","0.0193","0.0686"
"5.6000","0.0690","0.0205","0.0690"
"5.6250","0.0693","0.0203","0.0693"
"5.6500","0.0696","0.0194","0.0696"
"5.6750","0.0699","0.0206","0.0699"
"5.7000","0.0702","0.0204","0.0702"
"5.7250","0.0705","0.0198","0.0705"
"5.7500","0.0708","0.0196","0.0708"
"5.7750","0.0711","0.0182","0.0711"
"5.8000","0.0714","0.0185","0.0714"
"5.8250","0.0717","0.0189","0.0717"
"5.8500","0.0720","0.0180","0.0720"
"5.8750","0.0723","0.0195","0.0723"
"5.9000","0.0726","0.0207","0.0726"
"5.9250","0.0729","0.0202","0.0729"
"5.9500","0.0732","0.0198","0.0732"
"5.9750","0.0735","0.0212","0.0735"
"6.0000","0.0738","0.0213","0.0738"
"6.0250","0.0741","0.0212","0.0741"
"6.0500","0.0744","0.0197","0.0744"
"6.0750","0.0747","0.0211","0.0747"
"6.1000","0.0750","0.0216","0.0750"
"6.1250","0.0754","0.0218","0.0754"
"6.1500","0.0757","0.0233","0.0757"
"6.1750","0.0760","0.0215","0.0760"
"6.2000","0.0763","0.0213","0.0763"
"6.2250","0.0766","0.0195","0.0766"
"6.2500","0.0769","0.0206","0.0769"
"6.2750","0.0773","0.0211","0.0773"
"6.3000","0.0776","0.0218","0.0776"
"6.3250","0.0779","0.0199","0.0779"
"6.3500","0.0782","0.0184","0.0782"
"6.3750","0.0785","0.0199","0.0785"
"6.4000","0.0788","0.0214","0.0788"
"6.4250","0.0791","0.0196","0.0791"
"6.4500","0.0794","0.0202","0.0794"
"6.4750","0.0797","0.0211","0.0797"
"6.5000","0.0800","0.0199","0.0800"
"6.5250","0.0803","0.0195","0.0803"
"6.5500","0.0807","0.0207","0.0807"
"6.5750","0.0810","0.0208","0.0810"
"6.6000","0.0813","0.0214","0.0813"
"6.6250","0.0816","0.0225","0.0816"
"6.6500","0.0819","0.0229","0.0819"
"6.6750","0.0822","0.0211","0.0822"
"6.7000","0.0825","0.0207","0.0825"
"6.7250","0.0828","0.0210","0.0828"
"6.7500","0.0831","0.0214","0.0831"
"6.7750","0.0834","0.0235","0.0834"
"6.8000","0.0837","0.0251","0.0837"
"6.8250","0.0841","0.0229","0.0841"
"6.8500","0.0844","0.0238","0.0844"
"6.8750","0.0847","0.0252","0.0847"
"6.9000","0.0850","0.0251","0.0850"
"6.9250","0.0853","0.0261","0.0853"
"6.9500","0.0856","0.0264","0.0856"
"6.9750","0.0859","0.0265","0.0859"
"7.0000","0.0862","0.0283","0.0862"
"7.0250","0.0865","0.0291","0.0865"
"7.0500","0.0869","0.0283","0.0869"
"7.0750","0.0872","0.0267","0.0872"
"7.1000","0.0875","0.0277","0.0875"
"7.1250","0.0878","0.0277","0.0878"
"7.1500","0.0881","0.0257","0.0881"
"7.1750","0.0884","0.0266","0.0884"
"7.2000","0.0887","0.0260","0.0887"
"7.2250","0.0890","0.0261","0.0890"
"7.2500","0.0893","0.0266","0.0893"
"7.2750","0.0896","0.0270","0.0896"
"7.3000","0.0899","0.0261","0.0899"
"7.3250","0.0902","0.0273","0.0902"
"7.3500","0.0905","0.0281","0.0905"
"7.3750","0.0909","0.0266","0.0909"
"7.4000","0.0912","0.0258","0.0912"
"7.4250","0.0915","0.0277","0.0915"
"7.4500","0.0918","0.0272","0.0918"
"7.4750","0.0921","0.0293","0.0921"
"7.5000","0.0924","0.0286","0.0924"
"7.5250","0.0927","0.0297","0.0927"
"7.5500","0.0930","0.0299","0.0930"
"7.5750","0.0934","0.0290","0.0934"
"7.6000","0.0937","0.0292","0.0937"
"7.6250","0.0940","0.0300","0.0940"
"7.6500","0.0944","0.0320","0.0944"
"7.6750","0.0947","0.0312","0.0947"
"7.7000","0.0950","0.0314","0.0950"
"7.7250","0.0953","0.0321","0.0953"
"7.7500","0.0957","0.0328","0.0957"
"7.7750","0.0960","0.0341","0.0960"
"7.8000","0.0963","0.0348","0.0963"
"7.8250","0.0966","0.0332","0.0966"
"7.8500","0.0969","0.0339","0.0969"
"7.8750","0.0972","0.0349","0.0972"
"7.9000","0.0976","0.0357","0.0976"
"7.9250","0.0979","0.0351","0.0979"
"7.9500","0.0982","0.0349","0.0982"
"7.9750","0.0985","0.0365","0.0985"
"8.0000","0.0989","0.0381","0.0989"
"8.0250","0.0992","0.0391","0.0992"
"8.0500","0.0995","0.0395","0.0995"
"8.0750","0.0999","0.0405","0.0999"
"8.1000","0.1003","0.0393","0.1003"
"8.1250","0.1006","0.0395","0.1006"
"8.1500","0.1010","0.0411","0.1010"
"8.1750","0.1013","0.0423","0.1013"
"8.2000","0.1016","0.0424","0.1016"
"8.2250","0.1020","0.0436","0.1020"
"8.2500","0.1023","0.0435","0.1023"
"8.2750","0.1026","0.0441","0.1026"
"8.3000","0.1029","0.0452","0.1029"
"8.3250","0.1032","0.0475","0.1032"
"8.3500","0.1035","0.0487","0.1035"
"8.3750","0.1038","0.0483","0.1038"
"8.4000","0.1042","0.0480","0.1042"
"8.4250","0.1045","0.0487","0.1045"
"8.4500","0.1048","0.0492","0.1048"
"8.4750","0.1051","0.0510","0.1051"
"8.5000","0.1054","0.0524","0.1054"
"8.5250","0.1057","0.0504","0.1057"
"8.5500","0.1061","0.0508","0.1061"
"8.5750","0.1064","0.0518","0.1064"
"8.6000","0.1067","0.0521","0.1067"
"8.6250","0.1070","0.0529","0.1070"
"8.6500","0.1074","0.0529","0.1074"
"8.6750","0.1077","0.0532","0.1077"
"8.7000","0.1080","0.0543","0.1080"
"8.7250","0.1083","0.0541","0.1083"
"8.7500","0.1086","0.0529","0.1086"
"8.7750","0.1089","0.0549","0.1089"
"8.8000","0.1092","0.0526","0.1092"
"8.8250","0.1095","0.0515","0.1095"
"8.8500","0.1098","0.0531","0.1098"
"8.8750","0.1101","0.0548","0.1101"
"8.9000","0.1104","0.0540","0.1104"
"8.9250","0.1107","0.0540","0.1107"
"8.9500","0.1110","0.0538","0.1110"
"8.9750","0.1113","0.0557","0.1113"
"9.0000","0.1116","0.0550","0.1116"
"9.0250","0.1119","0.0554","0.1119"
"9.0500","0.1122","0.0557","0.1122"
"9.0750","0.1125","0.0539","0.1125"
"9.1000","0.1128","0.0557","0.1128"
"9.1250","0.1131","0.0578","0.1131"
"9.1500","0.1134","0.0584","0.1134"
"9.1750","0.1137","0.0587","0.1137"
"9.2000","0.1140","0.0590","0.1140"
"9.2250","0.1143","0.0585","0.1143"
"9.2500","0.1146","0.0584","0.1146"
"9.2750","0.1149","0.0593","0.1149"
"9.3000","0.1152","0.0617","0.1152"
"9.3250","0.1156","0.0623","0.1156"
"9.3500","0.1159","0.0606","0.1159"
"9.3750","0.1162","0.0613","0.1162"
"9.4000","0.1165","0.0627","0.1165"
"9.4250","0.1168","0.0612","0.1168"
"9.4500","0.1171","0.0618","0.1171"
"9.4750","0.1174","0.0616","0.1174"
"9.5000","0.1177","0.0615","0.1177"
"9.5250","0.1179","0.0605","0.1179"
"9.5500","0.1182","0.0609","0.1182"
"9.5750","0.1185","0.0605","0.1185"
"9.6000","0.1188","0.0602","0.1188"
"9.6250","0.1191","0.0596","0.1191"
"9.6500","0.1194","0.0614","0.1194"
"9.6750","0.1197","0.0636","0.1197"
"9.7000","0.1200","0.0622","0.1200"
"9.7250","0.1203","0.0626","0.1203"
"9.7500","0.1206","0.0625","0.1206"
"9.7750","0.1209","0.0631","0.1209"
"9.8000","0.1212","0.0665","0.1212"
"9.8250","0.1215","0.0656","0.1215"
"9.8500","0.1218","0.0633","0.1218"
"9.8750","0.1221","0.0644","0.1221"
"9.9000","0.1224","0.0653","0.1224"
"9.9250","0.1227","0.0656","0.1227"
"9.9500","0.1230","0.0619","0.1230"
"9.9750","0.1233","0.0576","0.1233"
"10.0000","0.1236","0.0558","0.1236"
"10.0250","0.1239","0.0559","0.1239"
"10.0500","0.1242","0.0531","0.1242"
"10.0750","0.1245","0.0541","0.1245"
"10.1000","0.1248","0.0540","0.1248"
"10.1250","0.1251","0.0545","0.1251"
"10.1500","0.1255","0.0537","0.1255"
"10.1750","0.1258","0.0535","0.1258"
"10.2000","0.1261","0.0557","0.1261"
"10.2250","0.1265","0.0562","0.1265"
"10.2500","0.1268","0.0565","0.1268"
"10.2750","0.1272","0.0556","0.1272"
"10.3000","0.1275","0.0547","0.1275"
"10.3250","0.1278","0.0552","0.1278"
"10.3500","0.1282","0.0566","0.1282"
"10.3750","0.1285","0.0575","0.1285"
"10.4000","0.1288","0.0555","0.1288"
"10.4250","0.1292","0.0567","0.1292"
"10.4500","0.1295","0.0570","0.1295"
"10.4750","0.1298","0.0567","0.1298"
"10.5000","0.1302","0.0574","0.1302"
"10.5250","0.1305","0.0596","0.1305"
"10.5500","0.1309","0.0596","0.1309"
"10.5750","0.1312","0.0577","0.1312"
"10.6000","0.1315","0.0583","0.1315"
"10.6250","0.1319","0.0593","0.1319"
"10.6500","0.1322","0.0575","0.1322"
"10.6750","0.1325","0.0572","0.1325"
"10.7000","0.1328","0.0566","0.1328"
"10.7250","0.1331","0.0564","0.1331"
"10.7500","0.1334","0.0568","0.1334"
"10.7750","0.1337","0.0583","0.1337"
"10.8000","0.1340","0.0592","0.1340"
"10.8250","0.1344","0.0600","0.1344"
"10.8500","0.1347","0.0597","0.1347"
"10.8750","0.1350","0.0608","0.1350"
"10.9000","0.1354","0.0629","0.1354"
"10.9250","0.1357","0.0648","0.1357"
"10.9500","0.1360","0.0651","0.1360"
"10.9750","0.1363","0.0658","0.1363"
"11.0000","0.1366","0.0672","0.1366"
"11.0250","0.1369","0.0684","0.1369"
"11.0500","0.1372","0.0725","0.1372"
"11.0750","0.1375","0.0718","0.1375"
"11.1000","0.1378","0.0717","0.1378"
"11.1250","0.1381","0.0728","0.1381"
"11.1500","0.1384","0.0725","0.1384"
"11.1750","0.1387","0.0746","0.1387"
"11.2000","0.1390","0.0768","0.1390"
"11.2250","0.1393","0.0802","0.1393"
"11.2500","0.1396","0.0817","0.1396"
"11.2750","0.1399","0.0827","0.1399"
"11.3000","0.1402","0.0858","0.1402"
"11.3250","0.1406","0.0878","0.1406"
"11.3500","0.1409","0.0887","0.1409"
"11.3750","0.1412","0.0903","0.1412"
"11.4000","0.1415","0.0897","0.1415"
"11.4250","0.1418","0.0914","0.1418"
"11.4500","0.1421","0.0927","0.1421"
"11.4750","0.1424","0.0934","0.1424"
"11.5000","0.1427","0.0951","0.1427"
"11.5250","0.1430","0.0974","0.1430"
"11.5500","0.1433","0.0988","0.1433"
"11.5750","0.1437","0.1004","0.1437"
"11.6000","0.1440","0.1016","0.1440"
"11.6250","0.1443","0.1026","0.1443"
"11.6500","0.1446","0.1044","0.1446"
"11.6750","0.1449","0.1024","0.1449"
"11.7000","0.1451","0.1027","0.1451"
"11.7250","0.1454","0.1032","0.1454"
"11.7500","0.1457","0.1053","0.1457"
"11.7750","0.1460","0.1079","0.1460"
"11.8000","0.1463","0.1083","0.1463"
"11.8250","0.1466","0.1091","0.1466"
"11.8500","0.1469","0.1087","0.1469"
"11.8750","0.1472","0.1078","0.1472"
"11.9000","0.1475","0.1049","0.1475"
"11.9250","0.1478","0.0999","0.1478"
"11.9500","0.1482","0.0996","0.1482"
"11.9750","0.1485","0.0972","0.1485"
"12.0000","0.1488","0.0976","0.1488"
"12.0250","0.1491","0.0992","0.1491"
"12.0500","0.1494","0.1004","0.1494"
"12.0750","0.1497","0.1016","0.1497"
"12.1000","0.1500","0.1030","0.1500"
"12.1250","0.1503","0.1044","0.1503"
"12.1500","0.1507","0.1059","0.1507"
"12.1750","0.1510","0.1059","0.1510"
"12.2000","0.1513","0.1067","0.1513"
"12.2250","0.1516","0.1056","0.1516"
"12.2500","0.1519","0.1049","0.1519"
"12.2750","0.1522","0.1049","0.1522"
"12.3000","0.1525","0.1065","0.1525"
"12.3250","0.1529","0.1068","0.1529"
"12.3500","0.1532","0.1083","0.1532"
"12.3750","0.1535","0.1083","0.1535"
"12.4000","0.1538","0.1095","0.1538"
"12.4250","0.1541","0.1101","0.1541"
"12.4500","0.1544","0.1057","0.1544"
"12.4750","0.1547","0.1017","0.1547"
"12.5000","0.1550","0.0997","0.1550"
"12.5250","0.1554","0.0991","0.1554"
"12.5500","0.1557","0.1023","0.1557"
"12.5750","0.1560","0.1013","0.1560"
"12.6000","0.1563","0.1015","0.1563"
"12.6250","0.1566","0.1021","0.1566"
"12.6500","0.1569","0.1017","0.1569"
"12.6750","0.1572","0.1036","0.1572"
"12.7000","0.1575","0.1054","0.1575"
"12.7250","0.1578","0.1051","0.1578"
"12.7500","0.1581","0.1056","0.1581"
"12.7750","0.1584","0.1072","0.1584"
"12.8000","0.1587","0.1057","0.1587"
"12.8250","0.1590","0.1053","0.1590"
"12.8500","0.1593","0.1075","0.1593"
"12.8750","0.1596","0.1057","0.1596"
"12.9000","0.1599","0.1035","0.1599"
"12.9250","0.1603","0.1047","0.1603"
"12.9500","0.1606","0.1055","0.1606"
"12.9750","0.1609","0.1075","0.1609"
"13.0000","0.1612","0.1092","0.1612"
"13.0250","0.1616","0.1107","0.1616"
"13.0500","0.1619","0.1125","0.1619"
"13.0750","0.1622","0.1141","0.1622"
"13.1000","0.1625","0.1149","0.1625"
"13.1250","0.1629","0.1138","0.1629"
"13.1500","0.1632","0.1133","0.1632"
"13.1750","0.1635","0.1149","0.1635"
"13.2000","0.1638","0.1165","0.1638"
"13.2250","0.1641","0.1180","0.1641"
"13.2500","0.1644","0.1179","0.1644"
"13.2750","0.1647","0.1186","0.1647"
"13.3000","0.1650","0.1194","0.1650"
"13.3250","0.1653","0.1203","0.1653"
"13.3500","0.1657","0.1198","0.1657"
"13.3750","0.1660","0.1210","0.1660"
"13.4000","0.1663","0.1223","0.1663"
"13.4250","0.1666","0.1242","0.1666"
"13.4500","0.1669","0.1256","0.1669"
"13.4750","0.1672","0.1265","0.1672"
"13.5000","0.1675","0.1267","0.1675"
"13.5250","0.1678","0.1276","0.1678"
"13.5500","0.1682","0.1276","0.1682"
"13.5750","0.1685","0.1267","0.1685"
"13.6000","0.1688","0.1273","0.1688"
"13.6250","0.1691","0.1283","0.1691"
"13.6500","0.1694","0.1270","0.1694"
"13.6750","0.1698","0.1282","0.1698"
"13.7000","0.1701","0.1282","0.1701"
"13.7250","0.1704","0.1274","0.1704"
"13.7500","0.1707","0.1257","0.1707"
"13.7750","0.1710","0.1276","0.1710"
"13.8000","0.1714","0.1302","0.1714"
"13.8250","0.1717","0.1318","0.1717"
"13.8500","0.1721","0.1318","0.1721"
"13.8750","0.1724","0.1320","0.1724"
"13.9000","0.1728","0.1320","0.1728"
"13.9250","0.1731","0.1342","0.1731"
"13.9500","0.1734","0.1334","0.1734"
"13.9750","0.1737","0.1329","0.1737"
"14.0000","0.1740","0.1334","0.1740"
"14.0250","0.1743","0.1344","0.1743"
"14.0500","0.1746","0.1348","0.1746"
"14.0750","0.1749","0.1362","0.1749"
"14.1000","0.1752","0.1375","0.1752"
"14.1250","0.1755","0.1392","0.1755"
"14.1500","0.1758","0.1403","0.1758"
"14.1750","0.1762","0.1418","0.1762"
"14.2000","0.1765","0.1435","0.1765"
"14.2250","0.1768","0.1451","0.1768"
"14.2500","0.1771","0.1462","0.1771"
"14.2750","0.1774","0.1466","0.1774"
"14.3000","0.1777","0.1471","0.1777"
"14.3250","0.1780","0.1488","0.1780"
"14.3500","0.1783","0.1512","0.1783"
"14.3750","0.1787","0.1527","0.1787"
"14.4000","0.1790","0.1555","0.1790"
"14.4250","0.1793","0.1584","0.1793"
"14.4500","0.1796","0.1590","0.1796"
"14.4750","0.1799","0.1585","0.1799"
"14.5000","0.1802","0.1618","0.1802"
"14.5250","0.1805","0.1641","0.1805"
"14.5500","0.1808","0.1642","0.1808"
"14.5750","0.1811","0.1657","0.1811"
"14.6000","0.1814","0.1652","0.1814"
"14.6250","0.1817","0.1658","0.1817"
"14.6500","0.1820","0.1672","0.1820"
"14.6750","0.1823","0.1678","0.1823"
"14.7000","0.1826","0.1691","0.1826"
"14.7250","0.1829","0.1699","0.1829"
"14.7500","0.1832","0.1705","0.1832"
"14.7750","0.1835","0.1699","0.1835"
"14.8000","0.1838","0.1694","0.1838"
"14.8250","0.1841","0.1713","0.1841"
"14.8500","0.1844","0.1722","0.1844"
"14.8750","0.1847","0.1730","0.1847"
"14.9000","0.1850","0.1730","0.1850"
"14.9250","0.1853","0.1732","0.1853"
"14.9500","0.1856","0.1738","0.1856"
"14.9750","0.1860","0.1725","0.1860"
"15.0000","0.1863","0.1722","0.1863"
"15.0250","0.1866","0.1725","0.1866"
"15.0500","0.1869","0.1729","0.1869"
"15.0750","0.1872","0.1712","0.1872"
"15.1000","0.1875","0.1701","0.1875"
"15.1250","0.1878","0.1699","0.1878"
"15.1500","0.1881","0.1686","0.1881"
"15.1750","0.1884","0.1693","0.1884"
"15.2000","0.1888","0.1687","0.1888"
"15.2250","0.1891","0.1701","0.1891"
"15.2500","0.1894","0.1691","0.1894"
"15.2750","0.1897","0.1686","0.1897"
"15.3000","0.1900","0.1692","0.1900"
"15.3250","0.1903","0.1696","0.1903"
"15.3500","0.1907","0.1701","0.1907"
"15.3750","0.1910","0.1697","0.1910"
"15.4000","0.1913","0.1701","0.1913"
"15.4250","0.1916","0.1716","0.1916"
"15.4500","0.1919","0.1728","0.1919"
"15.4750","0.1922","0.1727","0.1922"
"15.5000","0.1925","0.1727","0.1925"
"15.5250","0.1929","0.1730","0.1929"
"15.5500","0.1932","0.1748","0.1932"
"15.5750","0.1935","0.1755","0.1935"
"15.6000","0.1938","0.1749","0.1938"
"15.6250","0.1941","0.1748","0.1941"
"15.6500","0.1944","0.1750","0.1944"
"15.6750","0.1947","0.1767","0.1947"
"15.7000","0.1951","0.1762","0.1951"
"15.7250","0.1954","0.1776","0.1954"
"15.7500","0.1957","0.1768","0.1957"
"15.7750","0.1960","0.1771","0.1960"
"15.8000","0.1963","0.1805","0.1963"
"15.8250","0.1966","0.1827","0.1966"
"15.8500","0.1970","0.1826","0.1970"
"15.8750","0.1973","0.1822","0.1973"
"15.9000","0.1976","0.1844","0.1976"
"15.9250","0.1980","0.1841","0.1980"
"15.9500","0.1983","0.1847","0.1983"
"15.9750","0.1987","0.1874","0.1987"
"16.0000","0.1990","0.1879","0.1990"
"16.0250","0.1994","0.1881","0.1994"
"16.0500","0.1997","0.1873","0.1997"
"16.0750","0.2000","0.1869","0.2000"
"16.1000","0.2003","0.1883","0.2003"
"16.1250","0.2007","0.1897","0.2007"
"16.1500","0.2010","0.1894","0.2010"
"16.1750","0.2013","0.1888","0.2013"
"16.2000","0.2016","0.1909","0.2016"
"16.2250","0.2019","0.1908","0.2019"
"16.2500","0.2022","0.1896","0.2022"
"16.2750","0.2025","0.1882","0.2025"
"16.3000","0.2028","0.1882","0.2028"
"16.3250","0.2031","0.1879","0.2031"
"16.3500","0.2034","0.1893","0.2034"
"16.3750","0.2038","0.1868","0.2038"
"16.4000","0.2041","0.1851","0.2041"
"16.4250","0.2044","0.1866","0.2044"
"16.4500","0.2047","0.1866","0.2047"
"16.4750","0.2050","0.1871","0.2050"
"16.5000","0.2053","0.1876","0.2053"
"16.5250","0.2056","0.1863","0.2056"
"16.5500","0.2059","0.1862","0.2059"
"16.5750","0.2062","0.1870","0.2062"
"16.6000","0.2065","0.1866","0.2065"
"16.6250","0.2068","0.1867","0.2068"
"16.6500","0.2071","0.1861","0.2071"
"16.6750","0.2074","0.1881","0.2074"
"16.7000","0.2077","0.1879","0.2077"
"16.7250","0.2080","0.1869","0.2080"
"16.7500","0.2083","0.1874","0.2083"
"16.7750","0.2086","0.1870","0.2086"
"16.8000","0.2089","0.1845","0.2089"
"16.8250","0.2092","0.1849","0.2092"
"16.8500","0.2095","0.1844","0.2095"
"16.8750","0.2098","0.1825","0.2098"
"16.9000","0.2101","0.1818","0.2101"
"16.9250","0.2104","0.1815","0.2104"
"16.9500","0.2107","0.1806","0.2107"
"16.9750","0.2110","0.1794","0.2110"
"17.0000","0.2113","0.1789","0.2113"
"17.0250","0.2116","0.1802","0.2116"
"17.0500","0.2119","0.1799","0.2119"
"17.0750","0.2122","0.1818","0.2122"
"17.1000","0.2125","0.1823","0.2125"
"17.1250","0.2128","0.1828","0.2128"
"17.1500","0.2131","0.1820","0.2131"
"17.1750","0.2134","0.1809","0.2134"
"17.2000","0.2137","0.1802","0.2137"
"17.2250","0.2141","0.1790","0.2141"
"17.2500","0.2144","0.1780","0.2144"
"17.2750","0.2147","0.1771","0.2147"
"17.3000","0.2150","0.1760","0.2150"
"17.3250","0.2153","0.1768","0.2153"
"17.3500","0.2156","0.1762","0.2156"
"17.3750","0.2159","0.1769","0.2159"
"17.4000","0.2162","0.1761","0.2162"
"17.4250","0.2165","0.1755","0.2165"
"17.4500","0.2168","0.1781","0.2168"
"17.4750","0.2171","0.1789","0.2171"
"17.5000","0.2174","0.1790","0.2174"
"17.5250","0.2177","0.1784","0.2177"
"17.5500","0.2181","0.1790","0.2181"
"17.5750","0.2184","0.1793","0.2184"
"17.6000","0.2187","0.1773","0.2187"
"17.6250","0.2190","0.1765","0.2190"
"17.6500","0.2193","0.1780","0.2193"
"17.6750","0.2196","0.1785","0.2196"
"17.7000","0.2199","0.1773","0.2199"
"17.7250","0.2202","0.1773","0.2202"
"17.7500","0.2205","0.1774","0.2205"
"17.7750","0.2208","0.1769","0.2208"
"17.8000","0.2211","0.1771","0.2211"
"17.8250","0.2214","0.1770","0.2214"
"17.8500","0.2217","0.1768","0.2217"
"17.8750","0.2220","0.1759","0.2220"
"17.9000","0.2223","0.1768","0.2223"
"17.9250","0.2226","0.1755","0.2226"
"17.9500","0.2229","0.1733","0.2229"
"17.9750","0.2232","0.1721","0.2232"
"18.0000","0.2236","0.1700","0.2236"
"18.0250","0.2239","0.1698","0.2239"
"18.0500","0.2242","0.1691","0.2242"
"18.0750","0.2245","0.1687","0.2245"
"18.1000","0.2248","0.1689","0.2248"
"18.1250","0.2251","0.1696","0.2251"
"18.1500","0.2254","0.1714","0.2254"
"18.1750","0.2257","0.1708","0.2257"
"18.2000","0.2261","0.1714","0.2261"
"18.2250","0.2264","0.1721","0.2264"
"18.2500","0.2267","0.1724","0.2267"
"18.2750","0.2270","0.1731","0.2270"
"18.3000","0.2274","0.1753","0.2274"
"18.3250","0.2277","0.1772","0.2277"
"18.3500","0.2280","0.1772","0.2280"
"18.3750","0.2283","0.1776","0.2283"
"18.4000","0.2286","0.1767","0.2286"
"18.4250","0.2290","0.1766","0.2290"
"18.4500","0.2293","0.1772","0.2293"
"18.4750","0.2296","0.1760","0.2296"
"18.5000","0.2299","0.1770","0.2299"
"18.5250","0.2302","0.1764","0.2302"
"18.5500","0.2306","0.1753","0.2306"
"18.5750","0.2309","0.1749","0.2309"
"18.6000","0.2312","0.1733","0.2312"
"18.6250","0.2315","0.1718","0.2315"
"18.6500","0.2318","0.1702","0.2318"
"18.6750","0.2321","0.1669","0.2321"
"18.7000","0.2324","0.1674","0.2324"
"18.7250","0.2327","0.1686","0.2327"
"18.7500","0.2330","0.1679","0.2330"
"18.7750","0.2333","0.1684","0.2333"
"18.8000","0.2336","0.1676","0.2336"
"18.8250","0.2339","0.1681","0.2339"
"18.8500","0.2342","0.1716","0.2342"
"18.8750","0.2345","0.1716","0.2345"
"18.9000","0.2348","0.1713","0.2348"
"18.9250","0.2351","0.1692","0.2351"
"18.9500","0.2354","0.1690","0.2354"
"18.9750","0.2357","0.1714","0.2357"
"19.0000","0.2360","0.1735","0.2360"
"19.0250","0.2363","0.1724","0.2363"
"19.0500","0.2366","0.1713","0.2366"
"19.0750","0.2369","0.1725","0.2369"
"19.1000","0.2372","0.1733","0.2372"
"19.1250","0.2375","0.1746","0.2375"
"19.1500","0.2378","0.1757","0.2378"
"19.1750","0.2381","0.1761","0.2381"
"19.2000","0.2384","0.1693","0.2384"
"19.2250","0.2387","0.1642","0.2387"
"19.2500","0.2390","0.1604","0.2390"
"19.2750","0.2393","0.1597","0.2393"
"19.3000","0.2396","0.1595","0.2396"
"19.3250","0.2399","0.1587","0.2399"
"19.3500","0.2402","0.1592","0.2402"
"19.3750","0.2405","0.1576","0.2405"
"19.4000","0.2408","0.1535","0.2408"
"19.4250","0.2411","0.1508","0.2411"
"19.4500","0.2414","0.1515","0.2414"
"19.4750","0.2417","0.1507","0.2417"
"19.5000","0.2420","0.1495","0.2420"
"19.5250","0.2423","0.1485","0.2423"
"19.5500","0.2426","0.1502","0.2426"
"19.5750","0.2430","0.1503","0.2430"
"19.6000","0.2433","0.1513","0.2433"
"19.6250","0.2437","0.1506","0.2437"
"19.6500","0.2440","0.1513","0.2440"
"19.6750","0.2442","0.1535","0.2442"
"19.7000","0.2445","0.1552","0.2445"
"19.7250","0.2449","0.1555","0.2449"
"19.7500","0.2452","0.1574","0.2452"
"19.7750","0.2455","0.1592","0.2455"
"19.8000","0.2458","0.1597","0.2458"
"19.8250","0.2461","0.1602","0.2461"
"19.8500","0.2464","0.1620","0.2464"
"19.8750","0.2468","0.1627","0.2468"
"19.9000","0.2471","0.1633","0.2471"
"19.9250","0.2474","0.1645","0.2474"
"19.9500","0.2477","0.1654","0.2477"
"19.9750","0.2480","0.1658","0.2480"
"20.0000","0.2483","0.1681","0.2483"
"20.0250","0.2487","0.1689","0.2487"
"20.0500","0.2490","0.1680","0.2490"
"20.0750","0.2493","0.1680","0.2493"
"20.1000","0.2496","0.1682","0.2496"
"20.1250","0.2500","0.1697","0.2500"
"20.1500","0.2503","0.1712","0.2503"
"20.1750","0.2506","0.1699","0.2506"
"20.2000","0.2510","0.1704","0.2510"
"20.2250","0.2513","0.1712","0.2513"
"20.2500","0.2516","0.1721","0.2516"
"20.2750","0.2520","0.1734","0.2520"
"20.3000","0.2523","0.1735","0.2523"
"20.3250","0.2526","0.1731","0.2526"
"20.3500","0.2530","0.1743","0.2530"
"20.3750","0.2533","0.1748","0.2533"
"20.4000","0.2536","0.1737","0.2536"
"20.4250","0.2539","0.1764","0.2539"
"20.4500","0.2543","0.1774","0.2543"
"20.4750","0.2546","0.1758","0.2546"
"20.5000","0.2549","0.1767","0.2549"
"20.5250","0.2552","0.1772","0.2552"
"20.5500","0.2556","0.1792","0.2556"
"20.5750","0.2559","0.1814","0.2559"
"20.6000","0.2562","0.1800","0.2562"
"20.6250","0.2566","0.1807","0.2566"
"20.6500","0.2569","0.1813","0.2569"
"20.6750","0.2572","0.1815","0.2572"
"20.7000","0.2575","0.1815","0.2575"
"20.7250","0.2579","0.1814","0.2579"
"20.7500","0.2582","0.1806","0.2582"
"20.7750","0.2585","0.1799","0.2585"
"20.8000","0.2588","0.1806","0.2588"
"20.8250","0.2591","0.1817","0.2591"
"20.8500","0.2595","0.1823","0.2595"
"20.8750","0.2598","0.1847","0.2598"
"20.9000","0.2601","0.1854","0.2601"
"20.9250","0.2604","0.1856","0.2604"
"20.9500","0.2608","0.1867","0.2608"
"20.9750","0.2611","0.1875","0.2611"
"21.0000","0.2614","0.1895","0.2614"
"21.0250","0.2618","0.1913","0.2618"
"21.0500","0.2621","0.1940","0.2621"
"21.0750","0.2624","0.1916","0.2624"
"21.1000","0.2627","0.1900","0.2627"
"21.1250","0.2631","0.1908","0.2631"
"21.1500","0.2634","0.1890","0.2634"
"21.1750","0.2637","0.1886","0.2637"
"21.2000","0.2640","0.1909","0.2640"
"21.2250","0.2643","0.1909","0.2643"
"21.2500","0.2646","0.1874","0.2646"
"21.2750","0.2649","0.1878","0.2649"
"21.3000","0.2652","0.1887","0.2652"
"21.3250","0.2656","0.1893","0.2656"
"21.3500","0.2659","0.1893","0.2659"
"21.3750","0.2662","0.1907","0.2662"
"21.4000","0.2665","0.1913","0.2665"
"21.4250","0.2668","0.1924","0.2668"
"21.4500","0.2671","0.1929","0.2671"
"21.4750","0.2674","0.1947","0.2674"
"21.5000","0.2678","0.1960","0.2678"
"21.5250","0.2681","0.1967","0.2681"
"21.5500","0.2684","0.1979","0.2684"
"21.5750","0.2687","0.1977","0.2687"
"21.6000","0.2691","0.1989","0.2691"
"21.6250","0.2694","0.2004","0.2694"
"21.6500","0.2697","0.1999","0.2697"
"21.6750","0.2701","0.1987","0.2701"
"21.7000","0.2704","0.1995","0.2704"
"21.7250","0.2707","0.2014","0.2707"
"21.7500","0.2710","0.2014","0.2710"
"21.7750","0.2713","0.2016","0.2713"
"21.8000","0.2716","0.2032","0.2716"
"21.8250","0.2719","0.2046","0.2719"
"21.8500","0.2723","0.2060","0.2723"
"21.8750","0.2726","0.2036","0.2726"
"21.9000","0.2729","0.2012","0.2729"
"21.9250","0.2732","0.2012","0.2732"
"21.9500","0.2735","0.2008","0.2735"
"21.9750","0.2738","0.2028","0.2738"
"22.0000","0.2741","0.2032","0.2741"
"22.0250","0.2744","0.2014","0.2744"
"22.0500","0.2747","0.2049","0.2747"
"22.0750","0.2750","0.2059","0.2750"
"22.1000","0.2753","0.2038","0.2753"
"22.1250","0.2756","0.2030","0.2756"
"22.1500","0.2759","0.2050","0.2759"
"22.1750","0.2762","0.2053","0.2762"
"22.2000","0.2765","0.2060","0.2765"
"22.2250","0.2768","0.2046","0.2768"
"22.2500","0.2771","0.2054","0.2771"
"22.2750","0.2774","0.2059","0.2774"
"22.3000","0.2777","0.2044","0.2777"
"22.3250","0.2781","0.2045","0.2781"
"22.3500","0.2784","0.2041","0.2784"
"22.3750","0.2787","0.2054","0.2787"
"22.4000","0.2790","0.2049","0.2790"
"22.4250","0.2793","0.2036","0.2793"
"22.4500","0.2796","0.2029","0.2796"
"22.4750","0.2799","0.2046","0.2799"
"22.5000","0.2802","0.2058","0.2802"
"22.5250","0.2805","0.2047","0.2805"
"22.5500","0.2808","0.2041","0.2808"
"22.5750","0.2811","0.2052","0.2811"
"22.6000","0.2814","0.2047","0.2814"
"22.6250","0.2817","0.2040","0.2817"
"22.6500","0.2820","0.2039","0.2820"
"22.6750","0.2823","0.2038","0.2823"
"22.7000","0.2826","0.2035","0.2826"
"22.7250","0.2829","0.2035","0.2829"
"22.7500","0.2832","0.2025","0.2832"
"22.7750","0.2835","0.2008","0.2835"
"22.8000","0.2838","0.2008","0.2838"
"22.8250","0.2841","0.2001","0.2841"
"22.8500","0.2844","0.2005","0.2844"
"22.8750","0.2847","0.2015","0.2847"
"22.9000","0.2850","0.2023","0.2850"
"22.9250","0.2853","0.2023","0.2853"
"22.9500","0.2856","0.2035","0.2856"
"22.9750","0.2859","0.2046","0.2859"
"23.0000","0.2862","0.2042","0.2862"
"23.0250","0.2865","0.2050","0.2865"
"23.0500","0.2869","0.2065","0.2869"
"23.0750","0.2872","0.2073","0.2872"
"23.1000","0.2875","0.2069","0.2875"
"23.1250","0.2879","0.2073","0.2879"
"23.1500","0.2882","0.2064","0.2882"
"23.1750","0.2885","0.2059","0.2885"
"23.2000","0.2888","0.2071","0.2888"
"23.2250","0.2891","0.2068","0.2891"
"23.2500","0.2894","0.2067","0.2894"
"23.2750","0.2897","0.2091","0.2897"
"23.3000","0.2900","0.2097","0.2900"
"23.3250","0.2903","0.2105","0.2903"
"23.3500","0.2907","0.2100","0.2907"
"23.3750","0.2910","0.2073","0.2910"
"23.4000","0.2913","0.2056","0.2913"
"23.4250","0.2916","0.2067","0.2916"
"23.4500","0.2919","0.2073","0.2919"
"23.4750","0.2922","0.2065","0.2922"
"23.5000","0.2925","0.2057","0.2925"
"23.5250","0.2928","0.2063","0.2928"
"23.5500","0.2931","0.2066","0.2931"
"23.5750","0.2934","0.2056","0.2934"
"23.6000","0.2938","0.2063","0.2938"
"23.6250","0.2941","0.2071","0.2941"
"23.6500","0.2944","0.2062","0.2944"
"23.6750","0.2947","0.2046","0.2947"
"23.7000","0.2950","0.2029","0.2950"
"23.7250","0.2953","0.2037","0.2953"
"23.7500","0.2956","0.2048","0.2956"
"23.7750","0.2959","0.2048","0.2959"
"23.8000","0.2962","0.2020","0.2962"
"23.8250","0.2965","0.2013","0.2965"
"23.8500","0.2968","0.2019","0.2968"
"23.8750","0.2972","0.2023","0.2972"
"23.9000","0.2975","0.2031","0.2975"
"23.9250","0.2978","0.2016","0.2978"
"23.9500","0.2981","0.2007","0.2981"
"23.9750","0.2984","0.1996","0.2984"
"24.0000","0.2988","0.2005","0.2988"
"24.0250","0.2991","0.1995","0.2991"
"24.0500","0.2994","0.2006","0.2994"
"24.0750","0.2997","0.2004","0.2997"
"24.1000","0.3001","0.2011","0.3001"
"24.1250","0.3004","0.2010","0.3004"
"24.1500","0.3007","0.1989","0.3007"
"24.1750","0.3010","0.1966","0.3010"
"24.2000","0.3013","0.1959","0.3013"
"24.2250","0.3016","0.1960","0.3016"
"24.2500","0.3019","0.1963","0.3019"
"24.2750","0.3022","0.1965","0.3022"
"24.3000","0.3026","0.1956","0.3026"
"24.3250","0.3029","0.1963","0.3029"
"24.3500","0.3032","0.1975","0.3032"
"24.3750","0.3035","0.1982","0.3035"
"24.4000","0.3039","0.1983","0.3039"
"24.4250","0.3042","0.1982","0.3042"
"24.4500","0.3046","0.1979","0.3046"
"24.4750","0.3049","0.1996","0.3049"
"24.5000","0.3053","0.2015","0.3053"
"24.5250","0.3056","0.2017","0.3056"
"24.5500","0.3060","0.2013","0.3060"
"24.5750","0.3063","0.1994","0.3063"
"24.6000","0.3066","0.1981","0.3066"
"24.6250","0.3069","0.1957","0.3069"
"24.6500","0.3073","0.1939","0.3073"
"24.6750","0.3076","0.1928","0.3076"
"24.7000","0.3079","0.1948","0.3079"
"24.7250","0.3082","0.1939","0.3082"
"24.7500","0.3084","0.1932","0.3084"
"24.7750","0.3088","0.1947","0.3088"
"24.8000","0.3091","0.1939","0.3091"
"24.8250","0.3094","0.1932","0.3094"
"24.8500","0.3097","0.1932","0.3097"
"24.8750","0.3100","0.1927","0.3100"
"24.9000","0.3103","0.1939","0.3103"
"24.9250","0.3107","0.1940","0.3107"
"24.9500","0.3110","0.1940","0.3110"
"24.9750","0.3113","0.1940","0.3113"
"25.0000","0.3116","0.1930","0.3116"
"25.0250","0.3119","0.1907","0.3119"
"25.0500","0.3122","0.1926","0.3122"
"25.0750","0.3126","0.1931","0.3126"
"25.1000","0.3129","0.1940","0.3129"
"25.1250","0.3132","0.1934","0.3132"
"25.1500","0.3135","0.1926","0.3135"
"25.1750","0.3138","0.1923","0.3138"
"25.2000","0.3141","0.1927","0.3141"
"25.2250","0.3144","0.1930","0.3144"
"25.2500","0.3147","0.1935","0.3147"
"25.2750","0.3150","0.1938","0.3150"
"25.3000","0.3153","0.1932","0.3153"
"25.3250","0.3156","0.1926","0.3156"
"25.3500","0.3159","0.1933","0.3159"
"25.3750","0.3162","0.1917","0.3162"
"25.4000","0.3165","0.1902","0.3165"
"25.4250","0.3168","0.1913","0.3168"
"25.4500","0.3171","0.1923","0.3171"
"25.4750","0.3175","0.1931","0.3175"
"25.5000","0.3178","0.1936","0.3178"
"25.5250","0.3181","0.1938","0.3181"
"25.5500","0.3184","0.1954","0.3184"
"25.5750","0.3187","0.1947","0.3187"
"25.6000","0.3190","0.1962","0.3190"
"25.6250","0.3193","0.1968","0.3193"
"25.6500","0.3196","0.1965","0.3196"
"25.6750","0.3199","0.1970","0.3199"
"25.7000","0.3202","0.1965","0.3202"
"25.7250","0.3205","0.1963","0.3205"
"25.7500","0.3208","0.1965","0.3208"
"25.7750","0.3211","0.1985","0.3211"
"25.8000","0.3214","0.1994","0.3214"
"25.8250","0.3218","0.2000","0.3218"
"25.8500","0.3221","0.2010","0.3221"
"25.8750","0.3224","0.2021","0.3224"
"25.9000","0.3227","0.2041","0.3227"
"25.9250","0.3231","0.2043","0.3231"
"25.9500","0.3234","0.2044","0.3234"
"25.9750","0.3237","0.2044","0.3237"
"26.0000","0.3240","0.2052","0.3240"
"26.0250","0.3243","0.2039","0.3243"
"26.0500","0.3246","0.2040","0.3246"
"26.0750","0.3249","0.2044","0.3249"
"26.1000","0.3252","0.2059","0.3252"
"26.1250","0.3255","0.2070","0.3255"
"26.1500","0.3258","0.2074","0.3258"
"26.1750","0.3262","0.2063","0.3262"
"26.2000","0.3265","0.2082","0.3265"
"26.2250","0.3268","0.2099","0.3268"
"26.2500","0.3271","0.2092","0.3271"
"26.2750","0.3274","0.2100","0.3274"
"26.3000","0.3278","0.2117","0.3278"
"26.3250","0.3281","0.2132","0.3281"
"26.3500","0.3284","0.2139","0.3284"
"26.3750","0.3287","0.2136","0.3287"
"26.4000","0.3290","0.2134","0.3290"
"26.4250","0.3293","0.2130","0.3293"
"26.4500","0.3296","0.2129","0.3296"
"26.4750","0.3299","0.2129","0.3299"
"26.5000","0.3302","0.2151","0.3302"
"26.5250","0.3306","0.2171","0.3306"
"26.5500","0.3309","0.2144","0.3309"
"26.5750","0.3312","0.2144","0.3312"
"26.6000","0.3315","0.2158","0.3315"
"26.6250","0.3318","0.2178","0.3318"
"26.6500","0.3321","0.2189","0.3321"
"26.6750","0.3324","0.2178","0.3324"
"26.7000","0.3327","0.2178","0.3327"
"26.7250","0.3331","0.2156","0.3331"
"26.7500","0.3334","0.2154","0.3334"
"26.7750","0.3337","0.2164","0.3337"
"26.8000","0.3340","0.2171","0.3340"
"26.8250","0.3343","0.2155","0.3343"
"26.8500","0.3346","0.2150","0.3346"
"26.8750","0.3350","0.2164","0.3350"
"26.9000","0.3353","0.2163","0.3353"
"26.9250","0.3356","0.2144","0.3356"
"26.9500","0.3359","0.2114","0.3359"
"26.9750","0.3362","0.2090","0.3362"
"27.0000","0.3366","0.2112","0.3366"
"27.0250","0.3369","0.2124","0.3369"
"27.0500","0.3372","0.2119","0.3372"
"27.0750","0.3375","0.2107","0.3375"
"27.1000","0.3379","0.2096","0.3379"
"27.1250","0.3382","0.2111","0.3382"
"27.1500","0.3385","0.2119","0.3385"
"27.1750","0.3388","0.2126","0.3388"
"27.2000","0.3391","0.2122","0.3391"
"27.2250","0.3395","0.2130","0.3395"
"27.2500","0.3398","0.2145","0.3398"
"27.2750","0.3401","0.2138","0.3401"
"27.3000","0.3404","0.2137","0.3404"
"27.3250","0.3407","0.2145","0.3407"
"27.3500","0.3410","0.2156","0.3410"
"27.3750","0.3413","0.2167","0.3413"
"27.4000","0.3417","0.2166","0.3417"
"27.4250","0.3420","0.2185","0.3420"
"27.4500","0.3424","0.2200","0.3424"
"27.4750","0.3427","0.2225","0.3427"
"27.5000","0.3431","0.2231","0.3431"
"27.5250","0.3434","0.2223","0.3434"
"27.5500","0.3437","0.2227","0.3437"
"27.5750","0.3440","0.2214","0.3440"
"27.6000","0.3443","0.2206","0.3443"
"27.6250","0.3446","0.2196","0.3446"
"27.6500","0.3449","0.2177","0.3449"
"27.6750","0.3452","0.2165","0.3452"
"27.7000","0.3454","0.2168","0.3454"
"27.7250","0.3457","0.2183","0.3457"
"27.7500","0.3460","0.2189","0.3460"
"27.7750","0.3463","0.2192","0.3463"
"27.8000","0.3466","0.2213","0.3466"
"27.8250","0.3469","0.2243","0.3469"
"27.8500","0.3472","0.2259","0.3472"
"27.8750","0.3475","0.2278","0.3475"
"27.9000","0.3479","0.2307","0.3479"
"27.9250","0.3482","0.2316","0.3482"
"27.9500","0.3486","0.2320","0.3486"
"27.9750","0.3489","0.2320","0.3489"
"28.0000","0.3492","0.2325","0.3492"
"28.0250","0.3495","0.2336","0.3495"
"28.0500","0.3499","0.2339","0.3499"
"28.0750","0.3502","0.2314","0.3502"
"28.1000","0.3505","0.2311","0.3505"
"28.1250","0.3508","0.2322","0.3508"
"28.1500","0.3511","0.2333","0.3511"
"28.1750","0.3514","0.2327","0.3514"
"28.2000","0.3517","0.2327","0.3517"
"28.2250","0.3520","0.2344","0.3520"
"28.2500","0.3523","0.2341","0.3523"
"28.2750","0.3526","0.2333","0.3526"
"28.3000","0.3529","0.2300","0.3529"
"28.3250","0.3532","0.2286","0.3532"
"28.3500","0.3535","0.2258","0.3535"
"28.3750","0.3539","0.2284","0.3539"
"28.4000","0.3542","0.2277","0.3542"
"28.4250","0.3545","0.2258","0.3545"
"28.4500","0.3548","0.2249","0.3548"
"28.4750","0.3552","0.2252","0.3552"
"28.5000","0.3555","0.2252","0.3555"
"28.5250","0.3558","0.2234","0.3558"
"28.5500","0.3561","0.2224","0.3561"
"28.5750","0.3564","0.2267","0.3564"
"28.6000","0.3567","0.2254","0.3567"
"28.6250","0.3571","0.2252","0.3571"
"28.6500","0.3574","0.2247","0.3574"
"28.6750","0.3577","0.2257","0.3577"
"28.7000","0.3580","0.2244","0.3580"
"28.7250","0.3583","0.2238","0.3583"
"28.7500","0.3586","0.2233","0.3586"
"28.7750","0.3589","0.2240","0.3589"
"28.8000","0.3593","0.2262","0.3593"
"28.8250","0.3596","0.2280","0.3596"
"28.8500","0.3599","0.2254","0.3599"
"28.8750","0.3602","0.2248","0.3602"
"28.9000","0.3605","0.2234","0.3605"
"28.9250","0.3608","0.2238","0.3608"
"28.9500","0.3611","0.2256","0.3611"
"28.9750","0.3614","0.2248","0.3614"
"29.0000","0.3617","0.2236","0.3617"
"29.0250","0.3620","0.2246","0.3620"
"29.0500","0.3623","0.2247","0.3623"
"29.0750","0.3627","0.2245","0.3627"
"29.1000","0.3630","0.2245","0.3630"
"29.1250","0.3633","0.2247","0.3633"
"29.1500","0.3636","0.2258","0.3636"
"29.1750","0.3639","0.2293","0.3639"
"29.2000","0.3642","0.2289","0.3642"
"29.2250","0.3646","0.2268","0.3646"
"29.2500","0.3649","0.2275","0.3649"
"29.2750","0.3652","0.2267","0.3652"
"29.3000","0.3655","0.2277","0.3655"
"29.3250","0.3658","0.2276","0.3658"
"29.3500","0.3660","0.2248","0.3660"
"29.3750","0.3663","0.2249","0.3663"
"29.4000","0.3666","0.2270","0.3666"
"29.4250","0.3669","0.2255","0.3669"
"29.4500","0.3672","0.2259","0.3672"
"29.4750","0.3675","0.2284","0.3675"
"29.5000","0.3678","0.2279","0.3678"
"29.5250","0.3682","0.2293","0.3682"
"29.5500","0.3685","0.2279","0.3685"
"29.5750","0.3688","0.2251","0.3688"
"29.6000","0.3691","0.2246","0.3691"
"29.6250","0.3694","0.2252","0.3694"
"29.6500","0.3697","0.2259","0.3697"
"29.6750","0.3700","0.2252","0.3700"
"29.7000","0.3703","0.2246","0.3703"
"29.7250","0.3706","0.2242","0.3706"
"29.7500","0.3708","0.2250","0.3708"
"29.7750","0.3711","0.2253","0.3711"
"29.8000","0.3715","0.2278","0.3715"
"29.8250","0.3718","0.2296","0.3718"
"29.8500","0.3721","0.2326","0.3721"
"29.8750","0.3724","0.2328","0.3724"
"29.9000","0.3727","0.2334","0.3727"
"29.9250","0.3731","0.2346","0.3731"
"29.9500","0.3734","0.2370","0.3734"
"29.9750","0.3737","0.2387","0.3737"
"30.0000","0.3740","0.2381","0.3740"
"30.0250","0.3743","0.2377","0.3743"
"30.0500","0.3746","0.2395","0.3746"
"30.0750","0.3749","0.2413","0.3749"
"30.1000","0.3752","0.2417","0.3752"
"30.1250","0.3755","0.2427","0.3755"
"30.1500","0.3759","0.2445","0.3759"
"30.1750","0.3762","0.2451","0.3762"
"30.2000","0.3765","0.2449","0.3765"
"30.2250","0.3768","0.2474","0.3768"
"30.2500","0.3771","0.2469","0.3771"
"30.2750","0.3774","0.2473","0.3774"
"30.3000","0.3777","0.2471","0.3777"
"30.3250","0.3780","0.2479","0.3780"
"30.3500","0.3783","0.2464","0.3783"
"30.3750","0.3786","0.2470","0.3786"
"30.4000","0.3789","0.2479","0.3789"
"30.4250","0.3792","0.2478","0.3792"
"30.4500","0.3795","0.2468","0.3795"
"30.4750","0.3797","0.2469","0.3797"
"30.5000","0.3800","0.2466","0.3800"
"30.5250","0.3803","0.2472","0.3803"
"30.5500","0.3806","0.2476","0.3806"
"30.5750","0.3809","0.2483","0.3809"
"30.6000","0.3812","0.2500","0.3812"
"30.6250","0.3816","0.2512","0.3816"
"30.6500","0.3819","0.2501","0.3819"
"30.6750","0.3822","0.2504","0.3822"
"30.7000","0.3825","0.2503","0.3825"
"30.7250","0.3828","0.2507","0.3828"
"30.7500","0.3831","0.2495","0.3831"
"30.7750","0.3834","0.2500","0.3834"
"30.8000","0.3838","0.2499","0.3838"
"30.8250","0.3841","0.2515","0.3841"
"30.8500","0.3844","0.2524","0.3844"
"30.8750","0.3847","0.2502","0.3847"
"30.9000","0.3850","0.2523","0.3850"
"30.9250","0.3853","0.2543","0.3853"
"30.9500","0.3856","0.2558","0.3856"
"30.9750","0.3859","0.2578","0.3859"
"31.0000","0.3862","0.2560","0.3862"
"31.0250","0.3865","0.2573","0.3865"
"31.0500","0.3868","0.2593","0.3868"
"31.0750","0.3871","0.2606","0.3871"
"31.1000","0.3874","0.2623","0.3874"
"31.1250","0.3878","0.2625","0.3878"
"31.1500","0.3881","0.2613","0.3881"
"31.1750","0.3884","0.2643","0.3884"
"31.2000","0.3887","0.2653","0.3887"
"31.2250","0.3890","0.2649","0.3890"
"31.2500","0.3893","0.2645","0.3893"
"31.2750","0.3896","0.2642","0.3896"
"31.3000","0.3899","0.2684","0.3899"
"31.3250","0.3902","0.2725","0.3902"
"31.3500","0.3905","0.2744","0.3905"
"31.3750","0.3908","0.2749","0.3908"
"31.4000","0.3911","0.2777","0.3911"
"31.4250","0.3915","0.2809","0.3915"
"31.4500","0.3918","0.2844","0.3918"
"31.4750","0.3921","0.2876","0.3921"
"31.5000","0.3924","0.2899","0.3924"
"31.5250","0.3928","0.2911","0.3928"
"31.5500","0.3931","0.2918","0.3931"
"31.5750","0.3934","0.2895","0.3934"
"31.6000","0.3937","0.2879","0.3937"
"31.6250","0.3940","0.2888","0.3940"
"31.6500","0.3943","0.2882","0.3943"
"31.6750","0.3946","0.2898","0.3946"
"31.7000","0.3949","0.2908","0.3949"
"31.7250","0.3953","0.2928","0.3953"
"31.7500","0.3956","0.2939","0.3956"
"31.7750","0.3959","0.2963","0.3959"
"31.8000","0.3962","0.2980","0.3962"
"31.8250","0.3965","0.2986","0.3965"
"31.8500","0.3968","0.2994","0.3968"
"31.8750","0.3972","0.2997","0.3972"
"31.9000","0.3975","0.3011","0.3975"
"31.9250","0.3978","0.3015","0.3978"
"31.9500","0.3981","0.3022","0.3981"
"31.9750","0.3985","0.3040","0.3985"
"32.0000","0.3988","0.3025","0.3988"
"32.0250","0.3991","0.3008","0.3991"
"32.0500","0.3994","0.3020","0.3994"
"32.0750","0.3997","0.3047","0.3997"
"32.1000","0.4000","0.3060","0.4000"
"32.1250","0.4003","0.3060","0.4003"
"32.1500","0.4007","0.3059","0.4007"
"32.1750","0.4010","0.3052","0.4010"
"32.2000","0.4013","0.3066","0.4013"
"32.2250","0.4016","0.3100","0.4016"
"32.2500","0.4019","0.3096","0.4019"
"32.2750","0.4023","0.3074","0.4023"
"32.3000","0.4026","0.3074","0.4026"
"32.3250","0.4029","0.3090","0.4029"
"32.3500","0.4032","0.3121","0.4032"
"32.3750","0.4036","0.3126","0.4036"
"32.4000","0.4039","0.3122","0.4039"
"32.4250","0.4042","0.3126","0.4042"
"32.4500","0.4046","0.3139","0.4046"
"32.4750","0.4049","0.3148","0.4049"
"32.5000","0.4052","0.3137","0.4052"
"32.5250","0.4056","0.3140","0.4056"
"32.5500","0.4059","0.3125","0.4059"
"32.5750","0.4062","0.3116","0.4062"
"32.6000","0.4065","0.3138","0.4065"
"32.6250","0.4068","0.3165","0.4068"
"32.6500","0.4071","0.3176","0.4071"
"32.6750","0.4074","0.3183","0.4074"
"32.7000","0.4077","0.3206","0.4077"
"32.7250","0.4080","0.3211","0.4080"
"32.7500","0.4084","0.3232","0.4084"
"32.7750","0.4087","0.3267","0.4087"
"32.8000","0.4090","0.3297","0.4090"
"32.8250","0.4093","0.3332","0.4093"
"32.8500","0.4096","0.3331","0.4096"
"32.8750","0.4099","0.3340","0.4099"
"32.9000","0.4102","0.3363","0.4102"
"32.9250","0.4105","0.3358","0.4105"
"32.9500","0.4108","0.3355","0.4108"
"32.9750","0.4111","0.3378","0.4111"
"33.0000","0.4115","0.3381","0.4115"
"33.0250","0.4118","0.3384","0.4118"
"33.0500","0.4121","0.3405","0.4121"
"33.0750","0.4124","0.3450","0.4124"
"33.1000","0.4127","0.3498","0.4127"
"33.1250","0.4130","0.3516","0.4130"
"33.1500","0.4133","0.3540","0.4133"
"33.1750","0.4137","0.3602","0.4137"
"33.2000","0.4140","0.3649","0.4140"
"33.2250","0.4143","0.3668","0.4143"
"33.2500","0.4146","0.3694","0.4146"
"33.2750","0.4149","0.3686","0.4149"
"33.3000","0.4153","0.3712","0.4153"
"33.3250","0.4156","0.3739","0.4156"
"33.3500","0.4159","0.3741","0.4159"
"33.3750","0.4162","0.3754","0.4162"
"33.4000","0.4165","0.3781","0.4165"
"33.4250","0.4168","0.3796","0.4168"
"33.4500","0.4171","0.3768","0.4171"
"33.4750","0.4174","0.3750","0.4174"
"33.5000","0.4177","0.3764","0.4177"
"33.5250","0.4180","0.3774","0.4180"
"33.5500","0.4184","0.3773","0.4184"
"33.5750","0.4187","0.3785","0.4187"
"33.6000","0.4190","0.3790","0.4190"
"33.6250","0.4193","0.3789","0.4193"
"33.6500","0.4196","0.3796","0.4196"
"33.6750","0.4199","0.3793","0.4199"
"33.7000","0.4202","0.3807","0.4202"
"33.7250","0.4206","0.3823","0.4206"
"33.7500","0.4209","0.3828","0.4209"
"33.7750","0.4212","0.3804","0.4212"
"33.8000","0.4215","0.3808","0.4215"
"33.8250","0.4218","0.3823","0.4218"
"33.8500","0.4221","0.3820","0.4221"
"33.8750","0.4224","0.3837","0.4224"
"33.9000","0.4227","0.3855","0.4227"
"33.9250","0.4230","0.3866","0.4230"
"33.9500","0.4233","0.3866","0.4233"
"33.9750","0.4236","0.3863","0.4236"
"34.0000","0.4240","0.3871","0.4240"
"34.0250","0.4243","0.3901","0.4243"
"34.0500","0.4246","0.3933","0.4246"
"34.0750","0.4249","0.3927","0.4249"
"34.1000","0.4252","0.3922","0.4252"
"34.1250","0.4255","0.3955","0.4255"
"34.1500","0.4259","0.3971","0.4259"
"34.1750","0.4262","0.3965","0.4262"
"34.2000","0.4265","0.3948","0.4265"
"34.2250","0.4268","0.3947","0.4268"
"34.2500","0.4271","0.3956","0.4271"
"34.2750","0.4274","0.3970","0.4274"
"34.3000","0.4277","0.3977","0.4277"
"34.3250","0.4281","0.3981","0.4281"
"34.3500","0.4284","0.3978","0.4284"
"34.3750","0.4287","0.3985","0.4287"
"34.4000","0.4290","0.3982","0.4290"
"34.4250","0.4293","0.3978","0.4293"
"34.4500","0.4296","0.3989","0.4296"
"34.4750","0.4299","0.4004","0.4299"
"34.5000","0.4303","0.3997","0.4303"
"34.5250","0.4306","0.3990","0.4306"
"34.5500","0.4309","0.3981","0.4309"
"34.5750","0.4312","0.3988","0.4312"
"34.6000","0.4315","0.3996","0.4315"
"34.6250","0.4318","0.3999","0.4318"
"34.6500","0.4321","0.3998","0.4321"
"34.6750","0.4324","0.3999","0.4324"
"34.7000","0.4327","0.4000","0.4327"
"34.7250","0.4331","0.3984","0.4331"
"34.7500","0.4334","0.3984","0.4334"
"34.7750","0.4337","0.3987","0.4337"
"34.8000","0.4340","0.3982","0.4340"
"34.8250","0.4343","0.3974","0.4343"
"34.8500","0.4347","0.3942","0.4347"
"34.8750","0.4350","0.3875","0.4350"
"34.9000","0.4353","0.3831","0.4353"
"34.9250","0.4356","0.3818","0.4356"
"34.9500","0.4359","0.3800","0.4359"
"34.9750","0.4362","0.3804","0.4362"
"35.0000","0.4365","0.3816","0.4365"
"35.0250","0.4368","0.3831","0.4368"
"35.0500","0.4371","0.3842","0.4371"
"35.0750","0.4374","0.3841","0.4374"
"35.1000","0.4378","0.3870","0.4378"
"35.1250","0.4381","0.3893","0.4381"
"35.1500","0.4384","0.3885","0.4384"
"35.1750","0.4387","0.3881","0.4387"
"35.2000","0.4390","0.3884","0.4390"
"35.2250","0.4393","0.3892","0.4393"
"35.2500","0.4396","0.3871","0.4396"
"35.2750","0.4399","0.3849","0.4399"
"35.3000","0.4403","0.3826","0.4403"
"35.3250","0.4406","0.3813","0.4406"
"35.3500","0.4409","0.3808","0.4409"
"35.3750","0.4412","0.3819","0.4412"
"35.4000","0.4415","0.3833","0.4415"
"35.4250","0.4418","0.3823","0.4418"
"35.4500","0.4421","0.3798","0.4421"
"35.4750","0.4424","0.3804","0.4424"
"35.5000","0.4427","0.3810","0.4427"
"35.5250","0.4430","0.3815","0.4430"
"35.5500","0.4434","0.3803","0.4434"
"35.5750","0.4437","0.3831","0.4437"
"35.6000","0.4440","0.3823","0.4440"
"35.6250","0.4443","0.3828","0.4443"
"35.6500","0.4446","0.3839","0.4446"
"35.6750","0.4449","0.3864","0.4449"
"35.7000","0.4452","0.3890","0.4452"
"35.7250","0.4455","0.3907","0.4455"
"35.7500","0.4459","0.3911","0.4459"
"35.7750","0.4462","0.3923","0.4462"
"35.8000","0.4465","0.3937","0.4465"
"35.8250","0.4468","0.3949","0.4468"
"35.8500","0.4471","0.3944","0.4471"
"35.8750","0.4474","0.3961","0.4474"
"35.9000","0.4477","0.3975","0.4477"
"35.9250","0.4480","0.3995","0.4480"
"35.9500","0.4483","0.4010","0.4483"
"35.9750","0.4487","0.4001","0.4487"
"36.0000","0.4490","0.4027","0.4490"
"36.0250","0.4493","0.4061","0.4493"
"36.0500","0.4496","0.4096","0.4496"
"36.0750","0.4499","0.4102","0.4499"
"36.1000","0.4502","0.4120","0.4502"
"36.1250","0.4505","0.4122","0.4505"
"36.1500","0.4508","0.4125","0.4508"
"36.1750","0.4511","0.4127","0.4511"
"36.2000","0.4514","0.4111","0.4514"
"36.2250","0.4517","0.4096","0.4517"
"36.2500","0.4520","0.4071","0.4520"
"36.2750","0.4523","0.4074","0.4523"
"36.3000","0.4526","0.4090","0.4526"
"36.3250","0.4529","0.4088","0.4529"
"36.3500","0.4532","0.4111","0.4532"
"36.3750","0.4535","0.4137","0.4535"
"36.4000","0.4538","0.4142","0.4538"
"36.4250","0.4541","0.4142","0.4541"
"36.4500","0.4544","0.4162","0.4544"
"36.4750","0.4547","0.4182","0.4547"
"36.5000","0.4550","0.4213","0.4550"
"36.5250","0.4553","0.4249","0.4553"
"36.5500","0.4556","0.4284","0.4556"
"36.5750","0.4559","0.4324","0.4559"
"36.6000","0.4563","0.4359","0.4563"
"36.6250","0.4566","0.4403","0.4566"
"36.6500","0.4569","0.4416","0.4569"
"36.6750","0.4572","0.4427","0.4572"
"36.7000","0.4575","0.4438","0.4575"
"36.7250","0.4578","0.4457","0.4578"
"36.7500","0.4581","0.4475","0.4581"
"36.7750","0.4585","0.4481","0.4585"
"36.8000","0.4588","0.4527","0.4588"
"36.8250","0.4591","0.4558","0.4591"
"36.8500","0.4594","0.4548","0.4594"
"36.8750","0.4597","0.4540","0.4597"
"36.9000","0.4601","0.4540","0.4601"
"36.9250","0.4604","0.4531","0.4604"
"36.9500","0.4607","0.4526","0.4607"
"36.9750","0.4610","0.4557","0.4610"
"37.0000","0.4613","0.4589","0.4613"
"37.0250","0.4616","0.4626","0.4616"
"37.0500","0.4619","0.4646","0.4619"
"37.0750","0.4622","0.4664","0.4622"
"37.1000","0.4625","0.4687","0.4625"
"37.1250","0.4629","0.4708","0.4629"
"37.1500","0.4632","0.4721","0.4632"
"37.1750","0.4635","0.4758","0.4635"
"37.2000","0.4639","0.4759","0.4639"
"37.2250","0.4642","0.4785","0.4642"
"37.2500","0.4645","0.4822","0.4645"
"37.2750","0.4649","0.4848","0.4649"
"37.3000","0.4652","0.4812","0.4652"
"37.3250","0.4656","0.4806","0.4656"
"37.3500","0.4659","0.4806","0.4659"
"37.3750","0.4662","0.4807","0.4662"
"37.4000","0.4666","0.4802","0.4666"
"37.4250","0.4669","0.4798","0.4669"
"37.4500","0.4672","0.4792","0.4672"
"37.4750","0.4675","0.4783","0.4675"
"37.5000","0.4678","0.4800","0.4678"
"37.5250","0.4681","0.4817","0.4681"
"37.5500","0.4684","0.4839","0.4684"
"37.5750","0.4687","0.4857","0.4687"
"37.6000","0.4690","0.4860","0.4690"
"37.6250","0.4693","0.4880","0.4693"
"37.6500","0.4696","0.4920","0.4696"
"37.6750","0.4699","0.4958","0.4699"
"37.7000","0.4703","0.5009","0.4703"
"37.7250","0.4706","0.5074","0.4706"
"37.7500","0.4709","0.5138","0.4709"
"37.7750","0.4713","0.5199","0.4713"
"37.8000","0.4716","0.5244","0.4716"
"37.8250","0.4720","0.5299","0.4720"
"37.8500","0.4723","0.5322","0.4723"
"37.8750","0.4726","0.5329","0.4726"
"37.9000","0.4730","0.5350","0.4730"
"37.9250","0.4733","0.5326","0.4733"
"37.9500","0.4736","0.5343","0.4736"
"37.9750","0.4739","0.5372","0.4739"
"38.0000","0.4742","0.5399","0.4742"
"38.0250","0.4745","0.5414","0.4745"
"38.0500","0.4749","0.5462","0.4749"
"38.0750","0.4752","0.5509","0.4752"
"38.1000","0.4755","0.5514","0.4755"
"38.1250","0.4759","0.5527","0.4759"
"38.1500","0.4762","0.5536","0.4762"
"38.1750","0.4765","0.5538","0.4765"
"38.2000","0.4769","0.5545","0.4769"
"38.2250","0.4772","0.5547","0.4772"
"38.2500","0.4775","0.5540","0.4775"
"38.2750","0.4778","0.5525","0.4778"
"38.3000","0.4781","0.5534","0.4781"
"38.3250","0.4784","0.5571","0.4784"
"38.3500","0.4787","0.5612","0.4787"
"38.3750","0.4790","0.5626","0.4790"
"38.4000","0.4793","0.5599","0.4793"
"38.4250","0.4796","0.5558","0.4796"
"38.4500","0.4799","0.5546","0.4799"
"38.4750","0.4802","0.5575","0.4802"
"38.5000","0.4806","0.5656","0.4806"
"38.5250","0.4809","0.5706","0.4809"
"38.5500","0.4813","0.5746","0.4813"
"38.5750","0.4816","0.5772","0.4816"
"38.6000","0.4819","0.5789","0.4819"
"38.6250","0.4823","0.5809","0.4823"
"38.6500","0.4826","0.5845","0.4826"
"38.6750","0.4829","0.5856","0.4829"
"38.7000","0.4832","0.5844","0.4832"
"38.7250","0.4835","0.5823","0.4835"
"38.7500","0.4838","0.5810","0.4838"
"38.7750","0.4841","0.5815","0.4841"
"38.8000","0.4844","0.5807","0.4844"
"38.8250","0.4847","0.5823","0.4847"
"38.8500","0.4850","0.5793","0.4850"
"38.8750","0.4853","0.5780","0.4853"
"38.9000","0.4856","0.5818","0.4856"
"38.9250","0.4859","0.5897","0.4859"
"38.9500","0.4862","0.5973","0.4862"
"38.9750","0.4865","0.6022","0.4865"
"39.0000","0.4869","0.6048","0.4869"
"39.0250","0.4872","0.6081","0.4872"
"39.0500","0.4875","0.6113","0.4875"
"39.0750","0.4878","0.6142","0.4878"
"39.1000","0.4881","0.6180","0.4881"
"39.1250","0.4884","0.6211","0.4884"
"39.1500","0.4888","0.6233","0.4888"
"39.1750","0.4891","0.6261","0.4891"
"39.2000","0.4894","0.6291","0.4894"
"39.2250","0.4897","0.6334","0.4897"
"39.2500","0.4900","0.6353","0.4900"
"39.2750","0.4903","0.6362","0.4903"
"39.3000","0.4906","0.6378","0.4906"
"39.3250","0.4909","0.6401","0.4909"
"39.3500","0.4912","0.6421","0.4912"
"39.3750","0.4914","0.6437","0.4914"
"39.4000","0.4917","0.6475","0.4917"
"39.4250","0.4920","0.6539","0.4920"
"39.4500","0.4923","0.6565","0.4923"
"39.4750","0.4926","0.6588","0.4926"
"39.5000","0.4929","0.6605","0.4929"
"39.5250","0.4932","0.6632","0.4932"
"39.5500","0.4935","0.6669","0.4935"
"39.5750","0.4938","0.6699","0.4938"
"39.6000","0.4941","0.6737","0.4941"
"39.6250","0.4944","0.6756","0.4944"
"39.6500","0.4947","0.6773","0.4947"
"39.6750","0.4950","0.6806","0.4950"
"39.7000","0.4953","0.6884","0.4953"
"39.7250","0.4956","0.6959","0.4956"
"39.7500","0.4960","0.7006","0.4960"
"39.7750","0.4963","0.7050","0.4963"
"39.8000","0.4966","0.7096","0.4966"
"39.8250","0.4969","0.7129","0.4969"
"39.8500","0.4972","0.7151","0.4972"
"39.8750","0.4975","0.7175","0.4975"
"39.9000","0.4978","0.7200","0.4978"
"39.9250","0.4981","0.7239","0.4981"
"39.9500","0.4984","0.7280","0.4984"
"39.9750","0.4987","0.7288","0.4987"
"40.0000","0.4990","0.7307","0.4990"
"40.0250","0.4993","0.7330","0.4993"
"40.0500","0.4996","0.7373","0.4996"
"40.0750","0.4999","0.7431","0.4999"
"40.1000","0.5002","0.7506","0.5002"
"40.1250","0.5005","0.7562","0.5005"
"40.1500","0.5008","0.7631","0.5008"
"40.1750","0.5011","0.7704","0.5011"
"40.2000","0.5014","0.7753","0.5014"
"40.2250","0.5018","0.7796","0.5018"
"40.2500","0.5021","0.7813","0.5021"
"40.2750","0.5024","0.7814","0.5024"
"40.3000","0.5027","0.7830","0.5027"
"40.3250","0.5030","0.7862","0.5030"
"40.3500","0.5033","0.7896","0.5033"
"40.3750","0.5036","0.7911","0.5036"
"40.4000","0.5039","0.7922","0.5039"
"40.4250","0.5042","0.7921","0.5042"
"40.4500","0.5044","0.7925","0.5044"
"40.4750","0.5047","0.7944","0.5047"
"40.5000","0.5050","0.7970","0.5050"
"40.5250","0.5054","0.7961","0.5054"
"40.5500","0.5057","0.7966","0.5057"
"40.5750","0.5060","0.7994","0.5060"
"40.6000","0.5063","0.8027","0.5063"
"40.6250","0.5066","0.8022","0.5066"
"40.6500","0.5069","0.8011","0.5069"
"40.6750","0.5072","0.7950","0.5072"
"40.7000","0.5076","0.7874","0.5076"
"40.7250","0.5079","0.7871","0.5079"
"40.7500","0.5082","0.7875","0.5082"
"40.7750","0.5085","0.7872","0.5085"
"40.8000","0.5088","0.7872","0.5088"
"40.8250","0.5091","0.7872","0.5091"
"40.8500","0.5094","0.7878","0.5094"
"40.8750","0.5097","0.7909","0.5097"
"40.9000","0.5101","0.7933","0.5101"
"40.9250","0.5104","0.7987","0.5104"
"40.9500","0.5107","0.8026","0.5107"
"40.9750","0.5110","0.8067","0.5110"
"41.0000","0.5113","0.8106","0.5113"
"41.0250","0.5116","0.8180","0.5116"
"41.0500","0.5120","0.8251","0.5120"
"41.0750","0.5123","0.8325","0.5123"
"41.1000","0.5126","0.8405","0.5126"
"41.1250","0.5129","0.8486","0.5129"
"41.1500","0.5133","0.8563","0.5133"
"41.1750","0.5136","0.8637","0.5136"
"41.2000","0.5140","0.8710","0.5140"
"41.2250","0.5143","0.8756","0.5143"
"41.2500","0.5146","0.8766","0.5146"
"41.2750","0.5149","0.8806","0.5149"
"41.3000","0.5152","0.8845","0.5152"
"41.3250","0.5156","0.8877","0.5156"
"41.3500","0.5159","0.8897","0.5159"
"41.3750","0.5162","0.8937","0.5162"
"41.4000","0.5165","0.8980","0.5165"
"41.4250","0.5168","0.9006","0.5168"
"41.4500","0.5171","0.9069","0.5171"
"41.4750","0.5174","0.9119","0.5174"
"41.5000","0.5177","0.9152","0.5177"
"41.5250","0.5180","0.9181","0.5180"
"41.5500","0.5183","0.9238","0.5183"
"41.5750","0.5187","0.9280","0.5187"
"41.6000","0.5190","0.9316","0.5190"
"41.6250","0.5193","0.9356","0.5193"
"41.6500","0.5196","0.9391","0.5196"
"41.6750","0.5199","0.9371","0.5199"
"41.7000","0.5202","0.9350","0.5202"
"41.7250","0.5205","0.9371","0.5205"
"41.7500","0.5208","0.9408","0.5208"
"41.7750","0.5211","0.9454","0.5211"
"41.8000","0.5214","0.9490","0.5214"
"41.8250","0.5217","0.9525","0.5217"
"41.8500","0.5220","0.9559","0.5220"
"41.8750","0.5223","0.9585","0.5223"
"41.9000","0.5226","0.9605","0.5226"
"41.9250","0.5229","0.9605","0.5229"
"41.9500","0.5232","0.9621","0.5232"
"41.9750","0.5235","0.9683","0.5235"
"42.0000","0.5238","0.9782","0.5238"
"42.0250","0.5241","0.9860","0.5241"
"42.0500","0.5244","0.9944","0.5244"
"42.0750","0.5247","1.0056","0.5247"
"42.1000","0.5250","1.0166","0.5250"
"42.1250","0.5253","1.0269","0.5253"
"42.1500","0.5256","1.0405","0.5256"
"42.1750","0.5260","1.0535","0.5260"
"42.2000","0.5263","1.0635","0.5263"
"42.2250","0.5266","1.0701","0.5266"
"42.2500","0.5269","1.0773","0.5269"
"42.2750","0.5272","1.0823","0.5272"
"42.3000","0.5275","1.0900","0.5275"
"42.3250","0.5278","1.0987","0.5278"
"42.3500","0.5282","1.1063","0.5282"
"42.3750","0.5285","1.1127","0.5285"
"42.4000","0.5288","1.1198","0.5288"
"42.4250","0.5291","1.1269","0.5291"
"42.4500","0.5294","1.1335","0.5294"
"42.4750","0.5297","1.1432","0.5297"
"42.5000","0.5300","1.1472","0.5300"
"42.5250","0.5303","1.1474","0.5303"
"42.5500","0.5307","1.1448","0.5307"
"42.5750","0.5310","1.1458","0.5310"
"42.6000","0.5313","1.1468","0.5313"
"42.6250","0.5316","1.1500","0.5316"
"42.6500","0.5319","1.1511","0.5319"
"42.6750","0.5322","1.1533","0.5322"
"42.7000","0.5325","1.1535","0.5325"
"42.7250","0.5329","1.1536","0.5329"
"42.7500","0.5332","1.1531","0.5332"
"42.7750","0.5335","1.1557","0.5335"
"42.8000","0.5338","1.1576","0.5338"
"42.8250","0.5341","1.1588","0.5341"
"42.8500","0.5344","1.1606","0.5344"
"42.8750","0.5348","1.1629","0.5348"
"42.9000","0.5351","1.1692","0.5351"
"42.9250","0.5354","1.1748","0.5354"
"42.9500","0.5357","1.1813","0.5357"
"42.9750","0.5360","1.1894","0.5360"
"43.0000","0.5364","1.1993","0.5364"
"43.0250","0.5367","1.2089","0.5367"
"43.0500","0.5370","1.2186","0.5370"
"43.0750","0.5374","1.2278","0.5374"
"43.1000","0.5377","1.2358","0.5377"
"43.1250","0.5380","1.2433","0.5380"
"43.1500","0.5384","1.2515","0.5384"
"43.1750","0.5387","1.2613","0.5387"
"43.2000","0.5390","1.2688","0.5390"
"43.2250","0.5393","1.2734","0.5393"
"43.2500","0.5396","1.2762","0.5396"
"43.2750","0.5399","1.2793","0.5399"
"43.3000","0.5402","1.2874","0.5402"
"43.3250","0.5405","1.2936","0.5405"
"43.3500","0.5408","1.3021","0.5408"
"43.3750","0.5411","1.3132","0.5411"
"43.4000","0.5414","1.3262","0.5414"
"43.4250","0.5418","1.3372","0.5418"
"43.4500","0.5421","1.3468","0.5421"
"43.4750","0.5424","1.3580","0.5424"
"43.5000","0.5427","1.3709","0.5427"
"43.5250","0.5430","1.3854","0.5430"
"43.5500","0.5433","1.3984","0.5433"
"43.5750","0.5436","1.4091","0.5436"
"43.6000","0.5440","1.4205","0.5440"
"43.6250","0.5443","1.4315","0.5443"
"43.6500","0.5446","1.4415","0.5446"
"43.6750","0.5449","1.4496","0.5449"
"43.7000","0.5452","1.4562","0.5452"
"43.7250","0.5455","1.4605","0.5455"
"43.7500","0.5458","1.4613","0.5458"
"43.7750","0.5460","1.4630","0.5460"
"43.8000","0.5463","1.4642","0.5463"
"43.8250","0.5466","1.4637","0.5466"
"43.8500","0.5469","1.4638","0.5469"
"43.8750","0.5472","1.4604","0.5472"
"43.9000","0.5475","1.4569","0.5475"
"43.9250","0.5478","1.4491","0.5478"
"43.9500","0.5481","1.4401","0.5481"
"43.9750","0.5485","1.4376","0.5485"
"44.0000","0.5488","1.4315","0.5488"
"44.0250","0.5491","1.4202","0.5491"
"44.0500","0.5494","1.4153","0.5494"
"44.0750","0.5497","1.4176","0.5497"
"44.1000","0.5500","1.4240","0.5500"
"44.1250","0.5503","1.4311","0.5503"
"44.1500","0.5507","1.4393","0.5507"
"44.1750","0.5510","1.4494","0.5510"
"44.2000","0.5513","1.4575","0.5513"
"44.2250","0.5516","1.4655","0.5516"
"44.2500","0.5519","1.4678","0.5519"
"44.2750","0.5522","1.4697","0.5522"
"44.3000","0.5525","1.4764","0.5525"
"44.3250","0.5529","1.4841","0.5529"
"44.3500","0.5532","1.4948","0.5532"
"44.3750","0.5535","1.5040","0.5535"
"44.4000","0.5538","1.5126","0.5538"
"44.4250","0.5541","1.5178","0.5541"
"44.4500","0.5544","1.5251","0.5544"
"44.4750","0.5547","1.5369","0.5547"
"44.5000","0.5550","1.5490","0.5550"
"44.5250","0.5554","1.5606","0.5554"
"44.5500","0.5557","1.5720","0.5557"
"44.5750","0.5560","1.5822","0.5560"
"44.6000","0.5563","1.5894","0.5563"
"44.6250","0.5566","1.5932","0.5566"
"44.6500","0.5569","1.6029","0.5569"
"44.6750","0.5573","1.6122","0.5573"
"44.7000","0.5576","1.6263","0.5576"
"44.7250","0.5579","1.6384","0.5579"
"44.7500","0.5582","1.6464","0.5582"
"44.7750","0.5585","1.6557","0.5585"
"44.8000","0.5588","1.6681","0.5588"
"44.8250","0.5591","1.6781","0.5591"
"44.8500","0.5594","1.6880","0.5594"
"44.8750","0.5597","1.6958","0.5597"
"44.9000","0.5600","1.7039","0.5600"
"44.9250","0.5603","1.7097","0.5603"
"44.9500","0.5606","1.7173","0.5606"
"44.9750","0.5609","1.7243","0.5609"
"45.0000","0.5613","1.7294","0.5613"
"45.0250","0.5616","1.7354","0.5616"
"45.0500","0.5619","1.7423","0.5619"
"45.0750","0.5622","1.7433","0.5622"
"45.1000","0.5625","1.7413","0.5625"
"45.1250","0.5628","1.7411","0.5628"
"45.1500","0.5631","1.7400","0.5631"
"45.1750","0.5634","1.7404","0.5634"
"45.2000","0.5637","1.7451","0.5637"
"45.2250","0.5640","1.7532","0.5640"
"45.2500","0.5643","1.7633","0.5643"
"45.2750","0.5645","1.7756","0.5645"
"45.3000","0.5649","1.7905","0.5649"
"45.3250","0.5652","1.8079","0.5652"
"45.3500","0.5655","1.8252","0.5655"
"45.3750","0.5658","1.8362","0.5658"
"45.4000","0.5661","1.8448","0.5661"
"45.4250","0.5664","1.8515","0.5664"
"45.4500","0.5667","1.8563","0.5667"
"45.4750","0.5670","1.8587","0.5670"
"45.5000","0.5673","1.8665","0.5673"
"45.5250","0.5676","1.8773","0.5676"
"45.5500","0.5679","1.8913","0.5679"
"45.5750","0.5683","1.9067","0.5683"
"45.6000","0.5686","1.9160","0.5686"
"45.6250","0.5689","1.9237","0.5689"
"45.6500","0.5692","1.9296","0.5692"
"45.6750","0.5696","1.9355","0.5696"
"45.7000","0.5699","1.9395","0.5699"
"45.7250","0.5702","1.9477","0.5702"
"45.7500","0.5705","1.9568","0.5705"
"45.7750","0.5708","1.9653","0.5708"
"45.8000","0.5712","1.9723","0.5712"
"45.8250","0.5715","1.9768","0.5715"
"45.8500","0.5718","1.9752","0.5718"
"45.8750","0.5721","1.9794","0.5721"
"45.9000","0.5725","1.9889","0.5725"
"45.9250","0.5728","1.9982","0.5728"
"45.9500","0.5731","2.0046","0.5731"
"45.9750","0.5734","2.0071","0.5734"
"46.0000","0.5738","2.0124","0.5738"
"46.0250","0.5741","2.0174","0.5741"
"46.0500","0.5744","2.0192","0.5744"
"46.0750","0.5747","2.0224","0.5747"
"46.1000","0.5750","2.0279","0.5750"
"46.1250","0.5753","2.0356","0.5753"
"46.1500","0.5756","2.0460","0.5756"
"46.1750","0.5759","2.0563","0.5759"
"46.2000","0.5762","2.0681","0.5762"
"46.2250","0.5765","2.0843","0.5765"
"46.2500","0.5768","2.1010","0.5768"
"46.2750","0.5772","2.1181","0.5772"
"46.3000","0.5775","2.1353","0.5775"
"46.3250","0.5778","2.1516","0.5778"
"46.3500","0.5781","2.1664","0.5781"
"46.3750","0.5785","2.1824","0.5785"
"46.4000","0.5788","2.1946","0.5788"
"46.4250","0.5791","2.2060","0.5791"
"46.4500","0.5794","2.2181","0.5794"
"46.4750","0.5797","2.2277","0.5797"
"46.5000","0.5800","2.2403","0.5800"
"46.5250","0.5803","2.2467","0.5803"
"46.5500","0.5806","2.2565","0.5806"
"46.5750","0.5810","2.2691","0.5810"
"46.6000","0.5813","2.2788","0.5813"
"46.6250","0.5816","2.2893","0.5816"
"46.6500","0.5819","2.3017","0.5819"
"46.6750","0.5822","2.3122","0.5822"
"46.7000","0.5825","2.3236","0.5825"
"46.7250","0.5828","2.3365","0.5828"
"46.7500","0.5831","2.3454","0.5831"
"46.7750","0.5835","2.3571","0.5835"
"46.8000","0.5838","2.3661","0.5838"
"46.8250","0.5841","2.3713","0.5841"
"46.8500","0.5844","2.3777","0.5844"
"46.8750","0.5847","2.3873","0.5847"
"46.9000","0.5850","2.3957","0.5850"
"46.9250","0.5853","2.4038","0.5853"
"46.9500","0.5856","2.4124","0.5856"
"46.9750","0.5860","2.4205","0.5860"
"47.0000","0.5863","2.4244","0.5863"
"47.0250","0.5866","2.4301","0.5866"
"47.0500","0.5869","2.4373","0.5869"
"47.0750","0.5872","2.4471","0.5872"
"47.1000","0.5875","2.4521","0.5875"
"47.1250","0.5878","2.4568","0.5878"
"47.1500","0.5881","2.4622","0.5881"
"47.1750","0.5884","2.4691","0.5884"
"47.2000","0.5887","2.4776","0.5887"
"47.2250","0.5891","2.4852","0.5891"
"47.2500","0.5894","2.4916","0.5894"
"47.2750","0.5897","2.4977","0.5897"
"47.3000","0.5900","2.5057","0.5900"
"47.3250","0.5903","2.5175","0.5903"
"47.3500","0.5907","2.5267","0.5907"
"47.3750","0.5910","2.5358","0.5910"
"47.4000","0.5913","2.5415","0.5913"
"47.4250","0.5916","2.5449","0.5916"
"47.4500","0.5919","2.5433","0.5919"
"47.4750","0.5922","2.5437","0.5922"
"47.5000","0.5925","2.5478","0.5925"
"47.5250","0.5928","2.5556","0.5928"
"47.5500","0.5931","2.5662","0.5931"
"47.5750","0.5935","2.5791","0.5935"
"47.6000","0.5938","2.5919","0.5938"
"47.6250","0.5941","2.6041","0.5941"
"47.6500","0.5944","2.6129","0.5944"
"47.6750","0.5947","2.6204","0.5947"
"47.7000","0.5951","2.6298","0.5951"
"47.7250","0.5954","2.6371","0.5954"
"47.7500","0.5957","2.6444","0.5957"
"47.7750","0.5960","2.6521","0.5960"
"47.8000","0.5963","2.6589","0.5963"
"47.8250","0.5966","2.6655","0.5966"
"47.8500","0.5969","2.6723","0.5969"
"47.8750","0.5973","2.6824","0.5973"
"47.9000","0.5976","2.6934","0.5976"
"47.9250","0.5979","2.7043","0.5979"
"47.9500","0.5982","2.7130","0.5982"
"47.9750","0.5985","2.7182","0.5985"
"48.0000","0.5988","2.7114","0.5988"
"48.0250","0.5992","2.7095","0.5992"
"48.0500","0.5995","2.7188","0.5995"
"48.0750","0.5998","2.7303","0.5998"
"48.1000","0.6001","2.7393","0.6001"
"48.1250","0.6005","2.7482","0.6005"
"48.1500","0.6008","2.7567","0.6008"
"48.1750","0.6011","2.7636","0.6011"
"48.2000","0.6014","2.7701","0.6014"
"48.2250","0.6017","2.7756","0.6017"
"48.2500","0.6020","2.7784","0.6020"
"48.2750","0.6023","2.7792","0.6023"
"48.3000","0.6026","2.7814","0.6026"
"48.3250","0.6030","2.7852","0.6030"
"48.3500","0.6033","2.7895","0.6033"
"48.3750","0.6036","2.7938","0.6036"
"48.4000","0.6039","2.7981","0.6039"
"48.4250","0.6042","2.8033","0.6042"
"48.4500","0.6045","2.8066","0.6045"
"48.4750","0.6048","2.8121","0.6048"
"48.5000","0.6051","2.8187","0.6051"
"48.5250","0.6055","2.8256","0.6055"
"48.5500","0.6058","2.8368","0.6058"
"48.5750","0.6061","2.8483","0.6061"
"48.6000","0.6064","2.8628","0.6064"
"48.6250","0.6068","2.8765","0.6068"
"48.6500","0.6071","2.8890","0.6071"
"48.6750","0.6075","2.9003","0.6075"
"48.7000","0.6078","2.9064","0.6078"
"48.7250","0.6081","2.9088","0.6081"
"48.7500","0.6084","2.9080","0.6084"
"48.7750","0.6087","2.9088","0.6087"
"48.8000","0.6090","2.9102","0.6090"
"48.8250","0.6093","2.9143","0.6093"
"48.8500","0.6096","2.9187","0.6096"
"48.8750","0.6100","2.9242","0.6100"
"48.9000","0.6103","2.9275","0.6103"
"48.9250","0.6106","2.9333","0.6106"
"48.9500","0.6109","2.9400","0.6109"
"48.9750","0.6112","2.9447","0.6112"
"49.0000","0.6115","2.9510","0.6115"
"49.0250","0.6118","2.9580","0.6118"
"49.0500","0.6121","2.9646","0.6121"
"49.0750","0.6124","2.9701","0.6124"
"49.1000","0.6127","2.9760","0.6127"
"49.1250","0.6131","2.9866","0.6131"
"49.1500","0.6134","2.9945","0.6134"
"49.1750","0.6137","3.0008","0.6137"
"49.2000","0.6140","3.0053","0.6140"
"49.2250","0.6143","3.0093","0.6143"
"49.2500","0.6146","3.0134","0.6146"
"49.2750","0.6149","3.0170","0.6149"
"49.3000","0.6152","3.0233","0.6152"
"49.3250","0.6155","3.0321","0.6155"
"49.3500","0.6158","3.0406","0.6158"
"49.3750","0.6162","3.0481","0.6162"
"49.4000","0.6165","3.0559","0.6165"
"49.4250","0.6168","3.0662","0.6168"
"49.4500","0.6171","3.0741","0.6171"
"49.4750","0.6174","3.0814","0.6174"
"49.5000","0.6177","3.0902","0.6177"
"49.5250","0.6180","3.0997","0.6180"
"49.5500","0.6183","3.1092","0.6183"
"49.5750","0.6187","3.1164","0.6187"
"49.6000","0.6190","3.1268","0.6190"
"49.6250","0.6193","3.1387","0.6193"
"49.6500","0.6196","3.1471","0.6196"
"49.6750","0.6199","3.1512","0.6199"
"49.7000","0.6202","3.1551","0.6202"
"49.7250","0.6205","3.1622","0.6205"
"49.7500","0.6208","3.1713","0.6208"
"49.7750","0.6211","3.1780","0.6211"
"49.8000","0.6215","3.1734","0.6215"
"49.8250","0.6218","3.1590","0.6218"
"49.8500","0.6221","3.1555","0.6221"
"49.8750","0.6224","3.1570","0.6224"
"49.9000","0.6227","3.1600","0.6227"
"49.9250","0.6230","3.1658","0.6230"
"49.9500","0.6233","3.1713","0.6233"
"49.9750","0.6236","3.1765","0.6236"
"50.0000","0.6239","3.1793","0.6239"
"50.0250","0.6242","3.1828","0.6242"
"50.0500","0.6245","3.1870","0.6245"
"50.0750","0.6248","3.1891","0.6248"
"50.1000","0.6251","3.1923","0.6251"
"50.1250","0.6254","3.1942","0.6254"
"50.1500","0.6257","3.1964","0.6257"
"50.1750","0.6260","3.1995","0.6260"
"50.2000","0.6263","3.2046","0.6263"
"50.2250","0.6266","3.2142","0.6266"
"50.2500","0.6269","3.2236","0.6269"
"50.2750","0.6272","3.2351","0.6272"
"50.3000","0.6275","3.2391","0.6275"
"50.3250","0.6278","3.2400","0.6278"
"50.3500","0.6282","3.2461","0.6282"
"50.3750","0.6285","3.2554","0.6285"
"50.4000","0.6288","3.2637","0.6288"
"50.4250","0.6291","3.2671","0.6291"
"50.4500","0.6294","3.2721","0.6294"
"50.4750","0.6297","3.2755","0.6297"
"50.5000","0.6300","3.2807","0.6300"
"50.5250","0.6303","3.2873","0.6303"
"50.5500","0.6307","3.2943","0.6307"
"50.5750","0.6310","3.3014","0.6310"
"50.6000","0.6313","3.3049","0.6313"
"50.6250","0.6316","3.2965","0.6316"
"50.6500","0.6319","3.2836","0.6319"
"50.6750","0.6322","3.2811","0.6322"
"50.7000","0.6325","3.2827","0.6325"
"50.7250","0.6328","3.2857","0.6328"
"50.7500","0.6332","3.2904","0.6332"
"50.7750","0.6335","3.2939","0.6335"
"50.8000","0.6338","3.2973","0.6338"
"50.8250","0.6341","3.3033","0.6341"
"50.8500","0.6344","3.3093","0.6344"
"50.8750","0.6347","3.3100","0.6347"
"50.9000","0.6350","3.3117","0.6350"
"50.9250","0.6353","3.3183","0.6353"
"50.9500","0.6357","3.3275","0.6357"
"50.9750","0.6360","3.3357","0.6360"
"51.0000","0.6363","3.3412","0.6363"
"51.0250","0.6366","3.3456","0.6366"
"51.0500","0.6369","3.3513","0.6369"
"51.0750","0.6372","3.3563","0.6372"
"51.1000","0.6375","3.3659","0.6375"
"51.1250","0.6378","3.3745","0.6378"
"51.1500","0.6382","3.3824","0.6382"
"51.1750","0.6385","3.3902","0.6385"
"51.2000","0.6388","3.3986","0.6388"
"51.2250","0.6391","3.4087","0.6391"
"51.2500","0.6394","3.4209","0.6394"
"51.2750","0.6397","3.4333","0.6397"
"51.3000","0.6401","3.4418","0.6401"
"51.3250","0.6404","3.4457","0.6404"
"51.3500","0.6407","3.4507","0.6407"
"51.3750","0.6410","3.4583","0.6410"
"51.4000","0.6413","3.4673","0.6413"
"51.4250","0.6416","3.4758","0.6416"
"51.4500","0.6420","3.4859","0.6420"
"51.4750","0.6423","3.4954","0.6423"
"51.5000","0.6426","3.5077","0.6426"
"51.5250","0.6429","3.5227","0.6429"
"51.5500","0.6433","3.5406","0.6433"
"51.5750","0.6436","3.5606","0.6436"
"51.6000","0.6440","3.5823","0.6440"
"51.6250","0.6443","3.6015","0.6443"
"51.6500","0.6446","3.6179","0.6446"
"51.6750","0.6450","3.6318","0.6450"
"51.7000","0.6453","3.6416","0.6453"
"51.7250","0.6456","3.6494","0.6456"
"51.7500","0.6459","3.6511","0.6459"
"51.7750","0.6462","3.6516","0.6462"
"51.8000","0.6465","3.6520","0.6465"
"51.8250","0.6468","3.6506","0.6468"
"51.8500","0.6471","3.6532","0.6471"
"51.8750","0.6474","3.6556","0.6474"
"51.9000","0.6477","3.6623","0.6477"
"51.9250","0.6481","3.6731","0.6481"
"51.9500","0.6484","3.6867","0.6484"
"51.9750","0.6487","3.7021","0.6487"
"52.0000","0.6490","3.7145","0.6490"
"52.0250","0.6494","3.7245","0.6494"
"52.0500","0.6497","3.7315","0.6497"
"52.0750","0.6500","3.7381","0.6500"
"52.1000","0.6503","3.7463","0.6503"
"52.1250","0.6506","3.7548","0.6506"
"52.1500","0.6509","3.7595","0.6509"
"52.1750","0.6513","3.7634","0.6513"
"52.2000","0.6516","3.7667","0.6516"
"52.2250","0.6519","3.7724","0.6519"
"52.2500","0.6522","3.7804","0.6522"
"52.2750","0.6525","3.7900","0.6525"
"52.3000","0.6528","3.8015","0.6528"
"52.3250","0.6532","3.8136","0.6532"
"52.3500","0.6535","3.8229","0.6535"
"52.3750","0.6538","3.8319","0.6538"
"52.4000","0.6541","3.8442","0.6541"
"52.4250","0.6545","3.8531","0.6545"
"52.4500","0.6548","3.8566","0.6548"
"52.4750","0.6551","3.8583","0.6551"
"52.5000","0.6554","3.8564","0.6554"
"52.5250","0.6556","3.8552","0.6556"
"52.5500","0.6559","3.8571","0.6559"
"52.5750","0.6562","3.8618","0.6562"
"52.6000","0.6565","3.8694","0.6565"
"52.6250","0.6568","3.8823","0.6568"
"52.6500","0.6572","3.8962","0.6572"
"52.6750","0.6575","3.9102","0.6575"
"52.7000","0.6578","3.9236","0.6578"
"52.7250","0.6581","3.9366","0.6581"
"52.7500","0.6584","3.9425","0.6584"
"52.7750","0.6587","3.9516","0.6587"
"52.8000","0.6590","3.9570","0.6590"
"52.8250","0.6593","3.9625","0.6593"
"52.8500","0.6596","3.9652","0.6596"
"52.8750","0.6599","3.9685","0.6599"
"52.9000","0.6602","3.9721","0.6602"
"52.9250","0.6605","3.9804","0.6605"
"52.9500","0.6608","3.9899","0.6608"
"52.9750","0.6612","3.9980","0.6612"
"53.0000","0.6615","4.0087","0.6615"
"53.0250","0.6618","4.0193","0.6618"
"53.0500","0.6621","4.0298","0.6621"
"53.0750","0.6624","4.0394","0.6624"
"53.1000","0.6627","4.0518","0.6627"
"53.1250","0.6630","4.0575","0.6630"
"53.1500","0.6633","4.0594","0.6633"
"53.1750","0.6636","4.0644","0.6636"
"53.2000","0.6640","4.0742","0.6640"
"53.2250","0.6643","4.0832","0.6643"
"53.2500","0.6646","4.0890","0.6646"
"53.2750","0.6649","4.0955","0.6649"
"53.3000","0.6652","4.0989","0.6652"
"53.3250","0.6655","4.1035","0.6655"
"53.3500","0.6658","4.1066","0.6658"
"53.3750","0.6660","4.1094","0.6660"
"53.4000","0.6663","4.1113","0.6663"
"53.4250","0.6666","4.1167","0.6666"
"53.4500","0.6669","4.1209","0.6669"
"53.4750","0.6672","4.1267","0.6672"
"53.5000","0.6675","4.1362","0.6675"
"53.5250","0.6678","4.1519","0.6678"
"53.5500","0.6682","4.1679","0.6682"
"53.5750","0.6685","4.1849","0.6685"
"53.6000","0.6688","4.1899","0.6688"
"53.6250","0.6691","4.1931","0.6691"
"53.6500","0.6694","4.1941","0.6694"
"53.6750","0.6697","4.1926","0.6697"
"53.7000","0.6700","4.1928","0.6700"
"53.7250","0.6703","4.1928","0.6703"
"53.7500","0.6706","4.1951","0.6706"
"53.7750","0.6709","4.1978","0.6709"
"53.8000","0.6712","4.2056","0.6712"
"53.8250","0.6716","4.2131","0.6716"
"53.8500","0.6719","4.2209","0.6719"
"53.8750","0.6722","4.2262","0.6722"
"53.9000","0.6725","4.2312","0.6725"
"53.9250","0.6728","4.2356","0.6728"
"53.9500","0.6731","4.2400","0.6731"
"53.9750","0.6734","4.2434","0.6734"
"54.0000","0.6737","4.2446","0.6737"
"54.0250","0.6741","4.2416","0.6741"
"54.0500","0.6744","4.2378","0.6744"
"54.0750","0.6746","4.2350","0.6746"
"54.1000","0.6749","4.2312","0.6749"
"54.1250","0.6752","4.2309","0.6752"
"54.1500","0.6756","4.2315","0.6756"
"54.1750","0.6759","4.2332","0.6759"
"54.2000","0.6762","4.2318","0.6762"
"54.2250","0.6765","4.2331","0.6765"
"54.2500","0.6768","4.2331","0.6768"
"54.2750","0.6771","4.2312","0.6771"
"54.3000","0.6774","4.2289","0.6774"
"54.3250","0.6777","4.2328","0.6777"
"54.3500","0.6780","4.2371","0.6780"
"54.3750","0.6783","4.2414","0.6783"
"54.4000","0.6786","4.2511","0.6786"
"54.4250","0.6790","4.2626","0.6790"
"54.4500","0.6793","4.2753","0.6793"
"54.4750","0.6797","4.2888","0.6797"
"54.5000","0.6800","4.3048","0.6800"
"54.5250","0.6804","4.3176","0.6804"
"54.5500","0.6807","4.3246","0.6807"
"54.5750","0.6810","4.3265","0.6810"
"54.6000","0.6814","4.3242","0.6814"
"54.6250","0.6817","4.3212","0.6817"
"54.6500","0.6820","4.3199","0.6820"
"54.6750","0.6823","4.3184","0.6823"
"54.7000","0.6826","4.3160","0.6826"
"54.7250","0.6829","4.3148","0.6829"
"54.7500","0.6833","4.3151","0.6833"
"54.7750","0.6836","4.3168","0.6836"
"54.8000","0.6839","4.3220","0.6839"
"54.8250","0.6842","4.3252","0.6842"
"54.8500","0.6846","4.3274","0.6846"
"54.8750","0.6849","4.3281","0.6849"
"54.9000","0.6852","4.3272","0.6852"
"54.9250","0.6855","4.3239","0.6855"
"54.9500","0.6858","4.3183","0.6858"
"54.9750","0.6861","4.3140","0.6861"
"55.0000","0.6864","4.3059","0.6864"
"55.0250","0.6867","4.2999","0.6867"
"55.0500","0.6870","4.2916","0.6870"
"55.0750","0.6873","4.2820","0.6873"
"55.1000","0.6876","4.2731","0.6876"
"55.1250","0.6879","4.2642","0.6879"
"55.1500","0.6882","4.2557","0.6882"
"55.1750","0.6884","4.2532","0.6884"
"55.2000","0.6887","4.2562","0.6887"
"55.2250","0.6891","4.2627","0.6891"
"55.2500","0.6894","4.2751","0.6894"
"55.2750","0.6897","4.2865","0.6897"
"55.3000","0.6900","4.2951","0.6900"
"55.3250","0.6904","4.3018","0.6904"
"55.3500","0.6907","4.3013","0.6907"
"55.3750","0.6910","4.2985","0.6910"
"55.4000","0.6913","4.2961","0.6913"
"55.4250","0.6916","4.2970","0.6916"
"55.4500","0.6919","4.3007","0.6919"
"55.4750","0.6922","4.3068","0.6922"
"55.5000","0.6925","4.3144","0.6925"
"55.5250","0.6929","4.3205","0.6929"
"55.5500","0.6932","4.3308","0.6932"
"55.5750","0.6935","4.3375","0.6935"
"55.6000","0.6938","4.3447","0.6938"
"55.6250","0.6942","4.3505","0.6942"
"55.6500","0.6945","4.3573","0.6945"
"55.6750","0.6948","4.3631","0.6948"
"55.7000","0.6951","4.3674","0.6951"
"55.7250","0.6954","4.3704","0.6954"
"55.7500","0.6958","4.3751","0.6958"
"55.7750","0.6961","4.3826","0.6961"
"55.8000","0.6964","4.3873","0.6964"
"55.8250","0.6967","4.3904","0.6967"
"55.8500","0.6970","4.3941","0.6970"
"55.8750","0.6973","4.3966","0.6973"
"55.9000","0.6977","4.4002","0.6977"
"55.9250","0.6980","4.4039","0.6980"
"55.9500","0.6983","4.4055","0.6983"
"55.9750","0.6986","4.4071","0.6986"
"56.0000","0.6989","4.4073","0.6989"
"56.0250","0.6992","4.4119","0.6992"
"56.0500","0.6995","4.4164","0.6995"
"56.0750","0.6998","4.4181","0.6998"
"56.1000","0.7001","4.4225","0.7001"
"56.1250","0.7004","4.4238","0.7004"
"56.1500","0.7007","4.4263","0.7007"
"56.1750","0.7010","4.4293","0.7010"
"56.2000","0.7013","4.4319","0.7013"
"56.2250","0.7016","4.4346","0.7016"
"56.2500","0.7019","4.4371","0.7019"
"56.2750","0.7022","4.4454","0.7022"
"56.3000","0.7026","4.4465","0.7026"
"56.3250","0.7029","4.4446","0.7029"
"56.3500","0.7032","4.4500","0.7032"
"56.3750","0.7035","4.4601","0.7035"
"56.4000","0.7038","4.4663","0.7038"
"56.4250","0.7041","4.4720","0.7041"
"56.4500","0.7045","4.4787","0.7045"
"56.4750","0.7048","4.4856","0.7048"
"56.5000","0.7051","4.4909","0.7051"
"56.5250","0.7054","4.4957","0.7054"
"56.5500","0.7057","4.4990","0.7057"
"56.5750","0.7060","4.5044","0.7060"
"56.6000","0.7063","4.5140","0.7063"
"56.6250","0.7066","4.5214","0.7066"
"56.6500","0.7069","4.5274","0.7069"
"56.6750","0.7072","4.5352","0.7072"
"56.7000","0.7076","4.5413","0.7076"
"56.7250","0.7079","4.5469","0.7079"
"56.7500","0.7082","4.5520","0.7082"
"56.7750","0.7085","4.5579","0.7085"
"56.8000","0.7088","4.5664","0.7088"
"56.8250","0.7091","4.5732","0.7091"
"56.8500","0.7094","4.5798","0.7094"
"56.8750","0.7097","4.5891","0.7097"
"56.9000","0.7101","4.5989","0.7101"
"56.9250","0.7104","4.6096","0.7104"
"56.9500","0.7107","4.6218","0.7107"
"56.9750","0.7110","4.6335","0.7110"
"57.0000","0.7114","4.6408","0.7114"
"57.0250","0.7117","4.6472","0.7117"
"57.0500","0.7120","4.6558","0.7120"
"57.0750","0.7123","4.6640","0.7123"
"57.1000","0.7126","4.6676","0.7126"
"57.1250","0.7130","4.6674","0.7130"
"57.1500","0.7133","4.6681","0.7133"
"57.1750","0.7136","4.6719","0.7136"
"57.2000","0.7139","4.6757","0.7139"
"57.2250","0.7142","4.6809","0.7142"
"57.2500","0.7145","4.6850","0.7145"
"57.2750","0.7148","4.6881","0.7148"
"57.3000","0.7151","4.6913","0.7151"
"57.3250","0.7154","4.6949","0.7154"
"57.3500","0.7157","4.6968","0.7157"
"57.3750","0.7160","4.6998","0.7160"
"57.4000","0.7163","4.7046","0.7163"
"57.4250","0.7166","4.7104","0.7166"
"57.4500","0.7170","4.7191","0.7170"
"57.4750","0.7173","4.7296","0.7173"
"57.5000","0.7176","4.7395","0.7176"
"57.5250","0.7179","4.7533","0.7179"
"57.5500","0.7182","4.7619","0.7182"
"57.5750","0.7186","4.7741","0.7186"
"57.6000","0.7189","4.7883","0.7189"
"57.6250","0.7192","4.8029","0.7192"
"57.6500","0.7196","4.8159","0.7196"
"57.6750","0.7199","4.8278","0.7199"
"57.7000","0.7202","4.8338","0.7202"
"57.7250","0.7205","4.8399","0.7205"
"57.7500","0.7209","4.8513","0.7209"
"57.7750","0.7212","4.8599","0.7212"
"57.8000","0.7215","4.8664","0.7215"
"57.8250","0.7218","4.8666","0.7218"
"57.8500","0.7221","4.8662","0.7221"
"57.8750","0.7224","4.8726","0.7224"
"57.9000","0.7227","4.8810","0.7227"
"57.9250","0.7230","4.8880","0.7230"
"57.9500","0.7233","4.8935","0.7233"
"57.9750","0.7236","4.8996","0.7236"
"58.0000","0.7239","4.9085","0.7239"
"58.0250","0.7242","4.9149","0.7242"
"58.0500","0.7245","4.9221","0.7245"
"58.0750","0.7248","4.9295","0.7248"
"58.1000","0.7251","4.9350","0.7251"
"58.1250","0.7254","4.9410","0.7254"
"58.1500","0.7257","4.9471","0.7257"
"58.1750","0.7260","4.9569","0.7260"
"58.2000","0.7263","4.9665","0.7263"
"58.2250","0.7266","4.9764","0.7266"
"58.2500","0.7269","4.9893","0.7269"
"58.2750","0.7272","5.0031","0.7272"
"58.3000","0.7275","5.0143","0.7275"
"58.3250","0.7279","5.0264","0.7279"
"58.3500","0.7282","5.0391","0.7282"
"58.3750","0.7285","5.0501","0.7285"
"58.4000","0.7288","5.0554","0.7288"
"58.4250","0.7291","5.0628","0.7291"
"58.4500","0.7294","5.0735","0.7294"
"58.4750","0.7297","5.0839","0.7297"
"58.5000","0.7300","5.0912","0.7300"
"58.5250","0.7303","5.1015","0.7303"
"58.5500","0.7307","5.1162","0.7307"
"58.5750","0.7310","5.1290","0.7310"
"58.6000","0.7313","5.1376","0.7313"
"58.6250","0.7316","5.1470","0.7316"
"58.6500","0.7319","5.1578","0.7319"
"58.6750","0.7322","5.1655","0.7322"
"58.7000","0.7326","5.1701","0.7326"
"58.7250","0.7329","5.1811","0.7329"
"58.7500","0.7332","5.1934","0.7332"
"58.7750","0.7335","5.2088","0.7335"
"58.8000","0.7338","5.2185","0.7338"
"58.8250","0.7341","5.2275","0.7341"
"58.8500","0.7344","5.2403","0.7344"
"58.8750","0.7348","5.2536","0.7348"
"58.9000","0.7351","5.2700","0.7351"
"58.9250","0.7354","5.2839","0.7354"
"58.9500","0.7357","5.2943","0.7357"
"58.9750","0.7360","5.3054","0.7360"
"59.0000","0.7363","5.3139","0.7363"
"59.0250","0.7366","5.3256","0.7366"
"59.0500","0.7369","5.3368","0.7369"
"59.0750","0.7372","5.3441","0.7372"
"59.1000","0.7376","5.3549","0.7376"
"59.1250","0.7379","5.3689","0.7379"
"59.1500","0.7382","5.3827","0.7382"
"59.1750","0.7385","5.3971","0.7385"
"59.2000","0.7388","5.4113","0.7388"
"59.2250","0.7391","5.4234","0.7391"
"59.2500","0.7394","5.4354","0.7394"
"59.2750","0.7398","5.4478","0.7398"
"59.3000","0.7401","5.4495","0.7401"
"59.3250","0.7404","5.4502","0.7404"
"59.3500","0.7407","5.4590","0.7407"
"59.3750","0.7411","5.4706","0.7411"
"59.4000","0.7414","5.4836","0.7414"
"59.4250","0.7417","5.4923","0.7417"
"59.4500","0.7420","5.5035","0.7420"
"59.4750","0.7424","5.5131","0.7424"
"59.5000","0.7427","5.5244","0.7427"
"59.5250","0.7430","5.5437","0.7430"
"59.5500","0.7434","5.5601","0.7434"
"59.5750","0.7437","5.5728","0.7437"
"59.6000","0.7440","5.5807","0.7440"
"59.6250","0.7443","5.5864","0.7443"
"59.6500","0.7447","5.5969","0.7447"
"59.6750","0.7450","5.6035","0.7450"
"59.7000","0.7453","5.6125","0.7453"
"59.7250","0.7456","5.6201","0.7456"
"59.7500","0.7459","5.6281","0.7459"
"59.7750","0.7462","5.6358","0.7462"
"59.8000","0.7465","5.6457","0.7465"
"59.8250","0.7468","5.6559","0.7468"
"59.8500","0.7471","5.6722","0.7471"
"59.8750","0.7475","5.6927","0.7475"
"59.9000","0.7478","5.7129","0.7478"
"59.9250","0.7481","5.7251","0.7481"
"59.9500","0.7484","5.7363","0.7484"
"59.9750","0.7487","5.7437","0.7487"
"60.0000","0.7490","5.7506","0.7490"
"60.0250","0.7493","5.7613","0.7493"
"60.0500","0.7496","5.7726","0.7496"
"60.0750","0.7499","5.7811","0.7499"
"60.1000","0.7502","5.7875","0.7502"
"60.1250","0.7505","5.8012","0.7505"
"60.1500","0.7508","5.8164","0.7508"
"60.1750","0.7512","5.8305","0.7512"
"60.2000","0.7515","5.8469","0.7515"
"60.2250","0.7518","5.8636","0.7518"
"60.2500","0.7521","5.8792","0.7521"
"60.2750","0.7524","5.8921","0.7524"
"60.3000","0.7527","5.9053","0.7527"
"60.3250","0.7530","5.9225","0.7530"
"60.3500","0.7534","5.9368","0.7534"
"60.3750","0.7537","5.9533","0.7537"
"60.4000","0.7540","5.9673","0.7540"
"60.4250","0.7543","5.9779","0.7543"
"60.4500","0.7546","5.9906","0.7546"
"60.4750","0.7549","6.0057","0.7549"
"60.5000","0.7552","6.0177","0.7552"
"60.5250","0.7555","6.0288","0.7555"
"60.5500","0.7558","6.0411","0.7558"
"60.5750","0.7562","6.0523","0.7562"
"60.6000","0.7565","6.0620","0.7565"
"60.6250","0.7568","6.0735","0.7568"
"60.6500","0.7571","6.0853","0.7571"
"60.6750","0.7574","6.0930","0.7574"
"60.7000","0.7577","6.1010","0.7577"
"60.7250","0.7580","6.1097","0.7580"
"60.7500","0.7583","6.1143","0.7583"
"60.7750","0.7586","6.1206","0.7586"
"60.8000","0.7589","6.1243","0.7589"
"60.8250","0.7592","6.1275","0.7592"
"60.8500","0.7594","6.1277","0.7594"
"60.8750","0.7597","6.1281","0.7597"
"60.9000","0.7600","6.1332","0.7600"
"60.9250","0.7603","6.1437","0.7603"
"60.9500","0.7606","6.1569","0.7606"
"60.9750","0.7609","6.1767","0.7609"
"61.0000","0.7612","6.1928","0.7612"
"61.0250","0.7616","6.2105","0.7616"
"61.0500","0.7619","6.2282","0.7619"
"61.0750","0.7622","6.2437","0.7622"
"61.1000","0.7625","6.2545","0.7625"
"61.1250","0.7628","6.2676","0.7628"
"61.1500","0.7631","6.2837","0.7631"
"61.1750","0.7634","6.2924","0.7634"
"61.2000","0.7637","6.3020","0.7637"
"61.2250","0.7640","6.3179","0.7640"
"61.2500","0.7644","6.3324","0.7644"
"61.2750","0.7647","6.3493","0.7647"
"61.3000","0.7650","6.3617","0.7650"
"61.3250","0.7653","6.3729","0.7653"
"61.3500","0.7656","6.3808","0.7656"
"61.3750","0.7659","6.3904","0.7659"
"61.4000","0.7662","6.3976","0.7662"
"61.4250","0.7665","6.4073","0.7665"
"61.4500","0.7668","6.4166","0.7668"
"61.4750","0.7672","6.4285","0.7672"
"61.5000","0.7675","6.4375","0.7675"
"61.5250","0.7678","6.4430","0.7678"
"61.5500","0.7681","6.4505","0.7681"
"61.5750","0.7684","6.4609","0.7684"
"61.6000","0.7687","6.4758","0.7687"
"61.6250","0.7690","6.4950","0.7690"
"61.6500","0.7693","6.5145","0.7693"
"61.6750","0.7697","6.5342","0.7697"
"61.7000","0.7700","6.5549","0.7700"
"61.7250","0.7703","6.5751","0.7703"
"61.7500","0.7706","6.5921","0.7706"
"61.7750","0.7710","6.6101","0.7710"
"61.8000","0.7713","6.6287","0.7713"
"61.8250","0.7716","6.6446","0.7716"
"61.8500","0.7719","6.6561","0.7719"
"61.8750","0.7722","6.6673","0.7722"
"61.9000","0.7725","6.6758","0.7725"
"61.9250","0.7728","6.6816","0.7728"
"61.9500","0.7731","6.6869","0.7731"
"61.9750","0.7735","6.7020","0.7735"
"62.0000","0.7738","6.7194","0.7738"
"62.0250","0.7741","6.7365","0.7741"
"62.0500","0.7744","6.7515","0.7744"
"62.0750","0.7748","6.7690","0.7748"
"62.1000","0.7751","6.7893","0.7751"
"62.1250","0.7754","6.8084","0.7754"
"62.1500","0.7758","6.8282","0.7758"
"62.1750","0.7761","6.8476","0.7761"
"62.2000","0.7764","6.8708","0.7764"
"62.2250","0.7768","6.8938","0.7768"
"62.2500","0.7771","6.9119","0.7771"
"62.2750","0.7774","6.9259","0.7774"
"62.3000","0.7777","6.9348","0.7777"
"62.3250","0.7781","6.9431","0.7781"
"62.3500","0.7784","6.9514","0.7784"
"62.3750","0.7787","6.9586","0.7787"
"62.4000","0.7790","6.9661","0.7790"
"62.4250","0.7793","6.9756","0.7793"
"62.4500","0.7796","6.9890","0.7796"
"62.4750","0.7799","7.0045","0.7799"
"62.5000","0.7803","7.0220","0.7803"
"62.5250","0.7806","7.0419","0.7806"
"62.5500","0.7809","7.0644","0.7809"
"62.5750","0.7813","7.0843","0.7813"
"62.6000","0.7816","7.1101","0.7816"
"62.6250","0.7819","7.1318","0.7819"
"62.6500","0.7822","7.1486","0.7822"
"62.6750","0.7826","7.1604","0.7826"
"62.7000","0.7829","7.1695","0.7829"
"62.7250","0.7832","7.1772","0.7832"
"62.7500","0.7835","7.1848","0.7835"
"62.7750","0.7838","7.1911","0.7838"
"62.8000","0.7841","7.2026","0.7841"
"62.8250","0.7844","7.2151","0.7844"
"62.8500","0.7847","7.2262","0.7847"
"62.8750","0.7850","7.2376","0.7850"
"62.9000","0.7853","7.2511","0.7853"
"62.9250","0.7856","7.2615","0.7856"
"62.9500","0.7859","7.2701","0.7859"
"62.9750","0.7862","7.2796","0.7862"
"63.0000","0.7866","7.2881","0.7866"
"63.0250","0.7869","7.2920","0.7869"
"63.0500","0.7871","7.2977","0.7871"
"63.0750","0.7874","7.3043","0.7874"
"63.1000","0.7877","7.3095","0.7877"
"63.1250","0.7880","7.3175","0.7880"
"63.1500","0.7883","7.3274","0.7883"
"63.1750","0.7886","7.3468","0.7886"
"63.2000","0.7890","7.3689","0.7890"
"63.2250","0.7893","7.3940","0.7893"
"63.2500","0.7896","7.4167","0.7896"
"63.2750","0.7899","7.4346","0.7899"
"63.3000","0.7902","7.4440","0.7902"
"63.3250","0.7905","7.4489","0.7905"
"63.3500","0.7908","7.4546","0.7908"
"63.3750","0.7911","7.4650","0.7911"
"63.4000","0.7914","7.4790","0.7914"
"63.4250","0.7917","7.4890","0.7917"
"63.4500","0.7920","7.5002","0.7920"
"63.4750","0.7923","7.5133","0.7923"
"63.5000","0.7926","7.5275","0.7926"
"63.5250","0.7929","7.5374","0.7929"
"63.5500","0.7932","7.5443","0.7932"
"63.5750","0.7935","7.5541","0.7935"
"63.6000","0.7938","7.5616","0.7938"
"63.6250","0.7941","7.5698","0.7941"
"63.6500","0.7944","7.5840","0.7944"
"63.6750","0.7947","7.6001","0.7947"
"63.7000","0.7950","7.6170","0.7950"
"63.7250","0.7953","7.6352","0.7953"
"63.7500","0.7957","7.6561","0.7957"
"63.7750","0.7960","7.6761","0.7960"
"63.8000","0.7963","7.6927","0.7963"
"63.8250","0.7966","7.7081","0.7966"
"63.8500","0.7969","7.7207","0.7969"
"63.8750","0.7972","7.7302","0.7972"
"63.9000","0.7975","7.7391","0.7975"
"63.9250","0.7978","7.7438","0.7978"
"63.9500","0.7981","7.7481","0.7981"
"63.9750","0.7984","7.7570","0.7984"
"64.0000","0.7987","7.7678","0.7987"
"64.0250","0.7990","7.7783","0.7990"
"64.0500","0.7993","7.7876","0.7993"
"64.0750","0.7996","7.7962","0.7996"
"64.1000","0.7999","7.8050","0.7999"
"64.1250","0.8002","7.8157","0.8002"
"64.1500","0.8005","7.8216","0.8005"
"64.1750","0.8008","7.8282","0.8008"
"64.2000","0.8012","7.8395","0.8012"
"64.2250","0.8015","7.8530","0.8015"
"64.2500","0.8018","7.8629","0.8018"
"64.2750","0.8021","7.8683","0.8021"
"64.3000","0.8024","7.8801","0.8024"
"64.3250","0.8027","7.8914","0.8027"
"64.3500","0.8030","7.9088","0.8030"
"64.3750","0.8034","7.9284","0.8034"
"64.4000","0.8037","7.9455","0.8037"
"64.4250","0.8040","7.9595","0.8040"
"64.4500","0.8043","7.9703","0.8043"
"64.4750","0.8046","7.9791","0.8046"
"64.5000","0.8049","7.9845","0.8049"
"64.5250","0.8053","7.9966","0.8053"
"64.5500","0.8056","8.0055","0.8056"
"64.5750","0.8059","8.0159","0.8059"
"64.6000","0.8062","8.0325","0.8062"
"64.6250","0.8065","8.0467","0.8065"
"64.6500","0.8069","8.0605","0.8069"
"64.6750","0.8072","8.0735","0.8072"
"64.7000","0.8075","8.0853","0.8075"
"64.7250","0.8078","8.0875","0.8078"
"64.7500","0.8081","8.0922","0.8081"
"64.7750","0.8084","8.0986","0.8084"
"64.8000","0.8088","8.1073","0.8088"
"64.8250","0.8091","8.1152","0.8091"
"64.8500","0.8094","8.1259","0.8094"
"64.8750","0.8097","8.1366","0.8097"
"64.9000","0.8100","8.1474","0.8100"
"64.9250","0.8103","8.1588","0.8103"
"64.9500","0.8106","8.1664","0.8106"
"64.9750","0.8109","8.1758","0.8109"
"65.0000","0.8112","8.1858","0.8112"
"65.0250","0.8116","8.1968","0.8116"
"65.0500","0.8119","8.2089","0.8119"
"65.0750","0.8122","8.2216","0.8122"
"65.1000","0.8125","8.2369","0.8125"
"65.1250","0.8128","8.2524","0.8128"
"65.1500","0.8132","8.2696","0.8132"
"65.1750","0.8135","8.2824","0.8135"
"65.2000","0.8138","8.2912","0.8138"
"65.2250","0.8141","8.2976","0.8141"
"65.2500","0.8144","8.3058","0.8144"
"65.2750","0.8147","8.3161","0.8147"
"65.3000","0.8150","8.3291","0.8150"
"65.3250","0.8154","8.3415","0.8154"
"65.3500","0.8157","8.3524","0.8157"
"65.3750","0.8160","8.3649","0.8160"
"65.4000","0.8163","8.3765","0.8163"
"65.4250","0.8166","8.3913","0.8166"
"65.4500","0.8170","8.4058","0.8170"
"65.4750","0.8173","8.4165","0.8173"
"65.5000","0.8176","8.4278","0.8176"
"65.5250","0.8179","8.4407","0.8179"
"65.5500","0.8182","8.4516","0.8182"
"65.5750","0.8186","8.4615","0.8186"
"65.6000","0.8189","8.4748","0.8189"
"65.6250","0.8192","8.4948","0.8192"
"65.6500","0.8196","8.5160","0.8196"
"65.6750","0.8199","8.5379","0.8199"
"65.7000","0.8202","8.5574","0.8202"
"65.7250","0.8206","8.5717","0.8206"
"65.7500","0.8209","8.5820","0.8209"
"65.7750","0.8212","8.5875","0.8212"
"65.8000","0.8215","8.5890","0.8215"
"65.8250","0.8219","8.5902","0.8219"
"65.8500","0.8222","8.5920","0.8222"
"65.8750","0.8225","8.5901","0.8225"
"65.9000","0.8228","8.5891","0.8228"
"65.9250","0.8231","8.5900","0.8231"
"65.9500","0.8234","8.5952","0.8234"
"65.9750","0.8237","8.6033","0.8237"
"66.0000","0.8240","8.6099","0.8240"
"66.0250","0.8243","8.6145","0.8243"
"66.0500","0.8246","8.6204","0.8246"
"66.0750","0.8249","8.6275","0.8249"
"66.1000","0.8253","8.6389","0.8253"
"66.1250","0.8256","8.6447","0.8256"
"66.1500","0.8259","8.6509","0.8259"
"66.1750","0.8262","8.6599","0.8262"
"66.2000","0.8265","8.6722","0.8265"
"66.2250","0.8268","8.6795","0.8268"
"66.2500","0.8271","8.6794","0.8271"
"66.2750","0.8274","8.6745","0.8274"
"66.3000","0.8277","8.6690","0.8277"
"66.3250","0.8281","8.6723","0.8281"
"66.3500","0.8284","8.6842","0.8284"
"66.3750","0.8287","8.6926","0.8287"
"66.4000","0.8290","8.7026","0.8290"
"66.4250","0.8293","8.7179","0.8293"
"66.4500","0.8296","8.7312","0.8296"
"66.4750","0.8299","8.7459","0.8299"
"66.5000","0.8302","8.7630","0.8302"
"66.5250","0.8305","8.7775","0.8305"
"66.5500","0.8309","8.7955","0.8309"
"66.5750","0.8312","8.8098","0.8312"
"66.6000","0.8315","8.8197","0.8315"
"66.6250","0.8318","8.8339","0.8318"
"66.6500","0.8321","8.8518","0.8321"
"66.6750","0.8324","8.8713","0.8324"
"66.7000","0.8327","8.8914","0.8327"
"66.7250","0.8330","8.9078","0.8330"
"66.7500","0.8334","8.9195","0.8334"
"66.7750","0.8337","8.9281","0.8337"
"66.8000","0.8340","8.9399","0.8340"
"66.8250","0.8343","8.9531","0.8343"
"66.8500","0.8346","8.9641","0.8346"
"66.8750","0.8349","8.9754","0.8349"
"66.9000","0.8352","8.9863","0.8352"
"66.9250","0.8355","8.9997","0.8355"
"66.9500","0.8358","9.0175","0.8358"
"66.9750","0.8361","9.0377","0.8361"
"67.0000","0.8365","9.0589","0.8365"
"67.0250","0.8368","9.0796","0.8368"
"67.0500","0.8371","9.0956","0.8371"
"67.0750","0.8374","9.1090","0.8374"
"67.1000","0.8377","9.1212","0.8377"
"67.1250","0.8380","9.1361","0.8380"
"67.1500","0.8383","9.1497","0.8383"
"67.1750","0.8387","9.1707","0.8387"
"67.2000","0.8390","9.1910","0.8390"
"67.2250","0.8393","9.2013","0.8393"
"67.2500","0.8396","9.2128","0.8396"
"67.2750","0.8399","9.2269","0.8399"
"67.3000","0.8402","9.2432","0.8402"
"67.3250","0.8405","9.2626","0.8405"
"67.3500","0.8408","9.2773","0.8408"
"67.3750","0.8411","9.2853","0.8411"
"67.4000","0.8414","9.2933","0.8414"
"67.4250","0.8418","9.3069","0.8418"
"67.4500","0.8421","9.3241","0.8421"
"67.4750","0.8424","9.3395","0.8424"
"67.5000","0.8427","9.3558","0.8427"
"67.5250","0.8430","9.3720","0.8430"
"67.5500","0.8433","9.3882","0.8433"
"67.5750","0.8436","9.4090","0.8436"
"67.6000","0.8440","9.4282","0.8440"
"67.6250","0.8443","9.4410","0.8443"
"67.6500","0.8446","9.4517","0.8446"
"67.6750","0.8449","9.4650","0.8449"
"67.7000","0.8452","9.4783","0.8452"
"67.7250","0.8455","9.4900","0.8455"
"67.7500","0.8459","9.5064","0.8459"
"67.7750","0.8462","9.5207","0.8462"
"67.8000","0.8465","9.5312","0.8465"
"67.8250","0.8468","9.5433","0.8468"
"67.8500","0.8471","9.5515","0.8471"
"67.8750","0.8474","9.5476","0.8474"
"67.9000","0.8477","9.5532","0.8477"
"67.9250","0.8481","9.5607","0.8481"
"67.9500","0.8484","9.5728","0.8484"
"67.9750","0.8487","9.5869","0.8487"
"68.0000","0.8490","9.5965","0.8490"
"68.0250","0.8493","9.6038","0.8493"
"68.0500","0.8496","9.6086","0.8496"
"68.0750","0.8499","9.6187","0.8499"
"68.1000","0.8502","9.6284","0.8502"
"68.1250","0.8505","9.6383","0.8505"
"68.1500","0.8509","9.6457","0.8509"
"68.1750","0.8512","9.6480","0.8512"
"68.2000","0.8515","9.6490","0.8515"
"68.2250","0.8518","9.6499","0.8518"
"68.2500","0.8521","9.6505","0.8521"
"68.2750","0.8524","9.6513","0.8524"
"68.3000","0.8527","9.6541","0.8527"
"68.3250","0.8530","9.6559","0.8530"
"68.3500","0.8534","9.6569","0.8534"
"68.3750","0.8537","9.6584","0.8537"
"68.4000","0.8540","9.6597","0.8540"
"68.4250","0.8543","9.6587","0.8543"
"68.4500","0.8546","9.6597","0.8546"
"68.4750","0.8549","9.6630","0.8549"
"68.5000","0.8552","9.6656","0.8552"
"68.5250","0.8555","9.6658","0.8555"
"68.5500","0.8559","9.6671","0.8559"
"68.5750","0.8562","9.6696","0.8562"
"68.6000","0.8565","9.6743","0.8565"
"68.6250","0.8568","9.6766","0.8568"
"68.6500","0.8571","9.6804","0.8571"
"68.6750","0.8575","9.6841","0.8575"
"68.7000","0.8578","9.6863","0.8578"
"68.7250","0.8581","9.6912","0.8581"
"68.7500","0.8584","9.6928","0.8584"
"68.7750","0.8587","9.6981","0.8587"
"68.8000","0.8590","9.7017","0.8590"
"68.8250","0.8593","9.7097","0.8593"
"68.8500","0.8596","9.7198","0.8596"
"68.8750","0.8599","9.7266","0.8599"
"68.9000","0.8602","9.7319","0.8602"
"68.9250","0.8606","9.7406","0.8606"
"68.9500","0.8609","9.7472","0.8609"
"68.9750","0.8612","9.7527","0.8612"
"69.0000","0.8615","9.7566","0.8615"
"69.0250","0.8618","9.7657","0.8618"
"69.0500","0.8621","9.7735","0.8621"
"69.0750","0.8625","9.7781","0.8625"
"69.1000","0.8628","9.7819","0.8628"
"69.1250","0.8631","9.7871","0.8631"
"69.1500","0.8634","9.7945","0.8634"
"69.1750","0.8637","9.8006","0.8637"
"69.2000","0.8640","9.8054","0.8640"
"69.2250","0.8643","9.8100","0.8643"
"69.2500","0.8646","9.8164","0.8646"
"69.2750","0.8649","9.8240","0.8649"
"69.3000","0.8652","9.8348","0.8652"
"69.3250","0.8655","9.8440","0.8655"
"69.3500","0.8659","9.8533","0.8659"
"69.3750","0.8662","9.8651","0.8662"
"69.4000","0.8665","9.8750","0.8665"
"69.4250","0.8668","9.8861","0.8668"
"69.4500","0.8671","9.9007","0.8671"
"69.4750","0.8674","9.9148","0.8674"
"69.5000","0.8677","9.9311","0.8677"
"69.5250","0.8680","9.9505","0.8680"
"69.5500","0.8683","9.9692","0.8683"
"69.5750","0.8686","9.9884","0.8686"
"69.6000","0.8689","10.0152","0.8689"
"69.6250","0.8693","10.0412","0.8693"
"69.6500","0.8696","10.0659","0.8696"
"69.6750","0.8699","10.0847","0.8699"
"69.7000","0.8702","10.1030","0.8702"
"69.7250","0.8705","10.1222","0.8705"
"69.7500","0.8708","10.1416","0.8708"
"69.7750","0.8711","10.1617","0.8711"
"69.8000","0.8714","10.1790","0.8714"
"69.8250","0.8717","10.1896","0.8717"
"69.8500","0.8720","10.1990","0.8720"
"69.8750","0.8723","10.2066","0.8723"
"69.9000","0.8726","10.2153","0.8726"
"69.9250","0.8729","10.2242","0.8729"
"69.9500","0.8731","10.2364","0.8731"
"69.9750","0.8734","10.2552","0.8734"
"70.0000","0.8737","10.2738","0.8737"
"70.0250","0.8740","10.2946","0.8740"
"70.0500","0.8744","10.3186","0.8744"
"70.0750","0.8747","10.3393","0.8747"
"70.1000","0.8750","10.3622","0.8750"
"70.1250","0.8753","10.3852","0.8753"
"70.1500","0.8756","10.4104","0.8756"
"70.1750","0.8759","10.4358","0.8759"
"70.2000","0.8763","10.4612","0.8763"
"70.2250","0.8766","10.4855","0.8766"
"70.2500","0.8769","10.5000","0.8769"
"70.2750","0.8772","10.5035","0.8772"
"70.3000","0.8775","10.5050","0.8775"
"70.3250","0.8778","10.5113","0.8778"
"70.3500","0.8782","10.5250","0.8782"
"70.3750","0.8785","10.5428","0.8785"
"70.4000","0.8788","10.5587","0.8788"
"70.4250","0.8791","10.5701","0.8791"
"70.4500","0.8794","10.5831","0.8794"
"70.4750","0.8797","10.5921","0.8797"
"70.5000","0.8800","10.6041","0.8800"
"70.5250","0.8804","10.6156","0.8804"
"70.5500","0.8807","10.6238","0.8807"
"70.5750","0.8810","10.6346","0.8810"
"70.6000","0.8813","10.6420","0.8813"
"70.6250","0.8816","10.6517","0.8816"
"70.6500","0.8819","10.6653","0.8819"
"70.6750","0.8822","10.6789","0.8822"
"70.7000","0.8826","10.6903","0.8826"
"70.7250","0.8829","10.7027","0.8829"
"70.7500","0.8832","10.7161","0.8832"
"70.7750","0.8835","10.7264","0.8835"
"70.8000","0.8838","10.7398","0.8838"
"70.8250","0.8841","10.7497","0.8841"
"70.8500","0.8844","10.7604","0.8844"
"70.8750","0.8847","10.7741","0.8847"
"70.9000","0.8851","10.7888","0.8851"
"70.9250","0.8854","10.7968","0.8854"
"70.9500","0.8857","10.8028","0.8857"
"70.9750","0.8860","10.8123","0.8860"
"71.0000","0.8863","10.8243","0.8863"
"71.0250","0.8866","10.8410","0.8866"
"71.0500","0.8869","10.8568","0.8869"
"71.0750","0.8872","10.8720","0.8872"
"71.1000","0.8875","10.8908","0.8875"
"71.1250","0.8879","10.9092","0.8879"
"71.1500","0.8882","10.9233","0.8882"
"71.1750","0.8885","10.9359","0.8885"
"71.2000","0.8888","10.9459","0.8888"
"71.2250","0.8891","10.9552","0.8891"
"71.2500","0.8894","10.9692","0.8894"
"71.2750","0.8897","10.9820","0.8897"
"71.3000","0.8900","10.9951","0.8900"
"71.3250","0.8903","11.0097","0.8903"
"71.3500","0.8907","11.0268","0.8907"
"71.3750","0.8910","11.0352","0.8910"
"71.4000","0.8913","11.0397","0.8913"
"71.4250","0.8916","11.0473","0.8916"
"71.4500","0.8919","11.0501","0.8919"
"71.4750","0.8922","11.0531","0.8922"
"71.5000","0.8925","11.0586","0.8925"
"71.5250","0.8929","11.0690","0.8929"
"71.5500","0.8932","11.0810","0.8932"
"71.5750","0.8935","11.0904","0.8935"
"71.6000","0.8938","11.0942","0.8938"
"71.6250","0.8941","11.0984","0.8941"
"71.6500","0.8944","11.1055","0.8944"
"71.6750","0.8947","11.1192","0.8947"
"71.7000","0.8950","11.1373","0.8950"
"71.7250","0.8954","11.1505","0.8954"
"71.7500","0.8957","11.1621","0.8957"
"71.7750","0.8960","11.1678","0.8960"
"71.8000","0.8963","11.1698","0.8963"
"71.8250","0.8966","11.1726","0.8966"
"71.8500","0.8969","11.1833","0.8969"
"71.8750","0.8972","11.1940","0.8972"
"71.9000","0.8976","11.2058","0.8976"
"71.9250","0.8979","11.2205","0.8979"
"71.9500","0.8982","11.2320","0.8982"
"71.9750","0.8985","11.2412","0.8985"
"72.0000","0.8988","11.2512","0.8988"
"72.0250","0.8991","11.2611","0.8991"
"72.0500","0.8994","11.2658","0.8994"
"72.0750","0.8997","11.2690","0.8997"
"72.1000","0.9000","11.2725","0.9000"
"72.1250","0.9004","11.2811","0.9004"
"72.1500","0.9007","11.2920","0.9007"
"72.1750","0.9010","11.3076","0.9010"
"72.2000","0.9013","11.3207","0.9013"
"72.2250","0.9016","11.3320","0.9016"
"72.2500","0.9020","11.3446","0.9020"
"72.2750","0.9023","11.3600","0.9023"
"72.3000","0.9026","11.3741","0.9026"
"72.3250","0.9029","11.3955","0.9029"
"72.3500","0.9033","11.4185","0.9033"
"72.3750","0.9036","11.4372","0.9036"
"72.4000","0.9040","11.4473","0.9040"
"72.4250","0.9043","11.4515","0.9043"
"72.4500","0.9046","11.4547","0.9046"
"72.4750","0.9049","11.4566","0.9049"
"72.5000","0.9052","11.4569","0.9052"
"72.5250","0.9055","11.4586","0.9055"
"72.5500","0.9058","11.4652","0.9058"
"72.5750","0.9062","11.4707","0.9062"
"72.6000","0.9065","11.4788","0.9065"
"72.6250","0.9068","11.4859","0.9068"
"72.6500","0.9071","11.4880","0.9071"
"72.6750","0.9074","11.4795","0.9074"
"72.7000","0.9078","11.4689","0.9078"
"72.7250","0.9081","11.4547","0.9081"
"72.7500","0.9084","11.4473","0.9084"
"72.7750","0.9087","11.4491","0.9087"
"72.8000","0.9090","11.4525","0.9090"
"72.8250","0.9093","11.4566","0.9093"
"72.8500","0.9096","11.4694","0.9096"
"72.8750","0.9099","11.4879","0.9099"
"72.9000","0.9102","11.5042","0.9102"
"72.9250","0.9106","11.5175","0.9106"
"72.9500","0.9109","11.5273","0.9109"
"72.9750","0.9112","11.5345","0.9112"
"73.0000","0.9115","11.5400","0.9115"
"73.0250","0.9118","11.5517","0.9118"
"73.0500","0.9121","11.5671","0.9121"
"73.0750","0.9124","11.5869","0.9124"
"73.1000","0.9127","11.6123","0.9127"
"73.1250","0.9130","11.6404","0.9130"
"73.1500","0.9134","11.6660","0.9134"
"73.1750","0.9137","11.6873","0.9137"
"73.2000","0.9140","11.7062","0.9140"
"73.2250","0.9143","11.7235","0.9143"
"73.2500","0.9146","11.7402","0.9146"
"73.2750","0.9149","11.7544","0.9149"
"73.3000","0.9152","11.7723","0.9152"
"73.3250","0.9155","11.7897","0.9155"
"73.3500","0.9158","11.8072","0.9158"
"73.3750","0.9161","11.8284","0.9161"
"73.4000","0.9165","11.8489","0.9165"
"73.4250","0.9168","11.8678","0.9168"
"73.4500","0.9171","11.8879","0.9171"
"73.4750","0.9174","11.9081","0.9174"
"73.5000","0.9177","11.9270","0.9177"
"73.5250","0.9180","11.9481","0.9180"
"73.5500","0.9184","11.9655","0.9184"
"73.5750","0.9187","11.9762","0.9187"
"73.6000","0.9190","11.9861","0.9190"
"73.6250","0.9193","11.9944","0.9193"
"73.6500","0.9196","12.0013","0.9196"
"73.6750","0.9199","12.0043","0.9199"
"73.7000","0.9202","12.0072","0.9202"
"73.7250","0.9205","12.0135","0.9205"
"73.7500","0.9208","12.0188","0.9208"
"73.7750","0.9210","12.0187","0.9210"
"73.8000","0.9213","12.0182","0.9213"
"73.8250","0.9216","12.0162","0.9216"
"73.8500","0.9219","12.0175","0.9219"
"73.8750","0.9222","12.0258","0.9222"
"73.9000","0.9225","12.0390","0.9225"
"73.9250","0.9228","12.0529","0.9228"
"73.9500","0.9231","12.0689","0.9231"
"73.9750","0.9234","12.0834","0.9234"
"74.0000","0.9237","12.0947","0.9237"
"74.0250","0.9241","12.1087","0.9241"
"74.0500","0.9244","12.1242","0.9244"
"74.0750","0.9247","12.1382","0.9247"
"74.1000","0.9250","12.1569","0.9250"
"74.1250","0.9253","12.1715","0.9253"
"74.1500","0.9256","12.1801","0.9256"
"74.1750","0.9259","12.1913","0.9259"
"74.2000","0.9262","12.2005","0.9262"
"74.2250","0.9265","12.2129","0.9265"
"74.2500","0.9268","12.2195","0.9268"
"74.2750","0.9271","12.2281","0.9271"
"74.3000","0.9274","12.2421","0.9274"
"74.3250","0.9277","12.2557","0.9277"
"74.3500","0.9280","12.2709","0.9280"
"74.3750","0.9284","12.2858","0.9284"
"74.4000","0.9287","12.2997","0.9287"
"74.4250","0.9290","12.3112","0.9290"
"74.4500","0.9293","12.3247","0.9293"
"74.4750","0.9296","12.3403","0.9296"
"74.5000","0.9299","12.3574","0.9299"
"74.5250","0.9302","12.3719","0.9302"
"74.5500","0.9306","12.3851","0.9306"
"74.5750","0.9309","12.3956","0.9309"
"74.6000","0.9312","12.4105","0.9312"
"74.6250","0.9315","12.4306","0.9315"
"74.6500","0.9318","12.4487","0.9318"
"74.6750","0.9322","12.4649","0.9322"
"74.7000","0.9325","12.4838","0.9325"
"74.7250","0.9328","12.4981","0.9328"
"74.7500","0.9332","12.5073","0.9332"
"74.7750","0.9335","12.5121","0.9335"
"74.8000","0.9338","12.5109","0.9338"
"74.8250","0.9341","12.5066","0.9341"
"74.8500","0.9344","12.5054","0.9344"
"74.8750","0.9347","12.5069","0.9347"
"74.9000","0.9350","12.5093","0.9350"
"74.9250","0.9353","12.5133","0.9353"
"74.9500","0.9356","12.5185","0.9356"
"74.9750","0.9359","12.5260","0.9359"
"75.0000","0.9362","12.5382","0.9362"
"75.0250","0.9365","12.5561","0.9365"
"75.0500","0.9369","12.5763","0.9369"
"75.0750","0.9372","12.5913","0.9372"
"75.1000","0.9375","12.5955","0.9375"
"75.1250","0.9378","12.5953","0.9378"
"75.1500","0.9381","12.5947","0.9381"
"75.1750","0.9385","12.6001","0.9385"
"75.2000","0.9388","12.6074","0.9388"
"75.2250","0.9391","12.6153","0.9391"
"75.2500","0.9394","12.6189","0.9394"
"75.2750","0.9397","12.6176","0.9397"
"75.3000","0.9400","12.6237","0.9400"
"75.3250","0.9404","12.6283","0.9404"
"75.3500","0.9407","12.6330","0.9407"
"75.3750","0.9410","12.6422","0.9410"
"75.4000","0.9413","12.6464","0.9413"
"75.4250","0.9416","12.6491","0.9416"
"75.4500","0.9419","12.6562","0.9419"
"75.4750","0.9423","12.6634","0.9423"
"75.5000","0.9426","12.6716","0.9426"
"75.5250","0.9429","12.6819","0.9429"
"75.5500","0.9432","12.6892","0.9432"
"75.5750","0.9435","12.6908","0.9435"
"75.6000","0.9438","12.6935","0.9438"
"75.6250","0.9441","12.7014","0.9441"
"75.6500","0.9444","12.7123","0.9444"
"75.6750","0.9447","12.7259","0.9447"
"75.7000","0.9451","12.7398","0.9451"
"75.7250","0.9454","12.7565","0.9454"
"75.7500","0.9457","12.7736","0.9457"
"75.7750","0.9460","12.7880","0.9460"
"75.8000","0.9463","12.8030","0.9463"
"75.8250","0.9466","12.8209","0.9466"
"75.8500","0.9470","12.8317","0.9470"
"75.8750","0.9473","12.8474","0.9473"
"75.9000","0.9476","12.8641","0.9476"
"75.9250","0.9479","12.8787","0.9479"
"75.9500","0.9482","12.8919","0.9482"
"75.9750","0.9486","12.9041","0.9486"
"76.0000","0.9489","12.9123","0.9489"
"76.0250","0.9492","12.9169","0.9492"
"76.0500","0.9495","12.9264","0.9495"
"76.0750","0.9499","12.9343","0.9499"
"76.1000","0.9502","12.9388","0.9502"
"76.1250","0.9505","12.9383","0.9505"
"76.1500","0.9508","12.9399","0.9508"
"76.1750","0.9511","12.9387","0.9511"
"76.2000","0.9515","12.9371","0.9515"
"76.2250","0.9518","12.9372","0.9518"
"76.2500","0.9521","12.9404","0.9521"
"76.2750","0.9524","12.9480","0.9524"
"76.3000","0.9527","12.9547","0.9527"
"76.3250","0.9530","12.9606","0.9530"
"76.3500","0.9533","12.9650","0.9533"
"76.3750","0.9536","12.9681","0.9536"
"76.4000","0.9539","12.9752","0.9539"
"76.4250","0.9542","12.9819","0.9542"
"76.4500","0.9545","12.9865","0.9545"
"76.4750","0.9548","12.9932","0.9548"
"76.5000","0.9552","13.0022","0.9552"
"76.5250","0.9555","13.0132","0.9555"
"76.5500","0.9558","13.0246","0.9558"
"76.5750","0.9561","13.0378","0.9561"
"76.6000","0.9564","13.0509","0.9564"
"76.6250","0.9567","13.0598","0.9567"
"76.6500","0.9570","13.0684","0.9570"
"76.6750","0.9573","13.0809","0.9573"
"76.7000","0.9576","13.0961","0.9576"
"76.7250","0.9579","13.1103","0.9579"
"76.7500","0.9582","13.1239","0.9582"
"76.7750","0.9585","13.1357","0.9585"
"76.8000","0.9588","13.1489","0.9588"
"76.8250","0.9591","13.1638","0.9591"
"76.8500","0.9594","13.1819","0.9594"
"76.8750","0.9598","13.2017","0.9598"
"76.9000","0.9601","13.2207","0.9601"
"76.9250","0.9604","13.2385","0.9604"
"76.9500","0.9607","13.2561","0.9607"
"76.9750","0.9610","13.2726","0.9610"
"77.0000","0.9613","13.2873","0.9613"
"77.0250","0.9616","13.3042","0.9616"
"77.0500","0.9619","13.3168","0.9619"
"77.0750","0.9623","13.3278","0.9623"
"77.1000","0.9626","13.3346","0.9626"
"77.1250","0.9629","13.3533","0.9629"
"77.1500","0.9632","13.3737","0.9632"
"77.1750","0.9635","13.3920","0.9635"
"77.2000","0.9638","13.4101","0.9638"
"77.2250","0.9642","13.4282","0.9642"
"77.2500","0.9645","13.4433","0.9645"
"77.2750","0.9648","13.4602","0.9648"
"77.3000","0.9651","13.4834","0.9651"
"77.3250","0.9654","13.5114","0.9654"
"77.3500","0.9658","13.5331","0.9658"
"77.3750","0.9661","13.5585","0.9661"
"77.4000","0.9664","13.5843","0.9664"
"77.4250","0.9667","13.6119","0.9667"
"77.4500","0.9671","13.6490","0.9671"
"77.4750","0.9674","13.6876","0.9674"
"77.5000","0.9677","13.7195","0.9677"
"77.5250","0.9681","13.7457","0.9681"
"77.5500","0.9684","13.7702","0.9684"
"77.5750","0.9687","13.7933","0.9687"
"77.6000","0.9690","13.8154","0.9690"
"77.6250","0.9693","13.8413","0.9693"
"77.6500","0.9697","13.8661","0.9697"
"77.6750","0.9700","13.8798","0.9700"
"77.7000","0.9703","13.8820","0.9703"
"77.7250","0.9705","13.8830","0.9705"
"77.7500","0.9708","13.8910","0.9708"
"77.7750","0.9711","13.9059","0.9711"
"77.8000","0.9714","13.9270","0.9714"
"77.8250","0.9717","13.9517","0.9717"
"77.8500","0.9721","13.9770","0.9721"
"77.8750","0.9724","14.0083","0.9724"
"77.9000","0.9727","14.0413","0.9727"
"77.9250","0.9730","14.0708","0.9730"
"77.9500","0.9733","14.1030","0.9733"
"77.9750","0.9737","14.1356","0.9737"
"78.0000","0.9740","14.1597","0.9740"
"78.0250","0.9743","14.1746","0.9743"
"78.0500","0.9746","14.1888","0.9746"
"78.0750","0.9749","14.2017","0.9749"
"78.1000","0.9752","14.2202","0.9752"
"78.1250","0.9755","14.2384","0.9755"
"78.1500","0.9758","14.2531","0.9758"
"78.1750","0.9761","14.2664","0.9761"
"78.2000","0.9764","14.2780","0.9764"
"78.2250","0.9767","14.2898","0.9767"
"78.2500","0.9770","14.3030","0.9770"
"78.2750","0.9773","14.3129","0.9773"
"78.3000","0.9776","14.3207","0.9776"
"78.3250","0.9779","14.3310","0.9779"
"78.3500","0.9782","14.3425","0.9782"
"78.3750","0.9785","14.3561","0.9785"
"78.4000","0.9788","14.3686","0.9788"
"78.4250","0.9791","14.3772","0.9791"
"78.4500","0.9794","14.3828","0.9794"
"78.4750","0.9797","14.3936","0.9797"
"78.5000","0.9800","14.4094","0.9800"
"78.5250","0.9804","14.4279","0.9804"
"78.5500","0.9807","14.4500","0.9807"
"78.5750","0.9810","14.4719","0.9810"
"78.6000","0.9813","14.4956","0.9813"
"78.6250","0.9817","14.5248","0.9817"
"78.6500","0.9820","14.5590","0.9820"
"78.6750","0.9824","14.5941","0.9824"
"78.7000","0.9827","14.6241","0.9827"
"78.7250","0.9831","14.6521","0.9831"
"78.7500","0.9834","14.6734","0.9834"
"78.7750","0.9837","14.6868","0.9837"
"78.8000","0.9840","14.6891","0.9840"
"78.8250","0.9844","14.6842","0.9844"
"78.8500","0.9847","14.6810","0.9847"
"78.8750","0.9850","14.6788","0.9850"
"78.9000","0.9853","14.6780","0.9853"
"78.9250","0.9856","14.6763","0.9856"
"78.9500","0.9859","14.6778","0.9859"
"78.9750","0.9862","14.6876","0.9862"
"79.0000","0.9865","14.7014","0.9865"
"79.0250","0.9868","14.7109","0.9868"
"79.0500","0.9872","14.7205","0.9872"
"79.0750","0.9875","14.7342","0.9875"
"79.1000","0.9878","14.7452","0.9878"
"79.1250","0.9881","14.7547","0.9881"
"79.1500","0.9885","14.7644","0.9885"
"79.1750","0.9888","14.7682","0.9888"
"79.2000","0.9891","14.7707","0.9891"
"79.2250","0.9894","14.7666","0.9894"
"79.2500","0.9897","14.7649","0.9897"
"79.2750","0.9900","14.7639","0.9900"
"79.3000","0.9903","14.7652","0.9903"
"79.3250","0.9906","14.7620","0.9906"
"79.3500","0.9909","14.7613","0.9909"
"79.3750","0.9913","14.7622","0.9913"
"79.4000","0.9916","14.7667","0.9916"
"79.4250","0.9919","14.7741","0.9919"
"79.4500","0.9922","14.7786","0.9922"
"79.4750","0.9925","14.7863","0.9925"
"79.5000","0.9928","14.7935","0.9928"
"79.5250","0.9931","14.8000","0.9931"
"79.5500","0.9934","14.8067","0.9934"
"79.5750","0.9937","14.8137","0.9937"
"79.6000","0.9940","14.8144","0.9940"
"79.6250","0.9943","14.8086","0.9943"
"79.6500","0.9946","14.7968","0.9946"
"79.6750","0.9949","14.7745","0.9949"
"79.7000","0.9952","14.7493","0.9952"
"79.7250","0.9955","14.7378","0.9955"
"79.7500","0.9958","14.7353","0.9958"
"79.7750","0.9962","14.7358","0.9962"
"79.8000","0.9965","14.7416","0.9965"
"79.8250","0.9968","14.7500","0.9968"
"79.8500","0.9971","14.7607","0.9971"
"79.8750","0.9974","14.7703","0.9974"
"79.9000","0.9977","14.7770","0.9977"
"79.9250","0.9981","14.7761","0.9981"
"79.9500","0.9984","14.7721","0.9984"
"79.9750","0.9987","14.7663","0.9987"
"80.0000","0.9990","14.7564","0.9990"
"80.0250","0.9993","14.7489","0.9993"
"80.0500","0.9996","14.7481","0.9996"
"80.0750","0.9999","14.7533","0.9999"
"80.1000","1.0002","14.7567","1.0002"
"80.1250","1.0005","14.7599","1.0005"
"80.1500","1.0008","14.7610","1.0008"
"80.1750","1.0011","14.7630","1.0011"
"80.2000","1.0014","14.7616","1.0014"
"80.2250","1.0017","14.7577","1.0017"
"80.2500","1.0020","14.7477","1.0020"
"80.2750","1.0023","14.7342","1.0023"
"80.3000","1.0026","14.7137","1.0026"
"80.3250","1.0028","14.6909","1.0028"
"80.3500","1.0031","14.6719","1.0031"
"80.3750","1.0034","14.6578","1.0034"
"80.4000","1.0037","14.6520","1.0037"
"80.4250","1.0040","14.6553","1.0040"
"80.4500","1.0043","14.6610","1.0043"
"80.4750","1.0047","14.6711","1.0047"
"80.5000","1.0050","14.6768","1.0050"
"80.5250","1.0053","14.6872","1.0053"
"80.5500","1.0056","14.6905","1.0056"
"80.5750","1.0060","14.6908","1.0060"
"80.6000","1.0063","14.6857","1.0063"
"80.6250","1.0066","14.6692","1.0066"
"80.6500","1.0069","14.6565","1.0069"
"80.6750","1.0072","14.6435","1.0072"
"80.7000","1.0075","14.6333","1.0075"
"80.7250","1.0078","14.6274","1.0078"
"80.7500","1.0081","14.6235","1.0081"
"80.7750","1.0084","14.6177","1.0084"
"80.8000","1.0087","14.6130","1.0087"
"80.8250","1.0090","14.6139","1.0090"
"80.8500","1.0094","14.6131","1.0094"
"80.8750","1.0097","14.6077","1.0097"
"80.9000","1.0100","14.5998","1.0100"
"80.9250","1.0103","14.5763","1.0103"
"80.9500","1.0106","14.5523","1.0106"
"80.9750","1.0109","14.5466","1.0109"
"81.0000","1.0113","14.5453","1.0113"
"81.0250","1.0116","14.5426","1.0116"
"81.0500","1.0119","14.5335","1.0119"
"81.0750","1.0122","14.5245","1.0122"
"81.1000","1.0125","14.5167","1.0125"
"81.1250","1.0129","14.5142","1.0129"
"81.1500","1.0132","14.5079","1.0132"
"81.1750","1.0135","14.4861","1.0135"
"81.2000","1.0138","14.4680","1.0138"
"81.2250","1.0141","14.4542","1.0141"
"81.2500","1.0144","14.4418","1.0144"
"81.2750","1.0147","14.4263","1.0147"
"81.3000","1.0150","14.4231","1.0150"
"81.3250","1.0153","14.4269","1.0153"
"81.3500","1.0157","14.4311","1.0157"
"81.3750","1.0160","14.4366","1.0160"
"81.4000","1.0163","14.4438","1.0163"
"81.4250","1.0166","14.4489","1.0166"
"81.4500","1.0169","14.4553","1.0169"
"81.4750","1.0172","14.4589","1.0172"
"81.5000","1.0176","14.4591","1.0176"
"81.5250","1.0179","14.4602","1.0179"
"81.5500","1.0182","14.4645","1.0182"
"81.5750","1.0185","14.4727","1.0185"
"81.6000","1.0188","14.4785","1.0188"
"81.6250","1.0191","14.4876","1.0191"
"81.6500","1.0195","14.4946","1.0195"
"81.6750","1.0198","14.4940","1.0198"
"81.7000","1.0201","14.4798","1.0201"
"81.7250","1.0204","14.4685","1.0204"
"81.7500","1.0208","14.4674","1.0208"
"81.7750","1.0211","14.4694","1.0211"
"81.8000","1.0214","14.4632","1.0214"
"81.8250","1.0218","14.4643","1.0218"
"81.8500","1.0221","14.4706","1.0221"
"81.8750","1.0224","14.4676","1.0224"
"81.9000","1.0228","14.4509","1.0228"
"81.9250","1.0231","14.4277","1.0231"
"81.9500","1.0234","14.4058","1.0234"
"81.9750","1.0237","14.3865","1.0237"
"82.0000","1.0240","14.3700","1.0240"
"82.0250","1.0243","14.3555","1.0243"
"82.0500","1.0246","14.3424","1.0246"
"82.0750","1.0249","14.3317","1.0249"
"82.1000","1.0252","14.3208","1.0252"
"82.1250","1.0255","14.3085","1.0255"
"82.1500","1.0258","14.2974","1.0258"
"82.1750","1.0261","14.2685","1.0261"
"82.2000","1.0264","14.2184","1.0264"
"82.2250","1.0267","14.1886","1.0267"
"82.2500","1.0271","14.1710","1.0271"
"82.2750","1.0274","14.1559","1.0274"
"82.3000","1.0277","14.1476","1.0277"
"82.3250","1.0280","14.1430","1.0280"
"82.3500","1.0283","14.1391","1.0283"
"82.3750","1.0286","14.1358","1.0286"
"82.4000","1.0289","14.1339","1.0289"
"82.4250","1.0292","14.1310","1.0292"
"82.4500","1.0295","14.1273","1.0295"
"82.4750","1.0298","14.1258","1.0298"
"82.5000","1.0301","14.1208","1.0301"
"82.5250","1.0304","14.1129","1.0304"
"82.5500","1.0307","14.1052","1.0307"
"82.5750","1.0310","14.1019","1.0310"
"82.6000","1.0313","14.0996","1.0313"
"82.6250","1.0316","14.0946","1.0316"
"82.6500","1.0319","14.0883","1.0319"
"82.6750","1.0322","14.0844","1.0322"
"82.7000","1.0325","14.0840","1.0325"
"82.7250","1.0328","14.0866","1.0328"
"82.7500","1.0332","14.0993","1.0332"
"82.7750","1.0335","14.1155","1.0335"
"82.8000","1.0338","14.1288","1.0338"
"82.8250","1.0341","14.1364","1.0341"
"82.8500","1.0344","14.1400","1.0344"
"82.8750","1.0347","14.1446","1.0347"
"82.9000","1.0351","14.1500","1.0351"
"82.9250","1.0354","14.1590","1.0354"
"82.9500","1.0357","14.1628","1.0357"
"82.9750","1.0360","14.1625","1.0360"
"83.0000","1.0363","14.1558","1.0363"
"83.0250","1.0366","14.1552","1.0366"
"83.0500","1.0369","14.1725","1.0369"
"83.0750","1.0373","14.1838","1.0373"
"83.1000","1.0376","14.1867","1.0376"
"83.1250","1.0379","14.1888","1.0379"
"83.1500","1.0382","14.1905","1.0382"
"83.1750","1.0385","14.1905","1.0385"
"83.2000","1.0388","14.1968","1.0388"
"83.2250","1.0391","14.2096","1.0391"
"83.2500","1.0394","14.2281","1.0394"
"83.2750","1.0397","14.2463","1.0397"
"83.3000","1.0401","14.2602","1.0401"
"83.3250","1.0404","14.2757","1.0404"
"83.3500","1.0407","14.2914","1.0407"
"83.3750","1.0410","14.2935","1.0410"
"83.4000","1.0413","14.2933","1.0413"
"83.4250","1.0416","14.2942","1.0416"
"83.4500","1.0419","14.2962","1.0419"
"83.4750","1.0422","14.3016","1.0422"
"83.5000","1.0425","14.3050","1.0425"
"83.5250","1.0428","14.3099","1.0428"
"83.5500","1.0432","14.3176","1.0432"
"83.5750","1.0435","14.3270","1.0435"
"83.6000","1.0438","14.3407","1.0438"
"83.6250","1.0441","14.3525","1.0441"
"83.6500","1.0444","14.3640","1.0444"
"83.6750","1.0447","14.3757","1.0447"
"83.7000","1.0450","14.3833","1.0450"
"83.7250","1.0453","14.3910","1.0453"
"83.7500","1.0456","14.4026","1.0456"
"83.7750","1.0460","14.4155","1.0460"
"83.8000","1.0463","14.4263","1.0463"
"83.8250","1.0466","14.4383","1.0466"
"83.8500","1.0469","14.4509","1.0469"
"83.8750","1.0472","14.4593","1.0472"
"83.9000","1.0475","14.4645","1.0475"
"83.9250","1.0478","14.4673","1.0478"
"83.9500","1.0481","14.4667","1.0481"
"83.9750","1.0484","14.4747","1.0484"
"84.0000","1.0488","14.4802","1.0488"
"84.0250","1.0491","14.4768","1.0491"
"84.0500","1.0494","14.4787","1.0494"
"84.0750","1.0497","14.4811","1.0497"
"84.1000","1.0500","14.4816","1.0500"
"84.1250","1.0503","14.4823","1.0503"
"84.1500","1.0506","14.4743","1.0506"
"84.1750","1.0509","14.4591","1.0509"
"84.2000","1.0512","14.4422","1.0512"
"84.2250","1.0515","14.4237","1.0515"
"84.2500","1.0518","14.4037","1.0518"
"84.2750","1.0521","14.3885","1.0521"
"84.3000","1.0524","14.3767","1.0524"
"84.3250","1.0527","14.3686","1.0527"
"84.3500","1.0530","14.3647","1.0530"
"84.3750","1.0533","14.3654","1.0533"
"84.4000","1.0536","14.3689","1.0536"
"84.4250","1.0539","14.3812","1.0539"
"84.4500","1.0543","14.3928","1.0543"
"84.4750","1.0546","14.4048","1.0546"
"84.5000","1.0549","14.4163","1.0549"
"84.5250","1.0552","14.4215","1.0552"
"84.5500","1.0556","14.4199","1.0556"
"84.5750","1.0559","14.4192","1.0559"
"84.6000","1.0562","14.4184","1.0562"
"84.6250","1.0565","14.4196","1.0565"
"84.6500","1.0568","14.4234","1.0568"
"84.6750","1.0572","14.4308","1.0572"
"84.7000","1.0575","14.4373","1.0575"
"84.7250","1.0578","14.4407","1.0578"
"84.7500","1.0581","14.4440","1.0581"
"84.7750","1.0585","14.4490","1.0585"
"84.8000","1.0588","14.4467","1.0588"
"84.8250","1.0591","14.4371","1.0591"
"84.8500","1.0594","14.4214","1.0594"
"84.8750","1.0597","14.4010","1.0597"
"84.9000","1.0600","14.3834","1.0600"
"84.9250","1.0603","14.3743","1.0603"
"84.9500","1.0606","14.3720","1.0606"
"84.9750","1.0610","14.3724","1.0610"
"85.0000","1.0613","14.3695","1.0613"
"85.0250","1.0616","14.3644","1.0616"
"85.0500","1.0619","14.3587","1.0619"
"85.0750","1.0622","14.3416","1.0622"
"85.1000","1.0625","14.3236","1.0625"
"85.1250","1.0628","14.3087","1.0628"
"85.1500","1.0632","14.2983","1.0632"
"85.1750","1.0635","14.2940","1.0635"
"85.2000","1.0638","14.2860","1.0638"
"85.2250","1.0641","14.2752","1.0641"
"85.2500","1.0644","14.2674","1.0644"
"85.2750","1.0647","14.2595","1.0647"
"85.3000","1.0650","14.2511","1.0650"
"85.3250","1.0653","14.2414","1.0653"
"85.3500","1.0656","14.2294","1.0656"
"85.3750","1.0659","14.2192","1.0659"
"85.4000","1.0662","14.2143","1.0662"
"85.4250","1.0666","14.2153","1.0666"
"85.4500","1.0669","14.2155","1.0669"
"85.4750","1.0672","14.2158","1.0672"
"85.5000","1.0675","14.2173","1.0675"
"85.5250","1.0678","14.2190","1.0678"
"85.5500","1.0681","14.2186","1.0681"
"85.5750","1.0684","14.2197","1.0684"
"85.6000","1.0688","14.2169","1.0688"
"85.6250","1.0691","14.2109","1.0691"
"85.6500","1.0694","14.2036","1.0694"
"85.6750","1.0697","14.1920","1.0697"
"85.7000","1.0700","14.1684","1.0700"
"85.7250","1.0703","14.1486","1.0703"
"85.7500","1.0706","14.1337","1.0706"
"85.7750","1.0709","14.1188","1.0709"
"85.8000","1.0712","14.1009","1.0712"
"85.8250","1.0715","14.0851","1.0715"
"85.8500","1.0718","14.0677","1.0718"
"85.8750","1.0721","14.0408","1.0721"
"85.9000","1.0724","14.0350","1.0724"
"85.9250","1.0728","14.0406","1.0728"
"85.9500","1.0731","14.0477","1.0731"
"85.9750","1.0734","14.0526","1.0734"
"86.0000","1.0738","14.0578","1.0738"
"86.0250","1.0741","14.0632","1.0741"
"86.0500","1.0744","14.0663","1.0744"
"86.0750","1.0747","14.0631","1.0747"
"86.1000","1.0751","14.0577","1.0751"
"86.1250","1.0754","14.0516","1.0754"
"86.1500","1.0757","14.0437","1.0757"
"86.1750","1.0760","14.0350","1.0760"
"86.2000","1.0763","14.0304","1.0763"
"86.2250","1.0766","14.0265","1.0766"
"86.2500","1.0769","14.0251","1.0769"
"86.2750","1.0772","14.0264","1.0772"
"86.3000","1.0776","14.0266","1.0776"
"86.3250","1.0779","14.0252","1.0779"
"86.3500","1.0782","14.0266","1.0782"
"86.3750","1.0785","14.0291","1.0785"
"86.4000","1.0788","14.0320","1.0788"
"86.4250","1.0791","14.0384","1.0791"
"86.4500","1.0794","14.0455","1.0794"
"86.4750","1.0798","14.0542","1.0798"
"86.5000","1.0801","14.0638","1.0801"
"86.5250","1.0804","14.0745","1.0804"
"86.5500","1.0807","14.0878","1.0807"
"86.5750","1.0810","14.1015","1.0810"
"86.6000","1.0814","14.1204","1.0814"
"86.6250","1.0817","14.1484","1.0817"
"86.6500","1.0820","14.1756","1.0820"
"86.6750","1.0824","14.2053","1.0824"
"86.7000","1.0827","14.2341","1.0827"
"86.7250","1.0831","14.2561","1.0831"
"86.7500","1.0834","14.2696","1.0834"
"86.7750","1.0838","14.2802","1.0838"
"86.8000","1.0841","14.2870","1.0841"
"86.8250","1.0844","14.2953","1.0844"
"86.8500","1.0847","14.3007","1.0847"
"86.8750","1.0851","14.3086","1.0851"
"86.9000","1.0854","14.3150","1.0854"
"86.9250","1.0857","14.3252","1.0857"
"86.9500","1.0860","14.3294","1.0860"
"86.9750","1.0863","14.3274","1.0863"
"87.0000","1.0866","14.3188","1.0866"
"87.0250","1.0869","14.3101","1.0869"
"87.0500","1.0872","14.3043","1.0872"
"87.0750","1.0875","14.2991","1.0875"
"87.1000","1.0878","14.2944","1.0878"
"87.1250","1.0881","14.2877","1.0881"
"87.1500","1.0884","14.2808","1.0884"
"87.1750","1.0887","14.2709","1.0887"
"87.2000","1.0890","14.2676","1.0890"
"87.2250","1.0893","14.2708","1.0893"
"87.2500","1.0896","14.2753","1.0896"
"87.2750","1.0899","14.2716","1.0899"
"87.3000","1.0902","14.2625","1.0902"
"87.3250","1.0905","14.2543","1.0905"
"87.3500","1.0908","14.2503","1.0908"
"87.3750","1.0911","14.2514","1.0911"
"87.4000","1.0914","14.2461","1.0914"
"87.4250","1.0917","14.2406","1.0917"
"87.4500","1.0920","14.2344","1.0920"
"87.4750","1.0922","14.2247","1.0922"
"87.5000","1.0925","14.2132","1.0925"
"87.5250","1.0928","14.2053","1.0928"
"87.5500","1.0931","14.2005","1.0931"
"87.5750","1.0934","14.1993","1.0934"
"87.6000","1.0937","14.2036","1.0937"
"87.6250","1.0940","14.2118","1.0940"
"87.6500","1.0944","14.2205","1.0944"
"87.6750","1.0947","14.2297","1.0947"
"87.7000","1.0950","14.2393","1.0950"
"87.7250","1.0953","14.2451","1.0953"
"87.7500","1.0956","14.2461","1.0956"
"87.7750","1.0959","14.2459","1.0959"
"87.8000","1.0962","14.2452","1.0962"
"87.8250","1.0965","14.2402","1.0965"
"87.8500","1.0968","14.2365","1.0968"
"87.8750","1.0971","14.2352","1.0971"
"87.9000","1.0974","14.2283","1.0974"
"87.9250","1.0977","14.2207","1.0977"
"87.9500","1.0980","14.2127","1.0980"
"87.9750","1.0983","14.2040","1.0983"
"88.0000","1.0986","14.2004","1.0986"
"88.0250","1.0989","14.1983","1.0989"
"88.0500","1.0993","14.1971","1.0993"
"88.0750","1.0996","14.1959","1.0996"
"88.1000","1.0999","14.1972","1.0999"
"88.1250","1.1002","14.1982","1.1002"
"88.1500","1.1005","14.1896","1.1005"
"88.1750","1.1008","14.1804","1.1008"
"88.2000","1.1011","14.1741","1.1011"
"88.2250","1.1014","14.1690","1.1014"
"88.2500","1.1017","14.1660","1.1017"
"88.2750","1.1020","14.1656","1.1020"
"88.3000","1.1024","14.1716","1.1024"
"88.3250","1.1027","14.1766","1.1027"
"88.3500","1.1030","14.1800","1.1030"
"88.3750","1.1033","14.1870","1.1033"
"88.4000","1.1036","14.1943","1.1036"
"88.4250","1.1039","14.1974","1.1039"
"88.4500","1.1043","14.1954","1.1043"
"88.4750","1.1046","14.1918","1.1046"
"88.5000","1.1049","14.1869","1.1049"
"88.5250","1.1052","14.1846","1.1052"
"88.5500","1.1055","14.1830","1.1055"
"88.5750","1.1058","14.1813","1.1058"
"88.6000","1.1061","14.1817","1.1061"
"88.6250","1.1064","14.1867","1.1064"
"88.6500","1.1067","14.1927","1.1067"
"88.6750","1.1070","14.1945","1.1070"
"88.7000","1.1073","14.1938","1.1073"
"88.7250","1.1076","14.1973","1.1076"
"88.7500","1.1079","14.2053","1.1079"
"88.7750","1.1083","14.2145","1.1083"
"88.8000","1.1086","14.2264","1.1086"
"88.8250","1.1089","14.2386","1.1089"
"88.8500","1.1092","14.2491","1.1092"
"88.8750","1.1095","14.2556","1.1095"
"88.9000","1.1099","14.2583","1.1099"
"88.9250","1.1102","14.2650","1.1102"
"88.9500","1.1105","14.2686","1.1105"
"88.9750","1.1108","14.2701","1.1108"
"89.0000","1.1111","14.2729","1.1111"
"89.0250","1.1114","14.2765","1.1114"
"89.0500","1.1117","14.2823","1.1117"
"89.0750","1.1120","14.2903","1.1120"
"89.1000","1.1124","14.2996","1.1124"
"89.1250","1.1127","14.3094","1.1127"
"89.1500","1.1130","14.3221","1.1130"
"89.1750","1.1133","14.3361","1.1133"
"89.2000","1.1137","14.3459","1.1137"
"89.2250","1.1140","14.3546","1.1140"
"89.2500","1.1143","14.3631","1.1143"
"89.2750","1.1146","14.3664","1.1146"
"89.3000","1.1149","14.3682","1.1149"
"89.3250","1.1152","14.3707","1.1152"
"89.3500","1.1155","14.3718","1.1155"
"89.3750","1.1158","14.3745","1.1158"
"89.4000","1.1162","14.3785","1.1162"
"89.4250","1.1165","14.3779","1.1165"
"89.4500","1.1168","14.3802","1.1168"
"89.4750","1.1171","14.3825","1.1171"
"89.5000","1.1174","14.3845","1.1174"
"89.5250","1.1177","14.3853","1.1177"
"89.5500","1.1180","14.3894","1.1180"
"89.5750","1.1183","14.4003","1.1183"
"89.6000","1.1186","14.4081","1.1186"
"89.6250","1.1189","14.4235","1.1189"
"89.6500","1.1193","14.4434","1.1193"
"89.6750","1.1196","14.4661","1.1196"
"89.7000","1.1199","14.4906","1.1199"
"89.7250","1.1203","14.5158","1.1203"
"89.7500","1.1206","14.5416","1.1206"
"89.7750","1.1209","14.5675","1.1209"
"89.8000","1.1213","14.5907","1.1213"
"89.8250","1.1216","14.6075","1.1216"
"89.8500","1.1219","14.6183","1.1219"
"89.8750","1.1223","14.6245","1.1223"
"89.9000","1.1226","14.6300","1.1226"
"89.9250","1.1229","14.6327","1.1229"
"89.9500","1.1232","14.6329","1.1232"
"89.9750","1.1235","14.6336","1.1235"
"90.0000","1.1238","14.6399","1.1238"
"90.0250","1.1241","14.6458","1.1241"
"90.0500","1.1244","14.6484","1.1244"
"90.0750","1.1247","14.6562","1.1247"
"90.1000","1.1251","14.6707","1.1251"
"90.1250","1.1254","14.6841","1.1254"
"90.1500","1.1257","14.6971","1.1257"
"90.1750","1.1260","14.7034","1.1260"
"90.2000","1.1263","14.7080","1.1263"
"90.2250","1.1266","14.7106","1.1266"
"90.2500","1.1269","14.7105","1.1269"
"90.2750","1.1272","14.7078","1.1272"
"90.3000","1.1276","14.7096","1.1276"
"90.3250","1.1279","14.7130","1.1279"
"90.3500","1.1282","14.7099","1.1282"
"90.3750","1.1285","14.7128","1.1285"
"90.4000","1.1288","14.7231","1.1288"
"90.4250","1.1291","14.7341","1.1291"
"90.4500","1.1294","14.7433","1.1294"
"90.4750","1.1297","14.7539","1.1297"
"90.5000","1.1301","14.7644","1.1301"
"90.5250","1.1304","14.7761","1.1304"
"90.5500","1.1307","14.7882","1.1307"
"90.5750","1.1310","14.8000","1.1310"
"90.6000","1.1313","14.8113","1.1313"
"90.6250","1.1317","14.8223","1.1317"
"90.6500","1.1320","14.8324","1.1320"
"90.6750","1.1323","14.8394","1.1323"
"90.7000","1.1326","14.8424","1.1326"
"90.7250","1.1329","14.8426","1.1329"
"90.7500","1.1332","14.8337","1.1332"
"90.7750","1.1335","14.8265","1.1335"
"90.8000","1.1338","14.8207","1.1338"
"90.8250","1.1341","14.8130","1.1341"
"90.8500","1.1344","14.8075","1.1344"
"90.8750","1.1347","14.8001","1.1347"
"90.9000","1.1350","14.7968","1.1350"
"90.9250","1.1353","14.7981","1.1353"
"90.9500","1.1356","14.8058","1.1356"
"90.9750","1.1359","14.8129","1.1359"
"91.0000","1.1363","14.8222","1.1363"
"91.0250","1.1366","14.8356","1.1366"
"91.0500","1.1369","14.8487","1.1369"
"91.0750","1.1372","14.8605","1.1372"
"91.1000","1.1376","14.8676","1.1376"
"91.1250","1.1379","14.8694","1.1379"
"91.1500","1.1382","14.8719","1.1382"
"91.1750","1.1385","14.8710","1.1385"
"91.2000","1.1388","14.8665","1.1388"
"91.2250","1.1391","14.8626","1.1391"
"91.2500","1.1394","14.8611","1.1394"
"91.2750","1.1397","14.8690","1.1397"
"91.3000","1.1400","14.8863","1.1400"
"91.3250","1.1404","14.9070","1.1404"
"91.3500","1.1407","14.9325","1.1407"
"91.3750","1.1410","14.9585","1.1410"
"91.4000","1.1414","14.9826","1.1414"
"91.4250","1.1417","15.0028","1.1417"
"91.4500","1.1420","15.0192","1.1420"
"91.4750","1.1424","15.0346","1.1424"
"91.5000","1.1427","15.0518","1.1427"
"91.5250","1.1430","15.0701","1.1430"
"91.5500","1.1434","15.0920","1.1434"
"91.5750","1.1437","15.1085","1.1437"
"91.6000","1.1440","15.1166","1.1440"
"91.6250","1.1443","15.1219","1.1443"
"91.6500","1.1446","15.1188","1.1446"
"91.6750","1.1449","15.1134","1.1449"
"91.7000","1.1452","15.1095","1.1452"
"91.7250","1.1455","15.1102","1.1455"
"91.7500","1.1459","15.1108","1.1459"
"91.7750","1.1462","15.1125","1.1462"
"91.8000","1.1465","15.1175","1.1465"
"91.8250","1.1468","15.1277","1.1468"
"91.8500","1.1471","15.1392","1.1471"
"91.8750","1.1474","15.1481","1.1474"
"91.9000","1.1477","15.1573","1.1477"
"91.9250","1.1480","15.1627","1.1480"
"91.9500","1.1484","15.1638","1.1484"
"91.9750","1.1487","15.1692","1.1487"
"92.0000","1.1490","15.1709","1.1490"
"92.0250","1.1493","15.1741","1.1493"
"92.0500","1.1496","15.1794","1.1496"
"92.0750","1.1499","15.1851","1.1499"
"92.1000","1.1502","15.1907","1.1502"
"92.1250","1.1505","15.1999","1.1505"
"92.1500","1.1508","15.2131","1.1508"
"92.1750","1.1512","15.2308","1.1512"
"92.2000","1.1515","15.2510","1.1515"
"92.2250","1.1518","15.2687","1.1518"
"92.2500","1.1522","15.2874","1.1522"
"92.2750","1.1525","15.3059","1.1525"
"92.3000","1.1528","15.3230","1.1528"
"92.3250","1.1531","15.3340","1.1531"
"92.3500","1.1534","15.3440","1.1534"
"92.3750","1.1537","15.3552","1.1537"
"92.4000","1.1541","15.3690","1.1541"
"92.4250","1.1544","15.3867","1.1544"
"92.4500","1.1547","15.4057","1.1547"
"92.4750","1.1550","15.4180","1.1550"
"92.5000","1.1554","15.4310","1.1554"
"92.5250","1.1557","15.4468","1.1557"
"92.5500","1.1560","15.4656","1.1560"
"92.5750","1.1564","15.4852","1.1564"
"92.6000","1.1567","15.5008","1.1567"
"92.6250","1.1570","15.5108","1.1570"
"92.6500","1.1573","15.5135","1.1573"
"92.6750","1.1576","15.5110","1.1576"
"92.7000","1.1579","15.5061","1.1579"
"92.7250","1.1582","15.4993","1.1582"
"92.7500","1.1585","15.4958","1.1585"
"92.7750","1.1588","15.4949","1.1588"
"92.8000","1.1591","15.4961","1.1591"
"92.8250","1.1594","15.4977","1.1594"
"92.8500","1.1597","15.5045","1.1597"
"92.8750","1.1600","15.5118","1.1600"
"92.9000","1.1603","15.5182","1.1603"
"92.9250","1.1606","15.5252","1.1606"
"92.9500","1.1609","15.5315","1.1609"
"92.9750","1.1612","15.5383","1.1612"
"93.0000","1.1615","15.5468","1.1615"
"93.0250","1.1618","15.5582","1.1618"
"93.0500","1.1621","15.5675","1.1621"
"93.0750","1.1624","15.5778","1.1624"
"93.1000","1.1627","15.5897","1.1627"
"93.1250","1.1631","15.6054","1.1631"
"93.1500","1.1634","15.6158","1.1634"
"93.1750","1.1637","15.6264","1.1637"
"93.2000","1.1640","15.6423","1.1640"
"93.2250","1.1643","15.6564","1.1643"
"93.2500","1.1646","15.6707","1.1646"
"93.2750","1.1649","15.6829","1.1649"
"93.3000","1.1652","15.6890","1.1652"
"93.3250","1.1655","15.6922","1.1655"
"93.3500","1.1658","15.6969","1.1658"
"93.3750","1.1661","15.7043","1.1661"
"93.4000","1.1664","15.7110","1.1664"
"93.4250","1.1667","15.7209","1.1667"
"93.4500","1.1671","15.7327","1.1671"
"93.4750","1.1674","15.7421","1.1674"
"93.5000","1.1677","15.7504","1.1677"
"93.5250","1.1680","15.7590","1.1680"
"93.5500","1.1683","15.7681","1.1683"
"93.5750","1.1686","15.7753","1.1686"
"93.6000","1.1689","15.7799","1.1689"
"93.6250","1.1692","15.7844","1.1692"
"93.6500","1.1695","15.7880","1.1695"
"93.6750","1.1698","15.7935","1.1698"
"93.7000","1.1701","15.7997","1.1701"
"93.7250","1.1704","15.8017","1.1704"
"93.7500","1.1707","15.8037","1.1707"
"93.7750","1.1710","15.8062","1.1710"
"93.8000","1.1713","15.8088","1.1713"
"93.8250","1.1716","15.8157","1.1716"
"93.8500","1.1719","15.8281","1.1719"
"93.8750","1.1722","15.8488","1.1722"
"93.9000","1.1725","15.8674","1.1725"
"93.9250","1.1728","15.8804","1.1728"
"93.9500","1.1731","15.8908","1.1731"
"93.9750","1.1734","15.8948","1.1734"
"94.0000","1.1737","15.9129","1.1737"
"94.0250","1.1741","15.9351","1.1741"
"94.0500","1.1744","15.9572","1.1744"
"94.0750","1.1747","15.9780","1.1747"
"94.1000","1.1750","16.0011","1.1750"
"94.1250","1.1753","16.0244","1.1753"
"94.1500","1.1757","16.0484","1.1757"
"94.1750","1.1760","16.0655","1.1760"
"94.2000","1.1763","16.0775","1.1763"
"94.2250","1.1766","16.0857","1.1766"
"94.2500","1.1769","16.1003","1.1769"
"94.2750","1.1772","16.1183","1.1772"
"94.3000","1.1775","16.1413","1.1775"
"94.3250","1.1779","16.1591","1.1779"
"94.3500","1.1782","16.1758","1.1782"
"94.3750","1.1785","16.1916","1.1785"
"94.4000","1.1788","16.2079","1.1788"
"94.4250","1.1791","16.2242","1.1791"
"94.4500","1.1794","16.2450","1.1794"
"94.4750","1.1798","16.2671","1.1798"
"94.5000","1.1801","16.2821","1.1801"
"94.5250","1.1804","16.2973","1.1804"
"94.5500","1.1807","16.3143","1.1807"
"94.5750","1.1811","16.3321","1.1811"
"94.6000","1.1814","16.3515","1.1814"
"94.6250","1.1817","16.3798","1.1817"
"94.6500","1.1821","16.3991","1.1821"
"94.6750","1.1824","16.4198","1.1824"
"94.7000","1.1827","16.4448","1.1827"
"94.7250","1.1831","16.4717","1.1831"
"94.7500","1.1834","16.4954","1.1834"
"94.7750","1.1837","16.5124","1.1837"
"94.8000","1.1840","16.5250","1.1840"
"94.8250","1.1844","16.5310","1.1844"
"94.8500","1.1847","16.5331","1.1847"
"94.8750","1.1850","16.5344","1.1850"
"94.9000","1.1853","16.5339","1.1853"
"94.9250","1.1856","16.5350","1.1856"
"94.9500","1.1859","16.5349","1.1859"
"94.9750","1.1862","16.5381","1.1862"
"95.0000","1.1865","16.5465","1.1865"
"95.0250","1.1868","16.5587","1.1868"
"95.0500","1.1872","16.5768","1.1872"
"95.0750","1.1875","16.5946","1.1875"
"95.1000","1.1878","16.6124","1.1878"
"95.1250","1.1882","16.6340","1.1882"
"95.1500","1.1885","16.6548","1.1885"
"95.1750","1.1888","16.6750","1.1888"
"95.2000","1.1892","16.6879","1.1892"
"95.2250","1.1895","16.6956","1.1895"
"95.2500","1.1898","16.6984","1.1898"
"95.2750","1.1901","16.6992","1.1901"
"95.3000","1.1904","16.6944","1.1904"
"95.3250","1.1907","16.6847","1.1907"
"95.3500","1.1910","16.6447","1.1910"
"95.3750","1.1913","16.6175","1.1913"
"95.4000","1.1916","16.6033","1.1916"
"95.4250","1.1919","16.5952","1.1919"
"95.4500","1.1923","16.5940","1.1923"
"95.4750","1.1926","16.5993","1.1926"
"95.5000","1.1929","16.6055","1.1929"
"95.5250","1.1932","16.6039","1.1932"
"95.5500","1.1935","16.5995","1.1935"
"95.5750","1.1939","16.5910","1.1939"
"95.6000","1.1942","16.5827","1.1942"
"95.6250","1.1945","16.5759","1.1945"
"95.6500","1.1948","16.5721","1.1948"
"95.6750","1.1951","16.5662","1.1951"
"95.7000","1.1954","16.5574","1.1954"
"95.7250","1.1957","16.5465","1.1957"
"95.7500","1.1960","16.5354","1.1960"
"95.7750","1.1963","16.5274","1.1963"
"95.8000","1.1966","16.5189","1.1966"
"95.8250","1.1969","16.5112","1.1969"
"95.8500","1.1972","16.5086","1.1972"
"95.8750","1.1975","16.5083","1.1975"
"95.9000","1.1978","16.5142","1.1978"
"95.9250","1.1981","16.5226","1.1981"
"95.9500","1.1984","16.5314","1.1984"
"95.9750","1.1987","16.5411","1.1987"
"96.0000","1.1990","16.5543","1.1990"
"96.0250","1.1993","16.5672","1.1993"
"96.0500","1.1996","16.5795","1.1996"
"96.0750","1.1999","16.5937","1.1999"
"96.1000","1.2002","16.6090","1.2002"
"96.1250","1.2006","16.6264","1.2006"
"96.1500","1.2009","16.6403","1.2009"
"96.1750","1.2012","16.6532","1.2012"
"96.2000","1.2015","16.6667","1.2015"
"96.2250","1.2018","16.6788","1.2018"
"96.2500","1.2021","16.6938","1.2021"
"96.2750","1.2024","16.7102","1.2024"
"96.3000","1.2027","16.7249","1.2027"
"96.3250","1.2030","16.7389","1.2030"
"96.3500","1.2033","16.7532","1.2033"
"96.3750","1.2037","16.7748","1.2037"
"96.4000","1.2040","16.7956","1.2040"
"96.4250","1.2043","16.8161","1.2043"
"96.4500","1.2046","16.8361","1.2046"
"96.4750","1.2049","16.8545","1.2049"
"96.5000","1.2052","16.8703","1.2052"
"96.5250","1.2055","16.8873","1.2055"
"96.5500","1.2058","16.9062","1.2058"
"96.5750","1.2062","16.9245","1.2062"
"96.6000","1.2065","16.9400","1.2065"
"96.6250","1.2068","16.9536","1.2068"
"96.6500","1.2071","16.9671","1.2071"
"96.6750","1.2074","16.9778","1.2074"
"96.7000","1.2077","16.9858","1.2077"
"96.7250","1.2080","17.0003","1.2080"
"96.7500","1.2083","17.0183","1.2083"
"96.7750","1.2086","17.0450","1.2086"
"96.8000","1.2089","17.0756","1.2089"
"96.8250","1.2092","17.1106","1.2092"
"96.8500","1.2096","17.1478","1.2096"
"96.8750","1.2099","17.1891","1.2099"
"96.9000","1.2103","17.2268","1.2103"
"96.9250","1.2106","17.2557","1.2106"
"96.9500","1.2109","17.2745","1.2109"
"96.9750","1.2112","17.2846","1.2112"
"97.0000","1.2115","17.2846","1.2115"
"97.0250","1.2118","17.2951","1.2118"
"97.0500","1.2121","17.3082","1.2121"
"97.0750","1.2124","17.3253","1.2124"
"97.1000","1.2127","17.3482","1.2127"
"97.1250","1.2130","17.3765","1.2130"
"97.1500","1.2134","17.4161","1.2134"
"97.1750","1.2137","17.4520","1.2137"
"97.2000","1.2140","17.4827","1.2140"
"97.2250","1.2143","17.5103","1.2143"
"97.2500","1.2147","17.5374","1.2147"
"97.2750","1.2150","17.5651","1.2150"
"97.3000","1.2153","17.5844","1.2153"
"97.3250","1.2156","17.5996","1.2156"
"97.3500","1.2159","17.6145","1.2159"
"97.3750","1.2162","17.6332","1.2162"
"97.4000","1.2165","17.6506","1.2165"
"97.4250","1.2168","17.6699","1.2168"
"97.4500","1.2171","17.6878","1.2171"
"97.4750","1.2175","17.7052","1.2175"
"97.5000","1.2178","17.7337","1.2178"
"97.5250","1.2181","17.7666","1.2181"
"97.5500","1.2184","17.7946","1.2184"
"97.5750","1.2187","17.8202","1.2187"
"97.6000","1.2191","17.8422","1.2191"
"97.6250","1.2194","17.8662","1.2194"
"97.6500","1.2197","17.8900","1.2197"
"97.6750","1.2200","17.9121","1.2200"
"97.7000","1.2203","17.9331","1.2203"
"97.7250","1.2207","17.9528","1.2207"
"97.7500","1.2210","17.9753","1.2210"
"97.7750","1.2213","18.0032","1.2213"
"97.8000","1.2216","18.0441","1.2216"
"97.8250","1.2220","18.0882","1.2220"
"97.8500","1.2223","18.1243","1.2223"
"97.8750","1.2227","18.1548","1.2227"
"97.9000","1.2230","18.1749","1.2230"
"97.9250","1.2233","18.1843","1.2233"
"97.9500","1.2236","18.1806","1.2236"
"97.9750","1.2239","18.1792","1.2239"
"98.0000","1.2242","18.1825","1.2242"
"98.0250","1.2245","18.1948","1.2245"
"98.0500","1.2248","18.2097","1.2248"
"98.0750","1.2251","18.2255","1.2251"
"98.1000","1.2254","18.2415","1.2254"
"98.1250","1.2257","18.2581","1.2257"
"98.1500","1.2260","18.2745","1.2260"
"98.1750","1.2263","18.2918","1.2263"
"98.2000","1.2267","18.3105","1.2267"
"98.2250","1.2270","18.3285","1.2270"
"98.2500","1.2273","18.3447","1.2273"
"98.2750","1.2276","18.3610","1.2276"
"98.3000","1.2279","18.3862","1.2279"
"98.3250","1.2282","18.4132","1.2282"
"98.3500","1.2285","18.4353","1.2285"
"98.3750","1.2288","18.4539","1.2288"
"98.4000","1.2292","18.4668","1.2292"
"98.4250","1.2295","18.4730","1.2295"
"98.4500","1.2297","18.4755","1.2297"
"98.4750","1.2300","18.4771","1.2300"
"98.5000","1.2303","18.4831","1.2303"
"98.5250","1.2306","18.4925","1.2306"
"98.5500","1.2309","18.4979","1.2309"
"98.5750","1.2312","18.5056","1.2312"
"98.6000","1.2315","18.5189","1.2315"
"98.6250","1.2318","18.5355","1.2318"
"98.6500","1.2322","18.5592","1.2322"
"98.6750","1.2325","18.5909","1.2325"
"98.7000","1.2328","18.6226","1.2328"
"98.7250","1.2332","18.6550","1.2332"
"98.7500","1.2335","18.6843","1.2335"
"98.7750","1.2338","18.7063","1.2338"
"98.8000","1.2341","18.7221","1.2341"
"98.8250","1.2344","18.7235","1.2344"
"98.8500","1.2347","18.7195","1.2347"
"98.8750","1.2350","18.7196","1.2350"
"98.9000","1.2353","18.7163","1.2353"
"98.9250","1.2356","18.7083","1.2356"
"98.9500","1.2359","18.7036","1.2359"
"98.9750","1.2362","18.7094","1.2362"
"99.0000","1.2365","18.7244","1.2365"
"99.0250","1.2368","18.7462","1.2368"
"99.0500","1.2371","18.7702","1.2371"
"99.0750","1.2374","18.7936","1.2374"
"99.1000","1.2378","18.8125","1.2378"
"99.1250","1.2381","18.8262","1.2381"
"99.1500","1.2384","18.8396","1.2384"
"99.1750","1.2387","18.8512","1.2387"
"99.2000","1.2390","18.8611","1.2390"
"99.2250","1.2393","18.8692","1.2393"
"99.2500","1.2396","18.8691","1.2396"
"99.2750","1.2399","18.8748","1.2399"
"99.3000","1.2402","18.8814","1.2402"
"99.3250","1.2405","18.8882","1.2405"
"99.3500","1.2408","18.9011","1.2408"
"99.3750","1.2411","18.9107","1.2411"
"99.4000","1.2414","18.9187","1.2414"
"99.4250","1.2417","18.9261","1.2417"
"99.4500","1.2420","18.9294","1.2420"
"99.4750","1.2423","18.9224","1.2423"
"99.5000","1.2426","18.9187","1.2426"
"99.5250","1.2429","18.9146","1.2429"
"99.5500","1.2432","18.9089","1.2432"
"99.5750","1.2434","18.9056","1.2434"
"99.6000","1.2437","18.9094","1.2437"
"99.6250","1.2440","18.9249","1.2440"
"99.6500","1.2443","18.9418","1.2443"
"99.6750","1.2446","18.9608","1.2446"
"99.7000","1.2450","18.9840","1.2450"
"99.7250","1.2453","19.0101","1.2453"
"99.7500","1.2456","19.0438","1.2456"
"99.7750","1.2459","19.0767","1.2459"
"99.8000","1.2462","19.1033","1.2462"
"99.8250","1.2465","19.1220","1.2465"
"99.8500","1.2468","19.1372","1.2468"
"99.8750","1.2471","19.1515","1.2471"
"99.9000","1.2474","19.1641","1.2474"
"99.9250","1.2477","19.1775","1.2477"
"99.9500","1.2480","19.1961","1.2480"
"99.9750","1.2484","19.2172","1.2484"
"100.0000","1.2487","19.2362","1.2487"
"100.0250","1.2490","19.2576","1.2490"
"100.0500","1.2493","19.2815","1.2493"
"100.0750","1.2496","19.3044","1.2496"
"100.1000","1.2499","19.3314","1.2499"
"100.1250","1.2502","19.3590","1.2502"
"100.1500","1.2505","19.3886","1.2505"
"100.1750","1.2509","19.4166","1.2509"
"100.2000","1.2512","19.4466","1.2512"
"100.2250","1.2515","19.4764","1.2515"
"100.2500","1.2518","19.5020","1.2518"
"100.2750","1.2521","19.5217","1.2521"
"100.3000","1.2525","19.5439","1.2525"
"100.3250","1.2528","19.5701","1.2528"
"100.3500","1.2531","19.6003","1.2531"
"100.3750","1.2534","19.6297","1.2534"
"100.4000","1.2537","19.6549","1.2537"
"100.4250","1.2541","19.6834","1.2541"
"100.4500","1.2544","19.7108","1.2544"
"100.4750","1.2547","19.7422","1.2547"
"100.5000","1.2550","19.7672","1.2550"
"100.5250","1.2554","19.7904","1.2554"
"100.5500","1.2557","19.8137","1.2557"
"100.5750","1.2560","19.8365","1.2560"
"100.6000","1.2563","19.8567","1.2563"
"100.6250","1.2566","19.8794","1.2566"
"100.6500","1.2569","19.9022","1.2569"
"100.6750","1.2573","19.9244","1.2573"
"100.7000","1.2576","19.9406","1.2576"
"100.7250","1.2579","19.9556","1.2579"
"100.7500","1.2582","19.9750","1.2582"
"100.7750","1.2585","20.0004","1.2585"
"100.8000","1.2588","20.0250","1.2588"
"100.8250","1.2592","20.0508","1.2592"
"100.8500","1.2595","20.0784","1.2595"
"100.8750","1.2598","20.1083","1.2598"
"100.9000","1.2602","20.1416","1.2602"
"100.9250","1.2605","20.1732","1.2605"
"100.9500","1.2608","20.2041","1.2608"
"100.9750","1.2612","20.2364","1.2612"
"101.0000","1.2615","20.2619","1.2615"
"101.0250","1.2618","20.2830","1.2618"
"101.0500","1.2622","20.2976","1.2622"
"101.0750","1.2625","20.3059","1.2625"
"101.1000","1.2628","20.3146","1.2628"
"101.1250","1.2631","20.3246","1.2631"
"101.1500","1.2634","20.3290","1.2634"
"101.1750","1.2637","20.3333","1.2637"
"101.2000","1.2640","20.3407","1.2640"
"101.2250","1.2643","20.3520","1.2643"
"101.2500","1.2646","20.3644","1.2646"
"101.2750","1.2649","20.3791","1.2649"
"101.3000","1.2652","20.3886","1.2652"
"101.3250","1.2656","20.3988","1.2656"
"101.3500","1.2659","20.4123","1.2659"
"101.3750","1.2662","20.4296","1.2662"
"101.4000","1.2665","20.4497","1.2665"
"101.4250","1.2668","20.4703","1.2668"
"101.4500","1.2671","20.4885","1.2671"
"101.4750","1.2674","20.5015","1.2674"
"101.5000","1.2678","20.5115","1.2678"
"101.5250","1.2681","20.5187","1.2681"
"101.5500","1.2684","20.5278","1.2684"
"101.5750","1.2687","20.5356","1.2687"
"101.6000","1.2690","20.5398","1.2690"
"101.6250","1.2693","20.5433","1.2693"
"101.6500","1.2696","20.5508","1.2696"
"101.6750","1.2699","20.5663","1.2699"
"101.7000","1.2702","20.5751","1.2702"
"101.7250","1.2706","20.5840","1.2706"
"101.7500","1.2709","20.5880","1.2709"
"101.7750","1.2712","20.5905","1.2712"
"101.8000","1.2715","20.5964","1.2715"
"101.8250","1.2718","20.6023","1.2718"
"101.8500","1.2721","20.6108","1.2721"
"101.8750","1.2724","20.6222","1.2724"
"101.9000","1.2728","20.6352","1.2728"
"101.9250","1.2731","20.6473","1.2731"
"101.9500","1.2734","20.6589","1.2734"
"101.9750","1.2737","20.6725","1.2737"
"102.0000","1.2740","20.6848","1.2740"
"102.0250","1.2743","20.6993","1.2743"
"102.0500","1.2746","20.7153","1.2746"
"102.0750","1.2750","20.7329","1.2750"
"102.1000","1.2753","20.7480","1.2753"
"102.1250","1.2756","20.7639","1.2756"
"102.1500","1.2759","20.7811","1.2759"
"102.1750","1.2762","20.7975","1.2762"
"102.2000","1.2765","20.8139","1.2765"
"102.2250","1.2769","20.8373","1.2769"
"102.2500","1.2772","20.8630","1.2772"
"102.2750","1.2775","20.8911","1.2775"
"102.3000","1.2778","20.9157","1.2778"
"102.3250","1.2782","20.9423","1.2782"
"102.3500","1.2785","20.9644","1.2785"
"102.3750","1.2788","20.9813","1.2788"
"102.4000","1.2791","20.9910","1.2791"
"102.4250","1.2794","21.0011","1.2794"
"102.4500","1.2798","21.0125","1.2798"
"102.4750","1.2801","21.0221","1.2801"
"102.5000","1.2804","21.0264","1.2804"
"102.5250","1.2807","21.0299","1.2807"
"102.5500","1.2810","21.0265","1.2810"
"102.5750","1.2813","21.0258","1.2813"
"102.6000","1.2816","21.0275","1.2816"
"102.6250","1.2819","21.0320","1.2819"
"102.6500","1.2822","21.0376","1.2822"
"102.6750","1.2825","21.0478","1.2825"
"102.7000","1.2828","21.0612","1.2828"
"102.7250","1.2831","21.0714","1.2831"
"102.7500","1.2834","21.0893","1.2834"
"102.7750","1.2837","21.1093","1.2837"
"102.8000","1.2840","21.1326","1.2840"
"102.8250","1.2843","21.1484","1.2843"
"102.8500","1.2846","21.1590","1.2846"
"102.8750","1.2850","21.1740","1.2850"
"102.9000","1.2853","21.1909","1.2853"
"102.9250","1.2856","21.2075","1.2856"
"102.9500","1.2859","21.2219","1.2859"
"102.9750","1.2862","21.2327","1.2862"
"103.0000","1.2865","21.2454","1.2865"
"103.0250","1.2868","21.2586","1.2868"
"103.0500","1.2871","21.2742","1.2871"
"103.0750","1.2875","21.2943","1.2875"
"103.1000","1.2878","21.3108","1.2878"
"103.1250","1.2881","21.3288","1.2881"
"103.1500","1.2884","21.3490","1.2884"
"103.1750","1.2887","21.3720","1.2887"
"103.2000","1.2891","21.4030","1.2891"
"103.2250","1.2894","21.4373","1.2894"
"103.2500","1.2897","21.4676","1.2897"
"103.2750","1.2901","21.4971","1.2901"
"103.3000","1.2904","21.5173","1.2904"
"103.3250","1.2907","21.5331","1.2907"
"103.3500","1.2910","21.5449","1.2910"
"103.3750","1.2913","21.5482","1.2913"
"103.4000","1.2916","21.5479","1.2916"
"103.4250","1.2920","21.5464","1.2920"
"103.4500","1.2923","21.5443","1.2923"
"103.4750","1.2926","21.5449","1.2926"
"103.5000","1.2929","21.5511","1.2929"
"103.5250","1.2932","21.5629","1.2932"
"103.5500","1.2935","21.5760","1.2935"
"103.5750","1.2938","21.5874","1.2938"
"103.6000","1.2941","21.5979","1.2941"
"103.6250","1.2944","21.6066","1.2944"
"103.6500","1.2947","21.6226","1.2947"
"103.6750","1.2951","21.6353","1.2951"
"103.7000","1.2954","21.6421","1.2954"
"103.7250","1.2957","21.6404","1.2957"
"103.7500","1.2960","21.6427","1.2960"
"103.7750","1.2963","21.6526","1.2963"
"103.8000","1.2966","21.6647","1.2966"
"103.8250","1.2969","21.6818","1.2969"
"103.8500","1.2972","21.6988","1.2972"
"103.8750","1.2975","21.7183","1.2975"
"103.9000","1.2978","21.7418","1.2978"
"103.9250","1.2982","21.7620","1.2982"
"103.9500","1.2985","21.7759","1.2985"
"103.9750","1.2988","21.7853","1.2988"
"104.0000","1.2991","21.7912","1.2991"
"104.0250","1.2994","21.7921","1.2994"
"104.0500","1.2997","21.7954","1.2997"
"104.0750","1.3000","21.7971","1.3000"
"104.1000","1.3003","21.8013","1.3003"
"104.1250","1.3006","21.8124","1.3006"
"104.1500","1.3009","21.8277","1.3009"
"104.1750","1.3012","21.8483","1.3012"
"104.2000","1.3015","21.8731","1.3015"
"104.2250","1.3018","21.9044","1.3018"
"104.2500","1.3021","21.9324","1.3021"
"104.2750","1.3025","21.9536","1.3025"
"104.3000","1.3028","21.9722","1.3028"
"104.3250","1.3031","21.9868","1.3031"
"104.3500","1.3034","21.9989","1.3034"
"104.3750","1.3037","22.0070","1.3037"
"104.4000","1.3040","22.0135","1.3040"
"104.4250","1.3043","22.0217","1.3043"
"104.4500","1.3046","22.0329","1.3046"
"104.4750","1.3049","22.0431","1.3049"
"104.5000","1.3052","22.0569","1.3052"
"104.5250","1.3055","22.0695","1.3055"
"104.5500","1.3059","22.0831","1.3059"
"104.5750","1.3062","22.0960","1.3062"
"104.6000","1.3065","22.1087","1.3065"
"104.6250","1.3068","22.1240","1.3068"
"104.6500","1.3071","22.1345","1.3071"
"104.6750","1.3074","22.1427","1.3074"
"104.7000","1.3077","22.1563","1.3077"
"104.7250","1.3080","22.1717","1.3080"
"104.7500","1.3084","22.1840","1.3084"
"104.7750","1.3087","22.1954","1.3087"
"104.8000","1.3090","22.2047","1.3090"
"104.8250","1.3093","22.2143","1.3093"
"104.8500","1.3096","22.2250","1.3096"
"104.8750","1.3099","22.2419","1.3099"
"104.9000","1.3102","22.2557","1.3102"
"104.9250","1.3105","22.2683","1.3105"
"104.9500","1.3108","22.2805","1.3108"
"104.9750","1.3111","22.2931","1.3111"
"105.0000","1.3114","22.3047","1.3114"
"105.0250","1.3117","22.3153","1.3117"
"105.0500","1.3120","22.3226","1.3120"
"105.0750","1.3123","22.3293","1.3123"
"105.1000","1.3126","22.3403","1.3126"
"105.1250","1.3129","22.3507","1.3129"
"105.1500","1.3133","22.3613","1.3133"
"105.1750","1.3136","22.3729","1.3136"
"105.2000","1.3139","22.3836","1.3139"
"105.2250","1.3142","22.3958","1.3142"
"105.2500","1.3145","22.4116","1.3145"
"105.2750","1.3148","22.4282","1.3148"
"105.3000","1.3151","22.4466","1.3151"
"105.3250","1.3154","22.4671","1.3154"
"105.3500","1.3157","22.4869","1.3157"
"105.3750","1.3160","22.5082","1.3160"
"105.4000","1.3163","22.5319","1.3163"
"105.4250","1.3166","22.5553","1.3166"
"105.4500","1.3169","22.5822","1.3169"
"105.4750","1.3172","22.6098","1.3172"
"105.5000","1.3176","22.6393","1.3176"
"105.5250","1.3179","22.6737","1.3179"
"105.5500","1.3182","22.7081","1.3182"
"105.5750","1.3185","22.7369","1.3185"
"105.6000","1.3189","22.7662","1.3189"
"105.6250","1.3192","22.7967","1.3192"
"105.6500","1.3195","22.8303","1.3195"
"105.6750","1.3198","22.8662","1.3198"
"105.7000","1.3202","22.8988","1.3202"
"105.7250","1.3205","22.9380","1.3205"
"105.7500","1.3209","22.9811","1.3209"
"105.7750","1.3212","23.0191","1.3212"
"105.8000","1.3215","23.0425","1.3215"
"105.8250","1.3218","23.0560","1.3218"
"105.8500","1.3221","23.0606","1.3221"
"105.8750","1.3224","23.0496","1.3224"
"105.9000","1.3227","23.0393","1.3227"
"105.9250","1.3230","23.0412","1.3230"
"105.9500","1.3233","23.0529","1.3233"
"105.9750","1.3236","23.0761","1.3236"
"106.0000","1.3240","23.1048","1.3240"
"106.0250","1.3243","23.1352","1.3243"
"106.0500","1.3246","23.1624","1.3246"
"106.0750","1.3249","23.1894","1.3249"
"106.1000","1.3252","23.2161","1.3252"
"106.1250","1.3256","23.2436","1.3256"
"106.1500","1.3259","23.2657","1.3259"
"106.1750","1.3262","23.2747","1.3262"
"106.2000","1.3265","23.2752","1.3265"
"106.2250","1.3268","23.2746","1.3268"
"106.2500","1.3271","23.2789","1.3271"
"106.2750","1.3274","23.2920","1.3274"
"106.3000","1.3277","23.3113","1.3277"
"106.3250","1.3280","23.3360","1.3280"
"106.3500","1.3284","23.3675","1.3284"
"106.3750","1.3287","23.3982","1.3287"
"106.4000","1.3290","23.4316","1.3290"
"106.4250","1.3293","23.4620","1.3293"
"106.4500","1.3297","23.4962","1.3297"
"106.4750","1.3300","23.5320","1.3300"
"106.5000","1.3303","23.5633","1.3303"
"106.5250","1.3306","23.5859","1.3306"
"106.5500","1.3310","23.5975","1.3310"
"106.5750","1.3313","23.6001","1.3313"
"106.6000","1.3316","23.5972","1.3316"
"106.6250","1.3319","23.5954","1.3319"
"106.6500","1.3322","23.5977","1.3322"
"106.6750","1.3325","23.6036","1.3325"
"106.7000","1.3328","23.6113","1.3328"
"106.7250","1.3331","23.6243","1.3331"
"106.7500","1.3334","23.6454","1.3334"
"106.7750","1.3337","23.6675","1.3337"
"106.8000","1.3340","23.6950","1.3340"
"106.8250","1.3343","23.7251","1.3343"
"106.8500","1.3347","23.7605","1.3347"
"106.8750","1.3350","23.7945","1.3350"
"106.9000","1.3353","23.8236","1.3353"
"106.9250","1.3356","23.8515","1.3356"
"106.9500","1.3360","23.8786","1.3360"
"106.9750","1.3363","23.8998","1.3363"
"107.0000","1.3366","23.9273","1.3366"
"107.0250","1.3369","23.9563","1.3369"
"107.0500","1.3372","23.9760","1.3372"
"107.0750","1.3375","23.9932","1.3375"
"107.1000","1.3379","24.0086","1.3379"
"107.1250","1.3382","24.0206","1.3382"
"107.1500","1.3385","24.0335","1.3385"
"107.1750","1.3388","24.0459","1.3388"
"107.2000","1.3391","24.0566","1.3391"
"107.2250","1.3394","24.0667","1.3394"
"107.2500","1.3397","24.0732","1.3397"
"107.2750","1.3400","24.0778","1.3400"
"107.3000","1.3403","24.0751","1.3403"
"107.3250","1.3406","24.0784","1.3406"
"107.3500","1.3409","24.0890","1.3409"
"107.3750","1.3412","24.1035","1.3412"
"107.4000","1.3415","24.1202","1.3415"
"107.4250","1.3418","24.1355","1.3418"
"107.4500","1.3421","24.1565","1.3421"
"107.4750","1.3424","24.1832","1.3424"
"107.5000","1.3427","24.2137","1.3427"
"107.5250","1.3430","24.2482","1.3430"
"107.5500","1.3433","24.2903","1.3433"
"107.5750","1.3437","24.3309","1.3437"
"107.6000","1.3440","24.3671","1.3440"
"107.6250","1.3443","24.3954","1.3443"
"107.6500","1.3446","24.4217","1.3446"
"107.6750","1.3449","24.4450","1.3449"
"107.7000","1.3452","24.4744","1.3452"
"107.7250","1.3455","24.5082","1.3455"
"107.7500","1.3458","24.5460","1.3458"
"107.7750","1.3461","24.5790","1.3461"
"107.8000","1.3465","24.6050","1.3465"
"107.8250","1.3468","24.6258","1.3468"
"107.8500","1.3471","24.6409","1.3471"
"107.8750","1.3474","24.6556","1.3474"
"107.9000","1.3477","24.6675","1.3477"
"107.9250","1.3479","24.6741","1.3479"
"107.9500","1.3482","24.6803","1.3482"
"107.9750","1.3485","24.6889","1.3485"
"108.0000","1.3488","24.6953","1.3488"
"108.0250","1.3491","24.6986","1.3491"
"108.0500","1.3494","24.7110","1.3494"
"108.0750","1.3497","24.7397","1.3497"
"108.1000","1.3500","24.7792","1.3500"
"108.1250","1.3503","24.8192","1.3503"
"108.1500","1.3506","24.8613","1.3506"
"108.1750","1.3509","24.8999","1.3509"
"108.2000","1.3513","24.9331","1.3513"
"108.2250","1.3516","24.9627","1.3516"
"108.2500","1.3519","24.9761","1.3519"
"108.2750","1.3522","24.9819","1.3522"
"108.3000","1.3525","24.9924","1.3525"
"108.3250","1.3528","25.0074","1.3528"
"108.3500","1.3531","25.0248","1.3531"
"108.3750","1.3534","25.0389","1.3534"
"108.4000","1.3537","25.0528","1.3537"
"108.4250","1.3540","25.0688","1.3540"
"108.4500","1.3543","25.0835","1.3543"
"108.4750","1.3546","25.0933","1.3546"
"108.5000","1.3549","25.0989","1.3549"
"108.5250","1.3552","25.0988","1.3552"
"108.5500","1.3555","25.1023","1.3555"
"108.5750","1.3558","25.1085","1.3558"
"108.6000","1.3561","25.1196","1.3561"
"108.6250","1.3564","25.1426","1.3564"
"108.6500","1.3567","25.1706","1.3567"
"108.6750","1.3570","25.1992","1.3570"
"108.7000","1.3573","25.2281","1.3573"
"108.7250","1.3577","25.2560","1.3577"
"108.7500","1.3580","25.2812","1.3580"
"108.7750","1.3583","25.2980","1.3583"
"108.8000","1.3586","25.3150","1.3586"
"108.8250","1.3589","25.3343","1.3589"
"108.8500","1.3593","25.3536","1.3593"
"108.8750","1.3596","25.3753","1.3596"
"108.9000","1.3599","25.3997","1.3599"
"108.9250","1.3603","25.4258","1.3603"
"108.9500","1.3606","25.4513","1.3606"
"108.9750","1.3609","25.4759","1.3609"
"109.0000","1.3613","25.4996","1.3613"
"109.0250","1.3616","25.5124","1.3616"
"109.0500","1.3619","25.5189","1.3619"
"109.0750","1.3622","25.5224","1.3622"
"109.1000","1.3625","25.5219","1.3625"
"109.1250","1.3629","25.5257","1.3629"
"109.1500","1.3632","25.5345","1.3632"
"109.1750","1.3635","25.5407","1.3635"
"109.2000","1.3638","25.5455","1.3638"
"109.2250","1.3641","25.5466","1.3641"
"109.2500","1.3644","25.5469","1.3644"
"109.2750","1.3647","25.5435","1.3647"
"109.3000","1.3651","25.5425","1.3651"
"109.3250","1.3654","25.5421","1.3654"
"109.3500","1.3657","25.5424","1.3657"
"109.3750","1.3660","25.5426","1.3660"
"109.4000","1.3663","25.5384","1.3663"
"109.4250","1.3666","25.5386","1.3666"
"109.4500","1.3669","25.5351","1.3669"
"109.4750","1.3672","25.5304","1.3672"
"109.5000","1.3675","25.5275","1.3675"
"109.5250","1.3679","25.5314","1.3679"
"109.5500","1.3682","25.5340","1.3682"
"109.5750","1.3685","25.5367","1.3685"
"109.6000","1.3688","25.5377","1.3688"
"109.6250","1.3691","25.5453","1.3691"
"109.6500","1.3694","25.5457","1.3694"
"109.6750","1.3697","25.5396","1.3697"
"109.7000","1.3700","25.5241","1.3700"
"109.7250","1.3703","25.5072","1.3703"
"109.7500","1.3706","25.4985","1.3706"
"109.7750","1.3710","25.4992","1.3710"
"109.8000","1.3713","25.5045","1.3713"
"109.8250","1.3716","25.5135","1.3716"
"109.8500","1.3719","25.5256","1.3719"
"109.8750","1.3722","25.5367","1.3722"
"109.9000","1.3725","25.5442","1.3725"
"109.9250","1.3728","25.5491","1.3728"
"109.9500","1.3731","25.5537","1.3731"
"109.9750","1.3734","25.5565","1.3734"
"110.0000","1.3737","25.5547","1.3737"
"110.0250","1.3740","25.5559","1.3740"
"110.0500","1.3744","25.5646","1.3744"
"110.0750","1.3747","25.5730","1.3747"
"110.1000","1.3750","25.5790","1.3750"
"110.1250","1.3753","25.5808","1.3753"
"110.1500","1.3756","25.5829","1.3756"
"110.1750","1.3759","25.5873","1.3759"
"110.2000","1.3762","25.5953","1.3762"
"110.2250","1.3765","25.6023","1.3765"
"110.2500","1.3768","25.6056","1.3768"
"110.2750","1.3771","25.6089","1.3771"
"110.3000","1.3774","25.6133","1.3774"
"110.3250","1.3777","25.6146","1.3777"
"110.3500","1.3780","25.6149","1.3780"
"110.3750","1.3783","25.6255","1.3783"
"110.4000","1.3787","25.6426","1.3787"
"110.4250","1.3790","25.6637","1.3790"
"110.4500","1.3793","25.6845","1.3793"
"110.4750","1.3796","25.7037","1.3796"
"110.5000","1.3799","25.7164","1.3799"
"110.5250","1.3802","25.7252","1.3802"
"110.5500","1.3806","25.7305","1.3806"
"110.5750","1.3809","25.7359","1.3809"
"110.6000","1.3812","25.7418","1.3812"
"110.6250","1.3815","25.7447","1.3815"
"110.6500","1.3818","25.7448","1.3818"
"110.6750","1.3821","25.7466","1.3821"
"110.7000","1.3824","25.7531","1.3824"
"110.7250","1.3827","25.7678","1.3827"
"110.7500","1.3830","25.7898","1.3830"
"110.7750","1.3833","25.8170","1.3833"
"110.8000","1.3836","25.8437","1.3836"
"110.8250","1.3840","25.8728","1.3840"
"110.8500","1.3843","25.9049","1.3843"
"110.8750","1.3846","25.9303","1.3846"
"110.9000","1.3849","25.9508","1.3849"
"110.9250","1.3852","25.9661","1.3852"
"110.9500","1.3855","25.9806","1.3855"
"110.9750","1.3858","25.9928","1.3858"
"111.0000","1.3862","26.0045","1.3862"
"111.0250","1.3865","26.0194","1.3865"
"111.0500","1.3868","26.0369","1.3868"
"111.0750","1.3871","26.0564","1.3871"
"111.1000","1.3874","26.0722","1.3874"
"111.1250","1.3877","26.0934","1.3877"
"111.1500","1.3880","26.1165","1.3880"
"111.1750","1.3884","26.1377","1.3884"
"111.2000","1.3887","26.1592","1.3887"
"111.2250","1.3890","26.1794","1.3890"
"111.2500","1.3893","26.1921","1.3893"
"111.2750","1.3896","26.2068","1.3896"
"111.3000","1.3899","26.2225","1.3899"
"111.3250","1.3903","26.2368","1.3903"
"111.3500","1.3906","26.2492","1.3906"
"111.3750","1.3909","26.2673","1.3909"
"111.4000","1.3912","26.2850","1.3912"
"111.4250","1.3915","26.2979","1.3915"
"111.4500","1.3918","26.3047","1.3918"
"111.4750","1.3921","26.3146","1.3921"
"111.5000","1.3925","26.3232","1.3925"
"111.5250","1.3928","26.3352","1.3928"
"111.5500","1.3931","26.3417","1.3931"
"111.5750","1.3934","26.3478","1.3934"
"111.6000","1.3937","26.3605","1.3937"
"111.6250","1.3940","26.3776","1.3940"
"111.6500","1.3944","26.3978","1.3944"
"111.6750","1.3947","26.4240","1.3947"
"111.7000","1.3950","26.4518","1.3950"
"111.7250","1.3954","26.4815","1.3954"
"111.7500","1.3957","26.5030","1.3957"
"111.7750","1.3960","26.5141","1.3960"
"111.8000","1.3964","26.5109","1.3964"
"111.8250","1.3967","26.5069","1.3967"
"111.8500","1.3970","26.5083","1.3970"
"111.8750","1.3973","26.5115","1.3973"
"111.9000","1.3976","26.5201","1.3976"
"111.9250","1.3980","26.5371","1.3980"
"111.9500","1.3983","26.5595","1.3983"
"111.9750","1.3987","26.5855","1.3987"
"112.0000","1.3990","26.6012","1.3990"
"112.0250","1.3994","26.6032","1.3994"
"112.0500","1.3997","26.5932","1.3997"
"112.0750","1.4000","26.5732","1.4000"
"112.1000","1.4003","26.5504","1.4003"
"112.1250","1.4006","26.5294","1.4006"
"112.1500","1.4009","26.5053","1.4009"
"112.1750","1.4012","26.4784","1.4012"
"112.2000","1.4015","26.4551","1.4015"
"112.2250","1.4018","26.4325","1.4018"
"112.2500","1.4021","26.4187","1.4021"
"112.2750","1.4024","26.4147","1.4024"
"112.3000","1.4027","26.4166","1.4027"
"112.3250","1.4030","26.4236","1.4030"
"112.3500","1.4033","26.4299","1.4033"
"112.3750","1.4037","26.4353","1.4037"
"112.4000","1.4040","26.4391","1.4040"
"112.4250","1.4043","26.4423","1.4043"
"112.4500","1.4046","26.4428","1.4046"
"112.4750","1.4049","26.4347","1.4049"
"112.5000","1.4052","26.4281","1.4052"
"112.5250","1.4055","26.4183","1.4055"
"112.5500","1.4058","26.4038","1.4058"
"112.5750","1.4061","26.3916","1.4061"
"112.6000","1.4064","26.3838","1.4064"
"112.6250","1.4067","26.3790","1.4067"
"112.6500","1.4070","26.3766","1.4070"
"112.6750","1.4073","26.3767","1.4073"
"112.7000","1.4076","26.3783","1.4076"
"112.7250","1.4079","26.3819","1.4079"
"112.7500","1.4082","26.3889","1.4082"
"112.7750","1.4085","26.3980","1.4085"
"112.8000","1.4088","26.4102","1.4088"
"112.8250","1.4091","26.4185","1.4091"
"112.8500","1.4095","26.4229","1.4095"
"112.8750","1.4098","26.4264","1.4098"
"112.9000","1.4101","26.4275","1.4101"
"112.9250","1.4104","26.4252","1.4104"
"112.9500","1.4107","26.4313","1.4107"
"112.9750","1.4110","26.4378","1.4110"
"113.0000","1.4113","26.4469","1.4113"
"113.0250","1.4116","26.4576","1.4116"
"113.0500","1.4119","26.4718","1.4119"
"113.0750","1.4122","26.4908","1.4122"
"113.1000","1.4125","26.5122","1.4125"
"113.1250","1.4128","26.5328","1.4128"
"113.1500","1.4132","26.5517","1.4132"
"113.1750","1.4135","26.5705","1.4135"
"113.2000","1.4138","26.5965","1.4138"
"113.2250","1.4141","26.6193","1.4141"
"113.2500","1.4145","26.6397","1.4145"
"113.2750","1.4148","26.6567","1.4148"
"113.3000","1.4151","26.6693","1.4151"
"113.3250","1.4154","26.6816","1.4154"
"113.3500","1.4157","26.6891","1.4157"
"113.3750","1.4160","26.6953","1.4160"
"113.4000","1.4163","26.6991","1.4163"
"113.4250","1.4167","26.7043","1.4167"
"113.4500","1.4170","26.7153","1.4170"
"113.4750","1.4173","26.7196","1.4173"
"113.5000","1.4176","26.7241","1.4176"
"113.5250","1.4179","26.7352","1.4179"
"113.5500","1.4182","26.7500","1.4182"
"113.5750","1.4185","26.7527","1.4185"
"113.6000","1.4188","26.7493","1.4188"
"113.6250","1.4192","26.7495","1.4192"
"113.6500","1.4195","26.7504","1.4195"
"113.6750","1.4198","26.7499","1.4198"
"113.7000","1.4201","26.7498","1.4201"
"113.7250","1.4204","26.7541","1.4204"
"113.7500","1.4207","26.7601","1.4207"
"113.7750","1.4210","26.7672","1.4210"
"113.8000","1.4213","26.7740","1.4213"
"113.8250","1.4217","26.7827","1.4217"
"113.8500","1.4220","26.7869","1.4220"
"113.8750","1.4223","26.7995","1.4223"
"113.9000","1.4226","26.8175","1.4226"
"113.9250","1.4230","26.8361","1.4230"
"113.9500","1.4233","26.8582","1.4233"
"113.9750","1.4236","26.8784","1.4236"
"114.0000","1.4240","26.8967","1.4240"
"114.0250","1.4243","26.9187","1.4243"
"114.0500","1.4246","26.9369","1.4246"
"114.0750","1.4249","26.9456","1.4249"
"114.1000","1.4253","26.9440","1.4253"
"114.1250","1.4256","26.9327","1.4256"
"114.1500","1.4259","26.9201","1.4259"
"114.1750","1.4262","26.9072","1.4262"
"114.2000","1.4265","26.8937","1.4265"
"114.2250","1.4268","26.8825","1.4268"
"114.2500","1.4271","26.8700","1.4271"
"114.2750","1.4274","26.8652","1.4274"
"114.3000","1.4277","26.8699","1.4277"
"114.3250","1.4280","26.8696","1.4280"
"114.3500","1.4283","26.8658","1.4283"
"114.3750","1.4287","26.8600","1.4287"
"114.4000","1.4290","26.8542","1.4290"
"114.4250","1.4293","26.8506","1.4293"
"114.4500","1.4296","26.8507","1.4296"
"114.4750","1.4299","26.8549","1.4299"
"114.5000","1.4302","26.8622","1.4302"
"114.5250","1.4305","26.8726","1.4305"
"114.5500","1.4309","26.8838","1.4309"
"114.5750","1.4312","26.8886","1.4312"
"114.6000","1.4315","26.8908","1.4315"
"114.6250","1.4318","26.8880","1.4318"
"114.6500","1.4321","26.8893","1.4321"
"114.6750","1.4324","26.8946","1.4324"
"114.7000","1.4327","26.9056","1.4327"
"114.7250","1.4330","26.9235","1.4330"
"114.7500","1.4334","26.9363","1.4334"
"114.7750","1.4337","26.9447","1.4337"
"114.8000","1.4340","26.9559","1.4340"
"114.8250","1.4343","26.9721","1.4343"
"114.8500","1.4346","26.9933","1.4346"
"114.8750","1.4349","27.0065","1.4349"
"114.9000","1.4352","27.0196","1.4352"
"114.9250","1.4355","27.0344","1.4355"
"114.9500","1.4359","27.0532","1.4359"
"114.9750","1.4362","27.0787","1.4362"
"115.0000","1.4365","27.1002","1.4365"
"115.0250","1.4368","27.1274","1.4368"
"115.0500","1.4371","27.1506","1.4371"
"115.0750","1.4374","27.1671","1.4374"
"115.1000","1.4377","27.1821","1.4377"
"115.1250","1.4381","27.1980","1.4381"
"115.1500","1.4384","27.2047","1.4384"
"115.1750","1.4387","27.2122","1.4387"
"115.2000","1.4390","27.2239","1.4390"
"115.2250","1.4393","27.2435","1.4393"
"115.2500","1.4396","27.2659","1.4396"
"115.2750","1.4399","27.2899","1.4399"
"115.3000","1.4402","27.3159","1.4402"
"115.3250","1.4406","27.3368","1.4406"
"115.3500","1.4409","27.3498","1.4409"
"115.3750","1.4412","27.3565","1.4412"
"115.4000","1.4415","27.3702","1.4415"
"115.4250","1.4418","27.3868","1.4418"
"115.4500","1.4421","27.4030","1.4421"
"115.4750","1.4424","27.4229","1.4424"
"115.5000","1.4427","27.4458","1.4427"
"115.5250","1.4431","27.4755","1.4431"
"115.5500","1.4434","27.5067","1.4434"
"115.5750","1.4437","27.5318","1.4437"
"115.6000","1.4440","27.5570","1.4440"
"115.6250","1.4443","27.5774","1.4443"
"115.6500","1.4446","27.5968","1.4446"
"115.6750","1.4449","27.6116","1.4449"
"115.7000","1.4453","27.6291","1.4453"
"115.7250","1.4456","27.6493","1.4456"
"115.7500","1.4459","27.6711","1.4459"
"115.7750","1.4462","27.6930","1.4462"
"115.8000","1.4465","27.7192","1.4465"
"115.8250","1.4468","27.7482","1.4468"
"115.8500","1.4471","27.7782","1.4471"
"115.8750","1.4474","27.8077","1.4474"
"115.9000","1.4478","27.8367","1.4478"
"115.9250","1.4481","27.8591","1.4481"
"115.9500","1.4484","27.8744","1.4484"
"115.9750","1.4487","27.8871","1.4487"
"116.0000","1.4490","27.9080","1.4490"
"116.0250","1.4493","27.9380","1.4493"
"116.0500","1.4496","27.9721","1.4496"
"116.0750","1.4499","28.0100","1.4499"
"116.1000","1.4502","28.0476","1.4502"
"116.1250","1.4506","28.0815","1.4506"
"116.1500","1.4509","28.1122","1.4509"
"116.1750","1.4512","28.1382","1.4512"
"116.2000","1.4515","28.1617","1.4515"
"116.2250","1.4518","28.1870","1.4518"
"116.2500","1.4521","28.2167","1.4521"
"116.2750","1.4524","28.2544","1.4524"
"116.3000","1.4527","28.2841","1.4527"
"116.3250","1.4531","28.3128","1.4531"
"116.3500","1.4534","28.3432","1.4534"
"116.3750","1.4537","28.3684","1.4537"
"116.4000","1.4540","28.3829","1.4540"
"116.4250","1.4543","28.4061","1.4543"
"116.4500","1.4546","28.4346","1.4546"
"116.4750","1.4549","28.4663","1.4549"
"116.5000","1.4552","28.4993","1.4552"
"116.5250","1.4555","28.5324","1.4555"
"116.5500","1.4558","28.5627","1.4558"
"116.5750","1.4561","28.5839","1.4561"
"116.6000","1.4564","28.6012","1.4564"
"116.6250","1.4567","28.6244","1.4567"
"116.6500","1.4570","28.6444","1.4570"
"116.6750","1.4573","28.6680","1.4573"
"116.7000","1.4576","28.6869","1.4576"
"116.7250","1.4579","28.7012","1.4579"
"116.7500","1.4582","28.7219","1.4582"
"116.7750","1.4585","28.7437","1.4585"
"116.8000","1.4588","28.7621","1.4588"
"116.8250","1.4591","28.7797","1.4591"
"116.8500","1.4594","28.7933","1.4594"
"116.8750","1.4597","28.8105","1.4597"
"116.9000","1.4600","28.8359","1.4600"
"116.9250","1.4604","28.8687","1.4604"
"116.9500","1.4607","28.9076","1.4607"
"116.9750","1.4610","28.9492","1.4610"
"117.0000","1.4613","28.9885","1.4613"
"117.0250","1.4616","29.0300","1.4616"
"117.0500","1.4619","29.0723","1.4619"
"117.0750","1.4623","29.1067","1.4623"
"117.1000","1.4626","29.1321","1.4626"
"117.1250","1.4629","29.1568","1.4629"
"117.1500","1.4632","29.1817","1.4632"
"117.1750","1.4635","29.2150","1.4635"
"117.2000","1.4638","29.2514","1.4638"
"117.2250","1.4641","29.2875","1.4641"
"117.2500","1.4645","29.3211","1.4645"
"117.2750","1.4648","29.3545","1.4648"
"117.3000","1.4651","29.3885","1.4651"
"117.3250","1.4654","29.4250","1.4654"
"117.3500","1.4657","29.4661","1.4657"
"117.3750","1.4660","29.5070","1.4660"
"117.4000","1.4664","29.5490","1.4664"
"117.4250","1.4667","29.5931","1.4667"
"117.4500","1.4670","29.6393","1.4670"
"117.4750","1.4674","29.6850","1.4674"
"117.5000","1.4677","29.7372","1.4677"
"117.5250","1.4680","29.7869","1.4680"
"117.5500","1.4683","29.8263","1.4683"
"117.5750","1.4687","29.8612","1.4687"
"117.6000","1.4690","29.8809","1.4690"
"117.6250","1.4693","29.8940","1.4693"
"117.6500","1.4696","29.9067","1.4696"
"117.6750","1.4699","29.9214","1.4699"
"117.7000","1.4702","29.9404","1.4702"
"117.7250","1.4705","29.9632","1.4705"
"117.7500","1.4708","29.9911","1.4708"
"117.7750","1.4711","30.0223","1.4711"
"117.8000","1.4715","30.0443","1.4715"
"117.8250","1.4718","30.0654","1.4718"
"117.8500","1.4721","30.0896","1.4721"
"117.8750","1.4724","30.1129","1.4724"
"117.9000","1.4727","30.1332","1.4727"
"117.9250","1.4730","30.1515","1.4730"
"117.9500","1.4733","30.1679","1.4733"
"117.9750","1.4736","30.1863","1.4736"
"118.0000","1.4739","30.2049","1.4739"
"118.0250","1.4742","30.2192","1.4742"
"118.0500","1.4745","30.2394","1.4745"
"118.0750","1.4748","30.2573","1.4748"
"118.1000","1.4751","30.2777","1.4751"
"118.1250","1.4754","30.3002","1.4754"
"118.1500","1.4758","30.3344","1.4758"
"118.1750","1.4761","30.3684","1.4761"
"118.2000","1.4764","30.4015","1.4764"
"118.2250","1.4767","30.4312","1.4767"
"118.2500","1.4770","30.4566","1.4770"
"118.2750","1.4774","30.4868","1.4774"
"118.3000","1.4777","30.5171","1.4777"
"118.3250","1.4780","30.5405","1.4780"
"118.3500","1.4783","30.5632","1.4783"
"118.3750","1.4786","30.5729","1.4786"
"118.4000","1.4790","30.5910","1.4790"
"118.4250","1.4793","30.6152","1.4793"
"118.4500","1.4796","30.6390","1.4796"
"118.4750","1.4799","30.6588","1.4799"
"118.5000","1.4802","30.6708","1.4802"
"118.5250","1.4805","30.6868","1.4805"
"118.5500","1.4808","30.7130","1.4808"
"118.5750","1.4811","30.7359","1.4811"
"118.6000","1.4814","30.7516","1.4814"
"118.6250","1.4817","30.7702","1.4817"
"118.6500","1.4821","30.7993","1.4821"
"118.6750","1.4824","30.8246","1.4824"
"118.7000","1.4827","30.8480","1.4827"
"118.7250","1.4830","30.8786","1.4830"
"118.7500","1.4833","30.9124","1.4833"
"118.7750","1.4837","30.9404","1.4837"
"118.8000","1.4840","30.9560","1.4840"
"118.8250","1.4843","30.9724","1.4843"
"118.8500","1.4846","30.9937","1.4846"
"118.8750","1.4849","31.0191","1.4849"
"118.9000","1.4852","31.0399","1.4852"
"118.9250","1.4856","31.0552","1.4856"
"118.9500","1.4859","31.0679","1.4859"
"118.9750","1.4862","31.0833","1.4862"
"119.0000","1.4865","31.1087","1.4865"
"119.0250","1.4868","31.1409","1.4868"
"119.0500","1.4871","31.1752","1.4871"
"119.0750","1.4874","31.2047","1.4874"
"119.1000","1.4878","31.2294","1.4878"
"119.1250","1.4881","31.2605","1.4881"
"119.1500","1.4884","31.2853","1.4884"
"119.1750","1.4887","31.3026","1.4887"
"119.2000","1.4890","31.3201","1.4890"
"119.2250","1.4893","31.3449","1.4893"
"119.2500","1.4896","31.3724","1.4896"
"119.2750","1.4899","31.3962","1.4899"
"119.3000","1.4903","31.4134","1.4903"
"119.3250","1.4906","31.4306","1.4906"
"119.3500","1.4909","31.4412","1.4909"
"119.3750","1.4912","31.4545","1.4912"
"119.4000","1.4915","31.4808","1.4915"
"119.4250","1.4918","31.5125","1.4918"
"119.4500","1.4921","31.5467","1.4921"
"119.4750","1.4924","31.5779","1.4924"
"119.5000","1.4927","31.6037","1.4927"
"119.5250","1.4931","31.6313","1.4931"
"119.5500","1.4934","31.6533","1.4934"
"119.5750","1.4937","31.6818","1.4937"
"119.6000","1.4940","31.7144","1.4940"
"119.6250","1.4943","31.7357","1.4943"
"119.6500","1.4946","31.7551","1.4946"
"119.6750","1.4949","31.7755","1.4949"
"119.7000","1.4952","31.7935","1.4952"
"119.7250","1.4955","31.8143","1.4955"
"119.7500","1.4958","31.8465","1.4958"
"119.7750","1.4962","31.8795","1.4962"
"119.8000","1.4965","31.9124","1.4965"
"119.8250","1.4968","31.9453","1.4968"
"119.8500","1.4971","31.9817","1.4971"
"119.8750","1.4974","32.0216","1.4974"
"119.9000","1.4977","32.0537","1.4977"
"119.9250","1.4980","32.0768","1.4980"
"119.9500","1.4983","32.1011","1.4983"
"119.9750","1.4986","32.1238","1.4986"
"120.0000","1.4990","32.1473","1.4990"
"120.0250","1.4993","32.1798","1.4993"
"120.0500","1.4996","32.2083","1.4996"
"120.0750","1.4999","32.2352","1.4999"
"120.1000","1.5002","32.2604","1.5002"
"120.1250","1.5005","32.2811","1.5005"
"120.1500","1.5008","32.2972","1.5008"
"120.1750","1.5011","32.2998","1.5011"
"120.2000","1.5014","32.2994","1.5014"
"120.2250","1.5017","32.3009","1.5017"
"120.2500","1.5020","32.3009","1.5020"
"120.2750","1.5023","32.3040","1.5023"
"120.3000","1.5025","32.2994","1.5025"
"120.3250","1.5028","32.3097","1.5028"
"120.3500","1.5031","32.3379","1.5031"
"120.3750","1.5034","32.3733","1.5034"
"120.4000","1.5038","32.4094","1.5038"
"120.4250","1.5041","32.4424","1.5041"
"120.4500","1.5044","32.4725","1.5044"
"120.4750","1.5047","32.5007","1.5047"
"120.5000","1.5050","32.5265","1.5050"
"120.5250","1.5053","32.5490","1.5053"
"120.5500","1.5056","32.5657","1.5056"
"120.5750","1.5059","32.5748","1.5059"
"120.6000","1.5062","32.5822","1.5062"
"120.6250","1.5065","32.5962","1.5065"
"120.6500","1.5068","32.6093","1.5068"
"120.6750","1.5071","32.6294","1.5071"
"120.7000","1.5075","32.6492","1.5075"
"120.7250","1.5078","32.6675","1.5078"
"120.7500","1.5081","32.6865","1.5081"
"120.7750","1.5084","32.7142","1.5084"
"120.8000","1.5087","32.7456","1.5087"
"120.8250","1.5090","32.7691","1.5090"
"120.8500","1.5093","32.7935","1.5093"
"120.8750","1.5096","32.8157","1.5096"
"120.9000","1.5099","32.8353","1.5099"
"120.9250","1.5103","32.8496","1.5103"
"120.9500","1.5106","32.8603","1.5106"
"120.9750","1.5109","32.8774","1.5109"
"121.0000","1.5112","32.8894","1.5112"
"121.0250","1.5115","32.9067","1.5115"
"121.0500","1.5118","32.9286","1.5118"
"121.0750","1.5121","32.9517","1.5121"
"121.1000","1.5124","32.9737","1.5124"
"121.1250","1.5127","33.0006","1.5127"
"121.1500","1.5130","33.0410","1.5130"
"121.1750","1.5133","33.0798","1.5133"
"121.2000","1.5137","33.1242","1.5137"
"121.2250","1.5140","33.1711","1.5140"
"121.2500","1.5143","33.2264","1.5143"
"121.2750","1.5147","33.2854","1.5147"
"121.3000","1.5150","33.3282","1.5150"
"121.3250","1.5153","33.3605","1.5153"
"121.3500","1.5156","33.3820","1.5156"
"121.3750","1.5160","33.4025","1.5160"
"121.4000","1.5163","33.4249","1.5163"
"121.4250","1.5166","33.4461","1.5166"
"121.4500","1.5169","33.4701","1.5169"
"121.4750","1.5172","33.4972","1.5172"
"121.5000","1.5175","33.5204","1.5175"
"121.5250","1.5178","33.5394","1.5178"
"121.5500","1.5182","33.5588","1.5182"
"121.5750","1.5185","33.5753","1.5185"
"121.6000","1.5188","33.5922","1.5188"
"121.6250","1.5191","33.6176","1.5191"
"121.6500","1.5194","33.6466","1.5194"
"121.6750","1.5197","33.6716","1.5197"
"121.7000","1.5201","33.7032","1.5201"
"121.7250","1.5204","33.7211","1.5204"
"121.7500","1.5207","33.7283","1.5207"
"121.7750","1.5210","33.7417","1.5210"
"121.8000","1.5213","33.7583","1.5213"
"121.8250","1.5216","33.7682","1.5216"
"121.8500","1.5219","33.7836","1.5219"
"121.8750","1.5223","33.8090","1.5223"
"121.9000","1.5226","33.8333","1.5226"
"121.9250","1.5229","33.8502","1.5229"
"121.9500","1.5232","33.8750","1.5232"
"121.9750","1.5235","33.9077","1.5235"
"122.0000","1.5239","33.9456","1.5239"
"122.0250","1.5242","33.9789","1.5242"
"122.0500","1.5246","34.0149","1.5246"
"122.0750","1.5249","34.0598","1.5249"
"122.1000","1.5252","34.1028","1.5252"
"122.1250","1.5256","34.1393","1.5256"
"122.1500","1.5259","34.1712","1.5259"
"122.1750","1.5263","34.1901","1.5263"
"122.2000","1.5266","34.1923","1.5266"
"122.2250","1.5269","34.1796","1.5269"
"122.2500","1.5272","34.1668","1.5272"
"122.2750","1.5275","34.1490","1.5275"
"122.3000","1.5278","34.1351","1.5278"
"122.3250","1.5281","34.1310","1.5281"
"122.3500","1.5284","34.1340","1.5284"
"122.3750","1.5287","34.1432","1.5287"
"122.4000","1.5290","34.1563","1.5290"
"122.4250","1.5293","34.1716","1.5293"
"122.4500","1.5296","34.1881","1.5296"
"122.4750","1.5300","34.2058","1.5300"
"122.5000","1.5303","34.2225","1.5303"
"122.5250","1.5306","34.2403","1.5306"
"122.5500","1.5309","34.2630","1.5309"
"122.5750","1.5313","34.2873","1.5313"
"122.6000","1.5316","34.3124","1.5316"
"122.6250","1.5319","34.3280","1.5319"
"122.6500","1.5322","34.3410","1.5322"
"122.6750","1.5325","34.3517","1.5325"
"122.7000","1.5328","34.3554","1.5328"
"122.7250","1.5331","34.3524","1.5331"
"122.7500","1.5334","34.3478","1.5334"
"122.7750","1.5337","34.3377","1.5337"
"122.8000","1.5340","34.3325","1.5340"
"122.8250","1.5343","34.3342","1.5343"
"122.8500","1.5346","34.3395","1.5346"
"122.8750","1.5349","34.3404","1.5349"
"122.9000","1.5352","34.3441","1.5352"
"122.9250","1.5355","34.3563","1.5355"
"122.9500","1.5358","34.3780","1.5358"
"122.9750","1.5362","34.4091","1.5362"
"123.0000","1.5365","34.4420","1.5365"
"123.0250","1.5368","34.4729","1.5368"
"123.0500","1.5371","34.4962","1.5371"
"123.0750","1.5374","34.5113","1.5374"
"123.1000","1.5377","34.5235","1.5377"
"123.1250","1.5380","34.5351","1.5380"
"123.1500","1.5383","34.5425","1.5383"
"123.1750","1.5386","34.5508","1.5386"
"123.2000","1.5389","34.5588","1.5389"
"123.2250","1.5392","34.5647","1.5392"
"123.2500","1.5395","34.5693","1.5395"
"123.2750","1.5398","34.5777","1.5398"
"123.3000","1.5400","34.5834","1.5400"
"123.3250","1.5403","34.5964","1.5403"
"123.3500","1.5406","34.6169","1.5406"
"123.3750","1.5409","34.6426","1.5409"
"123.4000","1.5412","34.6790","1.5412"
"123.4250","1.5416","34.7305","1.5416"
"123.4500","1.5419","34.7804","1.5419"
"123.4750","1.5422","34.8315","1.5422"
"123.5000","1.5425","34.8751","1.5425"
"123.5250","1.5429","34.9079","1.5429"
"123.5500","1.5432","34.9307","1.5432"
"123.5750","1.5435","34.9478","1.5435"
"123.6000","1.5438","34.9671","1.5438"
"123.6250","1.5441","34.9870","1.5441"
"123.6500","1.5444","35.0144","1.5444"
"123.6750","1.5447","35.0486","1.5447"
"123.7000","1.5450","35.0809","1.5450"
"123.7250","1.5453","35.1124","1.5453"
"123.7500","1.5456","35.1381","1.5456"
"123.7750","1.5459","35.1656","1.5459"
"123.8000","1.5462","35.1950","1.5462"
"123.8250","1.5466","35.2267","1.5466"
"123.8500","1.5469","35.2545","1.5469"
"123.8750","1.5472","35.2855","1.5472"
"123.9000","1.5475","35.3133","1.5475"
"123.9250","1.5478","35.3382","1.5478"
"123.9500","1.5481","35.3665","1.5481"
"123.9750","1.5484","35.3926","1.5484"
"124.0000","1.5487","35.4179","1.5487"
"124.0250","1.5490","35.4445","1.5490"
"124.0500","1.5493","35.4733","1.5493"
"124.0750","1.5496","35.5026","1.5496"
"124.1000","1.5499","35.5297","1.5499"
"124.1250","1.5502","35.5565","1.5502"
"124.1500","1.5505","35.5746","1.5505"
"124.1750","1.5509","35.6011","1.5509"
"124.2000","1.5512","35.6328","1.5512"
"124.2250","1.5515","35.6650","1.5515"
"124.2500","1.5518","35.6871","1.5518"
"124.2750","1.5521","35.6988","1.5521"
"124.3000","1.5524","35.7055","1.5524"
"124.3250","1.5527","35.7187","1.5527"
"124.3500","1.5530","35.7412","1.5530"
"124.3750","1.5533","35.7733","1.5533"
"124.4000","1.5536","35.8005","1.5536"
"124.4250","1.5539","35.8371","1.5539"
"124.4500","1.5542","35.8825","1.5542"
"124.4750","1.5546","35.9260","1.5546"
"124.5000","1.5549","35.9608","1.5549"
"124.5250","1.5552","36.0104","1.5552"
"124.5500","1.5556","36.0579","1.5556"
"124.5750","1.5559","36.0980","1.5559"
"124.6000","1.5562","36.1423","1.5562"
"124.6250","1.5565","36.1857","1.5565"
"124.6500","1.5569","36.2200","1.5569"
"124.6750","1.5572","36.2471","1.5572"
"124.7000","1.5575","36.2760","1.5575"
"124.7250","1.5578","36.3026","1.5578"
"124.7500","1.5581","36.3231","1.5581"
"124.7750","1.5584","36.3434","1.5584"
"124.8000","1.5587","36.3675","1.5587"
"124.8250","1.5591","36.3917","1.5591"
"124.8500","1.5594","36.4226","1.5594"
"124.8750","1.5597","36.4549","1.5597"
"124.9000","1.5600","36.4867","1.5600"
"124.9250","1.5603","36.5182","1.5603"
"124.9500","1.5606","36.5431","1.5606"
"124.9750","1.5610","36.5741","1.5610"
"125.0000","1.5613","36.6072","1.5613"
"125.0250","1.5616","36.6452","1.5616"
"125.0500","1.5619","36.6831","1.5619"
"125.0750","1.5622","36.7206","1.5622"
"125.1000","1.5626","36.7590","1.5626"
"125.1250","1.5629","36.7969","1.5629"
"125.1500","1.5632","36.8323","1.5632"
"125.1750","1.5635","36.8685","1.5635"
"125.2000","1.5639","36.9054","1.5639"
"125.2250","1.5642","36.9476","1.5642"
"125.2500","1.5645","36.9960","1.5645"
"125.2750","1.5649","37.0451","1.5649"
"125.3000","1.5652","37.0943","1.5652"
"125.3250","1.5655","37.1442","1.5655"
"125.3500","1.5659","37.1915","1.5659"
"125.3750","1.5662","37.2239","1.5662"
"125.4000","1.5665","37.2539","1.5665"
"125.4250","1.5668","37.2762","1.5668"
"125.4500","1.5672","37.2908","1.5672"
"125.4750","1.5675","37.3042","1.5675"
"125.5000","1.5678","37.3172","1.5678"
"125.5250","1.5681","37.3296","1.5681"
"125.5500","1.5684","37.3344","1.5684"
"125.5750","1.5687","37.3298","1.5687"
"125.6000","1.5690","37.3205","1.5690"
"125.6250","1.5693","37.3172","1.5693"
"125.6500","1.5696","37.3233","1.5696"
"125.6750","1.5699","37.3336","1.5699"
"125.7000","1.5702","37.3451","1.5702"
"125.7250","1.5706","37.3598","1.5706"
"125.7500","1.5709","37.3770","1.5709"
"125.7750","1.5712","37.3962","1.5712"
"125.8000","1.5715","37.4214","1.5715"
"125.8250","1.5718","37.4407","1.5718"
"125.8500","1.5721","37.4550","1.5721"
"125.8750","1.5724","37.4672","1.5724"
"125.9000","1.5728","37.4769","1.5728"
"125.9250","1.5731","37.4892","1.5731"
"125.9500","1.5734","37.5055","1.5734"
"125.9750","1.5737","37.5219","1.5737"
"126.0000","1.5740","37.5340","1.5740"
"126.0250","1.5743","37.5504","1.5743"
"126.0500","1.5746","37.5631","1.5746"
"126.0750","1.5749","37.5722","1.5749"
"126.1000","1.5752","37.5767","1.5752"
"126.1250","1.5756","37.5909","1.5756"
"126.1500","1.5759","37.6020","1.5759"
"126.1750","1.5762","37.6091","1.5762"
"126.2000","1.5765","37.6227","1.5765"
"126.2250","1.5768","37.6455","1.5768"
"126.2500","1.5771","37.6717","1.5771"
"126.2750","1.5774","37.6932","1.5774"
"126.3000","1.5777","37.7113","1.5777"
"126.3250","1.5781","37.7267","1.5781"
"126.3500","1.5784","37.7391","1.5784"
"126.3750","1.5787","37.7486","1.5787"
"126.4000","1.5790","37.7567","1.5790"
"126.4250","1.5793","37.7647","1.5793"
"126.4500","1.5796","37.7692","1.5796"
"126.4750","1.5799","37.7766","1.5799"
"126.5000","1.5802","37.7864","1.5802"
"126.5250","1.5804","37.7984","1.5804"
"126.5500","1.5807","37.8136","1.5807"
"126.5750","1.5810","37.8202","1.5810"
"126.6000","1.5813","37.8139","1.5813"
"126.6250","1.5816","37.8091","1.5816"
"126.6500","1.5819","37.8250","1.5819"
"126.6750","1.5822","37.8556","1.5822"
"126.7000","1.5825","37.8981","1.5825"
"126.7250","1.5828","37.9527","1.5828"
"126.7500","1.5832","38.0129","1.5832"
"126.7750","1.5835","38.0651","1.5835"
"126.8000","1.5838","38.1079","1.5838"
"126.8250","1.5841","38.1416","1.5841"
"126.8500","1.5844","38.1659","1.5844"
"126.8750","1.5847","38.1890","1.5847"
"126.9000","1.5850","38.2155","1.5850"
"126.9250","1.5854","38.2426","1.5854"
"126.9500","1.5857","38.2703","1.5857"
"126.9750","1.5860","38.3019","1.5860"
"127.0000","1.5863","38.3357","1.5863"
"127.0250","1.5866","38.3693","1.5866"
"127.0500","1.5869","38.4009","1.5869"
"127.0750","1.5872","38.4340","1.5872"
"127.1000","1.5875","38.4732","1.5875"
"127.1250","1.5879","38.5181","1.5879"
"127.1500","1.5882","38.5629","1.5882"
"127.1750","1.5885","38.6065","1.5885"
"127.2000","1.5888","38.6469","1.5888"
"127.2250","1.5891","38.6825","1.5891"
"127.2500","1.5894","38.7148","1.5894"
"127.2750","1.5897","38.7489","1.5897"
"127.3000","1.5901","38.7877","1.5901"
"127.3250","1.5904","38.8279","1.5904"
"127.3500","1.5907","38.8651","1.5907"
"127.3750","1.5910","38.8927","1.5910"
"127.4000","1.5913","38.9212","1.5913"
"127.4250","1.5916","38.9563","1.5916"
"127.4500","1.5919","38.9888","1.5919"
"127.4750","1.5922","39.0343","1.5922"
"127.5000","1.5926","39.0838","1.5926"
"127.5250","1.5929","39.1287","1.5929"
"127.5500","1.5932","39.1756","1.5932"
"127.5750","1.5935","39.2270","1.5935"
"127.6000","1.5938","39.2774","1.5938"
"127.6250","1.5942","39.3237","1.5942"
"127.6500","1.5945","39.3653","1.5945"
"127.6750","1.5948","39.4123","1.5948"
"127.7000","1.5951","39.4656","1.5951"
"127.7250","1.5954","39.5193","1.5954"
"127.7500","1.5958","39.5656","1.5958"
"127.7750","1.5961","39.6159","1.5961"
"127.8000","1.5964","39.6714","1.5964"
"127.8250","1.5968","39.7294","1.5968"
"127.8500","1.5971","39.7926","1.5971"
"127.8750","1.5974","39.8567","1.5974"
"127.9000","1.5978","39.9076","1.5978"
"127.9250","1.5981","39.9484","1.5981"
"127.9500","1.5984","39.9855","1.5984"
"127.9750","1.5987","40.0171","1.5987"
"128.0000","1.5990","40.0421","1.5990"
"128.0250","1.5993","40.0692","1.5993"
"128.0500","1.5996","40.1006","1.5996"
"128.0750","1.5999","40.1346","1.5999"
"128.1000","1.6003","40.1728","1.6003"
"128.1250","1.6006","40.2138","1.6006"
"128.1500","1.6009","40.2578","1.6009"
"128.1750","1.6012","40.3051","1.6012"
"128.2000","1.6015","40.3523","1.6015"
"128.2250","1.6019","40.3921","1.6019"
"128.2500","1.6022","40.4241","1.6022"
"128.2750","1.6025","40.4610","1.6025"
"128.3000","1.6028","40.4971","1.6028"
"128.3250","1.6031","40.5270","1.6031"
"128.3500","1.6034","40.5540","1.6034"
"128.3750","1.6037","40.5880","1.6037"
"128.4000","1.6041","40.6271","1.6041"
"128.4250","1.6044","40.6647","1.6044"
"128.4500","1.6047","40.7015","1.6047"
"128.4750","1.6050","40.7303","1.6050"
"128.5000","1.6053","40.7526","1.6053"
"128.5250","1.6056","40.7812","1.6056"
"128.5500","1.6059","40.8150","1.6059"
"128.5750","1.6063","40.8561","1.6063"
"128.6000","1.6066","40.8991","1.6066"
"128.6250","1.6069","40.9475","1.6069"
"128.6500","1.6072","40.9942","1.6072"
"128.6750","1.6075","41.0247","1.6075"
"128.7000","1.6079","41.0455","1.6079"
"128.7250","1.6082","41.0544","1.6082"
"128.7500","1.6085","41.0571","1.6084"
"128.7750","1.6087","41.0457","1.6087"
"128.8000","1.6090","41.0398","1.6090"
"128.8250","1.6093","41.0467","1.6093"
"128.8500","1.6096","41.0632","1.6096"
"128.8750","1.6099","41.0869","1.6099"
"128.9000","1.6102","41.1179","1.6102"
"128.9250","1.6105","41.1576","1.6105"
"128.9500","1.6109","41.2041","1.6109"
"128.9750","1.6112","41.2525","1.6112"
"129.0000","1.6115","41.2929","1.6115"
"129.0250","1.6118","41.3320","1.6118"
"129.0500","1.6122","41.3664","1.6122"
"129.0750","1.6125","41.3930","1.6125"
"129.1000","1.6128","41.4189","1.6128"
"129.1250","1.6131","41.4405","1.6131"
"129.1500","1.6134","41.4587","1.6134"
"129.1750","1.6137","41.4812","1.6137"
"129.2000","1.6140","41.5037","1.6140"
"129.2250","1.6143","41.5208","1.6143"
"129.2500","1.6146","41.5337","1.6146"
"129.2750","1.6149","41.5477","1.6149"
"129.3000","1.6152","41.5709","1.6152"
"129.3250","1.6155","41.5963","1.6155"
"129.3500","1.6159","41.6214","1.6159"
"129.3750","1.6162","41.6485","1.6162"
"129.4000","1.6165","41.6702","1.6165"
"129.4250","1.6168","41.6878","1.6168"
"129.4500","1.6171","41.7115","1.6171"
"129.4750","1.6174","41.7371","1.6174"
"129.5000","1.6177","41.7626","1.6177"
"129.5250","1.6180","41.7935","1.6180"
"129.5500","1.6183","41.8293","1.6183"
"129.5750","1.6187","41.8509","1.6187"
"129.6000","1.6190","41.8827","1.6190"
"129.6250","1.6193","41.9254","1.6193"
"129.6500","1.6196","41.9673","1.6196"
"129.6750","1.6199","41.9914","1.6199"
"129.7000","1.6202","42.0000","1.6202"
"129.7250","1.6205","42.0043","1.6205"
"129.7500","1.6208","42.0135","1.6208"
"129.7750","1.6211","42.0369","1.6211"
"129.8000","1.6214","42.0681","1.6214"
"129.8250","1.6217","42.1014","1.6217"
"129.8500","1.6221","42.1352","1.6221"
"129.8750","1.6224","42.1716","1.6224"
"129.9000","1.6227","42.2141","1.6227"
"129.9250","1.6230","42.2544","1.6230"
"129.9500","1.6233","42.2958","1.6233"
"129.9750","1.6236","42.3315","1.6236"
"130.0000","1.6239","42.3650","1.6239"
"130.0250","1.6242","42.3880","1.6242"
"130.0500","1.6245","42.4100","1.6245"
"130.0750","1.6248","42.4298","1.6248"
"130.1000","1.6251","42.4521","1.6251"
"130.1250","1.6254","42.4778","1.6254"
"130.1500","1.6257","42.5095","1.6257"
"130.1750","1.6260","42.5475","1.6260"
"130.2000","1.6264","42.5874","1.6264"
"130.2250","1.6267","42.6309","1.6267"
"130.2500","1.6270","42.6766","1.6270"
"130.2750","1.6273","42.7128","1.6273"
"130.3000","1.6276","42.7551","1.6276"
"130.3250","1.6279","42.8037","1.6279"
"130.3500","1.6282","42.8563","1.6282"
"130.3750","1.6286","42.9121","1.6286"
"130.4000","1.6289","42.9691","1.6289"
"130.4250","1.6292","43.0311","1.6292"
"130.4500","1.6295","43.0928","1.6295"
"130.4750","1.6299","43.1680","1.6299"
"130.5000","1.6302","43.2514","1.6302"
"130.5250","1.6306","43.3186","1.6306"
"130.5500","1.6309","43.3681","1.6309"
"130.5750","1.6312","43.4090","1.6312"
"130.6000","1.6315","43.4262","1.6315"
"130.6250","1.6318","43.4332","1.6318"
"130.6500","1.6321","43.4442","1.6321"
"130.6750","1.6324","43.4629","1.6324"
"130.7000","1.6327","43.4867","1.6327"
"130.7250","1.6330","43.5260","1.6330"
"130.7500","1.6333","43.5709","1.6333"
"130.7750","1.6337","43.6199","1.6337"
"130.8000","1.6340","43.6686","1.6340"
"130.8250","1.6343","43.7063","1.6343"
"130.8500","1.6346","43.7435","1.6346"
"130.8750","1.6349","43.7826","1.6349"
"130.9000","1.6352","43.8061","1.6352"
"130.9250","1.6355","43.8224","1.6355"
"130.9500","1.6358","43.8459","1.6358"
"130.9750","1.6361","43.8722","1.6361"
"131.0000","1.6365","43.9043","1.6365"
"131.0250","1.6368","43.9411","1.6368"
"131.0500","1.6371","43.9745","1.6371"
"131.0750","1.6374","44.0075","1.6374"
"131.1000","1.6377","44.0457","1.6377"
"131.1250","1.6380","44.0813","1.6380"
"131.1500","1.6383","44.1138","1.6383"
"131.1750","1.6386","44.1415","1.6386"
"131.2000","1.6389","44.1597","1.6389"
"131.2250","1.6392","44.1743","1.6392"
"131.2500","1.6395","44.1943","1.6395"
"131.2750","1.6398","44.2151","1.6398"
"131.3000","1.6401","44.2338","1.6401"
"131.3250","1.6404","44.2548","1.6404"
"131.3500","1.6407","44.2763","1.6407"
"131.3750","1.6410","44.3012","1.6410"
"131.4000","1.6413","44.3241","1.6413"
"131.4250","1.6416","44.3483","1.6416"
"131.4500","1.6419","44.3749","1.6419"
"131.4750","1.6422","44.4078","1.6422"
"131.5000","1.6425","44.4396","1.6425"
"131.5250","1.6428","44.4821","1.6428"
"131.5500","1.6431","44.5345","1.6431"
"131.5750","1.6435","44.5920","1.6435"
"131.6000","1.6438","44.6477","1.6438"
"131.6250","1.6441","44.6904","1.6441"
"131.6500","1.6444","44.7280","1.6444"
"131.6750","1.6447","44.7642","1.6447"
"131.7000","1.6450","44.7981","1.6450"
"131.7250","1.6453","44.8298","1.6453"
"131.7500","1.6457","44.8632","1.6457"
"131.7750","1.6460","44.8931","1.6460"
"131.8000","1.6463","44.9146","1.6463"
"131.8250","1.6466","44.9393","1.6466"
"131.8500","1.6469","44.9776","1.6469"
"131.8750","1.6472","45.0117","1.6472"
"131.9000","1.6475","45.0439","1.6475"
"131.9250","1.6479","45.0812","1.6479"
"131.9500","1.6482","45.1178","1.6482"
"131.9750","1.6485","45.1491","1.6485"
"132.0000","1.6488","45.1811","1.6488"
"132.0250","1.6491","45.2070","1.6491"
"132.0500","1.6494","45.2259","1.6494"
"132.0750","1.6497","45.2447","1.6497"
"132.1000","1.6500","45.2596","1.6500"
"132.1250","1.6504","45.2839","1.6504"
"132.1500","1.6507","45.3110","1.6507"
"132.1750","1.6510","45.3468","1.6510"
"132.2000","1.6513","45.3802","1.6513"
"132.2250","1.6516","45.4052","1.6516"
"132.2500","1.6519","45.4294","1.6519"
"132.2750","1.6523","45.4535","1.6523"
"132.3000","1.6526","45.4675","1.6526"
"132.3250","1.6529","45.4745","1.6529"
"132.3500","1.6532","45.4822","1.6532"
"132.3750","1.6535","45.4870","1.6535"
"132.4000","1.6538","45.4913","1.6538"
"132.4250","1.6541","45.4717","1.6541"
"132.4500","1.6544","45.4599","1.6544"
"132.4750","1.6547","45.4619","1.6547"
"132.5000","1.6550","45.4752","1.6550"
"132.5250","1.6553","45.4902","1.6553"
"132.5500","1.6556","45.5127","1.6556"
"132.5750","1.6560","45.5364","1.6560"
"132.6000","1.6563","45.5558","1.6563"
"132.6250","1.6566","45.5742","1.6566"
"132.6500","1.6569","45.5883","1.6569"
"132.6750","1.6572","45.6054","1.6572"
"132.7000","1.6575","45.6254","1.6575"
"132.7250","1.6578","45.6399","1.6578"
"132.7500","1.6581","45.6480","1.6581"
"132.7750","1.6585","45.6593","1.6585"
"132.8000","1.6588","45.6810","1.6588"
"132.8250","1.6591","45.6992","1.6591"
"132.8500","1.6594","45.7177","1.6594"
"132.8750","1.6597","45.7332","1.6597"
"132.9000","1.6600","45.7515","1.6600"
"132.9250","1.6603","45.7675","1.6603"
"132.9500","1.6606","45.7807","1.6606"
"132.9750","1.6610","45.7945","1.6610"
"133.0000","1.6613","45.8084","1.6613"
"133.0250","1.6616","45.8117","1.6616"
"133.0500","1.6619","45.8142","1.6619"
"133.0750","1.6621","45.8179","1.6621"
"133.1000","1.6624","45.8243","1.6624"
"133.1250","1.6628","45.8398","1.6628"
"133.1500","1.6631","45.8607","1.6631"
"133.1750","1.6634","45.8870","1.6634"
"133.2000","1.6637","45.9168","1.6637"
"133.2250","1.6640","45.9543","1.6640"
"133.2500","1.6643","45.9970","1.6643"
"133.2750","1.6647","46.0425","1.6647"
"133.3000","1.6650","46.0832","1.6650"
"133.3250","1.6653","46.1277","1.6653"
"133.3500","1.6656","46.1734","1.6656"
"133.3750","1.6660","46.2153","1.6660"
"133.4000","1.6663","46.2574","1.6663"
"133.4250","1.6666","46.2974","1.6666"
"133.4500","1.6669","46.3219","1.6669"
"133.4750","1.6672","46.3405","1.6672"
"133.5000","1.6675","46.3535","1.6675"
"133.5250","1.6679","46.3698","1.6679"
"133.5500","1.6682","46.3946","1.6682"
"133.5750","1.6685","46.4157","1.6685"
"133.6000","1.6688","46.4349","1.6688"
"133.6250","1.6691","46.4551","1.6691"
"133.6500","1.6694","46.4695","1.6694"
"133.6750","1.6697","46.4832","1.6697"
"133.7000","1.6700","46.5011","1.6700"
"133.7250","1.6704","46.5308","1.6704"
"133.7500","1.6707","46.5545","1.6707"
"133.7750","1.6710","46.5721","1.6710"
"133.8000","1.6713","46.5900","1.6713"
"133.8250","1.6716","46.6092","1.6716"
"133.8500","1.6720","46.6363","1.6720"
"133.8750","1.6723","46.6607","1.6723"
"133.9000","1.6726","46.6838","1.6726"
"133.9250","1.6729","46.7045","1.6729"
"133.9500","1.6732","46.7243","1.6732"
"133.9750","1.6736","46.7442","1.6736"
"134.0000","1.6739","46.7600","1.6739"
"134.0250","1.6742","46.7757","1.6742"
"134.0500","1.6745","46.7904","1.6745"
"134.0750","1.6748","46.8085","1.6748"
"134.1000","1.6751","46.8252","1.6751"
"134.1250","1.6754","46.8417","1.6754"
"134.1500","1.6757","46.8598","1.6757"
"134.1750","1.6761","46.8727","1.6761"
"134.2000","1.6764","46.8868","1.6764"
"134.2250","1.6767","46.8986","1.6767"
"134.2500","1.6770","46.9084","1.6770"
"134.2750","1.6773","46.9201","1.6773"
"134.3000","1.6776","46.9315","1.6776"
"134.3250","1.6779","46.9482","1.6779"
"134.3500","1.6782","46.9703","1.6782"
"134.3750","1.6785","46.9899","1.6785"
"134.4000","1.6788","47.0069","1.6788"
"134.4250","1.6791","47.0241","1.6791"
"134.4500","1.6794","47.0387","1.6794"
"134.4750","1.6797","47.0563","1.6797"
"134.5000","1.6800","47.0847","1.6800"
"134.5250","1.6804","47.1148","1.6804"
"134.5500","1.6807","47.1432","1.6807"
"134.5750","1.6810","47.1690","1.6810"
"134.6000","1.6813","47.1925","1.6813"
"134.6250","1.6816","47.2142","1.6816"
"134.6500","1.6819","47.2389","1.6819"
"134.6750","1.6822","47.2610","1.6822"
"134.7000","1.6825","47.2845","1.6825"
"134.7250","1.6828","47.3115","1.6828"
"134.7500","1.6832","47.3391","1.6832"
"134.7750","1.6835","47.3670","1.6835"
"134.8000","1.6838","47.3847","1.6838"
"134.8250","1.6841","47.4032","1.6841"
"134.8500","1.6844","47.4222","1.6844"
"134.8750","1.6847","47.4424","1.6847"
"134.9000","1.6850","47.4627","1.6850"
"134.9250","1.6853","47.4831","1.6853"
"134.9500","1.6856","47.5035","1.6856"
"134.9750","1.6860","47.5309","1.6860"
"135.0000","1.6863","47.5601","1.6863"
"135.0250","1.6866","47.5892","1.6866"
"135.0500","1.6869","47.6199","1.6869"
"135.0750","1.6872","47.6429","1.6872"
"135.1000","1.6875","47.6582","1.6875"
"135.1250","1.6878","47.6727","1.6878"
"135.1500","1.6881","47.6904","1.6881"
"135.1750","1.6885","47.7165","1.6885"
"135.2000","1.6888","47.7424","1.6888"
"135.2250","1.6891","47.7674","1.6891"
"135.2500","1.6894","47.7892","1.6894"
"135.2750","1.6897","47.8124","1.6897"
"135.3000","1.6900","47.8359","1.6900"
"135.3250","1.6903","47.8568","1.6903"
"135.3500","1.6906","47.8787","1.6906"
"135.3750","1.6910","47.8952","1.6910"
"135.4000","1.6913","47.9124","1.6913"
"135.4250","1.6916","47.9329","1.6916"
"135.4500","1.6919","47.9596","1.6919"
"135.4750","1.6922","47.9862","1.6922"
"135.5000","1.6925","48.0022","1.6925"
"135.5250","1.6928","48.0123","1.6928"
"135.5500","1.6932","48.0282","1.6932"
"135.5750","1.6935","48.0467","1.6935"
"135.6000","1.6938","48.0615","1.6938"
"135.6250","1.6941","48.0792","1.6941"
"135.6500","1.6944","48.1043","1.6944"
"135.6750","1.6947","48.1248","1.6947"
"135.7000","1.6950","48.1461","1.6950"
"135.7250","1.6954","48.1669","1.6954"
"135.7500","1.6957","48.1918","1.6957"
"135.7750","1.6960","48.2189","1.6960"
"135.8000","1.6963","48.2520","1.6963"
"135.8250","1.6966","48.2932","1.6966"
"135.8500","1.6970","48.3297","1.6970"
"135.8750","1.6973","48.3749","1.6973"
"135.9000","1.6976","48.4261","1.6976"
"135.9250","1.6980","48.4754","1.6980"
"135.9500","1.6983","48.5321","1.6983"
"135.9750","1.6987","48.5944","1.6987"
"136.0000","1.6990","48.6437","1.6990"
"136.0250","1.6993","48.6859","1.6993"
"136.0500","1.6997","48.7097","1.6997"
"136.0750","1.7000","48.7155","1.7000"
"136.1000","1.7003","48.7232","1.7003"
"136.1250","1.7006","48.7249","1.7006"
"136.1500","1.7009","48.7118","1.7009"
"136.1750","1.7012","48.6986","1.7012"
"136.2000","1.7015","48.7071","1.7015"
"136.2250","1.7018","48.7289","1.7018"
"136.2500","1.7021","48.7567","1.7021"
"136.2750","1.7024","48.7874","1.7024"
"136.3000","1.7028","48.8234","1.7028"
"136.3250","1.7031","48.8644","1.7031"
"136.3500","1.7034","48.9018","1.7034"
"136.3750","1.7037","48.9332","1.7037"
"136.4000","1.7040","48.9634","1.7040"
"136.4250","1.7044","48.9908","1.7044"
"136.4500","1.7047","49.0095","1.7047"
"136.4750","1.7050","49.0184","1.7050"
"136.5000","1.7053","49.0277","1.7053"
"136.5250","1.7056","49.0324","1.7056"
"136.5500","1.7059","49.0384","1.7059"
"136.5750","1.7062","49.0517","1.7062"
"136.6000","1.7065","49.0689","1.7065"
"136.6250","1.7068","49.0938","1.7068"
"136.6500","1.7071","49.1272","1.7071"
"136.6750","1.7074","49.1610","1.7074"
"136.7000","1.7078","49.1902","1.7078"
"136.7250","1.7081","49.2116","1.7081"
"136.7500","1.7084","49.2348","1.7084"
"136.7750","1.7087","49.2564","1.7087"
"136.8000","1.7090","49.2765","1.7090"
"136.8250","1.7093","49.3043","1.7093"
"136.8500","1.7096","49.3401","1.7096"
"136.8750","1.7099","49.3743","1.7099"
"136.9000","1.7103","49.3983","1.7103"
"136.9250","1.7106","49.4123","1.7106"
"136.9500","1.7109","49.4196","1.7109"
"136.9750","1.7112","49.4282","1.7112"
"137.0000","1.7115","49.4509","1.7115"
"137.0250","1.7118","49.4761","1.7118"
"137.0500","1.7121","49.5029","1.7121"
"137.0750","1.7124","49.5387","1.7124"
"137.1000","1.7127","49.5777","1.7127"
"137.1250","1.7130","49.6032","1.7130"
"137.1500","1.7133","49.6230","1.7133"
"137.1750","1.7136","49.6408","1.7136"
"137.2000","1.7140","49.6586","1.7140"
"137.2250","1.7143","49.6767","1.7143"
"137.2500","1.7146","49.6900","1.7146"
"137.2750","1.7149","49.7115","1.7149"
"137.3000","1.7152","49.7335","1.7152"
"137.3250","1.7155","49.7477","1.7155"
"137.3500","1.7158","49.7505","1.7158"
"137.3750","1.7161","49.7439","1.7161"
"137.4000","1.7164","49.7396","1.7164"
"137.4250","1.7167","49.7392","1.7167"
"137.4500","1.7170","49.7463","1.7170"
"137.4750","1.7173","49.7450","1.7173"
"137.5000","1.7175","49.7346","1.7175"
"137.5250","1.7178","49.7222","1.7178"
"137.5500","1.7181","49.7223","1.7181"
"137.5750","1.7184","49.7431","1.7184"
"137.6000","1.7187","49.7813","1.7187"
"137.6250","1.7191","49.8363","1.7191"
"137.6500","1.7194","49.9128","1.7194"
"137.6750","1.7197","49.9830","1.7197"
"137.7000","1.7200","50.0149","1.7200"
"137.7250","1.7204","50.0334","1.7204"
"137.7500","1.7207","50.0515","1.7207"
"137.7750","1.7210","50.0727","1.7210"
"137.8000","1.7213","50.0961","1.7213"
"137.8250","1.7216","50.1210","1.7216"
"137.8500","1.7219","50.1479","1.7219"
"137.8750","1.7222","50.1877","1.7222"
"137.9000","1.7225","50.2232","1.7225"
"137.9250","1.7228","50.2421","1.7228"
"137.9500","1.7231","50.2628","1.7231"
"137.9750","1.7235","50.2908","1.7235"
"138.0000","1.7238","50.3165","1.7238"
"138.0250","1.7241","50.3341","1.7241"
"138.0500","1.7244","50.3574","1.7244"
"138.0750","1.7247","50.3795","1.7247"
"138.1000","1.7250","50.4025","1.7250"
"138.1250","1.7253","50.4237","1.7253"
"138.1500","1.7256","50.4368","1.7256"
"138.1750","1.7259","50.4507","1.7259"
"138.2000","1.7262","50.4689","1.7262"
"138.2250","1.7266","50.4886","1.7266"
"138.2500","1.7269","50.5151","1.7269"
"138.2750","1.7272","50.5482","1.7272"
"138.3000","1.7275","50.5868","1.7275"
"138.3250","1.7278","50.6199","1.7278"
"138.3500","1.7281","50.6573","1.7281"
"138.3750","1.7285","50.7063","1.7285"
"138.4000","1.7288","50.7576","1.7288"
"138.4250","1.7291","50.7969","1.7291"
"138.4500","1.7294","50.8296","1.7294"
"138.4750","1.7297","50.8545","1.7297"
"138.5000","1.7301","50.8817","1.7301"
"138.5250","1.7304","50.9160","1.7304"
"138.5500","1.7307","50.9545","1.7307"
"138.5750","1.7310","50.9924","1.7310"
"138.6000","1.7313","51.0239","1.7313"
"138.6250","1.7316","51.0534","1.7316"
"138.6500","1.7319","51.0934","1.7319"
"138.6750","1.7323","51.1314","1.7323"
"138.7000","1.7326","51.1634","1.7326"
"138.7250","1.7329","51.1973","1.7329"
"138.7500","1.7332","51.2407","1.7332"
"138.7750","1.7335","51.2924","1.7335"
"138.8000","1.7339","51.3516","1.7339"
"138.8250","1.7342","51.4151","1.7342"
"138.8500","1.7346","51.4867","1.7346"
"138.8750","1.7349","51.5618","1.7349"
"138.9000","1.7352","51.6315","1.7352"
"138.9250","1.7356","51.6876","1.7356"
"138.9500","1.7359","51.7305","1.7359"
"138.9750","1.7363","51.7609","1.7363"
"139.0000","1.7366","51.7768","1.7366"
"139.0250","1.7369","51.7819","1.7369"
"139.0500","1.7372","51.7784","1.7372"
"139.0750","1.7375","51.7782","1.7375"
"139.1000","1.7378","51.7777","1.7378"
"139.1250","1.7381","51.7811","1.7381"
"139.1500","1.7384","51.7959","1.7384"
"139.1750","1.7387","51.8159","1.7387"
"139.2000","1.7390","51.8394","1.7390"
"139.2250","1.7393","51.8610","1.7393"
"139.2500","1.7397","51.8871","1.7397"
"139.2750","1.7400","51.9129","1.7400"
"139.3000","1.7403","51.9424","1.7403"
"139.3250","1.7406","51.9733","1.7406"
"139.3500","1.7409","52.0027","1.7409"
"139.3750","1.7412","52.0398","1.7412"
"139.4000","1.7415","52.0778","1.7415"
"139.4250","1.7419","52.1217","1.7419"
"139.4500","1.7422","52.1584","1.7422"
"139.4750","1.7425","52.1886","1.7425"
"139.5000","1.7428","52.2132","1.7428"
"139.5250","1.7431","52.2316","1.7431"
"139.5500","1.7434","52.2417","1.7434"
"139.5750","1.7437","52.2520","1.7437"
"139.6000","1.7440","52.2659","1.7440"
"139.6250","1.7443","52.2738","1.7443"
"139.6500","1.7446","52.2868","1.7446"
"139.6750","1.7449","52.2976","1.7449"
"139.7000","1.7452","52.3108","1.7452"
"139.7250","1.7456","52.3310","1.7456"
"139.7500","1.7459","52.3562","1.7459"
"139.7750","1.7462","52.3864","1.7462"
"139.8000","1.7465","52.4221","1.7465"
"139.8250","1.7468","52.4611","1.7468"
"139.8500","1.7471","52.5041","1.7471"
"139.8750","1.7474","52.5441","1.7474"
"139.9000","1.7477","52.5767","1.7477"
"139.9250","1.7480","52.6024","1.7480"
"139.9500","1.7484","52.6279","1.7484"
"139.9750","1.7487","52.6539","1.7487"
"140.0000","1.7490","52.6826","1.7490"
"140.0250","1.7493","52.7152","1.7493"
"140.0500","1.7496","52.7716","1.7496"
"140.0750","1.7499","52.8372","1.7499"
"140.1000","1.7502","52.8860","1.7502"
"140.1250","1.7505","52.9217","1.7505"
"140.1500","1.7508","52.9430","1.7508"
"140.1750","1.7511","52.9629","1.7511"
"140.2000","1.7514","52.9870","1.7514"
"140.2250","1.7517","53.0109","1.7517"
"140.2500","1.7520","53.0404","1.7520"
"140.2750","1.7523","53.0686","1.7523"
"140.3000","1.7526","53.0997","1.7526"
"140.3250","1.7529","53.1306","1.7529"
"140.3500","1.7532","53.1605","1.7532"
"140.3750","1.7535","53.1956","1.7535"
"140.4000","1.7538","53.2337","1.7538"
"140.4250","1.7541","53.2778","1.7541"
"140.4500","1.7545","53.3219","1.7545"
"140.4750","1.7548","53.3663","1.7548"
"140.5000","1.7551","53.4194","1.7551"
"140.5250","1.7554","53.4746","1.7554"
"140.5500","1.7557","53.5231","1.7557"
"140.5750","1.7560","53.5737","1.7560"
"140.6000","1.7563","53.6219","1.7563"
"140.6250","1.7567","53.6638","1.7567"
"140.6500","1.7570","53.7007","1.7570"
"140.6750","1.7573","53.7282","1.7573"
"140.7000","1.7576","53.7512","1.7576"
"140.7250","1.7579","53.7721","1.7579"
"140.7500","1.7582","53.7996","1.7582"
"140.7750","1.7585","53.8372","1.7585"
"140.8000","1.7588","53.8753","1.7588"
"140.8250","1.7591","53.9178","1.7591"
"140.8500","1.7594","53.9616","1.7594"
"140.8750","1.7597","54.0110","1.7597"
"140.9000","1.7601","54.0570","1.7601"
"140.9250","1.7604","54.1054","1.7604"
"140.9500","1.7607","54.1568","1.7607"
"140.9750","1.7610","54.2059","1.7610"
"141.0000","1.7613","54.2525","1.7613"
"141.0250","1.7616","54.2989","1.7616"
"141.0500","1.7620","54.3332","1.7620"
"141.0750","1.7623","54.3643","1.7623"
"141.1000","1.7626","54.3934","1.7626"
"141.1250","1.7629","54.4272","1.7629"
"141.1500","1.7632","54.4677","1.7632"
"141.1750","1.7635","54.5078","1.7635"
"141.2000","1.7639","54.5452","1.7639"
"141.2250","1.7642","54.5845","1.7642"
"141.2500","1.7645","54.6240","1.7645"
"141.2750","1.7648","54.6646","1.7648"
"141.3000","1.7651","54.7099","1.7651"
"141.3250","1.7655","54.7499","1.7655"
"141.3500","1.7658","54.7898","1.7658"
"141.3750","1.7661","54.8322","1.7661"
"141.4000","1.7664","54.8782","1.7664"
"141.4250","1.7667","54.9321","1.7667"
"141.4500","1.7671","54.9946","1.7671"
"141.4750","1.7674","55.0510","1.7674"
"141.5000","1.7677","55.1081","1.7677"
"141.5250","1.7681","55.1614","1.7681"
"141.5500","1.7684","55.2012","1.7684"
"141.5750","1.7687","55.2298","1.7687"
"141.6000","1.7690","55.2446","1.7690"
"141.6250","1.7693","55.2560","1.7693"
"141.6500","1.7696","55.2757","1.7696"
"141.6750","1.7699","55.2966","1.7699"
"141.7000","1.7702","55.3236","1.7702"
"141.7250","1.7705","55.3565","1.7705"
"141.7500","1.7709","55.3969","1.7709"
"141.7750","1.7712","55.4455","1.7712"
"141.8000","1.7715","55.4853","1.7715"
"141.8250","1.7718","55.5214","1.7718"
"141.8500","1.7721","55.5571","1.7721"
"141.8750","1.7724","55.5887","1.7724"
"141.9000","1.7727","55.6128","1.7727"
"141.9250","1.7731","55.6327","1.7731"
"141.9500","1.7734","55.6593","1.7734"
"141.9750","1.7737","55.6972","1.7737"
"142.0000","1.7740","55.7254","1.7740"
"142.0250","1.7743","55.7425","1.7743"
"142.0500","1.7746","55.7512","1.7746"
"142.0750","1.7749","55.7590","1.7749"
"142.1000","1.7752","55.7676","1.7752"
"142.1250","1.7755","55.7714","1.7755"
"142.1500","1.7758","55.7776","1.7758"
"142.1750","1.7761","55.7901","1.7761"
"142.2000","1.7764","55.8152","1.7764"
"142.2250","1.7768","55.8453","1.7768"
"142.2500","1.7771","55.8732","1.7771"
"142.2750","1.7774","55.9031","1.7774"
"142.3000","1.7777","55.9329","1.7777"
"142.3250","1.7780","55.9579","1.7780"
"142.3500","1.7783","55.9765","1.7783"
"142.3750","1.7786","55.9865","1.7786"
"142.4000","1.7789","55.9826","1.7789"
"142.4250","1.7792","55.9658","1.7792"
"142.4500","1.7795","55.9391","1.7795"
"142.4750","1.7798","55.9117","1.7798"
"142.5000","1.7801","55.8847","1.7801"
"142.5250","1.7804","55.8512","1.7804"
"142.5500","1.7807","55.8136","1.7807"
"142.5750","1.7810","55.7803","1.7810"
"142.6000","1.7813","55.7628","1.7813"
"142.6250","1.7816","55.7673","1.7816"
"142.6500","1.7819","55.7856","1.7819"
"142.6750","1.7822","55.8052","1.7822"
"142.7000","1.7825","55.8275","1.7825"
"142.7250","1.7828","55.8525","1.7828"
"142.7500","1.7831","55.8766","1.7831"
"142.7750","1.7834","55.9033","1.7834"
"142.8000","1.7837","55.9287","1.7837"
"142.8250","1.7840","55.9515","1.7840"
"142.8500","1.7844","55.9714","1.7844"
"142.8750","1.7847","55.9895","1.7847"
"142.9000","1.7850","56.0024","1.7850"
"142.9250","1.7853","56.0165","1.7853"
"142.9500","1.7856","56.0302","1.7856"
"142.9750","1.7859","56.0559","1.7859"
"143.0000","1.7862","56.0708","1.7862"
"143.0250","1.7865","56.0807","1.7865"
"143.0500","1.7868","56.1207","1.7868"
"143.0750","1.7872","56.1908","1.7872"
"143.1000","1.7875","56.2441","1.7875"
"143.1250","1.7878","56.2762","1.7878"
"143.1500","1.7881","56.3047","1.7881"
"143.1750","1.7884","56.3216","1.7884"
"143.2000","1.7887","56.3506","1.7887"
"143.2250","1.7890","56.3832","1.7890"
"143.2500","1.7893","56.4236","1.7893"
"143.2750","1.7896","56.4692","1.7896"
"143.3000","1.7899","56.5251","1.7899"
"143.3250","1.7903","56.5792","1.7903"
"143.3500","1.7906","56.6434","1.7906"
"143.3750","1.7909","56.6954","1.7909"
"143.4000","1.7912","56.7191","1.7912"
"143.4250","1.7915","56.7306","1.7915"
"143.4500","1.7918","56.7467","1.7918"
"143.4750","1.7921","56.7747","1.7921"
"143.5000","1.7924","56.8049","1.7924"
"143.5250","1.7927","56.8316","1.7927"
"143.5500","1.7930","56.8608","1.7930"
"143.5750","1.7934","56.9008","1.7934"
"143.6000","1.7937","56.9501","1.7937"
"143.6250","1.7940","56.9925","1.7940"
"143.6500","1.7943","57.0219","1.7943"
"143.6750","1.7946","57.0551","1.7946"
"143.7000","1.7949","57.0772","1.7949"
"143.7250","1.7952","57.0880","1.7952"
"143.7500","1.7955","57.0954","1.7955"
"143.7750","1.7958","57.1119","1.7958"
"143.8000","1.7961","57.1380","1.7961"
"143.8250","1.7964","57.1677","1.7964"
"143.8500","1.7968","57.2034","1.7968"
"143.8750","1.7971","57.2482","1.7971"
"143.9000","1.7974","57.3027","1.7974"
"143.9250","1.7977","57.3575","1.7977"
"143.9500","1.7981","57.4012","1.7981"
"143.9750","1.7984","57.4402","1.7984"
"144.0000","1.7987","57.4830","1.7987"
"144.0250","1.7990","57.5062","1.7990"
"144.0500","1.7994","57.5240","1.7994"
"144.0750","1.7997","57.5398","1.7997"
"144.1000","1.8000","57.5532","1.8000"
"144.1250","1.8003","57.5757","1.8003"
"144.1500","1.8006","57.5933","1.8006"
"144.1750","1.8009","57.6090","1.8009"
"144.2000","1.8012","57.6348","1.8012"
"144.2250","1.8016","57.6568","1.8016"
"144.2500","1.8019","57.6757","1.8019"
"144.2750","1.8022","57.6768","1.8022"
"144.3000","1.8025","57.6781","1.8025"
"144.3250","1.8028","57.6866","1.8028"
"144.3500","1.8031","57.7002","1.8031"
"144.3750","1.8035","57.7148","1.8035"
"144.4000","1.8038","57.7346","1.8038"
"144.4250","1.8041","57.7578","1.8041"
"144.4500","1.8044","57.7825","1.8044"
"144.4750","1.8047","57.7969","1.8047"
"144.5000","1.8051","57.8044","1.8051"
"144.5250","1.8054","57.8174","1.8054"
"144.5500","1.8057","57.8284","1.8057"
"144.5750","1.8060","57.8392","1.8060"
"144.6000","1.8063","57.8513","1.8063"
"144.6250","1.8066","57.8636","1.8066"
"144.6500","1.8069","57.8746","1.8069"
"144.6750","1.8073","57.8882","1.8073"
"144.7000","1.8076","57.9005","1.8076"
"144.7250","1.8079","57.9157","1.8079"
"144.7500","1.8082","57.9288","1.8082"
"144.7750","1.8085","57.9425","1.8085"
"144.8000","1.8088","57.9575","1.8088"
"144.8250","1.8091","57.9719","1.8091"
"144.8500","1.8094","57.9896","1.8094"
"144.8750","1.8097","58.0045","1.8097"
"144.9000","1.8101","58.0175","1.8101"
"144.9250","1.8104","58.0376","1.8104"
"144.9500","1.8107","58.0605","1.8107"
"144.9750","1.8110","58.0913","1.8110"
"145.0000","1.8113","58.1184","1.8113"
"145.0250","1.8116","58.1428","1.8116"
"145.0500","1.8119","58.1737","1.8119"
"145.0750","1.8123","58.1988","1.8123"
"145.1000","1.8126","58.2207","1.8126"
"145.1250","1.8129","58.2429","1.8129"
"145.1500","1.8132","58.2630","1.8132"
"145.1750","1.8135","58.2801","1.8135"
"145.2000","1.8138","58.3012","1.8138"
"145.2250","1.8141","58.3285","1.8141"
"145.2500","1.8144","58.3653","1.8144"
"145.2750","1.8148","58.4108","1.8148"
"145.3000","1.8151","58.4615","1.8151"
"145.3250","1.8154","58.5126","1.8154"
"145.3500","1.8157","58.5484","1.8157"
"145.3750","1.8160","58.5853","1.8160"
"145.4000","1.8164","58.6232","1.8164"
"145.4250","1.8167","58.6606","1.8167"
"145.4500","1.8170","58.7021","1.8170"
"145.4750","1.8173","58.7503","1.8173"
"145.5000","1.8177","58.7926","1.8177"
"145.5250","1.8180","58.8367","1.8180"
"145.5500","1.8183","58.8772","1.8183"
"145.5750","1.8186","58.9223","1.8186"
"145.6000","1.8190","58.9651","1.8190"
"145.6250","1.8193","58.9939","1.8193"
"145.6500","1.8196","59.0162","1.8196"
"145.6750","1.8199","59.0371","1.8199"
"145.7000","1.8202","59.0524","1.8202"
"145.7250","1.8205","59.0650","1.8205"
"145.7500","1.8208","59.0653","1.8208"
"145.7750","1.8211","59.0532","1.8211"
"145.8000","1.8214","59.0329","1.8214"
"145.8250","1.8217","59.0130","1.8217"
"145.8500","1.8220","58.9954","1.8220"
"145.8750","1.8223","58.9807","1.8223"
"145.9000","1.8226","58.9756","1.8226"
"145.9250","1.8229","58.9772","1.8229"
"145.9500","1.8232","58.9764","1.8232"
"145.9750","1.8235","58.9753","1.8235"
"146.0000","1.8238","58.9922","1.8238"
"146.0250","1.8241","59.0260","1.8241"
"146.0500","1.8244","59.0726","1.8244"
"146.0750","1.8247","59.1128","1.8247"
"146.1000","1.8251","59.1377","1.8251"
"146.1250","1.8254","59.1530","1.8254"
"146.1500","1.8257","59.1624","1.8257"
"146.1750","1.8260","59.1680","1.8260"
"146.2000","1.8263","59.1671","1.8263"
"146.2250","1.8266","59.1721","1.8266"
"146.2500","1.8269","59.1857","1.8269"
"146.2750","1.8272","59.2140","1.8272"
"146.3000","1.8275","59.2517","1.8275"
"146.3250","1.8278","59.2991","1.8278"
"146.3500","1.8281","59.3481","1.8281"
"146.3750","1.8285","59.3922","1.8285"
"146.4000","1.8288","59.4243","1.8288"
"146.4250","1.8291","59.4546","1.8291"
"146.4500","1.8294","59.4802","1.8294"
"146.4750","1.8297","59.5006","1.8297"
"146.5000","1.8300","59.5214","1.8300"
"146.5250","1.8303","59.5489","1.8303"
"146.5500","1.8306","59.5816","1.8306"
"146.5750","1.8309","59.6221","1.8309"
"146.6000","1.8313","59.6784","1.8313"
"146.6250","1.8316","59.7430","1.8316"
"146.6500","1.8319","59.8097","1.8319"
"146.6750","1.8322","59.8728","1.8322"
"146.7000","1.8326","59.9359","1.8326"
"146.7250","1.8329","59.9792","1.8329"
"146.7500","1.8332","60.0176","1.8332"
"146.7750","1.8335","60.0600","1.8335"
"146.8000","1.8339","60.1171","1.8339"
"146.8250","1.8342","60.1834","1.8342"
"146.8500","1.8345","60.2406","1.8345"
"146.8750","1.8348","60.2913","1.8348"
"146.9000","1.8352","60.3557","1.8352"
"146.9250","1.8355","60.4422","1.8355"
"146.9500","1.8359","60.5316","1.8359"
"146.9750","1.8362","60.6123","1.8362"
"147.0000","1.8366","60.6763","1.8366"
"147.0250","1.8369","60.7214","1.8369"
"147.0500","1.8372","60.7523","1.8372"
"147.0750","1.8375","60.7722","1.8375"
"147.1000","1.8379","60.7865","1.8379"
"147.1250","1.8382","60.7913","1.8382"
"147.1500","1.8385","60.7835","1.8385"
"147.1750","1.8388","60.7739","1.8388"
"147.2000","1.8391","60.7702","1.8391"
"147.2250","1.8393","60.7698","1.8393"
"147.2500","1.8397","60.7793","1.8397"
"147.2750","1.8400","60.7952","1.8400"
"147.3000","1.8403","60.8146","1.8403"
"147.3250","1.8406","60.8310","1.8406"
"147.3500","1.8409","60.8574","1.8409"
"147.3750","1.8412","60.8950","1.8412"
"147.4000","1.8415","60.9232","1.8415"
"147.4250","1.8418","60.9497","1.8418"
"147.4500","1.8421","60.9799","1.8421"
"147.4750","1.8424","61.0092","1.8424"
"147.5000","1.8427","61.0340","1.8427"
"147.5250","1.8431","61.0587","1.8431"
"147.5500","1.8434","61.0862","1.8434"
"147.5750","1.8437","61.1108","1.8437"
"147.6000","1.8440","61.1354","1.8440"
"147.6250","1.8443","61.1670","1.8443"
"147.6500","1.8446","61.2055","1.8446"
"147.6750","1.8449","61.2471","1.8449"
"147.7000","1.8453","61.2827","1.8453"
"147.7250","1.8456","61.3077","1.8456"
"147.7500","1.8459","61.3246","1.8459"
"147.7750","1.8462","61.3499","1.8462"
"147.8000","1.8465","61.3815","1.8465"
"147.8250","1.8468","61.4144","1.8468"
"147.8500","1.8471","61.4462","1.8471"
"147.8750","1.8474","61.4735","1.8474"
"147.9000","1.8477","61.4974","1.8477"
"147.9250","1.8480","61.5255","1.8480"
"147.9500","1.8484","61.5565","1.8484"
"147.9750","1.8487","61.5870","1.8487"
"148.0000","1.8490","61.6259","1.8490"
"148.0250","1.8493","61.6654","1.8493"
"148.0500","1.8496","61.6995","1.8496"
"148.0750","1.8499","61.7384","1.8499"
"148.1000","1.8502","61.7820","1.8502"
"148.1250","1.8506","61.8284","1.8506"
"148.1500","1.8509","61.8739","1.8509"
"148.1750","1.8512","61.9033","1.8512"
"148.2000","1.8515","61.9237","1.8515"
"148.2250","1.8518","61.9571","1.8518"
"148.2500","1.8521","61.9859","1.8521"
"148.2750","1.8524","62.0100","1.8524"
"148.3000","1.8527","62.0438","1.8527"
"148.3250","1.8530","62.0792","1.8530"
"148.3500","1.8533","62.1180","1.8533"
"148.3750","1.8537","62.1565","1.8537"
"148.4000","1.8540","62.2002","1.8540"
"148.4250","1.8543","62.2322","1.8543"
"148.4500","1.8546","62.2620","1.8546"
"148.4750","1.8549","62.2927","1.8549"
"148.5000","1.8552","62.3240","1.8552"
"148.5250","1.8555","62.3411","1.8555"
"148.5500","1.8558","62.3565","1.8558"
"148.5750","1.8561","62.3789","1.8561"
"148.6000","1.8564","62.4123","1.8564"
"148.6250","1.8567","62.4489","1.8567"
"148.6500","1.8570","62.4766","1.8570"
"148.6750","1.8573","62.5084","1.8573"
"148.7000","1.8577","62.5337","1.8577"
"148.7250","1.8580","62.5539","1.8580"
"148.7500","1.8583","62.5785","1.8583"
"148.7750","1.8586","62.6075","1.8586"
"148.8000","1.8589","62.6389","1.8589"
"148.8250","1.8592","62.6735","1.8592"
"148.8500","1.8595","62.6930","1.8595"
"148.8750","1.8598","62.7081","1.8598"
"148.9000","1.8601","62.7283","1.8601"
"148.9250","1.8604","62.7371","1.8604"
"148.9500","1.8607","62.7385","1.8607"
"148.9750","1.8610","62.7382","1.8610"
"149.0000","1.8613","62.7453","1.8613"
"149.0250","1.8616","62.7571","1.8616"
"149.0500","1.8619","62.7774","1.8619"
"149.0750","1.8622","62.8094","1.8622"
"149.1000","1.8625","62.8531","1.8625"
"149.1250","1.8628","62.9054","1.8628"
"149.1500","1.8632","62.9605","1.8632"
"149.1750","1.8635","63.0021","1.8635"
"149.2000","1.8638","63.0410","1.8638"
"149.2250","1.8641","63.0705","1.8641"
"149.2500","1.8644","63.0856","1.8644"
"149.2750","1.8647","63.0904","1.8647"
"149.3000","1.8650","63.0941","1.8650"
"149.3250","1.8653","63.1038","1.8653"
"149.3500","1.8656","63.1188","1.8656"
"149.3750","1.8659","63.1384","1.8659"
"149.4000","1.8662","63.1669","1.8662"
"149.4250","1.8665","63.2033","1.8665"
"149.4500","1.8669","63.2436","1.8669"
"149.4750","1.8672","63.2774","1.8672"
"149.5000","1.8675","63.3130","1.8675"
"149.5250","1.8678","63.3629","1.8678"
"149.5500","1.8682","63.4177","1.8682"
"149.5750","1.8685","63.4610","1.8685"
"149.6000","1.8688","63.5002","1.8688"
"149.6250","1.8691","63.5370","1.8691"
"149.6500","1.8694","63.5762","1.8694"
"149.6750","1.8697","63.6231","1.8697"
"149.7000","1.8700","63.6742","1.8700"
"149.7250","1.8704","63.7224","1.8704"
"149.7500","1.8707","63.7596","1.8707"
"149.7750","1.8710","63.7966","1.8710"
"149.8000","1.8713","63.8385","1.8713"
"149.8250","1.8716","63.8881","1.8716"
"149.8500","1.8719","63.9388","1.8719"
"149.8750","1.8722","63.9893","1.8722"
"149.9000","1.8725","64.0367","1.8725"
"149.9250","1.8728","64.0788","1.8728"
"149.9500","1.8732","64.1148","1.8732"
"149.9750","1.8735","64.1372","1.8735"
"150.0000","1.8738","64.1611","1.8738"
"150.0250","1.8741","64.2016","1.8741"
"150.0500","1.8744","64.2544","1.8744"
"150.0750","1.8747","64.3140","1.8747"
"150.1000","1.8750","64.3724","1.8750"
"150.1250","1.8754","64.4210","1.8754"
"150.1500","1.8757","64.4643","1.8757"
"150.1750","1.8760","64.5086","1.8760"
"150.2000","1.8763","64.5484","1.8763"
"150.2250","1.8766","64.5893","1.8766"
"150.2500","1.8769","64.6284","1.8769"
"150.2750","1.8772","64.6674","1.8772"
"150.3000","1.8775","64.7167","1.8775"
"150.3250","1.8779","64.7694","1.8779"
"150.3500","1.8782","64.8236","1.8782"
"150.3750","1.8785","64.8775","1.8785"
"150.4000","1.8788","64.9427","1.8788"
"150.4250","1.8791","65.0081","1.8791"
"150.4500","1.8795","65.0650","1.8795"
"150.4750","1.8798","65.1216","1.8798"
"150.5000","1.8801","65.1762","1.8801"
"150.5250","1.8804","65.2329","1.8804"
"150.5500","1.8807","65.2856","1.8807"
"150.5750","1.8810","65.3406","1.8810"
"150.6000","1.8813","65.3979","1.8813"
"150.6250","1.8817","65.4593","1.8817"
"150.6500","1.8820","65.5279","1.8820"
"150.6750","1.8823","65.5997","1.8823"
"150.7000","1.8826","65.6696","1.8826"
"150.7250","1.8830","65.7411","1.8830"
"150.7500","1.8833","65.8228","1.8833"
"150.7750","1.8836","65.9156","1.8836"
"150.8000","1.8840","66.0068","1.8840"
"150.8250","1.8843","66.0990","1.8843"
"150.8500","1.8846","66.1767","1.8846"
"150.8750","1.8849","66.2306","1.8849"
"150.9000","1.8853","66.2768","1.8853"
"150.9250","1.8856","66.3156","1.8856"
"150.9500","1.8859","66.3535","1.8859"
"150.9750","1.8862","66.3960","1.8862"
"151.0000","1.8865","66.4373","1.8865"
"151.0250","1.8868","66.4775","1.8868"
"151.0500","1.8871","66.5211","1.8871"
"151.0750","1.8874","66.5683","1.8874"
"151.1000","1.8877","66.6185","1.8877"
"151.1250","1.8880","66.6718","1.8880"
"151.1500","1.8883","66.7261","1.8883"
"151.1750","1.8887","66.7728","1.8887"
"151.2000","1.8890","66.8190","1.8890"
"151.2250","1.8893","66.8720","1.8893"
"151.2500","1.8896","66.9319","1.8896"
"151.2750","1.8899","66.9970","1.8899"
"151.3000","1.8902","67.0642","1.8902"
"151.3250","1.8905","67.1340","1.8905"
"151.3500","1.8909","67.2062","1.8909"
"151.3750","1.8912","67.2770","1.8912"
"151.4000","1.8915","67.3231","1.8915"
"151.4250","1.8918","67.3604","1.8918"
"151.4500","1.8921","67.3827","1.8921"
"151.4750","1.8924","67.3993","1.8924"
"151.5000","1.8927","67.4211","1.8927"
"151.5250","1.8930","67.4504","1.8930"
"151.5500","1.8933","67.4763","1.8933"
"151.5750","1.8936","67.5057","1.8936"
"151.6000","1.8939","67.5304","1.8939"
"151.6250","1.8942","67.5400","1.8942"
"151.6500","1.8945","67.5418","1.8945"
"151.6750","1.8948","67.5404","1.8948"
"151.7000","1.8951","67.5409","1.8951"
"151.7250","1.8954","67.5362","1.8954"
"151.7500","1.8957","67.5354","1.8957"
"151.7750","1.8959","67.5470","1.8959"
"151.8000","1.8962","67.5738","1.8962"
"151.8250","1.8966","67.6184","1.8966"
"151.8500","1.8969","67.6809","1.8969"
"151.8750","1.8972","67.7415","1.8972"
"151.9000","1.8975","67.8058","1.8975"
"151.9250","1.8978","67.8676","1.8978"
"151.9500","1.8982","67.9164","1.8982"
"151.9750","1.8985","67.9533","1.8985"
"152.0000","1.8988","67.9864","1.8988"
"152.0250","1.8991","68.0132","1.8991"
"152.0500","1.8994","68.0351","1.8994"
"152.0750","1.8997","68.0663","1.8997"
"152.1000","1.9000","68.1040","1.9000"
"152.1250","1.9003","68.1405","1.9003"
"152.1500","1.9007","68.1820","1.9007"
"152.1750","1.9010","68.2242","1.9010"
"152.2000","1.9013","68.2721","1.9013"
"152.2250","1.9016","68.3277","1.9016"
"152.2500","1.9019","68.3819","1.9019"
"152.2750","1.9023","68.4297","1.9023"
"152.3000","1.9026","68.4643","1.9026"
"152.3250","1.9029","68.4951","1.9029"
"152.3500","1.9032","68.5352","1.9032"
"152.3750","1.9035","68.5825","1.9035"
"152.4000","1.9038","68.6277","1.9038"
"152.4250","1.9042","68.6773","1.9042"
"152.4500","1.9045","68.7316","1.9045"
"152.4750","1.9048","68.7809","1.9048"
"152.5000","1.9052","68.8279","1.9052"
"152.5250","1.9055","68.8721","1.9055"
"152.5500","1.9058","68.9159","1.9058"
"152.5750","1.9061","68.9554","1.9061"
"152.6000","1.9065","68.9904","1.9065"
"152.6250","1.9068","69.0200","1.9068"
"152.6500","1.9071","69.0476","1.9071"
"152.6750","1.9074","69.0707","1.9074"
"152.7000","1.9077","69.0940","1.9077"
"152.7250","1.9080","69.1130","1.9080"
"152.7500","1.9083","69.1304","1.9083"
"152.7750","1.9087","69.1596","1.9087"
"152.8000","1.9090","69.1962","1.9090"
"152.8250","1.9093","69.2342","1.9093"
"152.8500","1.9096","69.2694","1.9096"
"152.8750","1.9099","69.3021","1.9099"
"152.9000","1.9102","69.3304","1.9102"
"152.9250","1.9105","69.3523","1.9105"
"152.9500","1.9108","69.3665","1.9108"
"152.9750","1.9111","69.3785","1.9111"
"153.0000","1.9114","69.3953","1.9114"
"153.0250","1.9117","69.4140","1.9117"
"153.0500","1.9120","69.4294","1.9120"
"153.0750","1.9123","69.4426","1.9123"
"153.1000","1.9126","69.4557","1.9126"
"153.1250","1.9129","69.4679","1.9129"
"153.1500","1.9132","69.4809","1.9132"
"153.1750","1.9135","69.5024","1.9135"
"153.2000","1.9138","69.5355","1.9138"
"153.2250","1.9141","69.5786","1.9141"
"153.2500","1.9144","69.6335","1.9144"
"153.2750","1.9147","69.6985","1.9147"
"153.3000","1.9150","69.7639","1.9150"
"153.3250","1.9153","69.8247","1.9153"
"153.3500","1.9156","69.8813","1.9156"
"153.3750","1.9159","69.9363","1.9159"
"153.4000","1.9162","69.9885","1.9162"
"153.4250","1.9166","70.0402","1.9166"
"153.4500","1.9169","70.0959","1.9169"
"153.4750","1.9172","70.1564","1.9172"
"153.5000","1.9175","70.2219","1.9175"
"153.5250","1.9178","70.2845","1.9178"
"153.5500","1.9181","70.3484","1.9181"
"153.5750","1.9184","70.4197","1.9184"
"153.6000","1.9188","70.4895","1.9188"
"153.6250","1.9191","70.5610","1.9191"
"153.6500","1.9194","70.6255","1.9194"
"153.6750","1.9197","70.6889","1.9197"
"153.7000","1.9200","70.7551","1.9200"
"153.7250","1.9203","70.8142","1.9203"
"153.7500","1.9207","70.8667","1.9207"
"153.7750","1.9210","70.9172","1.9210"
"153.8000","1.9213","70.9735","1.9213"
"153.8250","1.9216","71.0327","1.9216"
"153.8500","1.9219","71.0962","1.9219"
"153.8750","1.9222","71.1532","1.9222"
"153.9000","1.9225","71.2031","1.9225"
"153.9250","1.9228","71.2439","1.9228"
"153.9500","1.9231","71.2667","1.9231"
"153.9750","1.9234","71.2795","1.9234"
"154.0000","1.9237","71.3161","1.9237"
"154.0250","1.9240","71.3722","1.9240"
"154.0500","1.9243","71.4369","1.9243"
"154.0750","1.9247","71.5041","1.9247"
"154.1000","1.9250","71.5641","1.9250"
"154.1250","1.9253","71.6223","1.9253"
"154.1500","1.9256","71.6659","1.9256"
"154.1750","1.9259","71.6982","1.9259"
"154.2000","1.9262","71.7285","1.9262"
"154.2250","1.9265","71.7522","1.9265"
"154.2500","1.9268","71.7785","1.9268"
"154.2750","1.9271","71.8055","1.9271"
"154.3000","1.9274","71.8478","1.9274"
"154.3250","1.9277","71.9082","1.9277"
"154.3500","1.9280","71.9674","1.9280"
"154.3750","1.9284","72.0315","1.9284"
"154.4000","1.9287","72.0979","1.9287"
"154.4250","1.9290","72.1661","1.9290"
"154.4500","1.9293","72.2390","1.9293"
"154.4750","1.9296","72.3093","1.9296"
"154.5000","1.9300","72.3756","1.9300"
"154.5250","1.9303","72.4355","1.9303"
"154.5500","1.9306","72.4965","1.9306"
"154.5750","1.9309","72.5555","1.9309"
"154.6000","1.9312","72.6131","1.9312"
"154.6250","1.9316","72.6688","1.9316"
"154.6500","1.9319","72.7227","1.9319"
"154.6750","1.9322","72.7830","1.9322"
"154.7000","1.9325","72.8526","1.9325"
"154.7250","1.9328","72.9278","1.9328"
"154.7500","1.9332","73.0134","1.9332"
"154.7750","1.9335","73.0968","1.9335"
"154.8000","1.9338","73.1795","1.9338"
"154.8250","1.9341","73.2495","1.9341"
"154.8500","1.9345","73.3128","1.9345"
"154.8750","1.9348","73.3781","1.9348"
"154.9000","1.9351","73.4379","1.9351"
"154.9250","1.9354","73.4862","1.9354"
"154.9500","1.9357","73.5415","1.9357"
"154.9750","1.9360","73.6043","1.9360"
"155.0000","1.9364","73.6709","1.9364"
"155.0250","1.9367","73.7535","1.9367"
"155.0500","1.9370","73.8479","1.9370"
"155.0750","1.9374","73.9429","1.9374"
"155.1000","1.9377","74.0505","1.9377"
"155.1250","1.9381","74.1667","1.9381"
"155.1500","1.9384","74.2738","1.9384"
"155.1750","1.9387","74.3556","1.9387"
"155.2000","1.9391","74.4242","1.9391"
"155.2250","1.9394","74.4790","1.9394"
"155.2500","1.9397","74.5374","1.9397"
"155.2750","1.9400","74.5856","1.9400"
"155.3000","1.9403","74.6215","1.9403"
"155.3250","1.9406","74.6510","1.9406"
"155.3500","1.9409","74.6749","1.9409"
"155.3750","1.9412","74.6987","1.9412"
"155.4000","1.9415","74.7292","1.9415"
"155.4250","1.9418","74.7691","1.9418"
"155.4500","1.9422","74.8252","1.9422"
"155.4750","1.9425","74.8991","1.9425"
"155.5000","1.9428","74.9804","1.9428"
"155.5250","1.9431","75.0527","1.9431"
"155.5500","1.9434","75.1303","1.9434"
"155.5750","1.9438","75.2046","1.9438"
"155.6000","1.9441","75.2686","1.9441"
"155.6250","1.9444","75.3257","1.9444"
"155.6500","1.9447","75.3805","1.9447"
"155.6750","1.9450","75.4301","1.9450"
"155.7000","1.9453","75.4749","1.9453"
"155.7250","1.9456","75.5137","1.9456"
"155.7500","1.9459","75.5504","1.9459"
"155.7750","1.9462","75.5800","1.9462"
"155.8000","1.9465","75.6091","1.9465"
"155.8250","1.9468","75.6451","1.9468"
"155.8500","1.9471","75.6872","1.9471"
"155.8750","1.9474","75.7358","1.9474"
"155.9000","1.9477","75.7940","1.9477"
"155.9250","1.9480","75.8623","1.9480"
"155.9500","1.9484","75.9353","1.9484"
"155.9750","1.9487","76.0094","1.9487"
"156.0000","1.9490","76.0743","1.9490"
"156.0250","1.9493","76.1307","1.9493"
"156.0500","1.9496","76.1892","1.9496"
"156.0750","1.9499","76.2487","1.9499"
"156.1000","1.9502","76.3128","1.9502"
"156.1250","1.9505","76.3771","1.9505"
"156.1500","1.9509","76.4369","1.9509"
"156.1750","1.9512","76.4965","1.9512"
"156.2000","1.9515","76.5532","1.9515"
"156.2250","1.9518","76.6094","1.9518"
"156.2500","1.9521","76.6705","1.9521"
"156.2750","1.9524","76.7360","1.9524"
"156.3000","1.9527","76.8046","1.9527"
"156.3250","1.9530","76.8705","1.9530"
"156.3500","1.9533","76.9319","1.9533"
"156.3750","1.9536","76.9868","1.9536"
"156.4000","1.9539","77.0358","1.9539"
"156.4250","1.9542","77.0748","1.9542"
"156.4500","1.9545","77.1042","1.9545"
"156.4750","1.9548","77.1256","1.9548"
"156.5000","1.9551","77.1400","1.9551"
"156.5250","1.9553","77.1523","1.9553"
"156.5500","1.9556","77.1703","1.9556"
"156.5750","1.9559","77.2047","1.9559"
"156.6000","1.9562","77.2562","1.9562"
"156.6250","1.9565","77.3161","1.9565"
"156.6500","1.9568","77.3851","1.9568"
"156.6750","1.9571","77.4626","1.9571"
"156.7000","1.9574","77.5346","1.9574"
"156.7250","1.9577","77.6024","1.9577"
"156.7500","1.9581","77.6714","1.9581"
"156.7750","1.9584","77.7425","1.9584"
"156.8000","1.9587","77.8278","1.9587"
"156.8250","1.9590","77.9238","1.9590"
"156.8500","1.9593","78.0172","1.9593"
"156.8750","1.9596","78.1026","1.9596"
"156.9000","1.9600","78.1904","1.9600"
"156.9250","1.9603","78.2728","1.9603"
"156.9500","1.9606","78.3450","1.9606"
"156.9750","1.9609","78.4188","1.9609"
"157.0000","1.9612","78.4787","1.9612"
"157.0250","1.9615","78.5313","1.9615"
"157.0500","1.9618","78.5898","1.9618"
"157.0750","1.9621","78.6422","1.9621"
"157.1000","1.9624","78.6852","1.9624"
"157.1250","1.9627","78.7278","1.9627"
"157.1500","1.9630","78.7880","1.9630"
"157.1750","1.9634","78.8577","1.9634"
"157.2000","1.9637","78.9297","1.9637"
"157.2250","1.9640","78.9960","1.9640"
"157.2500","1.9643","79.0695","1.9643"
"157.2750","1.9646","79.1472","1.9646"
"157.3000","1.9649","79.2243","1.9649"
"157.3250","1.9652","79.2877","1.9652"
"157.3500","1.9655","79.3497","1.9655"
"157.3750","1.9659","79.4073","1.9659"
"157.4000","1.9662","79.4697","1.9662"
"157.4250","1.9665","79.5379","1.9665"
"157.4500","1.9668","79.6140","1.9668"
"157.4750","1.9671","79.6906","1.9671"
"157.5000","1.9674","79.7654","1.9674"
"157.5250","1.9678","79.8438","1.9678"
"157.5500","1.9681","79.9189","1.9681"
"157.5750","1.9684","79.9835","1.9684"
"157.6000","1.9687","80.0489","1.9687"
"157.6250","1.9690","80.1225","1.9690"
"157.6500","1.9693","80.2043","1.9693"
"157.6750","1.9697","80.2945","1.9697"
"157.7000","1.9700","80.3846","1.9700"
"157.7250","1.9703","80.4710","1.9703"
"157.7500","1.9706","80.5498","1.9706"
"157.7750","1.9710","80.6304","1.9710"
"157.8000","1.9713","80.7267","1.9713"
"157.8250","1.9716","80.8357","1.9716"
"157.8500","1.9720","80.9392","1.9720"
"157.8750","1.9723","81.0266","1.9723"
"157.9000","1.9726","81.1001","1.9726"
"157.9250","1.9729","81.1637","1.9729"
"157.9500","1.9732","81.2233","1.9732"
"157.9750","1.9735","81.2811","1.9735"
"158.0000","1.9739","81.3494","1.9739"
"158.0250","1.9742","81.4263","1.9742"
"158.0500","1.9745","81.5169","1.9745"
"158.0750","1.9748","81.6144","1.9748"
"158.1000","1.9752","81.7139","1.9752"
"158.1250","1.9755","81.8208","1.9755"
"158.1500","1.9759","81.9326","1.9759"
"158.1750","1.9762","82.0397","1.9762"
"158.2000","1.9765","82.1332","1.9765"
"158.2250","1.9768","82.2036","1.9768"
"158.2500","1.9772","82.2520","1.9772"
"158.2750","1.9775","82.2873","1.9775"
"158.3000","1.9778","82.3168","1.9778"
"158.3250","1.9781","82.3479","1.9781"
"158.3500","1.9784","82.3840","1.9784"
"158.3750","1.9787","82.4227","1.9787"
"158.4000","1.9790","82.4736","1.9790"
"158.4250","1.9793","82.5311","1.9793"
"158.4500","1.9796","82.5944","1.9796"
"158.4750","1.9799","82.6603","1.9799"
"158.5000","1.9802","82.7282","1.9802"
"158.5250","1.9806","82.8034","1.9806"
"158.5500","1.9809","82.8658","1.9809"
"158.5750","1.9812","82.9099","1.9812"
"158.6000","1.9815","82.9519","1.9815"
"158.6250","1.9818","83.0079","1.9818"
"158.6500","1.9821","83.0695","1.9821"
"158.6750","1.9824","83.1344","1.9824"
"158.7000","1.9828","83.2016","1.9828"
"158.7250","1.9831","83.2583","1.9831"
"158.7500","1.9834","83.3087","1.9834"
"158.7750","1.9837","83.3589","1.9837"
"158.8000","1.9840","83.4018","1.9840"
"158.8250","1.9843","83.4531","1.9843"
"158.8500","1.9846","83.5083","1.9846"
"158.8750","1.9849","83.5629","1.9849"
"158.9000","1.9852","83.6309","1.9852"
"158.9250","1.9856","83.6910","1.9856"
"158.9500","1.9859","83.7468","1.9859"
"158.9750","1.9862","83.7991","1.9862"
"159.0000","1.9865","83.8544","1.9865"
"159.0250","1.9868","83.9089","1.9868"
"159.0500","1.9871","83.9673","1.9871"
"159.0750","1.9874","84.0335","1.9874"
"159.1000","1.9877","84.1029","1.9877"
"159.1250","1.9881","84.1706","1.9881"
"159.1500","1.9884","84.2400","1.9884"
"159.1750","1.9887","84.3099","1.9887"
"159.2000","1.9890","84.3767","1.9890"
"159.2250","1.9893","84.4442","1.9893"
"159.2500","1.9896","84.5061","1.9896"
"159.2750","1.9900","84.5639","1.9900"
"159.3000","1.9903","84.6181","1.9903"
"159.3250","1.9906","84.6710","1.9906"
"159.3500","1.9909","84.7234","1.9909"
"159.3750","1.9912","84.7727","1.9912"
"159.4000","1.9915","84.8160","1.9915"
"159.4250","1.9918","84.8682","1.9918"
"159.4500","1.9921","84.9036","1.9921"
"159.4750","1.9924","84.9394","1.9924"
"159.5000","1.9927","85.0059","1.9927"
"159.5250","1.9930","85.0714","1.9930"
"159.5500","1.9933","85.1098","1.9933"
"159.5750","1.9936","85.1489","1.9936"
"159.6000","1.9939","85.2090","1.9939"
"159.6250","1.9942","85.2482","1.9942"
"159.6500","1.9945","85.2788","1.9945"
"159.6750","1.9948","85.2943","1.9948"
"159.7000","1.9950","85.3030","1.9950"
"159.7250","1.9953","85.3357","1.9953"
"159.7500","1.9956","85.3995","1.9956"
"159.7750","1.9959","85.4670","1.9959"
"159.8000","1.9963","85.5447","1.9963"
"159.8250","1.9966","85.6241","1.9966"
"159.8500","1.9969","85.7023","1.9969"
"159.8750","1.9972","85.7922","1.9972"
"159.9000","1.9975","85.8910","1.9975"
"159.9250","1.9978","85.9887","1.9978"
"159.9500","1.9981","86.0851","1.9981"
"159.9750","1.9984","86.1757","1.9984"
"160.0000","1.9988","86.2558","1.9988"
"160.0250","1.9991","86.3394","1.9991"
"160.0500","1.9994","86.4230","1.9994"
"160.0750","1.9997","86.4933","1.9997"
"160.1000","2.0000","86.5677","2.0000"
"160.1250","2.0003","86.6411","2.0003"
"160.1500","2.0006","86.7171","2.0006"
"160.1750","2.0009","86.8061","2.0009"
"160.2000","2.0013","86.8929","2.0013"
"160.2250","2.0016","86.9803","2.0016"
"160.2500","2.0019","87.0611","2.0019"
"160.2750","2.0022","87.1327","2.0022"
"160.3000","2.0025","87.2026","2.0025"
"160.3250","2.0028","87.2697","2.0028"
"160.3500","2.0031","87.3395","2.0031"
"160.3750","2.0034","87.4074","2.0034"
"160.4000","2.0037","87.4693","2.0037"
"160.4250","2.0040","87.5309","2.0040"
"160.4500","2.0044","87.6001","2.0044"
"160.4750","2.0047","87.6821","2.0047"
"160.5000","2.0050","87.7783","2.0050"
"160.5250","2.0053","87.8798","2.0053"
"160.5500","2.0056","87.9844","2.0056"
"160.5750","2.0060","88.0889","2.0060"
"160.6000","2.0063","88.2095","2.0063"
"160.6250","2.0066","88.3302","2.0066"
"160.6500","2.0070","88.4377","2.0070"
"160.6750","2.0073","88.5291","2.0073"
"160.7000","2.0076","88.6119","2.0076"
"160.7250","2.0079","88.6860","2.0079"
"160.7500","2.0082","88.7556","2.0082"
"160.7750","2.0086","88.8390","2.0086"
"160.8000","2.0089","88.9248","2.0089"
"160.8250","2.0092","89.0156","2.0092"
"160.8500","2.0095","89.1186","2.0095"
"160.8750","2.0099","89.2435","2.0099"
"160.9000","2.0102","89.3839","2.0102"
"160.9250","2.0106","89.5322","2.0106"
"160.9500","2.0109","89.6765","2.0109"
"160.9750","2.0113","89.8075","2.0112"
"161.0000","2.0116","89.9179","2.0116"
"161.0250","2.0119","90.0054","2.0119"
"161.0500","2.0122","90.0731","2.0122"
"161.0750","2.0125","90.1248","2.0125"
"161.1000","2.0128","90.1704","2.0128"
"161.1250","2.0132","90.2076","2.0132"
"161.1500","2.0135","90.2446","2.0135"
"161.1750","2.0138","90.2829","2.0138"
"161.2000","2.0141","90.3223","2.0141"
"161.2250","2.0144","90.3678","2.0144"
"161.2500","2.0147","90.4184","2.0147"
"161.2750","2.0150","90.4752","2.0150"
"161.3000","2.0153","90.5298","2.0153"
"161.3250","2.0156","90.5840","2.0156"
"161.3500","2.0159","90.6409","2.0159"
"161.3750","2.0162","90.7032","2.0162"
"161.4000","2.0165","90.7684","2.0165"
"161.4250","2.0168","90.8346","2.0168"
"161.4500","2.0171","90.9003","2.0171"
"161.4750","2.0175","90.9649","2.0175"
"161.5000","2.0178","91.0207","2.0178"
"161.5250","2.0181","91.0804","2.0181"
"161.5500","2.0184","91.1399","2.0184"
"161.5750","2.0187","91.1969","2.0187"
"161.6000","2.0190","91.2510","2.0190"
"161.6250","2.0193","91.3066","2.0193"
"161.6500","2.0196","91.3684","2.0196"
"161.6750","2.0199","91.4317","2.0199"
"161.7000","2.0203","91.4973","2.0203"
"161.7250","2.0206","91.5602","2.0206"
"161.7500","2.0209","91.6188","2.0209"
"161.7750","2.0212","91.6765","2.0212"
"161.8000","2.0215","91.7303","2.0215"
"161.8250","2.0218","91.7883","2.0218"
"161.8500","2.0221","91.8492","2.0221"
"161.8750","2.0224","91.9015","2.0224"
"161.9000","2.0227","91.9526","2.0227"
"161.9250","2.0231","92.0057","2.0231"
"161.9500","2.0234","92.0619","2.0234"
"161.9750","2.0237","92.1142","2.0237"
"162.0000","2.0240","92.1663","2.0240"
"162.0250","2.0243","92.2205","2.0243"
"162.0500","2.0246","92.2801","2.0246"
"162.0750","2.0249","92.3417","2.0249"
"162.1000","2.0252","92.3943","2.0252"
"162.1250","2.0255","92.4459","2.0255"
"162.1500","2.0258","92.5065","2.0258"
"162.1750","2.0261","92.5683","2.0261"
"162.2000","2.0265","92.6210","2.0265"
"162.2250","2.0268","92.6865","2.0268"
"162.2500","2.0271","92.7583","2.0271"
"162.2750","2.0274","92.8370","2.0274"
"162.3000","2.0277","92.9139","2.0277"
"162.3250","2.0280","92.9826","2.0280"
"162.3500","2.0284","93.0498","2.0284"
"162.3750","2.0287","93.1027","2.0287"
"162.4000","2.0290","93.1519","2.0290"
"162.4250","2.0293","93.1975","2.0293"
"162.4500","2.0296","93.2548","2.0296"
"162.4750","2.0299","93.3118","2.0299"
"162.5000","2.0302","93.3612","2.0302"
"162.5250","2.0305","93.4126","2.0305"
"162.5500","2.0308","93.4618","2.0308"
"162.5750","2.0311","93.5156","2.0311"
"162.6000","2.0315","93.5849","2.0315"
"162.6250","2.0318","93.6614","2.0318"
"162.6500","2.0321","93.7314","2.0321"
"162.6750","2.0324","93.7922","2.0324"
"162.7000","2.0327","93.8584","2.0327"
"162.7250","2.0330","93.9285","2.0330"
"162.7500","2.0334","94.0001","2.0334"
"162.7750","2.0337","94.0611","2.0337"
"162.8000","2.0340","94.1210","2.0340"
"162.8250","2.0343","94.1809","2.0343"
"162.8500","2.0346","94.2343","2.0346"
"162.8750","2.0349","94.2896","2.0349"
"162.9000","2.0352","94.3446","2.0352"
"162.9250","2.0355","94.4153","2.0355"
"162.9500","2.0358","94.4864","2.0358"
"162.9750","2.0362","94.5510","2.0362"
"163.0000","2.0365","94.6149","2.0365"
"163.0250","2.0368","94.6837","2.0368"
"163.0500","2.0371","94.7679","2.0371"
"163.0750","2.0374","94.8607","2.0374"
"163.1000","2.0377","94.9527","2.0377"
"163.1250","2.0380","95.0468","2.0380"
"163.1500","2.0384","95.1399","2.0384"
"163.1750","2.0387","95.2162","2.0387"
"163.2000","2.0390","95.2934","2.0390"
"163.2250","2.0393","95.3675","2.0393"
"163.2500","2.0396","95.4396","2.0396"
"163.2750","2.0399","95.5101","2.0399"
"163.3000","2.0403","95.5703","2.0403"
"163.3250","2.0406","95.6234","2.0406"
"163.3500","2.0409","95.6649","2.0409"
"163.3750","2.0412","95.7020","2.0412"
"163.4000","2.0415","95.7421","2.0415"
"163.4250","2.0418","95.7927","2.0418"
"163.4500","2.0421","95.8679","2.0421"
"163.4750","2.0424","95.9499","2.0424"
"163.5000","2.0427","96.0291","2.0427"
"163.5250","2.0430","96.1031","2.0430"
"163.5500","2.0433","96.1754","2.0433"
"163.5750","2.0437","96.2431","2.0437"
"163.6000","2.0440","96.3118","2.0440"
"163.6250","2.0443","96.3866","2.0443"
"163.6500","2.0446","96.4605","2.0446"
"163.6750","2.0449","96.5278","2.0449"
"163.7000","2.0452","96.6038","2.0452"
"163.7250","2.0455","96.6812","2.0455"
"163.7500","2.0459","96.7599","2.0459"
"163.7750","2.0462","96.8327","2.0462"
"163.8000","2.0465","96.9090","2.0465"
"163.8250","2.0468","96.9962","2.0468"
"163.8500","2.0471","97.0847","2.0471"
"163.8750","2.0474","97.1655","2.0474"
"163.9000","2.0477","97.2432","2.0477"
"163.9250","2.0481","97.3155","2.0481"
"163.9500","2.0484","97.3887","2.0484"
"163.9750","2.0487","97.4640","2.0487"
"164.0000","2.0490","97.5372","2.0490"
"164.0250","2.0493","97.6189","2.0493"
"164.0500","2.0496","97.7039","2.0496"
"164.0750","2.0499","97.7900","2.0499"
"164.1000","2.0502","97.8851","2.0502"
"164.1250","2.0506","97.9858","2.0506"
"164.1500","2.0509","98.0765","2.0509"
"164.1750","2.0512","98.1577","2.0512"
"164.2000","2.0515","98.2329","2.0515"
"164.2250","2.0518","98.3126","2.0518"
"164.2500","2.0521","98.3825","2.0521"
"164.2750","2.0524","98.4434","2.0524"
"164.3000","2.0527","98.4974","2.0527"
"164.3250","2.0530","98.5599","2.0530"
"164.3500","2.0534","98.6278","2.0534"
"164.3750","2.0537","98.7029","2.0537"
"164.4000","2.0540","98.7772","2.0540"
"164.4250","2.0543","98.8564","2.0543"
"164.4500","2.0546","98.9537","2.0546"
"164.4750","2.0549","99.0564","2.0549"
"164.5000","2.0552","99.1576","2.0552"
"164.5250","2.0555","99.2514","2.0555"
"164.5500","2.0559","99.3479","2.0559"
"164.5750","2.0562","99.4346","2.0562"
"164.6000","2.0565","99.5117","2.0565"
"164.6250","2.0568","99.5818","2.0568"
"164.6500","2.0571","99.6535","2.0571"
"164.6750","2.0574","99.7312","2.0574"
"164.7000","2.0577","99.8023","2.0577"
"164.7250","2.0580","99.8764","2.0580"
"164.7500","2.0583","99.9479","2.0583"
"164.7750","2.0586","100.0120","2.0586"
"164.8000","2.0589","100.0817","2.0589"
"164.8250","2.0592","100.1452","2.0592"
"164.8500","2.0596","100.2127","2.0596"
"164.8750","2.0599","100.2903","2.0599"
"164.9000","2.0602","100.3637","2.0602"
"164.9250","2.0605","100.4317","2.0605"
"164.9500","2.0608","100.5009","2.0608"
"164.9750","2.0611","100.5652","2.0611"
"165.0000","2.0614","100.6389","2.0614"
"165.0250","2.0617","100.7196","2.0617"
"165.0500","2.0620","100.7988","2.0620"
"165.0750","2.0623","100.8837","2.0623"
"165.1000","2.0627","100.9709","2.0627"
"165.1250","2.0630","101.0647","2.0630"
"165.1500","2.0633","101.1603","2.0633"
"165.1750","2.0636","101.2562","2.0636"
"165.2000","2.0640","101.3563","2.0640"
"165.2250","2.0643","101.4499","2.0643"
"165.2500","2.0646","101.5406","2.0646"
"165.2750","2.0649","101.6256","2.0649"
"165.3000","2.0652","101.7106","2.0652"
"165.3250","2.0655","101.7808","2.0655"
"165.3500","2.0659","101.8375","2.0659"
"165.3750","2.0662","101.8961","2.0662"
"165.4000","2.0665","101.9542","2.0665"
"165.4250","2.0668","102.0120","2.0668"
"165.4500","2.0671","102.0700","2.0671"
"165.4750","2.0674","102.1483","2.0674"
"165.5000","2.0677","102.2256","2.0677"
"165.5250","2.0680","102.3024","2.0680"
"165.5500","2.0683","102.3837","2.0683"
"165.5750","2.0686","102.4671","2.0686"
"165.6000","2.0690","102.5581","2.0690"
"165.6250","2.0693","102.6486","2.0693"
"165.6500","2.0696","102.7385","2.0696"
"165.6750","2.0699","102.8236","2.0699"
"165.7000","2.0702","102.8941","2.0702"
"165.7250","2.0705","102.9701","2.0705"
"165.7500","2.0709","103.0615","2.0709"
"165.7750","2.0712","103.1653","2.0712"
"165.8000","2.0715","103.2646","2.0715"
"165.8250","2.0718","103.3517","2.0718"
"165.8500","2.0721","103.4397","2.0721"
"165.8750","2.0724","103.5168","2.0724"
"165.9000","2.0728","103.5928","2.0728"
"165.9250","2.0731","103.6789","2.0731"
"165.9500","2.0734","103.7870","2.0734"
"165.9750","2.0737","103.9146","2.0737"
"166.0000","2.0741","104.0468","2.0741"
"166.0250","2.0744","104.1745","2.0744"
"166.0500","2.0747","104.2902","2.0747"
"166.0750","2.0750","104.3880","2.0750"
"166.1000","2.0754","104.4697","2.0754"
"166.1250","2.0757","104.5501","2.0757"
"166.1500","2.0760","104.6116","2.0760"
"166.1750","2.0763","104.6688","2.0763"
"166.2000","2.0766","104.7273","2.0766"
"166.2250","2.0769","104.7749","2.0769"
"166.2500","2.0772","104.8233","2.0772"
"166.2750","2.0775","104.8783","2.0775"
"166.3000","2.0778","104.9581","2.0778"
"166.3250","2.0781","105.0506","2.0781"
"166.3500","2.0784","105.1639","2.0784"
"166.3750","2.0787","105.2824","2.0787"
"166.4000","2.0791","105.4129","2.0791"
"166.4250","2.0794","105.5643","2.0794"
"166.4500","2.0797","105.7253","2.0797"
"166.4750","2.0801","105.8832","2.0801"
"166.5000","2.0804","106.0292","2.0804"
"166.5250","2.0807","106.1611","2.0807"
"166.5500","2.0810","106.2727","2.0810"
"166.5750","2.0813","106.3685","2.0813"
"166.6000","2.0817","106.4633","2.0817"
"166.6250","2.0820","106.5811","2.0820"
"166.6500","2.0823","106.7109","2.0823"
"166.6750","2.0826","106.8354","2.0826"
"166.7000","2.0829","106.9525","2.0829"
"166.7250","2.0833","107.0743","2.0833"
"166.7500","2.0836","107.1797","2.0836"
"166.7750","2.0839","107.2646","2.0839"
"166.8000","2.0842","107.3341","2.0842"
"166.8250","2.0845","107.3921","2.0845"
"166.8500","2.0848","107.4548","2.0848"
"166.8750","2.0851","107.5171","2.0851"
"166.9000","2.0854","107.5951","2.0854"
"166.9250","2.0857","107.6845","2.0857"
"166.9500","2.0860","107.7848","2.0860"
"166.9750","2.0863","107.8974","2.0863"
"167.0000","2.0866","108.0162","2.0866"
"167.0250","2.0869","108.1347","2.0869"
"167.0500","2.0872","108.2411","2.0872"
"167.0750","2.0875","108.3333","2.0875"
"167.1000","2.0878","108.4149","2.0878"
"167.1250","2.0881","108.4961","2.0881"
"167.1500","2.0884","108.5895","2.0884"
"167.1750","2.0888","108.6861","2.0888"
"167.2000","2.0891","108.7903","2.0891"
"167.2250","2.0894","108.9018","2.0894"
"167.2500","2.0897","109.0247","2.0897"
"167.2750","2.0900","109.1572","2.0900"
"167.3000","2.0903","109.2825","2.0903"
"167.3250","2.0907","109.4041","2.0907"
"167.3500","2.0910","109.5150","2.0910"
"167.3750","2.0913","109.6084","2.0913"
"167.4000","2.0916","109.6921","2.0916"
"167.4250","2.0919","109.7520","2.0919"
"167.4500","2.0922","109.8007","2.0922"
"167.4750","2.0925","109.8422","2.0925"
"167.5000","2.0927","109.8897","2.0927"
"167.5250","2.0930","109.9457","2.0930"
"167.5500","2.0933","110.0182","2.0933"
"167.5750","2.0936","110.1186","2.0936"
"167.6000","2.0940","110.2451","2.0940"
"167.6250","2.0943","110.3770","2.0943"
"167.6500","2.0946","110.5155","2.0946"
"167.6750","2.0949","110.6539","2.0949"
"167.7000","2.0952","110.7881","2.0952"
"167.7250","2.0956","110.9154","2.0956"
"167.7500","2.0959","111.0419","2.0959"
"167.7750","2.0962","111.1554","2.0962"
"167.8000","2.0965","111.2519","2.0965"
"167.8250","2.0968","111.3307","2.0968"
"167.8500","2.0971","111.4059","2.0971"
"167.8750","2.0974","111.4930","2.0974"
"167.9000","2.0977","111.5980","2.0977"
"167.9250","2.0980","111.7148","2.0980"
"167.9500","2.0984","111.8411","2.0984"
"167.9750","2.0987","111.9768","2.0987"
"168.0000","2.0990","112.1149","2.0990"
"168.0250","2.0993","112.2489","2.0993"
"168.0500","2.0996","112.3685","2.0996"
"168.0750","2.1000","112.4843","2.1000"
"168.1000","2.1003","112.6048","2.1003"
"168.1250","2.1006","112.7285","2.1006"
"168.1500","2.1009","112.8646","2.1009"
"168.1750","2.1012","113.0046","2.1012"
"168.2000","2.1016","113.1406","2.1016"
"168.2250","2.1019","113.2717","2.1019"
"168.2500","2.1022","113.4050","2.1022"
"168.2750","2.1025","113.5342","2.1025"
"168.3000","2.1028","113.6672","2.1028"
"168.3250","2.1032","113.7940","2.1032"
"168.3500","2.1035","113.9005","2.1035"
"168.3750","2.1038","114.0011","2.1038"
"168.4000","2.1041","114.1106","2.1041"
"168.4250","2.1044","114.2200","2.1044"
"168.4500","2.1047","114.3240","2.1047"
"168.4750","2.1050","114.4299","2.1050"
"168.5000","2.1054","114.5415","2.1054"
"168.5250","2.1057","114.6540","2.1057"
"168.5500","2.1060","114.7586","2.1060"
"168.5750","2.1063","114.8614","2.1063"
"168.6000","2.1066","114.9695","2.1066"
"168.6250","2.1069","115.0663","2.1069"
"168.6500","2.1072","115.1634","2.1072"
"168.6750","2.1075","115.2614","2.1075"
"168.7000","2.1079","115.3762","2.1079"
"168.7250","2.1082","115.4953","2.1082"
"168.7500","2.1085","115.6130","2.1085"
"168.7750","2.1088","115.7357","2.1088"
"168.8000","2.1091","115.8595","2.1091"
"168.8250","2.1095","115.9863","2.1095"
"168.8500","2.1098","116.1117","2.1098"
"168.8750","2.1101","116.2315","2.1101"
"168.9000","2.1104","116.3300","2.1104"
"168.9250","2.1107","116.4209","2.1107"
"168.9500","2.1110","116.5091","2.1110"
"168.9750","2.1113","116.5997","2.1113"
"169.0000","2.1117","116.7012","2.1117"
"169.0250","2.1120","116.8193","2.1120"
"169.0500","2.1123","116.9479","2.1123"
"169.0750","2.1126","117.0821","2.1126"
"169.1000","2.1130","117.2225","2.1130"
"169.1250","2.1133","117.3561","2.1133"
"169.1500","2.1136","117.4648","2.1136"
"169.1750","2.1139","117.5639","2.1139"
"169.2000","2.1142","117.6456","2.1142"
"169.2250","2.1145","117.7213","2.1145"
"169.2500","2.1148","117.7995","2.1148"
"169.2750","2.1151","117.8914","2.1151"
"169.3000","2.1154","117.9956","2.1154"
"169.3250","2.1157","118.0891","2.1157"
"169.3500","2.1161","118.1719","2.1161"
"169.3750","2.1164","118.2444","2.1164"
"169.4000","2.1167","118.3312","2.1167"
"169.4250","2.1170","118.4168","2.1170"
"169.4500","2.1173","118.4935","2.1173"
"169.4750","2.1176","118.5762","2.1176"
"169.5000","2.1179","118.6839","2.1179"
"169.5250","2.1182","118.8143","2.1182"
"169.5500","2.1185","118.9615","2.1185"
"169.5750","2.1189","119.1147","2.1189"
"169.6000","2.1192","119.2712","2.1192"
"169.6250","2.1195","119.4163","2.1195"
"169.6500","2.1198","119.5259","2.1198"
"169.6750","2.1201","119.6021","2.1201"
"169.7000","2.1204","119.6577","2.1204"
"169.7250","2.1207","119.7126","2.1207"
"169.7500","2.1210","119.7762","2.1210"
"169.7750","2.1213","119.8517","2.1213"
"169.8000","2.1216","119.9403","2.1216"
"169.8250","2.1219","120.0358","2.1219"
"169.8500","2.1222","120.1357","2.1222"
"169.8750","2.1225","120.2422","2.1225"
"169.9000","2.1228","120.3532","2.1228"
"169.9250","2.1232","120.4640","2.1232"
"169.9500","2.1235","120.5638","2.1235"
"169.9750","2.1238","120.6582","2.1238"
"170.0000","2.1241","120.7620","2.1241"
"170.0250","2.1244","120.8702","2.1244"
"170.0500","2.1247","120.9697","2.1247"
"170.0750","2.1250","121.0699","2.1250"
"170.1000","2.1253","121.1786","2.1253"
"170.1250","2.1256","121.2879","2.1256"
"170.1500","2.1259","121.4121","2.1259"
"170.1750","2.1262","121.5480","2.1262"
"170.2000","2.1265","121.6824","2.1265"
"170.2250","2.1268","121.8128","2.1268"
"170.2500","2.1272","121.9382","2.1272"
"170.2750","2.1275","122.0565","2.1275"
"170.3000","2.1278","122.1648","2.1278"
"170.3250","2.1281","122.2619","2.1281"
"170.3500","2.1284","122.3577","2.1284"
"170.3750","2.1287","122.4543","2.1287"
"170.4000","2.1290","122.5564","2.1290"
"170.4250","2.1293","122.6619","2.1293"
"170.4500","2.1296","122.7724","2.1296"
"170.4750","2.1299","122.8887","2.1299"
"170.5000","2.1302","123.0089","2.1302"
"170.5250","2.1305","123.1289","2.1305"
"170.5500","2.1308","123.2628","2.1308"
"170.5750","2.1312","123.3963","2.1312"
"170.6000","2.1315","123.5263","2.1315"
"170.6250","2.1318","123.6400","2.1318"
"170.6500","2.1321","123.7494","2.1321"
"170.6750","2.1324","123.8620","2.1324"
"170.7000","2.1327","123.9731","2.1327"
"170.7250","2.1330","124.0791","2.1330"
"170.7500","2.1333","124.1900","2.1333"
"170.7750","2.1336","124.3000","2.1336"
"170.8000","2.1339","124.4094","2.1339"
"170.8250","2.1342","124.5192","2.1342"
"170.8500","2.1345","124.6127","2.1345"
"170.8750","2.1348","124.6915","2.1348"
"170.9000","2.1351","124.7658","2.1351"
"170.9250","2.1354","124.8326","2.1354"
"170.9500","2.1357","124.9001","2.1357"
"170.9750","2.1360","124.9562","2.1360"
"171.0000","2.1363","125.0092","2.1363"
"171.0250","2.1366","125.0752","2.1366"
"171.0500","2.1369","125.1615","2.1369"
"171.0750","2.1372","125.2595","2.1372"
"171.1000","2.1375","125.3670","2.1375"
"171.1250","2.1378","125.4987","2.1378"
"171.1500","2.1381","125.6450","2.1381"
"171.1750","2.1384","125.7937","2.1384"
"171.2000","2.1387","125.9555","2.1387"
"171.2250","2.1391","126.1271","2.1391"
"171.2500","2.1394","126.2944","2.1394"
"171.2750","2.1397","126.4543","2.1397"
"171.3000","2.1400","126.6075","2.1400"
"171.3250","2.1403","126.7425","2.1403"
"171.3500","2.1407","126.8737","2.1407"
"171.3750","2.1410","127.0016","2.1410"
"171.4000","2.1413","127.1252","2.1413"
"171.4250","2.1416","127.2320","2.1416"
"171.4500","2.1419","127.3365","2.1419"
"171.4750","2.1422","127.4375","2.1422"
"171.5000","2.1425","127.5438","2.1425"
"171.5250","2.1428","127.6657","2.1428"
"171.5500","2.1431","127.7894","2.1431"
"171.5750","2.1435","127.9189","2.1435"
"171.6000","2.1438","128.0464","2.1438"
"171.6250","2.1441","128.1635","2.1441"
"171.6500","2.1444","128.2712","2.1444"
"171.6750","2.1447","128.3662","2.1447"
"171.7000","2.1450","128.4738","2.1450"
"171.7250","2.1453","128.5932","2.1453"
"171.7500","2.1457","128.7138","2.1457"
"171.7750","2.1460","128.8266","2.1460"
"171.8000","2.1463","128.9284","2.1463"
"171.8250","2.1466","129.0243","2.1466"
"171.8500","2.1469","129.1221","2.1469"
"171.8750","2.1472","129.2373","2.1472"
"171.9000","2.1475","129.3502","2.1475"
"171.9250","2.1479","129.4711","2.1479"
"171.9500","2.1482","129.5840","2.1482"
"171.9750","2.1485","129.6992","2.1485"
"172.0000","2.1488","129.8172","2.1488"
"172.0250","2.1491","129.9368","2.1491"
"172.0500","2.1495","130.0508","2.1495"
"172.0750","2.1498","130.1599","2.1498"
"172.1000","2.1501","130.2697","2.1501"
"172.1250","2.1504","130.3825","2.1504"
"172.1500","2.1507","130.4884","2.1507"
"172.1750","2.1511","130.5789","2.1511"
"172.2000","2.1514","130.6634","2.1514"
"172.2250","2.1517","130.7448","2.1517"
"172.2500","2.1520","130.8292","2.1520"
"172.2750","2.1523","130.9184","2.1523"
"172.3000","2.1526","131.0115","2.1526"
"172.3250","2.1530","131.1005","2.1530"
"172.3500","2.1533","131.1848","2.1533"
"172.3750","2.1536","131.2590","2.1536"
"172.4000","2.1539","131.3293","2.1539"
"172.4250","2.1542","131.3987","2.1542"
"172.4500","2.1545","131.4566","2.1545"
"172.4750","2.1548","131.4969","2.1548"
"172.5000","2.1551","131.5208","2.1551"
"172.5250","2.1554","131.5334","2.1554"
"172.5500","2.1557","131.5454","2.1557"
"172.5750","2.1559","131.5714","2.1559"
"172.6000","2.1562","131.6308","2.1562"
"172.6250","2.1566","131.7095","2.1566"
"172.6500","2.1569","131.7994","2.1569"
"172.6750","2.1572","131.9001","2.1572"
"172.7000","2.1575","132.0122","2.1575"
"172.7250","2.1578","132.1237","2.1578"
"172.7500","2.1581","132.2366","2.1581"
"172.7750","2.1584","132.3327","2.1584"
"172.8000","2.1587","132.4176","2.1587"
"172.8250","2.1591","132.5047","2.1591"
"172.8500","2.1594","132.5760","2.1594"
"172.8750","2.1597","132.6286","2.1597"
"172.9000","2.1600","132.6720","2.1600"
"172.9250","2.1602","132.7090","2.1602"
"172.9500","2.1605","132.7494","2.1605"
"172.9750","2.1608","132.8072","2.1608"
"173.0000","2.1611","132.8790","2.1611"
"173.0250","2.1614","132.9571","2.1614"
"173.0500","2.1617","133.0383","2.1617"
"173.0750","2.1620","133.1253","2.1620"
"173.1000","2.1624","133.2191","2.1624"
"173.1250","2.1627","133.3186","2.1627"
"173.1500","2.1630","133.4108","2.1630"
"173.1750","2.1633","133.4995","2.1633"
"173.2000","2.1636","133.5897","2.1636"
"173.2250","2.1639","133.6824","2.1639"
"173.2500","2.1642","133.7860","2.1642"
"173.2750","2.1645","133.8965","2.1645"
"173.3000","2.1648","134.0002","2.1648"
"173.3250","2.1651","134.0954","2.1651"
"173.3500","2.1654","134.1864","2.1654"
"173.3750","2.1657","134.2731","2.1657"
"173.4000","2.1660","134.3674","2.1660"
"173.4250","2.1663","134.4837","2.1663"
"173.4500","2.1666","134.6211","2.1666"
"173.4750","2.1669","134.7642","2.1669"
"173.5000","2.1673","134.8883","2.1673"
"173.5250","2.1676","134.9948","2.1676"
"173.5500","2.1679","135.1060","2.1679"
"173.5750","2.1682","135.2271","2.1682"
"173.6000","2.1685","135.3290","2.1685"
"173.6250","2.1688","135.4366","2.1688"
"173.6500","2.1691","135.5560","2.1691"
"173.6750","2.1694","135.6787","2.1694"
"173.7000","2.1697","135.8062","2.1697"
"173.7250","2.1700","135.9241","2.1700"
"173.7500","2.1704","136.0379","2.1704"
"173.7750","2.1707","136.1537","2.1707"
"173.8000","2.1710","136.2897","2.1710"
"173.8250","2.1713","136.4377","2.1713"
"173.8500","2.1716","136.5941","2.1716"
"173.8750","2.1720","136.7461","2.1720"
"173.9000","2.1723","136.8865","2.1723"
"173.9250","2.1726","137.0170","2.1726"
"173.9500","2.1729","137.1384","2.1729"
"173.9750","2.1732","137.2697","2.1732"
"174.0000","2.1735","137.4104","2.1735"
"174.0250","2.1739","137.5441","2.1739"
"174.0500","2.1742","137.6695","2.1742"
"174.0750","2.1745","137.8044","2.1745"
"174.1000","2.1748","137.9459","2.1748"
"174.1250","2.1751","138.0679","2.1751"
"174.1500","2.1754","138.1665","2.1754"
"174.1750","2.1757","138.2603","2.1757"
"174.2000","2.1761","138.3504","2.1761"
"174.2250","2.1764","138.4565","2.1764"
"174.2500","2.1767","138.5696","2.1767"
"174.2750","2.1770","138.6989","2.1770"
"174.3000","2.1773","138.8552","2.1773"
"174.3250","2.1777","139.0398","2.1777"
"174.3500","2.1780","139.2278","2.1780"
"174.3750","2.1783","139.4115","2.1783"
"174.4000","2.1787","139.5947","2.1787"
"174.4250","2.1790","139.7641","2.1790"
"174.4500","2.1793","139.8945","2.1793"
"174.4750","2.1797","139.9938","2.1797"
"174.5000","2.1800","140.0823","2.1800"
"174.5250","2.1803","140.1644","2.1803"
"174.5500","2.1806","140.2422","2.1806"
"174.5750","2.1809","140.3267","2.1809"
"174.6000","2.1812","140.4237","2.1812"
"174.6250","2.1815","140.5441","2.1815"
"174.6500","2.1818","140.6674","2.1818"
"174.6750","2.1822","140.7848","2.1822"
"174.7000","2.1825","140.9003","2.1825"
"174.7250","2.1828","141.0237","2.1828"
"174.7500","2.1831","141.1505","2.1831"
"174.7750","2.1835","141.2663","2.1835"
"174.8000","2.1838","141.3758","2.1838"
"174.8250","2.1841","141.4721","2.1841"
"174.8500","2.1844","141.5593","2.1844"
"174.8750","2.1847","141.6401","2.1847"
"174.9000","2.1850","141.7233","2.1850"
"174.9250","2.1853","141.8032","2.1853"
"174.9500","2.1857","141.8922","2.1857"
"174.9750","2.1860","141.9948","2.1860"
"175.0000","2.1863","142.1067","2.1863"
"175.0250","2.1866","142.2099","2.1866"
"175.0500","2.1869","142.3069","2.1869"
"175.0750","2.1872","142.4049","2.1872"
"175.1000","2.1876","142.4962","2.1876"
"175.1250","2.1879","142.5827","2.1879"
"175.1500","2.1882","142.6691","2.1882"
"175.1750","2.1885","142.7545","2.1885"
"175.2000","2.1888","142.8294","2.1888"
"175.2250","2.1891","142.9055","2.1891"
"175.2500","2.1894","142.9895","2.1894"
"175.2750","2.1897","143.0683","2.1897"
"175.3000","2.1900","143.1574","2.1900"
"175.3250","2.1904","143.2608","2.1904"
"175.3500","2.1907","143.3598","2.1907"
"175.3750","2.1910","143.4525","2.1910"
"175.4000","2.1913","143.5439","2.1913"
"175.4250","2.1916","143.6435","2.1916"
"175.4500","2.1919","143.7506","2.1919"
"175.4750","2.1923","143.8526","2.1923"
"175.5000","2.1926","143.9368","2.1926"
"175.5250","2.1929","144.0260","2.1929"
"175.5500","2.1932","144.1211","2.1932"
"175.5750","2.1935","144.2094","2.1935"
"175.6000","2.1938","144.2922","2.1938"
"175.6250","2.1941","144.3629","2.1941"
"175.6500","2.1944","144.4238","2.1944"
"175.6750","2.1948","144.4869","2.1948"
"175.7000","2.1951","144.5475","2.1951"
"175.7250","2.1954","144.6187","2.1954"
"175.7500","2.1957","144.6911","2.1957"
"175.7750","2.1960","144.7839","2.1960"
"175.8000","2.1963","144.8787","2.1963"
"175.8250","2.1966","144.9709","2.1966"
"175.8500","2.1969","145.0569","2.1969"
"175.8750","2.1972","145.1475","2.1972"
"175.9000","2.1976","145.2485","2.1976"
"175.9250","2.1979","145.3568","2.1979"
"175.9500","2.1982","145.4328","2.1982"
"175.9750","2.1985","145.4867","2.1985"
"176.0000","2.1988","145.5454","2.1988"
"176.0250","2.1991","145.6192","2.1991"
"176.0500","2.1994","145.7013","2.1994"
"176.0750","2.1997","145.7999","2.1997"
"176.1000","2.2000","145.9144","2.2000"
"176.1250","2.2004","146.0201","2.2004"
"176.1500","2.2007","146.1210","2.2007"
"176.1750","2.2010","146.2199","2.2010"
"176.2000","2.2013","146.3147","2.2013"
"176.2250","2.2016","146.4057","2.2016"
"176.2500","2.2019","146.5193","2.2019"
"176.2750","2.2022","146.6494","2.2022"
"176.3000","2.2026","146.7636","2.2026"
"176.3250","2.2029","146.8719","2.2029"
"176.3500","2.2032","146.9870","2.2032"
"176.3750","2.2035","147.1006","2.2035"
"176.4000","2.2038","147.2008","2.2038"
"176.4250","2.2041","147.3073","2.2041"
"176.4500","2.2044","147.4361","2.2044"
"176.4750","2.2047","147.5797","2.2047"
"176.5000","2.2051","147.7272","2.2051"
"176.5250","2.2054","147.8734","2.2054"
"176.5500","2.2057","148.0147","2.2057"
"176.5750","2.2060","148.1503","2.2060"
"176.6000","2.2063","148.2952","2.2063"
"176.6250","2.2067","148.4505","2.2067"
"176.6500","2.2070","148.5926","2.2070"
"176.6750","2.2073","148.7296","2.2073"
"176.7000","2.2076","148.8608","2.2076"
"176.7250","2.2079","149.0027","2.2079"
"176.7500","2.2083","149.1514","2.2083"
"176.7750","2.2086","149.3023","2.2086"
"176.8000","2.2089","149.4443","2.2089"
"176.8250","2.2092","149.5847","2.2092"
"176.8500","2.2096","149.7330","2.2096"
"176.8750","2.2099","149.8832","2.2099"
"176.9000","2.2102","150.0473","2.2102"
"176.9250","2.2106","150.2199","2.2106"
"176.9500","2.2109","150.3712","2.2109"
"176.9750","2.2112","150.4938","2.2112"
"177.0000","2.2115","150.5888","2.2115"
"177.0250","2.2118","150.6809","2.2118"
"177.0500","2.2121","150.7801","2.2121"
"177.0750","2.2124","150.8734","2.2124"
"177.1000","2.2127","150.9661","2.2127"
"177.1250","2.2130","151.0617","2.2130"
"177.1500","2.2134","151.1601","2.2134"
"177.1750","2.2137","151.2853","2.2137"
"177.2000","2.2140","151.4126","2.2140"
"177.2250","2.2143","151.5398","2.2143"
"177.2500","2.2146","151.6668","2.2146"
"177.2750","2.2149","151.7937","2.2149"
"177.3000","2.2153","151.9087","2.2153"
"177.3250","2.2156","152.0121","2.2156"
"177.3500","2.2159","152.1109","2.2159"
"177.3750","2.2162","152.2100","2.2162"
"177.4000","2.2165","152.3070","2.2165"
"177.4250","2.2168","152.4141","2.2168"
"177.4500","2.2171","152.5384","2.2171"
"177.4750","2.2174","152.6608","2.2174"
"177.5000","2.2177","152.7737","2.2177"
"177.5250","2.2181","152.8824","2.2181"
"177.5500","2.2184","152.9903","2.2184"
"177.5750","2.2187","153.0989","2.2187"
"177.6000","2.2190","153.2009","2.2190"
"177.6250","2.2193","153.3096","2.2193"
"177.6500","2.2196","153.4151","2.2196"
"177.6750","2.2199","153.5261","2.2199"
"177.7000","2.2202","153.6444","2.2202"
"177.7250","2.2205","153.7547","2.2205"
"177.7500","2.2208","153.8605","2.2208"
"177.7750","2.2212","153.9717","2.2212"
"177.8000","2.2215","154.0822","2.2215"
"177.8250","2.2218","154.1935","2.2218"
"177.8500","2.2221","154.3040","2.2221"
"177.8750","2.2224","154.4032","2.2224"
"177.9000","2.2227","154.5004","2.2227"
"177.9250","2.2230","154.5971","2.2230"
"177.9500","2.2233","154.6911","2.2233"
"177.9750","2.2236","154.7813","2.2236"
"178.0000","2.2239","154.8790","2.2239"
"178.0250","2.2242","154.9727","2.2242"
"178.0500","2.2245","155.0621","2.2245"
"178.0750","2.2248","155.1515","2.2248"
"178.1000","2.2251","155.2342","2.2251"
"178.1250","2.2254","155.3127","2.2254"
"178.1500","2.2257","155.3942","2.2257"
"178.1750","2.2260","155.4818","2.2260"
"178.2000","2.2263","155.5823","2.2263"
"178.2250","2.2266","155.6864","2.2266"
"178.2500","2.2269","155.8031","2.2269"
"178.2750","2.2272","155.9363","2.2272"
"178.3000","2.2275","156.0812","2.2275"
"178.3250","2.2278","156.2395","2.2278"
"178.3500","2.2282","156.3901","2.2282"
"178.3750","2.2285","156.5301","2.2285"
"178.4000","2.2288","156.6508","2.2288"
"178.4250","2.2291","156.7618","2.2291"
"178.4500","2.2294","156.8803","2.2294"
"178.4750","2.2297","157.0077","2.2297"
"178.5000","2.2300","157.1289","2.2300"
"178.5250","2.2303","157.2561","2.2303"
"178.5500","2.2306","157.3946","2.2306"
"178.5750","2.2310","157.5486","2.2310"
"178.6000","2.2313","157.6968","2.2313"
"178.6250","2.2316","157.8506","2.2316"
"178.6500","2.2319","158.0287","2.2319"
"178.6750","2.2322","158.1985","2.2322"
"178.7000","2.2326","158.3519","2.2326"
"178.7250","2.2329","158.4866","2.2329"
"178.7500","2.2332","158.6116","2.2332"
"178.7750","2.2335","158.7458","2.2335"
"178.8000","2.2338","158.8448","2.2338"
"178.8250","2.2341","158.9340","2.2341"
"178.8500","2.2344","159.0521","2.2344"
"178.8750","2.2347","159.1976","2.2347"
"178.9000","2.2351","159.3476","2.2351"
"178.9250","2.2354","159.4883","2.2354"
"178.9500","2.2357","159.6057","2.2357"
"178.9750","2.2360","159.7175","2.2360"
"179.0000","2.2363","159.8278","2.2363"
"179.0250","2.2366","159.9469","2.2366"
"179.0500","2.2369","160.0723","2.2369"
"179.0750","2.2372","160.1987","2.2372"
"179.1000","2.2375","160.3234","2.2375"
"179.1250","2.2379","160.4537","2.2379"
"179.1500","2.2382","160.5851","2.2382"
"179.1750","2.2385","160.7082","2.2385"
"179.2000","2.2388","160.8370","2.2388"
"179.2250","2.2391","160.9742","2.2391"
"179.2500","2.2394","161.1239","2.2394"
"179.2750","2.2398","161.2750","2.2398"
"179.3000","2.2401","161.4125","2.2401"
"179.3250","2.2404","161.5431","2.2404"
"179.3500","2.2407","161.6914","2.2407"
"179.3750","2.2410","161.8433","2.2410"
"179.4000","2.2414","162.0188","2.2414"
"179.4250","2.2417","162.1934","2.2417"
"179.4400","2.2419","162.2965","2.2419"

