Time,Displacement,Force,Compressive strain (Displacement)
(s),(mm),(N),(%)
"0.0000","0.0000","0.0012","0.0000"
"0.0250","0.0000","0.0017","0.0000"
"0.0500","0.0000","-0.0001","0.0000"
"0.0750","0.0000","0.0006","0.0000"
"0.1000","0.0000","-0.0010","0.0000"
"0.1250","-0.0002","-0.0024","-0.0002"
"0.1500","-0.0003","-0.0003","-0.0003"
"0.1750","-0.0003","0.0005","-0.0003"
"0.2000","-0.0003","0.0009","-0.0003"
"0.2250","-0.0002","-0.0003","-0.0002"
"0.2500","-0.0002","-0.0021","-0.0002"
"0.2750","-0.0001","-0.0003","-0.0001"
"0.3000","0.0000","0.0008","0.0000"
"0.3250","0.0001","0.0006","0.0001"
"0.3500","0.0002","0.0002","0.0002"
"0.3750","0.0004","-0.0001","0.0004"
"0.4000","0.0006","0.0008","0.0006"
"0.4250","0.0008","0.0005","0.0008"
"0.4500","0.0011","-0.0001","0.0011"
"0.4750","0.0014","0.0005","0.0014"
"0.5000","0.0018","0.0000","0.0018"
"0.5250","0.0022","-0.0007","0.0022"
"0.5500","0.0027","0.0000","0.0027"
"0.5750","0.0031","-0.0014","0.0031"
"0.6000","0.0036","0.0001","0.0036"
"0.6250","0.0042","0.0001","0.0042"
"0.6500","0.0049","0.0010","0.0049"
"0.6750","0.0055","0.0005","0.0055"
"0.7000","0.0061","0.0005","0.0061"
"0.7250","0.0066","0.0001","0.0066"
"0.7500","0.0072","-0.0004","0.0072"
"0.7750","0.0077","0.0007","0.0077"
"0.8000","0.0081","0.0004","0.0081"
"0.8250","0.0086","-0.0013","0.0086"
"0.8500","0.0090","-0.0014","0.0090"
"0.8750","0.0093","-0.0010","0.0093"
"0.9000","0.0097","-0.0009","0.0097"
"0.9250","0.0100","-0.0008","0.0100"
"0.9500","0.0103","-0.0006","0.0103"
"0.9750","0.0107","-0.0004","0.0107"
"1.0000","0.0110","0.0016","0.0110"
"1.0250","0.0113","0.0004","0.0113"
"1.0500","0.0116","0.0009","0.0116"
"1.0750","0.0120","0.0003","0.0120"
"1.1000","0.0123","-0.0007","0.0123"
"1.1250","0.0126","0.0006","0.0126"
"1.1500","0.0130","0.0003","0.0130"
"1.1750","0.0133","0.0014","0.0133"
"1.2000","0.0136","0.0006","0.0136"
"1.2250","0.0139","-0.0010","0.0139"
"1.2500","0.0142","0.0013","0.0142"
"1.2750","0.0145","-0.0002","0.0145"
"1.3000","0.0148","-0.0005","0.0148"
"1.3250","0.0151","-0.0009","0.0151"
"1.3500","0.0154","0.0001","0.0154"
"1.3750","0.0158","0.0000","0.0158"
"1.4000","0.0161","0.0012","0.0161"
"1.4250","0.0164","-0.0004","0.0164"
"1.4500","0.0167","0.0000","0.0167"
"1.4750","0.0170","0.0001","0.0170"
"1.5000","0.0173","0.0003","0.0173"
"1.5250","0.0176","-0.0002","0.0176"
"1.5500","0.0179","-0.0006","0.0179"
"1.5750","0.0182","0.0000","0.0182"
"1.6000","0.0186","-0.0002","0.0186"
"1.6250","0.0189","-0.0004","0.0189"
"1.6500","0.0192","-0.0010","0.0192"
"1.6750","0.0195","-0.0002","0.0195"
"1.7000","0.0198","0.0009","0.0198"
"1.7250","0.0201","0.0013","0.0201"
"1.7500","0.0204","-0.0001","0.0204"
"1.7750","0.0207","-0.0007","0.0207"
"1.8000","0.0210","-0.0014","0.0210"
"1.8250","0.0214","-0.0014","0.0214"
"1.8500","0.0217","0.0000","0.0217"
"1.8750","0.0220","0.0014","0.0220"
"1.9000","0.0223","0.0012","0.0223"
"1.9250","0.0226","0.0001","0.0226"
"1.9500","0.0229","0.0009","0.0229"
"1.9750","0.0232","-0.0007","0.0232"
"2.0000","0.0235","0.0001","0.0235"
"2.0250","0.0238","0.0000","0.0238"
"2.0500","0.0242","0.0009","0.0242"
"2.0750","0.0245","0.0009","0.0245"
"2.1000","0.0248","0.0002","0.0248"
"2.1250","0.0251","0.0000","0.0251"
"2.1500","0.0254","0.0005","0.0254"
"2.1750","0.0257","0.0008","0.0257"
"2.2000","0.0260","-0.0005","0.0260"
"2.2250","0.0263","-0.0002","0.0263"
"2.2500","0.0266","-0.0017","0.0266"
"2.2750","0.0269","-0.0004","0.0269"
"2.3000","0.0272","-0.0008","0.0272"
"2.3250","0.0275","0.0005","0.0275"
"2.3500","0.0279","0.0002","0.0279"
"2.3750","0.0282","-0.0004","0.0282"
"2.4000","0.0285","-0.0010","0.0285"
"2.4250","0.0288","-0.0004","0.0288"
"2.4500","0.0291","-0.0002","0.0291"
"2.4750","0.0295","-0.0012","0.0295"
"2.5000","0.0298","0.0007","0.0298"
"2.5250","0.0301","0.0014","0.0301"
"2.5500","0.0304","0.0009","0.0304"
"2.5750","0.0308","0.0014","0.0308"
"2.6000","0.0311","0.0005","0.0311"
"2.6250","0.0314","-0.0006","0.0314"
"2.6500","0.0317","-0.0013","0.0317"
"2.6750","0.0320","0.0001","0.0320"
"2.7000","0.0323","0.0011","0.0323"
"2.7250","0.0326","0.0001","0.0326"
"2.7500","0.0329","0.0006","0.0329"
"2.7750","0.0333","0.0000","0.0333"
"2.8000","0.0336","-0.0007","0.0336"
"2.8250","0.0339","0.0001","0.0339"
"2.8500","0.0342","0.0007","0.0342"
"2.8750","0.0345","0.0006","0.0345"
"2.9000","0.0348","0.0002","0.0348"
"2.9250","0.0351","0.0007","0.0351"
"2.9500","0.0355","0.0004","0.0355"
"2.9750","0.0358","0.0003","0.0358"
"3.0000","0.0361","-0.0005","0.0361"
"3.0250","0.0364","-0.0008","0.0364"
"3.0500","0.0367","-0.0004","0.0367"
"3.0750","0.0370","0.0002","0.0370"
"3.1000","0.0374","-0.0011","0.0374"
"3.1250","0.0377","-0.0006","0.0377"
"3.1500","0.0380","0.0005","0.0380"
"3.1750","0.0384","0.0009","0.0384"
"3.2000","0.0387","0.0004","0.0387"
"3.2250","0.0390","-0.0004","0.0390"
"3.2500","0.0393","0.0003","0.0393"
"3.2750","0.0397","-0.0001","0.0397"
"3.3000","0.0400","0.0007","0.0400"
"3.3250","0.0403","0.0001","0.0403"
"3.3500","0.0406","-0.0011","0.0406"
"3.3750","0.0410","-0.0003","0.0410"
"3.4000","0.0413","-0.0008","0.0413"
"3.4250","0.0416","-0.0006","0.0416"
"3.4500","0.0419","0.0005","0.0419"
"3.4750","0.0422","0.0003","0.0422"
"3.5000","0.0425","0.0002","0.0425"
"3.5250","0.0428","0.0010","0.0428"
"3.5500","0.0431","0.0002","0.0431"
"3.5750","0.0434","-0.0007","0.0434"
"3.6000","0.0437","-0.0005","0.0437"
"3.6250","0.0441","-0.0003","0.0441"
"3.6500","0.0444","-0.0013","0.0444"
"3.6750","0.0447","-0.0005","0.0447"
"3.7000","0.0450","0.0010","0.0450"
"3.7250","0.0453","0.0021","0.0453"
"3.7500","0.0457","0.0005","0.0457"
"3.7750","0.0460","0.0000","0.0460"
"3.8000","0.0463","0.0011","0.0463"
"3.8250","0.0466","0.0015","0.0466"
"3.8500","0.0469","0.0013","0.0469"
"3.8750","0.0472","0.0000","0.0472"
"3.9000","0.0475","-0.0006","0.0475"
"3.9250","0.0478","-0.0013","0.0478"
"3.9500","0.0481","-0.0015","0.0481"
"3.9750","0.0484","-0.0008","0.0484"
"4.0000","0.0487","-0.0005","0.0487"
"4.0250","0.0490","-0.0011","0.0490"
"4.0500","0.0493","-0.0008","0.0493"
"4.0750","0.0496","0.0010","0.0496"
"4.1000","0.0499","0.0005","0.0499"
"4.1250","0.0502","-0.0004","0.0502"
"4.1500","0.0505","0.0012","0.0505"
"4.1750","0.0507","0.0022","0.0507"
"4.2000","0.0510","0.0014","0.0510"
"4.2250","0.0513","0.0008","0.0513"
"4.2500","0.0517","-0.0002","0.0517"
"4.2750","0.0520","0.0011","0.0520"
"4.3000","0.0523","0.0002","0.0523"
"4.3250","0.0526","-0.0002","0.0526"
"4.3500","0.0530","0.0004","0.0530"
"4.3750","0.0533","0.0006","0.0533"
"4.4000","0.0536","-0.0001","0.0536"
"4.4250","0.0539","-0.0009","0.0539"
"4.4500","0.0542","0.0000","0.0542"
"4.4750","0.0545","0.0019","0.0545"
"4.5000","0.0548","-0.0010","0.0548"
"4.5250","0.0551","-0.0005","0.0551"
"4.5500","0.0554","-0.0009","0.0554"
"4.5750","0.0557","0.0006","0.0557"
"4.6000","0.0560","0.0010","0.0560"
"4.6250","0.0563","0.0013","0.0563"
"4.6500","0.0566","0.0001","0.0566"
"4.6750","0.0570","0.0001","0.0570"
"4.7000","0.0573","0.0004","0.0573"
"4.7250","0.0576","-0.0009","0.0576"
"4.7500","0.0579","0.0004","0.0579"
"4.7750","0.0582","-0.0011","0.0582"
"4.8000","0.0585","-0.0016","0.0585"
"4.8250","0.0588","0.0001","0.0588"
"4.8500","0.0591","-0.0003","0.0591"
"4.8750","0.0595","-0.0007","0.0595"
"4.9000","0.0598","-0.0018","0.0598"
"4.9250","0.0601","-0.0004","0.0601"
"4.9500","0.0604","-0.0002","0.0604"
"4.9750","0.0607","0.0001","0.0607"
"5.0000","0.0610","-0.0001","0.0610"
"5.0250","0.0613","-0.0009","0.0613"
"5.0500","0.0616","0.0000","0.0616"
"5.0750","0.0619","0.0002","0.0619"
"5.1000","0.0623","0.0009","0.0623"
"5.1250","0.0626","0.0012","0.0626"
"5.1500","0.0629","0.0012","0.0629"
"5.1750","0.0633","-0.0005","0.0633"
"5.2000","0.0636","-0.0001","0.0636"
"5.2250","0.0639","-0.0001","0.0639"
"5.2500","0.0642","-0.0001","0.0642"
"5.2750","0.0645","0.0002","0.0645"
"5.3000","0.0648","-0.0003","0.0648"
"5.3250","0.0651","-0.0003","0.0651"
"5.3500","0.0654","0.0007","0.0654"
"5.3750","0.0657","-0.0001","0.0657"
"5.4000","0.0660","-0.0011","0.0660"
"5.4250","0.0663","-0.0011","0.0663"
"5.4500","0.0667","-0.0003","0.0667"
"5.4750","0.0670","0.0013","0.0670"
"5.5000","0.0673","-0.0001","0.0673"
"5.5250","0.0676","-0.0003","0.0676"
"5.5500","0.0679","-0.0004","0.0679"
"5.5750","0.0683","0.0006","0.0683"
"5.6000","0.0686","0.0004","0.0686"
"5.6250","0.0689","-0.0004","0.0689"
"5.6500","0.0692","0.0009","0.0692"
"5.6750","0.0695","0.0006","0.0695"
"5.7000","0.0698","-0.0004","0.0698"
"5.7250","0.0701","0.0008","0.0701"
"5.7500","0.0704","-0.0002","0.0704"
"5.7750","0.0708","-0.0001","0.0708"
"5.8000","0.0711","0.0014","0.0711"
"5.8250","0.0714","0.0007","0.0714"
"5.8500","0.0717","0.0018","0.0717"
"5.8750","0.0720","0.0011","0.0720"
"5.9000","0.0723","-0.0010","0.0723"
"5.9250","0.0727","-0.0036","0.0727"
"5.9500","0.0730","-0.0007","0.0730"
"5.9750","0.0733","0.0010","0.0733"
"6.0000","0.0736","0.0010","0.0736"
"6.0250","0.0739","0.0002","0.0739"
"6.0500","0.0742","0.0004","0.0742"
"6.0750","0.0745","0.0013","0.0745"
"6.1000","0.0749","0.0005","0.0749"
"6.1250","0.0752","0.0005","0.0752"
"6.1500","0.0755","0.0009","0.0755"
"6.1750","0.0758","-0.0005","0.0758"
"6.2000","0.0761","-0.0004","0.0761"
"6.2250","0.0765","-0.0003","0.0765"
"6.2500","0.0768","-0.0006","0.0768"
"6.2750","0.0771","0.0013","0.0771"
"6.3000","0.0774","0.0012","0.0774"
"6.3250","0.0778","-0.0006","0.0778"
"6.3500","0.0781","-0.0005","0.0781"
"6.3750","0.0784","0.0001","0.0784"
"6.4000","0.0788","0.0001","0.0788"
"6.4250","0.0791","0.0016","0.0791"
"6.4500","0.0794","0.0009","0.0794"
"6.4750","0.0797","0.0001","0.0797"
"6.5000","0.0801","0.0002","0.0801"
"6.5250","0.0804","-0.0007","0.0804"
"6.5500","0.0807","-0.0006","0.0807"
"6.5750","0.0810","-0.0001","0.0810"
"6.6000","0.0813","-0.0003","0.0813"
"6.6250","0.0816","-0.0003","0.0816"
"6.6500","0.0819","-0.0015","0.0819"
"6.6750","0.0822","-0.0003","0.0822"
"6.7000","0.0826","-0.0003","0.0826"
"6.7250","0.0829","0.0000","0.0829"
"6.7500","0.0832","0.0020","0.0832"
"6.7750","0.0835","0.0006","0.0835"
"6.8000","0.0838","0.0010","0.0838"
"6.8250","0.0841","0.0009","0.0841"
"6.8500","0.0844","0.0024","0.0844"
"6.8750","0.0847","0.0000","0.0847"
"6.9000","0.0850","0.0001","0.0850"
"6.9250","0.0853","0.0014","0.0853"
"6.9500","0.0856","0.0021","0.0856"
"6.9750","0.0860","0.0012","0.0860"
"7.0000","0.0863","0.0000","0.0863"
"7.0250","0.0866","0.0001","0.0866"
"7.0500","0.0869","-0.0003","0.0869"
"7.0750","0.0872","0.0006","0.0872"
"7.1000","0.0875","0.0013","0.0875"
"7.1250","0.0879","0.0009","0.0879"
"7.1500","0.0882","0.0015","0.0882"
"7.1750","0.0885","0.0019","0.0885"
"7.2000","0.0888","0.0003","0.0888"
"7.2250","0.0891","0.0012","0.0891"
"7.2500","0.0894","0.0012","0.0894"
"7.2750","0.0897","0.0019","0.0897"
"7.3000","0.0900","0.0023","0.0900"
"7.3250","0.0903","0.0034","0.0903"
"7.3500","0.0907","0.0021","0.0907"
"7.3750","0.0910","0.0019","0.0910"
"7.4000","0.0913","0.0025","0.0913"
"7.4250","0.0916","0.0008","0.0916"
"7.4500","0.0919","0.0012","0.0919"
"7.4750","0.0922","0.0018","0.0922"
"7.5000","0.0926","0.0015","0.0926"
"7.5250","0.0929","0.0008","0.0929"
"7.5500","0.0932","0.0016","0.0932"
"7.5750","0.0936","0.0021","0.0936"
"7.6000","0.0939","0.0029","0.0939"
"7.6250","0.0942","0.0023","0.0942"
"7.6500","0.0945","0.0023","0.0945"
"7.6750","0.0948","0.0008","0.0948"
"7.7000","0.0951","0.0003","0.0951"
"7.7250","0.0955","0.0008","0.0955"
"7.7500","0.0958","0.0024","0.0958"
"7.7750","0.0961","0.0015","0.0961"
"7.8000","0.0964","0.0003","0.0964"
"7.8250","0.0967","-0.0008","0.0967"
"7.8500","0.0971","0.0015","0.0971"
"7.8750","0.0974","0.0013","0.0974"
"7.9000","0.0978","0.0010","0.0978"
"7.9250","0.0981","0.0012","0.0981"
"7.9500","0.0984","0.0030","0.0984"
"7.9750","0.0987","0.0007","0.0987"
"8.0000","0.0990","-0.0016","0.0990"
"8.0250","0.0993","-0.0004","0.0993"
"8.0500","0.0996","0.0022","0.0996"
"8.0750","0.0999","0.0023","0.0999"
"8.1000","0.1002","0.0012","0.1002"
"8.1250","0.1005","0.0030","0.1005"
"8.1500","0.1008","0.0032","0.1008"
"8.1750","0.1011","0.0005","0.1011"
"8.2000","0.1014","0.0000","0.1014"
"8.2250","0.1017","0.0027","0.1017"
"8.2500","0.1020","0.0033","0.1020"
"8.2750","0.1023","0.0022","0.1023"
"8.3000","0.1027","0.0015","0.1027"
"8.3250","0.1030","0.0015","0.1030"
"8.3500","0.1034","0.0010","0.1034"
"8.3750","0.1037","0.0013","0.1037"
"8.4000","0.1040","0.0020","0.1040"
"8.4250","0.1044","0.0036","0.1044"
"8.4500","0.1047","0.0043","0.1047"
"8.4750","0.1050","0.0047","0.1050"
"8.5000","0.1053","0.0046","0.1053"
"8.5250","0.1057","0.0037","0.1057"
"8.5500","0.1060","0.0031","0.1060"
"8.5750","0.1063","0.0043","0.1063"
"8.6000","0.1065","0.0035","0.1065"
"8.6250","0.1068","0.0043","0.1068"
"8.6500","0.1071","0.0033","0.1071"
"8.6750","0.1074","0.0047","0.1074"
"8.7000","0.1077","0.0054","0.1077"
"8.7250","0.1080","0.0033","0.1080"
"8.7500","0.1083","0.0043","0.1083"
"8.7750","0.1087","0.0031","0.1087"
"8.8000","0.1090","0.0036","0.1090"
"8.8250","0.1093","0.0053","0.1093"
"8.8500","0.1096","0.0043","0.1096"
"8.8750","0.1099","0.0034","0.1099"
"8.9000","0.1102","0.0030","0.1102"
"8.9250","0.1106","0.0041","0.1106"
"8.9500","0.1109","0.0044","0.1109"
"8.9750","0.1112","0.0046","0.1112"
"9.0000","0.1115","0.0056","0.1115"
"9.0250","0.1118","0.0041","0.1118"
"9.0500","0.1121","0.0034","0.1121"
"9.0750","0.1124","0.0040","0.1124"
"9.1000","0.1127","0.0045","0.1127"
"9.1250","0.1130","0.0040","0.1130"
"9.1500","0.1133","0.0043","0.1133"
"9.1750","0.1136","0.0061","0.1136"
"9.2000","0.1139","0.0063","0.1139"
"9.2250","0.1143","0.0042","0.1143"
"9.2500","0.1146","0.0036","0.1146"
"9.2750","0.1149","0.0051","0.1149"
"9.3000","0.1152","0.0040","0.1152"
"9.3250","0.1155","0.0041","0.1155"
"9.3500","0.1158","0.0042","0.1158"
"9.3750","0.1161","0.0043","0.1161"
"9.4000","0.1164","0.0035","0.1164"
"9.4250","0.1167","0.0039","0.1167"
"9.4500","0.1170","0.0039","0.1170"
"9.4750","0.1173","0.0039","0.1173"
"9.5000","0.1176","0.0058","0.1176"
"9.5250","0.1180","0.0044","0.1180"
"9.5500","0.1183","0.0063","0.1183"
"9.5750","0.1186","0.0069","0.1186"
"9.6000","0.1189","0.0065","0.1189"
"9.6250","0.1192","0.0056","0.1192"
"9.6500","0.1195","0.0064","0.1195"
"9.6750","0.1198","0.0070","0.1198"
"9.7000","0.1201","0.0071","0.1201"
"9.7250","0.1204","0.0070","0.1204"
"9.7500","0.1207","0.0067","0.1207"
"9.7750","0.1210","0.0080","0.1210"
"9.8000","0.1214","0.0078","0.1214"
"9.8250","0.1217","0.0080","0.1217"
"9.8500","0.1220","0.0081","0.1220"
"9.8750","0.1223","0.0074","0.1223"
"9.9000","0.1226","0.0071","0.1226"
"9.9250","0.1230","0.0080","0.1230"
"9.9500","0.1233","0.0084","0.1233"
"9.9750","0.1236","0.0066","0.1236"
"10.0000","0.1239","0.0078","0.1239"
"10.0250","0.1241","0.0107","0.1241"
"10.0500","0.1244","0.0098","0.1244"
"10.0750","0.1247","0.0106","0.1247"
"10.1000","0.1250","0.0108","0.1250"
"10.1250","0.1253","0.0118","0.1253"
"10.1500","0.1256","0.0109","0.1256"
"10.1750","0.1259","0.0110","0.1259"
"10.2000","0.1263","0.0113","0.1263"
"10.2250","0.1266","0.0103","0.1266"
"10.2500","0.1269","0.0100","0.1269"
"10.2750","0.1273","0.0109","0.1273"
"10.3000","0.1276","0.0098","0.1276"
"10.3250","0.1279","0.0105","0.1279"
"10.3500","0.1282","0.0098","0.1282"
"10.3750","0.1285","0.0120","0.1285"
"10.4000","0.1288","0.0101","0.1288"
"10.4250","0.1291","0.0079","0.1291"
"10.4500","0.1294","0.0071","0.1294"
"10.4750","0.1297","0.0085","0.1297"
"10.5000","0.1300","0.0091","0.1300"
"10.5250","0.1303","0.0093","0.1303"
"10.5500","0.1306","0.0099","0.1306"
"10.5750","0.1310","0.0098","0.1310"
"10.6000","0.1313","0.0091","0.1313"
"10.6250","0.1316","0.0060","0.1316"
"10.6500","0.1319","0.0062","0.1319"
"10.6750","0.1322","0.0059","0.1322"
"10.7000","0.1325","0.0070","0.1325"
"10.7250","0.1328","0.0075","0.1328"
"10.7500","0.1331","0.0066","0.1331"
"10.7750","0.1334","0.0066","0.1334"
"10.8000","0.1337","0.0070","0.1337"
"10.8250","0.1341","0.0059","0.1341"
"10.8500","0.1344","0.0052","0.1344"
"10.8750","0.1347","0.0060","0.1347"
"10.9000","0.1350","0.0069","0.1350"
"10.9250","0.1353","0.0068","0.1353"
"10.9500","0.1357","0.0062","0.1357"
"10.9750","0.1360","0.0075","0.1360"
"11.0000","0.1363","0.0071","0.1363"
"11.0250","0.1366","0.0059","0.1366"
"11.0500","0.1369","0.0060","0.1369"
"11.0750","0.1372","0.0061","0.1372"
"11.1000","0.1375","0.0057","0.1375"
"11.1250","0.1378","0.0045","0.1378"
"11.1500","0.1381","0.0067","0.1381"
"11.1750","0.1384","0.0065","0.1384"
"11.2000","0.1387","0.0057","0.1387"
"11.2250","0.1391","0.0054","0.1391"
"11.2500","0.1394","0.0054","0.1394"
"11.2750","0.1397","0.0064","0.1397"
"11.3000","0.1400","0.0065","0.1400"
"11.3250","0.1403","0.0070","0.1403"
"11.3500","0.1406","0.0075","0.1406"
"11.3750","0.1409","0.0074","0.1409"
"11.4000","0.1412","0.0056","0.1412"
"11.4250","0.1415","0.0047","0.1415"
"11.4500","0.1419","0.0061","0.1419"
"11.4750","0.1422","0.0059","0.1422"
"11.5000","0.1425","0.0061","0.1425"
"11.5250","0.1428","0.0053","0.1428"
"11.5500","0.1431","0.0056","0.1431"
"11.5750","0.1434","0.0050","0.1434"
"11.6000","0.1438","0.0041","0.1438"
"11.6250","0.1441","0.0049","0.1441"
"11.6500","0.1444","0.0082","0.1444"
"11.6750","0.1447","0.0064","0.1447"
"11.7000","0.1450","0.0059","0.1450"
"11.7250","0.1453","0.0056","0.1453"
"11.7500","0.1456","0.0047","0.1456"
"11.7750","0.1459","0.0061","0.1459"
"11.8000","0.1463","0.0056","0.1463"
"11.8250","0.1466","0.0056","0.1466"
"11.8500","0.1469","0.0066","0.1469"
"11.8750","0.1472","0.0054","0.1472"
"11.9000","0.1475","0.0057","0.1475"
"11.9250","0.1478","0.0060","0.1478"
"11.9500","0.1482","0.0067","0.1482"
"11.9750","0.1485","0.0072","0.1485"
"12.0000","0.1488","0.0074","0.1488"
"12.0250","0.1491","0.0079","0.1491"
"12.0500","0.1494","0.0089","0.1494"
"12.0750","0.1497","0.0067","0.1497"
"12.1000","0.1500","0.0071","0.1500"
"12.1250","0.1503","0.0062","0.1503"
"12.1500","0.1506","0.0063","0.1506"
"12.1750","0.1509","0.0069","0.1509"
"12.2000","0.1512","0.0062","0.1512"
"12.2250","0.1516","0.0080","0.1516"
"12.2500","0.1519","0.0093","0.1519"
"12.2750","0.1522","0.0098","0.1522"
"12.3000","0.1525","0.0091","0.1525"
"12.3250","0.1528","0.0085","0.1528"
"12.3500","0.1532","0.0086","0.1532"
"12.3750","0.1535","0.0088","0.1535"
"12.4000","0.1538","0.0087","0.1538"
"12.4250","0.1541","0.0095","0.1541"
"12.4500","0.1544","0.0091","0.1544"
"12.4750","0.1547","0.0098","0.1547"
"12.5000","0.1550","0.0105","0.1550"
"12.5250","0.1553","0.0130","0.1553"
"12.5500","0.1556","0.0116","0.1556"
"12.5750","0.1559","0.0119","0.1559"
"12.6000","0.1562","0.0124","0.1562"
"12.6250","0.1565","0.0123","0.1565"
"12.6500","0.1568","0.0121","0.1568"
"12.6750","0.1571","0.0127","0.1571"
"12.7000","0.1574","0.0105","0.1574"
"12.7250","0.1577","0.0113","0.1577"
"12.7500","0.1580","0.0120","0.1580"
"12.7750","0.1583","0.0120","0.1583"
"12.8000","0.1586","0.0119","0.1586"
"12.8250","0.1589","0.0132","0.1589"
"12.8500","0.1592","0.0138","0.1592"
"12.8750","0.1595","0.0156","0.1595"
"12.9000","0.1598","0.0151","0.1598"
"12.9250","0.1601","0.0137","0.1601"
"12.9500","0.1604","0.0157","0.1604"
"12.9750","0.1607","0.0161","0.1607"
"13.0000","0.1611","0.0156","0.1611"
"13.0250","0.1614","0.0147","0.1614"
"13.0500","0.1617","0.0153","0.1617"
"13.0750","0.1620","0.0148","0.1620"
"13.1000","0.1623","0.0153","0.1623"
"13.1250","0.1627","0.0146","0.1627"
"13.1500","0.1630","0.0133","0.1630"
"13.1750","0.1633","0.0134","0.1633"
"13.2000","0.1636","0.0157","0.1636"
"13.2250","0.1639","0.0145","0.1639"
"13.2500","0.1642","0.0161","0.1642"
"13.2750","0.1645","0.0158","0.1645"
"13.3000","0.1648","0.0147","0.1648"
"13.3250","0.1652","0.0141","0.1652"
"13.3500","0.1655","0.0147","0.1655"
"13.3750","0.1658","0.0155","0.1658"
"13.4000","0.1661","0.0154","0.1661"
"13.4250","0.1665","0.0148","0.1665"
"13.4500","0.1668","0.0152","0.1668"
"13.4750","0.1671","0.0171","0.1671"
"13.5000","0.1675","0.0167","0.1675"
"13.5250","0.1678","0.0159","0.1678"
"13.5500","0.1681","0.0168","0.1681"
"13.5750","0.1685","0.0156","0.1685"
"13.6000","0.1688","0.0176","0.1688"
"13.6250","0.1691","0.0172","0.1691"
"13.6500","0.1694","0.0168","0.1694"
"13.6750","0.1697","0.0175","0.1697"
"13.7000","0.1700","0.0173","0.1700"
"13.7250","0.1703","0.0174","0.1703"
"13.7500","0.1706","0.0192","0.1706"
"13.7750","0.1709","0.0185","0.1709"
"13.8000","0.1712","0.0181","0.1712"
"13.8250","0.1715","0.0171","0.1715"
"13.8500","0.1718","0.0180","0.1718"
"13.8750","0.1721","0.0205","0.1721"
"13.9000","0.1725","0.0196","0.1725"
"13.9250","0.1728","0.0197","0.1728"
"13.9500","0.1731","0.0199","0.1731"
"13.9750","0.1734","0.0217","0.1734"
"14.0000","0.1737","0.0209","0.1737"
"14.0250","0.1741","0.0204","0.1741"
"14.0500","0.1744","0.0205","0.1744"
"14.0750","0.1747","0.0201","0.1747"
"14.1000","0.1750","0.0224","0.1750"
"14.1250","0.1754","0.0239","0.1754"
"14.1500","0.1757","0.0231","0.1757"
"14.1750","0.1760","0.0237","0.1760"
"14.2000","0.1763","0.0228","0.1763"
"14.2250","0.1766","0.0229","0.1766"
"14.2500","0.1769","0.0225","0.1769"
"14.2750","0.1772","0.0226","0.1772"
"14.3000","0.1775","0.0249","0.1775"
"14.3250","0.1778","0.0233","0.1778"
"14.3500","0.1782","0.0220","0.1782"
"14.3750","0.1785","0.0209","0.1785"
"14.4000","0.1788","0.0222","0.1788"
"14.4250","0.1791","0.0216","0.1791"
"14.4500","0.1794","0.0219","0.1794"
"14.4750","0.1797","0.0231","0.1797"
"14.5000","0.1800","0.0217","0.1800"
"14.5250","0.1803","0.0213","0.1803"
"14.5500","0.1806","0.0213","0.1806"
"14.5750","0.1809","0.0282","0.1809"
"14.6000","0.1813","0.0255","0.1813"
"14.6250","0.1816","0.0139","0.1816"
"14.6500","0.1819","0.0138","0.1819"
"14.6750","0.1822","0.0086","0.1822"
"14.7000","0.1825","0.0185","0.1825"
"14.7250","0.1828","0.0415","0.1828"
"14.7500","0.1831","0.0229","0.1831"
"14.7750","0.1834","-0.0019","0.1834"
"14.8000","0.1838","-0.0072","0.1838"
"14.8250","0.1841","-0.0047","0.1841"
"14.8500","0.1844","0.0001","0.1844"
"14.8750","0.1847","0.0112","0.1847"
"14.9000","0.1850","0.0229","0.1850"
"14.9250","0.1853","0.0213","0.1853"
"14.9500","0.1856","0.0137","0.1856"
"14.9750","0.1859","0.0179","0.1859"
"15.0000","0.1862","0.0191","0.1862"
"15.0250","0.1866","0.0190","0.1866"
"15.0500","0.1869","0.0221","0.1869"
"15.0750","0.1872","0.0096","0.1872"
"15.1000","0.1875","0.0008","0.1875"
"15.1250","0.1878","-0.0003","0.1878"
"15.1500","0.1881","0.0026","0.1881"
"15.1750","0.1884","0.0099","0.1884"
"15.2000","0.1887","0.0181","0.1887"
"15.2250","0.1890","0.0228","0.1890"
"15.2500","0.1893","0.0253","0.1893"
"15.2750","0.1896","0.0219","0.1896"
"15.3000","0.1898","0.0130","0.1898"
"15.3250","0.1901","0.0097","0.1901"
"15.3500","0.1904","0.0086","0.1904"
"15.3750","0.1907","0.0083","0.1907"
"15.4000","0.1910","0.0124","0.1910"
"15.4250","0.1913","0.0174","0.1913"
"15.4500","0.1917","0.0178","0.1917"
"15.4750","0.1920","0.0208","0.1920"
"15.5000","0.1923","0.0181","0.1923"
"15.5250","0.1926","0.0151","0.1926"
"15.5500","0.1929","0.0172","0.1929"
"15.5750","0.1932","0.0177","0.1932"
"15.6000","0.1935","0.0213","0.1935"
"15.6250","0.1939","0.0238","0.1939"
"15.6500","0.1942","0.0199","0.1942"
"15.6750","0.1945","0.0190","0.1945"
"15.7000","0.1948","0.0199","0.1948"
"15.7250","0.1951","0.0231","0.1951"
"15.7500","0.1954","0.0259","0.1954"
"15.7750","0.1957","0.0242","0.1957"
"15.8000","0.1960","0.0217","0.1960"
"15.8250","0.1963","0.0210","0.1963"
"15.8500","0.1966","0.0226","0.1966"
"15.8750","0.1969","0.0260","0.1969"
"15.9000","0.1972","0.0266","0.1972"
"15.9250","0.1975","0.0251","0.1975"
"15.9500","0.1978","0.0230","0.1978"
"15.9750","0.1982","0.0247","0.1982"
"16.0000","0.1985","0.0267","0.1985"
"16.0250","0.1988","0.0258","0.1988"
"16.0500","0.1991","0.0269","0.1991"
"16.0750","0.1994","0.0259","0.1994"
"16.1000","0.1997","0.0265","0.1997"
"16.1250","0.2000","0.0297","0.2000"
"16.1500","0.2003","0.0312","0.2003"
"16.1750","0.2007","0.0296","0.2007"
"16.2000","0.2010","0.0317","0.2010"
"16.2250","0.2013","0.0310","0.2013"
"16.2500","0.2017","0.0316","0.2017"
"16.2750","0.2020","0.0327","0.2020"
"16.3000","0.2023","0.0343","0.2023"
"16.3250","0.2026","0.0352","0.2026"
"16.3500","0.2029","0.0347","0.2029"
"16.3750","0.2033","0.0329","0.2033"
"16.4000","0.2036","0.0325","0.2036"
"16.4250","0.2039","0.0330","0.2039"
"16.4500","0.2042","0.0345","0.2042"
"16.4750","0.2045","0.0345","0.2045"
"16.5000","0.2048","0.0342","0.2048"
"16.5250","0.2051","0.0348","0.2051"
"16.5500","0.2055","0.0344","0.2055"
"16.5750","0.2058","0.0341","0.2058"
"16.6000","0.2061","0.0357","0.2061"
"16.6250","0.2064","0.0348","0.2064"
"16.6500","0.2068","0.0346","0.2068"
"16.6750","0.2071","0.0347","0.2071"
"16.7000","0.2075","0.0343","0.2075"
"16.7250","0.2078","0.0361","0.2078"
"16.7500","0.2081","0.0374","0.2081"
"16.7750","0.2085","0.0370","0.2085"
"16.8000","0.2088","0.0372","0.2088"
"16.8250","0.2092","0.0386","0.2092"
"16.8500","0.2095","0.0386","0.2095"
"16.8750","0.2099","0.0369","0.2099"
"16.9000","0.2102","0.0366","0.2102"
"16.9250","0.2106","0.0354","0.2106"
"16.9500","0.2109","0.0368","0.2109"
"16.9750","0.2112","0.0355","0.2112"
"17.0000","0.2116","0.0355","0.2116"
"17.0250","0.2119","0.0342","0.2119"
"17.0500","0.2122","0.0340","0.2122"
"17.0750","0.2125","0.0337","0.2125"
"17.1000","0.2128","0.0335","0.2128"
"17.1250","0.2131","0.0332","0.2131"
"17.1500","0.2134","0.0340","0.2134"
"17.1750","0.2137","0.0345","0.2137"
"17.2000","0.2140","0.0343","0.2140"
"17.2250","0.2143","0.0325","0.2143"
"17.2500","0.2146","0.0328","0.2146"
"17.2750","0.2150","0.0321","0.2150"
"17.3000","0.2153","0.0327","0.2153"
"17.3250","0.2156","0.0336","0.2156"
"17.3500","0.2159","0.0340","0.2159"
"17.3750","0.2163","0.0337","0.2163"
"17.4000","0.2166","0.0341","0.2166"
"17.4250","0.2169","0.0349","0.2169"
"17.4500","0.2173","0.0353","0.2173"
"17.4750","0.2176","0.0355","0.2176"
"17.5000","0.2179","0.0341","0.2179"
"17.5250","0.2182","0.0338","0.2182"
"17.5500","0.2185","0.0346","0.2185"
"17.5750","0.2187","0.0352","0.2187"
"17.6000","0.2190","0.0331","0.2190"
"17.6250","0.2193","0.0333","0.2193"
"17.6500","0.2196","0.0345","0.2196"
"17.6750","0.2199","0.0340","0.2199"
"17.7000","0.2202","0.0330","0.2202"
"17.7250","0.2205","0.0334","0.2205"
"17.7500","0.2208","0.0330","0.2208"
"17.7750","0.2211","0.0335","0.2211"
"17.8000","0.2214","0.0338","0.2214"
"17.8250","0.2217","0.0331","0.2217"
"17.8500","0.2220","0.0322","0.2220"
"17.8750","0.2223","0.0321","0.2223"
"17.9000","0.2227","0.0330","0.2227"
"17.9250","0.2230","0.0330","0.2230"
"17.9500","0.2233","0.0315","0.2233"
"17.9750","0.2236","0.0312","0.2236"
"18.0000","0.2239","0.0309","0.2239"
"18.0250","0.2242","0.0319","0.2242"
"18.0500","0.2246","0.0328","0.2246"
"18.0750","0.2249","0.0335","0.2249"
"18.1000","0.2252","0.0328","0.2252"
"18.1250","0.2255","0.0324","0.2255"
"18.1500","0.2258","0.0317","0.2258"
"18.1750","0.2261","0.0316","0.2261"
"18.2000","0.2264","0.0334","0.2264"
"18.2250","0.2267","0.0324","0.2267"
"18.2500","0.2270","0.0327","0.2270"
"18.2750","0.2273","0.0329","0.2273"
"18.3000","0.2276","0.0327","0.2276"
"18.3250","0.2279","0.0331","0.2279"
"18.3500","0.2282","0.0324","0.2282"
"18.3750","0.2285","0.0330","0.2285"
"18.4000","0.2289","0.0337","0.2289"
"18.4250","0.2292","0.0350","0.2292"
"18.4500","0.2295","0.0347","0.2295"
"18.4750","0.2299","0.0339","0.2299"
"18.5000","0.2302","0.0354","0.2302"
"18.5250","0.2305","0.0367","0.2305"
"18.5500","0.2308","0.0368","0.2308"
"18.5750","0.2311","0.0360","0.2311"
"18.6000","0.2314","0.0350","0.2314"
"18.6250","0.2317","0.0583","0.2317"
"18.6500","0.2321","0.0707","0.2321"
"18.6750","0.2324","0.0428","0.2324"
"18.7000","0.2327","0.0039","0.2327"
"18.7250","0.2330","-0.0069","0.2330"
"18.7500","0.2333","-0.0025","0.2333"
"18.7750","0.2336","0.0148","0.2336"
"18.8000","0.2339","0.0379","0.2339"
"18.8250","0.2342","0.0603","0.2342"
"18.8500","0.2346","0.0620","0.2346"
"18.8750","0.2349","0.0495","0.2349"
"18.9000","0.2352","0.0471","0.2352"
"18.9250","0.2355","0.0469","0.2355"
"18.9500","0.2358","0.0344","0.2358"
"18.9750","0.2361","0.0202","0.2361"
"19.0000","0.2365","0.0161","0.2365"
"19.0250","0.2368","0.0203","0.2368"
"19.0500","0.2371","0.0213","0.2371"
"19.0750","0.2374","0.0256","0.2374"
"19.1000","0.2377","0.0322","0.2377"
"19.1250","0.2380","0.0264","0.2380"
"19.1500","0.2383","0.0344","0.2383"
"19.1750","0.2386","0.0452","0.2386"
"19.2000","0.2389","0.0436","0.2389"
"19.2250","0.2392","0.0312","0.2392"
"19.2500","0.2396","0.0209","0.2396"
"19.2750","0.2399","0.0135","0.2399"
"19.3000","0.2402","0.0238","0.2402"
"19.3250","0.2405","0.0297","0.2405"
"19.3500","0.2408","0.0318","0.2408"
"19.3750","0.2412","0.0364","0.2412"
"19.4000","0.2415","0.0316","0.2415"
"19.4250","0.2418","0.0244","0.2418"
"19.4500","0.2422","0.0241","0.2422"
"19.4750","0.2425","0.0321","0.2425"
"19.5000","0.2428","0.0399","0.2428"
"19.5250","0.2431","0.0384","0.2431"
"19.5500","0.2434","0.0325","0.2434"
"19.5750","0.2437","0.0265","0.2437"
"19.6000","0.2440","0.0229","0.2440"
"19.6250","0.2443","0.0235","0.2443"
"19.6500","0.2446","0.0260","0.2446"
"19.6750","0.2449","0.0289","0.2449"
"19.7000","0.2452","0.0308","0.2452"
"19.7250","0.2455","0.0343","0.2455"
"19.7500","0.2458","0.0350","0.2458"
"19.7750","0.2461","0.0357","0.2461"
"19.8000","0.2464","0.0393","0.2464"
"19.8250","0.2467","0.0393","0.2467"
"19.8500","0.2470","0.0370","0.2470"
"19.8750","0.2473","0.0367","0.2473"
"19.9000","0.2476","0.0405","0.2476"
"19.9250","0.2479","0.0435","0.2479"
"19.9500","0.2482","0.0450","0.2482"
"19.9750","0.2485","0.0465","0.2485"
"20.0000","0.2488","0.0489","0.2488"
"20.0250","0.2491","0.0505","0.2491"
"20.0500","0.2495","0.0502","0.2495"
"20.0750","0.2498","0.0497","0.2498"
"20.1000","0.2501","0.0500","0.2501"
"20.1250","0.2504","0.0503","0.2504"
"20.1500","0.2507","0.0497","0.2507"
"20.1750","0.2510","0.0506","0.2510"
"20.2000","0.2513","0.0512","0.2513"
"20.2250","0.2516","0.0531","0.2516"
"20.2500","0.2520","0.0555","0.2520"
"20.2750","0.2523","0.0560","0.2523"
"20.3000","0.2526","0.0552","0.2526"
"20.3250","0.2529","0.0546","0.2529"
"20.3500","0.2532","0.0557","0.2532"
"20.3750","0.2535","0.0557","0.2535"
"20.4000","0.2538","0.0568","0.2538"
"20.4250","0.2541","0.0604","0.2541"
"20.4500","0.2544","0.0623","0.2544"
"20.4750","0.2547","0.0635","0.2547"
"20.5000","0.2550","0.0632","0.2550"
"20.5250","0.2553","0.0649","0.2553"
"20.5500","0.2557","0.0662","0.2557"
"20.5750","0.2560","0.0665","0.2560"
"20.6000","0.2563","0.0673","0.2563"
"20.6250","0.2566","0.0681","0.2566"
"20.6500","0.2569","0.0688","0.2569"
"20.6750","0.2572","0.0698","0.2572"
"20.7000","0.2575","0.0695","0.2575"
"20.7250","0.2578","0.0724","0.2578"
"20.7500","0.2581","0.0743","0.2581"
"20.7750","0.2585","0.0755","0.2585"
"20.8000","0.2588","0.0770","0.2588"
"20.8250","0.2591","0.0757","0.2591"
"20.8500","0.2594","0.0768","0.2594"
"20.8750","0.2597","0.0782","0.2597"
"20.9000","0.2600","0.0788","0.2600"
"20.9250","0.2603","0.0785","0.2603"
"20.9500","0.2606","0.0821","0.2606"
"20.9750","0.2609","0.0842","0.2609"
"21.0000","0.2612","0.0873","0.2612"
"21.0250","0.2615","0.0878","0.2615"
"21.0500","0.2618","0.0868","0.2618"
"21.0750","0.2621","0.0870","0.2621"
"21.1000","0.2624","0.0874","0.2624"
"21.1250","0.2627","0.0849","0.2627"
"21.1500","0.2631","0.0834","0.2631"
"21.1750","0.2634","0.0817","0.2634"
"21.2000","0.2637","0.0806","0.2637"
"21.2250","0.2640","0.0826","0.2640"
"21.2500","0.2643","0.0857","0.2643"
"21.2750","0.2646","0.0861","0.2646"
"21.3000","0.2649","0.0859","0.2649"
"21.3250","0.2652","0.0875","0.2652"
"21.3500","0.2655","0.0883","0.2655"
"21.3750","0.2658","0.0894","0.2658"
"21.4000","0.2661","0.0914","0.2661"
"21.4250","0.2664","0.0923","0.2664"
"21.4500","0.2667","0.0915","0.2667"
"21.4750","0.2670","0.0902","0.2670"
"21.5000","0.2673","0.0891","0.2673"
"21.5250","0.2676","0.0912","0.2676"
"21.5500","0.2679","0.0917","0.2679"
"21.5750","0.2682","0.0917","0.2682"
"21.6000","0.2685","0.0907","0.2685"
"21.6250","0.2688","0.0927","0.2688"
"21.6500","0.2692","0.0931","0.2692"
"21.6750","0.2695","0.0946","0.2695"
"21.7000","0.2698","0.0958","0.2698"
"21.7250","0.2701","0.0963","0.2701"
"21.7500","0.2705","0.0968","0.2705"
"21.7750","0.2708","0.0969","0.2708"
"21.8000","0.2711","0.0967","0.2711"
"21.8250","0.2714","0.0974","0.2714"
"21.8500","0.2717","0.0979","0.2717"
"21.8750","0.2720","0.0983","0.2720"
"21.9000","0.2723","0.0982","0.2723"
"21.9250","0.2726","0.0986","0.2726"
"21.9500","0.2729","0.0967","0.2729"
"21.9750","0.2732","0.0962","0.2732"
"22.0000","0.2736","0.0947","0.2736"
"22.0250","0.2739","0.0934","0.2739"
"22.0500","0.2742","0.0928","0.2742"
"22.0750","0.2745","0.0925","0.2745"
"22.1000","0.2748","0.0926","0.2748"
"22.1250","0.2751","0.0926","0.2751"
"22.1500","0.2754","0.0924","0.2754"
"22.1750","0.2758","0.0929","0.2758"
"22.2000","0.2761","0.0912","0.2761"
"22.2250","0.2764","0.0901","0.2764"
"22.2500","0.2767","0.0899","0.2767"
"22.2750","0.2770","0.0894","0.2770"
"22.3000","0.2773","0.0868","0.2773"
"22.3250","0.2776","0.0871","0.2776"
"22.3500","0.2780","0.0866","0.2780"
"22.3750","0.2783","0.0867","0.2783"
"22.4000","0.2786","0.0871","0.2786"
"22.4250","0.2789","0.0865","0.2789"
"22.4500","0.2792","0.0860","0.2792"
"22.4750","0.2795","0.0848","0.2795"
"22.5000","0.2798","0.0840","0.2798"
"22.5250","0.2801","0.0844","0.2801"
"22.5500","0.2805","0.0834","0.2805"
"22.5750","0.2808","0.0839","0.2808"
"22.6000","0.2811","0.0844","0.2811"
"22.6250","0.2814","0.0839","0.2814"
"22.6500","0.2817","0.0834","0.2817"
"22.6750","0.2820","0.0844","0.2820"
"22.7000","0.2823","0.0856","0.2823"
"22.7250","0.2826","0.0865","0.2826"
"22.7500","0.2830","0.0867","0.2830"
"22.7750","0.2833","0.0861","0.2833"
"22.8000","0.2836","0.0860","0.2836"
"22.8250","0.2839","0.0852","0.2839"
"22.8500","0.2842","0.0856","0.2842"
"22.8750","0.2845","0.0868","0.2845"
"22.9000","0.2848","0.0887","0.2848"
"22.9250","0.2851","0.0914","0.2851"
"22.9500","0.2854","0.0919","0.2854"
"22.9750","0.2858","0.0916","0.2858"
"23.0000","0.2861","0.0925","0.2861"
"23.0250","0.2864","0.0936","0.2864"
"23.0500","0.2867","0.0947","0.2867"
"23.0750","0.2870","0.0960","0.2870"
"23.1000","0.2873","0.0990","0.2873"
"23.1250","0.2876","0.1002","0.2876"
"23.1500","0.2879","0.1010","0.2879"
"23.1750","0.2882","0.1018","0.2882"
"23.2000","0.2885","0.1027","0.2885"
"23.2250","0.2888","0.1020","0.2888"
"23.2500","0.2892","0.1042","0.2892"
"23.2750","0.2895","0.1059","0.2895"
"23.3000","0.2898","0.1079","0.2898"
"23.3250","0.2901","0.1109","0.2901"
"23.3500","0.2904","0.1123","0.2904"
"23.3750","0.2907","0.1142","0.2907"
"23.4000","0.2910","0.1180","0.2910"
"23.4250","0.2914","0.1201","0.2914"
"23.4500","0.2917","0.1215","0.2917"
"23.4750","0.2920","0.1245","0.2920"
"23.5000","0.2923","0.1256","0.2923"
"23.5250","0.2927","0.1266","0.2927"
"23.5500","0.2930","0.1269","0.2930"
"23.5750","0.2933","0.1278","0.2933"
"23.6000","0.2936","0.1285","0.2936"
"23.6250","0.2939","0.1299","0.2939"
"23.6500","0.2942","0.1310","0.2942"
"23.6750","0.2945","0.1339","0.2945"
"23.7000","0.2948","0.1339","0.2948"
"23.7250","0.2951","0.1338","0.2951"
"23.7500","0.2954","0.1357","0.2954"
"23.7750","0.2957","0.1372","0.2957"
"23.8000","0.2960","0.1388","0.2960"
"23.8250","0.2964","0.1404","0.2964"
"23.8500","0.2967","0.1422","0.2967"
"23.8750","0.2970","0.1426","0.2970"
"23.9000","0.2973","0.1453","0.2973"
"23.9250","0.2976","0.1458","0.2976"
"23.9500","0.2979","0.1458","0.2979"
"23.9750","0.2982","0.1481","0.2982"
"24.0000","0.2985","0.1489","0.2985"
"24.0250","0.2989","0.1489","0.2989"
"24.0500","0.2992","0.1516","0.2992"
"24.0750","0.2995","0.1539","0.2995"
"24.1000","0.2998","0.1561","0.2998"
"24.1250","0.3001","0.1581","0.3001"
"24.1500","0.3004","0.1607","0.3004"
"24.1750","0.3008","0.1628","0.3008"
"24.2000","0.3011","0.1615","0.3011"
"24.2250","0.3014","0.1619","0.3014"
"24.2500","0.3017","0.1611","0.3017"
"24.2750","0.3020","0.1587","0.3020"
"24.3000","0.3023","0.1588","0.3023"
"24.3250","0.3026","0.1593","0.3026"
"24.3500","0.3029","0.1586","0.3029"
"24.3750","0.3033","0.1583","0.3033"
"24.4000","0.3036","0.1601","0.3036"
"24.4250","0.3039","0.1610","0.3039"
"24.4500","0.3042","0.1615","0.3042"
"24.4750","0.3045","0.1610","0.3045"
"24.5000","0.3048","0.1606","0.3048"
"24.5250","0.3051","0.1604","0.3051"
"24.5500","0.3054","0.1611","0.3054"
"24.5750","0.3057","0.1603","0.3057"
"24.6000","0.3060","0.1592","0.3060"
"24.6250","0.3063","0.1595","0.3063"
"24.6500","0.3066","0.1593","0.3066"
"24.6750","0.3069","0.1621","0.3069"
"24.7000","0.3072","0.1641","0.3072"
"24.7250","0.3076","0.1646","0.3076"
"24.7500","0.3079","0.1662","0.3079"
"24.7750","0.3082","0.1671","0.3082"
"24.8000","0.3085","0.1677","0.3085"
"24.8250","0.3089","0.1698","0.3089"
"24.8500","0.3092","0.1705","0.3092"
"24.8750","0.3095","0.1707","0.3095"
"24.9000","0.3098","0.1720","0.3098"
"24.9250","0.3101","0.1731","0.3101"
"24.9500","0.3104","0.1734","0.3104"
"24.9750","0.3108","0.1733","0.3108"
"25.0000","0.3111","0.1753","0.3111"
"25.0250","0.3114","0.1746","0.3114"
"25.0500","0.3117","0.1719","0.3117"
"25.0750","0.3120","0.1719","0.3120"
"25.1000","0.3123","0.1734","0.3123"
"25.1250","0.3126","0.1726","0.3126"
"25.1500","0.3129","0.1725","0.3129"
"25.1750","0.3133","0.1739","0.3133"
"25.2000","0.3136","0.1734","0.3136"
"25.2250","0.3139","0.1703","0.3139"
"25.2500","0.3142","0.1705","0.3142"
"25.2750","0.3145","0.1716","0.3145"
"25.3000","0.3148","0.1738","0.3148"
"25.3250","0.3151","0.1730","0.3151"
"25.3500","0.3154","0.1713","0.3154"
"25.3750","0.3157","0.1713","0.3157"
"25.4000","0.3160","0.1718","0.3160"
"25.4250","0.3163","0.1712","0.3163"
"25.4500","0.3166","0.1718","0.3166"
"25.4750","0.3169","0.1729","0.3169"
"25.5000","0.3172","0.1734","0.3172"
"25.5250","0.3175","0.1748","0.3175"
"25.5500","0.3178","0.1740","0.3178"
"25.5750","0.3181","0.1735","0.3181"
"25.6000","0.3184","0.1743","0.3184"
"25.6250","0.3187","0.1722","0.3187"
"25.6500","0.3190","0.1716","0.3190"
"25.6750","0.3193","0.1741","0.3193"
"25.7000","0.3196","0.1762","0.3196"
"25.7250","0.3200","0.1773","0.3200"
"25.7500","0.3203","0.1769","0.3203"
"25.7750","0.3206","0.1763","0.3206"
"25.8000","0.3209","0.1761","0.3209"
"25.8250","0.3213","0.1772","0.3213"
"25.8500","0.3216","0.1767","0.3216"
"25.8750","0.3219","0.1751","0.3219"
"25.9000","0.3222","0.1769","0.3222"
"25.9250","0.3226","0.1776","0.3226"
"25.9500","0.3229","0.1759","0.3229"
"25.9750","0.3232","0.1734","0.3232"
"26.0000","0.3235","0.1746","0.3235"
"26.0250","0.3238","0.1744","0.3238"
"26.0500","0.3242","0.1760","0.3242"
"26.0750","0.3245","0.1759","0.3245"
"26.1000","0.3248","0.1761","0.3248"
"26.1250","0.3252","0.1734","0.3252"
"26.1500","0.3255","0.1707","0.3255"
"26.1750","0.3258","0.1695","0.3258"
"26.2000","0.3261","0.1689","0.3261"
"26.2250","0.3264","0.1670","0.3264"
"26.2500","0.3267","0.1674","0.3267"
"26.2750","0.3270","0.1678","0.3270"
"26.3000","0.3273","0.1696","0.3273"
"26.3250","0.3276","0.1678","0.3276"
"26.3500","0.3279","0.1663","0.3279"
"26.3750","0.3282","0.1669","0.3282"
"26.4000","0.3286","0.1667","0.3286"
"26.4250","0.3289","0.1672","0.3289"
"26.4500","0.3292","0.1687","0.3292"
"26.4750","0.3295","0.1688","0.3295"
"26.5000","0.3298","0.1666","0.3298"
"26.5250","0.3301","0.1659","0.3301"
"26.5500","0.3304","0.1656","0.3304"
"26.5750","0.3307","0.1653","0.3307"
"26.6000","0.3310","0.1655","0.3310"
"26.6250","0.3313","0.1649","0.3313"
"26.6500","0.3316","0.1656","0.3316"
"26.6750","0.3319","0.1652","0.3319"
"26.7000","0.3322","0.1661","0.3322"
"26.7250","0.3325","0.1693","0.3325"
"26.7500","0.3328","0.1689","0.3328"
"26.7750","0.3331","0.1683","0.3331"
"26.8000","0.3335","0.1702","0.3335"
"26.8250","0.3338","0.1708","0.3338"
"26.8500","0.3341","0.1704","0.3341"
"26.8750","0.3344","0.1705","0.3344"
"26.9000","0.3347","0.1712","0.3347"
"26.9250","0.3350","0.1709","0.3350"
"26.9500","0.3354","0.1729","0.3354"
"26.9750","0.3357","0.1758","0.3357"
"27.0000","0.3360","0.1760","0.3360"
"27.0250","0.3364","0.1789","0.3364"
"27.0500","0.3367","0.1789","0.3367"
"27.0750","0.3370","0.1802","0.3370"
"27.1000","0.3373","0.1808","0.3373"
"27.1250","0.3376","0.1814","0.3376"
"27.1500","0.3379","0.1801","0.3379"
"27.1750","0.3383","0.1800","0.3383"
"27.2000","0.3386","0.1821","0.3386"
"27.2250","0.3389","0.1808","0.3389"
"27.2500","0.3392","0.1820","0.3392"
"27.2750","0.3395","0.1822","0.3395"
"27.3000","0.3398","0.1845","0.3398"
"27.3250","0.3402","0.1876","0.3402"
"27.3500","0.3405","0.1867","0.3405"
"27.3750","0.3408","0.1873","0.3408"
"27.4000","0.3411","0.1881","0.3411"
"27.4250","0.3414","0.1883","0.3414"
"27.4500","0.3417","0.1894","0.3417"
"27.4750","0.3420","0.1887","0.3420"
"27.5000","0.3423","0.1891","0.3423"
"27.5250","0.3427","0.1904","0.3427"
"27.5500","0.3430","0.1911","0.3430"
"27.5750","0.3433","0.1921","0.3433"
"27.6000","0.3436","0.1937","0.3436"
"27.6250","0.3439","0.1955","0.3439"
"27.6500","0.3443","0.1962","0.3443"
"27.6750","0.3446","0.1979","0.3446"
"27.7000","0.3449","0.1979","0.3449"
"27.7250","0.3452","0.1979","0.3452"
"27.7500","0.3456","0.1997","0.3456"
"27.7750","0.3459","0.2008","0.3459"
"27.8000","0.3462","0.2019","0.3462"
"27.8250","0.3466","0.2030","0.3466"
"27.8500","0.3469","0.2021","0.3469"
"27.8750","0.3472","0.2031","0.3472"
"27.9000","0.3476","0.2010","0.3476"
"27.9250","0.3479","0.1996","0.3479"
"27.9500","0.3482","0.1986","0.3482"
"27.9750","0.3485","0.1962","0.3485"
"28.0000","0.3488","0.1957","0.3488"
"28.0250","0.3491","0.1957","0.3491"
"28.0500","0.3494","0.1962","0.3494"
"28.0750","0.3497","0.1969","0.3497"
"28.1000","0.3500","0.1954","0.3500"
"28.1250","0.3504","0.1947","0.3504"
"28.1500","0.3507","0.1933","0.3507"
"28.1750","0.3510","0.1919","0.3510"
"28.2000","0.3513","0.1911","0.3513"
"28.2250","0.3516","0.1889","0.3516"
"28.2500","0.3519","0.1896","0.3519"
"28.2750","0.3522","0.1902","0.3522"
"28.3000","0.3525","0.1883","0.3525"
"28.3250","0.3528","0.1889","0.3528"
"28.3500","0.3532","0.1884","0.3532"
"28.3750","0.3535","0.1892","0.3535"
"28.4000","0.3538","0.1898","0.3538"
"28.4250","0.3541","0.1889","0.3541"
"28.4500","0.3544","0.1884","0.3544"
"28.4750","0.3547","0.1887","0.3547"
"28.5000","0.3550","0.1870","0.3550"
"28.5250","0.3553","0.1879","0.3553"
"28.5500","0.3556","0.1887","0.3556"
"28.5750","0.3559","0.1880","0.3559"
"28.6000","0.3563","0.1858","0.3563"
"28.6250","0.3566","0.1848","0.3566"
"28.6500","0.3569","0.1846","0.3569"
"28.6750","0.3572","0.1830","0.3572"
"28.7000","0.3575","0.1825","0.3575"
"28.7250","0.3578","0.1814","0.3578"
"28.7500","0.3581","0.1806","0.3581"
"28.7750","0.3584","0.1811","0.3584"
"28.8000","0.3587","0.1811","0.3587"
"28.8250","0.3590","0.1812","0.3590"
"28.8500","0.3593","0.1826","0.3593"
"28.8750","0.3596","0.1823","0.3596"
"28.9000","0.3599","0.1821","0.3599"
"28.9250","0.3602","0.1845","0.3602"
"28.9500","0.3604","0.1857","0.3604"
"28.9750","0.3607","0.1869","0.3607"
"29.0000","0.3611","0.1907","0.3611"
"29.0250","0.3614","0.1940","0.3614"
"29.0500","0.3617","0.1956","0.3617"
"29.0750","0.3620","0.1976","0.3620"
"29.1000","0.3623","0.1982","0.3623"
"29.1250","0.3626","0.1997","0.3626"
"29.1500","0.3630","0.2022","0.3630"
"29.1750","0.3633","0.2033","0.3633"
"29.2000","0.3636","0.2059","0.3636"
"29.2250","0.3639","0.2068","0.3639"
"29.2500","0.3642","0.2088","0.3642"
"29.2750","0.3645","0.2114","0.3645"
"29.3000","0.3648","0.2145","0.3648"
"29.3250","0.3651","0.2166","0.3651"
"29.3500","0.3654","0.2159","0.3654"
"29.3750","0.3658","0.2148","0.3658"
"29.4000","0.3661","0.2148","0.3661"
"29.4250","0.3664","0.2150","0.3664"
"29.4500","0.3667","0.2162","0.3667"
"29.4750","0.3670","0.2181","0.3670"
"29.5000","0.3673","0.2191","0.3673"
"29.5250","0.3676","0.2216","0.3676"
"29.5500","0.3679","0.2212","0.3679"
"29.5750","0.3682","0.2230","0.3682"
"29.6000","0.3685","0.2243","0.3685"
"29.6250","0.3688","0.2257","0.3688"
"29.6500","0.3691","0.2287","0.3691"
"29.6750","0.3695","0.2294","0.3695"
"29.7000","0.3698","0.2275","0.3698"
"29.7250","0.3701","0.2280","0.3701"
"29.7500","0.3704","0.2290","0.3704"
"29.7750","0.3707","0.2302","0.3707"
"29.8000","0.3710","0.2301","0.3710"
"29.8250","0.3714","0.2292","0.3714"
"29.8500","0.3717","0.2304","0.3717"
"29.8750","0.3720","0.2294","0.3720"
"29.9000","0.3723","0.2295","0.3723"
"29.9250","0.3726","0.2303","0.3726"
"29.9500","0.3729","0.2301","0.3729"
"29.9750","0.3732","0.2306","0.3732"
"30.0000","0.3736","0.2307","0.3736"
"30.0250","0.3739","0.2295","0.3739"
"30.0500","0.3742","0.2293","0.3742"
"30.0750","0.3745","0.2325","0.3745"
"30.1000","0.3748","0.2354","0.3748"
"30.1250","0.3751","0.2374","0.3751"
"30.1500","0.3754","0.2379","0.3754"
"30.1750","0.3758","0.2382","0.3758"
"30.2000","0.3761","0.2399","0.3761"
"30.2250","0.3764","0.2419","0.3764"
"30.2500","0.3767","0.2411","0.3767"
"30.2750","0.3770","0.2430","0.3770"
"30.3000","0.3773","0.2433","0.3773"
"30.3250","0.3777","0.2461","0.3777"
"30.3500","0.3780","0.2476","0.3780"
"30.3750","0.3783","0.2478","0.3783"
"30.4000","0.3786","0.2500","0.3786"
"30.4250","0.3789","0.2517","0.3789"
"30.4500","0.3793","0.2540","0.3793"
"30.4750","0.3796","0.2549","0.3796"
"30.5000","0.3799","0.2547","0.3799"
"30.5250","0.3803","0.2551","0.3803"
"30.5500","0.3806","0.2574","0.3806"
"30.5750","0.3810","0.2581","0.3810"
"30.6000","0.3813","0.2591","0.3813"
"30.6250","0.3816","0.2598","0.3816"
"30.6500","0.3819","0.2593","0.3819"
"30.6750","0.3823","0.2590","0.3823"
"30.7000","0.3826","0.2578","0.3826"
"30.7250","0.3829","0.2581","0.3829"
"30.7500","0.3832","0.2602","0.3832"
"30.7750","0.3835","0.2612","0.3835"
"30.8000","0.3838","0.2619","0.3838"
"30.8250","0.3841","0.2612","0.3841"
"30.8500","0.3844","0.2623","0.3844"
"30.8750","0.3847","0.2634","0.3847"
"30.9000","0.3851","0.2642","0.3851"
"30.9250","0.3854","0.2649","0.3854"
"30.9500","0.3857","0.2635","0.3857"
"30.9750","0.3860","0.2628","0.3860"
"31.0000","0.3863","0.2643","0.3863"
"31.0250","0.3866","0.2648","0.3866"
"31.0500","0.3869","0.2629","0.3869"
"31.0750","0.3872","0.2636","0.3872"
"31.1000","0.3876","0.2617","0.3876"
"31.1250","0.3879","0.2622","0.3879"
"31.1500","0.3882","0.2624","0.3882"
"31.1750","0.3885","0.2646","0.3885"
"31.2000","0.3888","0.2647","0.3888"
"31.2250","0.3891","0.2659","0.3891"
"31.2500","0.3895","0.2679","0.3895"
"31.2750","0.3898","0.2697","0.3898"
"31.3000","0.3901","0.2718","0.3901"
"31.3250","0.3904","0.2707","0.3904"
"31.3500","0.3907","0.2711","0.3907"
"31.3750","0.3911","0.2711","0.3911"
"31.4000","0.3914","0.2714","0.3914"
"31.4250","0.3917","0.2716","0.3917"
"31.4500","0.3920","0.2705","0.3920"
"31.4750","0.3923","0.2680","0.3923"
"31.5000","0.3926","0.2662","0.3926"
"31.5250","0.3929","0.2663","0.3929"
"31.5500","0.3932","0.2672","0.3932"
"31.5750","0.3935","0.2655","0.3935"
"31.6000","0.3938","0.2637","0.3938"
"31.6250","0.3941","0.2641","0.3941"
"31.6500","0.3944","0.2654","0.3944"
"31.6750","0.3947","0.2660","0.3947"
"31.7000","0.3950","0.2665","0.3950"
"31.7250","0.3953","0.2658","0.3953"
"31.7500","0.3957","0.2651","0.3957"
"31.7750","0.3960","0.2638","0.3960"
"31.8000","0.3963","0.2627","0.3963"
"31.8250","0.3966","0.2609","0.3966"
"31.8500","0.3969","0.2585","0.3969"
"31.8750","0.3971","0.2601","0.3971"
"31.9000","0.3975","0.2627","0.3975"
"31.9250","0.3978","0.2622","0.3978"
"31.9500","0.3981","0.2627","0.3981"
"31.9750","0.3984","0.2630","0.3984"
"32.0000","0.3987","0.2611","0.3987"
"32.0250","0.3990","0.2607","0.3990"
"32.0500","0.3993","0.2619","0.3993"
"32.0750","0.3996","0.2627","0.3996"
"32.1000","0.3999","0.2612","0.3999"
"32.1250","0.4002","0.2594","0.4002"
"32.1500","0.4005","0.2591","0.4005"
"32.1750","0.4009","0.2584","0.4009"
"32.2000","0.4012","0.2583","0.4012"
"32.2250","0.4015","0.2584","0.4015"
"32.2500","0.4018","0.2600","0.4018"
"32.2750","0.4021","0.2611","0.4021"
"32.3000","0.4024","0.2616","0.4024"
"32.3250","0.4027","0.2590","0.4027"
"32.3500","0.4029","0.2593","0.4029"
"32.3750","0.4033","0.2622","0.4033"
"32.4000","0.4036","0.2646","0.4036"
"32.4250","0.4039","0.2662","0.4039"
"32.4500","0.4042","0.2679","0.4042"
"32.4750","0.4045","0.2698","0.4045"
"32.5000","0.4048","0.2709","0.4048"
"32.5250","0.4052","0.2731","0.4052"
"32.5500","0.4055","0.2756","0.4055"
"32.5750","0.4058","0.2767","0.4058"
"32.6000","0.4061","0.2780","0.4061"
"32.6250","0.4064","0.2800","0.4064"
"32.6500","0.4067","0.2832","0.4067"
"32.6750","0.4070","0.2857","0.4070"
"32.7000","0.4073","0.2891","0.4073"
"32.7250","0.4076","0.2908","0.4076"
"32.7500","0.4080","0.2937","0.4080"
"32.7750","0.4083","0.2953","0.4083"
"32.8000","0.4086","0.2970","0.4086"
"32.8250","0.4089","0.2990","0.4089"
"32.8500","0.4092","0.2996","0.4092"
"32.8750","0.4095","0.3005","0.4095"
"32.9000","0.4098","0.3012","0.4098"
"32.9250","0.4101","0.3028","0.4101"
"32.9500","0.4105","0.3046","0.4105"
"32.9750","0.4108","0.3067","0.4108"
"33.0000","0.4111","0.3082","0.4111"
"33.0250","0.4114","0.3089","0.4114"
"33.0500","0.4117","0.3110","0.4117"
"33.0750","0.4120","0.3119","0.4120"
"33.1000","0.4124","0.3130","0.4124"
"33.1250","0.4127","0.3128","0.4127"
"33.1500","0.4130","0.3129","0.4130"
"33.1750","0.4133","0.3141","0.4133"
"33.2000","0.4136","0.3156","0.4136"
"33.2250","0.4140","0.3170","0.4140"
"33.2500","0.4143","0.3195","0.4143"
"33.2750","0.4146","0.3233","0.4146"
"33.3000","0.4150","0.3242","0.4150"
"33.3250","0.4153","0.3271","0.4153"
"33.3500","0.4157","0.3291","0.4157"
"33.3750","0.4160","0.3295","0.4160"
"33.4000","0.4163","0.3291","0.4163"
"33.4250","0.4166","0.3272","0.4166"
"33.4500","0.4169","0.3263","0.4169"
"33.4750","0.4172","0.3247","0.4172"
"33.5000","0.4175","0.3245","0.4175"
"33.5250","0.4178","0.3249","0.4178"
"33.5500","0.4181","0.3280","0.4181"
"33.5750","0.4185","0.3312","0.4185"
"33.6000","0.4188","0.3339","0.4188"
"33.6250","0.4191","0.3335","0.4191"
"33.6500","0.4194","0.3328","0.4194"
"33.6750","0.4197","0.3299","0.4197"
"33.7000","0.4201","0.3275","0.4201"
"33.7250","0.4204","0.3244","0.4204"
"33.7500","0.4207","0.3227","0.4207"
"33.7750","0.4210","0.3245","0.4210"
"33.8000","0.4213","0.3254","0.4213"
"33.8250","0.4216","0.3282","0.4216"
"33.8500","0.4219","0.3279","0.4219"
"33.8750","0.4222","0.3276","0.4222"
"33.9000","0.4225","0.3293","0.4225"
"33.9250","0.4229","0.3310","0.4229"
"33.9500","0.4232","0.3306","0.4232"
"33.9750","0.4235","0.3333","0.4235"
"34.0000","0.4238","0.3357","0.4238"
"34.0250","0.4241","0.3357","0.4241"
"34.0500","0.4244","0.3371","0.4244"
"34.0750","0.4247","0.3381","0.4247"
"34.1000","0.4250","0.3402","0.4250"
"34.1250","0.4253","0.3400","0.4253"
"34.1500","0.4256","0.3397","0.4256"
"34.1750","0.4259","0.3397","0.4259"
"34.2000","0.4262","0.3408","0.4262"
"34.2250","0.4265","0.3414","0.4265"
"34.2500","0.4268","0.3416","0.4268"
"34.2750","0.4271","0.3384","0.4271"
"34.3000","0.4275","0.3342","0.4275"
"34.3250","0.4277","0.3312","0.4277"
"34.3500","0.4280","0.3281","0.4280"
"34.3750","0.4283","0.3272","0.4283"
"34.4000","0.4286","0.3252","0.4286"
"34.4250","0.4289","0.3219","0.4289"
"34.4500","0.4292","0.3201","0.4292"
"34.4750","0.4294","0.3212","0.4294"
"34.5000","0.4297","0.3232","0.4297"
"34.5250","0.4300","0.3236","0.4300"
"34.5500","0.4303","0.3227","0.4303"
"34.5750","0.4306","0.3266","0.4306"
"34.6000","0.4309","0.3305","0.4309"
"34.6250","0.4313","0.3342","0.4313"
"34.6500","0.4316","0.3364","0.4316"
"34.6750","0.4319","0.3390","0.4319"
"34.7000","0.4323","0.3414","0.4323"
"34.7250","0.4326","0.3416","0.4326"
"34.7500","0.4329","0.3425","0.4329"
"34.7750","0.4332","0.3405","0.4332"
"34.8000","0.4336","0.3397","0.4336"
"34.8250","0.4339","0.3388","0.4339"
"34.8500","0.4342","0.3384","0.4342"
"34.8750","0.4345","0.3372","0.4345"
"34.9000","0.4348","0.3351","0.4348"
"34.9250","0.4351","0.3345","0.4351"
"34.9500","0.4354","0.3333","0.4354"
"34.9750","0.4357","0.3326","0.4357"
"35.0000","0.4360","0.3322","0.4360"
"35.0250","0.4363","0.3321","0.4363"
"35.0500","0.4366","0.3343","0.4366"
"35.0750","0.4369","0.3351","0.4369"
"35.1000","0.4372","0.3357","0.4372"
"35.1250","0.4376","0.3379","0.4376"
"35.1500","0.4379","0.3410","0.4379"
"35.1750","0.4382","0.3435","0.4382"
"35.2000","0.4385","0.3455","0.4385"
"35.2250","0.4389","0.3480","0.4389"
"35.2500","0.4392","0.3492","0.4392"
"35.2750","0.4395","0.3483","0.4395"
"35.3000","0.4398","0.3499","0.4398"
"35.3250","0.4401","0.3517","0.4401"
"35.3500","0.4404","0.3538","0.4404"
"35.3750","0.4408","0.3548","0.4408"
"35.4000","0.4411","0.3561","0.4411"
"35.4250","0.4414","0.3568","0.4414"
"35.4500","0.4417","0.3577","0.4417"
"35.4750","0.4420","0.3605","0.4420"
"35.5000","0.4423","0.3612","0.4423"
"35.5250","0.4427","0.3596","0.4427"
"35.5500","0.4430","0.3593","0.4430"
"35.5750","0.4433","0.3586","0.4433"
"35.6000","0.4436","0.3580","0.4436"
"35.6250","0.4439","0.3594","0.4439"
"35.6500","0.4442","0.3579","0.4442"
"35.6750","0.4445","0.3580","0.4445"
"35.7000","0.4449","0.3592","0.4449"
"35.7250","0.4452","0.3592","0.4452"
"35.7500","0.4455","0.3577","0.4455"
"35.7750","0.4459","0.3584","0.4459"
"35.8000","0.4462","0.3606","0.4462"
"35.8250","0.4466","0.3649","0.4466"
"35.8500","0.4469","0.3673","0.4469"
"35.8750","0.4472","0.3673","0.4472"
"35.9000","0.4475","0.3662","0.4475"
"35.9250","0.4479","0.3643","0.4479"
"35.9500","0.4482","0.3633","0.4482"
"35.9750","0.4485","0.3648","0.4485"
"36.0000","0.4488","0.3634","0.4488"
"36.0250","0.4491","0.3640","0.4491"
"36.0500","0.4494","0.3675","0.4494"
"36.0750","0.4497","0.3709","0.4497"
"36.1000","0.4500","0.3718","0.4500"
"36.1250","0.4503","0.3716","0.4503"
"36.1500","0.4507","0.3736","0.4507"
"36.1750","0.4510","0.3732","0.4510"
"36.2000","0.4513","0.3728","0.4513"
"36.2250","0.4516","0.3738","0.4516"
"36.2500","0.4519","0.3737","0.4519"
"36.2750","0.4522","0.3740","0.4522"
"36.3000","0.4525","0.3760","0.4525"
"36.3250","0.4528","0.3797","0.4528"
"36.3500","0.4531","0.3815","0.4531"
"36.3750","0.4535","0.3861","0.4535"
"36.4000","0.4538","0.3866","0.4538"
"36.4250","0.4541","0.3875","0.4541"
"36.4500","0.4544","0.3884","0.4544"
"36.4750","0.4547","0.3870","0.4547"
"36.5000","0.4550","0.3867","0.4550"
"36.5250","0.4553","0.3860","0.4553"
"36.5500","0.4556","0.3850","0.4556"
"36.5750","0.4559","0.3816","0.4559"
"36.6000","0.4562","0.3777","0.4562"
"36.6250","0.4566","0.3748","0.4566"
"36.6500","0.4569","0.3739","0.4569"
"36.6750","0.4572","0.3717","0.4572"
"36.7000","0.4575","0.3712","0.4575"
"36.7250","0.4578","0.3699","0.4578"
"36.7500","0.4582","0.3705","0.4582"
"36.7750","0.4585","0.3719","0.4585"
"36.8000","0.4588","0.3738","0.4588"
"36.8250","0.4591","0.3739","0.4591"
"36.8500","0.4594","0.3742","0.4594"
"36.8750","0.4597","0.3736","0.4597"
"36.9000","0.4600","0.3745","0.4600"
"36.9250","0.4603","0.3761","0.4603"
"36.9500","0.4606","0.3796","0.4606"
"36.9750","0.4610","0.3838","0.4610"
"37.0000","0.4613","0.3862","0.4613"
"37.0250","0.4616","0.3868","0.4616"
"37.0500","0.4619","0.3864","0.4619"
"37.0750","0.4622","0.3890","0.4622"
"37.1000","0.4625","0.3899","0.4625"
"37.1250","0.4628","0.3905","0.4628"
"37.1500","0.4631","0.3909","0.4631"
"37.1750","0.4635","0.3916","0.4635"
"37.2000","0.4638","0.3940","0.4638"
"37.2250","0.4641","0.3986","0.4641"
"37.2500","0.4644","0.3998","0.4644"
"37.2750","0.4647","0.3997","0.4647"
"37.3000","0.4650","0.3993","0.4650"
"37.3250","0.4653","0.3999","0.4653"
"37.3500","0.4656","0.4004","0.4656"
"37.3750","0.4659","0.4018","0.4659"
"37.4000","0.4662","0.4001","0.4662"
"37.4250","0.4665","0.4009","0.4665"
"37.4500","0.4669","0.4048","0.4669"
"37.4750","0.4672","0.4062","0.4672"
"37.5000","0.4675","0.4063","0.4675"
"37.5250","0.4678","0.4082","0.4678"
"37.5500","0.4681","0.4109","0.4681"
"37.5750","0.4684","0.4108","0.4684"
"37.6000","0.4687","0.4121","0.4687"
"37.6250","0.4690","0.4130","0.4690"
"37.6500","0.4693","0.4147","0.4693"
"37.6750","0.4696","0.4137","0.4696"
"37.7000","0.4699","0.4124","0.4699"
"37.7250","0.4702","0.4142","0.4702"
"37.7500","0.4705","0.4142","0.4705"
"37.7750","0.4708","0.4160","0.4708"
"37.8000","0.4711","0.4180","0.4711"
"37.8250","0.4714","0.4215","0.4714"
"37.8500","0.4717","0.4244","0.4717"
"37.8750","0.4720","0.4256","0.4720"
"37.9000","0.4723","0.4294","0.4723"
"37.9250","0.4726","0.4345","0.4726"
"37.9500","0.4729","0.4395","0.4729"
"37.9750","0.4733","0.4415","0.4733"
"38.0000","0.4736","0.4438","0.4736"
"38.0250","0.4739","0.4484","0.4739"
"38.0500","0.4742","0.4511","0.4742"
"38.0750","0.4745","0.4559","0.4745"
"38.1000","0.4748","0.4569","0.4748"
"38.1250","0.4751","0.4603","0.4751"
"38.1500","0.4754","0.4650","0.4754"
"38.1750","0.4757","0.4695","0.4757"
"38.2000","0.4761","0.4731","0.4761"
"38.2250","0.4764","0.4769","0.4764"
"38.2500","0.4767","0.4784","0.4767"
"38.2750","0.4770","0.4801","0.4770"
"38.3000","0.4773","0.4821","0.4773"
"38.3250","0.4776","0.4856","0.4776"
"38.3500","0.4779","0.4873","0.4779"
"38.3750","0.4782","0.4901","0.4782"
"38.4000","0.4785","0.4951","0.4785"
"38.4250","0.4788","0.4991","0.4788"
"38.4500","0.4792","0.5023","0.4792"
"38.4750","0.4795","0.5058","0.4795"
"38.5000","0.4798","0.5096","0.4798"
"38.5250","0.4801","0.5110","0.4801"
"38.5500","0.4804","0.5119","0.4804"
"38.5750","0.4807","0.5155","0.4807"
"38.6000","0.4810","0.5183","0.4810"
"38.6250","0.4813","0.5201","0.4813"
"38.6500","0.4816","0.5214","0.4816"
"38.6750","0.4820","0.5250","0.4820"
"38.7000","0.4823","0.5308","0.4823"
"38.7250","0.4826","0.5372","0.4826"
"38.7500","0.4830","0.5415","0.4830"
"38.7750","0.4833","0.5451","0.4833"
"38.8000","0.4836","0.5437","0.4836"
"38.8250","0.4840","0.5418","0.4840"
"38.8500","0.4843","0.5381","0.4843"
"38.8750","0.4846","0.5316","0.4846"
"38.9000","0.4849","0.5283","0.4849"
"38.9250","0.4852","0.5280","0.4852"
"38.9500","0.4856","0.5285","0.4856"
"38.9750","0.4859","0.5295","0.4859"
"39.0000","0.4862","0.5319","0.4862"
"39.0250","0.4865","0.5329","0.4865"
"39.0500","0.4869","0.5334","0.4869"
"39.0750","0.4872","0.5376","0.4872"
"39.1000","0.4875","0.5389","0.4875"
"39.1250","0.4879","0.5381","0.4879"
"39.1500","0.4882","0.5355","0.4882"
"39.1750","0.4885","0.5357","0.4885"
"39.2000","0.4888","0.5350","0.4888"
"39.2250","0.4891","0.5356","0.4891"
"39.2500","0.4894","0.5353","0.4894"
"39.2750","0.4897","0.5356","0.4897"
"39.3000","0.4900","0.5353","0.4900"
"39.3250","0.4903","0.5344","0.4903"
"39.3500","0.4906","0.5346","0.4906"
"39.3750","0.4909","0.5357","0.4909"
"39.4000","0.4913","0.5349","0.4913"
"39.4250","0.4916","0.5313","0.4916"
"39.4500","0.4919","0.5235","0.4919"
"39.4750","0.4922","0.5194","0.4922"
"39.5000","0.4925","0.5218","0.4925"
"39.5250","0.4928","0.5221","0.4928"
"39.5500","0.4931","0.5252","0.4931"
"39.5750","0.4934","0.5271","0.4934"
"39.6000","0.4937","0.5275","0.4937"
"39.6250","0.4940","0.5285","0.4940"
"39.6500","0.4943","0.5305","0.4943"
"39.6750","0.4946","0.5311","0.4946"
"39.7000","0.4949","0.5323","0.4949"
"39.7250","0.4952","0.5344","0.4952"
"39.7500","0.4955","0.5387","0.4955"
"39.7750","0.4957","0.5391","0.4957"
"39.8000","0.4960","0.5423","0.4960"
"39.8250","0.4964","0.5477","0.4964"
"39.8500","0.4967","0.5529","0.4967"
"39.8750","0.4970","0.5591","0.4970"
"39.9000","0.4973","0.5649","0.4973"
"39.9250","0.4976","0.5696","0.4976"
"39.9500","0.4979","0.5740","0.4979"
"39.9750","0.4982","0.5800","0.4982"
"40.0000","0.4986","0.5848","0.4986"
"40.0250","0.4989","0.5903","0.4989"
"40.0500","0.4992","0.5914","0.4992"
"40.0750","0.4995","0.5939","0.4995"
"40.1000","0.4998","0.5967","0.4998"
"40.1250","0.5001","0.6008","0.5001"
"40.1500","0.5004","0.6036","0.5004"
"40.1750","0.5007","0.6011","0.5007"
"40.2000","0.5011","0.6001","0.5011"
"40.2250","0.5014","0.6017","0.5014"
"40.2500","0.5017","0.6051","0.5017"
"40.2750","0.5020","0.6078","0.5020"
"40.3000","0.5024","0.6104","0.5024"
"40.3250","0.5027","0.6086","0.5027"
"40.3500","0.5030","0.6066","0.5030"
"40.3750","0.5033","0.6071","0.5033"
"40.4000","0.5036","0.6083","0.5036"
"40.4250","0.5039","0.6084","0.5039"
"40.4500","0.5042","0.6071","0.5042"
"40.4750","0.5045","0.6079","0.5045"
"40.5000","0.5048","0.6099","0.5048"
"40.5250","0.5051","0.6116","0.5051"
"40.5500","0.5054","0.6165","0.5054"
"40.5750","0.5057","0.6208","0.5057"
"40.6000","0.5061","0.6222","0.5061"
"40.6250","0.5064","0.6207","0.5064"
"40.6500","0.5067","0.6163","0.5067"
"40.6750","0.5070","0.6148","0.5070"
"40.7000","0.5073","0.6161","0.5073"
"40.7250","0.5076","0.6174","0.5076"
"40.7500","0.5080","0.6194","0.5080"
"40.7750","0.5083","0.6215","0.5083"
"40.8000","0.5086","0.6216","0.5086"
"40.8250","0.5089","0.6230","0.5089"
"40.8500","0.5092","0.6246","0.5092"
"40.8750","0.5095","0.6262","0.5095"
"40.9000","0.5098","0.6301","0.5098"
"40.9250","0.5101","0.6314","0.5101"
"40.9500","0.5104","0.6333","0.5104"
"40.9750","0.5107","0.6342","0.5107"
"41.0000","0.5110","0.6347","0.5110"
"41.0250","0.5113","0.6386","0.5113"
"41.0500","0.5117","0.6421","0.5117"
"41.0750","0.5120","0.6463","0.5120"
"41.1000","0.5123","0.6487","0.5123"
"41.1250","0.5126","0.6498","0.5126"
"41.1500","0.5129","0.6525","0.5129"
"41.1750","0.5132","0.6563","0.5132"
"41.2000","0.5136","0.6579","0.5136"
"41.2250","0.5139","0.6591","0.5139"
"41.2500","0.5142","0.6628","0.5142"
"41.2750","0.5145","0.6646","0.5145"
"41.3000","0.5148","0.6659","0.5148"
"41.3250","0.5151","0.6653","0.5151"
"41.3500","0.5154","0.6667","0.5154"
"41.3750","0.5158","0.6706","0.5158"
"41.4000","0.5161","0.6741","0.5161"
"41.4250","0.5164","0.6763","0.5164"
"41.4500","0.5167","0.6797","0.5167"
"41.4750","0.5170","0.6837","0.5170"
"41.5000","0.5173","0.6885","0.5173"
"41.5250","0.5176","0.6919","0.5176"
"41.5500","0.5179","0.6965","0.5179"
"41.5750","0.5182","0.6996","0.5182"
"41.6000","0.5186","0.7007","0.5186"
"41.6250","0.5189","0.7050","0.5189"
"41.6500","0.5192","0.7114","0.5192"
"41.6750","0.5195","0.7179","0.5195"
"41.7000","0.5198","0.7219","0.5198"
"41.7250","0.5201","0.7263","0.5201"
"41.7500","0.5205","0.7323","0.5205"
"41.7750","0.5208","0.7376","0.5208"
"41.8000","0.5211","0.7417","0.5211"
"41.8250","0.5214","0.7466","0.5214"
"41.8500","0.5217","0.7507","0.5217"
"41.8750","0.5220","0.7566","0.5220"
"41.9000","0.5223","0.7622","0.5223"
"41.9250","0.5227","0.7691","0.5227"
"41.9500","0.5230","0.7760","0.5230"
"41.9750","0.5233","0.7828","0.5233"
"42.0000","0.5236","0.7904","0.5236"
"42.0250","0.5240","0.7972","0.5240"
"42.0500","0.5243","0.8042","0.5243"
"42.0750","0.5246","0.8085","0.5246"
"42.1000","0.5250","0.8131","0.5250"
"42.1250","0.5253","0.8213","0.5253"
"42.1500","0.5256","0.8286","0.5256"
"42.1750","0.5259","0.8311","0.5259"
"42.2000","0.5263","0.8326","0.5263"
"42.2250","0.5266","0.8355","0.5266"
"42.2500","0.5269","0.8359","0.5269"
"42.2750","0.5272","0.8299","0.5272"
"42.3000","0.5275","0.8286","0.5275"
"42.3250","0.5278","0.8300","0.5278"
"42.3500","0.5281","0.8331","0.5281"
"42.3750","0.5284","0.8401","0.5284"
"42.4000","0.5287","0.8476","0.5287"
"42.4250","0.5291","0.8534","0.5291"
"42.4500","0.5294","0.8613","0.5294"
"42.4750","0.5297","0.8668","0.5297"
"42.5000","0.5300","0.8714","0.5300"
"42.5250","0.5303","0.8767","0.5303"
"42.5500","0.5306","0.8814","0.5306"
"42.5750","0.5310","0.8862","0.5310"
"42.6000","0.5313","0.8907","0.5313"
"42.6250","0.5316","0.8922","0.5316"
"42.6500","0.5319","0.8967","0.5319"
"42.6750","0.5322","0.9033","0.5322"
"42.7000","0.5325","0.9123","0.5325"
"42.7250","0.5328","0.9200","0.5328"
"42.7500","0.5331","0.9253","0.5331"
"42.7750","0.5334","0.9316","0.5334"
"42.8000","0.5337","0.9396","0.5337"
"42.8250","0.5341","0.9475","0.5341"
"42.8500","0.5344","0.9563","0.5344"
"42.8750","0.5347","0.9663","0.5347"
"42.9000","0.5350","0.9767","0.5350"
"42.9250","0.5354","0.9816","0.5354"
"42.9500","0.5357","0.9826","0.5357"
"42.9750","0.5360","0.9853","0.5360"
"43.0000","0.5363","0.9907","0.5363"
"43.0250","0.5366","0.9997","0.5366"
"43.0500","0.5369","1.0056","0.5369"
"43.0750","0.5372","1.0091","0.5372"
"43.1000","0.5375","1.0163","0.5375"
"43.1250","0.5378","1.0251","0.5378"
"43.1500","0.5381","1.0335","0.5381"
"43.1750","0.5384","1.0425","0.5384"
"43.2000","0.5387","1.0502","0.5387"
"43.2250","0.5390","1.0597","0.5390"
"43.2500","0.5394","1.0678","0.5394"
"43.2750","0.5397","1.0746","0.5397"
"43.3000","0.5400","1.0822","0.5400"
"43.3250","0.5403","1.0917","0.5403"
"43.3500","0.5406","1.1014","0.5406"
"43.3750","0.5409","1.1089","0.5409"
"43.4000","0.5412","1.1136","0.5412"
"43.4250","0.5415","1.1194","0.5415"
"43.4500","0.5418","1.1243","0.5418"
"43.4750","0.5422","1.1297","0.5422"
"43.5000","0.5425","1.1344","0.5425"
"43.5250","0.5428","1.1404","0.5428"
"43.5500","0.5431","1.1499","0.5431"
"43.5750","0.5434","1.1586","0.5434"
"43.6000","0.5437","1.1624","0.5437"
"43.6250","0.5440","1.1690","0.5440"
"43.6500","0.5443","1.1774","0.5443"
"43.6750","0.5446","1.1873","0.5446"
"43.7000","0.5449","1.1971","0.5449"
"43.7250","0.5453","1.2078","0.5453"
"43.7500","0.5456","1.2169","0.5456"
"43.7750","0.5459","1.2254","0.5459"
"43.8000","0.5462","1.2366","0.5462"
"43.8250","0.5465","1.2478","0.5465"
"43.8500","0.5469","1.2601","0.5469"
"43.8750","0.5472","1.2695","0.5472"
"43.9000","0.5475","1.2781","0.5475"
"43.9250","0.5478","1.2836","0.5478"
"43.9500","0.5482","1.2834","0.5482"
"43.9750","0.5485","1.2884","0.5485"
"44.0000","0.5488","1.2986","0.5488"
"44.0250","0.5491","1.3109","0.5491"
"44.0500","0.5494","1.3224","0.5494"
"44.0750","0.5497","1.3323","0.5497"
"44.1000","0.5500","1.3395","0.5500"
"44.1250","0.5503","1.3462","0.5503"
"44.1500","0.5507","1.3566","0.5507"
"44.1750","0.5510","1.3680","0.5510"
"44.2000","0.5513","1.3806","0.5513"
"44.2250","0.5516","1.3907","0.5516"
"44.2500","0.5519","1.4012","0.5519"
"44.2750","0.5522","1.4097","0.5522"
"44.3000","0.5525","1.4204","0.5525"
"44.3250","0.5529","1.4335","0.5529"
"44.3500","0.5532","1.4433","0.5532"
"44.3750","0.5535","1.4526","0.5535"
"44.4000","0.5538","1.4612","0.5538"
"44.4250","0.5541","1.4731","0.5541"
"44.4500","0.5544","1.4829","0.5544"
"44.4750","0.5547","1.4927","0.5547"
"44.5000","0.5550","1.5019","0.5550"
"44.5250","0.5553","1.5080","0.5553"
"44.5500","0.5556","1.5141","0.5556"
"44.5750","0.5560","1.5241","0.5560"
"44.6000","0.5563","1.5327","0.5563"
"44.6250","0.5566","1.5418","0.5566"
"44.6500","0.5569","1.5517","0.5569"
"44.6750","0.5572","1.5636","0.5572"
"44.7000","0.5576","1.5746","0.5576"
"44.7250","0.5579","1.5835","0.5579"
"44.7500","0.5582","1.5925","0.5582"
"44.7750","0.5585","1.6023","0.5585"
"44.8000","0.5588","1.6103","0.5588"
"44.8250","0.5591","1.6151","0.5591"
"44.8500","0.5594","1.6179","0.5594"
"44.8750","0.5597","1.6194","0.5597"
"44.9000","0.5600","1.6272","0.5600"
"44.9250","0.5603","1.6349","0.5603"
"44.9500","0.5606","1.6436","0.5606"
"44.9750","0.5610","1.6542","0.5610"
"45.0000","0.5613","1.6653","0.5613"
"45.0250","0.5616","1.6804","0.5616"
"45.0500","0.5619","1.6890","0.5619"
"45.0750","0.5622","1.6969","0.5622"
"45.1000","0.5625","1.7061","0.5625"
"45.1250","0.5628","1.7079","0.5628"
"45.1500","0.5631","1.7087","0.5631"
"45.1750","0.5634","1.7129","0.5634"
"45.2000","0.5637","1.7171","0.5637"
"45.2250","0.5640","1.7243","0.5640"
"45.2500","0.5643","1.7307","0.5643"
"45.2750","0.5646","1.7409","0.5646"
"45.3000","0.5649","1.7495","0.5649"
"45.3250","0.5652","1.7591","0.5652"
"45.3500","0.5655","1.7688","0.5655"
"45.3750","0.5658","1.7759","0.5658"
"45.4000","0.5661","1.7811","0.5661"
"45.4250","0.5664","1.7878","0.5664"
"45.4500","0.5667","1.7951","0.5667"
"45.4750","0.5670","1.8023","0.5670"
"45.5000","0.5673","1.8146","0.5673"
"45.5250","0.5676","1.8293","0.5676"
"45.5500","0.5679","1.8416","0.5679"
"45.5750","0.5682","1.8549","0.5682"
"45.6000","0.5685","1.8651","0.5685"
"45.6250","0.5688","1.8756","0.5688"
"45.6500","0.5691","1.8874","0.5691"
"45.6750","0.5694","1.8998","0.5694"
"45.7000","0.5698","1.9105","0.5698"
"45.7250","0.5701","1.9194","0.5701"
"45.7500","0.5704","1.9306","0.5704"
"45.7750","0.5707","1.9413","0.5707"
"45.8000","0.5710","1.9518","0.5710"
"45.8250","0.5713","1.9568","0.5713"
"45.8500","0.5717","1.9659","0.5717"
"45.8750","0.5720","1.9770","0.5720"
"45.9000","0.5723","1.9844","0.5723"
"45.9250","0.5726","1.9898","0.5726"
"45.9500","0.5729","2.0008","0.5729"
"45.9750","0.5732","2.0107","0.5732"
"46.0000","0.5736","2.0185","0.5736"
"46.0250","0.5739","2.0267","0.5739"
"46.0500","0.5742","2.0351","0.5742"
"46.0750","0.5745","2.0470","0.5745"
"46.1000","0.5748","2.0568","0.5748"
"46.1250","0.5751","2.0709","0.5751"
"46.1500","0.5754","2.0831","0.5754"
"46.1750","0.5758","2.0921","0.5758"
"46.2000","0.5761","2.0969","0.5761"
"46.2250","0.5764","2.1018","0.5764"
"46.2500","0.5767","2.1112","0.5767"
"46.2750","0.5770","2.1201","0.5770"
"46.3000","0.5773","2.1287","0.5773"
"46.3250","0.5776","2.1403","0.5776"
"46.3500","0.5779","2.1479","0.5779"
"46.3750","0.5783","2.1561","0.5783"
"46.4000","0.5786","2.1655","0.5786"
"46.4250","0.5789","2.1751","0.5789"
"46.4500","0.5792","2.1861","0.5792"
"46.4750","0.5795","2.1965","0.5795"
"46.5000","0.5798","2.2069","0.5798"
"46.5250","0.5801","2.2191","0.5801"
"46.5500","0.5805","2.2271","0.5805"
"46.5750","0.5808","2.2345","0.5808"
"46.6000","0.5811","2.2433","0.5811"
"46.6250","0.5814","2.2527","0.5814"
"46.6500","0.5817","2.2602","0.5817"
"46.6750","0.5820","2.2695","0.5820"
"46.7000","0.5823","2.2803","0.5823"
"46.7250","0.5827","2.2918","0.5827"
"46.7500","0.5830","2.3018","0.5830"
"46.7750","0.5833","2.3129","0.5833"
"46.8000","0.5836","2.3247","0.5836"
"46.8250","0.5839","2.3372","0.5839"
"46.8500","0.5842","2.3509","0.5842"
"46.8750","0.5846","2.3649","0.5846"
"46.9000","0.5849","2.3775","0.5849"
"46.9250","0.5852","2.3904","0.5852"
"46.9500","0.5855","2.4039","0.5855"
"46.9750","0.5859","2.4192","0.5859"
"47.0000","0.5862","2.4387","0.5862"
"47.0250","0.5865","2.4580","0.5865"
"47.0500","0.5869","2.4734","0.5869"
"47.0750","0.5872","2.4874","0.5872"
"47.1000","0.5876","2.4946","0.5876"
"47.1250","0.5879","2.4964","0.5879"
"47.1500","0.5882","2.4965","0.5882"
"47.1750","0.5885","2.4964","0.5885"
"47.2000","0.5888","2.4990","0.5888"
"47.2250","0.5891","2.5035","0.5891"
"47.2500","0.5894","2.5108","0.5894"
"47.2750","0.5897","2.5214","0.5897"
"47.3000","0.5900","2.5317","0.5900"
"47.3250","0.5904","2.5415","0.5904"
"47.3500","0.5907","2.5532","0.5907"
"47.3750","0.5910","2.5648","0.5910"
"47.4000","0.5913","2.5735","0.5913"
"47.4250","0.5916","2.5812","0.5916"
"47.4500","0.5920","2.5876","0.5920"
"47.4750","0.5923","2.5955","0.5923"
"47.5000","0.5926","2.6004","0.5926"
"47.5250","0.5929","2.6005","0.5929"
"47.5500","0.5932","2.5996","0.5932"
"47.5750","0.5935","2.5979","0.5935"
"47.6000","0.5938","2.5986","0.5938"
"47.6250","0.5941","2.5995","0.5941"
"47.6500","0.5944","2.6001","0.5944"
"47.6750","0.5947","2.6012","0.5947"
"47.7000","0.5950","2.6013","0.5950"
"47.7250","0.5953","2.6061","0.5953"
"47.7500","0.5956","2.6128","0.5956"
"47.7750","0.5960","2.6207","0.5960"
"47.8000","0.5963","2.6308","0.5963"
"47.8250","0.5966","2.6365","0.5966"
"47.8500","0.5969","2.6406","0.5969"
"47.8750","0.5972","2.6443","0.5972"
"47.9000","0.5976","2.6490","0.5976"
"47.9250","0.5979","2.6567","0.5979"
"47.9500","0.5982","2.6635","0.5982"
"47.9750","0.5985","2.6679","0.5985"
"48.0000","0.5988","2.6741","0.5988"
"48.0250","0.5991","2.6832","0.5991"
"48.0500","0.5994","2.6920","0.5994"
"48.0750","0.5997","2.6970","0.5997"
"48.1000","0.6000","2.7063","0.6000"
"48.1250","0.6003","2.7148","0.6003"
"48.1500","0.6006","2.7220","0.6006"
"48.1750","0.6009","2.7275","0.6009"
"48.2000","0.6012","2.7374","0.6012"
"48.2250","0.6015","2.7439","0.6015"
"48.2500","0.6018","2.7508","0.6018"
"48.2750","0.6022","2.7610","0.6022"
"48.3000","0.6025","2.7727","0.6025"
"48.3250","0.6028","2.7817","0.6028"
"48.3500","0.6031","2.7882","0.6031"
"48.3750","0.6034","2.7969","0.6034"
"48.4000","0.6036","2.8054","0.6036"
"48.4250","0.6039","2.8159","0.6039"
"48.4500","0.6042","2.8238","0.6042"
"48.4750","0.6045","2.8348","0.6045"
"48.5000","0.6048","2.8491","0.6048"
"48.5250","0.6051","2.8657","0.6051"
"48.5500","0.6054","2.8814","0.6054"
"48.5750","0.6057","2.9010","0.6057"
"48.6000","0.6061","2.9238","0.6061"
"48.6250","0.6064","2.9393","0.6064"
"48.6500","0.6067","2.9498","0.6067"
"48.6750","0.6070","2.9596","0.6070"
"48.7000","0.6073","2.9659","0.6073"
"48.7250","0.6076","2.9722","0.6076"
"48.7500","0.6079","2.9815","0.6079"
"48.7750","0.6082","2.9905","0.6082"
"48.8000","0.6086","2.9982","0.6086"
"48.8250","0.6089","3.0086","0.6089"
"48.8500","0.6092","3.0174","0.6092"
"48.8750","0.6095","3.0249","0.6095"
"48.9000","0.6098","3.0348","0.6098"
"48.9250","0.6101","3.0416","0.6101"
"48.9500","0.6104","3.0433","0.6104"
"48.9750","0.6108","3.0492","0.6108"
"49.0000","0.6111","3.0543","0.6111"
"49.0250","0.6114","3.0612","0.6114"
"49.0500","0.6117","3.0674","0.6117"
"49.0750","0.6120","3.0734","0.6120"
"49.1000","0.6123","3.0829","0.6123"
"49.1250","0.6126","3.0942","0.6126"
"49.1500","0.6129","3.1032","0.6129"
"49.1750","0.6133","3.1089","0.6133"
"49.2000","0.6136","3.1156","0.6136"
"49.2250","0.6139","3.1212","0.6139"
"49.2500","0.6142","3.1149","0.6142"
"49.2750","0.6145","3.0985","0.6145"
"49.3000","0.6149","3.0959","0.6149"
"49.3250","0.6152","3.0989","0.6152"
"49.3500","0.6155","3.1025","0.6155"
"49.3750","0.6158","3.1079","0.6158"
"49.4000","0.6161","3.1129","0.6161"
"49.4250","0.6164","3.1185","0.6164"
"49.4500","0.6167","3.1239","0.6167"
"49.4750","0.6170","3.1288","0.6170"
"49.5000","0.6173","3.1312","0.6173"
"49.5250","0.6176","3.1346","0.6176"
"49.5500","0.6180","3.1427","0.6180"
"49.5750","0.6183","3.1483","0.6183"
"49.6000","0.6186","3.1553","0.6186"
"49.6250","0.6189","3.1629","0.6189"
"49.6500","0.6192","3.1682","0.6192"
"49.6750","0.6196","3.1748","0.6196"
"49.7000","0.6199","3.1796","0.6199"
"49.7250","0.6202","3.1824","0.6202"
"49.7500","0.6205","3.1839","0.6205"
"49.7750","0.6208","3.1838","0.6208"
"49.8000","0.6212","3.1832","0.6212"
"49.8250","0.6215","3.1849","0.6215"
"49.8500","0.6218","3.1860","0.6218"
"49.8750","0.6222","3.1840","0.6222"
"49.9000","0.6225","3.1813","0.6225"
"49.9250","0.6228","3.1773","0.6228"
"49.9500","0.6231","3.1745","0.6231"
"49.9750","0.6234","3.1713","0.6234"
"50.0000","0.6238","3.1697","0.6238"
"50.0250","0.6241","3.1619","0.6241"
"50.0500","0.6244","3.1500","0.6244"
"50.0750","0.6247","3.1407","0.6247"
"50.1000","0.6250","3.1248","0.6250"
"50.1250","0.6253","3.1109","0.6253"
"50.1500","0.6256","3.1034","0.6256"
"50.1750","0.6260","3.1018","0.6260"
"50.2000","0.6263","3.1034","0.6263"
"50.2250","0.6266","3.1030","0.6266"
"50.2500","0.6269","3.0982","0.6269"
"50.2750","0.6272","3.0932","0.6272"
"50.3000","0.6275","3.0886","0.6275"
"50.3250","0.6279","3.0813","0.6279"
"50.3500","0.6282","3.0763","0.6282"
"50.3750","0.6285","3.0725","0.6285"
"50.4000","0.6288","3.0642","0.6288"
"50.4250","0.6291","3.0572","0.6291"
"50.4500","0.6294","3.0516","0.6294"
"50.4750","0.6297","3.0465","0.6297"
"50.5000","0.6300","3.0436","0.6300"
"50.5250","0.6303","3.0349","0.6303"
"50.5500","0.6306","3.0243","0.6306"
"50.5750","0.6310","3.0215","0.6310"
"50.6000","0.6313","3.0203","0.6313"
"50.6250","0.6316","3.0187","0.6316"
"50.6500","0.6319","3.0194","0.6319"
"50.6750","0.6322","3.0207","0.6322"
"50.7000","0.6325","3.0188","0.6325"
"50.7250","0.6329","3.0192","0.6329"
"50.7500","0.6332","3.0197","0.6332"
"50.7750","0.6335","3.0175","0.6335"
"50.8000","0.6338","3.0143","0.6338"
"50.8250","0.6341","3.0138","0.6341"
"50.8500","0.6344","3.0099","0.6344"
"50.8750","0.6347","3.0070","0.6347"
"50.9000","0.6350","3.0071","0.6350"
"50.9250","0.6353","3.0092","0.6353"
"50.9500","0.6356","3.0111","0.6356"
"50.9750","0.6359","3.0140","0.6359"
"51.0000","0.6363","3.0123","0.6363"
"51.0250","0.6366","3.0091","0.6366"
"51.0500","0.6369","3.0093","0.6369"
"51.0750","0.6372","3.0127","0.6372"
"51.1000","0.6375","3.0183","0.6375"
"51.1250","0.6378","3.0209","0.6378"
"51.1500","0.6382","3.0228","0.6382"
"51.1750","0.6385","3.0214","0.6385"
"51.2000","0.6388","3.0170","0.6388"
"51.2250","0.6391","3.0103","0.6391"
"51.2500","0.6394","3.0063","0.6394"
"51.2750","0.6396","3.0005","0.6396"
"51.3000","0.6399","2.9913","0.6399"
"51.3250","0.6402","2.9848","0.6402"
"51.3500","0.6405","2.9819","0.6405"
"51.3750","0.6408","2.9775","0.6408"
"51.4000","0.6411","2.9749","0.6411"
"51.4250","0.6414","2.9773","0.6414"
"51.4500","0.6417","2.9843","0.6417"
"51.4750","0.6420","2.9951","0.6420"
"51.5000","0.6423","3.0068","0.6423"
"51.5250","0.6426","3.0209","0.6426"
"51.5500","0.6430","3.0354","0.6430"
"51.5750","0.6433","3.0484","0.6433"
"51.6000","0.6436","3.0597","0.6436"
"51.6250","0.6439","3.0669","0.6439"
"51.6500","0.6443","3.0742","0.6443"
"51.6750","0.6446","3.0804","0.6446"
"51.7000","0.6449","3.0823","0.6449"
"51.7250","0.6452","3.0850","0.6452"
"51.7500","0.6455","3.0873","0.6455"
"51.7750","0.6458","3.0902","0.6458"
"51.8000","0.6461","3.0958","0.6461"
"51.8250","0.6464","3.1052","0.6464"
"51.8500","0.6467","3.1074","0.6467"
"51.8750","0.6470","3.1054","0.6470"
"51.9000","0.6473","3.1128","0.6473"
"51.9250","0.6476","3.1242","0.6476"
"51.9500","0.6480","3.1344","0.6480"
"51.9750","0.6483","3.1469","0.6483"
"52.0000","0.6486","3.1595","0.6486"
"52.0250","0.6489","3.1676","0.6489"
"52.0500","0.6492","3.1752","0.6492"
"52.0750","0.6496","3.1853","0.6496"
"52.1000","0.6499","3.1959","0.6499"
"52.1250","0.6502","3.2067","0.6502"
"52.1500","0.6505","3.2202","0.6505"
"52.1750","0.6509","3.2358","0.6509"
"52.2000","0.6512","3.2533","0.6512"
"52.2250","0.6516","3.2685","0.6516"
"52.2500","0.6519","3.2832","0.6519"
"52.2750","0.6523","3.2988","0.6523"
"52.3000","0.6526","3.3112","0.6526"
"52.3250","0.6529","3.3174","0.6529"
"52.3500","0.6533","3.3202","0.6533"
"52.3750","0.6536","3.3203","0.6536"
"52.4000","0.6539","3.3195","0.6539"
"52.4250","0.6542","3.3166","0.6542"
"52.4500","0.6545","3.3152","0.6545"
"52.4750","0.6548","3.3166","0.6548"
"52.5000","0.6551","3.3196","0.6551"
"52.5250","0.6554","3.3252","0.6554"
"52.5500","0.6557","3.3291","0.6557"
"52.5750","0.6560","3.3348","0.6560"
"52.6000","0.6563","3.3423","0.6563"
"52.6250","0.6566","3.3520","0.6566"
"52.6500","0.6569","3.3632","0.6569"
"52.6750","0.6573","3.3753","0.6573"
"52.7000","0.6576","3.3891","0.6576"
"52.7250","0.6579","3.4032","0.6579"
"52.7500","0.6582","3.4188","0.6582"
"52.7750","0.6586","3.4317","0.6586"
"52.8000","0.6589","3.4448","0.6589"
"52.8250","0.6592","3.4536","0.6592"
"52.8500","0.6595","3.4583","0.6595"
"52.8750","0.6598","3.4630","0.6598"
"52.9000","0.6601","3.4729","0.6601"
"52.9250","0.6604","3.4828","0.6604"
"52.9500","0.6607","3.4894","0.6607"
"52.9750","0.6610","3.4940","0.6610"
"53.0000","0.6613","3.4980","0.6613"
"53.0250","0.6616","3.5064","0.6616"
"53.0500","0.6619","3.5169","0.6619"
"53.0750","0.6622","3.5328","0.6622"
"53.1000","0.6625","3.5472","0.6625"
"53.1250","0.6628","3.5561","0.6628"
"53.1500","0.6632","3.5681","0.6632"
"53.1750","0.6635","3.5787","0.6635"
"53.2000","0.6638","3.5892","0.6638"
"53.2250","0.6641","3.5998","0.6641"
"53.2500","0.6644","3.6106","0.6644"
"53.2750","0.6647","3.6215","0.6647"
"53.3000","0.6650","3.6276","0.6650"
"53.3250","0.6653","3.6379","0.6653"
"53.3500","0.6656","3.6465","0.6656"
"53.3750","0.6659","3.6557","0.6659"
"53.4000","0.6663","3.6676","0.6663"
"53.4250","0.6666","3.6797","0.6666"
"53.4500","0.6669","3.6897","0.6669"
"53.4750","0.6672","3.6996","0.6672"
"53.5000","0.6675","3.7106","0.6675"
"53.5250","0.6678","3.7206","0.6678"
"53.5500","0.6681","3.7331","0.6681"
"53.5750","0.6685","3.7420","0.6685"
"53.6000","0.6688","3.7492","0.6688"
"53.6250","0.6691","3.7580","0.6691"
"53.6500","0.6694","3.7701","0.6694"
"53.6750","0.6697","3.7755","0.6697"
"53.7000","0.6700","3.7798","0.6700"
"53.7250","0.6703","3.7847","0.6703"
"53.7500","0.6706","3.7900","0.6706"
"53.7750","0.6709","3.7935","0.6709"
"53.8000","0.6713","3.7857","0.6713"
"53.8250","0.6716","3.7893","0.6716"
"53.8500","0.6719","3.8020","0.6719"
"53.8750","0.6722","3.8106","0.6722"
"53.9000","0.6725","3.8150","0.6725"
"53.9250","0.6728","3.8234","0.6728"
"53.9500","0.6731","3.8298","0.6731"
"53.9750","0.6734","3.8384","0.6734"
"54.0000","0.6738","3.8457","0.6738"
"54.0250","0.6741","3.8536","0.6741"
"54.0500","0.6744","3.8650","0.6744"
"54.0750","0.6747","3.8735","0.6747"
"54.1000","0.6750","3.8807","0.6750"
"54.1250","0.6753","3.8872","0.6753"
"54.1500","0.6756","3.8947","0.6756"
"54.1750","0.6759","3.8993","0.6759"
"54.2000","0.6762","3.9012","0.6762"
"54.2250","0.6765","3.8994","0.6765"
"54.2500","0.6768","3.9006","0.6768"
"54.2750","0.6771","3.9044","0.6771"
"54.3000","0.6773","3.9098","0.6773"
"54.3250","0.6776","3.9148","0.6776"
"54.3500","0.6779","3.9243","0.6779"
"54.3750","0.6782","3.9391","0.6782"
"54.4000","0.6785","3.9585","0.6785"
"54.4250","0.6789","3.9775","0.6789"
"54.4500","0.6792","3.9972","0.6792"
"54.4750","0.6795","4.0175","0.6795"
"54.5000","0.6798","4.0316","0.6798"
"54.5250","0.6802","4.0448","0.6802"
"54.5500","0.6805","4.0580","0.6805"
"54.5750","0.6808","4.0718","0.6808"
"54.6000","0.6811","4.0863","0.6811"
"54.6250","0.6814","4.0997","0.6814"
"54.6500","0.6817","4.1103","0.6817"
"54.6750","0.6820","4.1171","0.6820"
"54.7000","0.6823","4.1234","0.6823"
"54.7250","0.6827","4.1301","0.6827"
"54.7500","0.6830","4.1348","0.6830"
"54.7750","0.6833","4.1452","0.6833"
"54.8000","0.6836","4.1577","0.6836"
"54.8250","0.6839","4.1684","0.6839"
"54.8500","0.6842","4.1799","0.6842"
"54.8750","0.6845","4.1921","0.6845"
"54.9000","0.6848","4.2060","0.6848"
"54.9250","0.6851","4.2199","0.6851"
"54.9500","0.6855","4.2357","0.6855"
"54.9750","0.6858","4.2545","0.6858"
"55.0000","0.6861","4.2700","0.6861"
"55.0250","0.6864","4.2851","0.6864"
"55.0500","0.6867","4.2999","0.6867"
"55.0750","0.6870","4.3106","0.6870"
"55.1000","0.6873","4.3183","0.6873"
"55.1250","0.6876","4.3301","0.6876"
"55.1500","0.6879","4.3460","0.6879"
"55.1750","0.6883","4.3610","0.6883"
"55.2000","0.6886","4.3791","0.6886"
"55.2250","0.6889","4.3976","0.6889"
"55.2500","0.6892","4.4152","0.6892"
"55.2750","0.6895","4.4330","0.6895"
"55.3000","0.6898","4.4473","0.6898"
"55.3250","0.6901","4.4636","0.6901"
"55.3500","0.6905","4.4811","0.6905"
"55.3750","0.6908","4.4953","0.6908"
"55.4000","0.6911","4.5048","0.6911"
"55.4250","0.6914","4.5108","0.6914"
"55.4500","0.6917","4.5171","0.6917"
"55.4750","0.6920","4.5313","0.6920"
"55.5000","0.6923","4.5465","0.6923"
"55.5250","0.6926","4.5625","0.6926"
"55.5500","0.6929","4.5800","0.6929"
"55.5750","0.6932","4.5965","0.6932"
"55.6000","0.6936","4.6131","0.6936"
"55.6250","0.6939","4.6279","0.6939"
"55.6500","0.6942","4.6417","0.6942"
"55.6750","0.6945","4.6558","0.6945"
"55.7000","0.6948","4.6631","0.6948"
"55.7250","0.6951","4.6712","0.6951"
"55.7500","0.6954","4.6832","0.6954"
"55.7750","0.6957","4.6958","0.6957"
"55.8000","0.6960","4.7085","0.6960"
"55.8250","0.6964","4.7207","0.6964"
"55.8500","0.6967","4.7342","0.6967"
"55.8750","0.6970","4.7447","0.6970"
"55.9000","0.6973","4.7551","0.6973"
"55.9250","0.6976","4.7665","0.6976"
"55.9500","0.6979","4.7755","0.6979"
"55.9750","0.6982","4.7866","0.6982"
"56.0000","0.6985","4.8011","0.6985"
"56.0250","0.6988","4.8153","0.6988"
"56.0500","0.6991","4.8277","0.6991"
"56.0750","0.6994","4.8417","0.6994"
"56.1000","0.6998","4.8573","0.6998"
"56.1250","0.7001","4.8690","0.7001"
"56.1500","0.7004","4.8783","0.7004"
"56.1750","0.7007","4.8862","0.7007"
"56.2000","0.7010","4.8961","0.7010"
"56.2250","0.7013","4.9015","0.7013"
"56.2500","0.7016","4.9090","0.7016"
"56.2750","0.7019","4.9168","0.7019"
"56.3000","0.7022","4.9264","0.7022"
"56.3250","0.7025","4.9360","0.7025"
"56.3500","0.7028","4.9448","0.7028"
"56.3750","0.7031","4.9542","0.7031"
"56.4000","0.7034","4.9634","0.7034"
"56.4250","0.7038","4.9621","0.7038"
"56.4500","0.7041","4.9568","0.7041"
"56.4750","0.7044","4.9376","0.7044"
"56.5000","0.7047","4.9347","0.7047"
"56.5250","0.7050","4.9432","0.7050"
"56.5500","0.7053","4.9578","0.7053"
"56.5750","0.7056","4.9784","0.7056"
"56.6000","0.7059","5.0024","0.7059"
"56.6250","0.7063","5.0287","0.7063"
"56.6500","0.7066","5.0497","0.7066"
"56.6750","0.7069","5.0718","0.7069"
"56.7000","0.7073","5.0982","0.7073"
"56.7250","0.7076","5.1248","0.7076"
"56.7500","0.7079","5.1483","0.7079"
"56.7750","0.7082","5.1723","0.7082"
"56.8000","0.7086","5.1933","0.7086"
"56.8250","0.7089","5.2097","0.7089"
"56.8500","0.7092","5.2219","0.7092"
"56.8750","0.7095","5.2386","0.7095"
"56.9000","0.7098","5.2556","0.7098"
"56.9250","0.7101","5.2739","0.7101"
"56.9500","0.7105","5.2938","0.7105"
"56.9750","0.7108","5.3193","0.7108"
"57.0000","0.7111","5.3409","0.7111"
"57.0250","0.7114","5.3610","0.7114"
"57.0500","0.7118","5.3883","0.7118"
"57.0750","0.7121","5.4167","0.7121"
"57.1000","0.7125","5.4453","0.7125"
"57.1250","0.7128","5.4733","0.7128"
"57.1500","0.7131","5.5011","0.7131"
"57.1750","0.7135","5.5276","0.7135"
"57.2000","0.7138","5.5475","0.7138"
"57.2250","0.7141","5.5648","0.7141"
"57.2500","0.7145","5.5772","0.7145"
"57.2750","0.7148","5.5887","0.7148"
"57.3000","0.7151","5.5982","0.7151"
"57.3250","0.7154","5.6076","0.7154"
"57.3500","0.7157","5.6173","0.7157"
"57.3750","0.7160","5.6318","0.7160"
"57.4000","0.7163","5.6514","0.7163"
"57.4250","0.7166","5.6710","0.7166"
"57.4500","0.7169","5.6917","0.7169"
"57.4750","0.7173","5.7133","0.7173"
"57.5000","0.7176","5.7382","0.7176"
"57.5250","0.7179","5.7627","0.7179"
"57.5500","0.7182","5.7863","0.7182"
"57.5750","0.7186","5.8088","0.7186"
"57.6000","0.7189","5.8310","0.7189"
"57.6250","0.7192","5.8535","0.7192"
"57.6500","0.7195","5.8760","0.7195"
"57.6750","0.7199","5.8972","0.7199"
"57.7000","0.7202","5.9163","0.7202"
"57.7250","0.7205","5.9342","0.7205"
"57.7500","0.7208","5.9505","0.7208"
"57.7750","0.7211","5.9669","0.7211"
"57.8000","0.7215","5.9868","0.7215"
"57.8250","0.7218","6.0065","0.7218"
"57.8500","0.7221","6.0213","0.7221"
"57.8750","0.7224","6.0304","0.7224"
"57.9000","0.7227","6.0353","0.7227"
"57.9250","0.7230","6.0377","0.7230"
"57.9500","0.7233","6.0407","0.7233"
"57.9750","0.7236","6.0445","0.7236"
"58.0000","0.7239","6.0535","0.7239"
"58.0250","0.7241","6.0647","0.7241"
"58.0500","0.7245","6.0782","0.7245"
"58.0750","0.7248","6.0944","0.7248"
"58.1000","0.7251","6.1152","0.7251"
"58.1250","0.7254","6.1363","0.7254"
"58.1500","0.7257","6.1566","0.7257"
"58.1750","0.7260","6.1731","0.7260"
"58.2000","0.7264","6.1905","0.7264"
"58.2250","0.7267","6.2059","0.7267"
"58.2500","0.7270","6.2140","0.7270"
"58.2750","0.7273","6.2175","0.7273"
"58.3000","0.7276","6.2221","0.7276"
"58.3250","0.7279","6.2246","0.7279"
"58.3500","0.7282","6.2265","0.7282"
"58.3750","0.7285","6.2289","0.7285"
"58.4000","0.7288","6.2350","0.7288"
"58.4250","0.7291","6.2451","0.7291"
"58.4500","0.7294","6.2601","0.7294"
"58.4750","0.7297","6.2771","0.7297"
"58.5000","0.7300","6.2952","0.7300"
"58.5250","0.7303","6.3079","0.7303"
"58.5500","0.7306","6.3189","0.7306"
"58.5750","0.7309","6.3296","0.7309"
"58.6000","0.7312","6.3415","0.7312"
"58.6250","0.7315","6.3541","0.7315"
"58.6500","0.7319","6.3646","0.7319"
"58.6750","0.7322","6.3708","0.7322"
"58.7000","0.7325","6.3761","0.7325"
"58.7250","0.7328","6.3862","0.7328"
"58.7500","0.7331","6.3952","0.7331"
"58.7750","0.7334","6.4025","0.7334"
"58.8000","0.7337","6.4121","0.7337"
"58.8250","0.7340","6.4250","0.7340"
"58.8500","0.7343","6.4356","0.7343"
"58.8750","0.7346","6.4413","0.7346"
"58.9000","0.7349","6.4494","0.7349"
"58.9250","0.7352","6.4568","0.7352"
"58.9500","0.7355","6.4674","0.7355"
"58.9750","0.7358","6.4830","0.7358"
"59.0000","0.7361","6.4985","0.7361"
"59.0250","0.7364","6.5138","0.7364"
"59.0500","0.7367","6.5338","0.7367"
"59.0750","0.7370","6.5514","0.7370"
"59.1000","0.7373","6.5686","0.7373"
"59.1250","0.7376","6.5783","0.7376"
"59.1500","0.7379","6.5851","0.7379"
"59.1750","0.7382","6.5944","0.7382"
"59.2000","0.7385","6.6083","0.7385"
"59.2250","0.7388","6.6243","0.7388"
"59.2500","0.7392","6.6393","0.7392"
"59.2750","0.7395","6.6521","0.7395"
"59.3000","0.7398","6.6664","0.7398"
"59.3250","0.7401","6.6852","0.7401"
"59.3500","0.7404","6.7038","0.7404"
"59.3750","0.7407","6.7228","0.7407"
"59.4000","0.7410","6.7374","0.7410"
"59.4250","0.7413","6.7541","0.7413"
"59.4500","0.7417","6.7691","0.7417"
"59.4750","0.7420","6.7895","0.7420"
"59.5000","0.7423","6.8118","0.7423"
"59.5250","0.7426","6.8274","0.7426"
"59.5500","0.7429","6.8430","0.7429"
"59.5750","0.7433","6.8602","0.7433"
"59.6000","0.7436","6.8742","0.7436"
"59.6250","0.7439","6.8887","0.7439"
"59.6500","0.7442","6.9052","0.7442"
"59.6750","0.7445","6.9214","0.7445"
"59.7000","0.7448","6.9370","0.7448"
"59.7250","0.7451","6.9502","0.7451"
"59.7500","0.7455","6.9623","0.7455"
"59.7750","0.7458","6.9753","0.7458"
"59.8000","0.7461","6.9878","0.7461"
"59.8250","0.7464","7.0013","0.7464"
"59.8500","0.7467","7.0176","0.7467"
"59.8750","0.7470","7.0335","0.7470"
"59.9000","0.7473","7.0483","0.7473"
"59.9250","0.7476","7.0642","0.7476"
"59.9500","0.7480","7.0769","0.7480"
"59.9750","0.7483","7.0875","0.7483"
"60.0000","0.7486","7.0985","0.7486"
"60.0250","0.7489","7.1082","0.7489"
"60.0500","0.7492","7.1194","0.7492"
"60.0750","0.7495","7.1373","0.7495"
"60.1000","0.7498","7.1585","0.7498"
"60.1250","0.7502","7.1795","0.7502"
"60.1500","0.7505","7.1967","0.7505"
"60.1750","0.7508","7.2150","0.7508"
"60.2000","0.7511","7.2319","0.7511"
"60.2250","0.7515","7.2471","0.7515"
"60.2500","0.7518","7.2629","0.7518"
"60.2750","0.7521","7.2748","0.7521"
"60.3000","0.7524","7.2884","0.7524"
"60.3250","0.7527","7.3005","0.7527"
"60.3500","0.7531","7.3124","0.7531"
"60.3750","0.7534","7.3214","0.7534"
"60.4000","0.7537","7.3234","0.7537"
"60.4250","0.7540","7.3006","0.7540"
"60.4500","0.7544","7.2986","0.7544"
"60.4750","0.7547","7.3101","0.7547"
"60.5000","0.7550","7.3234","0.7550"
"60.5250","0.7553","7.3332","0.7553"
"60.5500","0.7556","7.3357","0.7556"
"60.5750","0.7559","7.3382","0.7559"
"60.6000","0.7563","7.3425","0.7563"
"60.6250","0.7566","7.3432","0.7566"
"60.6500","0.7569","7.3488","0.7569"
"60.6750","0.7572","7.3603","0.7572"
"60.7000","0.7575","7.3727","0.7575"
"60.7250","0.7578","7.3853","0.7578"
"60.7500","0.7581","7.3922","0.7581"
"60.7750","0.7584","7.3984","0.7584"
"60.8000","0.7587","7.4084","0.7587"
"60.8250","0.7591","7.4203","0.7591"
"60.8500","0.7594","7.4353","0.7594"
"60.8750","0.7597","7.4453","0.7597"
"60.9000","0.7600","7.4560","0.7600"
"60.9250","0.7603","7.4721","0.7603"
"60.9500","0.7606","7.4868","0.7606"
"60.9750","0.7610","7.4944","0.7610"
"61.0000","0.7613","7.5033","0.7613"
"61.0250","0.7616","7.5133","0.7616"
"61.0500","0.7619","7.5188","0.7619"
"61.0750","0.7622","7.5213","0.7622"
"61.1000","0.7625","7.5268","0.7625"
"61.1250","0.7628","7.5303","0.7628"
"61.1500","0.7631","7.5346","0.7631"
"61.1750","0.7634","7.5390","0.7634"
"61.2000","0.7637","7.5460","0.7637"
"61.2250","0.7640","7.5502","0.7640"
"61.2500","0.7643","7.5577","0.7643"
"61.2750","0.7647","7.5653","0.7647"
"61.3000","0.7650","7.5686","0.7650"
"61.3250","0.7653","7.5704","0.7653"
"61.3500","0.7656","7.5731","0.7656"
"61.3750","0.7658","7.5734","0.7658"
"61.4000","0.7661","7.5731","0.7661"
"61.4250","0.7664","7.5717","0.7664"
"61.4500","0.7667","7.5711","0.7667"
"61.4750","0.7670","7.5752","0.7670"
"61.5000","0.7673","7.5808","0.7673"
"61.5250","0.7676","7.5908","0.7676"
"61.5500","0.7679","7.6049","0.7679"
"61.5750","0.7682","7.6161","0.7682"
"61.6000","0.7685","7.6268","0.7685"
"61.6250","0.7689","7.6418","0.7689"
"61.6500","0.7692","7.6544","0.7692"
"61.6750","0.7695","7.6631","0.7695"
"61.7000","0.7698","7.6714","0.7698"
"61.7250","0.7701","7.6756","0.7701"
"61.7500","0.7704","7.6752","0.7704"
"61.7750","0.7707","7.6739","0.7707"
"61.8000","0.7710","7.6772","0.7710"
"61.8250","0.7713","7.6844","0.7713"
"61.8500","0.7716","7.6916","0.7716"
"61.8750","0.7719","7.6981","0.7719"
"61.9000","0.7722","7.7045","0.7722"
"61.9250","0.7724","7.7069","0.7724"
"61.9500","0.7728","7.7157","0.7728"
"61.9750","0.7731","7.7267","0.7731"
"62.0000","0.7734","7.7402","0.7734"
"62.0250","0.7737","7.7548","0.7737"
"62.0500","0.7740","7.7760","0.7740"
"62.0750","0.7744","7.8014","0.7744"
"62.1000","0.7747","7.8178","0.7747"
"62.1250","0.7750","7.8290","0.7750"
"62.1500","0.7754","7.8425","0.7754"
"62.1750","0.7757","7.8542","0.7757"
"62.2000","0.7760","7.8688","0.7760"
"62.2250","0.7764","7.8772","0.7764"
"62.2500","0.7767","7.8771","0.7767"
"62.2750","0.7770","7.8688","0.7770"
"62.3000","0.7773","7.8585","0.7773"
"62.3250","0.7776","7.8482","0.7776"
"62.3500","0.7779","7.8376","0.7779"
"62.3750","0.7782","7.8316","0.7782"
"62.4000","0.7785","7.8340","0.7785"
"62.4250","0.7788","7.8438","0.7788"
"62.4500","0.7791","7.8552","0.7791"
"62.4750","0.7795","7.8604","0.7795"
"62.5000","0.7798","7.8672","0.7798"
"62.5250","0.7801","7.8755","0.7801"
"62.5500","0.7804","7.8806","0.7804"
"62.5750","0.7807","7.8855","0.7807"
"62.6000","0.7811","7.8842","0.7811"
"62.6250","0.7814","7.8792","0.7814"
"62.6500","0.7817","7.8768","0.7817"
"62.6750","0.7820","7.8759","0.7820"
"62.7000","0.7823","7.8787","0.7823"
"62.7250","0.7826","7.8812","0.7826"
"62.7500","0.7829","7.8884","0.7829"
"62.7750","0.7833","7.8952","0.7833"
"62.8000","0.7836","7.9012","0.7836"
"62.8250","0.7839","7.9065","0.7839"
"62.8500","0.7842","7.9094","0.7842"
"62.8750","0.7846","7.9093","0.7846"
"62.9000","0.7849","7.9141","0.7849"
"62.9250","0.7852","7.9193","0.7852"
"62.9500","0.7855","7.9213","0.7855"
"62.9750","0.7859","7.9268","0.7859"
"63.0000","0.7862","7.9354","0.7862"
"63.0250","0.7865","7.9452","0.7865"
"63.0500","0.7869","7.9558","0.7869"
"63.0750","0.7872","7.9690","0.7872"
"63.1000","0.7875","7.9832","0.7875"
"63.1250","0.7879","7.9829","0.7879"
"63.1500","0.7882","7.9772","0.7882"
"63.1750","0.7885","7.9710","0.7885"
"63.2000","0.7888","7.9580","0.7888"
"63.2250","0.7891","7.9414","0.7891"
"63.2500","0.7894","7.9272","0.7894"
"63.2750","0.7897","7.9199","0.7897"
"63.3000","0.7900","7.9228","0.7900"
"63.3250","0.7904","7.9289","0.7904"
"63.3500","0.7907","7.9387","0.7907"
"63.3750","0.7910","7.9466","0.7910"
"63.4000","0.7913","7.9548","0.7913"
"63.4250","0.7917","7.9642","0.7917"
"63.4500","0.7920","7.9701","0.7920"
"63.4750","0.7923","7.9703","0.7923"
"63.5000","0.7926","7.9664","0.7926"
"63.5250","0.7929","7.9560","0.7929"
"63.5500","0.7932","7.9457","0.7932"
"63.5750","0.7935","7.9404","0.7935"
"63.6000","0.7938","7.9340","0.7938"
"63.6250","0.7941","7.9213","0.7941"
"63.6500","0.7944","7.9079","0.7944"
"63.6750","0.7947","7.8998","0.7947"
"63.7000","0.7950","7.8997","0.7950"
"63.7250","0.7953","7.8987","0.7953"
"63.7500","0.7956","7.8983","0.7956"
"63.7750","0.7959","7.8964","0.7959"
"63.8000","0.7962","7.8948","0.7962"
"63.8250","0.7966","7.8925","0.7966"
"63.8500","0.7969","7.8821","0.7969"
"63.8750","0.7972","7.8734","0.7972"
"63.9000","0.7975","7.8651","0.7975"
"63.9250","0.7978","7.8563","0.7978"
"63.9500","0.7981","7.8473","0.7981"
"63.9750","0.7984","7.8374","0.7984"
"64.0000","0.7987","7.8259","0.7987"
"64.0250","0.7990","7.8144","0.7990"
"64.0500","0.7993","7.8038","0.7993"
"64.0750","0.7995","7.7927","0.7995"
"64.1000","0.7998","7.7821","0.7998"
"64.1250","0.8001","7.7734","0.8001"
"64.1500","0.8004","7.7715","0.8004"
"64.1750","0.8007","7.7741","0.8007"
"64.2000","0.8011","7.7794","0.8011"
"64.2250","0.8014","7.7889","0.8014"
"64.2500","0.8017","7.7970","0.8017"
"64.2750","0.8020","7.7994","0.8020"
"64.3000","0.8023","7.7991","0.8023"
"64.3250","0.8026","7.7953","0.8026"
"64.3500","0.8030","7.7955","0.8030"
"64.3750","0.8033","7.7901","0.8033"
"64.4000","0.8036","7.7841","0.8036"
"64.4250","0.8039","7.7780","0.8039"
"64.4500","0.8042","7.7751","0.8042"
"64.4750","0.8045","7.7724","0.8045"
"64.5000","0.8048","7.7679","0.8048"
"64.5250","0.8051","7.7664","0.8051"
"64.5500","0.8054","7.7690","0.8054"
"64.5750","0.8057","7.7725","0.8057"
"64.6000","0.8060","7.7786","0.8060"
"64.6250","0.8063","7.7864","0.8063"
"64.6500","0.8067","7.7948","0.8067"
"64.6750","0.8070","7.7993","0.8070"
"64.7000","0.8073","7.8020","0.8073"
"64.7250","0.8076","7.8026","0.8076"
"64.7500","0.8079","7.7991","0.8079"
"64.7750","0.8082","7.7962","0.8082"
"64.8000","0.8085","7.7895","0.8085"
"64.8250","0.8088","7.7903","0.8088"
"64.8500","0.8091","7.7997","0.8091"
"64.8750","0.8095","7.8049","0.8095"
"64.9000","0.8098","7.8020","0.8098"
"64.9250","0.8101","7.8001","0.8101"
"64.9500","0.8104","7.7997","0.8104"
"64.9750","0.8107","7.8001","0.8107"
"65.0000","0.8110","7.7968","0.8110"
"65.0250","0.8113","7.7964","0.8113"
"65.0500","0.8116","7.8070","0.8116"
"65.0750","0.8119","7.8233","0.8119"
"65.1000","0.8122","7.8431","0.8122"
"65.1250","0.8126","7.8673","0.8126"
"65.1500","0.8129","7.8886","0.8129"
"65.1750","0.8132","7.9036","0.8132"
"65.2000","0.8135","7.9111","0.8135"
"65.2250","0.8138","7.9165","0.8139"
"65.2500","0.8142","7.9202","0.8142"
"65.2750","0.8145","7.9231","0.8145"
"65.3000","0.8148","7.9266","0.8148"
"65.3250","0.8151","7.9333","0.8151"
"65.3500","0.8154","7.9404","0.8154"
"65.3750","0.8157","7.9469","0.8157"
"65.4000","0.8160","7.9547","0.8160"
"65.4250","0.8163","7.9653","0.8163"
"65.4500","0.8166","7.9786","0.8166"
"65.4750","0.8170","7.9908","0.8170"
"65.5000","0.8173","8.0009","0.8173"
"65.5250","0.8176","8.0132","0.8176"
"65.5500","0.8179","8.0261","0.8179"
"65.5750","0.8182","8.0428","0.8182"
"65.6000","0.8186","8.0556","0.8186"
"65.6250","0.8189","8.0658","0.8189"
"65.6500","0.8192","8.0730","0.8192"
"65.6750","0.8195","8.0790","0.8195"
"65.7000","0.8198","8.0878","0.8198"
"65.7250","0.8201","8.0999","0.8201"
"65.7500","0.8204","8.1128","0.8204"
"65.7750","0.8208","8.1287","0.8208"
"65.8000","0.8211","8.1419","0.8211"
"65.8250","0.8214","8.1506","0.8214"
"65.8500","0.8217","8.1617","0.8217"
"65.8750","0.8220","8.1723","0.8220"
"65.9000","0.8223","8.1852","0.8223"
"65.9250","0.8227","8.1993","0.8227"
"65.9500","0.8230","8.2132","0.8230"
"65.9750","0.8233","8.2231","0.8233"
"66.0000","0.8236","8.2313","0.8236"
"66.0250","0.8239","8.2402","0.8239"
"66.0500","0.8242","8.2531","0.8242"
"66.0750","0.8245","8.2684","0.8245"
"66.1000","0.8248","8.2830","0.8248"
"66.1250","0.8252","8.2992","0.8252"
"66.1500","0.8255","8.3167","0.8255"
"66.1750","0.8258","8.3336","0.8258"
"66.2000","0.8261","8.3521","0.8261"
"66.2250","0.8265","8.3737","0.8265"
"66.2500","0.8268","8.3946","0.8268"
"66.2750","0.8271","8.4158","0.8271"
"66.3000","0.8275","8.4354","0.8275"
"66.3250","0.8278","8.4579","0.8278"
"66.3500","0.8282","8.4784","0.8282"
"66.3750","0.8285","8.4874","0.8285"
"66.4000","0.8288","8.4927","0.8288"
"66.4250","0.8291","8.4947","0.8291"
"66.4500","0.8294","8.4967","0.8294"
"66.4750","0.8297","8.4979","0.8297"
"66.5000","0.8300","8.5022","0.8300"
"66.5250","0.8303","8.5064","0.8303"
"66.5500","0.8306","8.5155","0.8306"
"66.5750","0.8310","8.5285","0.8310"
"66.6000","0.8313","8.5431","0.8313"
"66.6250","0.8316","8.5566","0.8316"
"66.6500","0.8319","8.5718","0.8319"
"66.6750","0.8322","8.5857","0.8322"
"66.7000","0.8326","8.5995","0.8326"
"66.7250","0.8329","8.6115","0.8329"
"66.7500","0.8332","8.6234","0.8332"
"66.7750","0.8335","8.6361","0.8335"
"66.8000","0.8338","8.6404","0.8338"
"66.8250","0.8342","8.6432","0.8342"
"66.8500","0.8345","8.6463","0.8345"
"66.8750","0.8348","8.6494","0.8348"
"66.9000","0.8351","8.6530","0.8351"
"66.9250","0.8354","8.6588","0.8354"
"66.9500","0.8357","8.6622","0.8357"
"66.9750","0.8360","8.6680","0.8360"
"67.0000","0.8363","8.6733","0.8363"
"67.0250","0.8366","8.6790","0.8366"
"67.0500","0.8369","8.6889","0.8369"
"67.0750","0.8372","8.6995","0.8372"
"67.1000","0.8375","8.7088","0.8375"
"67.1250","0.8379","8.7185","0.8379"
"67.1500","0.8382","8.7268","0.8382"
"67.1750","0.8385","8.7360","0.8385"
"67.2000","0.8388","8.7454","0.8388"
"67.2250","0.8391","8.7503","0.8391"
"67.2500","0.8394","8.7506","0.8394"
"67.2750","0.8397","8.7444","0.8397"
"67.3000","0.8400","8.7379","0.8400"
"67.3250","0.8403","8.7279","0.8403"
"67.3500","0.8406","8.7169","0.8406"
"67.3750","0.8409","8.7085","0.8409"
"67.4000","0.8411","8.6992","0.8411"
"67.4250","0.8414","8.6807","0.8414"
"67.4500","0.8417","8.6665","0.8417"
"67.4750","0.8420","8.6604","0.8420"
"67.5000","0.8423","8.6665","0.8423"
"67.5250","0.8426","8.6813","0.8426"
"67.5500","0.8429","8.6990","0.8429"
"67.5750","0.8432","8.7186","0.8432"
"67.6000","0.8435","8.7373","0.8435"
"67.6250","0.8439","8.7541","0.8439"
"67.6500","0.8442","8.7633","0.8442"
"67.6750","0.8445","8.7644","0.8445"
"67.7000","0.8448","8.7642","0.8448"
"67.7250","0.8451","8.7612","0.8451"
"67.7500","0.8454","8.7548","0.8454"
"67.7750","0.8457","8.7406","0.8457"
"67.8000","0.8460","8.7265","0.8460"
"67.8250","0.8463","8.7160","0.8463"
"67.8500","0.8465","8.7065","0.8465"
"67.8750","0.8468","8.7005","0.8468"
"67.9000","0.8471","8.6986","0.8471"
"67.9250","0.8474","8.6981","0.8474"
"67.9500","0.8478","8.6954","0.8478"
"67.9750","0.8481","8.6928","0.8481"
"68.0000","0.8484","8.6925","0.8484"
"68.0250","0.8487","8.6970","0.8487"
"68.0500","0.8490","8.7034","0.8490"
"68.0750","0.8493","8.7077","0.8493"
"68.1000","0.8496","8.7083","0.8496"
"68.1250","0.8499","8.7105","0.8499"
"68.1500","0.8502","8.7163","0.8502"
"68.1750","0.8505","8.7206","0.8505"
"68.2000","0.8508","8.7261","0.8508"
"68.2250","0.8512","8.7369","0.8512"
"68.2500","0.8515","8.7439","0.8515"
"68.2750","0.8518","8.7499","0.8518"
"68.3000","0.8521","8.7535","0.8521"
"68.3250","0.8524","8.7647","0.8524"
"68.3500","0.8527","8.7777","0.8527"
"68.3750","0.8531","8.7909","0.8531"
"68.4000","0.8534","8.8049","0.8534"
"68.4250","0.8537","8.8166","0.8537"
"68.4500","0.8540","8.8262","0.8540"
"68.4750","0.8543","8.8385","0.8543"
"68.5000","0.8547","8.8509","0.8547"
"68.5250","0.8550","8.8577","0.8550"
"68.5500","0.8553","8.8650","0.8553"
"68.5750","0.8556","8.8778","0.8556"
"68.6000","0.8559","8.8887","0.8559"
"68.6250","0.8562","8.8975","0.8562"
"68.6500","0.8566","8.9103","0.8566"
"68.6750","0.8569","8.9213","0.8569"
"68.7000","0.8572","8.9347","0.8572"
"68.7250","0.8575","8.9533","0.8575"
"68.7500","0.8578","8.9671","0.8578"
"68.7750","0.8582","8.9767","0.8582"
"68.8000","0.8585","8.9870","0.8585"
"68.8250","0.8588","8.9966","0.8588"
"68.8500","0.8591","9.0041","0.8591"
"68.8750","0.8594","9.0103","0.8594"
"68.9000","0.8597","9.0179","0.8597"
"68.9250","0.8600","9.0260","0.8600"
"68.9500","0.8604","9.0368","0.8604"
"68.9750","0.8607","9.0492","0.8607"
"69.0000","0.8610","9.0585","0.8610"
"69.0250","0.8613","9.0701","0.8613"
"69.0500","0.8616","9.0859","0.8616"
"69.0750","0.8619","9.1024","0.8619"
"69.1000","0.8623","9.1211","0.8623"
"69.1250","0.8626","9.1432","0.8626"
"69.1500","0.8629","9.1640","0.8629"
"69.1750","0.8632","9.1869","0.8632"
"69.2000","0.8636","9.2065","0.8636"
"69.2250","0.8639","9.2175","0.8639"
"69.2500","0.8642","9.2305","0.8642"
"69.2750","0.8645","9.2394","0.8645"
"69.3000","0.8648","9.2494","0.8648"
"69.3250","0.8651","9.2544","0.8651"
"69.3500","0.8654","9.2574","0.8654"
"69.3750","0.8657","9.2689","0.8657"
"69.4000","0.8660","9.2804","0.8660"
"69.4250","0.8663","9.2926","0.8663"
"69.4500","0.8667","9.3073","0.8667"
"69.4750","0.8670","9.3241","0.8670"
"69.5000","0.8673","9.3442","0.8673"
"69.5250","0.8676","9.3630","0.8676"
"69.5500","0.8679","9.3810","0.8679"
"69.5750","0.8683","9.4000","0.8683"
"69.6000","0.8686","9.4216","0.8686"
"69.6250","0.8689","9.4406","0.8689"
"69.6500","0.8692","9.4580","0.8692"
"69.6750","0.8695","9.4712","0.8695"
"69.7000","0.8698","9.4848","0.8698"
"69.7250","0.8702","9.4987","0.8702"
"69.7500","0.8705","9.5178","0.8705"
"69.7750","0.8708","9.5394","0.8708"
"69.8000","0.8711","9.5576","0.8711"
"69.8250","0.8714","9.5772","0.8714"
"69.8500","0.8717","9.5925","0.8717"
"69.8750","0.8721","9.6074","0.8721"
"69.9000","0.8724","9.6234","0.8724"
"69.9250","0.8727","9.6397","0.8727"
"69.9500","0.8730","9.6524","0.8730"
"69.9750","0.8733","9.6687","0.8733"
"70.0000","0.8736","9.6847","0.8736"
"70.0250","0.8739","9.7009","0.8739"
"70.0500","0.8742","9.7153","0.8742"
"70.0750","0.8746","9.7245","0.8746"
"70.1000","0.8749","9.7341","0.8749"
"70.1250","0.8752","9.7466","0.8752"
"70.1500","0.8755","9.7613","0.8755"
"70.1750","0.8758","9.7773","0.8758"
"70.2000","0.8761","9.7990","0.8761"
"70.2250","0.8764","9.8220","0.8764"
"70.2500","0.8768","9.8479","0.8768"
"70.2750","0.8771","9.8747","0.8771"
"70.3000","0.8774","9.8996","0.8774"
"70.3250","0.8778","9.9303","0.8778"
"70.3500","0.8781","9.9665","0.8781"
"70.3750","0.8785","9.9963","0.8784"
"70.4000","0.8788","10.0261","0.8788"
"70.4250","0.8791","10.0486","0.8791"
"70.4500","0.8795","10.0572","0.8795"
"70.4750","0.8798","10.0549","0.8798"
"70.5000","0.8801","10.0535","0.8801"
"70.5250","0.8804","10.0516","0.8804"
"70.5500","0.8807","10.0480","0.8807"
"70.5750","0.8810","10.0479","0.8810"
"70.6000","0.8813","10.0555","0.8813"
"70.6250","0.8816","10.0656","0.8816"
"70.6500","0.8819","10.0794","0.8819"
"70.6750","0.8822","10.0973","0.8822"
"70.7000","0.8825","10.1158","0.8825"
"70.7250","0.8829","10.1354","0.8829"
"70.7500","0.8832","10.1533","0.8832"
"70.7750","0.8835","10.1647","0.8835"
"70.8000","0.8838","10.1739","0.8838"
"70.8250","0.8841","10.1878","0.8841"
"70.8500","0.8844","10.1995","0.8844"
"70.8750","0.8848","10.2062","0.8848"
"70.9000","0.8851","10.2146","0.8851"
"70.9250","0.8854","10.2173","0.8854"
"70.9500","0.8857","10.2260","0.8857"
"70.9750","0.8860","10.2416","0.8860"
"71.0000","0.8863","10.2565","0.8863"
"71.0250","0.8866","10.2662","0.8866"
"71.0500","0.8869","10.2797","0.8869"
"71.0750","0.8873","10.2932","0.8873"
"71.1000","0.8876","10.3012","0.8876"
"71.1250","0.8879","10.3112","0.8879"
"71.1500","0.8882","10.3189","0.8882"
"71.1750","0.8885","10.3340","0.8885"
"71.2000","0.8888","10.3533","0.8888"
"71.2250","0.8891","10.3702","0.8891"
"71.2500","0.8895","10.3846","0.8895"
"71.2750","0.8898","10.3921","0.8898"
"71.3000","0.8901","10.4024","0.8901"
"71.3250","0.8904","10.4186","0.8904"
"71.3500","0.8907","10.4243","0.8907"
"71.3750","0.8910","10.4334","0.8910"
"71.4000","0.8913","10.4415","0.8913"
"71.4250","0.8916","10.4527","0.8916"
"71.4500","0.8920","10.4646","0.8920"
"71.4750","0.8923","10.4783","0.8923"
"71.5000","0.8926","10.4931","0.8926"
"71.5250","0.8929","10.5057","0.8929"
"71.5500","0.8932","10.5190","0.8932"
"71.5750","0.8935","10.5374","0.8935"
"71.6000","0.8939","10.5588","0.8939"
"71.6250","0.8942","10.5809","0.8942"
"71.6500","0.8945","10.5986","0.8945"
"71.6750","0.8948","10.6147","0.8948"
"71.7000","0.8951","10.6254","0.8951"
"71.7250","0.8954","10.6292","0.8954"
"71.7500","0.8957","10.6333","0.8957"
"71.7750","0.8960","10.6350","0.8960"
"71.8000","0.8963","10.6364","0.8963"
"71.8250","0.8966","10.6387","0.8966"
"71.8500","0.8969","10.6459","0.8969"
"71.8750","0.8972","10.6589","0.8972"
"71.9000","0.8975","10.6711","0.8975"
"71.9250","0.8978","10.6866","0.8978"
"71.9500","0.8981","10.7065","0.8981"
"71.9750","0.8985","10.7286","0.8985"
"72.0000","0.8988","10.7492","0.8988"
"72.0250","0.8991","10.7629","0.8991"
"72.0500","0.8994","10.7757","0.8994"
"72.0750","0.8997","10.7824","0.8997"
"72.1000","0.9000","10.7877","0.9000"
"72.1250","0.9003","10.7935","0.9003"
"72.1500","0.9006","10.7980","0.9006"
"72.1750","0.9009","10.8057","0.9009"
"72.2000","0.9012","10.8193","0.9012"
"72.2250","0.9016","10.8351","0.9016"
"72.2500","0.9019","10.8579","0.9019"
"72.2750","0.9022","10.8844","0.9022"
"72.3000","0.9025","10.9080","0.9025"
"72.3250","0.9028","10.9128","0.9028"
"72.3500","0.9031","10.9069","0.9031"
"72.3750","0.9034","10.8966","0.9034"
"72.4000","0.9037","10.8885","0.9037"
"72.4250","0.9040","10.8843","0.9040"
"72.4500","0.9043","10.8794","0.9043"
"72.4750","0.9046","10.8774","0.9046"
"72.5000","0.9049","10.8745","0.9049"
"72.5250","0.9051","10.8758","0.9051"
"72.5500","0.9054","10.8800","0.9054"
"72.5750","0.9057","10.8987","0.9057"
"72.6000","0.9061","10.9362","0.9061"
"72.6250","0.9064","10.9790","0.9064"
"72.6500","0.9068","11.0157","0.9068"
"72.6750","0.9071","11.0412","0.9071"
"72.7000","0.9074","11.0582","0.9074"
"72.7250","0.9077","11.0695","0.9077"
"72.7500","0.9080","11.0783","0.9080"
"72.7750","0.9083","11.0848","0.9083"
"72.8000","0.9086","11.0867","0.9086"
"72.8250","0.9089","11.0890","0.9089"
"72.8500","0.9092","11.0913","0.9092"
"72.8750","0.9095","11.0912","0.9095"
"72.9000","0.9098","11.0991","0.9098"
"72.9250","0.9101","11.1130","0.9101"
"72.9500","0.9104","11.1298","0.9104"
"72.9750","0.9108","11.1507","0.9108"
"73.0000","0.9111","11.1714","0.9111"
"73.0250","0.9114","11.1925","0.9114"
"73.0500","0.9117","11.2132","0.9117"
"73.0750","0.9121","11.2299","0.9121"
"73.1000","0.9124","11.2455","0.9124"
"73.1250","0.9127","11.2563","0.9127"
"73.1500","0.9130","11.2689","0.9130"
"73.1750","0.9133","11.2787","0.9133"
"73.2000","0.9136","11.2919","0.9136"
"73.2250","0.9139","11.3091","0.9139"
"73.2500","0.9142","11.3256","0.9142"
"73.2750","0.9146","11.3390","0.9146"
"73.3000","0.9149","11.3495","0.9149"
"73.3250","0.9152","11.3568","0.9152"
"73.3500","0.9155","11.3628","0.9155"
"73.3750","0.9158","11.3711","0.9158"
"73.4000","0.9161","11.3834","0.9161"
"73.4250","0.9164","11.3942","0.9164"
"73.4500","0.9167","11.4093","0.9167"
"73.4750","0.9170","11.4247","0.9170"
"73.5000","0.9173","11.4343","0.9173"
"73.5250","0.9176","11.4443","0.9176"
"73.5500","0.9180","11.4599","0.9180"
"73.5750","0.9183","11.4728","0.9183"
"73.6000","0.9186","11.4843","0.9186"
"73.6250","0.9189","11.4926","0.9189"
"73.6500","0.9192","11.4993","0.9192"
"73.6750","0.9195","11.5061","0.9195"
"73.7000","0.9198","11.5190","0.9198"
"73.7250","0.9201","11.5333","0.9201"
"73.7500","0.9205","11.5495","0.9205"
"73.7750","0.9208","11.5611","0.9208"
"73.8000","0.9211","11.5724","0.9211"
"73.8250","0.9214","11.5845","0.9214"
"73.8500","0.9217","11.5996","0.9217"
"73.8750","0.9221","11.6215","0.9221"
"73.9000","0.9224","11.6369","0.9224"
"73.9250","0.9227","11.6545","0.9227"
"73.9500","0.9230","11.6693","0.9230"
"73.9750","0.9233","11.6838","0.9233"
"74.0000","0.9237","11.6975","0.9237"
"74.0250","0.9240","11.7071","0.9240"
"74.0500","0.9243","11.7190","0.9243"
"74.0750","0.9246","11.7332","0.9246"
"74.1000","0.9250","11.7479","0.9250"
"74.1250","0.9253","11.7622","0.9253"
"74.1500","0.9256","11.7810","0.9256"
"74.1750","0.9259","11.8004","0.9259"
"74.2000","0.9263","11.8198","0.9263"
"74.2250","0.9266","11.8369","0.9266"
"74.2500","0.9269","11.8500","0.9269"
"74.2750","0.9272","11.8600","0.9272"
"74.3000","0.9275","11.8655","0.9275"
"74.3250","0.9279","11.8685","0.9279"
"74.3500","0.9282","11.8735","0.9282"
"74.3750","0.9285","11.8804","0.9285"
"74.4000","0.9288","11.8883","0.9288"
"74.4250","0.9291","11.8972","0.9291"
"74.4500","0.9294","11.9081","0.9294"
"74.4750","0.9297","11.9199","0.9297"
"74.5000","0.9300","11.9327","0.9300"
"74.5250","0.9304","11.9522","0.9304"
"74.5500","0.9307","11.9652","0.9307"
"74.5750","0.9310","11.9755","0.9310"
"74.6000","0.9313","11.9883","0.9313"
"74.6250","0.9317","12.0006","0.9317"
"74.6500","0.9320","12.0077","0.9320"
"74.6750","0.9323","12.0042","0.9323"
"74.7000","0.9326","12.0038","0.9326"
"74.7250","0.9329","12.0090","0.9329"
"74.7500","0.9332","12.0145","0.9332"
"74.7750","0.9335","12.0216","0.9335"
"74.8000","0.9338","12.0250","0.9338"
"74.8250","0.9341","12.0278","0.9341"
"74.8500","0.9344","12.0340","0.9344"
"74.8750","0.9347","12.0439","0.9347"
"74.9000","0.9350","12.0607","0.9350"
"74.9250","0.9353","12.0751","0.9353"
"74.9500","0.9356","12.0870","0.9356"
"74.9750","0.9360","12.1026","0.9360"
"75.0000","0.9363","12.1234","0.9363"
"75.0250","0.9366","12.1384","0.9366"
"75.0500","0.9369","12.1503","0.9369"
"75.0750","0.9372","12.1573","0.9372"
"75.1000","0.9375","12.1588","0.9375"
"75.1250","0.9378","12.1624","0.9378"
"75.1500","0.9381","12.1664","0.9381"
"75.1750","0.9384","12.1754","0.9384"
"75.2000","0.9387","12.1898","0.9387"
"75.2250","0.9390","12.2037","0.9390"
"75.2500","0.9394","12.2138","0.9394"
"75.2750","0.9397","12.2256","0.9397"
"75.3000","0.9400","12.2360","0.9400"
"75.3250","0.9403","12.2441","0.9403"
"75.3500","0.9406","12.2408","0.9406"
"75.3750","0.9409","12.2450","0.9409"
"75.4000","0.9412","12.2545","0.9412"
"75.4250","0.9415","12.2631","0.9415"
"75.4500","0.9418","12.2744","0.9418"
"75.4750","0.9421","12.2781","0.9421"
"75.5000","0.9424","12.2818","0.9424"
"75.5250","0.9427","12.2875","0.9427"
"75.5500","0.9430","12.2891","0.9430"
"75.5750","0.9433","12.2862","0.9433"
"75.6000","0.9436","12.2858","0.9436"
"75.6250","0.9439","12.2979","0.9439"
"75.6500","0.9442","12.3101","0.9442"
"75.6750","0.9445","12.3277","0.9445"
"75.7000","0.9448","12.3596","0.9448"
"75.7250","0.9451","12.3896","0.9451"
"75.7500","0.9455","12.4143","0.9455"
"75.7750","0.9458","12.4363","0.9458"
"75.8000","0.9461","12.4577","0.9461"
"75.8250","0.9464","12.4807","0.9464"
"75.8500","0.9467","12.4936","0.9467"
"75.8750","0.9471","12.4990","0.9471"
"75.9000","0.9474","12.5047","0.9474"
"75.9250","0.9477","12.5121","0.9477"
"75.9500","0.9480","12.5259","0.9480"
"75.9750","0.9483","12.5483","0.9483"
"76.0000","0.9486","12.5661","0.9486"
"76.0250","0.9489","12.5842","0.9489"
"76.0500","0.9493","12.6069","0.9493"
"76.0750","0.9496","12.6321","0.9496"
"76.1000","0.9499","12.6645","0.9499"
"76.1250","0.9503","12.6962","0.9503"
"76.1500","0.9506","12.7272","0.9506"
"76.1750","0.9510","12.7550","0.9510"
"76.2000","0.9513","12.7750","0.9513"
"76.2250","0.9516","12.7792","0.9516"
"76.2500","0.9519","12.7784","0.9519"
"76.2750","0.9522","12.7785","0.9522"
"76.3000","0.9526","12.7743","0.9526"
"76.3250","0.9529","12.7679","0.9529"
"76.3500","0.9532","12.7691","0.9532"
"76.3750","0.9535","12.7741","0.9535"
"76.4000","0.9538","12.7817","0.9538"
"76.4250","0.9541","12.7936","0.9541"
"76.4500","0.9544","12.8096","0.9544"
"76.4750","0.9547","12.8280","0.9547"
"76.5000","0.9551","12.8434","0.9551"
"76.5250","0.9554","12.8561","0.9554"
"76.5500","0.9557","12.8645","0.9557"
"76.5750","0.9560","12.8685","0.9560"
"76.6000","0.9563","12.8743","0.9563"
"76.6250","0.9566","12.8803","0.9566"
"76.6500","0.9569","12.8873","0.9569"
"76.6750","0.9572","12.8932","0.9572"
"76.7000","0.9576","12.9014","0.9576"
"76.7250","0.9579","12.9145","0.9579"
"76.7500","0.9582","12.9291","0.9582"
"76.7750","0.9585","12.9510","0.9585"
"76.8000","0.9588","12.9780","0.9588"
"76.8250","0.9592","13.0056","0.9592"
"76.8500","0.9595","13.0300","0.9595"
"76.8750","0.9598","13.0523","0.9598"
"76.9000","0.9602","13.0721","0.9602"
"76.9250","0.9605","13.0881","0.9605"
"76.9500","0.9608","13.0987","0.9608"
"76.9750","0.9611","13.1076","0.9611"
"77.0000","0.9614","13.1060","0.9614"
"77.0250","0.9617","13.1009","0.9617"
"77.0500","0.9621","13.1005","0.9621"
"77.0750","0.9624","13.1065","0.9624"
"77.1000","0.9627","13.1216","0.9627"
"77.1250","0.9630","13.1400","0.9630"
"77.1500","0.9633","13.1640","0.9633"
"77.1750","0.9637","13.1869","0.9637"
"77.2000","0.9640","13.2107","0.9640"
"77.2250","0.9643","13.2229","0.9643"
"77.2500","0.9647","13.2290","0.9647"
"77.2750","0.9650","13.2266","0.9650"
"77.3000","0.9653","13.2247","0.9653"
"77.3250","0.9656","13.2222","0.9656"
"77.3500","0.9659","13.2187","0.9659"
"77.3750","0.9662","13.2146","0.9662"
"77.4000","0.9665","13.2046","0.9665"
"77.4250","0.9668","13.1889","0.9668"
"77.4500","0.9671","13.1707","0.9671"
"77.4750","0.9674","13.1593","0.9674"
"77.5000","0.9676","13.1585","0.9676"
"77.5250","0.9680","13.1684","0.9680"
"77.5500","0.9683","13.1912","0.9683"
"77.5750","0.9686","13.2214","0.9686"
"77.6000","0.9689","13.2545","0.9689"
"77.6250","0.9693","13.2864","0.9693"
"77.6500","0.9696","13.3170","0.9696"
"77.6750","0.9700","13.3453","0.9700"
"77.7000","0.9703","13.3616","0.9703"
"77.7250","0.9706","13.3648","0.9706"
"77.7500","0.9709","13.3564","0.9709"
"77.7750","0.9712","13.3399","0.9712"
"77.8000","0.9715","13.3219","0.9715"
"77.8250","0.9718","13.3064","0.9718"
"77.8500","0.9720","13.2961","0.9720"
"77.8750","0.9723","13.2895","0.9723"
"77.9000","0.9726","13.2881","0.9726"
"77.9250","0.9729","13.2911","0.9729"
"77.9500","0.9732","13.2960","0.9732"
"77.9750","0.9735","13.3011","0.9735"
"78.0000","0.9738","13.3025","0.9738"
"78.0250","0.9741","13.3093","0.9741"
"78.0500","0.9744","13.3187","0.9744"
"78.0750","0.9747","13.3281","0.9747"
"78.1000","0.9750","13.3402","0.9750"
"78.1250","0.9753","13.3552","0.9753"
"78.1500","0.9757","13.3723","0.9757"
"78.1750","0.9760","13.3899","0.9760"
"78.2000","0.9763","13.4001","0.9763"
"78.2250","0.9766","13.4084","0.9766"
"78.2500","0.9769","13.4193","0.9769"
"78.2750","0.9772","13.4317","0.9772"
"78.3000","0.9775","13.4457","0.9775"
"78.3250","0.9778","13.4609","0.9778"
"78.3500","0.9781","13.4782","0.9781"
"78.3750","0.9785","13.4799","0.9785"
"78.4000","0.9788","13.4840","0.9788"
"78.4250","0.9791","13.4978","0.9791"
"78.4500","0.9794","13.5128","0.9794"
"78.4750","0.9797","13.5242","0.9797"
"78.5000","0.9800","13.5303","0.9800"
"78.5250","0.9803","13.5350","0.9803"
"78.5500","0.9806","13.5406","0.9806"
"78.5750","0.9809","13.5520","0.9809"
"78.6000","0.9812","13.5701","0.9812"
"78.6250","0.9815","13.5862","0.9815"
"78.6500","0.9819","13.6014","0.9819"
"78.6750","0.9822","13.6182","0.9822"
"78.7000","0.9825","13.6353","0.9825"
"78.7250","0.9828","13.6449","0.9828"
"78.7500","0.9831","13.6623","0.9831"
"78.7750","0.9834","13.6848","0.9834"
"78.8000","0.9838","13.7055","0.9838"
"78.8250","0.9841","13.7164","0.9841"
"78.8500","0.9844","13.7224","0.9844"
"78.8750","0.9847","13.7260","0.9847"
"78.9000","0.9850","13.7318","0.9850"
"78.9250","0.9853","13.7334","0.9853"
"78.9500","0.9856","13.7309","0.9856"
"78.9750","0.9859","13.7332","0.9859"
"79.0000","0.9862","13.7319","0.9862"
"79.0250","0.9865","13.7362","0.9865"
"79.0500","0.9868","13.7423","0.9868"
"79.0750","0.9871","13.7540","0.9871"
"79.1000","0.9874","13.7610","0.9874"
"79.1250","0.9877","13.7646","0.9877"
"79.1500","0.9881","13.7677","0.9881"
"79.1750","0.9884","13.7718","0.9884"
"79.2000","0.9887","13.7793","0.9887"
"79.2250","0.9890","13.7852","0.9890"
"79.2500","0.9893","13.7908","0.9893"
"79.2750","0.9896","13.7938","0.9896"
"79.3000","0.9899","13.7963","0.9899"
"79.3250","0.9902","13.7980","0.9902"
"79.3500","0.9905","13.8000","0.9905"
"79.3750","0.9908","13.8026","0.9908"
"79.4000","0.9911","13.8112","0.9911"
"79.4250","0.9914","13.8298","0.9914"
"79.4500","0.9917","13.8547","0.9917"
"79.4750","0.9920","13.8750","0.9920"
"79.5000","0.9923","13.8895","0.9923"
"79.5250","0.9927","13.9026","0.9927"
"79.5500","0.9930","13.9176","0.9930"
"79.5750","0.9933","13.9279","0.9933"
"79.6000","0.9936","13.9354","0.9936"
"79.6250","0.9939","13.9466","0.9939"
"79.6500","0.9942","13.9602","0.9942"
"79.6750","0.9945","13.9700","0.9945"
"79.7000","0.9948","13.9794","0.9948"
"79.7250","0.9952","13.9931","0.9952"
"79.7500","0.9955","14.0067","0.9955"
"79.7750","0.9958","14.0201","0.9958"
"79.8000","0.9961","14.0324","0.9961"
"79.8250","0.9964","14.0435","0.9964"
"79.8500","0.9967","14.0531","0.9967"
"79.8750","0.9970","14.0637","0.9970"
"79.9000","0.9974","14.0728","0.9974"
"79.9250","0.9977","14.0775","0.9977"
"79.9500","0.9980","14.0753","0.9980"
"79.9750","0.9983","14.0788","0.9983"
"80.0000","0.9986","14.0867","0.9986"
"80.0250","0.9989","14.0902","0.9989"
"80.0500","0.9992","14.0936","0.9992"
"80.0750","0.9995","14.1001","0.9995"
"80.1000","0.9998","14.1110","0.9998"
"80.1250","1.0001","14.1222","1.0001"
"80.1500","1.0004","14.1280","1.0004"
"80.1750","1.0008","14.1329","1.0008"
"80.2000","1.0011","14.1397","1.0011"
"80.2250","1.0014","14.1486","1.0014"
"80.2500","1.0017","14.1608","1.0017"
"80.2750","1.0020","14.1774","1.0020"
"80.3000","1.0023","14.1917","1.0023"
"80.3250","1.0026","14.2003","1.0026"
"80.3500","1.0029","14.2032","1.0029"
"80.3750","1.0033","14.2054","1.0033"
"80.4000","1.0036","14.2100","1.0036"
"80.4250","1.0039","14.2196","1.0039"
"80.4500","1.0042","14.2330","1.0042"
"80.4750","1.0045","14.2412","1.0045"
"80.5000","1.0048","14.2486","1.0048"
"80.5250","1.0051","14.2576","1.0051"
"80.5500","1.0054","14.2686","1.0054"
"80.5750","1.0058","14.2799","1.0058"
"80.6000","1.0061","14.2936","1.0061"
"80.6250","1.0064","14.3015","1.0064"
"80.6500","1.0067","14.3041","1.0067"
"80.6750","1.0070","14.3032","1.0070"
"80.7000","1.0073","14.3086","1.0073"
"80.7250","1.0076","14.3203","1.0076"
"80.7500","1.0080","14.3348","1.0080"
"80.7750","1.0083","14.3513","1.0083"
"80.8000","1.0086","14.3717","1.0086"
"80.8250","1.0089","14.3915","1.0089"
"80.8500","1.0092","14.4037","1.0092"
"80.8750","1.0096","14.4147","1.0096"
"80.9000","1.0099","14.4244","1.0099"
"80.9250","1.0102","14.4383","1.0102"
"80.9500","1.0105","14.4508","1.0105"
"80.9750","1.0108","14.4656","1.0108"
"81.0000","1.0112","14.4773","1.0112"
"81.0250","1.0115","14.4895","1.0115"
"81.0500","1.0118","14.5073","1.0118"
"81.0750","1.0121","14.5280","1.0121"
"81.1000","1.0125","14.5528","1.0125"
"81.1250","1.0128","14.5795","1.0128"
"81.1500","1.0131","14.6074","1.0131"
"81.1750","1.0135","14.6228","1.0135"
"81.2000","1.0138","14.6201","1.0138"
"81.2250","1.0141","14.6088","1.0141"
"81.2500","1.0144","14.6006","1.0144"
"81.2750","1.0147","14.5936","1.0147"
"81.3000","1.0150","14.5924","1.0150"
"81.3250","1.0153","14.6001","1.0153"
"81.3500","1.0156","14.6147","1.0156"
"81.3750","1.0160","14.6277","1.0160"
"81.4000","1.0163","14.6348","1.0163"
"81.4250","1.0166","14.6410","1.0166"
"81.4500","1.0169","14.6468","1.0169"
"81.4750","1.0172","14.6567","1.0172"
"81.5000","1.0175","14.6679","1.0175"
"81.5250","1.0179","14.6825","1.0179"
"81.5500","1.0182","14.6921","1.0182"
"81.5750","1.0185","14.6993","1.0185"
"81.6000","1.0188","14.7083","1.0188"
"81.6250","1.0191","14.7186","1.0191"
"81.6500","1.0194","14.7281","1.0194"
"81.6750","1.0197","14.7351","1.0197"
"81.7000","1.0200","14.7429","1.0200"
"81.7250","1.0204","14.7398","1.0204"
"81.7500","1.0207","14.7476","1.0207"
"81.7750","1.0210","14.7642","1.0210"
"81.8000","1.0213","14.7766","1.0213"
"81.8250","1.0216","14.7911","1.0216"
"81.8500","1.0219","14.8073","1.0219"
"81.8750","1.0223","14.8221","1.0223"
"81.9000","1.0226","14.8391","1.0226"
"81.9250","1.0229","14.8532","1.0229"
"81.9500","1.0232","14.8707","1.0232"
"81.9750","1.0235","14.8893","1.0235"
"82.0000","1.0238","14.9035","1.0238"
"82.0250","1.0242","14.9143","1.0242"
"82.0500","1.0245","14.9225","1.0245"
"82.0750","1.0248","14.9319","1.0248"
"82.1000","1.0251","14.9395","1.0251"
"82.1250","1.0254","14.9490","1.0254"
"82.1500","1.0257","14.9660","1.0257"
"82.1750","1.0260","14.9862","1.0260"
"82.2000","1.0264","15.0033","1.0264"
"82.2250","1.0267","15.0222","1.0267"
"82.2500","1.0270","15.0413","1.0270"
"82.2750","1.0273","15.0630","1.0273"
"82.3000","1.0276","15.0764","1.0276"
"82.3250","1.0279","15.0868","1.0279"
"82.3500","1.0283","15.0987","1.0283"
"82.3750","1.0286","15.1098","1.0286"
"82.4000","1.0289","15.1228","1.0289"
"82.4250","1.0292","15.1390","1.0292"
"82.4500","1.0295","15.1561","1.0295"
"82.4750","1.0298","15.1744","1.0298"
"82.5000","1.0301","15.1883","1.0301"
"82.5250","1.0304","15.2061","1.0304"
"82.5500","1.0307","15.2170","1.0307"
"82.5750","1.0310","15.2226","1.0310"
"82.6000","1.0313","15.2335","1.0313"
"82.6250","1.0317","15.2531","1.0317"
"82.6500","1.0320","15.2788","1.0320"
"82.6750","1.0323","15.3073","1.0323"
"82.7000","1.0326","15.3330","1.0326"
"82.7250","1.0329","15.3598","1.0329"
"82.7500","1.0333","15.3794","1.0333"
"82.7750","1.0336","15.3936","1.0336"
"82.8000","1.0339","15.4023","1.0339"
"82.8250","1.0342","15.4075","1.0342"
"82.8500","1.0345","15.4126","1.0345"
"82.8750","1.0348","15.4148","1.0348"
"82.9000","1.0351","15.4157","1.0351"
"82.9250","1.0354","15.4139","1.0354"
"82.9500","1.0357","15.4125","1.0357"
"82.9750","1.0360","15.4168","1.0360"
"83.0000","1.0363","15.4309","1.0363"
"83.0250","1.0366","15.4540","1.0366"
"83.0500","1.0369","15.4768","1.0369"
"83.0750","1.0372","15.4968","1.0372"
"83.1000","1.0375","15.5155","1.0375"
"83.1250","1.0378","15.5367","1.0378"
"83.1500","1.0381","15.5513","1.0381"
"83.1750","1.0384","15.5630","1.0384"
"83.2000","1.0388","15.5802","1.0388"
"83.2250","1.0391","15.5964","1.0391"
"83.2500","1.0394","15.6163","1.0394"
"83.2750","1.0397","15.6397","1.0397"
"83.3000","1.0400","15.6653","1.0400"
"83.3250","1.0403","15.6879","1.0403"
"83.3500","1.0406","15.7070","1.0406"
"83.3750","1.0409","15.7296","1.0409"
"83.4000","1.0412","15.7554","1.0412"
"83.4250","1.0416","15.7764","1.0416"
"83.4500","1.0419","15.7934","1.0419"
"83.4750","1.0422","15.8098","1.0422"
"83.5000","1.0425","15.8225","1.0425"
"83.5250","1.0428","15.8308","1.0428"
"83.5500","1.0431","15.8373","1.0431"
"83.5750","1.0434","15.8416","1.0434"
"83.6000","1.0437","15.8445","1.0437"
"83.6250","1.0439","15.8456","1.0439"
"83.6500","1.0442","15.8490","1.0442"
"83.6750","1.0445","15.8531","1.0445"
"83.7000","1.0448","15.8606","1.0448"
"83.7250","1.0451","15.8815","1.0451"
"83.7500","1.0454","15.9136","1.0454"
"83.7750","1.0457","15.9543","1.0457"
"83.8000","1.0460","15.9989","1.0460"
"83.8250","1.0464","16.0432","1.0464"
"83.8500","1.0467","16.0902","1.0467"
"83.8750","1.0470","16.1316","1.0470"
"83.9000","1.0473","16.1647","1.0473"
"83.9250","1.0477","16.1889","1.0477"
"83.9500","1.0480","16.2057","1.0480"
"83.9750","1.0483","16.2155","1.0483"
"84.0000","1.0486","16.2287","1.0486"
"84.0250","1.0489","16.2483","1.0489"
"84.0500","1.0492","16.2640","1.0492"
"84.0750","1.0495","16.2802","1.0495"
"84.1000","1.0498","16.3057","1.0498"
"84.1250","1.0502","16.3360","1.0502"
"84.1500","1.0505","16.3634","1.0505"
"84.1750","1.0508","16.3829","1.0508"
"84.2000","1.0511","16.3988","1.0511"
"84.2250","1.0514","16.4230","1.0514"
"84.2500","1.0518","16.4472","1.0518"
"84.2750","1.0521","16.4691","1.0521"
"84.3000","1.0524","16.4903","1.0524"
"84.3250","1.0527","16.5149","1.0527"
"84.3500","1.0531","16.5408","1.0531"
"84.3750","1.0534","16.5663","1.0534"
"84.4000","1.0537","16.5912","1.0537"
"84.4250","1.0540","16.6147","1.0540"
"84.4500","1.0544","16.6384","1.0544"
"84.4750","1.0547","16.6640","1.0547"
"84.5000","1.0550","16.6860","1.0550"
"84.5250","1.0553","16.6994","1.0553"
"84.5500","1.0556","16.7042","1.0556"
"84.5750","1.0559","16.7071","1.0559"
"84.6000","1.0563","16.7041","1.0563"
"84.6250","1.0566","16.7050","1.0566"
"84.6500","1.0569","16.7153","1.0569"
"84.6750","1.0572","16.7356","1.0572"
"84.7000","1.0575","16.7574","1.0575"
"84.7250","1.0578","16.7878","1.0578"
"84.7500","1.0582","16.8197","1.0582"
"84.7750","1.0585","16.8413","1.0585"
"84.8000","1.0588","16.8545","1.0588"
"84.8250","1.0591","16.8681","1.0591"
"84.8500","1.0594","16.8832","1.0594"
"84.8750","1.0597","16.8928","1.0597"
"84.9000","1.0601","16.9065","1.0601"
"84.9250","1.0604","16.9163","1.0604"
"84.9500","1.0607","16.9251","1.0607"
"84.9750","1.0610","16.9395","1.0610"
"85.0000","1.0613","16.9567","1.0613"
"85.0250","1.0616","16.9723","1.0616"
"85.0500","1.0619","16.9828","1.0619"
"85.0750","1.0622","16.9969","1.0622"
"85.1000","1.0625","17.0163","1.0625"
"85.1250","1.0628","17.0348","1.0628"
"85.1500","1.0632","17.0560","1.0632"
"85.1750","1.0635","17.0749","1.0635"
"85.2000","1.0638","17.0879","1.0638"
"85.2250","1.0641","17.1027","1.0641"
"85.2500","1.0644","17.1235","1.0644"
"85.2750","1.0647","17.1476","1.0647"
"85.3000","1.0650","17.1694","1.0650"
"85.3250","1.0653","17.1872","1.0653"
"85.3500","1.0656","17.2032","1.0656"
"85.3750","1.0660","17.2217","1.0660"
"85.4000","1.0663","17.2425","1.0663"
"85.4250","1.0666","17.2634","1.0666"
"85.4500","1.0669","17.2875","1.0669"
"85.4750","1.0672","17.3072","1.0672"
"85.5000","1.0675","17.3236","1.0675"
"85.5250","1.0678","17.3384","1.0678"
"85.5500","1.0682","17.3532","1.0682"
"85.5750","1.0685","17.3707","1.0685"
"85.6000","1.0688","17.3887","1.0688"
"85.6250","1.0691","17.4095","1.0691"
"85.6500","1.0694","17.4325","1.0694"
"85.6750","1.0697","17.4519","1.0697"
"85.7000","1.0700","17.4699","1.0700"
"85.7250","1.0703","17.4872","1.0703"
"85.7500","1.0707","17.5023","1.0707"
"85.7750","1.0710","17.5173","1.0710"
"85.8000","1.0713","17.5308","1.0713"
"85.8250","1.0716","17.5453","1.0716"
"85.8500","1.0719","17.5643","1.0719"
"85.8750","1.0722","17.5812","1.0722"
"85.9000","1.0725","17.5982","1.0725"
"85.9250","1.0728","17.6152","1.0728"
"85.9500","1.0731","17.6226","1.0731"
"85.9750","1.0735","17.6305","1.0735"
"86.0000","1.0738","17.6427","1.0738"
"86.0250","1.0741","17.6592","1.0741"
"86.0500","1.0744","17.6784","1.0744"
"86.0750","1.0747","17.7050","1.0747"
"86.1000","1.0750","17.7359","1.0750"
"86.1250","1.0753","17.7724","1.0753"
"86.1500","1.0757","17.8027","1.0757"
"86.1750","1.0760","17.8233","1.0760"
"86.2000","1.0763","17.8342","1.0763"
"86.2250","1.0766","17.8473","1.0766"
"86.2500","1.0769","17.8622","1.0769"
"86.2750","1.0772","17.8821","1.0772"
"86.3000","1.0775","17.9030","1.0775"
"86.3250","1.0778","17.9247","1.0778"
"86.3500","1.0781","17.9461","1.0781"
"86.3750","1.0784","17.9639","1.0784"
"86.4000","1.0787","17.9854","1.0787"
"86.4250","1.0791","18.0054","1.0791"
"86.4500","1.0794","18.0281","1.0794"
"86.4750","1.0797","18.0570","1.0797"
"86.5000","1.0800","18.0864","1.0800"
"86.5250","1.0803","18.1077","1.0803"
"86.5500","1.0806","18.1213","1.0806"
"86.5750","1.0809","18.1348","1.0809"
"86.6000","1.0812","18.1532","1.0812"
"86.6250","1.0815","18.1750","1.0815"
"86.6500","1.0819","18.1930","1.0819"
"86.6750","1.0822","18.2137","1.0822"
"86.7000","1.0825","18.2353","1.0825"
"86.7250","1.0828","18.2396","1.0828"
"86.7500","1.0831","18.2387","1.0831"
"86.7750","1.0834","18.2349","1.0834"
"86.8000","1.0837","18.2344","1.0837"
"86.8250","1.0840","18.2401","1.0840"
"86.8500","1.0843","18.2460","1.0843"
"86.8750","1.0846","18.2487","1.0846"
"86.9000","1.0849","18.2457","1.0849"
"86.9250","1.0851","18.2454","1.0851"
"86.9500","1.0854","18.2514","1.0854"
"86.9750","1.0857","18.2596","1.0857"
"87.0000","1.0860","18.2715","1.0860"
"87.0250","1.0863","18.2850","1.0863"
"87.0500","1.0867","18.3034","1.0867"
"87.0750","1.0870","18.3196","1.0870"
"87.1000","1.0873","18.3335","1.0873"
"87.1250","1.0876","18.3498","1.0876"
"87.1500","1.0879","18.3625","1.0879"
"87.1750","1.0882","18.3674","1.0882"
"87.2000","1.0885","18.3710","1.0885"
"87.2250","1.0888","18.3805","1.0888"
"87.2500","1.0891","18.4003","1.0891"
"87.2750","1.0894","18.4296","1.0894"
"87.3000","1.0897","18.4593","1.0897"
"87.3250","1.0901","18.4901","1.0901"
"87.3500","1.0904","18.5258","1.0904"
"87.3750","1.0907","18.5503","1.0907"
"87.4000","1.0911","18.5686","1.0911"
"87.4250","1.0914","18.5814","1.0914"
"87.4500","1.0917","18.5894","1.0917"
"87.4750","1.0920","18.5833","1.0920"
"87.5000","1.0923","18.5729","1.0923"
"87.5250","1.0926","18.5730","1.0926"
"87.5500","1.0929","18.5790","1.0929"
"87.5750","1.0932","18.5829","1.0932"
"87.6000","1.0936","18.5852","1.0936"
"87.6250","1.0939","18.5924","1.0939"
"87.6500","1.0942","18.5980","1.0942"
"87.6750","1.0945","18.5977","1.0945"
"87.7000","1.0948","18.6015","1.0948"
"87.7250","1.0951","18.6089","1.0951"
"87.7500","1.0954","18.6219","1.0954"
"87.7750","1.0958","18.6316","1.0958"
"87.8000","1.0961","18.6372","1.0961"
"87.8250","1.0964","18.6464","1.0964"
"87.8500","1.0967","18.6551","1.0967"
"87.8750","1.0970","18.6561","1.0970"
"87.9000","1.0973","18.6523","1.0973"
"87.9250","1.0976","18.6510","1.0976"
"87.9500","1.0979","18.6503","1.0979"
"87.9750","1.0983","18.6553","1.0983"
"88.0000","1.0986","18.6652","1.0986"
"88.0250","1.0989","18.6791","1.0989"
"88.0500","1.0992","18.6923","1.0992"
"88.0750","1.0995","18.7063","1.0995"
"88.1000","1.0998","18.7238","1.0998"
"88.1250","1.1002","18.7367","1.1002"
"88.1500","1.1005","18.7361","1.1005"
"88.1750","1.1008","18.7338","1.1008"
"88.2000","1.1011","18.7338","1.1011"
"88.2250","1.1014","18.7278","1.1014"
"88.2500","1.1017","18.7228","1.1017"
"88.2750","1.1020","18.7230","1.1020"
"88.3000","1.1023","18.7269","1.1023"
"88.3250","1.1026","18.7343","1.1026"
"88.3500","1.1029","18.7429","1.1029"
"88.3750","1.1032","18.7502","1.1032"
"88.4000","1.1035","18.7611","1.1035"
"88.4250","1.1038","18.7685","1.1038"
"88.4500","1.1042","18.7763","1.1042"
"88.4750","1.1045","18.7823","1.1045"
"88.5000","1.1048","18.7864","1.1048"
"88.5250","1.1051","18.7865","1.1051"
"88.5500","1.1054","18.7832","1.1054"
"88.5750","1.1057","18.7767","1.1057"
"88.6000","1.1060","18.7636","1.1060"
"88.6250","1.1063","18.7520","1.1063"
"88.6500","1.1066","18.7528","1.1066"
"88.6750","1.1069","18.7601","1.1069"
"88.7000","1.1072","18.7630","1.1072"
"88.7250","1.1075","18.7612","1.1075"
"88.7500","1.1078","18.7634","1.1078"
"88.7750","1.1081","18.7659","1.1081"
"88.8000","1.1084","18.7656","1.1084"
"88.8250","1.1087","18.7676","1.1087"
"88.8500","1.1090","18.7759","1.1090"
"88.8750","1.1093","18.7804","1.1093"
"88.9000","1.1096","18.7898","1.1096"
"88.9250","1.1100","18.8067","1.1100"
"88.9500","1.1103","18.8260","1.1103"
"88.9750","1.1106","18.8451","1.1106"
"89.0000","1.1109","18.8706","1.1109"
"89.0250","1.1112","18.8921","1.1112"
"89.0500","1.1115","18.9095","1.1115"
"89.0750","1.1119","18.9208","1.1119"
"89.1000","1.1122","18.9293","1.1122"
"89.1250","1.1125","18.9314","1.1125"
"89.1500","1.1128","18.9364","1.1128"
"89.1750","1.1131","18.9468","1.1131"
"89.2000","1.1134","18.9634","1.1134"
"89.2250","1.1138","18.9855","1.1138"
"89.2500","1.1141","19.0108","1.1141"
"89.2750","1.1144","19.0350","1.1144"
"89.3000","1.1147","19.0508","1.1147"
"89.3250","1.1150","19.0549","1.1150"
"89.3500","1.1154","19.0583","1.1154"
"89.3750","1.1157","19.0590","1.1157"
"89.4000","1.1160","19.0523","1.1160"
"89.4250","1.1163","19.0391","1.1163"
"89.4500","1.1166","19.0393","1.1166"
"89.4750","1.1169","19.0430","1.1169"
"89.5000","1.1172","19.0395","1.1172"
"89.5250","1.1175","19.0332","1.1175"
"89.5500","1.1178","19.0305","1.1178"
"89.5750","1.1181","19.0365","1.1181"
"89.6000","1.1184","19.0504","1.1184"
"89.6250","1.1187","19.0653","1.1187"
"89.6500","1.1191","19.0851","1.1191"
"89.6750","1.1194","19.1009","1.1194"
"89.7000","1.1197","19.1112","1.1197"
"89.7250","1.1200","19.1133","1.1200"
"89.7500","1.1203","19.1091","1.1203"
"89.7750","1.1206","19.1114","1.1206"
"89.8000","1.1210","19.1184","1.1210"
"89.8250","1.1213","19.1194","1.1213"
"89.8500","1.1216","19.1262","1.1216"
"89.8750","1.1219","19.1428","1.1219"
"89.9000","1.1222","19.1542","1.1222"
"89.9250","1.1225","19.1571","1.1225"
"89.9500","1.1229","19.1663","1.1229"
"89.9750","1.1232","19.1822","1.1232"
"90.0000","1.1235","19.2016","1.1235"
"90.0250","1.1238","19.2165","1.1238"
"90.0500","1.1242","19.2310","1.1242"
"90.0750","1.1245","19.2574","1.1245"
"90.1000","1.1248","19.2801","1.1248"
"90.1250","1.1251","19.2932","1.1251"
"90.1500","1.1255","19.2957","1.1255"
"90.1750","1.1258","19.2877","1.1258"
"90.2000","1.1261","19.2818","1.1261"
"90.2250","1.1264","19.2818","1.1264"
"90.2500","1.1267","19.2781","1.1267"
"90.2750","1.1270","19.2779","1.1270"
"90.3000","1.1273","19.2791","1.1273"
"90.3250","1.1277","19.2793","1.1277"
"90.3500","1.1280","19.2724","1.1280"
"90.3750","1.1283","19.2654","1.1283"
"90.4000","1.1286","19.2733","1.1286"
"90.4250","1.1289","19.2813","1.1289"
"90.4500","1.1292","19.2854","1.1292"
"90.4750","1.1296","19.2937","1.1296"
"90.5000","1.1299","19.3020","1.1299"
"90.5250","1.1302","19.3094","1.1302"
"90.5500","1.1305","19.3171","1.1305"
"90.5750","1.1308","19.3188","1.1308"
"90.6000","1.1311","19.3216","1.1311"
"90.6250","1.1315","19.3244","1.1315"
"90.6500","1.1318","19.3345","1.1318"
"90.6750","1.1321","19.3428","1.1321"
"90.7000","1.1324","19.3539","1.1324"
"90.7250","1.1328","19.3686","1.1328"
"90.7500","1.1331","19.3807","1.1331"
"90.7750","1.1334","19.3991","1.1334"
"90.8000","1.1338","19.4140","1.1338"
"90.8250","1.1341","19.4146","1.1341"
"90.8500","1.1344","19.4104","1.1344"
"90.8750","1.1347","19.3988","1.1347"
"90.9000","1.1350","19.3838","1.1350"
"90.9250","1.1353","19.3731","1.1353"
"90.9500","1.1356","19.3684","1.1356"
"90.9750","1.1359","19.3559","1.1359"
"91.0000","1.1362","19.3425","1.1362"
"91.0250","1.1365","19.3335","1.1365"
"91.0500","1.1369","19.3342","1.1369"
"91.0750","1.1372","19.3437","1.1372"
"91.1000","1.1375","19.3546","1.1375"
"91.1250","1.1378","19.3693","1.1378"
"91.1500","1.1381","19.3823","1.1381"
"91.1750","1.1384","19.3920","1.1384"
"91.2000","1.1388","19.3945","1.1388"
"91.2250","1.1391","19.3879","1.1391"
"91.2500","1.1394","19.3847","1.1394"
"91.2750","1.1397","19.3882","1.1397"
"91.3000","1.1400","19.3862","1.1400"
"91.3250","1.1403","19.3848","1.1403"
"91.3500","1.1406","19.3802","1.1406"
"91.3750","1.1409","19.3786","1.1409"
"91.4000","1.1412","19.3851","1.1412"
"91.4250","1.1416","19.3880","1.1416"
"91.4500","1.1419","19.3879","1.1419"
"91.4750","1.1422","19.3920","1.1422"
"91.5000","1.1425","19.3981","1.1425"
"91.5250","1.1428","19.4032","1.1428"
"91.5500","1.1431","19.4059","1.1431"
"91.5750","1.1434","19.4121","1.1434"
"91.6000","1.1437","19.4133","1.1437"
"91.6250","1.1441","19.4090","1.1441"
"91.6500","1.1444","19.4057","1.1444"
"91.6750","1.1447","19.3992","1.1447"
"91.7000","1.1449","19.3872","1.1449"
"91.7250","1.1452","19.3754","1.1452"
"91.7500","1.1455","19.3658","1.1455"
"91.7750","1.1458","19.3605","1.1458"
"91.8000","1.1461","19.3551","1.1461"
"91.8250","1.1464","19.3471","1.1464"
"91.8500","1.1467","19.3461","1.1467"
"91.8750","1.1470","19.3573","1.1470"
"91.9000","1.1473","19.3800","1.1473"
"91.9250","1.1476","19.4252","1.1476"
"91.9500","1.1479","19.4721","1.1479"
"91.9750","1.1483","19.5136","1.1483"
"92.0000","1.1486","19.5385","1.1486"
"92.0250","1.1489","19.5474","1.1489"
"92.0500","1.1492","19.5549","1.1492"
"92.0750","1.1495","19.5641","1.1495"
"92.1000","1.1498","19.5660","1.1498"
"92.1250","1.1501","19.5749","1.1501"
"92.1500","1.1504","19.5957","1.1504"
"92.1750","1.1508","19.6267","1.1508"
"92.2000","1.1511","19.6423","1.1511"
"92.2250","1.1514","19.6505","1.1514"
"92.2500","1.1517","19.6671","1.1517"
"92.2750","1.1520","19.6889","1.1520"
"92.3000","1.1523","19.7101","1.1523"
"92.3250","1.1526","19.7207","1.1526"
"92.3500","1.1529","19.7391","1.1529"
"92.3750","1.1533","19.7578","1.1533"
"92.4000","1.1536","19.7741","1.1536"
"92.4250","1.1539","19.7972","1.1539"
"92.4500","1.1542","19.8196","1.1542"
"92.4750","1.1545","19.8331","1.1545"
"92.5000","1.1548","19.8361","1.1548"
"92.5250","1.1551","19.8411","1.1551"
"92.5500","1.1554","19.8555","1.1554"
"92.5750","1.1557","19.8637","1.1557"
"92.6000","1.1561","19.8733","1.1561"
"92.6250","1.1564","19.8862","1.1564"
"92.6500","1.1567","19.8946","1.1567"
"92.6750","1.1570","19.9122","1.1570"
"92.7000","1.1573","19.9307","1.1573"
"92.7250","1.1576","19.9501","1.1576"
"92.7500","1.1579","19.9622","1.1579"
"92.7750","1.1583","19.9722","1.1583"
"92.8000","1.1586","19.9873","1.1586"
"92.8250","1.1589","20.0029","1.1589"
"92.8500","1.1592","20.0236","1.1592"
"92.8750","1.1595","20.0397","1.1595"
"92.9000","1.1598","20.0519","1.1598"
"92.9250","1.1601","20.0671","1.1601"
"92.9500","1.1605","20.0856","1.1605"
"92.9750","1.1608","20.1104","1.1608"
"93.0000","1.1611","20.1298","1.1611"
"93.0250","1.1614","20.1492","1.1614"
"93.0500","1.1617","20.1710","1.1617"
"93.0750","1.1620","20.1944","1.1620"
"93.1000","1.1624","20.2276","1.1624"
"93.1250","1.1627","20.2627","1.1627"
"93.1500","1.1630","20.2993","1.1630"
"93.1750","1.1634","20.3414","1.1634"
"93.2000","1.1637","20.3910","1.1637"
"93.2250","1.1640","20.4475","1.1640"
"93.2500","1.1644","20.5108","1.1644"
"93.2750","1.1647","20.5752","1.1647"
"93.3000","1.1651","20.6250","1.1651"
"93.3250","1.1654","20.6601","1.1654"
"93.3500","1.1657","20.6819","1.1657"
"93.3750","1.1661","20.6951","1.1661"
"93.4000","1.1664","20.6966","1.1664"
"93.4250","1.1667","20.6928","1.1667"
"93.4500","1.1670","20.6902","1.1670"
"93.4750","1.1673","20.6862","1.1673"
"93.5000","1.1676","20.6874","1.1676"
"93.5250","1.1679","20.7058","1.1679"
"93.5500","1.1682","20.7285","1.1682"
"93.5750","1.1685","20.7549","1.1685"
"93.6000","1.1688","20.7829","1.1688"
"93.6250","1.1692","20.8233","1.1692"
"93.6500","1.1695","20.8577","1.1695"
"93.6750","1.1698","20.8825","1.1698"
"93.7000","1.1701","20.8980","1.1701"
"93.7250","1.1704","20.9074","1.1704"
"93.7500","1.1707","20.9088","1.1707"
"93.7750","1.1710","20.9062","1.1710"
"93.8000","1.1713","20.9060","1.1713"
"93.8250","1.1716","20.9142","1.1716"
"93.8500","1.1719","20.9377","1.1719"
"93.8750","1.1723","20.9737","1.1723"
"93.9000","1.1726","21.0191","1.1726"
"93.9250","1.1729","21.0664","1.1729"
"93.9500","1.1733","21.1104","1.1733"
"93.9750","1.1736","21.1555","1.1736"
"94.0000","1.1739","21.1806","1.1739"
"94.0250","1.1742","21.1852","1.1742"
"94.0500","1.1745","21.1865","1.1745"
"94.0750","1.1748","21.1876","1.1748"
"94.1000","1.1751","21.1825","1.1751"
"94.1250","1.1754","21.1663","1.1754"
"94.1500","1.1757","21.1520","1.1757"
"94.1750","1.1760","21.1471","1.1760"
"94.2000","1.1763","21.1493","1.1763"
"94.2250","1.1766","21.1576","1.1766"
"94.2500","1.1769","21.1634","1.1769"
"94.2750","1.1772","21.1706","1.1772"
"94.3000","1.1775","21.1781","1.1775"
"94.3250","1.1778","21.1954","1.1778"
"94.3500","1.1781","21.2191","1.1781"
"94.3750","1.1785","21.2459","1.1785"
"94.4000","1.1788","21.2675","1.1788"
"94.4250","1.1791","21.2891","1.1791"
"94.4500","1.1794","21.3084","1.1794"
"94.4750","1.1797","21.3323","1.1797"
"94.5000","1.1800","21.3520","1.1800"
"94.5250","1.1803","21.3724","1.1803"
"94.5500","1.1807","21.3895","1.1807"
"94.5750","1.1810","21.4069","1.1810"
"94.6000","1.1813","21.4233","1.1813"
"94.6250","1.1816","21.4359","1.1816"
"94.6500","1.1819","21.4458","1.1819"
"94.6750","1.1822","21.4580","1.1822"
"94.7000","1.1825","21.4681","1.1825"
"94.7250","1.1828","21.4773","1.1828"
"94.7500","1.1831","21.4862","1.1831"
"94.7750","1.1834","21.5033","1.1834"
"94.8000","1.1837","21.5168","1.1837"
"94.8250","1.1840","21.5222","1.1840"
"94.8500","1.1843","21.5407","1.1843"
"94.8750","1.1847","21.5701","1.1847"
"94.9000","1.1850","21.5976","1.1850"
"94.9250","1.1853","21.6090","1.1853"
"94.9500","1.1856","21.6047","1.1856"
"94.9750","1.1858","21.5830","1.1858"
"95.0000","1.1861","21.5521","1.1861"
"95.0250","1.1864","21.5225","1.1864"
"95.0500","1.1867","21.5052","1.1867"
"95.0750","1.1870","21.5069","1.1870"
"95.1000","1.1872","21.5228","1.1872"
"95.1250","1.1876","21.5511","1.1876"
"95.1500","1.1879","21.5904","1.1879"
"95.1750","1.1882","21.6362","1.1882"
"95.2000","1.1885","21.6831","1.1885"
"95.2250","1.1888","21.7281","1.1888"
"95.2500","1.1892","21.7642","1.1892"
"95.2750","1.1895","21.7909","1.1895"
"95.3000","1.1898","21.8156","1.1898"
"95.3250","1.1901","21.8334","1.1901"
"95.3500","1.1904","21.8453","1.1904"
"95.3750","1.1907","21.8638","1.1907"
"95.4000","1.1910","21.8847","1.1910"
"95.4250","1.1913","21.9097","1.1913"
"95.4500","1.1917","21.9379","1.1917"
"95.4750","1.1920","21.9622","1.1920"
"95.5000","1.1923","21.9873","1.1923"
"95.5250","1.1926","22.0034","1.1926"
"95.5500","1.1929","22.0123","1.1929"
"95.5750","1.1932","22.0207","1.1932"
"95.6000","1.1935","22.0332","1.1935"
"95.6250","1.1939","22.0538","1.1939"
"95.6500","1.1942","22.0825","1.1942"
"95.6750","1.1945","22.1194","1.1945"
"95.7000","1.1948","22.1549","1.1948"
"95.7250","1.1952","22.1865","1.1952"
"95.7500","1.1955","22.2088","1.1955"
"95.7750","1.1958","22.2265","1.1958"
"95.8000","1.1961","22.2348","1.1961"
"95.8250","1.1964","22.2486","1.1964"
"95.8500","1.1967","22.2668","1.1967"
"95.8750","1.1970","22.2856","1.1970"
"95.9000","1.1973","22.3099","1.1973"
"95.9250","1.1977","22.3309","1.1977"
"95.9500","1.1980","22.3517","1.1980"
"95.9750","1.1983","22.3755","1.1983"
"96.0000","1.1986","22.4041","1.1986"
"96.0250","1.1989","22.4299","1.1989"
"96.0500","1.1993","22.4621","1.1993"
"96.0750","1.1996","22.4888","1.1996"
"96.1000","1.1999","22.5151","1.1999"
"96.1250","1.2003","22.5527","1.2003"
"96.1500","1.2006","22.5966","1.2006"
"96.1750","1.2009","22.6346","1.2009"
"96.2000","1.2013","22.6749","1.2013"
"96.2250","1.2016","22.7047","1.2016"
"96.2500","1.2019","22.7223","1.2019"
"96.2750","1.2022","22.7234","1.2022"
"96.3000","1.2025","22.7098","1.2025"
"96.3250","1.2028","22.6951","1.2028"
"96.3500","1.2031","22.6918","1.2031"
"96.3750","1.2034","22.6968","1.2034"
"96.4000","1.2038","22.7071","1.2038"
"96.4250","1.2041","22.7270","1.2041"
"96.4500","1.2044","22.7458","1.2044"
"96.4750","1.2047","22.7646","1.2047"
"96.5000","1.2050","22.7818","1.2050"
"96.5250","1.2053","22.7966","1.2053"
"96.5500","1.2057","22.8096","1.2057"
"96.5750","1.2060","22.8260","1.2060"
"96.6000","1.2063","22.8416","1.2063"
"96.6250","1.2066","22.8513","1.2066"
"96.6500","1.2069","22.8645","1.2069"
"96.6750","1.2072","22.8720","1.2072"
"96.7000","1.2075","22.8811","1.2075"
"96.7250","1.2078","22.8962","1.2078"
"96.7500","1.2081","22.9119","1.2081"
"96.7750","1.2085","22.9250","1.2085"
"96.8000","1.2088","22.9306","1.2088"
"96.8250","1.2091","22.9377","1.2091"
"96.8500","1.2094","22.9452","1.2094"
"96.8750","1.2097","22.9515","1.2097"
"96.9000","1.2100","22.9638","1.2100"
"96.9250","1.2103","22.9772","1.2103"
"96.9500","1.2106","22.9873","1.2106"
"96.9750","1.2110","22.9982","1.2110"
"97.0000","1.2113","23.0093","1.2113"
"97.0250","1.2116","23.0194","1.2116"
"97.0500","1.2119","23.0322","1.2119"
"97.0750","1.2122","23.0478","1.2122"
"97.1000","1.2125","23.0632","1.2125"
"97.1250","1.2128","23.0753","1.2128"
"97.1500","1.2131","23.0813","1.2131"
"97.1750","1.2134","23.0820","1.2134"
"97.2000","1.2138","23.0845","1.2138"
"97.2250","1.2141","23.1004","1.2141"
"97.2500","1.2144","23.1189","1.2144"
"97.2750","1.2147","23.1367","1.2147"
"97.3000","1.2150","23.1453","1.2150"
"97.3250","1.2153","23.1477","1.2153"
"97.3500","1.2156","23.1567","1.2156"
"97.3750","1.2159","23.1823","1.2159"
"97.4000","1.2163","23.2111","1.2163"
"97.4250","1.2166","23.2386","1.2166"
"97.4500","1.2169","23.2630","1.2169"
"97.4750","1.2172","23.2739","1.2172"
"97.5000","1.2175","23.2687","1.2175"
"97.5250","1.2178","23.2560","1.2178"
"97.5500","1.2181","23.2544","1.2181"
"97.5750","1.2184","23.2671","1.2184"
"97.6000","1.2187","23.2884","1.2187"
"97.6250","1.2191","23.3125","1.2191"
"97.6500","1.2194","23.3337","1.2194"
"97.6750","1.2197","23.3501","1.2197"
"97.7000","1.2200","23.3693","1.2200"
"97.7250","1.2203","23.3939","1.2203"
"97.7500","1.2206","23.4100","1.2206"
"97.7750","1.2210","23.4200","1.2210"
"97.8000","1.2213","23.4237","1.2213"
"97.8250","1.2216","23.4293","1.2216"
"97.8500","1.2219","23.4423","1.2219"
"97.8750","1.2222","23.4662","1.2222"
"97.9000","1.2225","23.4952","1.2225"
"97.9250","1.2228","23.5267","1.2228"
"97.9500","1.2231","23.5502","1.2231"
"97.9750","1.2235","23.5599","1.2235"
"98.0000","1.2238","23.5693","1.2238"
"98.0250","1.2241","23.5926","1.2241"
"98.0500","1.2244","23.6147","1.2244"
"98.0750","1.2247","23.6325","1.2247"
"98.1000","1.2250","23.6477","1.2250"
"98.1250","1.2253","23.6630","1.2253"
"98.1500","1.2256","23.6881","1.2256"
"98.1750","1.2260","23.7232","1.2260"
"98.2000","1.2263","23.7584","1.2263"
"98.2250","1.2266","23.7882","1.2266"
"98.2500","1.2269","23.8040","1.2269"
"98.2750","1.2272","23.8211","1.2272"
"98.3000","1.2275","23.8386","1.2275"
"98.3250","1.2278","23.8522","1.2278"
"98.3500","1.2281","23.8707","1.2281"
"98.3750","1.2285","23.8943","1.2285"
"98.4000","1.2288","23.9194","1.2288"
"98.4250","1.2291","23.9471","1.2291"
"98.4500","1.2294","23.9837","1.2294"
"98.4750","1.2297","24.0225","1.2297"
"98.5000","1.2300","24.0586","1.2300"
"98.5250","1.2304","24.0897","1.2304"
"98.5500","1.2307","24.1138","1.2307"
"98.5750","1.2310","24.1266","1.2310"
"98.6000","1.2313","24.1339","1.2313"
"98.6250","1.2316","24.1437","1.2316"
"98.6500","1.2319","24.1649","1.2319"
"98.6750","1.2322","24.1970","1.2322"
"98.7000","1.2325","24.2319","1.2325"
"98.7250","1.2328","24.2696","1.2328"
"98.7500","1.2332","24.3025","1.2332"
"98.7750","1.2335","24.3273","1.2335"
"98.8000","1.2338","24.3512","1.2338"
"98.8250","1.2341","24.3764","1.2341"
"98.8500","1.2344","24.3960","1.2344"
"98.8750","1.2347","24.4125","1.2347"
"98.9000","1.2350","24.4413","1.2350"
"98.9250","1.2354","24.4713","1.2354"
"98.9500","1.2357","24.4943","1.2357"
"98.9750","1.2360","24.5105","1.2360"
"99.0000","1.2363","24.5212","1.2363"
"99.0250","1.2366","24.5388","1.2366"
"99.0500","1.2369","24.5637","1.2369"
"99.0750","1.2372","24.5906","1.2372"
"99.1000","1.2375","24.6195","1.2375"
"99.1250","1.2378","24.6432","1.2378"
"99.1500","1.2382","24.6552","1.2382"
"99.1750","1.2385","24.6625","1.2385"
"99.2000","1.2388","24.6755","1.2388"
"99.2250","1.2391","24.6937","1.2391"
"99.2500","1.2394","24.7071","1.2394"
"99.2750","1.2397","24.7191","1.2397"
"99.3000","1.2400","24.7392","1.2400"
"99.3250","1.2403","24.7603","1.2403"
"99.3500","1.2406","24.7804","1.2406"
"99.3750","1.2409","24.8012","1.2409"
"99.4000","1.2412","24.8222","1.2412"
"99.4250","1.2416","24.8372","1.2416"
"99.4500","1.2419","24.8422","1.2419"
"99.4750","1.2422","24.8423","1.2422"
"99.5000","1.2425","24.8420","1.2425"
"99.5250","1.2428","24.8433","1.2428"
"99.5500","1.2430","24.8432","1.2430"
"99.5750","1.2433","24.8413","1.2433"
"99.6000","1.2436","24.8409","1.2436"
"99.6250","1.2439","24.8415","1.2439"
"99.6500","1.2442","24.8376","1.2442"
"99.6750","1.2445","24.8307","1.2445"
"99.7000","1.2448","24.8366","1.2448"
"99.7250","1.2451","24.8582","1.2451"
"99.7500","1.2454","24.8828","1.2454"
"99.7750","1.2457","24.9169","1.2457"
"99.8000","1.2460","24.9609","1.2460"
"99.8250","1.2464","25.0079","1.2464"
"99.8500","1.2467","25.0528","1.2467"
"99.8750","1.2470","25.0901","1.2470"
"99.9000","1.2473","25.1192","1.2473"
"99.9250","1.2476","25.1423","1.2476"
"99.9500","1.2479","25.1661","1.2479"
"99.9750","1.2482","25.1927","1.2482"
"100.0000","1.2486","25.2232","1.2486"
"100.0250","1.2489","25.2516","1.2489"
"100.0500","1.2492","25.2795","1.2492"
"100.0750","1.2495","25.3082","1.2495"
"100.1000","1.2498","25.3394","1.2498"
"100.1250","1.2501","25.3690","1.2501"
"100.1500","1.2504","25.3939","1.2504"
"100.1750","1.2507","25.4145","1.2507"
"100.2000","1.2510","25.4381","1.2510"
"100.2250","1.2513","25.4575","1.2513"
"100.2500","1.2516","25.4735","1.2516"
"100.2750","1.2519","25.4889","1.2519"
"100.3000","1.2522","25.5099","1.2522"
"100.3250","1.2526","25.5269","1.2526"
"100.3500","1.2529","25.5373","1.2529"
"100.3750","1.2532","25.5536","1.2532"
"100.4000","1.2535","25.5835","1.2535"
"100.4250","1.2538","25.5994","1.2538"
"100.4500","1.2541","25.6070","1.2541"
"100.4750","1.2544","25.6102","1.2544"
"100.5000","1.2547","25.5947","1.2547"
"100.5250","1.2550","25.5793","1.2550"
"100.5500","1.2552","25.5731","1.2552"
"100.5750","1.2555","25.5858","1.2555"
"100.6000","1.2559","25.6155","1.2559"
"100.6250","1.2562","25.6481","1.2562"
"100.6500","1.2565","25.6829","1.2565"
"100.6750","1.2568","25.7217","1.2568"
"100.7000","1.2572","25.7682","1.2572"
"100.7250","1.2575","25.8268","1.2575"
"100.7500","1.2578","25.8862","1.2578"
"100.7750","1.2582","25.9391","1.2582"
"100.8000","1.2585","25.9810","1.2585"
"100.8250","1.2589","26.0131","1.2589"
"100.8500","1.2592","26.0355","1.2592"
"100.8750","1.2595","26.0534","1.2595"
"100.9000","1.2598","26.0694","1.2598"
"100.9250","1.2601","26.0743","1.2601"
"100.9500","1.2604","26.0754","1.2604"
"100.9750","1.2608","26.0800","1.2608"
"101.0000","1.2611","26.0887","1.2611"
"101.0250","1.2614","26.1081","1.2614"
"101.0500","1.2617","26.1309","1.2617"
"101.0750","1.2620","26.1553","1.2620"
"101.1000","1.2623","26.1692","1.2623"
"101.1250","1.2627","26.1878","1.2627"
"101.1500","1.2630","26.2044","1.2630"
"101.1750","1.2633","26.2217","1.2633"
"101.2000","1.2636","26.2406","1.2636"
"101.2250","1.2639","26.2514","1.2639"
"101.2500","1.2642","26.2626","1.2642"
"101.2750","1.2645","26.2776","1.2645"
"101.3000","1.2648","26.2986","1.2648"
"101.3250","1.2652","26.3241","1.2652"
"101.3500","1.2655","26.3537","1.2655"
"101.3750","1.2658","26.3864","1.2658"
"101.4000","1.2661","26.4151","1.2661"
"101.4250","1.2664","26.4352","1.2664"
"101.4500","1.2668","26.4579","1.2668"
"101.4750","1.2671","26.4959","1.2671"
"101.5000","1.2674","26.5252","1.2674"
"101.5250","1.2677","26.5483","1.2677"
"101.5500","1.2680","26.5788","1.2680"
"101.5750","1.2684","26.6171","1.2684"
"101.6000","1.2687","26.6559","1.2687"
"101.6250","1.2690","26.6910","1.2690"
"101.6500","1.2693","26.7218","1.2693"
"101.6750","1.2697","26.7543","1.2697"
"101.7000","1.2700","26.7926","1.2700"
"101.7250","1.2703","26.8253","1.2703"
"101.7500","1.2707","26.8540","1.2707"
"101.7750","1.2710","26.8633","1.2710"
"101.8000","1.2713","26.8673","1.2713"
"101.8250","1.2716","26.8686","1.2716"
"101.8500","1.2719","26.8706","1.2719"
"101.8750","1.2722","26.8759","1.2722"
"101.9000","1.2725","26.8906","1.2725"
"101.9250","1.2728","26.9089","1.2728"
"101.9500","1.2731","26.9286","1.2731"
"101.9750","1.2734","26.9562","1.2734"
"102.0000","1.2737","26.9806","1.2737"
"102.0250","1.2740","27.0000","1.2740"
"102.0500","1.2744","27.0229","1.2744"
"102.0750","1.2747","27.0436","1.2747"
"102.1000","1.2750","27.0664","1.2750"
"102.1250","1.2753","27.0889","1.2753"
"102.1500","1.2756","27.1113","1.2756"
"102.1750","1.2759","27.1334","1.2759"
"102.2000","1.2762","27.1585","1.2762"
"102.2250","1.2765","27.1872","1.2765"
"102.2500","1.2769","27.2204","1.2769"
"102.2750","1.2772","27.2510","1.2772"
"102.3000","1.2775","27.2794","1.2775"
"102.3250","1.2778","27.3156","1.2778"
"102.3500","1.2781","27.3558","1.2781"
"102.3750","1.2784","27.3928","1.2784"
"102.4000","1.2788","27.4217","1.2788"
"102.4250","1.2791","27.4480","1.2791"
"102.4500","1.2794","27.4680","1.2794"
"102.4750","1.2797","27.4843","1.2797"
"102.5000","1.2800","27.5030","1.2800"
"102.5250","1.2803","27.5270","1.2803"
"102.5500","1.2806","27.5534","1.2806"
"102.5750","1.2809","27.5842","1.2809"
"102.6000","1.2813","27.6027","1.2813"
"102.6250","1.2816","27.6161","1.2816"
"102.6500","1.2819","27.6267","1.2819"
"102.6750","1.2822","27.6418","1.2822"
"102.7000","1.2825","27.6562","1.2825"
"102.7250","1.2828","27.6591","1.2828"
"102.7500","1.2831","27.6510","1.2831"
"102.7750","1.2834","27.6469","1.2834"
"102.8000","1.2836","27.6441","1.2836"
"102.8250","1.2839","27.6432","1.2839"
"102.8500","1.2842","27.6454","1.2842"
"102.8750","1.2845","27.6601","1.2845"
"102.9000","1.2848","27.7007","1.2848"
"102.9250","1.2852","27.7390","1.2852"
"102.9500","1.2855","27.7642","1.2855"
"102.9750","1.2858","27.7820","1.2858"
"103.0000","1.2861","27.7990","1.2861"
"103.0250","1.2864","27.8308","1.2864"
"103.0500","1.2867","27.8641","1.2867"
"103.0750","1.2870","27.8934","1.2870"
"103.1000","1.2873","27.9133","1.2873"
"103.1250","1.2876","27.9288","1.2876"
"103.1500","1.2879","27.9474","1.2879"
"103.1750","1.2883","27.9673","1.2883"
"103.2000","1.2886","27.9743","1.2886"
"103.2250","1.2889","27.9869","1.2889"
"103.2500","1.2892","28.0040","1.2892"
"103.2750","1.2895","28.0273","1.2895"
"103.3000","1.2898","28.0545","1.2898"
"103.3250","1.2901","28.0806","1.2901"
"103.3500","1.2904","28.1037","1.2904"
"103.3750","1.2908","28.1251","1.2908"
"103.4000","1.2911","28.1355","1.2911"
"103.4250","1.2914","28.1410","1.2914"
"103.4500","1.2917","28.1459","1.2917"
"103.4750","1.2920","28.1622","1.2920"
"103.5000","1.2923","28.1785","1.2923"
"103.5250","1.2926","28.2030","1.2926"
"103.5500","1.2929","28.2369","1.2929"
"103.5750","1.2933","28.2665","1.2933"
"103.6000","1.2936","28.2900","1.2936"
"103.6250","1.2939","28.3093","1.2939"
"103.6500","1.2942","28.3264","1.2942"
"103.6750","1.2945","28.3439","1.2945"
"103.7000","1.2948","28.3702","1.2948"
"103.7250","1.2952","28.3958","1.2952"
"103.7500","1.2955","28.4199","1.2955"
"103.7750","1.2958","28.4428","1.2958"
"103.8000","1.2961","28.4617","1.2961"
"103.8250","1.2964","28.4818","1.2964"
"103.8500","1.2967","28.5081","1.2967"
"103.8750","1.2971","28.5426","1.2971"
"103.9000","1.2974","28.5741","1.2974"
"103.9250","1.2977","28.6072","1.2977"
"103.9500","1.2980","28.6304","1.2980"
"103.9750","1.2983","28.6588","1.2983"
"104.0000","1.2987","28.6875","1.2987"
"104.0250","1.2990","28.7248","1.2990"
"104.0500","1.2993","28.7594","1.2993"
"104.0750","1.2996","28.7962","1.2996"
"104.1000","1.3000","28.8297","1.3000"
"104.1250","1.3003","28.8573","1.3003"
"104.1500","1.3006","28.8815","1.3006"
"104.1750","1.3010","28.9011","1.3010"
"104.2000","1.3013","28.9109","1.3013"
"104.2250","1.3016","28.9151","1.3016"
"104.2500","1.3019","28.9115","1.3019"
"104.2750","1.3022","28.9120","1.3022"
"104.3000","1.3025","28.9169","1.3025"
"104.3250","1.3028","28.9248","1.3028"
"104.3500","1.3031","28.9264","1.3031"
"104.3750","1.3034","28.9270","1.3034"
"104.4000","1.3038","28.9345","1.3038"
"104.4250","1.3041","28.9472","1.3041"
"104.4500","1.3044","28.9604","1.3044"
"104.4750","1.3047","28.9687","1.3047"
"104.5000","1.3050","28.9764","1.3050"
"104.5250","1.3053","28.9783","1.3053"
"104.5500","1.3056","28.9770","1.3056"
"104.5750","1.3059","28.9833","1.3059"
"104.6000","1.3063","28.9980","1.3063"
"104.6250","1.3066","29.0092","1.3066"
"104.6500","1.3069","29.0211","1.3069"
"104.6750","1.3072","29.0363","1.3072"
"104.7000","1.3075","29.0564","1.3075"
"104.7250","1.3078","29.0745","1.3078"
"104.7500","1.3081","29.0918","1.3081"
"104.7750","1.3084","29.1124","1.3084"
"104.8000","1.3088","29.1315","1.3088"
"104.8250","1.3091","29.1469","1.3091"
"104.8500","1.3094","29.1647","1.3094"
"104.8750","1.3097","29.1842","1.3097"
"104.9000","1.3100","29.2080","1.3100"
"104.9250","1.3103","29.2281","1.3103"
"104.9500","1.3106","29.2422","1.3106"
"104.9750","1.3109","29.2593","1.3109"
"105.0000","1.3113","29.2755","1.3113"
"105.0250","1.3116","29.2897","1.3116"
"105.0500","1.3119","29.2994","1.3119"
"105.0750","1.3122","29.3066","1.3122"
"105.1000","1.3125","29.3160","1.3125"
"105.1250","1.3128","29.3269","1.3128"
"105.1500","1.3131","29.3387","1.3131"
"105.1750","1.3134","29.3505","1.3134"
"105.2000","1.3137","29.3614","1.3137"
"105.2250","1.3140","29.3677","1.3140"
"105.2500","1.3142","29.3681","1.3142"
"105.2750","1.3145","29.3789","1.3145"
"105.3000","1.3148","29.3903","1.3148"
"105.3250","1.3151","29.4075","1.3151"
"105.3500","1.3154","29.4262","1.3154"
"105.3750","1.3157","29.4637","1.3157"
"105.4000","1.3161","29.5108","1.3161"
"105.4250","1.3164","29.5586","1.3164"
"105.4500","1.3167","29.5988","1.3167"
"105.4750","1.3170","29.6357","1.3170"
"105.5000","1.3173","29.6783","1.3173"
"105.5250","1.3176","29.7173","1.3176"
"105.5500","1.3180","29.7442","1.3180"
"105.5750","1.3183","29.7641","1.3183"
"105.6000","1.3186","29.7869","1.3186"
"105.6250","1.3189","29.8115","1.3189"
"105.6500","1.3192","29.8366","1.3192"
"105.6750","1.3195","29.8574","1.3195"
"105.7000","1.3198","29.8720","1.3198"
"105.7250","1.3201","29.8899","1.3201"
"105.7500","1.3204","29.9121","1.3204"
"105.7750","1.3207","29.9345","1.3207"
"105.8000","1.3211","29.9617","1.3211"
"105.8250","1.3214","29.9904","1.3214"
"105.8500","1.3217","30.0219","1.3217"
"105.8750","1.3220","30.0576","1.3220"
"105.9000","1.3223","30.0929","1.3223"
"105.9250","1.3226","30.1177","1.3226"
"105.9500","1.3230","30.1613","1.3230"
"105.9750","1.3233","30.2063","1.3233"
"106.0000","1.3236","30.2335","1.3236"
"106.0250","1.3239","30.2495","1.3239"
"106.0500","1.3242","30.2719","1.3242"
"106.0750","1.3246","30.3118","1.3246"
"106.1000","1.3249","30.3485","1.3249"
"106.1250","1.3252","30.3812","1.3252"
"106.1500","1.3255","30.4144","1.3255"
"106.1750","1.3258","30.4491","1.3258"
"106.2000","1.3262","30.4929","1.3262"
"106.2250","1.3265","30.5511","1.3265"
"106.2500","1.3268","30.6070","1.3268"
"106.2750","1.3272","30.6469","1.3272"
"106.3000","1.3275","30.6723","1.3275"
"106.3250","1.3278","30.6864","1.3278"
"106.3500","1.3281","30.6901","1.3281"
"106.3750","1.3284","30.6838","1.3284"
"106.4000","1.3287","30.6731","1.3287"
"106.4250","1.3290","30.6726","1.3290"
"106.4500","1.3293","30.6797","1.3293"
"106.4750","1.3296","30.6990","1.3296"
"106.5000","1.3300","30.7349","1.3300"
"106.5250","1.3303","30.7822","1.3303"
"106.5500","1.3306","30.8282","1.3306"
"106.5750","1.3309","30.8633","1.3309"
"106.6000","1.3313","30.8891","1.3313"
"106.6250","1.3316","30.9033","1.3316"
"106.6500","1.3319","30.9129","1.3319"
"106.6750","1.3322","30.9223","1.3322"
"106.7000","1.3325","30.9326","1.3325"
"106.7250","1.3328","30.9395","1.3328"
"106.7500","1.3331","30.9536","1.3331"
"106.7750","1.3334","30.9748","1.3334"
"106.8000","1.3338","30.9986","1.3338"
"106.8250","1.3341","31.0142","1.3341"
"106.8500","1.3344","31.0302","1.3344"
"106.8750","1.3347","31.0491","1.3347"
"106.9000","1.3350","31.0727","1.3350"
"106.9250","1.3353","31.1004","1.3353"
"106.9500","1.3357","31.1309","1.3357"
"106.9750","1.3360","31.1599","1.3360"
"107.0000","1.3363","31.1830","1.3363"
"107.0250","1.3366","31.2076","1.3366"
"107.0500","1.3369","31.2307","1.3369"
"107.0750","1.3372","31.2439","1.3372"
"107.1000","1.3376","31.2555","1.3376"
"107.1250","1.3379","31.2595","1.3379"
"107.1500","1.3382","31.2585","1.3382"
"107.1750","1.3385","31.2637","1.3385"
"107.2000","1.3388","31.2698","1.3388"
"107.2250","1.3391","31.2819","1.3391"
"107.2500","1.3394","31.2990","1.3394"
"107.2750","1.3397","31.3131","1.3397"
"107.3000","1.3400","31.3183","1.3400"
"107.3250","1.3403","31.3285","1.3403"
"107.3500","1.3407","31.3453","1.3407"
"107.3750","1.3410","31.3574","1.3410"
"107.4000","1.3413","31.3702","1.3413"
"107.4250","1.3416","31.3818","1.3416"
"107.4500","1.3419","31.3985","1.3419"
"107.4750","1.3422","31.4170","1.3422"
"107.5000","1.3425","31.4274","1.3425"
"107.5250","1.3428","31.4366","1.3428"
"107.5500","1.3432","31.4524","1.3432"
"107.5750","1.3435","31.4631","1.3435"
"107.6000","1.3438","31.4745","1.3438"
"107.6250","1.3441","31.4889","1.3441"
"107.6500","1.3444","31.5066","1.3444"
"107.6750","1.3447","31.5210","1.3447"
"107.7000","1.3450","31.5343","1.3450"
"107.7250","1.3453","31.5544","1.3453"
"107.7500","1.3456","31.5715","1.3456"
"107.7750","1.3460","31.5906","1.3460"
"107.8000","1.3463","31.6127","1.3463"
"107.8250","1.3466","31.6379","1.3466"
"107.8500","1.3469","31.6556","1.3469"
"107.8750","1.3472","31.6605","1.3472"
"107.9000","1.3475","31.6677","1.3475"
"107.9250","1.3478","31.6825","1.3478"
"107.9500","1.3481","31.7001","1.3481"
"107.9750","1.3485","31.7248","1.3485"
"108.0000","1.3488","31.7451","1.3488"
"108.0250","1.3491","31.7610","1.3491"
"108.0500","1.3494","31.7797","1.3494"
"108.0750","1.3497","31.7946","1.3497"
"108.1000","1.3500","31.8052","1.3500"
"108.1250","1.3503","31.8182","1.3503"
"108.1500","1.3506","31.8304","1.3506"
"108.1750","1.3509","31.8388","1.3509"
"108.2000","1.3512","31.8575","1.3512"
"108.2250","1.3515","31.8690","1.3515"
"108.2500","1.3518","31.8862","1.3518"
"108.2750","1.3522","31.9062","1.3522"
"108.3000","1.3525","31.9445","1.3525"
"108.3250","1.3528","31.9758","1.3528"
"108.3500","1.3531","31.9968","1.3531"
"108.3750","1.3534","32.0156","1.3534"
"108.4000","1.3537","32.0292","1.3537"
"108.4250","1.3540","32.0380","1.3540"
"108.4500","1.3543","32.0306","1.3543"
"108.4750","1.3546","32.0322","1.3546"
"108.5000","1.3549","32.0590","1.3549"
"108.5250","1.3552","32.0842","1.3552"
"108.5500","1.3555","32.0860","1.3555"
"108.5750","1.3558","32.1031","1.3558"
"108.6000","1.3561","32.1326","1.3561"
"108.6250","1.3564","32.1524","1.3564"
"108.6500","1.3567","32.1697","1.3567"
"108.6750","1.3570","32.1889","1.3570"
"108.7000","1.3573","32.2126","1.3573"
"108.7250","1.3576","32.2471","1.3576"
"108.7500","1.3580","32.3035","1.3580"
"108.7750","1.3583","32.3580","1.3583"
"108.8000","1.3586","32.3874","1.3586"
"108.8250","1.3589","32.4174","1.3589"
"108.8500","1.3592","32.4440","1.3592"
"108.8750","1.3595","32.4661","1.3595"
"108.9000","1.3598","32.4963","1.3598"
"108.9250","1.3602","32.5274","1.3602"
"108.9500","1.3605","32.5559","1.3605"
"108.9750","1.3608","32.5817","1.3608"
"109.0000","1.3611","32.6115","1.3611"
"109.0250","1.3614","32.6386","1.3614"
"109.0500","1.3617","32.6631","1.3617"
"109.0750","1.3620","32.6884","1.3620"
"109.1000","1.3623","32.7200","1.3623"
"109.1250","1.3627","32.7598","1.3627"
"109.1500","1.3630","32.8085","1.3630"
"109.1750","1.3633","32.8524","1.3633"
"109.2000","1.3636","32.8954","1.3636"
"109.2250","1.3639","32.9403","1.3639"
"109.2500","1.3643","32.9808","1.3643"
"109.2750","1.3646","33.0253","1.3646"
"109.3000","1.3649","33.0712","1.3649"
"109.3250","1.3652","33.1093","1.3652"
"109.3500","1.3656","33.1456","1.3656"
"109.3750","1.3659","33.1877","1.3659"
"109.4000","1.3662","33.2332","1.3662"
"109.4250","1.3665","33.2730","1.3665"
"109.4500","1.3668","33.3109","1.3668"
"109.4750","1.3672","33.3472","1.3672"
"109.5000","1.3675","33.3755","1.3675"
"109.5250","1.3678","33.4150","1.3678"
"109.5500","1.3681","33.4598","1.3681"
"109.5750","1.3685","33.4966","1.3685"
"109.6000","1.3688","33.5181","1.3688"
"109.6250","1.3691","33.5309","1.3691"
"109.6500","1.3694","33.5457","1.3694"
"109.6750","1.3697","33.5607","1.3697"
"109.7000","1.3700","33.5781","1.3700"
"109.7250","1.3703","33.5966","1.3703"
"109.7500","1.3706","33.6210","1.3706"
"109.7750","1.3710","33.6499","1.3710"
"109.8000","1.3713","33.6779","1.3713"
"109.8250","1.3716","33.6945","1.3716"
"109.8500","1.3719","33.7029","1.3719"
"109.8750","1.3722","33.7117","1.3722"
"109.9000","1.3725","33.7283","1.3725"
"109.9250","1.3728","33.7495","1.3728"
"109.9500","1.3731","33.7788","1.3731"
"109.9750","1.3734","33.8076","1.3734"
"110.0000","1.3738","33.8299","1.3738"
"110.0250","1.3741","33.8436","1.3741"
"110.0500","1.3744","33.8476","1.3744"
"110.0750","1.3747","33.8485","1.3747"
"110.1000","1.3750","33.8566","1.3750"
"110.1250","1.3753","33.8590","1.3753"
"110.1500","1.3756","33.8604","1.3756"
"110.1750","1.3759","33.8620","1.3759"
"110.2000","1.3762","33.8546","1.3762"
"110.2250","1.3765","33.8375","1.3765"
"110.2500","1.3768","33.8145","1.3768"
"110.2750","1.3771","33.7838","1.3771"
"110.3000","1.3773","33.7526","1.3773"
"110.3250","1.3776","33.7263","1.3776"
"110.3500","1.3779","33.7234","1.3779"
"110.3750","1.3782","33.7423","1.3782"
"110.4000","1.3785","33.7781","1.3785"
"110.4250","1.3788","33.8219","1.3788"
"110.4500","1.3792","33.8648","1.3792"
"110.4750","1.3795","33.9050","1.3795"
"110.5000","1.3798","33.9461","1.3798"
"110.5250","1.3801","33.9838","1.3801"
"110.5500","1.3804","34.0156","1.3804"
"110.5750","1.3808","34.0323","1.3808"
"110.6000","1.3811","34.0488","1.3811"
"110.6250","1.3814","34.0623","1.3814"
"110.6500","1.3817","34.0741","1.3817"
"110.6750","1.3820","34.0866","1.3820"
"110.7000","1.3823","34.0998","1.3823"
"110.7250","1.3826","34.1227","1.3826"
"110.7500","1.3829","34.1449","1.3829"
"110.7750","1.3833","34.1696","1.3833"
"110.8000","1.3836","34.1922","1.3836"
"110.8250","1.3839","34.2130","1.3839"
"110.8500","1.3842","34.2308","1.3842"
"110.8750","1.3845","34.2494","1.3845"
"110.9000","1.3848","34.2669","1.3848"
"110.9250","1.3851","34.2909","1.3851"
"110.9500","1.3854","34.3183","1.3854"
"110.9750","1.3858","34.3393","1.3858"
"111.0000","1.3861","34.3522","1.3861"
"111.0250","1.3864","34.3647","1.3864"
"111.0500","1.3867","34.3818","1.3867"
"111.0750","1.3870","34.4021","1.3870"
"111.1000","1.3873","34.4273","1.3873"
"111.1250","1.3876","34.4660","1.3876"
"111.1500","1.3880","34.5048","1.3880"
"111.1750","1.3883","34.5371","1.3883"
"111.2000","1.3886","34.5549","1.3886"
"111.2250","1.3889","34.5734","1.3889"
"111.2500","1.3892","34.5930","1.3892"
"111.2750","1.3896","34.6108","1.3896"
"111.3000","1.3899","34.6114","1.3899"
"111.3250","1.3902","34.6171","1.3902"
"111.3500","1.3905","34.6275","1.3905"
"111.3750","1.3908","34.6339","1.3908"
"111.4000","1.3911","34.6389","1.3911"
"111.4250","1.3914","34.6373","1.3914"
"111.4500","1.3917","34.6493","1.3917"
"111.4750","1.3920","34.6756","1.3920"
"111.5000","1.3923","34.7105","1.3923"
"111.5250","1.3927","34.7434","1.3927"
"111.5500","1.3930","34.7816","1.3930"
"111.5750","1.3933","34.8166","1.3933"
"111.6000","1.3936","34.8411","1.3936"
"111.6250","1.3939","34.8601","1.3939"
"111.6500","1.3942","34.8778","1.3942"
"111.6750","1.3945","34.8941","1.3945"
"111.7000","1.3948","34.9162","1.3948"
"111.7250","1.3952","34.9423","1.3952"
"111.7500","1.3955","34.9674","1.3955"
"111.7750","1.3958","34.9921","1.3958"
"111.8000","1.3961","35.0181","1.3961"
"111.8250","1.3964","35.0461","1.3964"
"111.8500","1.3967","35.0714","1.3967"
"111.8750","1.3970","35.0862","1.3970"
"111.9000","1.3973","35.0964","1.3973"
"111.9250","1.3976","35.1039","1.3976"
"111.9500","1.3980","35.1103","1.3980"
"111.9750","1.3983","35.1216","1.3983"
"112.0000","1.3986","35.1377","1.3986"
"112.0250","1.3989","35.1592","1.3989"
"112.0500","1.3992","35.1961","1.3992"
"112.0750","1.3995","35.2438","1.3995"
"112.1000","1.3999","35.3004","1.3999"
"112.1250","1.4002","35.3524","1.4002"
"112.1500","1.4005","35.3986","1.4005"
"112.1750","1.4008","35.4436","1.4008"
"112.2000","1.4012","35.4897","1.4012"
"112.2250","1.4015","35.5345","1.4015"
"112.2500","1.4018","35.5946","1.4018"
"112.2750","1.4022","35.6600","1.4022"
"112.3000","1.4025","35.7210","1.4025"
"112.3250","1.4029","35.7829","1.4029"
"112.3500","1.4032","35.8269","1.4032"
"112.3750","1.4035","35.8436","1.4035"
"112.4000","1.4038","35.8421","1.4038"
"112.4250","1.4041","35.8313","1.4041"
"112.4500","1.4044","35.8285","1.4044"
"112.4750","1.4047","35.8281","1.4047"
"112.5000","1.4050","35.8296","1.4050"
"112.5250","1.4053","35.8410","1.4053"
"112.5500","1.4057","35.8614","1.4057"
"112.5750","1.4060","35.8809","1.4060"
"112.6000","1.4063","35.9035","1.4063"
"112.6250","1.4066","35.9307","1.4066"
"112.6500","1.4069","35.9552","1.4069"
"112.6750","1.4072","35.9813","1.4072"
"112.7000","1.4076","36.0001","1.4076"
"112.7250","1.4079","36.0219","1.4079"
"112.7500","1.4082","36.0396","1.4082"
"112.7750","1.4085","36.0455","1.4085"
"112.8000","1.4088","36.0557","1.4088"
"112.8250","1.4091","36.0642","1.4091"
"112.8500","1.4094","36.0675","1.4094"
"112.8750","1.4097","36.0687","1.4097"
"112.9000","1.4100","36.0796","1.4100"
"112.9250","1.4103","36.0997","1.4103"
"112.9500","1.4107","36.1147","1.4107"
"112.9750","1.4110","36.1321","1.4110"
"113.0000","1.4113","36.1542","1.4113"
"113.0250","1.4116","36.1785","1.4116"
"113.0500","1.4119","36.2100","1.4119"
"113.0750","1.4122","36.2481","1.4122"
"113.1000","1.4125","36.2793","1.4125"
"113.1250","1.4129","36.2977","1.4129"
"113.1500","1.4132","36.3079","1.4132"
"113.1750","1.4135","36.3116","1.4135"
"113.2000","1.4138","36.3085","1.4138"
"113.2250","1.4141","36.3152","1.4141"
"113.2500","1.4144","36.3360","1.4144"
"113.2750","1.4147","36.3745","1.4147"
"113.3000","1.4150","36.4161","1.4150"
"113.3250","1.4153","36.4553","1.4153"
"113.3500","1.4156","36.4930","1.4156"
"113.3750","1.4160","36.5313","1.4160"
"113.4000","1.4163","36.5648","1.4163"
"113.4250","1.4166","36.5834","1.4166"
"113.4500","1.4169","36.5907","1.4169"
"113.4750","1.4172","36.5985","1.4172"
"113.5000","1.4175","36.6064","1.4175"
"113.5250","1.4178","36.6214","1.4178"
"113.5500","1.4181","36.6519","1.4181"
"113.5750","1.4184","36.6797","1.4184"
"113.6000","1.4188","36.6992","1.4188"
"113.6250","1.4191","36.7197","1.4191"
"113.6500","1.4194","36.7447","1.4194"
"113.6750","1.4197","36.7739","1.4197"
"113.7000","1.4200","36.8090","1.4200"
"113.7250","1.4203","36.8267","1.4203"
"113.7500","1.4206","36.8424","1.4206"
"113.7750","1.4209","36.8490","1.4209"
"113.8000","1.4212","36.8470","1.4212"
"113.8250","1.4215","36.8455","1.4215"
"113.8500","1.4218","36.8598","1.4218"
"113.8750","1.4221","36.8734","1.4221"
"113.9000","1.4224","36.8790","1.4224"
"113.9250","1.4227","36.8733","1.4227"
"113.9500","1.4230","36.8725","1.4230"
"113.9750","1.4233","36.8721","1.4233"
"114.0000","1.4236","36.8722","1.4236"
"114.0250","1.4239","36.8660","1.4239"
"114.0500","1.4242","36.8582","1.4242"
"114.0750","1.4245","36.8634","1.4245"
"114.1000","1.4248","36.8745","1.4248"
"114.1250","1.4251","36.8857","1.4251"
"114.1500","1.4254","36.9005","1.4254"
"114.1750","1.4257","36.9196","1.4257"
"114.2000","1.4261","36.9393","1.4261"
"114.2250","1.4264","36.9621","1.4264"
"114.2500","1.4267","36.9873","1.4267"
"114.2750","1.4270","37.0178","1.4270"
"114.3000","1.4273","37.0561","1.4273"
"114.3250","1.4276","37.0904","1.4276"
"114.3500","1.4279","37.1186","1.4279"
"114.3750","1.4283","37.1411","1.4283"
"114.4000","1.4286","37.1626","1.4286"
"114.4250","1.4289","37.1887","1.4289"
"114.4500","1.4292","37.2250","1.4292"
"114.4750","1.4295","37.2465","1.4295"
"114.5000","1.4298","37.2573","1.4298"
"114.5250","1.4301","37.2630","1.4301"
"114.5500","1.4304","37.2741","1.4304"
"114.5750","1.4308","37.3018","1.4308"
"114.6000","1.4311","37.3340","1.4311"
"114.6250","1.4314","37.3685","1.4314"
"114.6500","1.4317","37.3886","1.4317"
"114.6750","1.4320","37.3931","1.4320"
"114.7000","1.4323","37.3926","1.4323"
"114.7250","1.4326","37.3877","1.4326"
"114.7500","1.4329","37.3898","1.4329"
"114.7750","1.4333","37.3995","1.4333"
"114.8000","1.4336","37.4162","1.4336"
"114.8250","1.4339","37.4418","1.4339"
"114.8500","1.4342","37.4702","1.4342"
"114.8750","1.4345","37.5012","1.4345"
"114.9000","1.4348","37.5343","1.4348"
"114.9250","1.4351","37.5722","1.4351"
"114.9500","1.4355","37.6086","1.4355"
"114.9750","1.4358","37.6453","1.4358"
"115.0000","1.4361","37.6866","1.4361"
"115.0250","1.4364","37.7271","1.4364"
"115.0500","1.4367","37.7639","1.4367"
"115.0750","1.4370","37.8006","1.4370"
"115.1000","1.4374","37.8314","1.4374"
"115.1250","1.4377","37.8641","1.4377"
"115.1500","1.4380","37.9030","1.4380"
"115.1750","1.4383","37.9450","1.4383"
"115.2000","1.4386","37.9807","1.4386"
"115.2250","1.4389","38.0205","1.4389"
"115.2500","1.4392","38.0620","1.4392"
"115.2750","1.4396","38.1029","1.4396"
"115.3000","1.4399","38.1457","1.4399"
"115.3250","1.4402","38.1964","1.4402"
"115.3500","1.4405","38.2485","1.4405"
"115.3750","1.4409","38.3019","1.4409"
"115.4000","1.4412","38.3524","1.4412"
"115.4250","1.4415","38.4047","1.4415"
"115.4500","1.4419","38.4572","1.4419"
"115.4750","1.4422","38.5057","1.4422"
"115.5000","1.4425","38.5535","1.4425"
"115.5250","1.4428","38.5952","1.4428"
"115.5500","1.4432","38.6155","1.4432"
"115.5750","1.4435","38.6176","1.4435"
"115.6000","1.4438","38.6108","1.4438"
"115.6250","1.4441","38.6026","1.4441"
"115.6500","1.4444","38.6077","1.4444"
"115.6750","1.4447","38.6256","1.4447"
"115.7000","1.4450","38.6567","1.4450"
"115.7250","1.4453","38.6916","1.4453"
"115.7500","1.4456","38.7200","1.4456"
"115.7750","1.4460","38.7386","1.4460"
"115.8000","1.4463","38.7479","1.4463"
"115.8250","1.4466","38.7595","1.4466"
"115.8500","1.4469","38.7753","1.4469"
"115.8750","1.4472","38.7898","1.4472"
"115.9000","1.4475","38.8031","1.4475"
"115.9250","1.4478","38.8180","1.4478"
"115.9500","1.4481","38.8353","1.4481"
"115.9750","1.4484","38.8559","1.4484"
"116.0000","1.4488","38.8818","1.4488"
"116.0250","1.4491","38.9139","1.4491"
"116.0500","1.4494","38.9469","1.4494"
"116.0750","1.4497","38.9770","1.4497"
"116.1000","1.4500","39.0062","1.4500"
"116.1250","1.4503","39.0219","1.4503"
"116.1500","1.4506","39.0340","1.4506"
"116.1750","1.4510","39.0407","1.4510"
"116.2000","1.4513","39.0443","1.4513"
"116.2250","1.4516","39.0505","1.4516"
"116.2500","1.4519","39.0632","1.4519"
"116.2750","1.4522","39.0840","1.4522"
"116.3000","1.4525","39.1035","1.4525"
"116.3250","1.4528","39.1183","1.4528"
"116.3500","1.4531","39.1320","1.4531"
"116.3750","1.4534","39.1442","1.4534"
"116.4000","1.4537","39.1486","1.4537"
"116.4250","1.4540","39.1493","1.4540"
"116.4500","1.4543","39.1456","1.4543"
"116.4750","1.4546","39.1351","1.4546"
"116.5000","1.4549","39.1154","1.4549"
"116.5250","1.4552","39.1016","1.4552"
"116.5500","1.4555","39.0953","1.4555"
"116.5750","1.4558","39.1036","1.4558"
"116.6000","1.4561","39.1327","1.4561"
"116.6250","1.4564","39.1681","1.4564"
"116.6500","1.4567","39.2143","1.4567"
"116.6750","1.4570","39.2684","1.4570"
"116.7000","1.4573","39.3198","1.4573"
"116.7250","1.4576","39.3684","1.4576"
"116.7500","1.4580","39.4068","1.4580"
"116.7750","1.4583","39.4411","1.4583"
"116.8000","1.4586","39.4636","1.4586"
"116.8250","1.4589","39.4745","1.4589"
"116.8500","1.4592","39.4710","1.4592"
"116.8750","1.4595","39.4812","1.4595"
"116.9000","1.4598","39.4986","1.4598"
"116.9250","1.4601","39.5206","1.4601"
"116.9500","1.4604","39.5519","1.4604"
"116.9750","1.4607","39.5834","1.4607"
"117.0000","1.4610","39.6212","1.4610"
"117.0250","1.4613","39.6623","1.4613"
"117.0500","1.4616","39.7033","1.4616"
"117.0750","1.4620","39.7395","1.4620"
"117.1000","1.4623","39.7770","1.4623"
"117.1250","1.4626","39.8109","1.4626"
"117.1500","1.4629","39.8434","1.4629"
"117.1750","1.4632","39.8852","1.4632"
"117.2000","1.4635","39.9211","1.4635"
"117.2250","1.4639","39.9524","1.4639"
"117.2500","1.4642","39.9799","1.4642"
"117.2750","1.4645","40.0008","1.4645"
"117.3000","1.4648","40.0221","1.4648"
"117.3250","1.4651","40.0447","1.4651"
"117.3500","1.4654","40.0650","1.4654"
"117.3750","1.4657","40.0826","1.4657"
"117.4000","1.4661","40.1064","1.4661"
"117.4250","1.4664","40.1375","1.4664"
"117.4500","1.4667","40.1696","1.4667"
"117.4750","1.4670","40.1994","1.4670"
"117.5000","1.4673","40.2303","1.4673"
"117.5250","1.4677","40.2514","1.4677"
"117.5500","1.4680","40.2666","1.4680"
"117.5750","1.4683","40.2852","1.4683"
"117.6000","1.4686","40.3060","1.4686"
"117.6250","1.4689","40.3240","1.4689"
"117.6500","1.4692","40.3414","1.4692"
"117.6750","1.4695","40.3701","1.4695"
"117.7000","1.4699","40.4114","1.4699"
"117.7250","1.4702","40.4545","1.4702"
"117.7500","1.4705","40.4927","1.4705"
"117.7750","1.4709","40.5349","1.4709"
"117.8000","1.4712","40.5840","1.4712"
"117.8250","1.4715","40.6393","1.4715"
"117.8500","1.4719","40.6996","1.4719"
"117.8750","1.4722","40.7504","1.4722"
"117.9000","1.4725","40.7908","1.4725"
"117.9250","1.4729","40.8085","1.4729"
"117.9500","1.4732","40.8152","1.4732"
"117.9750","1.4735","40.8116","1.4735"
"118.0000","1.4738","40.8029","1.4738"
"118.0250","1.4741","40.7951","1.4741"
"118.0500","1.4744","40.7937","1.4744"
"118.0750","1.4747","40.8040","1.4747"
"118.1000","1.4750","40.8164","1.4750"
"118.1250","1.4754","40.8309","1.4754"
"118.1500","1.4757","40.8361","1.4757"
"118.1750","1.4760","40.8380","1.4760"
"118.2000","1.4763","40.8395","1.4763"
"118.2250","1.4766","40.8432","1.4766"
"118.2500","1.4769","40.8524","1.4769"
"118.2750","1.4772","40.8589","1.4772"
"118.3000","1.4775","40.8671","1.4775"
"118.3250","1.4778","40.8837","1.4778"
"118.3500","1.4781","40.9049","1.4781"
"118.3750","1.4784","40.9357","1.4784"
"118.4000","1.4787","40.9694","1.4787"
"118.4250","1.4791","41.0022","1.4791"
"118.4500","1.4794","41.0406","1.4794"
"118.4750","1.4797","41.0775","1.4797"
"118.5000","1.4800","41.1133","1.4800"
"118.5250","1.4803","41.1471","1.4803"
"118.5500","1.4806","41.1665","1.4806"
"118.5750","1.4809","41.1837","1.4809"
"118.6000","1.4812","41.1981","1.4812"
"118.6250","1.4816","41.2158","1.4816"
"118.6500","1.4819","41.2424","1.4819"
"118.6750","1.4822","41.2727","1.4822"
"118.7000","1.4825","41.3059","1.4825"
"118.7250","1.4828","41.3346","1.4828"
"118.7500","1.4831","41.3702","1.4831"
"118.7750","1.4834","41.4172","1.4834"
"118.8000","1.4838","41.4701","1.4838"
"118.8250","1.4841","41.5217","1.4841"
"118.8500","1.4844","41.5643","1.4844"
"118.8750","1.4847","41.6000","1.4847"
"118.9000","1.4850","41.6389","1.4850"
"118.9250","1.4854","41.6690","1.4854"
"118.9500","1.4857","41.6888","1.4857"
"118.9750","1.4860","41.7022","1.4860"
"119.0000","1.4863","41.7292","1.4863"
"119.0250","1.4866","41.7503","1.4866"
"119.0500","1.4869","41.7741","1.4869"
"119.0750","1.4872","41.8041","1.4872"
"119.1000","1.4875","41.8415","1.4875"
"119.1250","1.4878","41.8753","1.4878"
"119.1500","1.4882","41.9030","1.4882"
"119.1750","1.4885","41.9300","1.4885"
"119.2000","1.4888","41.9628","1.4888"
"119.2250","1.4891","42.0037","1.4891"
"119.2500","1.4894","42.0353","1.4894"
"119.2750","1.4897","42.0687","1.4897"
"119.3000","1.4900","42.1102","1.4900"
"119.3250","1.4903","42.1480","1.4903"
"119.3500","1.4907","42.1770","1.4907"
"119.3750","1.4910","42.1922","1.4910"
"119.4000","1.4913","42.2171","1.4913"
"119.4250","1.4916","42.2618","1.4916"
"119.4500","1.4919","42.3121","1.4919"
"119.4750","1.4922","42.3563","1.4922"
"119.5000","1.4925","42.3834","1.4925"
"119.5250","1.4929","42.4042","1.4929"
"119.5500","1.4932","42.4307","1.4932"
"119.5750","1.4935","42.4531","1.4935"
"119.6000","1.4938","42.4490","1.4938"
"119.6250","1.4941","42.4488","1.4941"
"119.6500","1.4944","42.4611","1.4944"
"119.6750","1.4947","42.4810","1.4947"
"119.7000","1.4950","42.5190","1.4950"
"119.7250","1.4953","42.5681","1.4953"
"119.7500","1.4956","42.6184","1.4956"
"119.7750","1.4960","42.6650","1.4960"
"119.8000","1.4963","42.7055","1.4963"
"119.8250","1.4966","42.7385","1.4966"
"119.8500","1.4969","42.7654","1.4969"
"119.8750","1.4972","42.7917","1.4972"
"119.9000","1.4975","42.8199","1.4975"
"119.9250","1.4978","42.8557","1.4978"
"119.9500","1.4981","42.8918","1.4981"
"119.9750","1.4985","42.9240","1.4985"
"120.0000","1.4988","42.9556","1.4988"
"120.0250","1.4991","42.9885","1.4991"
"120.0500","1.4994","43.0299","1.4994"
"120.0750","1.4997","43.0721","1.4997"
"120.1000","1.5000","43.0982","1.5000"
"120.1250","1.5003","43.1141","1.5003"
"120.1500","1.5007","43.1276","1.5007"
"120.1750","1.5010","43.1416","1.5010"
"120.2000","1.5013","43.1474","1.5013"
"120.2250","1.5016","43.1483","1.5016"
"120.2500","1.5019","43.1669","1.5019"
"120.2750","1.5022","43.1955","1.5022"
"120.3000","1.5025","43.2248","1.5025"
"120.3250","1.5028","43.2512","1.5028"
"120.3500","1.5031","43.2806","1.5031"
"120.3750","1.5034","43.3232","1.5034"
"120.4000","1.5038","43.3744","1.5038"
"120.4250","1.5041","43.4245","1.5041"
"120.4500","1.5044","43.4635","1.5044"
"120.4750","1.5047","43.4853","1.5047"
"120.5000","1.5051","43.5063","1.5051"
"120.5250","1.5054","43.5263","1.5054"
"120.5500","1.5057","43.5353","1.5057"
"120.5750","1.5060","43.5476","1.5060"
"120.6000","1.5063","43.5721","1.5063"
"120.6250","1.5066","43.6040","1.5066"
"120.6500","1.5069","43.6384","1.5069"
"120.6750","1.5073","43.6814","1.5073"
"120.7000","1.5076","43.7270","1.5076"
"120.7250","1.5079","43.7706","1.5079"
"120.7500","1.5082","43.7973","1.5082"
"120.7750","1.5086","43.8248","1.5086"
"120.8000","1.5089","43.8529","1.5089"
"120.8250","1.5092","43.8749","1.5092"
"120.8500","1.5095","43.8908","1.5095"
"120.8750","1.5098","43.9012","1.5098"
"120.9000","1.5101","43.9046","1.5101"
"120.9250","1.5104","43.8996","1.5104"
"120.9500","1.5107","43.8915","1.5107"
"120.9750","1.5110","43.8891","1.5110"
"121.0000","1.5113","43.8897","1.5113"
"121.0250","1.5116","43.8988","1.5116"
"121.0500","1.5119","43.9039","1.5119"
"121.0750","1.5122","43.9079","1.5122"
"121.1000","1.5125","43.9155","1.5125"
"121.1250","1.5129","43.9339","1.5129"
"121.1500","1.5132","43.9576","1.5132"
"121.1750","1.5135","43.9842","1.5135"
"121.2000","1.5138","44.0062","1.5138"
"121.2250","1.5141","44.0204","1.5141"
"121.2500","1.5144","44.0401","1.5144"
"121.2750","1.5147","44.0598","1.5147"
"121.3000","1.5150","44.0763","1.5150"
"121.3250","1.5153","44.0891","1.5153"
"121.3500","1.5157","44.1073","1.5157"
"121.3750","1.5160","44.1202","1.5160"
"121.4000","1.5163","44.1373","1.5163"
"121.4250","1.5166","44.1499","1.5166"
"121.4500","1.5169","44.1555","1.5169"
"121.4750","1.5172","44.1601","1.5172"
"121.5000","1.5175","44.1736","1.5175"
"121.5250","1.5178","44.1843","1.5178"
"121.5500","1.5181","44.1893","1.5181"
"121.5750","1.5184","44.1891","1.5184"
"121.6000","1.5187","44.1853","1.5187"
"121.6250","1.5190","44.1773","1.5190"
"121.6500","1.5193","44.1541","1.5193"
"121.6750","1.5196","44.1282","1.5196"
"121.7000","1.5199","44.0953","1.5199"
"121.7250","1.5201","44.0524","1.5201"
"121.7500","1.5204","44.0201","1.5204"
"121.7750","1.5207","44.0104","1.5207"
"121.8000","1.5210","44.0182","1.5210"
"121.8250","1.5213","44.0395","1.5213"
"121.8500","1.5216","44.0667","1.5216"
"121.8750","1.5219","44.0979","1.5219"
"121.9000","1.5222","44.1328","1.5222"
"121.9250","1.5225","44.1653","1.5225"
"121.9500","1.5228","44.1952","1.5228"
"121.9750","1.5231","44.2251","1.5231"
"122.0000","1.5234","44.2598","1.5234"
"122.0250","1.5238","44.2932","1.5238"
"122.0500","1.5241","44.3217","1.5241"
"122.0750","1.5244","44.3472","1.5244"
"122.1000","1.5247","44.3489","1.5247"
"122.1250","1.5250","44.3342","1.5250"
"122.1500","1.5253","44.3232","1.5253"
"122.1750","1.5256","44.3216","1.5256"
"122.2000","1.5259","44.3410","1.5259"
"122.2250","1.5262","44.3735","1.5262"
"122.2500","1.5265","44.4029","1.5265"
"122.2750","1.5268","44.4276","1.5268"
"122.3000","1.5271","44.4521","1.5271"
"122.3250","1.5274","44.4752","1.5274"
"122.3500","1.5277","44.4928","1.5277"
"122.3750","1.5280","44.5195","1.5280"
"122.4000","1.5283","44.5615","1.5283"
"122.4250","1.5287","44.6174","1.5287"
"122.4500","1.5290","44.6837","1.5290"
"122.4750","1.5293","44.7470","1.5293"
"122.5000","1.5297","44.8062","1.5297"
"122.5250","1.5300","44.8631","1.5300"
"122.5500","1.5303","44.9011","1.5303"
"122.5750","1.5306","44.9215","1.5306"
"122.6000","1.5310","44.9297","1.5310"
"122.6250","1.5313","44.9306","1.5313"
"122.6500","1.5316","44.9231","1.5316"
"122.6750","1.5319","44.9165","1.5319"
"122.7000","1.5322","44.9234","1.5322"
"122.7250","1.5325","44.9422","1.5325"
"122.7500","1.5328","44.9748","1.5328"
"122.7750","1.5331","45.0224","1.5331"
"122.8000","1.5335","45.0807","1.5335"
"122.8250","1.5338","45.1335","1.5338"
"122.8500","1.5341","45.1758","1.5341"
"122.8750","1.5344","45.2040","1.5344"
"122.9000","1.5347","45.2300","1.5347"
"122.9250","1.5351","45.2618","1.5351"
"122.9500","1.5354","45.2902","1.5354"
"122.9750","1.5357","45.3159","1.5357"
"123.0000","1.5360","45.3450","1.5360"
"123.0250","1.5363","45.3743","1.5363"
"123.0500","1.5367","45.4103","1.5367"
"123.0750","1.5370","45.4610","1.5370"
"123.1000","1.5373","45.5183","1.5373"
"123.1250","1.5377","45.5705","1.5377"
"123.1500","1.5380","45.6082","1.5380"
"123.1750","1.5383","45.6240","1.5383"
"123.2000","1.5386","45.6193","1.5386"
"123.2250","1.5389","45.5992","1.5389"
"123.2500","1.5392","45.5742","1.5392"
"123.2750","1.5395","45.5503","1.5395"
"123.3000","1.5398","45.5429","1.5398"
"123.3250","1.5401","45.5644","1.5401"
"123.3500","1.5404","45.5995","1.5404"
"123.3750","1.5408","45.6321","1.5408"
"123.4000","1.5411","45.6587","1.5411"
"123.4250","1.5414","45.6891","1.5414"
"123.4500","1.5417","45.7178","1.5417"
"123.4750","1.5421","45.7471","1.5421"
"123.5000","1.5424","45.7747","1.5424"
"123.5250","1.5427","45.8007","1.5427"
"123.5500","1.5430","45.8373","1.5430"
"123.5750","1.5434","45.8950","1.5434"
"123.6000","1.5437","45.9577","1.5437"
"123.6250","1.5440","46.0135","1.5440"
"123.6500","1.5444","46.0573","1.5444"
"123.6750","1.5447","46.0924","1.5447"
"123.7000","1.5450","46.1199","1.5450"
"123.7250","1.5454","46.1309","1.5454"
"123.7500","1.5457","46.1298","1.5457"
"123.7750","1.5460","46.1121","1.5460"
"123.8000","1.5463","46.0854","1.5463"
"123.8250","1.5466","46.0480","1.5466"
"123.8500","1.5469","46.0174","1.5469"
"123.8750","1.5472","45.9928","1.5472"
"123.9000","1.5475","45.9786","1.5475"
"123.9250","1.5478","45.9864","1.5478"
"123.9500","1.5481","46.0164","1.5481"
"123.9750","1.5484","46.0442","1.5484"
"124.0000","1.5488","46.0634","1.5488"
"124.0250","1.5491","46.0840","1.5491"
"124.0500","1.5494","46.1043","1.5494"
"124.0750","1.5497","46.1172","1.5497"
"124.1000","1.5500","46.1285","1.5500"
"124.1250","1.5503","46.1373","1.5503"
"124.1500","1.5507","46.1365","1.5507"
"124.1750","1.5510","46.1350","1.5510"
"124.2000","1.5513","46.1433","1.5513"
"124.2250","1.5516","46.1547","1.5516"
"124.2500","1.5519","46.1592","1.5519"
"124.2750","1.5522","46.1577","1.5522"
"124.3000","1.5525","46.1549","1.5525"
"124.3250","1.5528","46.1637","1.5528"
"124.3500","1.5531","46.1699","1.5531"
"124.3750","1.5534","46.1745","1.5534"
"124.4000","1.5537","46.1844","1.5537"
"124.4250","1.5541","46.1993","1.5541"
"124.4500","1.5544","46.2222","1.5544"
"124.4750","1.5547","46.2487","1.5547"
"124.5000","1.5550","46.2702","1.5550"
"124.5250","1.5553","46.2906","1.5553"
"124.5500","1.5556","46.3090","1.5556"
"124.5750","1.5559","46.3312","1.5559"
"124.6000","1.5563","46.3551","1.5563"
"124.6250","1.5566","46.3861","1.5566"
"124.6500","1.5569","46.4118","1.5569"
"124.6750","1.5572","46.4273","1.5572"
"124.7000","1.5575","46.4393","1.5575"
"124.7250","1.5578","46.4399","1.5578"
"124.7500","1.5581","46.4408","1.5581"
"124.7750","1.5584","46.4389","1.5584"
"124.8000","1.5587","46.4356","1.5587"
"124.8250","1.5590","46.4457","1.5590"
"124.8500","1.5593","46.4763","1.5593"
"124.8750","1.5596","46.4866","1.5596"
"124.9000","1.5599","46.4788","1.5599"
"124.9250","1.5602","46.4642","1.5602"
"124.9500","1.5605","46.4541","1.5605"
"124.9750","1.5608","46.4415","1.5608"
"125.0000","1.5611","46.4112","1.5611"
"125.0250","1.5614","46.3846","1.5614"
"125.0500","1.5617","46.3693","1.5617"
"125.0750","1.5620","46.3643","1.5620"
"125.1000","1.5623","46.3740","1.5623"
"125.1250","1.5626","46.4164","1.5626"
"125.1500","1.5629","46.4792","1.5629"
"125.1750","1.5632","46.5303","1.5632"
"125.2000","1.5635","46.5808","1.5635"
"125.2250","1.5639","46.6292","1.5639"
"125.2500","1.5642","46.6588","1.5642"
"125.2750","1.5645","46.6759","1.5645"
"125.3000","1.5648","46.6823","1.5648"
"125.3250","1.5651","46.6938","1.5651"
"125.3500","1.5654","46.7058","1.5654"
"125.3750","1.5657","46.7133","1.5657"
"125.4000","1.5660","46.7262","1.5660"
"125.4250","1.5663","46.7516","1.5663"
"125.4500","1.5666","46.7846","1.5666"
"125.4750","1.5669","46.8146","1.5669"
"125.5000","1.5673","46.8517","1.5673"
"125.5250","1.5676","46.8839","1.5676"
"125.5500","1.5679","46.9203","1.5679"
"125.5750","1.5682","46.9638","1.5682"
"125.6000","1.5685","47.0030","1.5685"
"125.6250","1.5689","47.0293","1.5689"
"125.6500","1.5692","47.0499","1.5692"
"125.6750","1.5695","47.0734","1.5695"
"125.7000","1.5698","47.1071","1.5698"
"125.7250","1.5701","47.1583","1.5701"
"125.7500","1.5704","47.2011","1.5704"
"125.7750","1.5708","47.2314","1.5708"
"125.8000","1.5711","47.2488","1.5711"
"125.8250","1.5714","47.2625","1.5714"
"125.8500","1.5717","47.2833","1.5717"
"125.8750","1.5720","47.3040","1.5720"
"125.9000","1.5723","47.3234","1.5723"
"125.9250","1.5726","47.3465","1.5726"
"125.9500","1.5729","47.3579","1.5729"
"125.9750","1.5732","47.3617","1.5732"
"126.0000","1.5736","47.3758","1.5736"
"126.0250","1.5739","47.4209","1.5739"
"126.0500","1.5742","47.4676","1.5742"
"126.0750","1.5745","47.5043","1.5745"
"126.1000","1.5748","47.5295","1.5748"
"126.1250","1.5752","47.5586","1.5752"
"126.1500","1.5755","47.5849","1.5755"
"126.1750","1.5758","47.6131","1.5758"
"126.2000","1.5761","47.6396","1.5761"
"126.2250","1.5764","47.6717","1.5764"
"126.2500","1.5767","47.7069","1.5767"
"126.2750","1.5771","47.7411","1.5771"
"126.3000","1.5774","47.7718","1.5774"
"126.3250","1.5777","47.7972","1.5777"
"126.3500","1.5780","47.8239","1.5780"
"126.3750","1.5783","47.8506","1.5783"
"126.4000","1.5787","47.8766","1.5787"
"126.4250","1.5790","47.9060","1.5790"
"126.4500","1.5793","47.9358","1.5793"
"126.4750","1.5796","47.9660","1.5796"
"126.5000","1.5799","47.9981","1.5799"
"126.5250","1.5803","48.0358","1.5803"
"126.5500","1.5806","48.0657","1.5806"
"126.5750","1.5809","48.0942","1.5809"
"126.6000","1.5812","48.1142","1.5812"
"126.6250","1.5815","48.1319","1.5815"
"126.6500","1.5818","48.1541","1.5818"
"126.6750","1.5822","48.1760","1.5822"
"126.7000","1.5825","48.2006","1.5825"
"126.7250","1.5828","48.2182","1.5828"
"126.7500","1.5831","48.2304","1.5831"
"126.7750","1.5834","48.2343","1.5834"
"126.8000","1.5837","48.2356","1.5837"
"126.8250","1.5840","48.2366","1.5840"
"126.8500","1.5843","48.2298","1.5843"
"126.8750","1.5846","48.2220","1.5846"
"126.9000","1.5849","48.2184","1.5849"
"126.9250","1.5852","48.2150","1.5852"
"126.9500","1.5855","48.2112","1.5855"
"126.9750","1.5858","48.2025","1.5858"
"127.0000","1.5861","48.1933","1.5861"
"127.0250","1.5864","48.1893","1.5864"
"127.0500","1.5867","48.1847","1.5867"
"127.0750","1.5870","48.1864","1.5870"
"127.1000","1.5873","48.1950","1.5873"
"127.1250","1.5877","48.2209","1.5877"
"127.1500","1.5880","48.2504","1.5880"
"127.1750","1.5883","48.2855","1.5883"
"127.2000","1.5886","48.3178","1.5886"
"127.2250","1.5889","48.3374","1.5889"
"127.2500","1.5892","48.3615","1.5892"
"127.2750","1.5895","48.3880","1.5895"
"127.3000","1.5899","48.4053","1.5899"
"127.3250","1.5902","48.4181","1.5902"
"127.3500","1.5905","48.4435","1.5905"
"127.3750","1.5908","48.4750","1.5908"
"127.4000","1.5911","48.5106","1.5911"
"127.4250","1.5914","48.5310","1.5914"
"127.4500","1.5917","48.5384","1.5917"
"127.4750","1.5920","48.5510","1.5920"
"127.5000","1.5923","48.5873","1.5923"
"127.5250","1.5927","48.6382","1.5927"
"127.5500","1.5930","48.6868","1.5930"
"127.5750","1.5933","48.7398","1.5933"
"127.6000","1.5936","48.7957","1.5936"
"127.6250","1.5940","48.8541","1.5940"
"127.6500","1.5943","48.9044","1.5943"
"127.6750","1.5946","48.9539","1.5946"
"127.7000","1.5950","49.0043","1.5950"
"127.7250","1.5953","49.0426","1.5953"
"127.7500","1.5956","49.0554","1.5956"
"127.7750","1.5959","49.0720","1.5959"
"127.8000","1.5962","49.0938","1.5962"
"127.8250","1.5965","49.1121","1.5965"
"127.8500","1.5969","49.1239","1.5969"
"127.8750","1.5972","49.1495","1.5972"
"127.9000","1.5975","49.1750","1.5975"
"127.9250","1.5978","49.1964","1.5978"
"127.9500","1.5981","49.2183","1.5981"
"127.9750","1.5984","49.2438","1.5984"
"128.0000","1.5988","49.2741","1.5988"
"128.0250","1.5991","49.3010","1.5991"
"128.0500","1.5994","49.3186","1.5994"
"128.0750","1.5997","49.3249","1.5997"
"128.1000","1.6000","49.3265","1.6000"
"128.1250","1.6003","49.3297","1.6003"
"128.1500","1.6006","49.3232","1.6006"
"128.1750","1.6009","49.3190","1.6009"
"128.2000","1.6012","49.3143","1.6012"
"128.2250","1.6015","49.3000","1.6015"
"128.2500","1.6018","49.2851","1.6018"
"128.2750","1.6021","49.2655","1.6021"
"128.3000","1.6024","49.2428","1.6024"
"128.3250","1.6027","49.2158","1.6027"
"128.3500","1.6030","49.1911","1.6030"
"128.3750","1.6032","49.1768","1.6032"
"128.4000","1.6035","49.1853","1.6035"
"128.4250","1.6038","49.2108","1.6038"
"128.4500","1.6042","49.2562","1.6042"
"128.4750","1.6045","49.3152","1.6045"
"128.5000","1.6048","49.3687","1.6048"
"128.5250","1.6051","49.4163","1.6051"
"128.5500","1.6055","49.4611","1.6055"
"128.5750","1.6058","49.4952","1.6058"
"128.6000","1.6061","49.5095","1.6061"
"128.6250","1.6064","49.5075","1.6064"
"128.6500","1.6067","49.4952","1.6067"
"128.6750","1.6070","49.4838","1.6070"
"128.7000","1.6073","49.4813","1.6073"
"128.7250","1.6076","49.4909","1.6076"
"128.7500","1.6079","49.5136","1.6079"
"128.7750","1.6082","49.5392","1.6082"
"128.8000","1.6085","49.5678","1.6085"
"128.8250","1.6089","49.5973","1.6089"
"128.8500","1.6092","49.6237","1.6092"
"128.8750","1.6095","49.6538","1.6095"
"128.9000","1.6098","49.6836","1.6098"
"128.9250","1.6101","49.7104","1.6101"
"128.9500","1.6104","49.7313","1.6104"
"128.9750","1.6107","49.7454","1.6107"
"129.0000","1.6111","49.7558","1.6111"
"129.0250","1.6114","49.7713","1.6114"
"129.0500","1.6117","49.7931","1.6117"
"129.0750","1.6120","49.8192","1.6120"
"129.1000","1.6123","49.8505","1.6123"
"129.1250","1.6126","49.8869","1.6126"
"129.1500","1.6129","49.9308","1.6129"
"129.1750","1.6133","49.9682","1.6133"
"129.2000","1.6136","49.9926","1.6136"
"129.2250","1.6139","50.0027","1.6139"
"129.2500","1.6142","50.0055","1.6142"
"129.2750","1.6145","50.0088","1.6145"
"129.3000","1.6148","50.0230","1.6148"
"129.3250","1.6151","50.0474","1.6151"
"129.3500","1.6154","50.0603","1.6154"
"129.3750","1.6157","50.0758","1.6157"
"129.4000","1.6160","50.1028","1.6160"
"129.4250","1.6164","50.1385","1.6164"
"129.4500","1.6167","50.1754","1.6167"
"129.4750","1.6170","50.2040","1.6170"
"129.5000","1.6173","50.2363","1.6173"
"129.5250","1.6176","50.2708","1.6176"
"129.5500","1.6179","50.3022","1.6179"
"129.5750","1.6182","50.3379","1.6182"
"129.6000","1.6186","50.3773","1.6186"
"129.6250","1.6189","50.4176","1.6189"
"129.6500","1.6192","50.4556","1.6192"
"129.6750","1.6195","50.4946","1.6195"
"129.7000","1.6198","50.5353","1.6198"
"129.7250","1.6201","50.5727","1.6201"
"129.7500","1.6205","50.5995","1.6205"
"129.7750","1.6208","50.6135","1.6208"
"129.8000","1.6211","50.6282","1.6211"
"129.8250","1.6214","50.6486","1.6214"
"129.8500","1.6217","50.6668","1.6217"
"129.8750","1.6220","50.6864","1.6220"
"129.9000","1.6223","50.7033","1.6223"
"129.9250","1.6226","50.7279","1.6226"
"129.9500","1.6229","50.7557","1.6229"
"129.9750","1.6232","50.7819","1.6232"
"130.0000","1.6236","50.8014","1.6236"
"130.0250","1.6239","50.8227","1.6239"
"130.0500","1.6242","50.8466","1.6242"
"130.0750","1.6245","50.8677","1.6245"
"130.1000","1.6248","50.8867","1.6248"
"130.1250","1.6251","50.9133","1.6251"
"130.1500","1.6254","50.9366","1.6254"
"130.1750","1.6257","50.9752","1.6257"
"130.2000","1.6261","51.0219","1.6261"
"130.2250","1.6264","51.0656","1.6264"
"130.2500","1.6267","51.1038","1.6267"
"130.2750","1.6270","51.1386","1.6270"
"130.3000","1.6273","51.1518","1.6273"
"130.3250","1.6276","51.1666","1.6276"
"130.3500","1.6279","51.1932","1.6279"
"130.3750","1.6283","51.2207","1.6283"
"130.4000","1.6286","51.2456","1.6286"
"130.4250","1.6289","51.2779","1.6289"
"130.4500","1.6292","51.3075","1.6292"
"130.4750","1.6295","51.3305","1.6295"
"130.5000","1.6298","51.3460","1.6298"
"130.5250","1.6301","51.3699","1.6301"
"130.5500","1.6304","51.4060","1.6304"
"130.5750","1.6308","51.4572","1.6308"
"130.6000","1.6311","51.5064","1.6311"
"130.6250","1.6314","51.5467","1.6314"
"130.6500","1.6317","51.5750","1.6317"
"130.6750","1.6320","51.5939","1.6320"
"130.7000","1.6323","51.6178","1.6323"
"130.7250","1.6327","51.6502","1.6327"
"130.7500","1.6330","51.6793","1.6330"
"130.7750","1.6333","51.7021","1.6333"
"130.8000","1.6336","51.7235","1.6336"
"130.8250","1.6339","51.7544","1.6339"
"130.8500","1.6342","51.7847","1.6342"
"130.8750","1.6345","51.8133","1.6345"
"130.9000","1.6349","51.8517","1.6349"
"130.9250","1.6352","51.8835","1.6352"
"130.9500","1.6355","51.8942","1.6355"
"130.9750","1.6358","51.9148","1.6358"
"131.0000","1.6361","51.9501","1.6361"
"131.0250","1.6364","51.9673","1.6364"
"131.0500","1.6367","51.9820","1.6367"
"131.0750","1.6371","52.0168","1.6371"
"131.1000","1.6374","52.0432","1.6374"
"131.1250","1.6377","52.0566","1.6377"
"131.1500","1.6380","52.0654","1.6380"
"131.1750","1.6383","52.0811","1.6383"
"131.2000","1.6386","52.1140","1.6386"
"131.2250","1.6390","52.1582","1.6390"
"131.2500","1.6393","52.1939","1.6393"
"131.2750","1.6396","52.2198","1.6396"
"131.3000","1.6399","52.2346","1.6399"
"131.3250","1.6402","52.2489","1.6402"
"131.3500","1.6406","52.2601","1.6406"
"131.3750","1.6409","52.2613","1.6409"
"131.4000","1.6412","52.2633","1.6412"
"131.4250","1.6415","52.2742","1.6415"
"131.4500","1.6418","52.2854","1.6418"
"131.4750","1.6421","52.2910","1.6421"
"131.5000","1.6424","52.2830","1.6424"
"131.5250","1.6427","52.2700","1.6427"
"131.5500","1.6430","52.2578","1.6430"
"131.5750","1.6433","52.2468","1.6433"
"131.6000","1.6436","52.2364","1.6436"
"131.6250","1.6439","52.2277","1.6439"
"131.6500","1.6442","52.2218","1.6442"
"131.6750","1.6445","52.2181","1.6445"
"131.7000","1.6448","52.2193","1.6448"
"131.7250","1.6451","52.2301","1.6451"
"131.7500","1.6454","52.2582","1.6454"
"131.7750","1.6458","52.2993","1.6458"
"131.8000","1.6461","52.3503","1.6461"
"131.8250","1.6464","52.4058","1.6464"
"131.8500","1.6467","52.4552","1.6467"
"131.8750","1.6470","52.5016","1.6470"
"131.9000","1.6474","52.5448","1.6474"
"131.9250","1.6477","52.5834","1.6477"
"131.9500","1.6480","52.6203","1.6480"
"131.9750","1.6483","52.6551","1.6483"
"132.0000","1.6486","52.6985","1.6486"
"132.0250","1.6490","52.7463","1.6490"
"132.0500","1.6493","52.7993","1.6493"
"132.0750","1.6496","52.8552","1.6496"
"132.1000","1.6499","52.9089","1.6499"
"132.1250","1.6503","52.9585","1.6503"
"132.1500","1.6506","53.0044","1.6506"
"132.1750","1.6509","53.0574","1.6509"
"132.2000","1.6512","53.1153","1.6512"
"132.2250","1.6516","53.1774","1.6516"
"132.2500","1.6519","53.2389","1.6519"
"132.2750","1.6522","53.2854","1.6522"
"132.3000","1.6525","53.3056","1.6525"
"132.3250","1.6528","53.3139","1.6528"
"132.3500","1.6532","53.3235","1.6532"
"132.3750","1.6535","53.3404","1.6535"
"132.4000","1.6538","53.3682","1.6538"
"132.4250","1.6541","53.4043","1.6541"
"132.4500","1.6544","53.4434","1.6544"
"132.4750","1.6547","53.4828","1.6547"
"132.5000","1.6550","53.5199","1.6550"
"132.5250","1.6554","53.5651","1.6554"
"132.5500","1.6557","53.6063","1.6557"
"132.5750","1.6560","53.6376","1.6560"
"132.6000","1.6563","53.6660","1.6563"
"132.6250","1.6566","53.6921","1.6566"
"132.6500","1.6569","53.7121","1.6569"
"132.6750","1.6572","53.7321","1.6572"
"132.7000","1.6575","53.7451","1.6575"
"132.7250","1.6578","53.7576","1.6578"
"132.7500","1.6581","53.7745","1.6581"
"132.7750","1.6584","53.7960","1.6584"
"132.8000","1.6587","53.8159","1.6587"
"132.8250","1.6591","53.8395","1.6591"
"132.8500","1.6594","53.8619","1.6594"
"132.8750","1.6597","53.8825","1.6597"
"132.9000","1.6600","53.9094","1.6600"
"132.9250","1.6603","53.9425","1.6603"
"132.9500","1.6606","53.9894","1.6606"
"132.9750","1.6609","54.0379","1.6609"
"133.0000","1.6613","54.0826","1.6613"
"133.0250","1.6616","54.1325","1.6616"
"133.0500","1.6619","54.1757","1.6619"
"133.0750","1.6622","54.2148","1.6622"
"133.1000","1.6625","54.2354","1.6625"
"133.1250","1.6628","54.2487","1.6628"
"133.1500","1.6631","54.2617","1.6631"
"133.1750","1.6634","54.2816","1.6634"
"133.2000","1.6638","54.3032","1.6638"
"133.2250","1.6641","54.3391","1.6641"
"133.2500","1.6644","54.3766","1.6644"
"133.2750","1.6647","54.4067","1.6647"
"133.3000","1.6650","54.4372","1.6650"
"133.3250","1.6653","54.4661","1.6653"
"133.3500","1.6656","54.4934","1.6656"
"133.3750","1.6659","54.5219","1.6659"
"133.4000","1.6663","54.5553","1.6663"
"133.4250","1.6666","54.5859","1.6666"
"133.4500","1.6669","54.6142","1.6669"
"133.4750","1.6672","54.6362","1.6672"
"133.5000","1.6675","54.6489","1.6675"
"133.5250","1.6678","54.6718","1.6678"
"133.5500","1.6681","54.7028","1.6681"
"133.5750","1.6684","54.7369","1.6684"
"133.6000","1.6688","54.7690","1.6688"
"133.6250","1.6691","54.8012","1.6691"
"133.6500","1.6694","54.8265","1.6694"
"133.6750","1.6697","54.8511","1.6697"
"133.7000","1.6700","54.8758","1.6700"
"133.7250","1.6703","54.9007","1.6703"
"133.7500","1.6706","54.9222","1.6706"
"133.7750","1.6709","54.9435","1.6709"
"133.8000","1.6712","54.9695","1.6712"
"133.8250","1.6716","54.9907","1.6716"
"133.8500","1.6719","55.0259","1.6719"
"133.8750","1.6722","55.0657","1.6722"
"133.9000","1.6725","55.1004","1.6725"
"133.9250","1.6728","55.1364","1.6728"
"133.9500","1.6732","55.1688","1.6732"
"133.9750","1.6735","55.1885","1.6735"
"134.0000","1.6738","55.2004","1.6738"
"134.0250","1.6741","55.2017","1.6741"
"134.0500","1.6744","55.2063","1.6744"
"134.0750","1.6747","55.2182","1.6747"
"134.1000","1.6750","55.2368","1.6750"
"134.1250","1.6753","55.2506","1.6753"
"134.1500","1.6757","55.2625","1.6757"
"134.1750","1.6760","55.2696","1.6760"
"134.2000","1.6763","55.2635","1.6763"
"134.2250","1.6766","55.2491","1.6766"
"134.2500","1.6769","55.2404","1.6769"
"134.2750","1.6772","55.2347","1.6772"
"134.3000","1.6775","55.2347","1.6775"
"134.3250","1.6778","55.2381","1.6778"
"134.3500","1.6781","55.2433","1.6781"
"134.3750","1.6784","55.2548","1.6784"
"134.4000","1.6788","55.2654","1.6788"
"134.4250","1.6791","55.2765","1.6791"
"134.4500","1.6794","55.2841","1.6794"
"134.4750","1.6797","55.2863","1.6797"
"134.5000","1.6800","55.2864","1.6800"
"134.5250","1.6803","55.2836","1.6803"
"134.5500","1.6806","55.2848","1.6806"
"134.5750","1.6809","55.2901","1.6809"
"134.6000","1.6812","55.3012","1.6812"
"134.6250","1.6816","55.3180","1.6816"
"134.6500","1.6819","55.3367","1.6819"
"134.6750","1.6822","55.3546","1.6822"
"134.7000","1.6825","55.3691","1.6825"
"134.7250","1.6828","55.3951","1.6828"
"134.7500","1.6831","55.4314","1.6831"
"134.7750","1.6834","55.4576","1.6834"
"134.8000","1.6838","55.4799","1.6838"
"134.8250","1.6841","55.5020","1.6841"
"134.8500","1.6844","55.5261","1.6844"
"134.8750","1.6847","55.5513","1.6847"
"134.9000","1.6850","55.5739","1.6850"
"134.9250","1.6853","55.5862","1.6853"
"134.9500","1.6856","55.5949","1.6856"
"134.9750","1.6859","55.6138","1.6859"
"135.0000","1.6862","55.6552","1.6862"
"135.0250","1.6866","55.6945","1.6866"
"135.0500","1.6869","55.7240","1.6869"
"135.0750","1.6872","55.7610","1.6872"
"135.1000","1.6875","55.7932","1.6875"
"135.1250","1.6878","55.8104","1.6878"
"135.1500","1.6881","55.8243","1.6881"
"135.1750","1.6884","55.8276","1.6884"
"135.2000","1.6887","55.8253","1.6887"
"135.2250","1.6890","55.8197","1.6890"
"135.2500","1.6893","55.8001","1.6893"
"135.2750","1.6896","55.7805","1.6896"
"135.3000","1.6899","55.7660","1.6899"
"135.3250","1.6901","55.7483","1.6901"
"135.3500","1.6904","55.7430","1.6904"
"135.3750","1.6907","55.7602","1.6907"
"135.4000","1.6910","55.7977","1.6910"
"135.4250","1.6914","55.8613","1.6914"
"135.4500","1.6917","55.9400","1.6917"
"135.4750","1.6920","56.0215","1.6920"
"135.5000","1.6923","56.0996","1.6923"
"135.5250","1.6927","56.1624","1.6927"
"135.5500","1.6930","56.2034","1.6930"
"135.5750","1.6933","56.2173","1.6933"
"135.6000","1.6936","56.2198","1.6936"
"135.6250","1.6939","56.2248","1.6939"
"135.6500","1.6942","56.2280","1.6942"
"135.6750","1.6945","56.2349","1.6945"
"135.7000","1.6948","56.2565","1.6948"
"135.7250","1.6951","56.2853","1.6951"
"135.7500","1.6954","56.3232","1.6954"
"135.7750","1.6957","56.3685","1.6957"
"135.8000","1.6960","56.4245","1.6960"
"135.8250","1.6963","56.4922","1.6963"
"135.8500","1.6966","56.5571","1.6966"
"135.8750","1.6970","56.5972","1.6970"
"135.9000","1.6973","56.6260","1.6973"
"135.9250","1.6976","56.6614","1.6976"
"135.9500","1.6979","56.6994","1.6979"
"135.9750","1.6982","56.7538","1.6982"
"136.0000","1.6985","56.8118","1.6985"
"136.0250","1.6988","56.8617","1.6988"
"136.0500","1.6992","56.9145","1.6992"
"136.0750","1.6995","56.9706","1.6995"
"136.1000","1.6998","57.0370","1.6998"
"136.1250","1.7001","57.1079","1.7001"
"136.1500","1.7005","57.1719","1.7005"
"136.1750","1.7008","57.2245","1.7008"
"136.2000","1.7011","57.2613","1.7011"
"136.2250","1.7014","57.2876","1.7014"
"136.2500","1.7017","57.3076","1.7017"
"136.2750","1.7020","57.3251","1.7020"
"136.3000","1.7023","57.3448","1.7023"
"136.3250","1.7026","57.3716","1.7026"
"136.3500","1.7029","57.4135","1.7029"
"136.3750","1.7033","57.4652","1.7033"
"136.4000","1.7036","57.5159","1.7036"
"136.4250","1.7039","57.5625","1.7039"
"136.4500","1.7042","57.6002","1.7042"
"136.4750","1.7045","57.6397","1.7045"
"136.5000","1.7048","57.6704","1.7048"
"136.5250","1.7051","57.6997","1.7051"
"136.5500","1.7055","57.7337","1.7055"
"136.5750","1.7058","57.7629","1.7058"
"136.6000","1.7061","57.7995","1.7061"
"136.6250","1.7064","57.8414","1.7064"
"136.6500","1.7067","57.8729","1.7067"
"136.6750","1.7070","57.8955","1.7070"
"136.7000","1.7073","57.9239","1.7073"
"136.7250","1.7076","57.9551","1.7076"
"136.7500","1.7080","57.9879","1.7080"
"136.7750","1.7083","58.0266","1.7083"
"136.8000","1.7086","58.0636","1.7086"
"136.8250","1.7089","58.1032","1.7089"
"136.8500","1.7092","58.1411","1.7092"
"136.8750","1.7095","58.1812","1.7095"
"136.9000","1.7098","58.2193","1.7098"
"136.9250","1.7102","58.2481","1.7102"
"136.9500","1.7105","58.2846","1.7105"
"136.9750","1.7108","58.3244","1.7108"
"137.0000","1.7111","58.3628","1.7111"
"137.0250","1.7114","58.3885","1.7114"
"137.0500","1.7117","58.4060","1.7117"
"137.0750","1.7120","58.4206","1.7120"
"137.1000","1.7123","58.4387","1.7123"
"137.1250","1.7127","58.4645","1.7127"
"137.1500","1.7130","58.4980","1.7130"
"137.1750","1.7133","58.5237","1.7133"
"137.2000","1.7136","58.5495","1.7136"
"137.2250","1.7139","58.5778","1.7139"
"137.2500","1.7142","58.6088","1.7142"
"137.2750","1.7146","58.6420","1.7146"
"137.3000","1.7149","58.6757","1.7149"
"137.3250","1.7152","58.7005","1.7152"
"137.3500","1.7155","58.7245","1.7155"
"137.3750","1.7158","58.7499","1.7158"
"137.4000","1.7161","58.7714","1.7161"
"137.4250","1.7164","58.7925","1.7164"
"137.4500","1.7167","58.8150","1.7167"
"137.4750","1.7171","58.8288","1.7171"
"137.5000","1.7174","58.8407","1.7174"
"137.5250","1.7177","58.8548","1.7177"
"137.5500","1.7180","58.8657","1.7180"
"137.5750","1.7183","58.8826","1.7183"
"137.6000","1.7186","58.9110","1.7186"
"137.6250","1.7189","58.9462","1.7189"
"137.6500","1.7192","58.9818","1.7192"
"137.6750","1.7195","59.0218","1.7195"
"137.7000","1.7199","59.0624","1.7199"
"137.7250","1.7202","59.0964","1.7202"
"137.7500","1.7205","59.1333","1.7205"
"137.7750","1.7208","59.1793","1.7208"
"137.8000","1.7211","59.2304","1.7211"
"137.8250","1.7214","59.2882","1.7214"
"137.8500","1.7218","59.3563","1.7218"
"137.8750","1.7221","59.4245","1.7221"
"137.9000","1.7224","59.4942","1.7224"
"137.9250","1.7228","59.5689","1.7228"
"137.9500","1.7231","59.6449","1.7231"
"137.9750","1.7234","59.7242","1.7234"
"138.0000","1.7238","59.8061","1.7238"
"138.0250","1.7241","59.8818","1.7241"
"138.0500","1.7244","59.9428","1.7244"
"138.0750","1.7247","59.9811","1.7247"
"138.1000","1.7250","60.0051","1.7250"
"138.1250","1.7253","60.0182","1.7253"
"138.1500","1.7257","60.0307","1.7257"
"138.1750","1.7260","60.0373","1.7260"
"138.2000","1.7262","60.0400","1.7262"
"138.2250","1.7265","60.0489","1.7265"
"138.2500","1.7268","60.0658","1.7268"
"138.2750","1.7271","60.0829","1.7271"
"138.3000","1.7275","60.1024","1.7275"
"138.3250","1.7278","60.1269","1.7278"
"138.3500","1.7281","60.1552","1.7281"
"138.3750","1.7284","60.1833","1.7284"
"138.4000","1.7287","60.2217","1.7287"
"138.4250","1.7290","60.2666","1.7290"
"138.4500","1.7293","60.3180","1.7293"
"138.4750","1.7296","60.3739","1.7296"
"138.5000","1.7299","60.4260","1.7299"
"138.5250","1.7302","60.4808","1.7302"
"138.5500","1.7305","60.5351","1.7305"
"138.5750","1.7309","60.6019","1.7309"
"138.6000","1.7312","60.6826","1.7312"
"138.6250","1.7315","60.7682","1.7315"
"138.6500","1.7319","60.8598","1.7319"
"138.6750","1.7322","60.9587","1.7322"
"138.7000","1.7325","61.0394","1.7325"
"138.7250","1.7328","61.0921","1.7328"
"138.7500","1.7332","61.1352","1.7332"
"138.7750","1.7335","61.1770","1.7335"
"138.8000","1.7338","61.2157","1.7338"
"138.8250","1.7341","61.2393","1.7341"
"138.8500","1.7344","61.2612","1.7344"
"138.8750","1.7347","61.2873","1.7347"
"138.9000","1.7350","61.3205","1.7350"
"138.9250","1.7353","61.3558","1.7353"
"138.9500","1.7356","61.3970","1.7356"
"138.9750","1.7360","61.4443","1.7360"
"139.0000","1.7363","61.4957","1.7363"
"139.0250","1.7366","61.5514","1.7366"
"139.0500","1.7369","61.6110","1.7369"
"139.0750","1.7372","61.6730","1.7372"
"139.1000","1.7376","61.7216","1.7376"
"139.1250","1.7379","61.7605","1.7379"
"139.1500","1.7382","61.7814","1.7382"
"139.1750","1.7385","61.7963","1.7385"
"139.2000","1.7388","61.8152","1.7388"
"139.2250","1.7391","61.8407","1.7391"
"139.2500","1.7394","61.8739","1.7394"
"139.2750","1.7397","61.9192","1.7397"
"139.3000","1.7400","61.9695","1.7400"
"139.3250","1.7404","62.0146","1.7404"
"139.3500","1.7407","62.0402","1.7407"
"139.3750","1.7410","62.0573","1.7410"
"139.4000","1.7413","62.0855","1.7413"
"139.4250","1.7416","62.1126","1.7416"
"139.4500","1.7419","62.1359","1.7419"
"139.4750","1.7422","62.1557","1.7422"
"139.5000","1.7425","62.1714","1.7425"
"139.5250","1.7428","62.1882","1.7428"
"139.5500","1.7431","62.2104","1.7431"
"139.5750","1.7434","62.2306","1.7434"
"139.6000","1.7438","62.2502","1.7438"
"139.6250","1.7441","62.2790","1.7441"
"139.6500","1.7444","62.3110","1.7444"
"139.6750","1.7447","62.3390","1.7447"
"139.7000","1.7450","62.3751","1.7450"
"139.7250","1.7453","62.4075","1.7453"
"139.7500","1.7456","62.4316","1.7456"
"139.7750","1.7459","62.4468","1.7459"
"139.8000","1.7462","62.4625","1.7462"
"139.8250","1.7466","62.4879","1.7466"
"139.8500","1.7469","62.5122","1.7469"
"139.8750","1.7472","62.5312","1.7472"
"139.9000","1.7475","62.5527","1.7475"
"139.9250","1.7478","62.5711","1.7478"
"139.9500","1.7481","62.5958","1.7481"
"139.9750","1.7484","62.6210","1.7484"
"140.0000","1.7487","62.6466","1.7487"
"140.0250","1.7490","62.6737","1.7490"
"140.0500","1.7494","62.7092","1.7494"
"140.0750","1.7497","62.7528","1.7497"
"140.1000","1.7500","62.7903","1.7500"
"140.1250","1.7503","62.8231","1.7503"
"140.1500","1.7506","62.8535","1.7506"
"140.1750","1.7509","62.8964","1.7509"
"140.2000","1.7513","62.9440","1.7513"
"140.2250","1.7516","62.9984","1.7516"
"140.2500","1.7519","63.0364","1.7519"
"140.2750","1.7522","63.0418","1.7522"
"140.3000","1.7525","63.0293","1.7525"
"140.3250","1.7528","63.0166","1.7528"
"140.3500","1.7531","63.0126","1.7531"
"140.3750","1.7534","63.0141","1.7534"
"140.4000","1.7537","63.0176","1.7537"
"140.4250","1.7540","63.0223","1.7540"
"140.4500","1.7543","63.0473","1.7543"
"140.4750","1.7546","63.1049","1.7546"
"140.5000","1.7550","63.1888","1.7550"
"140.5250","1.7553","63.2845","1.7553"
"140.5500","1.7557","63.3790","1.7557"
"140.5750","1.7560","63.4514","1.7560"
"140.6000","1.7563","63.4987","1.7563"
"140.6250","1.7566","63.5374","1.7566"
"140.6500","1.7570","63.5625","1.7570"
"140.6750","1.7573","63.5702","1.7573"
"140.7000","1.7576","63.5800","1.7576"
"140.7250","1.7579","63.5788","1.7579"
"140.7500","1.7582","63.5738","1.7582"
"140.7750","1.7585","63.5706","1.7585"
"140.8000","1.7588","63.5555","1.7588"
"140.8250","1.7591","63.5430","1.7591"
"140.8500","1.7594","63.5394","1.7594"
"140.8750","1.7597","63.5427","1.7597"
"140.9000","1.7600","63.5519","1.7600"
"140.9250","1.7603","63.5530","1.7603"
"140.9500","1.7606","63.5587","1.7606"
"140.9750","1.7609","63.5531","1.7609"
"141.0000","1.7612","63.5530","1.7612"
"141.0250","1.7615","63.5552","1.7615"
"141.0500","1.7618","63.5646","1.7618"
"141.0750","1.7621","63.5825","1.7621"
"141.1000","1.7624","63.6067","1.7624"
"141.1250","1.7627","63.6395","1.7627"
"141.1500","1.7631","63.6827","1.7631"
"141.1750","1.7634","63.7205","1.7634"
"141.2000","1.7637","63.7413","1.7637"
"141.2250","1.7640","63.7555","1.7640"
"141.2500","1.7643","63.7704","1.7643"
"141.2750","1.7646","63.7898","1.7646"
"141.3000","1.7649","63.8236","1.7649"
"141.3250","1.7652","63.8509","1.7652"
"141.3500","1.7655","63.8795","1.7655"
"141.3750","1.7659","63.9144","1.7659"
"141.4000","1.7662","63.9503","1.7662"
"141.4250","1.7665","63.9757","1.7665"
"141.4500","1.7668","63.9779","1.7668"
"141.4750","1.7671","63.9753","1.7671"
"141.5000","1.7674","63.9722","1.7674"
"141.5250","1.7677","63.9690","1.7677"
"141.5500","1.7680","63.9535","1.7680"
"141.5750","1.7682","63.9337","1.7682"
"141.6000","1.7685","63.9373","1.7685"
"141.6250","1.7688","63.9742","1.7688"
"141.6500","1.7692","64.0304","1.7692"
"141.6750","1.7695","64.0932","1.7695"
"141.7000","1.7698","64.1525","1.7698"
"141.7250","1.7701","64.2101","1.7701"
"141.7500","1.7704","64.2811","1.7704"
"141.7750","1.7708","64.3497","1.7708"
"141.8000","1.7711","64.4063","1.7711"
"141.8250","1.7714","64.4434","1.7714"
"141.8500","1.7717","64.4708","1.7717"
"141.8750","1.7720","64.5011","1.7720"
"141.9000","1.7723","64.5296","1.7723"
"141.9250","1.7726","64.5637","1.7726"
"141.9500","1.7729","64.6017","1.7729"
"141.9750","1.7733","64.6479","1.7733"
"142.0000","1.7736","64.6947","1.7736"
"142.0250","1.7739","64.7310","1.7739"
"142.0500","1.7742","64.7736","1.7742"
"142.0750","1.7745","64.8208","1.7745"
"142.1000","1.7748","64.8695","1.7748"
"142.1250","1.7751","64.9091","1.7751"
"142.1500","1.7755","64.9447","1.7755"
"142.1750","1.7758","64.9874","1.7758"
"142.2000","1.7761","65.0373","1.7761"
"142.2250","1.7764","65.0892","1.7764"
"142.2500","1.7767","65.1375","1.7767"
"142.2750","1.7771","65.1912","1.7771"
"142.3000","1.7774","65.2403","1.7774"
"142.3250","1.7777","65.2814","1.7777"
"142.3500","1.7780","65.3305","1.7780"
"142.3750","1.7783","65.3749","1.7783"
"142.4000","1.7787","65.4266","1.7787"
"142.4250","1.7790","65.4731","1.7790"
"142.4500","1.7793","65.5261","1.7793"
"142.4750","1.7796","65.5960","1.7796"
"142.5000","1.7800","65.6788","1.7800"
"142.5250","1.7803","65.7625","1.7803"
"142.5500","1.7806","65.8560","1.7806"
"142.5750","1.7810","65.9426","1.7810"
"142.6000","1.7813","66.0126","1.7813"
"142.6250","1.7816","66.0649","1.7816"
"142.6500","1.7820","66.1082","1.7820"
"142.6750","1.7823","66.1455","1.7823"
"142.7000","1.7826","66.1727","1.7826"
"142.7250","1.7829","66.1903","1.7829"
"142.7500","1.7832","66.1992","1.7832"
"142.7750","1.7835","66.1987","1.7835"
"142.8000","1.7838","66.1945","1.7838"
"142.8250","1.7842","66.1986","1.7842"
"142.8500","1.7845","66.2090","1.7845"
"142.8750","1.7848","66.2117","1.7848"
"142.9000","1.7851","66.2117","1.7851"
"142.9250","1.7854","66.2101","1.7854"
"142.9500","1.7857","66.2128","1.7857"
"142.9750","1.7860","66.2179","1.7860"
"143.0000","1.7863","66.2270","1.7863"
"143.0250","1.7866","66.2359","1.7866"
"143.0500","1.7869","66.2411","1.7869"
"143.0750","1.7872","66.2496","1.7872"
"143.1000","1.7875","66.2571","1.7875"
"143.1250","1.7878","66.2713","1.7878"
"143.1500","1.7881","66.2832","1.7881"
"143.1750","1.7884","66.2973","1.7884"
"143.2000","1.7887","66.3128","1.7887"
"143.2250","1.7891","66.3334","1.7891"
"143.2500","1.7894","66.3516","1.7894"
"143.2750","1.7897","66.3638","1.7897"
"143.3000","1.7900","66.3641","1.7900"
"143.3250","1.7903","66.3584","1.7903"
"143.3500","1.7906","66.3457","1.7906"
"143.3750","1.7909","66.3369","1.7909"
"143.4000","1.7912","66.3367","1.7912"
"143.4250","1.7915","66.3468","1.7915"
"143.4500","1.7918","66.3536","1.7918"
"143.4750","1.7921","66.3642","1.7921"
"143.5000","1.7924","66.3711","1.7924"
"143.5250","1.7927","66.3822","1.7927"
"143.5500","1.7930","66.3942","1.7930"
"143.5750","1.7933","66.4046","1.7933"
"143.6000","1.7936","66.4140","1.7936"
"143.6250","1.7939","66.4315","1.7939"
"143.6500","1.7942","66.4511","1.7942"
"143.6750","1.7945","66.4749","1.7945"
"143.7000","1.7948","66.5098","1.7948"
"143.7250","1.7951","66.5548","1.7951"
"143.7500","1.7955","66.5941","1.7955"
"143.7750","1.7958","66.6307","1.7958"
"143.8000","1.7961","66.6617","1.7961"
"143.8250","1.7964","66.6870","1.7964"
"143.8500","1.7967","66.7126","1.7967"
"143.8750","1.7970","66.7513","1.7970"
"143.9000","1.7973","66.8270","1.7973"
"143.9250","1.7977","66.9046","1.7977"
"143.9500","1.7980","66.9714","1.7980"
"143.9750","1.7983","67.0448","1.7983"
"144.0000","1.7987","67.0969","1.7987"
"144.0250","1.7990","67.1452","1.7990"
"144.0500","1.7993","67.1816","1.7993"
"144.0750","1.7996","67.2256","1.7996"
"144.1000","1.7999","67.2889","1.7999"
"144.1250","1.8003","67.3652","1.8003"
"144.1500","1.8006","67.4521","1.8006"
"144.1750","1.8010","67.5284","1.8010"
"144.2000","1.8013","67.5985","1.8013"
"144.2250","1.8016","67.6562","1.8016"
"144.2500","1.8019","67.6840","1.8019"
"144.2750","1.8022","67.7080","1.8022"
"144.3000","1.8026","67.7308","1.8026"
"144.3250","1.8029","67.7473","1.8029"
"144.3500","1.8032","67.7604","1.8032"
"144.3750","1.8035","67.7850","1.8035"
"144.4000","1.8038","67.8082","1.8038"
"144.4250","1.8041","67.8304","1.8041"
"144.4500","1.8044","67.8470","1.8044"
"144.4750","1.8047","67.8738","1.8047"
"144.5000","1.8051","67.8979","1.8051"
"144.5250","1.8054","67.9209","1.8054"
"144.5500","1.8057","67.9433","1.8057"
"144.5750","1.8060","67.9816","1.8060"
"144.6000","1.8063","68.0125","1.8063"
"144.6250","1.8066","68.0462","1.8066"
"144.6500","1.8069","68.0825","1.8069"
"144.6750","1.8073","68.1218","1.8073"
"144.7000","1.8076","68.1649","1.8076"
"144.7250","1.8079","68.2207","1.8079"
"144.7500","1.8082","68.2739","1.8082"
"144.7750","1.8085","68.3222","1.8085"
"144.8000","1.8089","68.3746","1.8089"
"144.8250","1.8092","68.4452","1.8092"
"144.8500","1.8095","68.5278","1.8095"
"144.8750","1.8098","68.6059","1.8098"
"144.9000","1.8102","68.6762","1.8102"
"144.9250","1.8105","68.7439","1.8105"
"144.9500","1.8108","68.7996","1.8108"
"144.9750","1.8111","68.8430","1.8111"
"145.0000","1.8114","68.8757","1.8114"
"145.0250","1.8117","68.8866","1.8117"
"145.0500","1.8120","68.8837","1.8120"
"145.0750","1.8123","68.8891","1.8123"
"145.1000","1.8126","68.9079","1.8126"
"145.1250","1.8130","68.9454","1.8130"
"145.1500","1.8133","68.9950","1.8133"
"145.1750","1.8136","69.0516","1.8136"
"145.2000","1.8139","69.1111","1.8139"
"145.2250","1.8142","69.1679","1.8142"
"145.2500","1.8145","69.2301","1.8145"
"145.2750","1.8149","69.2730","1.8149"
"145.3000","1.8152","69.3034","1.8152"
"145.3250","1.8155","69.3263","1.8155"
"145.3500","1.8158","69.3409","1.8158"
"145.3750","1.8161","69.3519","1.8161"
"145.4000","1.8164","69.3674","1.8164"
"145.4250","1.8167","69.3844","1.8167"
"145.4500","1.8170","69.4138","1.8170"
"145.4750","1.8173","69.4523","1.8173"
"145.5000","1.8176","69.4878","1.8176"
"145.5250","1.8179","69.5290","1.8179"
"145.5500","1.8182","69.5698","1.8182"
"145.5750","1.8185","69.6071","1.8185"
"145.6000","1.8188","69.6421","1.8188"
"145.6250","1.8192","69.6717","1.8192"
"145.6500","1.8195","69.6956","1.8195"
"145.6750","1.8198","69.7114","1.8198"
"145.7000","1.8201","69.7246","1.8201"
"145.7250","1.8204","69.7413","1.8204"
"145.7500","1.8207","69.7683","1.8207"
"145.7750","1.8210","69.8119","1.8210"
"145.8000","1.8213","69.8654","1.8213"
"145.8250","1.8216","69.9146","1.8216"
"145.8500","1.8219","69.9651","1.8219"
"145.8750","1.8222","70.0320","1.8222"
"145.9000","1.8226","70.1107","1.8226"
"145.9250","1.8229","70.1865","1.8229"
"145.9500","1.8232","70.2617","1.8232"
"145.9750","1.8235","70.3510","1.8235"
"146.0000","1.8239","70.4511","1.8239"
"146.0250","1.8242","70.5622","1.8242"
"146.0500","1.8245","70.6669","1.8245"
"146.0750","1.8249","70.7622","1.8249"
"146.1000","1.8252","70.8452","1.8252"
"146.1250","1.8255","70.9125","1.8255"
"146.1500","1.8258","70.9716","1.8258"
"146.1750","1.8262","71.0179","1.8262"
"146.2000","1.8265","71.0576","1.8265"
"146.2250","1.8268","71.0835","1.8268"
"146.2500","1.8271","71.0991","1.8271"
"146.2750","1.8274","71.1128","1.8274"
"146.3000","1.8277","71.1235","1.8277"
"146.3250","1.8280","71.1372","1.8280"
"146.3500","1.8283","71.1506","1.8283"
"146.3750","1.8286","71.1649","1.8286"
"146.4000","1.8289","71.1833","1.8289"
"146.4250","1.8292","71.2183","1.8292"
"146.4500","1.8295","71.2702","1.8295"
"146.4750","1.8298","71.3481","1.8298"
"146.5000","1.8302","71.4397","1.8302"
"146.5250","1.8305","71.5317","1.8305"
"146.5500","1.8308","71.6108","1.8308"
"146.5750","1.8311","71.6776","1.8311"
"146.6000","1.8315","71.7475","1.8315"
"146.6250","1.8318","71.8185","1.8318"
"146.6500","1.8321","71.8925","1.8321"
"146.6750","1.8324","71.9747","1.8324"
"146.7000","1.8327","72.0404","1.8327"
"146.7250","1.8331","72.0902","1.8331"
"146.7500","1.8334","72.1434","1.8334"
"146.7750","1.8337","72.2125","1.8337"
"146.8000","1.8340","72.2925","1.8340"
"146.8250","1.8343","72.3648","1.8343"
"146.8500","1.8347","72.4260","1.8347"
"146.8750","1.8350","72.4669","1.8350"
"146.9000","1.8353","72.4882","1.8353"
"146.9250","1.8356","72.4904","1.8356"
"146.9500","1.8359","72.4775","1.8359"
"146.9750","1.8362","72.4768","1.8362"
"147.0000","1.8365","72.4939","1.8365"
"147.0250","1.8368","72.5163","1.8368"
"147.0500","1.8371","72.5539","1.8371"
"147.0750","1.8374","72.6010","1.8374"
"147.1000","1.8377","72.6342","1.8377"
"147.1250","1.8380","72.6459","1.8380"
"147.1500","1.8383","72.6469","1.8383"
"147.1750","1.8386","72.6427","1.8386"
"147.2000","1.8389","72.6422","1.8389"
"147.2250","1.8392","72.6499","1.8392"
"147.2500","1.8395","72.6692","1.8395"
"147.2750","1.8398","72.7068","1.8398"
"147.3000","1.8401","72.7648","1.8401"
"147.3250","1.8404","72.8379","1.8404"
"147.3500","1.8407","72.9166","1.8407"
"147.3750","1.8411","72.9855","1.8411"
"147.4000","1.8414","73.0491","1.8414"
"147.4250","1.8417","73.1070","1.8417"
"147.4500","1.8420","73.1388","1.8420"
"147.4750","1.8423","73.1537","1.8423"
"147.5000","1.8426","73.1702","1.8426"
"147.5250","1.8429","73.1843","1.8429"
"147.5500","1.8432","73.2030","1.8432"
"147.5750","1.8435","73.2288","1.8435"
"147.6000","1.8439","73.2733","1.8439"
"147.6250","1.8442","73.3275","1.8442"
"147.6500","1.8445","73.3888","1.8445"
"147.6750","1.8448","73.4562","1.8448"
"147.7000","1.8451","73.5266","1.8451"
"147.7250","1.8455","73.5965","1.8455"
"147.7500","1.8458","73.6611","1.8458"
"147.7750","1.8461","73.7098","1.8461"
"147.8000","1.8464","73.7510","1.8464"
"147.8250","1.8468","73.7730","1.8468"
"147.8500","1.8471","73.7632","1.8471"
"147.8750","1.8473","73.7309","1.8473"
"147.9000","1.8476","73.6907","1.8476"
"147.9250","1.8479","73.6493","1.8479"
"147.9500","1.8482","73.6104","1.8482"
"147.9750","1.8485","73.5822","1.8485"
"148.0000","1.8488","73.5807","1.8488"
"148.0250","1.8491","73.6006","1.8491"
"148.0500","1.8494","73.6425","1.8494"
"148.0750","1.8497","73.6980","1.8497"
"148.1000","1.8501","73.7538","1.8501"
"148.1250","1.8504","73.7970","1.8504"
"148.1500","1.8507","73.8240","1.8507"
"148.1750","1.8510","73.8455","1.8510"
"148.2000","1.8513","73.8565","1.8513"
"148.2250","1.8516","73.8607","1.8516"
"148.2500","1.8519","73.8649","1.8519"
"148.2750","1.8522","73.8818","1.8522"
"148.3000","1.8525","73.9052","1.8525"
"148.3250","1.8528","73.9441","1.8528"
"148.3500","1.8531","73.9963","1.8531"
"148.3750","1.8534","74.0572","1.8534"
"148.4000","1.8538","74.1158","1.8538"
"148.4250","1.8541","74.1667","1.8541"
"148.4500","1.8544","74.2108","1.8544"
"148.4750","1.8547","74.2495","1.8547"
"148.5000","1.8550","74.2907","1.8550"
"148.5250","1.8553","74.3185","1.8553"
"148.5500","1.8556","74.3434","1.8556"
"148.5750","1.8559","74.3661","1.8559"
"148.6000","1.8562","74.3771","1.8562"
"148.6250","1.8565","74.3812","1.8565"
"148.6500","1.8568","74.3910","1.8568"
"148.6750","1.8571","74.3909","1.8571"
"148.7000","1.8574","74.3803","1.8574"
"148.7250","1.8577","74.3590","1.8577"
"148.7500","1.8580","74.3482","1.8580"
"148.7750","1.8583","74.3379","1.8583"
"148.8000","1.8585","74.3467","1.8585"
"148.8250","1.8589","74.3900","1.8589"
"148.8500","1.8592","74.4507","1.8592"
"148.8750","1.8595","74.5126","1.8595"
"148.9000","1.8598","74.5789","1.8598"
"148.9250","1.8601","74.6579","1.8601"
"148.9500","1.8604","74.7323","1.8604"
"148.9750","1.8607","74.8018","1.8607"
"149.0000","1.8611","74.8631","1.8611"
"149.0250","1.8614","74.9220","1.8614"
"149.0500","1.8617","74.9810","1.8617"
"149.0750","1.8620","75.0400","1.8620"
"149.1000","1.8623","75.0884","1.8623"
"149.1250","1.8626","75.1300","1.8626"
"149.1500","1.8629","75.1640","1.8629"
"149.1750","1.8632","75.1807","1.8632"
"149.2000","1.8635","75.2018","1.8635"
"149.2250","1.8639","75.2387","1.8639"
"149.2500","1.8642","75.2924","1.8642"
"149.2750","1.8645","75.3542","1.8645"
"149.3000","1.8648","75.4065","1.8648"
"149.3250","1.8651","75.4490","1.8651"
"149.3500","1.8654","75.5024","1.8654"
"149.3750","1.8657","75.5616","1.8657"
"149.4000","1.8661","75.6071","1.8661"
"149.4250","1.8664","75.6457","1.8664"
"149.4500","1.8667","75.6989","1.8667"
"149.4750","1.8670","75.7458","1.8670"
"149.5000","1.8673","75.7774","1.8673"
"149.5250","1.8676","75.7899","1.8676"
"149.5500","1.8679","75.7980","1.8679"
"149.5750","1.8682","75.8194","1.8682"
"149.6000","1.8685","75.8526","1.8685"
"149.6250","1.8688","75.9064","1.8688"
"149.6500","1.8692","75.9829","1.8692"
"149.6750","1.8695","76.0620","1.8695"
"149.7000","1.8698","76.1445","1.8698"
"149.7250","1.8701","76.2220","1.8701"
"149.7500","1.8704","76.3069","1.8704"
"149.7750","1.8708","76.3851","1.8708"
"149.8000","1.8711","76.4404","1.8711"
"149.8250","1.8714","76.4836","1.8714"
"149.8500","1.8717","76.5311","1.8717"
"149.8750","1.8720","76.5872","1.8720"
"149.9000","1.8723","76.6290","1.8723"
"149.9250","1.8727","76.6630","1.8727"
"149.9500","1.8730","76.6892","1.8730"
"149.9750","1.8733","76.7168","1.8733"
"150.0000","1.8736","76.7571","1.8736"
"150.0250","1.8739","76.8080","1.8739"
"150.0500","1.8742","76.8672","1.8742"
"150.0750","1.8745","76.9514","1.8745"
"150.1000","1.8749","77.0287","1.8749"
"150.1250","1.8752","77.0994","1.8752"
"150.1500","1.8755","77.1844","1.8755"
"150.1750","1.8758","77.2631","1.8758"
"150.2000","1.8761","77.3429","1.8761"
"150.2250","1.8765","77.4286","1.8765"
"150.2500","1.8768","77.5025","1.8768"
"150.2750","1.8771","77.5963","1.8771"
"150.3000","1.8775","77.6988","1.8775"
"150.3250","1.8778","77.8152","1.8778"
"150.3500","1.8781","77.9225","1.8781"
"150.3750","1.8785","78.0046","1.8785"
"150.4000","1.8788","78.0633","1.8788"
"150.4250","1.8791","78.0878","1.8791"
"150.4500","1.8794","78.1037","1.8794"
"150.4750","1.8797","78.1284","1.8797"
"150.5000","1.8800","78.1572","1.8800"
"150.5250","1.8803","78.1861","1.8803"
"150.5500","1.8807","78.2097","1.8807"
"150.5750","1.8810","78.2326","1.8810"
"150.6000","1.8813","78.2732","1.8813"
"150.6250","1.8816","78.3300","1.8816"
"150.6500","1.8819","78.3927","1.8819"
"150.6750","1.8822","78.4539","1.8822"
"150.7000","1.8826","78.5107","1.8826"
"150.7250","1.8829","78.5576","1.8829"
"150.7500","1.8832","78.6087","1.8832"
"150.7750","1.8835","78.6682","1.8835"
"150.8000","1.8838","78.7170","1.8838"
"150.8250","1.8842","78.7470","1.8842"
"150.8500","1.8845","78.7702","1.8845"
"150.8750","1.8848","78.7859","1.8848"
"150.9000","1.8851","78.7964","1.8851"
"150.9250","1.8854","78.8145","1.8854"
"150.9500","1.8857","78.8315","1.8857"
"150.9750","1.8860","78.8180","1.8860"
"151.0000","1.8863","78.8049","1.8863"
"151.0250","1.8866","78.7918","1.8866"
"151.0500","1.8869","78.7940","1.8869"
"151.0750","1.8872","78.8148","1.8872"
"151.1000","1.8875","78.8501","1.8875"
"151.1250","1.8879","78.8922","1.8879"
"151.1500","1.8882","78.9390","1.8882"
"151.1750","1.8885","78.9797","1.8885"
"151.2000","1.8888","79.0149","1.8888"
"151.2250","1.8891","79.0471","1.8891"
"151.2500","1.8894","79.0839","1.8894"
"151.2750","1.8897","79.1201","1.8897"
"151.3000","1.8901","79.1509","1.8901"
"151.3250","1.8904","79.1806","1.8904"
"151.3500","1.8907","79.2108","1.8907"
"151.3750","1.8910","79.2397","1.8910"
"151.4000","1.8913","79.2789","1.8913"
"151.4250","1.8916","79.3178","1.8916"
"151.4500","1.8919","79.3522","1.8919"
"151.4750","1.8922","79.3726","1.8922"
"151.5000","1.8925","79.3866","1.8925"
"151.5250","1.8928","79.4136","1.8928"
"151.5500","1.8932","79.4528","1.8932"
"151.5750","1.8935","79.4931","1.8935"
"151.6000","1.8938","79.5344","1.8938"
"151.6250","1.8941","79.5779","1.8941"
"151.6500","1.8944","79.6188","1.8944"
"151.6750","1.8947","79.6569","1.8947"
"151.7000","1.8950","79.7034","1.8950"
"151.7250","1.8953","79.7619","1.8953"
"151.7500","1.8957","79.8233","1.8957"
"151.7750","1.8960","79.8818","1.8960"
"151.8000","1.8963","79.9326","1.8963"
"151.8250","1.8966","79.9649","1.8966"
"151.8500","1.8969","79.9855","1.8969"
"151.8750","1.8972","80.0109","1.8972"
"151.9000","1.8975","80.0584","1.8975"
"151.9250","1.8978","80.1179","1.8978"
"151.9500","1.8981","80.1863","1.8981"
"151.9750","1.8985","80.2567","1.8985"
"152.0000","1.8988","80.3167","1.8988"
"152.0250","1.8991","80.3572","1.8991"
"152.0500","1.8994","80.3825","1.8994"
"152.0750","1.8997","80.3931","1.8997"
"152.1000","1.9000","80.3947","1.9000"
"152.1250","1.9003","80.3979","1.9003"
"152.1500","1.9006","80.4119","1.9006"
"152.1750","1.9009","80.4179","1.9009"
"152.2000","1.9012","80.4013","1.9012"
"152.2250","1.9014","80.3780","1.9014"
"152.2500","1.9017","80.3564","1.9017"
"152.2750","1.9020","80.3336","1.9020"
"152.3000","1.9023","80.3158","1.9023"
"152.3250","1.9026","80.3173","1.9026"
"152.3500","1.9029","80.3427","1.9029"
"152.3750","1.9032","80.3876","1.9032"
"152.4000","1.9035","80.4379","1.9035"
"152.4250","1.9038","80.5021","1.9038"
"152.4500","1.9041","80.5638","1.9041"
"152.4750","1.9044","80.6174","1.9044"
"152.5000","1.9048","80.6540","1.9048"
"152.5250","1.9051","80.6827","1.9051"
"152.5500","1.9054","80.7173","1.9054"
"152.5750","1.9057","80.7485","1.9057"
"152.6000","1.9060","80.7783","1.9060"
"152.6250","1.9063","80.8060","1.9063"
"152.6500","1.9066","80.8351","1.9066"
"152.6750","1.9069","80.8645","1.9069"
"152.7000","1.9072","80.9134","1.9072"
"152.7250","1.9075","80.9613","1.9075"
"152.7500","1.9078","81.0141","1.9078"
"152.7750","1.9081","81.0767","1.9081"
"152.8000","1.9085","81.1502","1.9085"
"152.8250","1.9088","81.2149","1.9088"
"152.8500","1.9091","81.2711","1.9091"
"152.8750","1.9094","81.3172","1.9094"
"152.9000","1.9097","81.3448","1.9097"
"152.9250","1.9100","81.3669","1.9100"
"152.9500","1.9103","81.3962","1.9103"
"152.9750","1.9106","81.4104","1.9106"
"153.0000","1.9109","81.4043","1.9109"
"153.0250","1.9112","81.3915","1.9112"
"153.0500","1.9115","81.3920","1.9115"
"153.0750","1.9118","81.4211","1.9118"
"153.1000","1.9122","81.4669","1.9122"
"153.1250","1.9125","81.5260","1.9125"
"153.1500","1.9128","81.5866","1.9128"
"153.1750","1.9131","81.6554","1.9131"
"153.2000","1.9134","81.7332","1.9134"
"153.2250","1.9138","81.8072","1.9138"
"153.2500","1.9141","81.8726","1.9141"
"153.2750","1.9144","81.9130","1.9144"
"153.3000","1.9147","81.9484","1.9147"
"153.3250","1.9150","81.9906","1.9150"
"153.3500","1.9153","82.0349","1.9153"
"153.3750","1.9157","82.0749","1.9157"
"153.4000","1.9160","82.1133","1.9160"
"153.4250","1.9163","82.1606","1.9163"
"153.4500","1.9166","82.2132","1.9166"
"153.4750","1.9169","82.2622","1.9169"
"153.5000","1.9172","82.2913","1.9172"
"153.5250","1.9175","82.3085","1.9175"
"153.5500","1.9179","82.3414","1.9179"
"153.5750","1.9182","82.3652","1.9182"
"153.6000","1.9185","82.3685","1.9185"
"153.6250","1.9188","82.3560","1.9188"
"153.6500","1.9191","82.3528","1.9191"
"153.6750","1.9194","82.3666","1.9194"
"153.7000","1.9197","82.3737","1.9197"
"153.7250","1.9200","82.3830","1.9200"
"153.7500","1.9203","82.4069","1.9203"
"153.7750","1.9206","82.4469","1.9206"
"153.8000","1.9209","82.4831","1.9209"
"153.8250","1.9212","82.5088","1.9212"
"153.8500","1.9216","82.5470","1.9216"
"153.8750","1.9219","82.5896","1.9219"
"153.9000","1.9222","82.6229","1.9222"
"153.9250","1.9225","82.6467","1.9225"
"153.9500","1.9228","82.6679","1.9228"
"153.9750","1.9231","82.6923","1.9231"
"154.0000","1.9235","82.7187","1.9235"
"154.0250","1.9238","82.7350","1.9238"
"154.0500","1.9241","82.7303","1.9241"
"154.0750","1.9244","82.7307","1.9244"
"154.1000","1.9247","82.7485","1.9247"
"154.1250","1.9250","82.7707","1.9250"
"154.1500","1.9253","82.7870","1.9253"
"154.1750","1.9256","82.7953","1.9256"
"154.2000","1.9260","82.7993","1.9260"
"154.2250","1.9263","82.8157","1.9263"
"154.2500","1.9266","82.8449","1.9266"
"154.2750","1.9269","82.8545","1.9269"
"154.3000","1.9272","82.8584","1.9272"
"154.3250","1.9275","82.8701","1.9275"
"154.3500","1.9278","82.8794","1.9278"
"154.3750","1.9282","82.8859","1.9282"
"154.4000","1.9285","82.8937","1.9285"
"154.4250","1.9288","82.8884","1.9288"
"154.4500","1.9291","82.8894","1.9291"
"154.4750","1.9294","82.8972","1.9294"
"154.5000","1.9297","82.9058","1.9297"
"154.5250","1.9300","82.8994","1.9300"
"154.5500","1.9303","82.8920","1.9303"
"154.5750","1.9307","82.8837","1.9307"
"154.6000","1.9310","82.8832","1.9310"
"154.6250","1.9313","82.8722","1.9313"
"154.6500","1.9316","82.8527","1.9316"
"154.6750","1.9319","82.8297","1.9319"
"154.7000","1.9322","82.8078","1.9322"
"154.7250","1.9325","82.7935","1.9325"
"154.7500","1.9328","82.7840","1.9328"
"154.7750","1.9331","82.7861","1.9331"
"154.8000","1.9334","82.8045","1.9334"
"154.8250","1.9337","82.8206","1.9337"
"154.8500","1.9340","82.8345","1.9340"
"154.8750","1.9343","82.8862","1.9343"
"154.9000","1.9347","82.9709","1.9347"
"154.9250","1.9350","83.0402","1.9350"
"154.9500","1.9353","83.0740","1.9353"
"154.9750","1.9356","83.0869","1.9356"
"155.0000","1.9359","83.0616","1.9359"
"155.0250","1.9362","83.0215","1.9362"
"155.0500","1.9365","83.0089","1.9365"
"155.0750","1.9368","83.0364","1.9368"
"155.1000","1.9371","83.1007","1.9371"
"155.1250","1.9375","83.1796","1.9375"
"155.1500","1.9378","83.2426","1.9378"
"155.1750","1.9381","83.3046","1.9381"
"155.2000","1.9384","83.3690","1.9384"
"155.2250","1.9388","83.4343","1.9388"
"155.2500","1.9391","83.4780","1.9391"
"155.2750","1.9394","83.4984","1.9394"
"155.3000","1.9397","83.5362","1.9397"
"155.3250","1.9400","83.5832","1.9400"
"155.3500","1.9403","83.6272","1.9403"
"155.3750","1.9407","83.6748","1.9407"
"155.4000","1.9410","83.7242","1.9410"
"155.4250","1.9413","83.7900","1.9413"
"155.4500","1.9416","83.8584","1.9416"
"155.4750","1.9420","83.9220","1.9420"
"155.5000","1.9423","83.9695","1.9423"
"155.5250","1.9426","84.0024","1.9426"
"155.5500","1.9429","84.0260","1.9429"
"155.5750","1.9432","84.0495","1.9432"
"155.6000","1.9435","84.0735","1.9435"
"155.6250","1.9438","84.1078","1.9438"
"155.6500","1.9442","84.1496","1.9442"
"155.6750","1.9445","84.1956","1.9445"
"155.7000","1.9448","84.2353","1.9448"
"155.7250","1.9451","84.2865","1.9451"
"155.7500","1.9454","84.3400","1.9454"
"155.7750","1.9457","84.3899","1.9457"
"155.8000","1.9461","84.4363","1.9461"
"155.8250","1.9464","84.4879","1.9464"
"155.8500","1.9467","84.5384","1.9467"
"155.8750","1.9470","84.5834","1.9470"
"155.9000","1.9473","84.6259","1.9473"
"155.9250","1.9477","84.6722","1.9477"
"155.9500","1.9480","84.7232","1.9480"
"155.9750","1.9483","84.7781","1.9483"
"156.0000","1.9486","84.8352","1.9486"
"156.0250","1.9489","84.8769","1.9489"
"156.0500","1.9492","84.9187","1.9492"
"156.0750","1.9495","84.9571","1.9495"
"156.1000","1.9499","84.9947","1.9499"
"156.1250","1.9502","85.0398","1.9502"
"156.1500","1.9505","85.0896","1.9505"
"156.1750","1.9508","85.1431","1.9508"
"156.2000","1.9511","85.1953","1.9511"
"156.2250","1.9514","85.2592","1.9514"
"156.2500","1.9518","85.3311","1.9518"
"156.2750","1.9521","85.4079","1.9521"
"156.3000","1.9524","85.4784","1.9524"
"156.3250","1.9527","85.5587","1.9527"
"156.3500","1.9531","85.6561","1.9531"
"156.3750","1.9534","85.7696","1.9534"
"156.4000","1.9537","85.9109","1.9537"
"156.4250","1.9541","86.0744","1.9541"
"156.4500","1.9544","86.2216","1.9544"
"156.4750","1.9548","86.3390","1.9548"
"156.5000","1.9551","86.4236","1.9551"
"156.5250","1.9554","86.4700","1.9554"
"156.5500","1.9557","86.4923","1.9557"
"156.5750","1.9560","86.5169","1.9560"
"156.6000","1.9563","86.5387","1.9563"
"156.6250","1.9567","86.5515","1.9567"
"156.6500","1.9570","86.5707","1.9570"
"156.6750","1.9573","86.5747","1.9573"
"156.7000","1.9576","86.5798","1.9576"
"156.7250","1.9579","86.5911","1.9579"
"156.7500","1.9582","86.6250","1.9582"
"156.7750","1.9585","86.6618","1.9585"
"156.8000","1.9588","86.6996","1.9588"
"156.8250","1.9591","86.7589","1.9591"
"156.8500","1.9594","86.8346","1.9594"
"156.8750","1.9597","86.9062","1.9597"
"156.9000","1.9601","86.9763","1.9601"
"156.9250","1.9604","87.0441","1.9604"
"156.9500","1.9607","87.1026","1.9607"
"156.9750","1.9610","87.1599","1.9610"
"157.0000","1.9613","87.2215","1.9613"
"157.0250","1.9616","87.2773","1.9616"
"157.0500","1.9619","87.3279","1.9619"
"157.0750","1.9623","87.3914","1.9623"
"157.1000","1.9626","87.4481","1.9626"
"157.1250","1.9629","87.4989","1.9629"
"157.1500","1.9632","87.5378","1.9632"
"157.1750","1.9635","87.5542","1.9635"
"157.2000","1.9638","87.5637","1.9638"
"157.2250","1.9641","87.5878","1.9641"
"157.2500","1.9644","87.6149","1.9644"
"157.2750","1.9647","87.6364","1.9647"
"157.3000","1.9650","87.6686","1.9650"
"157.3250","1.9653","87.7088","1.9653"
"157.3500","1.9656","87.7527","1.9656"
"157.3750","1.9659","87.8081","1.9659"
"157.4000","1.9662","87.8693","1.9662"
"157.4250","1.9666","87.9409","1.9666"
"157.4500","1.9669","88.0098","1.9669"
"157.4750","1.9672","88.0649","1.9672"
"157.5000","1.9675","88.1008","1.9675"
"157.5250","1.9678","88.1124","1.9678"
"157.5500","1.9681","88.1189","1.9681"
"157.5750","1.9684","88.1405","1.9684"
"157.6000","1.9687","88.1704","1.9687"
"157.6250","1.9690","88.1976","1.9690"
"157.6500","1.9693","88.2224","1.9693"
"157.6750","1.9696","88.2407","1.9696"
"157.7000","1.9699","88.2539","1.9699"
"157.7250","1.9703","88.2860","1.9703"
"157.7500","1.9706","88.3149","1.9706"
"157.7750","1.9709","88.3276","1.9709"
"157.8000","1.9712","88.3333","1.9712"
"157.8250","1.9715","88.3436","1.9715"
"157.8500","1.9718","88.3508","1.9718"
"157.8750","1.9721","88.3555","1.9721"
"157.9000","1.9724","88.3496","1.9724"
"157.9250","1.9726","88.3543","1.9726"
"157.9500","1.9729","88.3808","1.9729"
"157.9750","1.9733","88.4096","1.9733"
"158.0000","1.9736","88.4537","1.9736"
"158.0250","1.9739","88.5181","1.9739"
"158.0500","1.9742","88.6021","1.9742"
"158.0750","1.9745","88.6794","1.9745"
"158.1000","1.9748","88.7389","1.9748"
"158.1250","1.9751","88.7951","1.9751"
"158.1500","1.9754","88.8655","1.9754"
"158.1750","1.9758","88.9475","1.9758"
"158.2000","1.9761","89.0334","1.9761"
"158.2250","1.9764","89.1297","1.9764"
"158.2500","1.9767","89.2228","1.9767"
"158.2750","1.9771","89.3190","1.9771"
"158.3000","1.9774","89.4060","1.9774"
"158.3250","1.9777","89.4707","1.9777"
"158.3500","1.9780","89.5221","1.9780"
"158.3750","1.9783","89.5659","1.9783"
"158.4000","1.9786","89.5968","1.9786"
"158.4250","1.9789","89.6310","1.9789"
"158.4500","1.9792","89.6708","1.9792"
"158.4750","1.9795","89.7296","1.9795"
"158.5000","1.9798","89.8119","1.9798"
"158.5250","1.9801","89.9116","1.9801"
"158.5500","1.9805","90.0198","1.9805"
"158.5750","1.9808","90.1243","1.9808"
"158.6000","1.9811","90.2192","1.9811"
"158.6250","1.9814","90.2911","1.9814"
"158.6500","1.9817","90.3634","1.9817"
"158.6750","1.9821","90.4392","1.9821"
"158.7000","1.9824","90.5130","1.9824"
"158.7250","1.9827","90.5896","1.9827"
"158.7500","1.9830","90.6690","1.9830"
"158.7750","1.9833","90.7540","1.9833"
"158.8000","1.9836","90.8474","1.9836"
"158.8250","1.9840","90.9407","1.9840"
"158.8500","1.9843","91.0426","1.9843"
"158.8750","1.9846","91.1533","1.9846"
"158.9000","1.9849","91.2844","1.9849"
"158.9250","1.9853","91.4311","1.9853"
"158.9500","1.9856","91.5852","1.9856"
"158.9750","1.9860","91.7357","1.9860"
"159.0000","1.9863","91.8543","1.9863"
"159.0250","1.9866","91.9451","1.9866"
"159.0500","1.9869","92.0155","1.9869"
"159.0750","1.9873","92.0653","1.9873"
"159.1000","1.9876","92.1018","1.9876"
"159.1250","1.9879","92.1345","1.9879"
"159.1500","1.9882","92.1678","1.9882"
"159.1750","1.9885","92.2062","1.9885"
"159.2000","1.9888","92.2583","1.9888"
"159.2250","1.9891","92.3249","1.9891"
"159.2500","1.9894","92.4043","1.9894"
"159.2750","1.9897","92.4891","1.9897"
"159.3000","1.9901","92.5759","1.9901"
"159.3250","1.9904","92.6521","1.9904"
"159.3500","1.9907","92.7277","1.9907"
"159.3750","1.9910","92.7959","1.9910"
"159.4000","1.9913","92.8641","1.9913"
"159.4250","1.9916","92.9261","1.9916"
"159.4500","1.9919","92.9814","1.9919"
"159.4750","1.9922","93.0341","1.9922"
"159.5000","1.9925","93.0891","1.9925"
"159.5250","1.9929","93.1601","1.9929"
"159.5500","1.9932","93.2545","1.9932"
"159.5750","1.9935","93.3675","1.9935"
"159.6000","1.9938","93.4818","1.9938"
"159.6250","1.9942","93.5827","1.9942"
"159.6500","1.9945","93.6613","1.9945"
"159.6750","1.9948","93.7145","1.9948"
"159.7000","1.9951","93.7486","1.9951"
"159.7250","1.9954","93.7773","1.9954"
"159.7500","1.9957","93.8044","1.9957"
"159.7750","1.9960","93.8354","1.9960"
"159.8000","1.9963","93.8642","1.9963"
"159.8250","1.9966","93.9024","1.9966"
"159.8500","1.9969","93.9533","1.9969"
"159.8750","1.9972","94.0301","1.9972"
"159.9000","1.9975","94.1232","1.9975"
"159.9250","1.9978","94.2162","1.9978"
"159.9500","1.9982","94.3044","1.9982"
"159.9750","1.9985","94.3880","1.9985"
"160.0000","1.9988","94.4652","1.9988"
"160.0250","1.9991","94.5277","1.9991"
"160.0500","1.9994","94.5808","1.9994"
"160.0750","1.9997","94.6273","1.9997"
"160.1000","2.0000","94.6720","2.0000"
"160.1250","2.0003","94.7239","2.0003"
"160.1500","2.0006","94.7781","2.0006"
"160.1750","2.0009","94.8333","2.0009"
"160.2000","2.0012","94.8924","2.0012"
"160.2250","2.0015","94.9558","2.0015"
"160.2500","2.0018","95.0309","2.0018"
"160.2750","2.0021","95.1103","2.0021"
"160.3000","2.0025","95.1930","2.0025"
"160.3250","2.0028","95.2689","2.0028"
"160.3500","2.0031","95.3459","2.0031"
"160.3750","2.0034","95.4172","2.0034"
"160.4000","2.0037","95.4862","2.0037"
"160.4250","2.0040","95.5470","2.0040"
"160.4500","2.0043","95.6062","2.0043"
"160.4750","2.0046","95.6650","2.0046"
"160.5000","2.0049","95.7150","2.0049"
"160.5250","2.0052","95.7704","2.0052"
"160.5500","2.0055","95.8599","2.0055"
"160.5750","2.0058","95.9632","2.0058"
"160.6000","2.0062","96.0633","2.0062"
"160.6250","2.0065","96.1627","2.0065"
"160.6500","2.0068","96.2627","2.0068"
"160.6750","2.0071","96.3608","2.0071"
"160.7000","2.0075","96.4752","2.0075"
"160.7250","2.0078","96.5927","2.0078"
"160.7500","2.0081","96.7079","2.0081"
"160.7750","2.0085","96.8131","2.0085"
"160.8000","2.0088","96.8981","2.0088"
"160.8250","2.0091","96.9598","2.0091"
"160.8500","2.0094","97.0223","2.0094"
"160.8750","2.0097","97.0788","2.0097"
"160.9000","2.0100","97.1379","2.0100"
"160.9250","2.0103","97.1944","2.0103"
"160.9500","2.0106","97.2615","2.0106"
"160.9750","2.0110","97.3376","2.0110"
"161.0000","2.0113","97.4234","2.0113"
"161.0250","2.0116","97.5182","2.0116"
"161.0500","2.0119","97.6030","2.0119"
"161.0750","2.0122","97.6762","2.0122"
"161.1000","2.0126","97.7471","2.0126"
"161.1250","2.0129","97.8258","2.0129"
"161.1500","2.0132","97.9060","2.0132"
"161.1750","2.0135","97.9718","2.0135"
"161.2000","2.0138","98.0331","2.0138"
"161.2250","2.0141","98.0875","2.0141"
"161.2500","2.0144","98.1345","2.0144"
"161.2750","2.0148","98.1874","2.0148"
"161.3000","2.0151","98.2470","2.0151"
"161.3250","2.0154","98.3279","2.0154"
"161.3500","2.0157","98.4327","2.0157"
"161.3750","2.0160","98.5340","2.0160"
"161.4000","2.0163","98.6170","2.0163"
"161.4250","2.0167","98.6934","2.0167"
"161.4500","2.0170","98.7706","2.0170"
"161.4750","2.0173","98.8380","2.0173"
"161.5000","2.0176","98.8933","2.0176"
"161.5250","2.0179","98.9491","2.0179"
"161.5500","2.0182","98.9901","2.0182"
"161.5750","2.0185","99.0257","2.0185"
"161.6000","2.0188","99.0485","2.0188"
"161.6250","2.0191","99.0666","2.0191"
"161.6500","2.0194","99.0936","2.0194"
"161.6750","2.0197","99.1325","2.0197"
"161.7000","2.0200","99.1792","2.0200"
"161.7250","2.0203","99.2517","2.0203"
"161.7500","2.0206","99.3444","2.0206"
"161.7750","2.0209","99.4441","2.0209"
"161.8000","2.0212","99.5354","2.0212"
"161.8250","2.0215","99.6144","2.0215"
"161.8500","2.0218","99.6963","2.0218"
"161.8750","2.0222","99.7750","2.0222"
"161.9000","2.0225","99.8339","2.0225"
"161.9250","2.0228","99.8825","2.0228"
"161.9500","2.0231","99.9350","2.0231"
"161.9750","2.0234","99.9890","2.0234"
"162.0000","2.0237","100.0391","2.0237"
"162.0250","2.0239","100.0723","2.0239"
"162.0500","2.0242","100.0978","2.0242"
"162.0750","2.0245","100.1287","2.0245"
"162.1000","2.0248","100.1844","2.0248"
"162.1250","2.0251","100.2621","2.0251"
"162.1500","2.0254","100.3567","2.0254"
"162.1750","2.0257","100.4580","2.0257"
"162.2000","2.0261","100.5621","2.0261"
"162.2250","2.0264","100.6725","2.0264"
"162.2500","2.0267","100.7836","2.0267"
"162.2750","2.0270","100.8831","2.0270"
"162.3000","2.0273","100.9855","2.0273"
"162.3250","2.0276","101.1011","2.0276"
"162.3500","2.0280","101.2141","2.0280"
"162.3750","2.0283","101.3054","2.0283"
"162.4000","2.0286","101.3834","2.0286"
"162.4250","2.0289","101.4647","2.0289"
"162.4500","2.0292","101.5520","2.0292"
"162.4750","2.0295","101.6373","2.0295"
"162.5000","2.0298","101.7218","2.0298"
"162.5250","2.0301","101.8118","2.0301"
"162.5500","2.0304","101.9234","2.0304"
"162.5750","2.0307","102.0496","2.0307"
"162.6000","2.0311","102.1721","2.0311"
"162.6250","2.0314","102.2676","2.0314"
"162.6500","2.0317","102.3505","2.0317"
"162.6750","2.0320","102.4324","2.0320"
"162.7000","2.0323","102.5249","2.0323"
"162.7250","2.0326","102.6349","2.0326"
"162.7500","2.0329","102.7223","2.0329"
"162.7750","2.0332","102.7948","2.0332"
"162.8000","2.0335","102.8610","2.0335"
"162.8250","2.0338","102.9272","2.0338"
"162.8500","2.0341","102.9980","2.0341"
"162.8750","2.0344","103.0799","2.0344"
"162.9000","2.0348","103.2096","2.0348"
"162.9250","2.0351","103.3553","2.0351"
"162.9500","2.0354","103.4667","2.0354"
"162.9750","2.0357","103.5506","2.0357"
"163.0000","2.0360","103.6318","2.0360"
"163.0250","2.0363","103.7333","2.0363"
"163.0500","2.0367","103.8303","2.0367"
"163.0750","2.0370","103.9052","2.0370"
"163.1000","2.0373","103.9678","2.0373"
"163.1250","2.0376","104.0239","2.0376"
"163.1500","2.0379","104.0705","2.0379"
"163.1750","2.0382","104.1135","2.0382"
"163.2000","2.0385","104.1548","2.0385"
"163.2250","2.0388","104.2069","2.0388"
"163.2500","2.0391","104.2649","2.0391"
"163.2750","2.0394","104.3380","2.0394"
"163.3000","2.0397","104.4227","2.0397"
"163.3250","2.0400","104.5072","2.0400"
"163.3500","2.0403","104.5847","2.0403"
"163.3750","2.0406","104.6621","2.0406"
"163.4000","2.0409","104.7326","2.0409"
"163.4250","2.0413","104.7868","2.0413"
"163.4500","2.0416","104.8365","2.0416"
"163.4750","2.0419","104.9094","2.0419"
"163.5000","2.0422","105.0151","2.0422"
"163.5250","2.0425","105.1370","2.0425"
"163.5500","2.0428","105.2623","2.0428"
"163.5750","2.0432","105.3892","2.0432"
"163.6000","2.0435","105.4978","2.0435"
"163.6250","2.0438","105.5895","2.0438"
"163.6500","2.0441","105.6844","2.0441"
"163.6750","2.0445","105.7833","2.0445"
"163.7000","2.0448","105.8630","2.0448"
"163.7250","2.0451","105.9313","2.0451"
"163.7500","2.0454","105.9914","2.0454"
"163.7750","2.0457","106.0613","2.0457"
"163.8000","2.0460","106.1410","2.0460"
"163.8250","2.0463","106.2271","2.0463"
"163.8500","2.0467","106.3242","2.0467"
"163.8750","2.0470","106.4249","2.0470"
"163.9000","2.0473","106.5224","2.0473"
"163.9250","2.0476","106.6205","2.0476"
"163.9500","2.0479","106.7042","2.0479"
"163.9750","2.0483","106.7572","2.0483"
"164.0000","2.0486","106.8062","2.0486"
"164.0250","2.0489","106.8726","2.0489"
"164.0500","2.0492","106.9663","2.0492"
"164.0750","2.0495","107.0590","2.0495"
"164.1000","2.0499","107.1399","2.0499"
"164.1250","2.0502","107.2023","2.0502"
"164.1500","2.0505","107.2495","2.0505"
"164.1750","2.0508","107.2979","2.0508"
"164.2000","2.0511","107.3538","2.0511"
"164.2250","2.0514","107.4208","2.0514"
"164.2500","2.0517","107.4907","2.0517"
"164.2750","2.0520","107.5645","2.0520"
"164.3000","2.0524","107.6502","2.0524"
"164.3250","2.0527","107.7474","2.0527"
"164.3500","2.0530","107.8540","2.0530"
"164.3750","2.0533","107.9557","2.0533"
"164.4000","2.0537","108.0566","2.0537"
"164.4250","2.0540","108.1830","2.0540"
"164.4500","2.0543","108.3183","2.0543"
"164.4750","2.0547","108.4535","2.0547"
"164.5000","2.0550","108.5838","2.0550"
"164.5250","2.0554","108.6987","2.0554"
"164.5500","2.0557","108.7943","2.0557"
"164.5750","2.0560","108.8782","2.0560"
"164.6000","2.0563","108.9452","2.0563"
"164.6250","2.0566","108.9997","2.0566"
"164.6500","2.0569","109.0542","2.0569"
"164.6750","2.0572","109.1150","2.0572"
"164.7000","2.0576","109.1705","2.0576"
"164.7250","2.0579","109.2327","2.0579"
"164.7500","2.0582","109.2986","2.0582"
"164.7750","2.0585","109.3550","2.0585"
"164.8000","2.0588","109.4033","2.0588"
"164.8250","2.0591","109.4535","2.0591"
"164.8500","2.0594","109.5086","2.0594"
"164.8750","2.0597","109.5708","2.0597"
"164.9000","2.0600","109.6540","2.0600"
"164.9250","2.0603","109.7406","2.0603"
"164.9500","2.0606","109.8474","2.0606"
"164.9750","2.0609","109.9530","2.0609"
"165.0000","2.0613","110.0659","2.0613"
"165.0250","2.0616","110.1706","2.0616"
"165.0500","2.0619","110.2717","2.0619"
"165.0750","2.0622","110.3684","2.0622"
"165.1000","2.0625","110.4562","2.0625"
"165.1250","2.0628","110.5520","2.0628"
"165.1500","2.0631","110.6424","2.0631"
"165.1750","2.0634","110.7279","2.0634"
"165.2000","2.0637","110.8068","2.0637"
"165.2250","2.0641","110.8823","2.0641"
"165.2500","2.0644","110.9645","2.0644"
"165.2750","2.0647","111.0427","2.0647"
"165.3000","2.0650","111.1160","2.0650"
"165.3250","2.0653","111.1811","2.0653"
"165.3500","2.0656","111.2481","2.0656"
"165.3750","2.0659","111.3141","2.0659"
"165.4000","2.0662","111.3790","2.0662"
"165.4250","2.0665","111.4454","2.0665"
"165.4500","2.0668","111.5101","2.0668"
"165.4750","2.0671","111.5734","2.0671"
"165.5000","2.0674","111.6330","2.0674"
"165.5250","2.0677","111.6846","2.0677"
"165.5500","2.0680","111.7353","2.0680"
"165.5750","2.0683","111.8075","2.0683"
"165.6000","2.0686","111.8983","2.0686"
"165.6250","2.0689","112.0032","2.0689"
"165.6500","2.0692","112.1151","2.0692"
"165.6750","2.0695","112.2299","2.0695"
"165.7000","2.0698","112.3584","2.0698"
"165.7250","2.0701","112.4903","2.0701"
"165.7500","2.0705","112.6243","2.0705"
"165.7750","2.0708","112.7475","2.0708"
"165.8000","2.0711","112.8655","2.0711"
"165.8250","2.0714","112.9702","2.0714"
"165.8500","2.0717","113.0721","2.0717"
"165.8750","2.0720","113.1772","2.0720"
"165.9000","2.0723","113.2543","2.0723"
"165.9250","2.0726","113.3136","2.0726"
"165.9500","2.0729","113.4111","2.0729"
"165.9750","2.0733","113.5329","2.0733"
"166.0000","2.0736","113.6391","2.0736"
"166.0250","2.0739","113.7224","2.0739"
"166.0500","2.0742","113.8119","2.0742"
"166.0750","2.0745","113.9258","2.0745"
"166.1000","2.0748","114.0292","2.0748"
"166.1250","2.0751","114.1310","2.0751"
"166.1500","2.0755","114.2261","2.0755"
"166.1750","2.0758","114.3184","2.0758"
"166.2000","2.0761","114.4020","2.0761"
"166.2250","2.0764","114.4823","2.0764"
"166.2500","2.0767","114.5740","2.0767"
"166.2750","2.0770","114.6702","2.0770"
"166.3000","2.0773","114.7593","2.0773"
"166.3250","2.0776","114.8445","2.0776"
"166.3500","2.0780","114.9373","2.0780"
"166.3750","2.0783","115.0213","2.0783"
"166.4000","2.0786","115.0897","2.0786"
"166.4250","2.0789","115.1537","2.0789"
"166.4500","2.0792","115.2257","2.0792"
"166.4750","2.0795","115.2988","2.0795"
"166.5000","2.0798","115.3781","2.0798"
"166.5250","2.0801","115.4706","2.0801"
"166.5500","2.0804","115.5771","2.0804"
"166.5750","2.0808","115.6773","2.0808"
"166.6000","2.0811","115.7717","2.0811"
"166.6250","2.0814","115.8616","2.0814"
"166.6500","2.0817","115.9521","2.0817"
"166.6750","2.0820","116.0384","2.0820"
"166.7000","2.0823","116.1357","2.0823"
"166.7250","2.0826","116.2186","2.0826"
"166.7500","2.0830","116.3040","2.0830"
"166.7750","2.0833","116.3986","2.0833"
"166.8000","2.0836","116.4957","2.0836"
"166.8250","2.0839","116.5950","2.0839"
"166.8500","2.0842","116.6911","2.0842"
"166.8750","2.0845","116.7972","2.0845"
"166.9000","2.0848","116.9043","2.0848"
"166.9250","2.0852","116.9911","2.0852"
"166.9500","2.0855","117.0845","2.0855"
"166.9750","2.0858","117.1821","2.0858"
"167.0000","2.0861","117.2696","2.0861"
"167.0250","2.0864","117.3551","2.0864"
"167.0500","2.0867","117.4271","2.0867"
"167.0750","2.0870","117.5061","2.0870"
"167.1000","2.0873","117.5892","2.0873"
"167.1250","2.0877","117.6742","2.0877"
"167.1500","2.0880","117.7517","2.0880"
"167.1750","2.0883","117.8322","2.0883"
"167.2000","2.0886","117.9204","2.0886"
"167.2250","2.0889","118.0173","2.0889"
"167.2500","2.0892","118.1010","2.0892"
"167.2750","2.0895","118.2050","2.0895"
"167.3000","2.0899","118.3017","2.0899"
"167.3250","2.0902","118.3906","2.0902"
"167.3500","2.0905","118.4836","2.0905"
"167.3750","2.0908","118.5731","2.0908"
"167.4000","2.0911","118.6634","2.0911"
"167.4250","2.0914","118.7542","2.0914"
"167.4500","2.0918","118.8449","2.0918"
"167.4750","2.0921","118.9370","2.0921"
"167.5000","2.0924","119.0194","2.0924"
"167.5250","2.0927","119.1003","2.0927"
"167.5500","2.0930","119.1788","2.0930"
"167.5750","2.0933","119.2479","2.0933"
"167.6000","2.0936","119.3095","2.0936"
"167.6250","2.0940","119.3759","2.0940"
"167.6500","2.0943","119.4252","2.0943"
"167.6750","2.0946","119.4778","2.0946"
"167.7000","2.0949","119.5239","2.0949"
"167.7250","2.0952","119.5827","2.0952"
"167.7500","2.0955","119.6493","2.0955"
"167.7750","2.0958","119.7158","2.0958"
"167.8000","2.0961","119.8020","2.0961"
"167.8250","2.0964","119.8941","2.0964"
"167.8500","2.0967","119.9935","2.0967"
"167.8750","2.0970","120.1022","2.0970"
"167.9000","2.0974","120.2035","2.0974"
"167.9250","2.0977","120.2906","2.0977"
"167.9500","2.0980","120.3815","2.0980"
"167.9750","2.0983","120.4655","2.0983"
"168.0000","2.0986","120.5440","2.0986"
"168.0250","2.0989","120.6196","2.0989"
"168.0500","2.0992","120.6871","2.0992"
"168.0750","2.0995","120.7384","2.0995"
"168.1000","2.0998","120.7881","2.0998"
"168.1250","2.1001","120.8522","2.1001"
"168.1500","2.1004","120.9306","2.1004"
"168.1750","2.1007","121.0032","2.1007"
"168.2000","2.1010","121.0752","2.1010"
"168.2250","2.1013","121.1528","2.1013"
"168.2500","2.1016","121.2337","2.1016"
"168.2750","2.1019","121.3174","2.1019"
"168.3000","2.1022","121.4227","2.1022"
"168.3250","2.1026","121.5788","2.1026"
"168.3500","2.1029","121.7077","2.1029"
"168.3750","2.1032","121.8246","2.1032"
"168.4000","2.1035","121.9355","2.1035"
"168.4250","2.1038","122.0481","2.1038"
"168.4500","2.1041","122.1400","2.1041"
"168.4750","2.1044","122.2157","2.1044"
"168.5000","2.1047","122.3326","2.1047"
"168.5250","2.1051","122.4750","2.1051"
"168.5500","2.1054","122.5833","2.1054"
"168.5750","2.1057","122.6921","2.1057"
"168.6000","2.1060","122.8296","2.1060"
"168.6250","2.1063","122.9444","2.1063"
"168.6500","2.1066","123.0377","2.1066"
"168.6750","2.1070","123.1246","2.1070"
"168.7000","2.1073","123.1955","2.1073"
"168.7250","2.1076","123.2642","2.1076"
"168.7500","2.1079","123.3525","2.1079"
"168.7750","2.1082","123.4528","2.1082"
"168.8000","2.1085","123.5223","2.1085"
"168.8250","2.1088","123.5951","2.1088"
"168.8500","2.1091","123.6878","2.1091"
"168.8750","2.1094","123.7680","2.1094"
"168.9000","2.1097","123.8554","2.1097"
"168.9250","2.1100","123.9620","2.1100"
"168.9500","2.1103","124.0687","2.1103"
"168.9750","2.1106","124.1879","2.1106"
"169.0000","2.1110","124.3126","2.1110"
"169.0250","2.1113","124.4348","2.1113"
"169.0500","2.1116","124.5372","2.1116"
"169.0750","2.1119","124.6221","2.1119"
"169.1000","2.1122","124.7004","2.1122"
"169.1250","2.1125","124.7838","2.1125"
"169.1500","2.1128","124.8770","2.1128"
"169.1750","2.1131","124.9816","2.1131"
"169.2000","2.1135","125.0857","2.1135"
"169.2250","2.1138","125.2034","2.1138"
"169.2500","2.1141","125.3531","2.1141"
"169.2750","2.1144","125.5008","2.1144"
"169.3000","2.1148","125.6506","2.1148"
"169.3250","2.1151","125.7915","2.1151"
"169.3500","2.1154","125.9194","2.1154"
"169.3750","2.1157","126.0479","2.1157"
"169.4000","2.1161","126.1677","2.1161"
"169.4250","2.1164","126.2779","2.1164"
"169.4500","2.1167","126.3712","2.1167"
"169.4750","2.1170","126.4572","2.1170"
"169.5000","2.1173","126.5473","2.1173"
"169.5250","2.1176","126.6352","2.1176"
"169.5500","2.1179","126.7454","2.1179"
"169.5750","2.1183","126.8667","2.1183"
"169.6000","2.1186","126.9878","2.1186"
"169.6250","2.1189","127.1088","2.1189"
"169.6500","2.1192","127.2305","2.1192"
"169.6750","2.1195","127.3517","2.1195"
"169.7000","2.1198","127.4607","2.1198"
"169.7250","2.1202","127.5698","2.1202"
"169.7500","2.1205","127.6721","2.1205"
"169.7750","2.1208","127.7739","2.1208"
"169.8000","2.1211","127.8851","2.1211"
"169.8250","2.1214","127.9986","2.1214"
"169.8500","2.1217","128.1081","2.1217"
"169.8750","2.1220","128.2211","2.1220"
"169.9000","2.1224","128.3303","2.1224"
"169.9250","2.1227","128.4498","2.1227"
"169.9500","2.1230","128.5658","2.1230"
"169.9750","2.1233","128.6829","2.1233"
"170.0000","2.1236","128.8197","2.1236"
"170.0250","2.1240","128.9611","2.1240"
"170.0500","2.1243","129.1125","2.1243"
"170.0750","2.1246","129.2487","2.1246"
"170.1000","2.1249","129.3872","2.1249"
"170.1250","2.1253","129.5383","2.1253"
"170.1500","2.1256","129.7130","2.1256"
"170.1750","2.1259","129.9012","2.1259"
"170.2000","2.1263","130.0904","2.1263"
"170.2250","2.1266","130.2510","2.1266"
"170.2500","2.1269","130.3645","2.1269"
"170.2750","2.1272","130.4567","2.1272"
"170.3000","2.1276","130.5340","2.1276"
"170.3250","2.1279","130.5961","2.1279"
"170.3500","2.1282","130.6537","2.1282"
"170.3750","2.1285","130.7153","2.1285"
"170.4000","2.1288","130.7856","2.1288"
"170.4250","2.1291","130.8771","2.1291"
"170.4500","2.1294","130.9933","2.1294"
"170.4750","2.1297","131.1120","2.1297"
"170.5000","2.1300","131.2256","2.1300"
"170.5250","2.1303","131.3355","2.1303"
"170.5500","2.1307","131.4391","2.1306"
"170.5750","2.1310","131.5362","2.1310"
"170.6000","2.1313","131.6409","2.1313"
"170.6250","2.1316","131.7498","2.1316"
"170.6500","2.1319","131.8617","2.1319"
"170.6750","2.1322","131.9621","2.1322"
"170.7000","2.1325","132.0667","2.1325"
"170.7250","2.1329","132.1733","2.1329"
"170.7500","2.1332","132.2790","2.1332"
"170.7750","2.1335","132.3680","2.1335"
"170.8000","2.1338","132.4524","2.1338"
"170.8250","2.1341","132.5441","2.1341"
"170.8500","2.1344","132.6404","2.1344"
"170.8750","2.1347","132.7304","2.1347"
"170.9000","2.1350","132.8229","2.1350"
"170.9250","2.1353","132.9224","2.1353"
"170.9500","2.1356","133.0066","2.1356"
"170.9750","2.1360","133.0766","2.1360"
"171.0000","2.1363","133.1375","2.1363"
"171.0250","2.1366","133.2070","2.1366"
"171.0500","2.1369","133.2750","2.1369"
"171.0750","2.1372","133.3505","2.1372"
"171.1000","2.1375","133.4392","2.1375"
"171.1250","2.1378","133.5458","2.1378"
"171.1500","2.1381","133.6618","2.1381"
"171.1750","2.1384","133.7839","2.1384"
"171.2000","2.1387","133.8934","2.1387"
"171.2250","2.1391","134.0197","2.1390"
"171.2500","2.1394","134.1607","2.1394"
"171.2750","2.1397","134.2937","2.1397"
"171.3000","2.1400","134.4207","2.1400"
"171.3250","2.1403","134.5409","2.1403"
"171.3500","2.1406","134.6403","2.1406"
"171.3750","2.1410","134.7131","2.1410"
"171.4000","2.1413","134.7786","2.1413"
"171.4250","2.1416","134.8424","2.1416"
"171.4500","2.1419","134.9301","2.1419"
"171.4750","2.1422","135.0351","2.1422"
"171.5000","2.1425","135.1469","2.1425"
"171.5250","2.1428","135.2591","2.1428"
"171.5500","2.1431","135.3677","2.1431"
"171.5750","2.1434","135.4723","2.1434"
"171.6000","2.1437","135.5741","2.1437"
"171.6250","2.1440","135.6689","2.1440"
"171.6500","2.1443","135.7688","2.1443"
"171.6750","2.1446","135.8606","2.1446"
"171.7000","2.1449","135.9547","2.1449"
"171.7250","2.1452","136.0580","2.1452"
"171.7500","2.1455","136.1635","2.1455"
"171.7750","2.1458","136.2748","2.1458"
"171.8000","2.1461","136.4083","2.1461"
"171.8250","2.1465","136.5552","2.1465"
"171.8500","2.1468","136.7256","2.1468"
"171.8750","2.1471","136.9054","2.1471"
"171.9000","2.1474","137.0894","2.1474"
"171.9250","2.1478","137.2776","2.1478"
"171.9500","2.1481","137.4824","2.1481"
"171.9750","2.1484","137.7009","2.1484"
"172.0000","2.1488","137.9201","2.1488"
"172.0250","2.1491","138.1055","2.1491"
"172.0500","2.1494","138.2617","2.1494"
"172.0750","2.1498","138.4089","2.1498"
"172.1000","2.1501","138.5429","2.1501"
"172.1250","2.1504","138.6803","2.1504"
"172.1500","2.1507","138.8109","2.1507"
"172.1750","2.1510","138.9393","2.1510"
"172.2000","2.1513","139.0817","2.1513"
"172.2250","2.1517","139.2322","2.1517"
"172.2500","2.1520","139.3981","2.1520"
"172.2750","2.1523","139.5639","2.1523"
"172.3000","2.1526","139.7275","2.1526"
"172.3250","2.1530","139.8732","2.1530"
"172.3500","2.1533","140.0157","2.1533"
"172.3750","2.1536","140.1454","2.1536"
"172.4000","2.1539","140.2462","2.1539"
"172.4250","2.1542","140.3418","2.1542"
"172.4500","2.1545","140.4454","2.1545"
"172.4750","2.1548","140.5513","2.1548"
"172.5000","2.1551","140.6702","2.1551"
"172.5250","2.1554","140.8000","2.1554"
"172.5500","2.1558","140.9316","2.1558"
"172.5750","2.1561","141.0605","2.1561"
"172.6000","2.1564","141.1933","2.1564"
"172.6250","2.1567","141.3271","2.1567"
"172.6500","2.1570","141.4613","2.1570"
"172.6750","2.1573","141.6022","2.1573"
"172.7000","2.1576","141.7332","2.1576"
"172.7250","2.1580","141.8505","2.1580"
"172.7500","2.1583","141.9717","2.1583"
"172.7750","2.1586","142.0979","2.1586"
"172.8000","2.1589","142.2110","2.1589"
"172.8250","2.1592","142.3026","2.1592"
"172.8500","2.1595","142.3909","2.1595"
"172.8750","2.1598","142.4982","2.1598"
"172.9000","2.1601","142.6378","2.1601"
"172.9250","2.1604","142.8014","2.1604"
"172.9500","2.1608","142.9609","2.1608"
"172.9750","2.1611","143.0847","2.1611"
"173.0000","2.1614","143.1987","2.1614"
"173.0250","2.1617","143.3155","2.1617"
"173.0350","2.1618","143.3669","2.1618"

